DATE,EURUSD,GBPUSD,USDJPY,USDCHF,USDCAD,AUDUSD,NZDUSD,USDCNY,USDINR
2026-09-18,1.146525979,,,0.8240100145,,,,6.6887998581,
2026-09-17,1.1469862461,,,0.8253200054,,,,6.7059998512,
2026-09-16,1.1537618637,,,0.8190659881,,,,6.7112002373,
2026-09-15,1.1548544168,,,0.8170999885,,,,6.7081999779,
2026-09-14,1.1593934298,,,0.8166499734,,,,6.7080001831,
2026-09-11,1.160995245,1.3524,153.71,0.8132200241,1.3864,0.7174,0.5817,6.706099987,95.55
2026-09-10,1.1633858681,1.3532,154.06,0.8100000024,1.3806,0.7171,0.581,6.7104997635,95.44
2026-09-09,1.1627366543,1.3549,153.5,0.8091099858,1.3805,0.7219,0.5842,6.7104997635,95.09
2026-09-08,1.1627637148,1.3542,154.24,0.8089900017,1.3779,0.7218,0.5855,6.7108001709,94.82
2026-09-07,1.1613997221,,,0.8099300265,,,,6.7108001709,
2026-09-04,1.1628313065,1.3521,156.11,0.8075100183,1.3834,0.7209,0.589,6.7189998627,94.49
2026-09-03,1.1585336924,1.3536,155.39,0.8129799962,1.3782,0.7199,0.5885,6.7189998627,94.49
2026-09-02,1.1595547199,1.3503,158.79,0.8116999865,1.385,0.7169,0.5847,6.7202000618,94.97
2026-09-01,1.1617640257,1.3527,160.03,0.8082000017,1.3902,0.7161,0.5905,6.7259998322,94.95
2026-08-31,1.1588962078,1.355,159.74,0.8088399768,1.3862,0.7166,0.5917,6.7259998322,95.16
2026-08-28,1.1656370163,1.3555,159.97,0.8037599921,1.3895,0.7166,0.5915,6.7255001068,95.38
2026-08-27,1.1654876471,1.36,159.26,0.8050500154,1.3854,0.7198,0.5953,6.7224998474,95.54
2026-08-26,1.1674741507,1.3595,159.36,0.8017200232,1.3876,0.7169,0.5938,6.7203001976,95.43
2026-08-25,1.1668338776,1.3644,159.21,0.8019999862,1.3833,0.716,0.5972,6.7218999863,95.41
2026-08-24,1.1681560278,1.3631,159.17,0.8006299734,1.384,0.7151,0.5957,6.7210001945,95.75
2026-08-21,1.1687841415,1.3644,158.91,0.7995899916,1.3765,0.7178,0.5983,6.7224998474,95.7
2026-08-20,1.1673787832,1.3639,158.85,0.7977700233,1.378,0.712,0.5949,6.7294998169,95.71
2026-08-19,1.1579434872,1.3608,158.45,0.8122400045,1.3821,0.7123,0.593,6.7425999641,95.75
2026-08-18,1.1582788229,1.3543,159.58,0.8105800152,1.3889,0.7097,0.588,6.7399001122,95.68
2026-08-17,1.1582117081,1.3564,159.34,0.8109700084,1.3867,0.7113,0.591,6.7428002357,95.6
2026-08-14,1.1535356045,1.3556,159.21,0.8141199946,1.3872,0.7091,0.5897,6.7428002357,95.43
2026-08-13,1.1530035734,1.3497,159.35,0.8129000068,1.3934,0.7058,0.5848,6.7432999611,95.44
2026-08-12,1.1543744802,1.3511,159.23,0.8110200167,1.3919,0.707,0.5867,6.7449998856,95.33
2026-08-11,1.1546411514,1.3516,159.25,0.8098199964,1.3923,0.7062,0.5882,6.747399807,95.44
2026-08-10,1.1556417942,1.3526,158.9,0.8081700206,1.3927,0.7066,0.5891,6.747399807,95.3
2026-08-07,1.1524720192,1.3498,157.54,0.812409997,1.3933,0.7064,0.5892,6.7487998009,95.21
2026-08-06,1.1557353735,1.3456,158.45,0.8066700101,1.4029,0.7028,0.5867,6.7497000694,95.21
2026-08-05,1.1532428265,1.3462,157.63,0.8091199994,1.4018,0.7051,0.588,6.7532000542,95.14
2026-08-04,1.1507347822,1.3456,157.44,0.810370028,1.4071,0.7038,0.5889,6.7522997856,95.38
2026-08-03,1.1544011831,1.3434,156.96,0.8069999814,1.4039,0.7001,0.5868,6.7508997917,95.34
2026-07-31,1.1523525715,1.347,159.16,0.80576998,1.4028,0.7026,0.5879,6.7550001144,95.38
2026-07-30,1.1467232704,1.3463,159.47,0.8133900166,1.4003,0.7022,0.5876,6.7660999298,95.68
2026-07-29,1.1386538744,1.3288,163.86,0.8194599748,1.4086,0.693,0.5769,6.7709999084,95.65
2026-07-28,1.1369450092,1.3311,163.65,0.8192840219,1.4091,0.6984,0.5798,6.7656998634,95.85
2026-07-27,1.1394972801,1.3304,163.71,0.8162599802,1.411,0.6993,0.578,6.7718000412,95.91
2026-07-24,1.1376823187,1.3344,163.71,0.8168699741,1.4078,0.6996,0.5802,6.7713999748,96.56
2026-07-23,1.141174674,1.3313,163.8,0.8141999841,1.4087,0.6975,0.5776,6.7725000381,96.57
2026-07-22,1.1403808594,1.3378,163.08,0.8123999834,1.4084,0.7,0.5823,6.7656002045,96.57
2026-07-21,1.141813159,1.3374,163.01,0.8100299835,1.4097,0.7008,0.5832,6.7725000381,96.24
2026-07-20,1.1427657604,1.342,162.59,0.8084200025,1.4059,0.7004,0.5847,6.7725000381,96.45
2026-07-17,1.1444659233,1.3446,162.43,0.8083099723,1.4014,0.6985,0.5848,6.7725000381,96.28
2026-07-16,1.1470258236,1.3485,162.42,0.8046600223,1.4033,0.7004,0.5845,6.7681999207,96.35
2026-07-15,1.1424654722,1.3497,162.13,0.8090599775,1.4047,0.6999,0.5839,6.7699999809,96.26
2026-07-14,1.1384334564,1.3383,162.14,0.8147299886,1.4067,0.6974,0.5808,6.7795000076,96.2
2026-07-13,1.1404459476,1.3382,162.32,0.8093600273,1.4138,0.6935,0.5771,6.776599884,95.62
2026-07-10,1.1433405876,1.3421,161.31,0.8065400124,1.4132,0.6959,0.5774,6.7920999527,95.33
2026-07-09,1.1422044039,1.3409,162.29,0.8065500259,1.4163,0.6944,0.5761,6.8024997711,95.39
2026-07-08,1.1403808594,1.3362,162.67,0.8088200092,1.419,0.6911,0.5684,6.7933998108,95.56
2026-07-07,1.1441777945,1.3372,161.91,0.8050799966,1.4194,0.6935,0.5686,6.795800209,94.97
2026-07-06,1.1437721252,1.3369,162.28,0.8037999868,1.4214,0.6944,0.5691,6.788599968,95.4
2026-07-03,1.1422696114,,,0.8044099808,,,,6.788599968,
2026-07-02,1.1377987862,1.3364,160.9,0.8091499805,1.4182,0.6931,0.5707,6.7941999435,95.39
2026-07-01,1.1413310766,1.328,162.41,0.8087000251,1.4205,0.6903,0.5678,6.7936000824,95.25
2026-06-30,1.1422044039,1.3259,162.61,0.8076000214,1.4205,0.6915,0.5676,6.7936000824,94.66
2026-06-29,1.1385631561,1.3255,161.93,0.8100699782,1.421,0.6885,0.565,6.7979998589,94.54
2026-06-26,1.1361699104,1.3223,161.67,0.8105199933,1.4182,0.6907,0.5651,6.7899999619,94.37
2026-06-25,1.1354217529,1.3216,161.67,0.8125799894,1.4191,0.6922,0.5659,6.7899999619,94.4
2026-06-24,1.1379542351,1.316,161.76,0.8097100258,1.4237,0.6895,0.5646,6.7899999619,94.67
2026-06-23,1.1427135468,1.3192,161.55,0.8087999821,1.4198,0.6926,0.5672,6.7744998932,94.74
2026-06-22,1.1462763548,1.3249,161.51,0.8079699874,1.4167,0.7,0.5721,6.768599987,94.68
2026-06-19,1.1458560228,,,0.8048999906,,,,6.768599987,
2026-06-18,1.1507347822,1.3228,161.37,0.7994099855,1.4142,0.7019,0.5758,6.7571997643,94.33
2026-06-17,1.160995245,1.34,160.22,0.793110013,1.403,0.7073,0.5818,6.7571997643,94.53
2026-06-16,1.1594202518,1.3438,160.39,0.7944300175,1.3982,0.7077,0.5841,6.7569999695,94.62
2026-06-15,1.1603081226,1.3426,160.2,0.793900013,1.3984,0.7081,0.5835,6.765999794,94.71
2026-06-12,1.1575949192,1.3414,160.24,0.795050025,1.3971,0.7047,0.5829,6.7754998207,95.11
2026-06-11,1.1535621881,1.3337,160.51,0.7999500036,1.4004,0.6995,0.5779,6.7725000381,95.76
2026-06-10,1.1535356045,1.3392,160.47,0.7992600203,1.3927,0.7022,0.5823,6.7725000381,95.27
2026-06-09,1.1528440714,1.3389,160.23,0.7981699705,1.3957,0.7028,0.5824,6.7716999054,95.35
2026-06-08,1.1522595882,1.3347,160.12,0.7964199781,1.3949,0.7055,0.5817,6.7655000687,95.71
2026-06-05,1.1612648964,1.336,160.26,0.7889000177,1.3931,0.706,0.5809,6.7734999657,94.95
2026-06-04,1.1609412432,1.3441,159.97,0.7910299897,1.3889,0.7143,0.5879,6.7691998482,95.79
2026-06-03,1.16220963,1.3435,159.97,0.7882500291,1.3891,0.7139,0.5871,6.7621998787,95.71
2026-06-02,1.1635483503,1.3481,159.86,0.7861400247,1.3822,0.7186,0.5933,6.7649998665,95.27
2026-06-01,1.1648901701,1.3451,159.66,0.7818599939,1.3837,0.7153,0.5931,6.7662000656,94.99
2026-05-29,1.1652837992,1.3476,159.23,0.7836599946,1.3784,0.7191,0.5992,6.7795000076,95
2026-05-28,1.161790967,1.3438,159.29,0.7878599763,1.3798,0.7159,0.5927,6.7788000107,95.69
2026-05-27,1.1636837721,1.3431,159.47,0.7851099968,1.3829,0.7137,0.5894,6.7859997749,95.69
2026-05-26,1.1637378931,1.3437,159.36,0.7830200195,1.3803,0.7162,0.5835,6.7944998741,95.68
2026-05-25,1.1642256975,,,0.7822899818,,,,6.7944998741,
2026-05-22,1.1604967117,1.3439,159.2,0.7864999771,1.3817,0.7132,0.5855,6.8024997711,95.69
2026-05-21,1.1625338793,1.3407,159.16,0.786920011,1.3788,0.7134,0.5857,6.8004999161,96.2
2026-05-20,1.1607122421,1.3441,158.84,0.7888000011,1.3747,0.7152,0.587,6.814499855,96.82
2026-05-19,1.1611704826,1.3401,159.11,0.7844700217,1.3754,0.7101,0.5832,6.8000001907,96.53
2026-05-18,1.161440134,1.342,158.83,0.7872899771,1.3742,0.716,0.5868,6.80919981,96.35
2026-05-15,1.1662080288,1.3332,158.69,0.7841799855,1.375,0.7151,0.5841,6.7850999832,95.97
2026-05-14,1.171604991,1.348,158.08,0.7814999819,1.3724,0.7225,0.5923,6.7908000946,95.76
2026-05-13,1.1735436916,1.352,157.84,0.7804099917,1.3701,0.7263,0.5937,6.7919998169,95.69
2026-05-12,1.1742602587,1.3528,157.71,0.778159976,1.3712,0.7224,0.5944,6.7947998047,95.63
2026-05-11,1.1768859625,1.3651,157.04,0.7777699828,1.3664,0.7259,0.5969,6.8004999161,95.31
2026-05-08,1.1731581688,1.3625,156.64,0.7802000046,1.3679,0.7242,0.596,6.8014001846,94.49
2026-05-07,1.1747430563,1.3612,156.48,0.778859973,1.3636,0.7241,0.5962,6.8109998703,94.25
2026-05-06,1.1715774536,1.3597,156.44,0.7813799977,1.3621,0.7235,0.5956,6.8301000595,94.61
2026-05-05,1.1691941023,1.3576,157.68,0.7839699984,1.3609,0.7196,0.5903,6.8299999237,95.32
2026-05-04,1.1726628542,1.3535,157.21,0.7811300159,1.3608,0.7167,0.5873,6.8274998665,95.09
2026-05-01,1.1729104519,1.3621,156.76,0.7814000249,1.3575,0.7219,0.5918,6.8273000717,94.9
2026-04-30,1.1684700251,1.358,156.66,0.7905600071,1.3611,0.7184,0.5892,6.8375000954,94.91
2026-04-29,1.1717834473,1.3493,160.23,0.7889900208,1.3671,0.713,0.5837,6.8373999596,94.85
2026-04-28,1.1723467112,1.3513,159.53,0.7852900028,1.3671,0.7181,0.589,6.8228001595,94.54
2026-04-27,1.1706448793,1.3553,159.29,0.7863000035,1.3616,0.7193,0.5918,6.8358998299,94.19
2026-04-24,1.1683880091,1.3518,159.35,0.7862399817,1.3675,0.7154,0.5881,6.8260002136,94.25
2026-04-23,1.1706037521,1.3495,159.44,0.7848200202,1.3682,0.7156,0.5879,6.8242001534,94.11
2026-04-22,1.1744257212,1.3505,159.49,0.7805500031,1.3659,0.7162,0.591,6.8207998276,93.79
2026-04-21,1.1784392595,1.3512,159.39,0.7785099745,1.3642,0.7164,0.5905,6.8173999786,93.5
2026-04-20,1.1741223335,1.3542,158.66,0.7836599946,1.3649,0.7175,0.5892,6.8169999123,93.13
2026-04-17,1.1782727242,1.3556,158.1,0.7832000256,1.3667,0.7192,0.591,6.821100235,92.9
2026-04-16,1.1809163094,1.354,159.07,0.7813100219,1.3706,0.717,0.5896,6.8179998398,93.2
2026-04-15,1.1799409389,1.3569,159.02,0.7809100151,1.374,0.7161,0.5908,6.8157000542,93.37
2026-04-14,1.1768859625,1.3563,158.91,0.7832000256,1.3757,0.7131,0.5907,6.8302998543,93.37
2026-04-13,1.1675150394,1.3459,159.74,0.7926099896,1.3811,0.7063,0.5843,6.8277997971,93.39
2026-04-10,1.1691256762,1.346,159.22,0.7908700109,1.3828,0.7078,0.5842,6.8313999176,92.72
2026-04-09,1.1659359932,1.3443,158.87,0.7914000154,1.3807,0.7086,0.587,6.8287000656,92.69
2026-04-08,1.1686612368,1.3439,158.39,0.7904000282,1.3851,0.7062,0.5836,6.8566999435,92.25
2026-04-07,1.1541212797,1.324,159.9,0.7980999947,1.3905,0.6944,0.5704,6.8822999001,92.96
2026-04-06,1.1509996653,1.3235,159.71,0.8011500239,1.3913,0.6919,0.5719,6.8824000359,93.06
2026-04-03,1.1541746855,1.3202,159.64,0.7986299992,1.3942,0.6894,0.5695,6.8850998878,93.09
2026-04-02,1.1590573788,1.3241,159.34,0.7939500213,1.3917,0.6911,0.5727,6.8705000877,93.09
2026-04-01,1.1574207544,1.3331,158.63,0.797630012,1.3875,0.6944,0.577,6.8941998482,93.21
2026-03-31,1.1460003853,1.3184,159.08,0.7998800278,1.3953,0.6855,0.571,6.9116001129,93.83
2026-03-30,1.1492006779,1.3191,159.49,0.7997999787,1.3921,0.6858,0.5715,6.9116001129,94.41
2026-03-27,1.1535090208,1.3293,160.16,0.7946799994,1.388,0.689,0.5759,6.9106998444,94.83
2026-03-26,1.1561496258,1.3353,159.65,0.7915499806,1.3849,0.6913,0.5779,6.9010000229,93.97
2026-03-25,1.1614671946,1.3373,159.2,0.7879999876,1.3799,0.6962,0.5815,6.8917999268,93.97
2026-03-24,1.1607122421,1.3383,158.9,0.7864000201,1.3764,0.6965,0.5818,6.8800001144,93.86
2026-03-23,1.156015873,1.3385,158.7,0.7878199816,1.3718,0.6995,0.5843,6.8857002258,93.96
2026-03-20,1.1577557325,1.3303,159.26,0.7886999846,1.3731,0.7033,0.584,6.8997998238,93.73
2026-03-19,1.1464471817,1.3361,158.19,0.7926300168,1.3721,0.7036,0.5832,6.8726000786,92.62
2026-03-18,1.1539481878,1.3323,159.48,0.7847700119,1.3697,0.7078,0.584,6.886300087,92.87
2026-03-17,1.1499539614,1.3345,159.03,0.7880499959,1.3706,0.71,0.5858,6.9555001259,92.36
2026-03-16,1.1435105801,1.3302,159.3,0.7899199724,1.3683,0.7055,0.5847,6.8961000443,92.42
2026-03-13,1.152166605,1.324,159.54,0.7853400111,1.3736,0.7004,0.5804,6.8688998222,92.47
2026-03-12,1.1543211937,1.335,159.21,0.7817400098,1.3618,0.7089,0.5869,6.8654999733,92.18
2026-03-11,1.1611299515,1.3399,158.83,0.7785779834,1.3603,0.715,0.5909,6.8765001297,92.03
2026-03-10,1.1617234945,1.346,157.6,0.777880013,1.3562,0.715,0.5956,6.9109997749,91.85
2026-03-09,1.1523259878,1.3395,158.08,0.7812200189,1.3573,0.7046,0.5918,6.8965001106,92.31
2026-03-06,1.1608065367,1.3398,157.64,0.7806599736,1.3599,0.7022,0.5902,6.896999836,91.73
2026-03-05,1.163561821,1.332,157.58,0.7791500092,1.3693,0.7005,0.5892,6.896999836,91.58
2026-03-04,1.1612243652,1.337,156.93,0.7819200158,1.3661,0.7072,0.5934,6.8997001648,92.08
2026-03-03,1.1697274446,1.333,157.69,0.7787100077,1.3662,0.7026,0.5885,6.8819999695,91.47
2026-03-02,1.1759449244,1.3393,157.48,0.7695299983,1.3705,0.7067,0.593,6.8579001427,91.47
2026-02-27,1.1803030968,1.3455,156.05,0.7732300162,1.3632,0.7121,0.6,6.8408999443,91.03
2026-02-26,1.1815164089,1.3504,156.13,0.7721400261,1.3683,0.7092,0.5974,6.8692002296,90.92
2026-02-25,1.1775233746,1.3552,156.3,0.77372998,1.3685,0.7116,0.5992,6.8831000328,90.95
2026-02-24,1.1793843508,1.3531,155.66,0.7742300034,1.3702,0.7067,0.5973,6.9079999924,90.95
2026-02-23,1.1796625853,1.3509,154.3,0.7717000246,1.3685,0.7061,0.5966,6.9079999924,90.88
2026-02-20,1.176913619,1.35,154.99,0.7753400207,1.3688,0.7082,0.5974,6.9081001282,90.98
2026-02-19,1.1788839102,1.3446,154.96,0.7721999884,1.3701,0.705,0.5968,6.9079999924,90.68
2026-02-18,1.185185194,1.3536,154.45,0.7702000141,1.3675,0.7065,0.5986,6.9079999924,90.7
2026-02-17,1.1849884987,1.354,153.57,0.7695999742,1.3652,0.7064,0.6029,6.9079999924,90.63
2026-02-16,1.1867464781,,,0.7682099938,,,,6.9079999924,
2026-02-13,1.186844945,1.3644,152.77,0.7695500255,1.3618,0.7068,0.6036,6.9001002312,90.64
2026-02-12,1.1876062155,1.3632,152.64,0.7711399794,1.3623,0.7097,0.6047,6.9124999046,90.63
2026-02-11,1.1889617443,1.3654,152.93,0.7685700059,1.3569,0.7129,0.6057,6.9106001854,90.69
2026-02-10,1.1904053688,1.3664,154.28,0.7671200037,1.3533,0.7072,0.6046,6.9219999313,90.57
2026-02-09,1.1825782061,1.3667,156.08,0.7758299708,1.357,0.7087,0.6048,6.9387998581,90.77
2026-02-06,1.1777869463,1.3606,157.1,0.777700007,1.3644,0.7014,0.602,6.9377999306,90.65
2026-02-05,1.1801638603,1.3551,156.91,0.7773100138,1.367,0.6974,0.599,6.9373002052,90.33
2026-02-04,1.1816140413,1.3659,156.61,0.775759995,1.3667,0.6996,0.6005,6.9376997948,90.36
2026-02-03,1.1798714399,1.3701,155.7,0.7790099978,1.3644,0.7019,0.605,6.9463000298,90.3
2026-02-02,1.1849182844,1.3654,155.5,0.7735599875,1.3677,0.696,0.601,6.9510002136,91.51
2026-01-30,1.196573019,1.3729,154.34,0.7644100189,1.3557,0.6995,0.6048,6.9479999542,91.98
2026-01-29,1.1977769136,1.3795,152.88,0.7657399774,1.3518,0.701,0.6053,6.9545001984,91.95
2026-01-28,1.201764226,1.3787,153.6,0.763199985,1.3575,0.6993,0.6032,6.9545001984,91.78
2026-01-27,1.1876484156,1.3782,153.03,0.7772399783,1.3598,0.6978,0.6018,6.954199791,91.72
2026-01-26,1.1858457327,1.3699,153.88,0.7778699994,1.3692,0.6933,0.5989,6.9725999832,91.95
2026-01-23,1.1754610538,1.359,157.57,0.7889999747,1.3726,0.6878,0.5929,6.9725999832,91.95
2026-01-22,1.175778985,1.3489,158.36,0.7890599966,1.3799,0.6834,0.5902,6.9636998177,91.62
2026-01-21,1.1727865934,1.343,158.16,0.7894999981,1.3813,0.6765,0.5849,6.9598999023,91.68
2026-01-20,1.1639139652,1.3472,157.89,0.7978900075,1.3821,0.6743,0.5848,6.968100071,91.01
2026-01-19,1.1624933481,,,0.7987200022,,,,6.968100071,
2026-01-16,1.1609008312,1.3384,158.02,0.8034200072,1.392,0.6682,0.5751,6.9660000801,90.87
2026-01-15,1.1646324396,1.3387,158.5,0.7997199893,1.3896,0.6705,0.5743,6.9730000496,90.26
2026-01-14,1.164252758,1.3445,158.13,0.8010100126,1.3871,0.6679,0.575,6.9774999619,90.24
2026-01-13,1.1666978598,1.3436,159.06,0.797360003,1.3885,0.6684,0.5746,6.9731001854,90.19
2026-01-12,1.1623716354,1.3466,158.15,0.80152601,1.3876,0.6716,0.5764,6.9772000313,90.12
2026-01-09,1.1657865047,1.3413,158.07,0.7990099788,1.3893,0.6684,0.5731,6.9835000038,90.16
2026-01-08,1.1676785946,1.343,156.9,0.7976499796,1.3864,0.6694,0.575,6.9965000153,90.02
2026-01-07,1.1688251495,1.3474,156.73,0.7954999804,1.3828,0.6728,0.578,6.983399868,89.9
2026-01-06,1.1714951992,1.3497,156.7,0.7921000123,1.3789,0.6732,0.5779,6.9879999161,90.18
2026-01-05,1.1704667807,1.3527,156.32,0.7933999896,1.3757,0.6718,0.5789,6.9931001663,90.28
2026-01-02,1.1750466824,1.3481,156.72,0.7920299768,1.3738,0.6684,0.5767,6.9960999489,90.19
2026-01-01,1.1753643751,,,0.792050004,,,,6.9925999641,
2025-12-31,1.174729228,1.3447,156.8,0.7917000055,1.3712,0.6669,0.5755,6.9960999489,89.84
2025-12-30,1.177287817,1.348,156.26,0.7886999846,1.3678,0.6703,0.5804,7.0055999756,89.78
2025-12-29,1.1772738695,1.3497,156.1,0.7892400026,1.368,0.669,0.5807,7.0279998779,89.97
2025-12-26,1.1785364151,1.3492,156.63,0.7880499959,1.3662,0.671,0.583,7.0279998779,89.78
2025-12-25,1.1788282394,,,0.7881000042,,,,7.005300045,
2025-12-24,1.179551363,1.3505,155.83,0.7874500155,1.3671,0.6707,0.5837,7.0279998779,89.81
2025-12-23,1.1765950918,1.3485,156.33,0.7914299965,1.3713,0.6694,0.5832,7.0409002304,89.67
2025-12-22,1.1768859625,1.3457,156.93,0.7914000154,1.3744,0.6657,0.5798,7.0409002304,89.64
2025-12-19,1.1725666523,1.3379,157.43,0.7940099835,1.378,0.6617,0.576,7.040500164,89.54
2025-12-18,1.1742326021,1.3389,155.53,0.7951999903,1.3762,0.6619,0.5781,7.0430002213,90.25
2025-12-17,1.1749500036,1.339,155.6,0.7951999903,1.3791,0.6608,0.5776,7.0416998863,90.4
2025-12-16,1.1754610538,1.3429,154.8,0.7960100174,1.3749,0.6637,0.5794,7.0469999313,91.03
2025-12-15,1.1737639904,1.338,155.29,0.7961400151,1.3765,0.6643,0.5795,7.0539999008,90.7
2025-12-12,1.173943162,1.3351,155.81,0.7947900295,1.3783,0.664,0.5793,7.0578999519,90.41
2025-12-11,1.1701242924,1.3428,155.15,0.7993800044,1.3769,0.6671,0.5819,7.0640001297,90.35
2025-12-10,1.1628313065,1.334,156.33,0.8058999777,1.3834,0.6642,0.5788,7.0633001328,89.98
2025-12-09,1.1641442776,1.332,156.85,0.8066380024,1.3832,0.6653,0.5793,7.0710000992,89.9
2025-12-08,1.1640224457,1.3321,155.89,0.8048499823,1.3846,0.6622,0.5771,7.0696001053,90.12
2025-12-05,1.1642799377,1.3324,155.3,0.8037800193,1.3858,0.6635,0.5771,7.0714001656,89.97
2025-12-04,1.1666841507,1.3355,154.9,0.799759984,1.3939,0.6619,0.5775,7.0636000633,89.97
2025-12-03,1.1669973135,1.3334,155.17,0.7997300029,1.395,0.6592,0.5769,7.0700001717,90.15
2025-12-02,1.1607661247,1.3186,155.92,0.8046000004,1.3988,0.6556,0.5727,7.0717000961,89.92
2025-12-01,1.160146594,1.3229,155.28,0.8033400178,1.3982,0.6554,0.5737,7.0750999451,89.59
2025-11-28,1.1599851847,1.3239,156.17,0.8046000004,1.3974,0.6552,0.5737,7.075799942,89.43
2025-11-27,1.1602139473,,,0.8034899831,,,,7.075799942,
2025-11-26,1.1564837694,1.3228,156.38,0.807980001,1.4051,0.6516,0.5694,7.084499836,89.27
2025-11-25,1.1520073414,1.3174,156.3,0.8086100221,1.4115,0.6453,0.5609,7.1022000313,89.16
2025-11-24,1.1507612467,1.3096,156.94,0.8086699843,1.411,0.6456,0.5607,7.1065998077,89.23
2025-11-21,1.1534557343,1.31,156.58,0.8054800034,1.4094,0.6457,0.5609,7.1075000763,89.54
2025-11-20,1.1540681124,1.3079,157.41,0.8054199815,1.4092,0.6448,0.5597,7.1075000763,88.69
2025-11-19,1.1581177711,1.3077,156.63,0.8001999855,1.4049,0.6468,0.5603,7.1075000763,88.58
2025-11-18,1.1590573788,1.3152,155.44,0.7962399721,1.3996,0.6505,0.5661,7.1075000763,88.6
2025-11-17,1.1615345478,1.3179,155.2,0.7942799926,1.4028,0.6516,0.5674,7.0991997719,88.58
2025-11-14,1.1631964445,1.3156,154.64,0.7932699919,1.4023,0.6549,0.5685,7.1119999886,88.74
2025-11-13,1.1592186689,1.3214,154.4,0.797819972,1.401,0.6553,0.5678,7.1192998886,88.66
2025-11-12,1.1587486267,1.3131,154.64,0.8003299832,1.4,0.6541,0.5663,7.1192998886,88.58
2025-11-11,1.1557220221,,,0.805159986,,,,7.1192998886,
2025-11-10,1.1543878317,1.3157,153.99,0.8051300049,1.4029,0.6522,0.5633,7.1185998917,88.7
2025-11-07,1.154921174,1.3165,153.06,0.8058999777,1.4075,0.6476,0.5617,7.1185998917,88.68
2025-11-06,1.1496764421,1.3107,152.97,0.8097299933,1.4127,0.6468,0.5631,7.1259999275,88.65
2025-11-05,1.1485539675,1.3051,154.11,0.8103299737,1.4108,0.6512,0.5664,7.1294999123,88.66
2025-11-04,1.1519144773,1.3044,153.55,0.8081300259,1.4081,0.6502,0.5666,7.1290001869,88.67
2025-11-03,1.1528042555,1.315,154.13,0.8048999906,1.4049,0.6537,0.5709,7.1168999672,88.78
2025-10-31,1.1572467089,1.3141,154.05,0.8015900254,1.401,0.6546,0.5728,7.1097998619,88.75
2025-10-30,1.1603351831,1.3147,154.17,0.7997999787,1.3982,0.6555,0.5747,7.0989999771,88.64
2025-10-29,1.1657865047,1.3243,151.91,0.7928299904,1.3893,0.6613,0.5798,7.0974998474,88.2
2025-10-28,1.1651751995,1.328,152.14,0.7946100235,1.3937,0.6585,0.578,7.1101999283,88.21
2025-10-27,1.163169384,1.3331,153.09,0.7960500121,1.3995,0.6554,0.5763,7.1210999489,88.24
2025-10-24,1.1618045568,1.3298,152.82,0.7950800061,1.4013,0.6511,0.5748,7.1256999969,87.83
2025-10-23,1.1608469486,1.3323,152.72,0.7960900068,1.3991,0.6516,0.5751,7.1256999969,87.85
2025-10-22,1.1600389481,1.3372,151.79,0.7967000008,1.3978,0.6502,0.5753,7.1217999458,87.92
2025-10-21,1.1644425392,1.3391,151.72,0.7924000025,1.401,0.6499,0.5747,7.1195001602,87.97
2025-10-20,1.1657457352,1.342,150.59,0.7935900092,1.4029,0.6517,0.5751,7.1263999939,87.92
2025-10-17,1.1699601412,1.3425,150.33,0.7918300033,1.4046,0.6486,0.5722,7.123000145,87.99
2025-10-16,1.1646324396,1.3425,150.75,0.7965499759,1.4045,0.6492,0.5732,7.1262001991,87.81
2025-10-15,1.1650937796,1.3396,151.21,0.7965899706,1.4033,0.6514,0.5724,7.1384000778,87.98
2025-10-14,1.1566845179,1.3321,151.77,0.8042899966,1.4041,0.6492,0.5719,7.0999999046,88.76
2025-10-13,1.1602408886,,,0.8023200035,,,,7.0999999046,
2025-10-10,1.1566443443,1.3343,151.94,0.8061699867,1.3997,0.6495,0.5733,7.1275000572,88.72
2025-10-09,1.1631964445,1.3312,153.05,0.8015000224,1.4009,0.6556,0.5745,7.1185002327,88.84
2025-10-08,1.1637378931,1.339,152.72,0.7985900044,1.3953,0.6582,0.5779,7.118999958,88.77
2025-10-07,1.1710287333,1.3441,151.17,0.7949100137,1.3949,0.6587,0.5806,7.118999958,88.72
2025-10-06,1.1712481976,1.3476,150.02,0.7971900105,1.3945,0.662,0.5838,7.118999958,88.79
2025-10-03,1.1725116968,1.3481,147.33,0.7970200181,1.3946,0.6615,0.584,7.118999958,88.78
2025-10-02,1.1734058857,1.3423,147.35,0.7969099879,1.3974,0.6588,0.5813,7.118999958,88.74
2025-10-01,1.173584938,1.3474,147.16,0.7961999774,1.3953,0.6605,0.5811,7.118999958,88.69
2025-09-30,1.1731443405,1.3443,147.97,0.7972000241,1.3927,0.6614,0.5799,7.1194000244,88.78
2025-09-29,1.1708230972,1.3433,148.57,0.7974799871,1.3904,0.6578,0.5786,7.1328001022,88.76
2025-09-26,1.1662759781,1.3404,149.52,0.8000400066,1.3946,0.6546,0.5769,7.1338000298,88.65
2025-09-25,1.1744670868,1.3351,149.78,0.7946599722,1.3923,0.655,0.5777,7.1314997673,88.7
2025-09-24,1.1814465523,1.345,148.71,0.7914299965,1.3894,0.6587,0.5815,7.1115999222,88.73
2025-09-23,1.1801080704,1.3518,147.83,0.7923899889,1.3834,0.6601,0.5858,7.1139998436,88.76
2025-09-22,1.1736950874,1.3505,147.83,0.7962300181,1.3814,0.6591,0.5863,7.1128997803,88.29
2025-09-19,1.1791062355,1.3484,147.83,0.792509973,1.3772,0.6597,0.5859,7.1128997803,88.06
2025-09-18,1.1826341152,1.3552,148.02,0.7883399725,1.3796,0.6613,0.5878,7.1033000946,88.17
2025-09-17,1.1871408224,1.3661,146.36,0.7859100103,1.3761,0.6668,0.5972,7.1142001152,87.77
2025-09-16,1.1763737202,1.3654,146.56,0.7946599722,1.3745,0.6678,0.598,7.1185002327,88.05
2025-09-15,1.1726491451,1.3609,147.27,0.7967000008,1.3797,0.6671,0.5972,7.1241998672,88.22
2025-09-12,1.1734747887,1.3547,147.85,0.7959499955,1.3858,0.6636,0.5948,7.1184000969,88.28
2025-09-11,1.1703435183,1.3568,147.17,0.7986699939,1.383,0.6658,0.5973,7.1206998825,88.44
2025-09-10,1.1702749729,1.3548,147.37,0.7972999811,1.3843,0.6626,0.5954,7.1209001541,88.09
2025-09-09,1.176913619,1.3533,147.23,0.7928100228,1.3834,0.6593,0.5931,7.1293001175,88.12
2025-09-08,1.1713168621,1.355,147.58,0.7991799712,1.382,0.6592,0.5941,7.1325001717,88.25
2025-09-05,1.1656913757,1.3543,146.84,0.8051300049,1.3823,0.657,0.591,7.1413998604,88.25
2025-09-04,1.1660448313,1.3441,148.63,0.8037999868,1.3828,0.6514,0.5838,7.1413998604,88.17
2025-09-03,1.1636025906,1.3448,147.97,0.8052899837,1.3787,0.655,0.5881,7.138999939,88.06
2025-09-02,1.1715912819,1.3392,148.23,0.8048999906,1.3784,0.6516,0.5864,7.1304001808,88.15
2025-09-01,1.1691803932,,,0.800639987,,,,7.1304001808,
2025-08-29,1.1681560278,1.3511,146.9,0.8015900254,1.3726,0.6545,0.5901,7.1529998779,88.18
2025-08-28,1.1647952795,1.3516,146.98,0.8015000224,1.375,0.6532,0.5885,7.1529998779,87.63
2025-08-27,1.1639411449,1.3468,147.75,0.8037599921,1.3825,0.6496,0.5848,7.1519999504,87.74
2025-08-26,1.1618449688,1.3485,147.3,0.8061699867,1.3823,0.65,0.5865,7.1510000229,87.68
2025-08-25,1.1709601879,1.3491,147.61,0.8022599816,1.3829,0.65,0.5867,7.1675000191,87.55
2025-08-22,1.1613053083,1.3528,146.82,0.8086699843,1.3845,0.6485,0.5862,7.1799001694,87.53
2025-08-21,1.1651751995,1.3417,148.35,0.8041399717,1.39,0.6421,0.5818,7.1757001877,87.31
2025-08-20,1.164252758,1.345,147.19,0.8077700138,1.3874,0.6428,0.5822,7.1819000244,87.02
2025-08-19,1.1668338776,1.3496,147.72,0.8074100018,1.3859,0.6459,0.5901,7.1845998764,87.02
2025-08-18,1.1706587076,1.3521,147.76,0.8065999746,1.3815,0.6494,0.5925,7.1817002296,87.3
2025-08-15,1.1651345491,1.3565,147,0.8075199723,1.3808,0.6515,0.593,7.179500103,87.56
2025-08-14,1.1712893248,1.3532,147.69,0.8047199845,1.3806,0.649,0.5916,7.1743001938,87.56
2025-08-13,1.1677058935,1.3572,147.25,0.8061400056,1.3764,0.6546,0.5978,7.1785001755,87.48
2025-08-12,1.1618449688,1.3509,147.8,0.8118000031,1.3762,0.6532,0.5957,7.1876997948,87.71
2025-08-11,1.1647952795,1.3414,147.99,0.8074700236,1.3783,0.6512,0.5936,7.1810002327,87.63
2025-08-08,1.1676650047,1.3444,147.7,0.8056899905,1.3752,0.6528,0.5956,7.1810002327,87.67
2025-08-07,1.1663167477,1.3434,147.35,0.8060500026,1.3749,0.6502,0.5944,7.1827998161,87.71
2025-08-06,1.1579166651,1.336,147.25,0.806919992,1.3739,0.6504,0.5939,7.1834001541,87.71
2025-08-05,1.1584129333,1.3309,147.49,0.8070899844,1.3779,0.6472,0.5901,7.1779999733,87.8
2025-08-04,1.1586680412,1.329,147.09,0.804009974,1.3775,0.6467,0.5907,7.2115998268,87.63
2025-08-01,1.1423740387,1.3259,148.06,0.8138999939,1.3778,0.6468,0.5912,7.2002000809,87.54
2025-07-31,1.1429355145,1.322,150.6,0.8132100105,1.3845,0.643,0.5894,7.1764001846,87.6
2025-07-30,1.1550945044,1.3274,149.07,0.8054699898,1.3814,0.6452,0.5912,7.1764001846,87.44
2025-07-29,1.1596757174,1.3339,148.57,0.8030999899,1.3777,0.6509,0.5955,7.1778001785,86.83
2025-07-28,1.1756821871,1.3393,148.45,0.7953699827,1.3718,0.6519,0.5973,7.1535000801,86.67
2025-07-25,1.1756131649,1.3429,147.77,0.794870019,1.3714,0.6556,0.6006,7.1535000801,86.48
2025-07-24,1.1774264574,1.3524,146.92,0.7920470238,1.3643,0.6601,0.6041,7.1595001221,86.39
2025-07-23,1.1739156246,1.3566,146.55,0.7936300039,1.3609,0.659,0.6039,7.1743001938,86.41
2025-07-22,1.1694538593,1.3522,146.36,0.7980840206,1.3615,0.6556,0.6001,7.1754999161,86.37
2025-07-21,1.1630746126,1.3498,147.27,0.8011800051,1.3689,0.6531,0.5979,7.1777000427,86.3
2025-07-18,1.1615481377,1.3439,148.55,0.8028799891,1.3711,0.6527,0.5977,7.1831998825,86.1
2025-07-17,1.1635754108,1.3413,148.55,0.8009200096,1.3749,0.6485,0.593,7.1785001755,86.08
2025-07-16,1.1607391834,1.3426,148.08,0.8014199734,1.3706,0.6522,0.5939,7.1729001999,85.96
2025-07-15,1.1666297913,1.3396,148.75,0.7978699803,1.3713,0.652,0.5951,7.1669998169,85.82
2025-07-14,1.1682106256,1.3437,147.69,0.7967900038,1.3694,0.655,0.5974,7.1680998802,85.99
2025-07-11,1.1702749729,1.3503,147.29,0.7967200279,1.3678,0.6577,0.6011,7.1747999191,85.8
2025-07-10,1.1731169224,1.3569,146.46,0.792930007,1.3682,0.6572,0.6019,7.1799998283,85.65
2025-07-09,1.1724566221,1.3585,146.53,0.7958700061,1.3694,0.6532,0.5992,7.1737999916,85.69
2025-07-08,1.173653841,1.3575,146.81,0.7971600294,1.3671,0.6524,0.5994,7.1743998528,85.75
2025-07-07,1.1780782938,1.3638,145.86,0.7940400243,1.3644,0.6513,0.6014,7.164899826,85.86
2025-07-04,1.1771491766,,,0.7940999866,,,,7.164899826,
2025-07-03,1.1800245047,1.3656,144.96,0.7914999723,1.3559,0.6576,0.6068,7.164899826,85.3
2025-07-02,1.1805539131,1.3623,143.76,0.7906900048,1.362,0.6571,0.6077,7.1645002365,85.7
2025-07-01,1.1787170172,1.3728,143.58,0.7927200198,1.3659,0.6572,0.6087,7.163599968,85.58
2025-06-30,1.172745347,1.3722,144.17,0.7982500196,1.362,0.6573,0.6092,7.1721000671,85.74
2025-06-27,1.1692214012,1.372,144.74,0.8008900285,1.3666,0.6535,0.6062,7.1675000191,85.45
2025-06-26,1.1683744192,1.3754,144.34,0.803730011,1.3629,0.6555,0.6069,7.1764001846,85.66
2025-06-25,1.1612243652,1.3626,145.59,0.8051499724,1.375,0.6493,0.602,7.1712999344,86.04
2025-06-24,1.15990448,1.3616,144.9,0.8125799894,1.3711,0.6499,0.6016,7.1789999008,85.92
2025-06-23,1.1500862837,1.3491,146.47,0.8177499771,1.3773,0.6423,0.594,7.1880002022,86.73
2025-06-20,1.1512778997,1.3465,145.92,0.8163899779,1.3739,0.6455,0.5969,7.1880002022,86.58
2025-06-19,1.1477497816,,,0.8190600276,,,,7.1887998581,
2025-06-18,1.1482638121,1.3471,144.58,0.8168699741,1.3683,0.652,0.6046,7.1845002174,86.49
2025-06-17,1.1551345587,1.3516,145.04,0.8137099743,1.3587,0.6515,0.6056,7.1789999008,86.29
2025-06-16,1.1556684971,1.36,144.14,0.8122159839,1.3556,0.6536,0.6072,7.1810002327,86.05
2025-06-13,1.1600254774,1.3594,144.04,0.8090000153,1.3575,0.6513,0.6035,7.192800045,86.08
2025-06-12,1.1509333849,1.3589,143.64,0.8184000254,1.3615,0.6525,0.6063,7.192800045,85.55
2025-06-11,1.1437460184,1.3556,144.48,0.8219199777,1.3662,0.6521,0.6047,7.1802000999,85.51
2025-06-10,1.1428048611,1.3508,144.91,0.8212000132,1.3683,0.6523,0.6045,7.1802000999,85.57
2025-06-09,1.1407841444,1.3563,144.37,0.8212599754,1.3675,0.6526,0.6056,7.1886000633,85.64
2025-06-06,1.1453834772,1.3532,144.87,0.8192499876,1.3686,0.6496,0.602,7.1750001907,85.66
2025-06-05,1.1422044039,1.3584,143.87,0.8179699779,1.3667,0.6517,0.6045,7.2037000656,85.8
2025-06-04,1.1384464502,1.357,142.91,0.8228899837,1.3668,0.6499,0.6032,7.2037000656,85.85
2025-06-03,1.1453442574,1.352,143.93,0.8159400225,1.3722,0.6462,0.5999,7.2037000656,85.59
2025-06-02,1.1448197365,1.3549,142.76,0.8222699761,1.3699,0.6493,0.6035,7.2037000656,85.33
2025-05-30,1.1378376484,1.3468,144.18,0.821969986,1.3747,0.6434,0.5972,7.2037000656,85.5
2025-05-29,1.1233682632,1.3489,144.09,0.8325499892,1.3809,0.6443,0.598,7.2037000656,85.49
2025-05-28,1.1337097883,1.3462,145.04,0.8272600174,1.3819,0.6417,0.5952,7.2037000656,85.39
2025-05-27,1.138848424,1.3505,144.37,0.8204200268,1.3776,0.6437,0.5944,7.2037000656,85.3
2025-05-26,1.1372811794,,,0.8224099874,,,,7.2037000656,
2025-05-23,1.1281843185,1.3511,142.61,0.8283799887,1.3755,0.6478,0.5977,7.2037000656,85.17
2025-05-22,1.1331187487,1.3426,143.89,0.8250700235,1.3856,0.6417,0.5907,7.2019000053,85.97
2025-05-21,1.1287955046,1.3447,143.68,0.8267120123,1.3822,0.6468,0.5965,7.219399929,85.65
2025-05-20,1.1233429909,1.3371,144.72,0.8349900246,1.3941,0.6405,0.5909,7.2090001106,85.63
2025-05-19,1.1187559366,1.3357,144.99,0.8354499936,1.3944,0.6458,0.5926,7.2090001106,85.37
2025-05-16,1.119269371,1.3257,146.02,0.8345999718,1.3991,0.6395,0.5872,7.2065000534,85.49
2025-05-15,1.1181930304,1.3292,145.61,0.8412320018,1.3989,0.6403,0.5873,7.2056999207,85.52
2025-05-14,1.118555665,1.3303,146.54,0.8394299746,1.3963,0.6448,0.5918,7.2056999207,85.29
2025-05-13,1.1198208332,1.328,147.75,0.8386499882,1.3958,0.6472,0.5938,7.2017998695,85.35
2025-05-12,1.1229646206,1.3194,148.09,0.8337299824,1.4003,0.6369,0.5864,7.2362999916,85.38
2025-05-09,1.1224226952,1.3318,145.15,0.831799984,1.3925,0.6425,0.592,7.2252001762,85.38
2025-05-08,1.1306205988,1.3287,145.46,0.8239499927,1.3914,0.6416,0.5922,7.2252001762,85.67
2025-05-07,1.1342755556,1.3344,143.47,0.8256300092,1.3773,0.6462,0.5977,7.2163000107,84.82
2025-05-06,1.1313369274,1.3369,142.76,0.8258699775,1.3774,0.6489,0.6004,7.2699999809,84.45
2025-05-05,1.1323232651,1.3284,143.98,0.8241000175,1.381,0.6472,0.5974,7.2705998421,84.27
2025-05-02,1.1296498775,1.3283,144.52,0.8289800286,1.379,0.6447,0.5955,7.2705998421,84.5
2025-05-01,1.1324899197,1.3273,145.48,0.8259599805,1.3847,0.6373,0.5901,7.2705998421,84.58
2025-04-30,1.1389262676,1.3344,142.63,0.8234199882,1.3807,0.6399,0.5933,7.2690000534,84.49
2025-04-29,1.1409143209,1.3397,142.29,0.8211899996,1.3853,0.6385,0.594,7.2940001488,85.27
2025-04-28,1.1343141794,1.3395,142.7,0.8284000158,1.3857,0.6413,0.5965,7.2863998413,85.02
2025-04-25,1.1371906996,1.3331,143.75,0.8287400007,1.3858,0.6396,0.5969,7.2859997749,85.43
2025-04-24,1.1327337027,1.3309,142.64,0.8298000097,1.3889,0.6396,0.5987,7.2859997749,85.3
2025-04-23,1.1351252794,1.3256,142.64,0.8260700107,1.3894,0.6376,0.5965,7.3118000031,85.42
2025-04-22,1.1512778997,1.3376,140.87,0.8090500236,1.3798,0.6391,0.5994,7.2989997864,85.19
2025-04-21,1.1526048183,1.3385,140.81,0.8082600236,1.3818,0.6412,0.6001,7.2909002304,85.18
2025-04-18,1.1396011114,1.3279,142.22,0.8156099916,1.3846,0.6375,0.5933,7.2989997864,85.43
2025-04-17,1.1371389627,1.3259,142.33,0.8137500286,1.3856,0.6382,0.5971,7.3119001389,85.37
2025-04-16,1.1402509212,1.3247,142.56,0.8137500286,1.3882,0.6389,0.5929,7.3119001389,85.67
2025-04-15,1.1339668036,1.3223,143.1,0.81595999,1.3944,0.6358,0.5916,7.3119001389,85.76
2025-04-14,1.1343141794,1.3176,142.96,0.8180599809,1.3892,0.6312,0.5867,7.2916002274,86.02
2025-04-11,1.1257838011,1.3051,143.57,0.8207600117,1.3895,0.6245,0.5796,7.3140001297,86.06
2025-04-10,1.1229646206,1.294,144.34,0.8554499745,1.401,0.6192,0.5722,7.3499999046,86.69
2025-04-09,1.0980443954,1.2771,145.09,0.8456599712,1.4187,0.6003,0.5561,7.3387999535,86.64
2025-04-08,1.0915361643,1.2769,147.02,0.8597099781,1.4199,0.6015,0.5577,7.3081002235,86.24
2025-04-07,1.0984544754,1.2729,147.96,0.8516100049,1.4224,0.598,0.5536,7.2813000679,85.85
2025-04-04,1.1043744087,1.2927,145.93,0.8592100143,1.4194,0.6043,0.5593,7.2674999237,85.24
2025-04-03,1.0908694267,1.3113,146.04,0.8767899871,1.4062,0.6352,0.5815,7.2674999237,85.44
2025-04-02,1.0795987844,1.2974,149.98,0.883400023,1.431,0.63,0.5741,7.2697000504,85.52
2025-04-01,1.0818880796,1.2923,149.4,0.8838199973,1.4316,0.6278,0.5704,7.2567000389,85.46
2025-03-31,1.0823916197,1.2896,149.9,0.8808500171,1.4379,0.6236,0.5666,7.2628002167,85.43
2025-03-28,1.0801001787,1.2942,150.26,0.8813999891,1.4282,0.63,0.573,7.263299942,85.51
2025-03-27,1.0742061138,1.2963,150.97,0.8841599822,1.4316,0.6308,0.5748,7.2568998337,85.79
2025-03-26,1.078748703,1.2889,150.69,0.8826500177,1.4254,0.6307,0.5743,7.2568998337,85.71
2025-03-25,1.0803569555,1.2948,149.77,0.8826900125,1.4307,0.6309,0.5738,7.2529997826,85.77
2025-03-24,1.0835762024,1.2913,150.74,0.8829200268,1.4292,0.6281,0.5719,7.2484998703,85.56
2025-03-21,1.0856702328,1.2896,148.98,0.8813769817,1.4356,0.6266,0.5731,7.2477002144,86.01
2025-03-20,1.091190815,1.2973,148.84,0.8763999939,1.4326,0.6301,0.5751,7.2300000191,86.31
2025-03-19,1.093948245,1.2969,150.02,0.8767449856,1.4328,0.6331,0.5783,7.2273001671,86.43
2025-03-18,1.091917634,1.2987,149.49,0.8812019825,1.4312,0.6356,0.581,7.2326998711,86.5
2025-03-17,1.0881274939,1.2988,148.56,0.8840900064,1.4298,0.6375,0.5811,7.2371001244,86.79
2025-03-14,1.0855641365,1.2917,148.51,0.882619977,1.4377,0.6318,0.5741,7.2371001244,87
2025-03-13,1.0886249542,1.2945,147.71,0.8817700148,1.4398,0.6289,0.5709,7.2371001244,87
2025-03-12,1.0914170742,1.297,148.32,0.8834400177,1.4397,0.6306,0.5723,7.2590999603,87.16
2025-03-11,1.0839403868,1.2948,147.48,0.8799800277,1.4462,0.6285,0.571,7.2590999603,87.16
2025-03-10,1.0860593319,1.2909,147.15,0.8773400187,1.4431,0.6308,0.5725,7.234000206,87.27
2025-03-07,1.0787951946,1.2918,147.13,0.8792300224,1.4385,0.63,0.571,7.2505998611,86.88
2025-03-06,1.0794938803,1.2894,147.9,0.8906900287,1.4282,0.6348,0.5749,7.2505998611,87.11
2025-03-05,1.0626993179,1.2864,148.82,0.8896399736,1.4375,0.6312,0.5707,7.2651000023,86.95
2025-03-04,1.0485037565,1.2726,148.81,0.896600008,1.4515,0.6212,0.5621,7.2842998505,87.26
2025-03-03,1.041384697,1.2711,150.16,0.9025700092,1.4399,0.6249,0.5635,7.2828001976,87.35
2025-02-28,1.0395117998,1.2591,150.64,0.8999199867,1.4433,0.6211,0.5602,7.285299778,87.5
2025-02-27,1.0488777161,1.2628,149.8,0.9000200033,1.4419,0.6256,0.5647,7.257999897,87.17
2025-02-26,1.0524100065,1.2696,149.13,0.8924000263,1.4346,0.6323,0.5711,7.2476000786,87.2
2025-02-25,1.0461344719,1.2652,149.09,0.897300005,1.43,0.6332,0.5716,7.2476000786,87.2
2025-02-24,1.0474823713,1.264,149.57,0.898450017,1.4224,0.6361,0.5746,7.25,86.72
2025-02-21,1.0500562191,1.2647,149.49,0.8980600238,1.4196,0.6376,0.5751,7.2554998398,86.7
2025-02-20,1.0421009064,1.2643,149.63,0.9045600295,1.4195,0.6393,0.5756,7.2832999229,86.65
2025-02-19,1.0448337793,1.2571,151.67,0.9035999775,1.4235,0.6341,0.5701,7.2786002159,86.96
2025-02-18,1.0485367775,1.2614,151.79,0.9007200003,1.4189,0.6353,0.5705,7.2529997826,86.96
2025-02-17,1.0489217043,,,0.8998299837,,,,7.2529997826,
2025-02-14,1.0461673737,1.2609,152.25,0.903249979,1.417,0.6359,0.5734,7.2887997627,86.82
2025-02-13,1.039198637,1.2528,153.18,0.9133999944,1.423,0.6292,0.5652,7.3088002205,86.89
2025-02-12,1.0364949703,1.2444,154.62,0.912989974,1.4288,0.6285,0.5641,7.307199955,86.9
2025-02-11,1.0301525593,1.2423,152.37,0.9113299847,1.4308,0.6294,0.5657,7.304500103,86.76
2025-02-10,1.0311616659,1.2385,151.72,0.9107400179,1.4317,0.6279,0.5651,7.3039999008,87.45
2025-02-07,1.0385725498,1.2396,151.3,0.905099988,1.4311,0.6264,0.5652,7.2877998352,87.43
2025-02-06,1.0400848389,1.2435,152.04,0.9013299942,1.4314,0.6279,0.567,7.2705001831,87.57
2025-02-05,1.0372798443,1.2516,152.33,0.9052399993,1.428,0.6296,0.5697,7.1819000244,87.08
2025-02-04,1.0327378511,1.2487,154.56,0.9116100073,1.4318,0.6257,0.565,7.1950001717,87.06
2025-02-03,1.0247792006,1.2389,154.68,0.9152299762,1.4601,0.6177,0.5589,7.2501997948,87.19
2025-01-31,1.0397279263,1.2447,154.91,0.9093689919,1.4459,0.6242,0.5668,7.1809000969,86.54
2025-01-30,1.0425245762,1.2453,154.42,0.9062700272,1.4411,0.6233,0.5654,7.1690001488,86.55
2025-01-29,1.0429050922,1.2435,155.22,0.904129982,1.4432,0.6228,0.5654,7.2501997948,86.61
2025-01-28,1.0445064306,1.2433,155.65,0.9040099978,1.4392,0.6247,0.5663,7.2506999969,86.52
2025-01-27,1.0467586517,1.2479,154.22,0.9068400264,1.4388,0.628,0.5682,7.2501997948,86.34
2025-01-24,1.0416015387,1.2496,155.58,0.907490015,1.4331,0.6322,0.572,7.2862000465,86.2
2025-01-23,1.0410159826,1.2347,156,0.9063100219,1.4359,0.6287,0.5677,7.2712001801,86.42
2025-01-22,1.0405935049,1.2324,156.62,0.9067100286,1.4361,0.6276,0.5669,7.2712001801,86.34
2025-01-21,1.042068243,1.2331,155.49,0.9060599804,1.4328,0.6272,0.5667,7.3133001328,86.58
2025-01-20,1.0423181057,,,0.9146000147,,,,7.3004999161,
2025-01-17,1.0301949978,1.2181,156.3,0.9111700058,1.442,0.621,0.5596,7.3309998512,86.55
2025-01-16,1.0295268297,1.2246,155.44,0.9121199846,1.4377,0.6221,0.5618,7.3301000595,86.57
2025-01-15,1.0306835175,1.2214,156.6,0.9124600291,1.434,0.6218,0.5613,7.3309001923,86.37
2025-01-14,1.0265253782,1.2188,157.95,0.9157800078,1.4369,0.6184,0.5596,7.3298001289,86.63
2025-01-13,1.0244431496,1.2158,157.51,0.9167699814,1.4411,0.6155,0.5556,7.3316998482,86.69
2025-01-10,1.0297601223,1.2215,157.68,0.9120699763,1.4437,0.6147,0.5556,7.3320999146,85.96
2025-01-09,1.0314701796,1.2303,158.01,0.9109500051,1.4394,0.6196,0.5598,7.3320999146,85.87
2025-01-08,1.0345541239,1.2366,158.31,0.9094499946,1.4375,0.6217,0.5613,7.3263998032,85.89
2025-01-07,1.0386372805,1.2499,157.82,0.9050400257,1.4341,0.6245,0.5643,7.3222999573,85.74
2025-01-06,1.0305347443,1.253,157.54,0.9093099833,1.4359,0.6251,0.5646,7.3196001053,85.7
2025-01-03,1.0268205404,1.2419,157.2,0.9120100141,1.4455,0.6209,0.5604,7.2986001968,85.75
2025-01-02,1.0351860523,1.2376,157.65,0.9077500105,1.4422,0.6208,0.5601,7.2980999947,85.75
2025-01-01,1.0354111195,,,0.9077000022,,,,7.2993001938,
2024-12-31,1.040615201,1.2521,157.37,0.903240025,1.44,0.6185,0.5596,7.2980999947,85.55
2024-12-30,1.0429377556,1.2523,157.26,0.9018399715,1.4374,0.6219,0.564,7.2978000641,85.47
2024-12-27,1.0423181057,1.2573,157.73,0.8988999724,1.4433,0.6208,0.5631,7.2972998619,85.53
2024-12-26,1.0399551392,1.2522,158.01,0.899420023,1.4404,0.6227,0.5632,7.2972002029,85.25
2024-12-25,1.0402579308,,,0.9003000259,,,,7.2946000099,
2024-12-24,1.0405826569,1.2528,157.29,0.8984699845,1.4383,0.623,0.5639,7.2969999313,85.14
2024-12-23,1.043307662,1.2529,157.04,0.893050015,1.439,0.6243,0.5649,7.2954001427,85.1
2024-12-20,1.0364949703,1.2587,156.11,0.8930000067,1.4354,0.6266,0.5664,7.2954001427,85.02
2024-12-19,1.0365916491,1.253,157.73,0.8989599943,1.4366,0.6252,0.5644,7.2853999138,85.09
2024-12-18,1.0495051146,1.2696,154,0.8924800158,1.4335,0.6302,0.5719,7.284599781,84.95
2024-12-17,1.0517348051,1.2718,153.41,0.8940399885,1.4312,0.6339,0.5759,7.2824001312,84.91
2024-12-16,1.0510052443,1.269,154.18,0.8917440176,1.423,0.6372,0.5781,7.2751002312,84.89
2024-12-13,1.0474056005,1.2629,153.74,0.8920099735,1.424,0.6359,0.5761,7.2676000595,84.78
2024-12-12,1.0506850481,1.2715,152.07,0.8832100034,1.4179,0.6388,0.579,7.2610998154,84.84
2024-12-11,1.0532968044,1.2763,152.34,0.8824999928,1.4126,0.6378,0.5797,7.2487001419,84.8
2024-12-10,1.0555204153,1.2758,152.05,0.8785899878,1.416,0.6377,0.5802,7.2595000267,84.84
2024-12-09,1.0565463305,1.2783,151.24,0.8786699772,1.412,0.6462,0.5881,7.269299984,84.72
2024-12-06,1.0585595369,1.2744,149.78,0.8784199953,1.4144,0.6382,0.5832,7.2592000961,84.67
2024-12-05,1.0514141321,1.2754,150.19,0.8837500215,1.4035,0.6439,0.587,7.2630000114,84.68
2024-12-04,1.0510826111,1.2712,150.18,0.8863999844,1.4069,0.6436,0.5864,7.2838001251,84.69
2024-12-03,1.0501223803,1.2677,149.12,0.8862800002,1.4065,0.6483,0.5883,7.2708997726,84.68
2024-12-02,1.054507494,1.2639,149.26,0.8820269704,1.4069,0.6459,0.5877,7.2406997681,84.74
2024-11-29,1.0563008785,1.2699,150.41,0.882340014,1.4014,0.6513,0.5913,7.2417998314,84.48
2024-11-28,1.0562450886,,,0.882439971,,,,7.2462000847,
2024-11-27,1.0491198301,1.2678,150.69,0.8823000193,1.4028,0.6492,0.5902,7.251999855,84.41
2024-11-26,1.0444300175,1.2547,153.49,0.888800025,1.4058,0.6461,0.5826,7.2515001297,84.27
2024-11-25,1.0479873419,1.2554,154.29,0.8904700279,1.4003,0.6491,0.5841,7.242000103,84.24
2024-11-22,1.0469341278,1.2516,154.73,0.8869000077,1.3985,0.6495,0.5827,7.2336997986,84.44
2024-11-21,1.0546187162,1.2586,154.66,0.8836500049,1.396,0.6503,0.5853,7.243999958,84.48
2024-11-20,1.0607603788,1.2639,155.38,0.8820700049,1.3995,0.6494,0.5872,7.2381000519,84.41
2024-11-19,1.0594904423,1.2667,154.34,0.8831999898,1.3981,0.6524,0.5907,7.2354001999,84.36
2024-11-18,1.0533745289,1.2664,154.78,0.8831999898,1.4028,0.6498,0.5883,7.2309999466,84.37
2024-11-15,1.0530084372,1.2629,154.59,0.8904399872,1.4076,0.6461,0.5862,7.2291998863,84.41
2024-11-14,1.0564124584,1.2706,155.96,0.8857700229,1.4025,0.6473,0.5872,7.2234997749,84.42
2024-11-13,1.0616725683,1.2709,155.28,0.882160008,1.3985,0.6486,0.5886,7.2315998077,84.39
2024-11-12,1.061909318,1.2733,154.73,0.8802700043,1.3956,0.6522,0.5917,7.2111001015,84.38
2024-11-11,1.0714898109,,,0.8759999871,,,,7.1781997681,
2024-11-08,1.0795172453,1.2905,152.58,0.872780025,1.3921,0.6573,0.5961,7.1412000656,84.34
2024-11-07,1.0733069181,1.2985,153.13,0.8756999969,1.3866,0.6671,0.602,7.17689991,84.37
2024-11-06,1.0734220743,1.2897,154.58,0.8624100089,1.3929,0.6573,0.5946,7.1022000313,84.31
2024-11-05,1.0874056816,1.3015,151.96,0.8641700149,1.385,0.6633,0.5999,7.097799778,84.1
2024-11-04,1.0874530077,1.2942,152.02,0.8676000237,1.3898,0.6584,0.5978,7.12169981,84.11
2024-11-01,1.0886130333,1.2959,152.94,0.8635399938,1.3925,0.6582,0.598,7.1185002327,84.03
2024-10-31,1.0859178305,1.2856,152.35,0.8662999868,1.3939,0.655,0.5951,7.1147999763,84.06
2024-10-30,1.0820636749,1.3012,153.15,0.8672199845,1.3911,0.6584,0.5986,7.1300997734,84.07
2024-10-29,1.0816774368,1.3005,153.47,0.8648599982,1.3909,0.6557,0.5961,7.1296000481,84.04
2024-10-28,1.0796570778,1.2981,153.21,0.8684599996,1.3903,0.6587,0.598,7.1248998642,84.05
2024-10-25,1.0824151039,1.2978,152.08,0.8658699989,1.3882,0.6621,0.5994,7.1187000275,84.06
2024-10-24,1.0780508518,1.2964,151.87,0.8667399883,1.3858,0.6629,0.6008,7.1252999306,84.05
2024-10-23,1.0797270536,1.2944,152.81,0.865530014,1.3838,0.6632,0.6007,7.12169981,84.06
2024-10-22,1.0817828178,1.2969,151.11,0.8654099703,1.383,0.6679,0.6044,7.1180000305,84.06
2024-10-21,1.086861968,1.298,150.47,0.8649299741,1.3847,0.6661,0.6033,7.1008000374,84.07
2024-10-18,1.0829542875,1.3022,149.58,0.8659300208,1.3804,0.67,0.6065,7.123000145,84.03
2024-10-17,1.0862481594,1.3008,150.12,0.8652999997,1.3791,0.6702,0.6063,7.1184000969,84.04
2024-10-16,1.0884116888,1.3,149.71,0.8625400066,1.3772,0.6662,0.6058,7.1178002357,84.01
2024-10-15,1.0909169912,1.3083,149.22,0.8621000051,1.3803,0.6709,0.6086,7.0872001648,84.04
2024-10-14,1.0925379992,,,0.8582999706,,,,7.065199852,
2024-10-11,1.093386054,1.307,149.12,0.8565499783,1.3768,0.6756,0.6111,7.0801000595,84.08
2024-10-10,1.0943313837,1.3053,148.56,0.8604699969,1.3752,0.6733,0.6086,7.0801000595,83.94
2024-10-09,1.0975743532,1.308,149.2,0.8574000001,1.3682,0.6725,0.6065,7.0577998161,83.93
2024-10-08,1.0975743532,1.3093,148.22,0.8545799851,1.3662,0.6738,0.6124,7.0191001892,83.95
2024-10-07,1.0974539518,1.308,148.13,0.8586900234,1.3608,0.6761,0.6123,7.0174999237,83.96
2024-10-04,1.1035578251,1.3107,148.69,0.8518099785,1.3578,0.6797,0.6156,7.0451002121,83.99
2024-10-03,1.1048502922,1.3114,146.82,0.8499100208,1.3533,0.6843,0.6216,7.0377001762,84
2024-10-02,1.1063904762,1.3271,146.05,0.8463400006,1.3485,0.6895,0.6277,7.0303997993,83.81
2024-10-01,1.1136602163,1.3282,143.66,0.8453099728,1.3492,0.6888,0.6284,7.0174999237,83.81
2024-09-30,1.1169815063,1.3399,143.25,0.8404999971,1.3511,0.6934,0.6363,7.0103001595,83.76
2024-09-27,1.1177179813,1.3394,142.6,0.846239984,1.3504,0.6911,0.6342,7.0089998245,83.68
2024-09-26,1.1131023169,1.3428,144.68,0.8505700231,1.3466,0.6902,0.6327,7.0322999954,83.6
2024-09-25,1.1191190481,1.3338,144.41,0.8415099978,1.3466,0.6837,0.6279,7.0302000046,83.56
2024-09-24,1.1111727953,1.3376,143.77,0.8473200202,1.347,0.6873,0.6321,7.0513000488,83.66
2024-09-23,1.1160838604,1.3351,143.59,0.8508999944,1.3502,0.6848,0.6271,7.0508999825,83.53
2024-09-20,1.1161960363,1.3305,143.9,0.8477799892,1.3565,0.6806,0.6234,7.0669999123,83.57
2024-09-19,1.1114816666,1.3279,142.88,0.847299993,1.356,0.6817,0.6241,7.0809998512,83.68
2024-09-18,1.1123099327,1.3199,141.93,0.846329987,1.3607,0.6761,0.6203,7.0925002098,83.75
2024-09-17,1.1129536629,1.3164,141.77,0.8445799947,1.3598,0.6754,0.6183,7.0925002098,83.75
2024-09-16,1.108844161,1.3202,140.79,0.8476999998,1.3599,0.6739,0.6185,7.0927000046,83.89
2024-09-13,1.1077877283,1.314,140.66,0.8498799801,1.3581,0.6712,0.6166,7.1166000366,83.88
2024-09-12,1.1010911465,1.3081,142.24,0.8525999784,1.3595,0.6696,0.6152,7.119699955,83.92
2024-09-11,1.1020983458,1.3027,141.72,0.8466200233,1.3595,0.665,0.6121,7.1208000183,83.95
2024-09-10,1.1037527323,1.3065,142.28,0.8494499922,1.3607,0.6652,0.6155,7.1135997772,83.95
2024-09-09,1.1087212563,1.3083,142.92,0.8439400196,1.356,0.6664,0.615,7.0879001617,83.93
2024-09-06,1.1111111641,1.3136,142.13,0.8438100219,1.3561,0.6678,0.6178,7.0913000107,83.91
2024-09-05,1.1080454588,1.3165,143.43,0.8460400105,1.3515,0.6727,0.6213,7.1118998528,83.96
2024-09-04,1.1048868895,1.3142,144.31,0.8499299884,1.3519,0.6724,0.6199,7.1203999519,83.95
2024-09-03,1.1067456007,1.3103,145.82,0.851369977,1.3543,0.6721,0.6189,7.1166000366,83.94
2024-09-02,1.1044842005,,,0.8504999876,,,,7.0921001434,
2024-08-30,1.1080454588,1.3132,145.95,0.846939981,1.3493,0.6765,0.6242,7.0954999924,83.83
2024-08-29,1.1124955416,1.3186,144.98,0.8418200016,1.346,0.6807,0.6268,7.1243000031,83.84
2024-08-28,1.1177930832,1.3201,144.47,0.841719985,1.3462,0.6781,0.6242,7.1230998039,83.9
2024-08-27,1.1164700985,1.3235,144.26,0.8471000195,1.3454,0.6779,0.6237,7.1181001663,83.91
2024-08-26,1.1187934875,1.3185,144.51,0.8473200202,1.3485,0.6772,0.6204,7.1240000725,83.87
2024-08-23,1.1117163897,1.3197,144.86,0.8517000079,1.3514,0.6777,0.6212,7.1444001198,83.91
2024-08-22,1.1155360937,1.3094,145.97,0.8511000276,1.3605,0.6708,0.614,7.1318001747,83.93
2024-08-21,1.1127927303,1.3077,145.19,0.8535599709,1.3583,0.6753,0.6161,7.1319999695,83.93
2024-08-20,1.1086474657,1.3027,145.7,0.8623700142,1.3631,0.6743,0.6144,7.1405000687,83.79
2024-08-19,1.1024993658,1.2984,146.42,0.8675799966,1.3659,0.6715,0.6093,7.1640000343,83.82
2024-08-16,1.0972732306,1.2906,148.13,0.8724899888,1.3705,0.6649,0.6035,7.1733999252,83.95
2024-08-15,1.101321578,1.2863,148.91,0.8648059964,1.3701,0.6629,0.6006,7.1373000145,83.94
2024-08-14,1.0996986628,1.2849,146.86,0.8650500178,1.3696,0.6617,0.6021,7.152900219,83.91
2024-08-13,1.0936251879,1.2828,146.97,0.8647300005,1.3723,0.6613,0.6059,7.1739997864,83.97
2024-08-12,1.0913813114,1.2776,147.54,0.8650400043,1.3741,0.6595,0.6021,7.1662998199,83.92
2024-08-09,1.0915720463,1.2766,146.49,0.8668500185,1.3725,0.6577,0.6012,7.1736998558,83.92
2024-08-08,1.0928125381,1.2741,147.08,0.8592699766,1.3742,0.6581,0.6002,7.1803002357,83.95
2024-08-07,1.0926215649,1.2718,147.42,0.8525500298,1.3729,0.6552,0.6015,7.1563000679,83.96
2024-08-06,1.0950982571,1.2695,145.11,0.8548300266,1.3791,0.6519,0.5951,7.1202001572,83.91
2024-08-05,1.0910836458,1.2765,143.95,0.8561000228,1.382,0.6488,0.593,7.1571998596,83.83
2024-08-02,1.0787602663,1.2798,146.98,0.8729000092,1.3846,0.6528,0.5972,7.2428002357,83.79
2024-08-01,1.0823916197,1.2772,150.06,0.8781399727,1.3845,0.6522,0.5962,7.2171998024,83.7
2024-07-31,1.0816072226,1.284,150.38,0.8820300102,1.3806,0.6535,0.5947,7.2506999969,83.73
2024-07-30,1.0819466114,1.2828,153.72,0.8860999942,1.3848,0.6537,0.5897,7.2582998276,83.7
2024-07-29,1.0853756666,1.2853,153.96,0.8842999935,1.3853,0.654,0.5872,7.2501001358,83.75
2024-07-26,1.0851283073,1.2864,153.86,0.8806399703,1.3832,0.6557,0.5895,7.2301001549,83.7
2024-07-25,1.0839520693,1.2884,153.97,0.8850200176,1.3809,0.6552,0.5903,7.2611999512,83.7
2024-07-24,1.085069418,1.2925,153.39,0.8915200233,1.3783,0.66,0.5948,7.2743000984,83.72
2024-07-23,1.0889805555,1.2916,156.02,0.8895000219,1.3763,0.6619,0.5961,7.2726998329,83.68
2024-07-22,1.0899182558,1.2911,157.08,0.888010025,1.3756,0.6639,0.5977,7.2690000534,83.65
2024-07-19,1.0901559591,1.2922,157.38,0.8873000145,1.3723,0.6694,0.6019,7.2589001656,83.7
2024-07-18,1.0940201283,1.2973,156.97,0.8823500276,1.3695,0.6726,0.6067,7.2593998909,83.58
2024-07-17,1.0902509689,1.3008,156.56,0.8932200074,1.3683,0.6728,0.6073,7.26060009,83.55
2024-07-16,1.0901559591,1.2958,158.57,0.8954700232,1.3686,0.6726,0.6044,7.2589001656,83.6
2024-07-15,1.0885539055,1.2986,157.89,0.8968899846,1.3662,0.6778,0.6094,7.2494001389,83.55
2024-07-12,1.0872756243,1.2986,157.88,0.8960300088,1.3627,0.6788,0.6122,7.2547998428,83.48
2024-07-11,1.0833296776,1.292,158.58,0.8992000222,1.3619,0.6776,0.6113,7.2744998932,83.57
2024-07-10,1.0814785957,1.2842,161.73,0.8974000216,1.3608,0.6747,0.6083,7.2716999054,83.5
2024-07-09,1.0830950737,1.2787,161.4,0.8978099823,1.3636,0.6737,0.6123,7.2670998573,83.47
2024-07-08,1.0826026201,1.2829,160.77,0.8952299953,1.3637,0.6741,0.6134,7.2677998543,83.45
2024-07-05,1.0810693502,1.2807,160.73,0.9002500176,1.3631,0.6743,0.6138,7.2657999992,83.47
2024-07-04,1.079330802,,,0.900759995,,,,7.268599987,
2024-07-03,1.0748412609,1.2766,161.48,0.9036899805,1.3624,0.6719,0.6114,7.2694001198,83.48
2024-07-02,1.0737102032,1.2679,161.53,0.903159976,1.3691,0.6659,0.6072,7.2669000626,83.5
2024-07-01,1.0735257864,1.265,161.55,0.9002000093,1.3742,0.6656,0.6072,7.2657999992,83.44
2024-06-28,1.0708472729,1.264,160.88,0.8985199928,1.3684,0.6677,0.6096,7.2671999931,83.33
2024-06-27,1.0680109262,1.2653,160.7,0.8967000246,1.3693,0.6648,0.6089,7.2635002136,83.44
2024-06-26,1.0709619522,1.2625,160.68,0.8952000141,1.3697,0.6649,0.6078,7.2614002228,83.55
2024-06-25,1.0732723475,1.2677,159.68,0.8931900263,1.3658,0.6642,0.6115,7.2576999664,83.4
2024-06-24,1.068775773,1.2684,159.71,0.8941000104,1.3658,0.6655,0.6126,7.2592000961,83.42
2024-06-21,1.0706409216,1.2645,159.45,0.8914899826,1.3698,0.664,0.612,7.2590999603,83.53
2024-06-20,1.0751532316,1.2671,158.77,0.8842999935,1.3703,0.6656,0.612,7.2562999725,83.62
2024-06-19,1.0742292404,,,0.8841800094,,,,7.252699852,
2024-06-18,1.0740677118,1.2699,157.81,0.8883000016,1.3723,0.6652,0.6139,7.2550001144,83.42
2024-06-17,1.0702168941,1.2689,157.8,0.8907300234,1.3752,0.6599,0.6118,7.2543001175,83.52
2024-06-14,1.0738831758,1.2685,157.28,0.8939300179,1.3735,0.6617,0.6142,7.2515997887,83.54
2024-06-13,1.0813149214,1.2764,156.77,0.8942599893,1.3746,0.6641,0.6174,7.2381000519,83.52
2024-06-12,1.0740330219,1.2843,155.88,0.8977800012,1.369,0.6701,0.6219,7.24669981,83.57
2024-06-11,1.0764262676,1.2725,157.32,0.8965799809,1.3764,0.6598,0.6132,7.2467999458,83.5
2024-06-10,1.0778882504,1.2733,156.93,0.8960999846,1.3755,0.6611,0.6126,7.2467999458,83.5
2024-06-07,1.0894432068,1.2727,156.58,0.8897200227,1.3747,0.6589,0.6113,7.2441000938,83.38
2024-06-06,1.0874530077,1.2786,155.98,0.8924999833,1.3684,0.6662,0.6197,7.24669981,83.47
2024-06-05,1.0881866217,1.2771,156.21,0.8899499774,1.3705,0.6643,0.6186,7.242000103,83.37
2024-06-04,1.0907385349,1.2785,154.87,0.8950200081,1.3684,0.6643,0.6175,7.242000103,83.52
2024-06-03,1.0853049755,1.2795,156.04,0.9013199806,1.3626,0.6683,0.6183,7.2410001755,83.14
2024-05-31,1.0835410357,1.2738,157.19,0.9033100009,1.3646,0.664,0.6137,7.2335000038,83.43
2024-05-30,1.0801819563,1.2739,156.63,0.912800014,1.3668,0.6642,0.6128,7.2494001389,83.28
2024-05-29,1.0851871967,1.2714,157.62,0.9122899771,1.3702,0.6619,0.6118,7.2449998856,83.33
2024-05-28,1.0861891508,1.2786,156.9,0.9132000208,1.363,0.6666,0.6157,7.2414999008,83.16
2024-05-27,1.0847634077,,,0.9143999815,,,,7.2414999008,
2024-05-24,1.0812681913,1.2746,156.9,0.9143300056,1.3665,0.6629,0.6121,7.2414999008,83.09
2024-05-23,1.0825204849,1.2717,157.05,0.9150000215,1.3696,0.6629,0.6115,7.2403001785,83.27
2024-05-22,1.0855170488,1.2739,156.49,0.9111599922,1.3667,0.6636,0.6105,7.2375998497,83.26
2024-05-21,1.0860829353,1.271,156.08,0.9101200104,1.3644,0.6666,0.6097,7.2316999435,83.31
2024-05-20,1.0875475407,1.2708,156.09,0.9086999893,1.3611,0.6675,0.6114,7.222700119,83.34
2024-05-17,1.086779356,1.2703,155.57,0.9059900045,1.3615,0.6686,0.6132,7.2170000076,83.34
2024-05-16,1.0889805555,1.2682,155.25,0.9005299807,1.3606,0.6683,0.6124,7.2177000046,83.46
2024-05-15,1.0814552307,1.2658,155.02,0.9067000151,1.3612,0.6674,0.6104,7.2322998047,83.46
2024-05-14,1.079354167,1.2588,156.5,0.9078999758,1.365,0.6623,0.6034,7.2322998047,83.5
2024-05-13,1.0770406723,1.2563,156.17,0.9064499736,1.3675,0.6611,0.6019,7.2258000374,83.48
2024-05-10,1.0785158873,1.2528,155.85,0.9058499932,1.3663,0.6607,0.602,7.2186999321,83.54
2024-05-09,1.0746910572,1.2505,155.68,0.9079899788,1.369,0.6606,0.602,7.2238001823,83.51
2024-05-08,1.0750491619,1.2503,155.42,0.9084799886,1.3719,0.6585,0.6004,7.2184000015,83.45
2024-05-07,1.0767507553,1.2535,154.59,0.9067000151,1.3712,0.6608,0.6012,7.2080001831,83.51
2024-05-06,1.075812459,1.2575,153.85,0.9059399962,1.3655,0.6623,0.6013,7.2361998558,83.48
2024-05-03,1.0733069181,1.255,152.85,0.9097700119,1.3683,0.6616,0.6021,7.2383999825,83.43
2024-05-02,1.0721560717,1.2507,153.77,0.9163600206,1.3696,0.6547,0.5943,7.2399001122,83.44
2024-05-01,1.0666552782,1.2488,157.65,0.9194899797,1.376,0.6496,0.5903,7.2406997681,83.45
2024-04-30,1.071570158,1.2514,157.54,0.9107199907,1.3748,0.649,0.5912,7.2376999855,83.44
2024-04-29,1.070686698,1.2553,156.71,0.913688004,1.3649,0.6565,0.5974,7.2445998192,83.46
2024-04-26,1.0729614496,1.2474,157.62,0.9125199914,1.3678,0.6528,0.594,7.2385997772,83.38
2024-04-25,1.0699878931,1.2494,155.52,0.9144399762,1.3691,0.6506,0.5942,7.2442002296,83.31
2024-04-24,1.0704345703,1.2434,155.11,0.9114000201,1.3721,0.6486,0.5924,7.2445001602,83.34
2024-04-23,1.0654052496,1.2434,154.81,0.9118899703,1.3676,0.6479,0.5935,7.2424998283,83.36
2024-04-22,1.0658253431,1.2341,154.77,0.910983026,1.3721,0.6439,0.5909,7.23939991,83.47
2024-04-19,1.0644185543,1.2397,154.55,0.9121000171,1.3742,0.6423,0.5895,7.236700058,83.46
2024-04-18,1.0669398308,1.2465,154.61,0.9103999734,1.3755,0.6437,0.5919,7.2374000549,83.53
2024-04-17,1.0621461868,1.2443,154.61,0.9125599861,1.3804,0.6419,0.5902,7.2361998558,83.54
2024-04-16,1.0625749826,1.2437,154.57,0.9115999937,1.3824,0.6412,0.5888,7.2369999886,83.54
2024-04-15,1.0649627447,1.2466,154.25,0.91377002,1.3751,0.6469,0.5928,7.2355999947,83.48
2024-04-12,1.0726851225,1.2457,153.12,0.9098299742,1.3756,0.6478,0.595,7.2358999252,83.59
2024-04-11,1.0741715431,1.2535,153.19,0.9130399823,1.3705,0.6525,0.5983,7.2315001488,83.19
2024-04-10,1.0859296322,1.2544,152.9,0.9029800296,1.3688,0.6509,0.5979,7.230700016,83.37
2024-04-09,1.0863661766,1.2676,151.73,0.905009985,1.3583,0.6622,0.6057,7.2297000885,83.18
2024-04-08,1.0830481052,1.2655,151.78,0.9031699896,1.3583,0.6602,0.6032,7.231400013,83.25
2024-04-05,1.0837054253,1.2633,151.59,0.9015100002,1.358,0.6584,0.602,7.2339000702,83.29
2024-04-04,1.0838346481,1.2669,151.66,0.9028900266,1.3493,0.6615,0.6042,7.2343997955,83.44
2024-04-03,1.0768551826,1.2635,151.67,0.9078199863,1.3521,0.6558,0.6,7.2323999405,83.43
2024-04-02,1.0737217665,1.2576,151.55,0.9050700068,1.357,0.6513,0.5968,7.2297000885,83.32
2024-04-01,1.0792726278,1.2545,151.72,0.90200001,1.3579,0.6484,0.5944,7.2203001976,83.36
2024-03-29,1.0794472694,1.2637,151.22,0.9010699987,1.354,0.6524,0.5987,7.2265000343,83.34
2024-03-28,1.0813382864,1.2634,151.35,0.9054999948,1.353,0.6525,0.5984,7.2258000374,83.35
2024-03-27,1.0832358599,1.2631,151.35,0.9036499858,1.3586,0.6525,0.6002,7.2177000046,83.34
2024-03-26,1.0838228464,1.263,151.58,0.8994699717,1.3568,0.6538,0.601,7.2083997726,83.32
2024-03-25,1.0807539225,1.2648,151.42,0.8976200223,1.3579,0.6539,0.6004,7.228099823,83.42
2024-03-22,1.0862362385,1.2603,151.35,0.8976799846,1.3594,0.652,0.5998,7.1982002258,83.53
2024-03-21,1.0937210321,1.267,151.59,0.8855500221,1.3536,0.657,0.6046,7.1975998878,83.15
2024-03-20,1.0863306522,1.2713,151.66,0.8885400295,1.3562,0.6532,0.6037,7.1979999542,83.18
2024-03-19,1.0873938799,1.2713,150.73,0.8875100017,1.3578,0.6528,0.605,7.1971998215,83.01
2024-03-18,1.0882576704,1.2736,149.13,0.883589983,1.354,0.6562,0.6085,7.1950001717,82.89
2024-03-15,1.0883406401,1.2742,149.14,0.8842700124,1.353,0.6569,0.6091,7.1922001839,82.86
2024-03-14,1.0955302715,1.2749,148.19,0.8783800006,1.3516,0.6585,0.6133,7.1866002083,82.82
2024-03-13,1.0927767754,1.2799,147.73,0.877390027,1.347,0.6623,0.6159,7.1810002327,82.81
2024-03-12,1.0931351185,1.2786,147.69,0.8772500157,1.3495,0.6601,0.6151,7.1838002205,82.77
2024-03-11,1.0942955017,1.2807,146.86,0.8775100112,1.3485,0.6608,0.6171,7.1852002144,82.72
2024-03-08,1.0950144529,1.2852,147.17,0.8770999908,1.3468,0.6627,0.618,7.1922998428,82.73
2024-03-07,1.0899538994,1.2796,148.08,0.8820999861,1.3466,0.6618,0.6173,7.1958999634,82.78
2024-03-06,1.0855995417,1.2757,149.17,0.883580029,1.3509,0.6577,0.6142,7.1960000992,82.78
2024-03-05,1.0855170488,1.2712,150.14,0.8852000237,1.3579,0.6507,0.6091,7.1989002228,82.86
2024-03-04,1.0842694044,1.2701,150.44,0.8833400011,1.3563,0.6521,0.61,7.1957998276,82.88
2024-03-01,1.0804970264,1.2652,150.2,0.8844000101,1.3553,0.6529,0.6106,7.1872000694,82.91
2024-02-29,1.0838816166,1.2632,149.9,0.8787099719,1.3568,0.6503,0.6092,7.1960000992,82.87
2024-02-28,1.0844811201,1.267,150.68,0.8787999749,1.357,0.6496,0.6093,7.1974000931,82.88
2024-02-27,1.0850930214,1.2693,150.46,0.8798999786,1.3522,0.6547,0.6173,7.1963000298,82.88
2024-02-26,1.0820051432,1.2681,150.79,0.8812500238,1.3513,0.6539,0.6176,7.1943998337,82.85
2024-02-23,1.0825674534,1.2678,150.36,0.8799499869,1.3502,0.6566,0.6198,7.1932997704,82.86
2024-02-22,1.0820403099,1.2649,150.62,0.87924999,1.3496,0.6547,0.6188,7.1880998611,82.86
2024-02-21,1.0813149214,1.2624,150.29,0.8818100095,1.3504,0.6546,0.6175,7.1897001266,82.96
2024-02-20,1.0775396824,1.2645,149.87,0.8827469945,1.3517,0.656,0.6177,7.1971998215,82.88
2024-02-19,1.0784927607,,,0.8806499839,,,,7.1185998917,
2024-02-16,1.0773887634,1.259,150.34,0.8798000216,1.3483,0.6531,0.6119,7.1638998985,83.02
2024-02-15,1.0732147694,1.258,150.19,0.8851000071,1.3493,0.6508,0.6104,7.1758999825,83
2024-02-14,1.0708931684,1.2562,150.5,0.8874099851,1.355,0.6489,0.609,7.1887001991,83.02
2024-02-13,1.0772264004,1.2606,150.72,0.8758000135,1.3563,0.646,0.6062,7.1922001839,83.06
2024-02-12,1.0798202753,1.2631,149.37,0.8741599917,1.3437,0.6538,0.6138,7.1789999008,82.95
2024-02-09,1.0777255297,1.2628,149.38,0.8734499812,1.3478,0.6516,0.6141,7.1069998741,83
2024-02-08,1.0775746107,1.262,149.25,0.8739100099,1.3463,0.649,0.6092,7.101099968,82.97
2024-02-07,1.0757199526,1.2629,148.04,0.8694999814,1.347,0.6523,0.6111,7.1001000404,82.97
2024-02-06,1.0741831064,1.2589,148.03,0.8707000017,1.3499,0.6517,0.6073,7.1085000038,83.03
2024-02-05,1.0780043602,1.2532,148.79,0.8669800162,1.3533,0.6478,0.6048,7.1125998497,83.04
2024-02-02,1.0874648094,1.2627,148.54,0.8576200008,1.3458,0.651,0.6066,7.0885000229,82.92
2024-02-01,1.0803920031,1.2727,146.18,0.8623399734,1.338,0.6566,0.6135,7.1006999016,82.95
2024-01-31,1.0843399763,1.2733,146.26,0.8618599772,1.3384,0.66,0.6147,7.0940999985,83.02
2024-01-30,1.0834470987,1.2683,147.71,0.8613200188,1.3409,0.6595,0.6129,7.084499836,83.11
2024-01-29,1.084351778,1.2681,147.65,0.8641399741,1.3439,0.6594,0.611,7.0865998268,83.12
2024-01-26,1.0847046375,1.272,147.94,0.8669000268,1.3456,0.6589,0.6103,7.081099987,83.11
2024-01-25,1.0881748199,1.27,147.69,0.8630200028,1.3489,0.6581,0.6116,7.0819997787,83.08
2024-01-24,1.0857881308,1.2754,147.31,0.869599998,1.3479,0.6601,0.6128,7.0776000023,83.09
2024-01-23,1.0880209208,1.2661,148.55,0.8691200018,1.3486,0.6566,0.6071,7.1926999092,83.15
2024-01-22,1.0892297029,1.2728,147.95,0.8684800267,1.3454,0.6586,0.6103,7.1071000099,83.08
2024-01-19,1.0879143476,1.2677,148.21,0.86808002,1.3467,0.6581,0.6101,7.1149997711,83.09
2024-01-18,1.0885775089,1.2687,148.15,0.8643220067,1.3503,0.6564,0.6107,7.1145000458,83.15
2024-01-17,1.0878789425,1.2666,148.39,0.8612999916,1.3523,0.6539,0.6104,7.1164999008,83.14
2024-01-16,1.0945708752,1.2657,147.01,0.855979979,1.3472,0.6597,0.6147,7.0970001221,83.05
2024-01-15,1.0945708752,,,0.8533200026,,,,7.1005997658,
2024-01-12,1.098164916,1.2746,144.86,0.8510100245,1.3399,0.6692,0.6247,7.103099823,82.92
2024-01-11,1.0975141525,1.2712,146.03,0.8504999876,1.3439,0.6653,0.6211,7.1704001427,83.03
2024-01-10,1.0932426453,1.273,145.68,0.8523700237,1.3379,0.6692,0.6224,7.1016001701,83.01
2024-01-09,1.0951702595,1.272,144.35,0.8478999734,1.3384,0.6692,0.6242,7.0900001526,83.09
2024-01-08,1.0942236185,1.2766,143.89,0.8507300019,1.3361,0.6719,0.625,7.0925002098,83.13
2024-01-05,1.0947387218,1.274,144.52,0.8500000238,1.3331,0.6722,0.6255,7.1100001335,83.16
2024-01-04,1.0927767754,1.2692,144.59,0.8489000201,1.3355,0.671,0.6233,7.0988998413,83.21
2024-01-03,1.0941756964,1.2641,143.55,0.850120008,1.3358,0.672,0.6235,7.0896000862,83.3
2024-01-02,1.1038745642,1.2632,141.89,0.8418899775,1.331,0.6771,0.6263,7.0686001778,83.31
2024-01-01,1.1055831909,,,0.8407589793,,,,7.0686001778,
2023-12-29,1.1068191528,1.2743,140.92,0.8433600068,1.3202,0.6828,0.634,7.1069998741,83.19
2023-12-28,1.1108642817,1.2743,141.08,0.8423299789,1.3202,0.6844,0.6346,7.1402001381,83.15
2023-12-27,1.1043012142,1.2797,142.05,0.853579998,1.3201,0.6844,0.6343,7.1423997879,83.35
2023-12-26,1.1020255089,1.2709,142.48,0.8557400107,1.3208,0.6816,0.6322,7.1354999542,83.17
2023-12-25,1.1026574373,,,0.8550699949,,,,7.0833001137,
2023-12-22,1.1006186008,1.272,142.6,0.8562700152,1.3259,0.6803,0.6297,7.1385002136,83.12
2023-12-21,1.0945708752,1.2668,142.16,0.8624600172,1.3294,0.679,0.6284,7.1340999603,83.27
2023-12-20,1.0981045961,1.266,143.77,0.8603000045,1.3322,0.6764,0.6283,7.0675997734,83.14
2023-12-19,1.0923827887,1.2751,143.62,0.867110014,1.334,0.6765,0.6269,7.1319999695,83.18
2023-12-18,1.0895264149,1.2632,143.04,0.8706120253,1.3391,0.6697,0.6207,7.070499897,83.04
2023-12-15,1.0993602276,1.2709,141.8,0.8671299815,1.3374,0.6715,0.6221,7.0669999123,83.02
2023-12-14,1.0886130333,1.2767,141.53,0.8709700108,1.3404,0.6713,0.6222,7.1717000008,83.28
2023-12-13,1.0798670053,1.2527,145.17,0.8751299977,1.357,0.6583,0.6124,7.1760001183,83.4
2023-12-12,1.0766580105,1.2549,145.45,0.878099978,1.3611,0.6561,0.6131,7.174200058,83.37
2023-12-11,1.0765769482,1.255,146.41,0.8796200156,1.3568,0.6563,0.612,7.1265997887,83.38
2023-12-08,1.0792143345,1.2539,144.88,0.8754400015,1.3595,0.6569,0.6118,7.1487998962,83.38
2023-12-07,1.076669693,1.2582,144.1,0.8746399879,1.3594,0.6601,0.6173,7.1445999146,83.32
2023-12-06,1.0793657303,1.2589,147.16,0.8749359846,1.358,0.6569,0.6157,7.1455998421,83.32
2023-12-05,1.083775878,1.259,147.26,0.872510016,1.3577,0.6551,0.6133,7.1352000237,83.33
2023-12-04,1.0888146162,1.2633,147.15,0.8678500056,1.3537,0.662,0.617,7.0618000031,83.4
2023-12-01,1.0892059803,1.2682,147,0.8746600151,1.3495,0.666,0.6198,7.0753998756,83.27
2023-11-30,1.0973695517,1.264,147.87,0.8733199835,1.3587,0.6614,0.6166,7.0788998604,83.36
2023-11-29,1.1005944014,1.269,147.39,0.8769000173,1.3596,0.6618,0.6149,7.0637998581,83.31
2023-11-28,1.0958423615,1.2713,147.41,0.8799999952,1.3562,0.6666,0.6148,7.130300045,83.33
2023-11-27,1.0940439701,1.2613,148.89,0.882250011,1.3633,0.6597,0.609,7.0819001198,83.34
2023-11-24,1.090631485,1.2601,149.57,0.884469986,1.3608,0.6584,0.6083,7.0858001709,83.34
2023-11-23,1.0890873671,,,0.8840299845,,,,7.1542000771,
2023-11-22,1.0918222666,1.2468,149.67,0.8831800222,1.3733,0.6535,0.6014,7.0869002342,83.29
2023-11-21,1.0945948362,1.254,147.88,0.8843600154,1.369,0.6568,0.6063,7.1675000191,83.26
2023-11-20,1.0907027721,1.2505,148.26,0.8859300017,1.372,0.6557,0.6029,7.2097001076,83.33
2023-11-17,1.0853756666,1.243,149.82,0.8884800076,1.374,0.6494,0.5971,7.2410001755,83.25
2023-11-16,1.0854581594,1.2423,150.59,0.8870800138,1.3774,0.6464,0.5978,7.2458000183,83.22
2023-11-15,1.0878314972,1.2431,151.07,0.8891000152,1.3665,0.6518,0.6031,7.2520999908,83.11
2023-11-14,1.0701825619,1.2483,150.75,0.9011999965,1.3711,0.6491,0.5987,7.2890000343,83.32
2023-11-13,1.0690156221,1.2268,151.56,0.9019799829,1.3781,0.6387,0.5892,7.1817998886,83.32
2023-11-10,1.066757679,,,0.903150022,,,,7.2822999954,
2023-11-09,1.0710422993,1.2279,151.04,0.8990799785,1.3766,0.642,0.5947,7.2793002129,83.25
2023-11-08,1.0696102381,1.2301,150.77,0.899969995,1.3798,0.6421,0.5929,7.2781000137,83.28
2023-11-07,1.0721560717,1.2296,150.47,0.8992000222,1.3769,0.6424,0.5932,7.268599987,83.22
2023-11-06,1.0732147694,1.2391,149.77,0.8992099762,1.3662,0.6503,0.598,7.298500061,83.19
2023-11-03,1.061909318,1.2374,149.36,0.9060999751,1.3671,0.6507,0.599,7.3140997887,83.14
2023-11-02,1.0587052107,1.2175,150.48,0.9055500031,1.3788,0.6422,0.5885,7.3158998489,83.22
2023-11-01,1.0579099655,1.2127,150.96,0.909799993,1.3879,0.6363,0.583,7.3154997826,83.24
2023-10-31,1.0615035295,1.2135,151.46,0.9020599723,1.3878,0.6332,0.5816,7.3120999336,83.26
2023-10-30,1.0562450886,1.2157,149.01,0.9024000168,1.3829,0.6374,0.5837,7.1586999893,83.25
2023-10-27,1.0564459562,1.2151,149.6,0.8988299966,1.3866,0.6352,0.5824,7.3148999214,83.27
2023-10-26,1.0567250252,1.2113,150.44,0.8967000246,1.383,0.6312,0.5816,7.3157000542,83.24
2023-10-25,1.059535265,1.214,149.94,0.8930600286,1.3772,0.6334,0.5825,7.3090000153,83.18
2023-10-24,1.0669853687,1.217,149.84,0.8906000257,1.3744,0.6349,0.5835,7.3140997887,83.19
2023-10-23,1.0589966774,1.2235,149.78,0.8931999803,1.3676,0.6337,0.5843,7.3154001236,83.19
2023-10-20,1.0586491823,1.2153,149.85,0.8917899728,1.3692,0.6319,0.583,7.3112001419,83.14
2023-10-19,1.0538518429,1.2145,149.92,0.8985700011,1.3716,0.6325,0.5839,7.3134999275,83.1
2023-10-18,1.057305932,1.215,149.86,0.9001100063,1.3696,0.6336,0.5859,7.3116998672,83.25
2023-10-17,1.0554312468,1.2206,149.71,0.9004700184,1.3622,0.6377,0.5907,7.3092999458,83.22
2023-10-16,1.0521553755,1.2198,149.57,0.9024900198,1.3615,0.6339,0.5924,7.1680998802,83.28
2023-10-13,1.0536741018,1.2139,149.62,0.9078199863,1.365,0.629,0.5893,7.3014998436,83.26
2023-10-12,1.062428236,1.2214,149.71,0.9009900093,1.3656,0.6334,0.5944,7.2986998558,83.28
2023-10-11,1.0604791641,1.2304,149.17,0.9045500159,1.3617,0.6407,0.6023,7.2950000763,83.18
2023-10-10,1.0578875542,1.2288,148.62,0.9048399925,1.3579,0.643,0.6044,7.2904000282,83.25
2023-10-09,1.0567473173,,,0.9086999893,,,,7.3004999161,
2023-10-06,1.0546631813,1.2255,149.08,0.9125900269,1.3657,0.6394,0.5996,7.1977000237,83.25
2023-10-05,1.0507071018,1.2171,148.49,0.9166100025,1.3736,0.635,0.5948,7.2003002167,83.24
2023-10-04,1.0472300053,1.2157,148.83,0.9209700227,1.3739,0.6337,0.5922,7.1943001747,83.25
2023-10-03,1.0480751991,1.2069,149.16,0.9179000258,1.372,0.6293,0.5895,7.1799001694,83.22
2023-10-02,1.0565240383,1.213,149.8,0.9154800177,1.3666,0.6375,0.5957,7.163599968,83.04
2023-09-29,1.0562450886,1.2214,149.43,0.9147599936,1.3535,0.6451,0.6013,7.2999000549,83.08
2023-09-28,1.0505305529,1.2223,149.18,0.9208199978,1.3474,0.6427,0.5973,7.3081002235,83.13
2023-09-27,1.0569483042,1.2133,149.48,0.9157599807,1.3512,0.6368,0.5927,7.3106999397,83.18
2023-09-26,1.0591648817,1.2168,148.9,0.9120799899,1.3509,0.6405,0.5954,7.309899807,83.24
2023-09-25,1.0648492575,1.2218,148.74,0.9071000218,1.3473,0.642,0.5966,7.2975001335,83.11
2023-09-22,1.0661548376,1.2257,148.24,0.9044700265,1.3467,0.6453,0.5975,7.306499958,82.95
2023-09-21,1.0653030872,1.2299,147.42,0.8992000222,1.3484,0.6422,0.5934,7.2859997749,83.11
2023-09-20,1.0682048798,1.2389,147.74,0.8973100185,1.3424,0.6499,0.5977,7.2955999374,83.07
2023-09-19,1.0692671537,1.2393,147.8,0.8972499967,1.3431,0.6458,0.5932,7.290599823,83.27
2023-09-18,1.0668259859,1.2403,147.63,0.896879971,1.3482,0.6442,0.592,7.273900032,83.27
2023-09-15,1.06371665,1.2392,147.83,0.8963999748,1.3504,0.6442,0.5909,7.2758998871,83.15
2023-09-14,1.0734220743,1.241,147.17,0.8931999803,1.3513,0.6445,0.5917,7.2687997818,83.02
2023-09-13,1.0753266811,1.2488,147.45,0.8913900256,1.3533,0.6425,0.5918,7.2909002304,82.93
2023-09-12,1.0750375986,1.2477,147.12,0.8912100196,1.3553,0.6423,0.5905,7.2880001068,82.86
2023-09-11,1.0718113184,1.2529,146.46,0.8920000196,1.3581,0.6435,0.5921,7.2323999405,83.03
2023-09-08,1.0697818995,1.2476,147.7,0.8926699758,1.3621,0.6386,0.5898,7.3277997971,82.93
2023-09-07,1.0724204779,1.2485,147.13,0.8913599849,1.3678,0.638,0.5884,7.3158998489,83.21
2023-09-06,1.0726161003,1.2498,147.65,0.8893899918,1.3655,0.6382,0.5875,7.3034000397,83.14
2023-09-05,1.0794472694,1.2583,147.63,0.8847699761,1.3607,0.6382,0.5883,7.271900177,83.03
2023-09-04,1.0775862932,,,0.8852900267,,,,7.1401000023,
2023-09-01,1.084410429,1.2594,146.2,0.8831999898,1.3582,0.6449,0.594,7.2568998337,82.69
2023-08-31,1.0932546854,1.2667,145.68,0.8781099916,1.3539,0.6468,0.5948,7.2835998535,82.78
2023-08-30,1.0869210958,1.2726,145.94,0.8789600134,1.3515,0.6495,0.5984,7.2793998718,82.73
2023-08-29,1.0825556517,1.2614,146.01,0.88349998,1.3589,0.6459,0.5949,7.2891001701,82.7
2023-08-28,1.0797386169,1.2592,146.4,0.8847299814,1.3596,0.6426,0.5912,7.2890000343,82.6
2023-08-25,1.0799136162,1.257,146.38,0.8851000071,1.3626,0.6401,0.59,7.2765002251,82.64
2023-08-24,1.0865786076,1.2634,145.75,0.8774099946,1.3562,0.6426,0.5925,7.1704998016,82.57
2023-08-23,1.0846692324,1.2715,144.62,0.8798000216,1.3542,0.6469,0.5974,7.2923998833,82.69
2023-08-22,1.0898351669,1.2733,145.79,0.8784620166,1.3547,0.6425,0.5948,7.1979999542,82.94
2023-08-21,1.0875594616,1.2737,146.26,0.8822699785,1.3563,0.6393,0.5905,7.2807002068,83.1
2023-08-18,1.0874648094,1.2738,145.15,0.8782399893,1.3557,0.6413,0.5942,7.2803997993,83.14
2023-08-17,1.0874884129,1.2753,146.16,0.8801400065,1.3522,0.6417,0.5934,7.2969999313,83.09
2023-08-16,1.0904173851,1.2749,145.81,0.8786200285,1.3516,0.644,0.595,7.2814998627,83.19
2023-08-15,1.0909883976,1.2745,145.4,0.8779799938,1.3472,0.6484,0.5977,7.2572999001,82.94
2023-08-14,1.0944391489,1.2691,145.3,0.8766199946,1.3451,0.6496,0.5985,7.1922998428,83.17
2023-08-11,1.098164916,1.2694,144.94,0.8767899871,1.3437,0.6493,0.5983,7.214700222,82.87
2023-08-10,1.0977671146,1.2726,144.4,0.8766999841,1.3401,0.6557,0.6062,7.2086000443,82.69
2023-08-09,1.0958904028,1.2715,143.58,0.8755999804,1.3442,0.6525,0.6048,7.2157001495,82.84
2023-08-08,1.1003158092,1.2729,143.17,0.872699976,1.3454,0.6514,0.6047,7.1922998428,82.85
2023-08-07,1.1002674103,1.2769,142.45,0.8741499782,1.3372,0.6564,0.6097,7.1311998367,82.75
2023-08-04,1.0951583385,1.2775,141.79,0.8742200136,1.3337,0.6605,0.6127,7.1627998352,82.83
2023-08-03,1.0944151878,1.2709,142.42,0.877309978,1.334,0.6554,0.6087,7.1904001236,82.74
2023-08-02,1.1007881165,1.2712,143.21,0.8723800182,1.3334,0.6542,0.6084,7.1764998436,82.58
2023-08-01,1.0997591019,1.275,143.34,0.8716499805,1.3289,0.6611,0.6142,7.0956997871,82.25
2023-07-31,1.1024264097,1.2857,142.18,0.8698199987,1.316,0.673,0.622,7.1027998924,82.24
2023-07-28,1.0978755951,1.287,140.72,0.8688499928,1.3225,0.667,0.6167,7.1730999947,82.22
2023-07-27,1.1078368425,1.287,141.03,0.8615400195,1.3194,0.674,0.6209,7.1500000954,82.15
2023-07-26,1.1050456762,1.293,140.41,0.8645300269,1.3218,0.6756,0.621,7.1353998184,81.99
2023-07-25,1.1063170433,1.2876,140.91,0.8698899746,1.3179,0.6791,0.6224,7.1852998734,81.87
2023-07-24,1.1125326157,1.2828,141.19,0.8662400246,1.3154,0.675,0.6211,7.1778998375,81.81
2023-07-21,1.1137098074,1.2854,141.75,0.8662599921,1.3217,0.6737,0.6178,7.1764998436,81.99
2023-07-20,1.1205234528,1.2849,140.39,0.8579499722,1.3182,0.6778,0.6224,7.2259001732,81.99
2023-07-19,1.1228890419,1.2898,139.76,0.857649982,1.3158,0.6763,0.6244,7.1792998314,82.09
2023-07-18,1.1237596273,1.3054,138.94,0.8603500128,1.3175,0.6817,0.6292,7.1705999374,82.03
2023-07-17,1.1227755547,1.3078,138.92,0.861899972,1.3173,0.6821,0.6335,7.1402997971,82.03
2023-07-14,1.1223469973,1.3113,138.74,0.8591200113,1.3204,0.6843,0.6376,7.1500000954,82.16
2023-07-13,1.1144545078,1.3097,138.14,0.8666099906,1.3126,0.6873,0.6373,7.1652998924,82.04
2023-07-12,1.101406455,1.2993,138.21,0.8787599802,1.3179,0.6782,0.6294,7.2091999054,82.03
2023-07-11,1.1005944014,1.2901,140.51,0.8851299882,1.3249,0.6664,0.6181,7.2305998802,82.39
2023-07-10,1.0969723463,1.2837,141.56,0.888899982,1.3281,0.6669,0.6208,7.2112998962,82.57
2023-07-07,1.0890636444,1.2838,142.21,0.8952800035,1.3284,0.6686,0.621,7.2491998672,82.74
2023-07-06,1.0856584311,1.2721,144.09,0.8985199928,1.3353,0.6619,0.6152,7.2463998795,82.49
2023-07-05,1.0884946585,1.271,144.56,0.8966400027,1.3271,0.6663,0.6185,7.2135000229,82.34
2023-07-04,1.0913099051,,,0.8957999945,,,,7.2397999763,
2023-07-03,1.0907504559,1.2695,144.5,0.8949999809,1.3243,0.6678,0.6155,7.2424001694,81.96
2023-06-30,1.0868029594,1.2709,144.47,0.8991400003,1.3232,0.6663,0.6133,7.2518000603,82.06
2023-06-29,1.091583848,1.2617,144.72,0.8966599703,1.3246,0.6633,0.6075,7.2434000969,82.05
2023-06-28,1.0957223177,1.2637,144.23,0.8937500119,1.3249,0.662,0.6089,7.2186999321,82
2023-06-27,1.0910480022,1.2752,144,0.8956099749,1.3175,0.6683,0.6168,7.2364997864,81.98
2023-06-26,1.0906671286,1.2724,143.55,0.8957800269,1.3145,0.6683,0.617,7.1785001755,82
2023-06-23,1.0958904028,1.2701,143.78,0.8948799968,1.3196,0.6687,0.6149,7.1785001755,82.01
2023-06-22,1.0992635489,1.275,142.89,0.8923000097,1.3164,0.6753,0.6188,7.1784000397,81.93
2023-06-21,1.0920368433,1.2737,142.09,0.897669971,1.3179,0.6781,0.6189,7.1807999611,82.04
2023-06-20,1.0924304724,1.2732,141.46,0.8957800269,1.3246,0.677,0.6151,7.1603999138,82.11
2023-06-19,1.0942115784,,,0.894200027,,,,7.1255998611,
2023-06-16,1.0945948362,1.2815,141.82,0.8916400075,1.3194,0.6865,0.6222,7.1199002266,81.89
2023-06-15,1.0843046904,1.2762,140.49,0.9000800252,1.3237,0.6871,0.6228,7.1626000404,82.18
2023-06-14,1.0789349079,1.2696,139.33,0.9052600265,1.3283,0.6832,0.6235,7.1665000916,82.1
2023-06-13,1.0762988329,1.2611,140,0.9082999825,1.3298,0.6776,0.6148,7.1445999146,82.38
2023-06-12,1.0750954151,1.2489,139.72,0.9031999707,1.3377,0.6747,0.6117,7.127600193,82.43
2023-06-09,1.0782717466,1.2579,139.35,0.8986999989,1.3342,0.674,0.6127,7.1111998558,82.46
2023-06-08,1.0707440376,1.2547,138.83,0.9095399976,1.338,0.6707,0.6094,7.1287999153,82.57
2023-06-07,1.0698047876,1.2451,139.98,0.907130003,1.3363,0.6661,0.6049,7.1188001633,82.5
2023-06-06,1.0711798668,1.2418,139.67,0.9059000015,1.3403,0.6674,0.608,7.1050000191,82.61
2023-06-05,1.0698620081,1.244,139.64,0.9097200036,1.3419,0.6626,0.6084,7.083799839,82.67
2023-06-02,1.0760787725,1.2468,139.76,0.9055899978,1.3438,0.6616,0.6072,7.0929999352,82.35
2023-06-01,1.0695186853,1.2536,138.74,0.9098899961,1.3441,0.6577,0.6076,7.1107997894,82.41
2023-05-31,1.0733069181,1.2396,139.78,0.9057999849,1.3588,0.6473,0.5995,7.0789999962,82.68
2023-05-30,1.0707669258,1.2403,139.83,0.9044600129,1.3593,0.6513,0.6045,7.0722999573,82.67
2023-05-29,1.0723055601,,,0.9056900144,,,,7.0548000336,
2023-05-26,1.0724436045,1.2342,140.53,0.9050499797,1.3625,0.6511,0.6046,7.0774002075,82.58
2023-05-25,1.0757315159,1.2325,139.81,0.9039999843,1.3636,0.6506,0.6051,7.059800148,82.76
2023-05-24,1.0769711733,1.2368,139.14,0.9013100266,1.3589,0.6541,0.6108,7.0563998222,82.66
2023-05-23,1.081104517,1.2423,138.74,0.8982999921,1.3485,0.6622,0.626,7.0309000015,82.84
2023-05-22,1.0822745562,1.2425,138.65,0.8981900215,1.3508,0.6644,0.6275,7.0068998337,82.83
2023-05-19,1.0775396824,1.2464,137.67,0.9048699737,1.3508,0.6661,0.6288,7.0350999832,82.65
2023-05-18,1.0838346481,1.2424,138.5,0.8987420201,1.3502,0.6618,0.6219,6.9970998764,82.77
2023-05-17,1.0865668058,1.2475,137.51,0.8963500261,1.3483,0.6651,0.625,6.9766001701,82.39
2023-05-16,1.0873701572,1.2494,136.62,0.8954600096,1.3456,0.6663,0.6237,6.9516000748,82.26
2023-05-15,1.0852696896,1.2526,136.07,0.8983799815,1.3482,0.6698,0.6226,6.9573001862,82.3
2023-05-12,1.0912145376,1.2464,135.63,0.8939999938,1.354,0.6649,0.6193,6.9477000237,82.17
2023-05-11,1.0984061956,1.2501,134.46,0.8892899752,1.3487,0.6694,0.6296,6.932199955,82.13
2023-05-10,1.0964671373,1.2614,134.52,0.8901600242,1.3374,0.6764,0.6354,6.9194002151,81.94
2023-05-09,1.0996140242,1.2618,135.15,0.8899099827,1.3399,0.6752,0.6321,6.9114999771,82.04
2023-05-08,1.1018676758,1.2633,134.83,0.8911700249,1.3356,0.6792,0.635,6.9095001221,81.78
2023-05-05,1.1022927761,1.265,134.85,0.8852000237,1.3419,0.6747,0.6299,6.9057002068,81.81
2023-05-04,1.1068925858,1.258,133.76,0.8834199905,1.357,0.6676,0.6282,6.9106001854,81.73
2023-05-03,1.1010911465,1.2547,135.31,0.8922500014,1.361,0.6675,0.6238,6.9106001854,81.83
2023-05-02,1.0969241858,1.2475,136.46,0.8958699703,1.3627,0.667,0.6208,6.9109997749,81.89
2023-05-01,1.1010911465,1.2495,137.35,0.8948000073,1.3541,0.6636,0.6171,6.9110999107,81.84
2023-04-28,1.1032048464,1.2582,135.99,0.8938800097,1.3552,0.6617,0.6187,6.9222998619,81.84
2023-04-27,1.1047282219,1.2471,134.04,0.8908100128,1.3611,0.6614,0.6133,6.9257998466,81.84
2023-04-26,1.0978394747,1.2486,133.72,0.8918200135,1.3601,0.6616,0.6135,6.9316000938,81.74
2023-04-25,1.1059499979,1.2398,133.96,0.8870900273,1.3627,0.6628,0.6144,6.8948998451,81.92
2023-04-24,1.09922719,1.2457,134.41,0.8917000294,1.3543,0.6681,0.6142,6.8924999237,81.9
2023-04-21,1.0970927477,1.2419,134.28,0.8923199773,1.3534,0.6691,0.6138,6.8720998764,82.06
2023-04-20,1.0952183008,1.2448,134.1,0.8977000117,1.3459,0.6754,0.6191,6.8850998878,82.1
2023-04-19,1.0975382328,1.2442,134.79,0.8959000111,1.3454,0.6717,0.6206,6.8748998642,82.18
2023-04-18,1.0925379992,1.2419,134.11,0.8985099792,1.3391,0.6719,0.6204,6.8787999153,82.08
2023-04-17,1.0986596346,1.2359,134.51,0.8948000073,1.3403,0.6692,0.6174,6.8703999519,81.98
2023-04-14,1.1054610014,1.2417,133.74,0.8889999986,1.3379,0.6702,0.6208,6.8678002357,81.88
2023-04-13,1.0999890566,1.2531,132.37,0.8957729936,1.3344,0.6779,0.6307,6.8737001419,81.65
2023-04-12,1.091750741,1.2471,133.25,0.9028999805,1.345,0.6688,0.6213,6.8854999542,81.98
2023-04-11,1.0869328976,1.2409,133.63,0.9088100195,1.348,0.6649,0.6194,6.8811001778,82.04
2023-04-10,1.0913575888,1.2358,133.75,0.9042699933,1.3534,0.6625,0.6202,6.8692998886,82.01
2023-04-07,1.0920130014,1.2422,132.11,0.904399991,1.3513,0.6668,0.6246,6.8748998642,81.85
2023-04-06,1.090334177,1.2456,131.67,0.9063599706,1.3472,0.6674,0.6252,6.8784999847,81.86
2023-04-05,1.0960105658,1.2469,131.11,0.9053999782,1.3453,0.6728,0.633,6.8787999153,81.89
2023-04-04,1.0912265778,1.2498,131.6,0.912710011,1.3454,0.6742,0.6304,6.8772997856,82.33
2023-04-03,1.0803335905,1.2403,132.35,0.917509973,1.3435,0.6784,0.6289,6.8680000305,82.24
2023-03-31,1.0904649496,1.2369,132.75,0.9133800268,1.3525,0.6704,0.6271,6.8703999519,82.19
2023-03-30,1.0843634605,1.2368,132.71,0.9180999994,1.3536,0.6701,0.6252,6.88560009,82.34
2023-03-29,1.0839520693,1.2313,132.69,0.9204000235,1.3575,0.668,0.6222,6.8733000755,82.18
2023-03-28,1.0807071924,1.2341,130.97,0.915019989,1.3615,0.6709,0.625,6.8843998909,82.17
2023-03-27,1.0778185129,1.2278,131.49,0.9199000001,1.3686,0.6642,0.6189,6.867000103,82.24
2023-03-24,1.0835057497,1.2225,130.64,0.9164000154,1.3763,0.6643,0.6207,6.8183999062,82.34
2023-03-23,1.0870392323,1.2322,130.99,0.9165199995,1.3658,0.6719,0.6284,6.8791999817,82.07
2023-03-22,1.0774236917,1.2232,132.67,0.9214699864,1.3722,0.6686,0.6221,6.882999897,82.66
2023-03-21,1.0719147921,1.2195,132.27,0.9291999936,1.3732,0.6652,0.6171,6.877699852,82.59
2023-03-20,1.0678855181,1.2257,131.59,0.9267399907,1.3686,0.6711,0.6246,6.8860998154,82.55
2023-03-17,1.0614134073,1.2141,132.01,0.9291700125,1.3753,0.6683,0.6249,6.8975000381,82.56
2023-03-16,1.0583354235,1.2111,133.01,0.9310299754,1.3761,0.6652,0.6172,6.9059000015,82.63
2023-03-15,1.072765708,1.2032,132.81,0.9144999981,1.3799,0.6611,0.6182,6.8705000877,82.84
2023-03-14,1.0725010633,1.2146,134.33,0.9124910235,1.3676,0.6662,0.6224,6.8446002007,82.25
2023-03-13,1.0683646202,1.216,133.13,0.9183999896,1.3687,0.6686,0.624,6.9052000046,82.19
2023-03-10,1.0584698915,1.2043,135.05,0.9328500032,1.3804,0.661,0.6147,6.9636001587,81.93
2023-03-09,1.0549525023,1.1922,136.41,0.940869987,1.3777,0.6611,0.613,6.9503002167,82.02
2023-03-08,1.0550749302,1.1837,137.18,0.9422299862,1.3784,0.6602,0.6111,6.961400032,81.86
2023-03-07,1.0688328743,1.1857,136.9,0.9306899905,1.3736,0.66,0.6127,6.9293999672,81.93
2023-03-06,1.062620163,1.2048,135.93,0.9368000031,1.3606,0.6738,0.6193,6.9067997932,81.77
2023-03-03,1.0599732399,1.1996,136.09,0.9418699741,1.3609,0.6759,0.621,6.9137997627,81.98
2023-03-02,1.0668942928,1.1942,136.84,0.9394699931,1.3616,0.672,0.621,6.8680000305,82.41
2023-03-01,1.0577309132,1.2034,135.82,0.9418680072,1.3597,0.6768,0.6262,6.9323000908,82.43
2023-02-28,1.0611205101,1.2093,136.09,0.9355999827,1.3616,0.6744,0.6194,6.9439001083,82.57
2023-02-27,1.055475831,1.2036,136.18,0.9400299788,1.3574,0.673,0.6164,6.9549999237,82.69
2023-02-24,1.0598047972,1.1948,136.36,0.9336900115,1.3618,0.6735,0.6166,6.9070000648,82.97
2023-02-23,1.0605803728,1.2016,134.8,0.9312400222,1.3567,0.6787,0.6208,6.8913002014,82.59
2023-02-22,1.0652009249,1.2064,134.77,0.9275000095,1.354,0.6819,0.6234,6.8724999428,82.78
2023-02-21,1.068261981,1.2111,134.87,0.9231799841,1.3515,0.6865,0.6214,6.8541002274,82.85
2023-02-20,1.0684444904,,,0.9253500104,,,,6.8576002121,
2023-02-17,1.0665756464,1.2012,134.21,0.9264600277,1.3487,0.6865,0.6235,6.8597002029,82.73
2023-02-16,1.0691757202,1.2018,133.95,0.9233599901,1.3451,0.6889,0.6267,6.8519001007,82.74
2023-02-15,1.0735719204,1.2031,134.22,0.9215300083,1.3401,0.6893,0.6276,6.8259000778,82.78
2023-02-14,1.0730419159,1.2157,133.05,0.9186199903,1.3367,0.6962,0.6324,6.8218998909,82.86
2023-02-13,1.0677714348,1.2136,132.71,0.923789978,1.3348,0.6964,0.6359,6.8083000183,82.72
2023-02-10,1.0742292404,1.2061,131.5,0.9219740033,1.3363,0.6919,0.6308,6.7796998024,82.47
2023-02-09,1.0715816021,1.2157,130.98,0.9209100008,1.3428,0.6964,0.6352,6.7881999016,82.44
2023-02-08,1.0729728937,1.2093,131.27,0.9216499925,1.343,0.6941,0.6312,6.791200161,82.65
2023-02-07,1.0730764866,1.2013,131.37,0.9278699756,1.344,0.6925,0.6305,6.7940001488,82.81
2023-02-06,1.0790861845,1.2009,132.76,0.9263299704,1.3442,0.6869,0.6284,6.7741999626,82.77
2023-02-03,1.0905125141,1.2073,131.07,0.9132000208,1.3395,0.6946,0.6344,6.7315001488,82.21
2023-02-02,1.1012852192,1.226,128.45,0.9072600007,1.3317,0.7084,0.6493,6.7407999039,82.03
2023-02-01,1.0860947371,1.2308,129.27,0.9162499905,1.3335,0.7067,0.6435,6.7536001205,81.73
2023-01-31,1.085069418,1.2324,130.17,0.9252799749,1.3333,0.705,0.6466,6.7477998734,81.69
2023-01-30,1.0871455669,1.2373,130.34,0.9208599925,1.335,0.7076,0.6486,6.7824001312,81.47
2023-01-27,1.0894432068,1.2379,129.94,0.9201999903,1.3314,0.7102,0.6483,6.7824997902,81.54
2023-01-26,1.0922038555,1.237,130.4,0.9169700146,1.3348,0.7094,0.6471,6.7828998566,81.59
2023-01-25,1.0888146162,1.2374,129.64,0.9222999811,1.3413,0.7083,0.6463,6.7835001945,81.49
2023-01-24,1.087429285,1.2323,130.07,0.9216700196,1.3369,0.7042,0.6501,6.7829999924,81.53
2023-01-23,1.0865077972,1.237,130.69,0.9198899865,1.3384,0.7024,0.6477,6.782599926,81.41
2023-01-20,1.0833883286,1.2374,129.97,0.9154999852,1.3416,0.6953,0.6457,6.7758002281,80.99
2023-01-19,1.079785347,1.2366,128.48,0.9159399867,1.3494,0.6887,0.6375,6.7470998764,81.28
2023-01-18,1.079330802,1.2369,128.45,0.9219200015,1.3436,0.6988,0.646,6.7723999023,81.33
2023-01-17,1.0830129385,1.2264,128.18,0.9253900051,1.338,0.6986,0.6425,6.7325000763,81.57
2023-01-16,1.0824619532,,,0.9267200232,,,,6.7017998695,
2023-01-13,1.0860239267,1.2194,127.85,0.9272000194,1.3413,0.695,0.6361,6.7378001213,81.31
2023-01-12,1.0766000748,1.2182,129.75,0.9309200048,1.338,0.6946,0.6377,6.7690000534,81.19
2023-01-11,1.0738946199,1.2125,132.58,0.9222400188,1.3422,0.6899,0.6347,6.7774000168,81.6
2023-01-10,1.0733183622,1.2155,132.25,0.920930028,1.3433,0.6883,0.6362,6.7709999084,81.6
2023-01-09,1.0656323433,1.2206,131.58,0.9268699884,1.3372,0.6948,0.6401,6.8373999596,82.36
2023-01-06,1.0522217751,1.2064,132.21,0.9358299971,1.3452,0.6864,0.6334,6.8814997673,82.72
2023-01-05,1.0606365204,1.1902,133.57,0.9295899868,1.3579,0.6744,0.6224,6.8878002167,82.57
2023-01-04,1.0546854734,1.2063,132,0.9358000159,1.3492,0.686,0.6314,6.9141001701,82.72
2023-01-03,1.0677714348,1.197,130.83,0.9240000248,1.3664,0.673,0.6247,6.8970999718,82.86
2023-01-02,1.0709733963,,,0.9237999916,,,,6.896900177,
2022-12-30,1.066075325,1.2077,131.81,0.9228500128,1.3532,0.6805,0.6342,6.9630999565,82.72
2022-12-29,1.0629251003,1.206,133.16,0.9277099967,1.3546,0.6779,0.6351,6.9776000977,82.83
2022-12-28,1.06371665,1.2034,134.27,0.9291999936,1.3588,0.6752,0.6308,6.9590001106,82.74
2022-12-27,1.0640221834,1.2032,133.43,0.932009995,1.3504,0.6742,0.6284,6.9612002373,82.88
2022-12-26,1.066780448,,,0.9328799844,,,,6.988699913,
2022-12-23,1.0603330135,1.2054,132.78,0.9309999943,1.3587,0.671,0.6293,6.9829998016,82.86
2022-12-22,1.0610079765,1.2032,132.34,0.9262999892,1.3653,0.6671,0.6253,6.9805998802,82.93
2022-12-21,1.0626993179,1.2072,132.36,0.9261900187,1.3622,0.6696,0.6286,6.9608001709,82.81
2022-12-20,1.0614584684,1.2146,131.08,0.928730011,1.3618,0.6665,0.6332,6.9786000252,82.58
2022-12-19,1.0585035086,1.218,136.87,0.9345800281,1.3638,0.6711,0.6372,6.972099781,82.65
2022-12-16,1.0640561581,1.2168,136.55,0.9276400208,1.369,0.6691,0.637,6.9721999168,82.71
2022-12-15,1.0676347017,1.2206,137.92,0.9243500233,1.3649,0.67,0.6342,6.9499001503,82.75
2022-12-14,1.0626653433,1.2408,134.95,0.9289799929,1.3567,0.6861,0.645,6.9433999062,82.5
2022-12-13,1.0541739464,1.2375,135.14,0.935739994,1.353,0.6869,0.6479,6.9765000343,82.49
2022-12-12,1.0522217751,1.2285,137.47,0.9349899888,1.3654,0.6741,0.6377,6.9566001892,82.67
2022-12-09,1.0559661388,1.2311,136.4,0.9358599782,1.3604,0.6809,0.6424,6.9663000107,82.46
2022-12-08,1.051325798,1.2235,136.45,0.9402700067,1.3574,0.6769,0.6376,6.9725999832,82.29
2022-12-07,1.0469011068,1.2194,136.57,0.9420300126,1.364,0.6722,0.6366,6.9949002266,82.31
2022-12-06,1.0496923923,1.2202,136.67,0.9423000216,1.3652,0.6698,0.6327,6.9608998299,82.42
2022-12-05,1.0544185638,1.2169,136.55,0.9364500046,1.3571,0.6713,0.6307,7.023900032,81.77
2022-12-02,1.0528421402,1.2292,134.89,0.9363899827,1.3448,0.6801,0.6398,7.0437002182,81.41
2022-12-01,1.0425354242,1.2252,135.55,0.9438800216,1.3427,0.6804,0.6372,7.0762000084,81.17
2022-11-30,1.0324499607,1.1962,139.31,0.9543099999,1.3538,0.6717,0.6234,7.1593999863,81.43
2022-11-29,1.0345541239,1.1996,138.28,0.9487900138,1.3636,0.6691,0.62,7.2070999146,81.61
2022-11-28,1.03675282,1.2041,138.67,0.9473800063,1.3433,0.6694,0.6204,7.1704998016,81.61
2022-11-25,1.0408102274,1.2102,139.21,0.9433699846,1.337,0.675,0.6244,7.1503000259,81.73
2022-11-24,1.041623354,,,0.9406999946,,,,7.1658000946,
2022-11-23,1.0311086178,1.204,139.76,0.9510899782,1.3416,0.6707,0.6221,7.1392998695,81.71
2022-11-22,1.0245691538,1.188,141.29,0.9584299922,1.3401,0.6635,0.614,7.1641998291,81.69
2022-11-21,1.0330898762,1.1785,141.95,0.9533299804,1.3483,0.659,0.6093,7.1188998222,81.68
2022-11-18,1.0361728668,1.1902,140.03,0.9526799917,1.3379,0.6681,0.616,7.1561999321,81.76
2022-11-17,1.039501071,1.1812,140.45,0.9443799853,1.3343,0.6666,0.61,7.0872001648,81.69
2022-11-16,1.0357863903,1.1889,139.59,0.9429100156,1.3343,0.6733,0.6145,7.0430002213,81.46
2022-11-15,1.031927824,1.189,139.36,0.9431999922,1.328,0.6779,0.6174,7.0728998184,80.94
2022-11-14,1.0328551531,1.1728,140.43,0.944050014,1.3295,0.6695,0.6097,7.1071000099,80.98
2022-11-11,1.0192224979,,,0.9649099708,,,,7.1859002113,
2022-11-10,1.0019538403,1.1677,141.78,0.9835000038,1.3362,0.659,0.601,7.2407999039,80.72
2022-11-09,1.008084774,1.1396,146.15,0.9844499826,1.3453,0.6448,0.5899,7.2481999397,81.25
2022-11-08,1.0018634796,1.1595,145.38,0.9888799787,1.3389,0.6545,0.5996,7.2287998199,81.27
2022-11-07,0.9928810596,1.1463,146.64,0.9967399836,1.3497,0.6463,0.592,7.1750998497,81.95
2022-11-04,0.9749630094,1.1279,147.22,1.0134199858,1.3528,0.6435,0.589,7.3007998466,82.03
2022-11-03,0.9814409018,1.1183,148.18,1.0032800436,1.3729,0.6294,0.5779,7.2887001038,82.76
2022-11-02,0.9877909422,1.1467,147.11,0.9997000098,1.3628,0.6412,0.5863,7.276599884,82.72
2022-11-01,0.9886307716,1.146,148.11,1.0014100075,1.3639,0.6392,0.5842,7.3017997742,82.62
2022-10-31,0.9955002666,1.1515,148.63,0.9964100122,1.3639,0.6394,0.581,7.2513999939,82.73
2022-10-28,0.9967803955,1.1573,147.68,0.990440011,1.3622,0.6396,0.5792,7.2279000282,82.33
2022-10-27,1.009193778,1.1574,146.02,0.9850100279,1.3532,0.6477,0.5845,7.1718997955,82.36
2022-10-26,0.996373117,1.1615,146.5,0.9946699739,1.3551,0.6499,0.5834,7.303800106,82.73
2022-10-25,0.988650322,1.1469,147.85,0.9994000196,1.3616,0.6395,0.5762,7.2618999481,82.44
2022-10-24,0.9860085845,1.1295,148.76,0.997879982,1.3704,0.631,0.5691,7.2428002357,82.68
2022-10-21,0.977889955,1.1292,146.35,1.0038100481,1.3673,0.6368,0.5754,7.2157998085,82.58
2022-10-20,0.9766482711,1.1288,149.82,1.0048099756,1.3715,0.6336,0.5722,7.2273001671,82.66
2022-10-19,0.9863878489,1.1232,149.77,0.9936800003,1.3783,0.6271,0.5668,7.2006001472,82.95
2022-10-18,0.9846396446,1.1307,149.23,0.9955000281,1.379,0.6281,0.5663,7.195499897,82.29
2022-10-17,0.9739374518,1.1427,148.71,1.0036699772,1.3723,0.6309,0.5646,7.1900000572,82.16
2022-10-14,0.9751340151,1.1208,148.46,1.0014100075,1.3873,0.6219,0.5568,7.1694998741,82.28
2022-10-13,0.9707984328,1.1344,147.15,0.9973899722,1.3744,0.6285,0.5621,7.1740999222,82.28
2022-10-12,0.9700167775,1.1096,146.87,0.997600019,1.3797,0.6273,0.5607,7.1644001007,82.25
2022-10-11,0.9710057378,1.1168,145.55,0.9995099902,1.3737,0.6329,0.5642,7.1536002159,82.22
2022-10-10,0.973501265,,,0.9945600033,,,,7.1149997711,
2022-10-07,0.9789045453,1.1116,145.19,0.9899700284,1.3692,0.6393,0.5628,7.1149997711,82.32
2022-10-06,0.991099894,1.1133,144.94,0.9813200235,1.3732,0.6411,0.5659,7.1149997711,82.06
2022-10-05,0.9984324574,1.1275,144.73,0.9786900282,1.3662,0.6466,0.5704,7.1149997711,81.5
2022-10-04,0.9832068682,1.1446,144.32,0.992560029,1.3551,0.6493,0.574,7.1149001122,81.45
2022-10-03,0.9792688489,1.1272,144.5,0.985650003,1.3651,0.6501,0.5709,7.1149997711,81.56
2022-09-30,0.982955575,1.1134,144.71,0.9749299884,1.3752,0.6437,0.5642,7.1238999367,81.37
2022-09-29,0.9708172083,1.1048,144.45,0.9776200056,1.37,0.649,0.5707,7.1989998817,81.54
2022-09-28,0.9596191645,1.0832,144.15,0.9915199876,1.3648,0.6512,0.5703,7.1767997742,81.61
2022-09-27,0.9623712301,1.0753,144.71,0.9921299815,1.3738,0.6445,0.5649,7.1479997635,81.63
2022-09-26,0.9689922929,1.0703,144.45,0.9824100137,1.3745,0.6466,0.5666,7.1273999214,81.6
2022-09-23,0.9841550589,1.0921,143.18,0.9757000208,1.3581,0.6543,0.5763,7.0766000748,81.11
2022-09-22,0.983071506,1.1269,142.16,0.9679399729,1.3499,0.6636,0.5844,7.0479001999,81
2022-09-21,0.9970785379,1.133,144.14,0.9636999965,1.3397,0.6661,0.5884,7.0171999931,79.96
2022-09-20,1.0029587746,1.1405,143.64,0.9640899897,1.3339,0.6704,0.5909,7.0055999756,79.72
2022-09-19,1.0022349358,1.1403,143.34,0.9632099867,1.3287,0.6694,0.5936,6.9790000916,79.71
2022-09-16,0.9988313317,1.1419,143.04,0.9617999792,1.3273,0.6703,0.5978,6.9930000305,79.66
2022-09-15,0.9984025359,1.1472,143.57,0.9618939757,1.3204,0.6708,0.5975,6.9609999657,79.82
2022-09-14,0.9982032776,1.1564,142.93,0.9603300095,1.3156,0.6752,0.6013,6.9240999222,79.41
2022-09-13,1.0129557848,1.1526,144.3,0.9527999759,1.3123,0.6763,0.6013,6.9250001907,79.49
2022-09-12,1.0071406364,1.1701,142.41,0.9599199891,1.2976,0.6887,0.6151,6.9254999161,79.35
2022-09-09,1.0012015104,1.16,142.44,0.9686499834,1.3036,0.6846,0.6114,6.9565000534,79.61
2022-09-08,0.9995701909,1.1489,144.05,0.9769600034,1.3118,0.674,0.6047,6.9653000832,79.71
2022-09-07,0.9897951484,1.1473,144.39,0.9845200181,1.3166,0.6731,0.6035,6.9531002045,79.82
2022-09-06,0.9952229857,1.1549,142.95,0.978399992,1.3122,0.675,0.6052,6.9331002235,79.86
2022-09-05,0.9909427762,,,0.9833499789,,,,6.8990001678,
2022-09-02,0.9952328801,1.1582,140.03,0.9812899828,1.3089,0.6845,0.6135,6.9054999352,79.7
2022-09-01,1.0039051771,1.1541,139.93,0.9790700078,1.316,0.678,0.6069,6.8888998032,79.65
2022-08-31,1.0025062561,1.1647,138.69,0.9739199877,1.3091,0.6866,0.6136,6.9107999802,79.45
2022-08-30,1.0014019012,1.1651,138.73,0.9671199918,1.309,0.6875,0.6139,6.9070000648,79.6
2022-08-29,0.9938678145,1.1718,138.74,0.9685000181,1.3001,0.6909,0.6161,6.8708000183,79.96
2022-08-26,0.9971283078,1.1778,137.07,0.9636499882,1.3006,0.6921,0.6161,6.8482999802,79.87
2022-08-25,0.9969095588,1.1803,136.83,0.9664599895,1.2944,0.6961,0.6215,6.8585000038,79.9
2022-08-24,0.9966909885,1.1802,136.92,0.9643800259,1.2969,0.6913,0.619,6.8336000443,79.82
2022-08-23,0.9939467907,1.1844,136.36,0.9643999934,1.2945,0.6943,0.6227,6.8478999138,79.81
2022-08-22,1.0035223961,1.1752,137.57,0.9588000178,1.3038,0.6871,0.6164,6.8157000542,79.86
2022-08-19,1.0089900494,1.181,137.01,0.9565899968,1.2994,0.687,0.6177,6.784599781,79.89
2022-08-18,1.018018961,1.197,135.29,0.9513400197,1.2945,0.693,0.6268,6.779900074,79.66
2022-08-17,1.0170663595,1.203,135.4,0.9496600032,1.2932,0.6914,0.6262,6.7873997688,79.41
2022-08-16,1.0161981583,1.209,134.38,0.9459599853,1.2874,0.7011,0.6337,6.771999836,79.31
2022-08-15,1.0256409645,1.209,133.13,0.9417999983,1.2891,0.7046,0.6382,6.7417998314,79.48
2022-08-12,1.0316723585,1.2132,133.57,0.9413200021,1.2783,0.7106,0.6437,6.7435998917,79.65
2022-08-11,1.0300782919,1.223,132.66,0.9423000216,1.2744,0.7119,0.6444,6.722799778,79.54
2022-08-10,1.0208144188,1.2245,132.58,0.9541699886,1.2773,0.7099,0.6427,6.7516999245,79.07
2022-08-09,1.0197629929,1.2089,134.95,0.9548799992,1.288,0.6973,0.6287,6.7498998642,79.65
2022-08-08,1.0170871019,1.2098,134.73,0.9622399807,1.2854,0.6991,0.6289,6.7609000206,79.58
2022-08-05,1.0247792006,1.2061,135.33,0.9540799856,1.2942,0.6901,0.6239,6.7477998734,79.36
2022-08-04,1.0157645941,1.2141,133.28,0.9611899853,1.2852,0.6966,0.6297,6.7569999695,79.23
2022-08-03,1.0155687332,1.2132,134.18,0.9584800005,1.2869,0.693,0.625,6.7518000603,79.13
2022-08-02,1.0261356831,1.2218,132.32,0.9501000047,1.2855,0.6952,0.6281,6.7677001953,78.49
2022-08-01,1.02082479,1.2278,131.8,0.9530699849,1.283,0.7035,0.6346,6.7431998253,78.93
2022-07-29,1.0192328691,1.2183,133.25,0.9544199705,1.2801,0.6985,0.6279,6.7458000183,79.33
2022-07-28,1.0209290981,1.2126,134.45,0.9581900239,1.2835,0.6971,0.6277,6.7574000359,79.64
2022-07-27,1.0129557848,1.2027,137.31,0.9622399807,1.2881,0.6921,0.6199,6.7623000145,79.92
2022-07-26,1.0224949121,1.2036,136.62,0.9642900229,1.2891,0.6939,0.6235,6.7494997978,79.82
2022-07-25,1.0200231075,1.2042,136.72,0.9629999995,1.2845,0.6954,0.6259,6.7505002022,79.79
2022-07-22,1.0221081972,1.2019,136.12,0.9661999941,1.2861,0.6948,0.6273,6.7656002045,79.83
2022-07-21,1.0182781219,1.1968,137.94,0.9714699984,1.2885,0.6896,0.6216,6.7548999786,79.85
2022-07-20,1.0231330395,1.1989,138.16,0.9688000083,1.2875,0.6897,0.6238,6.7437000275,79.96
2022-07-19,1.0145177841,1.2022,137.94,0.9775000215,1.2887,0.6904,0.6228,6.7423000336,79.88
2022-07-18,1.0096318722,1.1989,138.23,0.9756000042,1.2919,0.6838,0.6172,6.7564997673,79.99
2022-07-15,1.002566576,1.1857,138.57,0.9829999804,1.3041,0.6793,0.6158,6.7551999092,79.74
2022-07-14,1.0032706261,1.1827,138.94,0.980799973,1.31,0.6744,0.6124,6.7175998688,79.94
2022-07-13,1.0033109188,1.1919,137.34,0.9818699956,1.2956,0.6786,0.6156,6.7232999802,79.68
2022-07-12,1.0047525167,1.1905,136.68,0.982739985,1.3003,0.6772,0.614,6.7171998024,79.45
2022-07-11,1.0166114569,1.1907,137.29,0.9777299762,1.2979,0.675,0.6136,6.6943001747,79.46
2022-07-08,1.0169836283,1.2036,136.16,0.9738000035,1.2947,0.6858,0.6196,6.7005000114,79.25
2022-07-07,1.0186411142,1.1994,135.99,0.9702000022,1.2988,0.6827,0.617,6.7065000534,79.12
2022-07-06,1.0257673264,1.1907,135.66,0.9684979916,1.3052,0.6774,0.614,6.7188000679,79.02
2022-07-05,1.0433186293,1.1932,135.72,0.9608299732,1.3064,0.6774,0.6142,6.6985998154,79.27
2022-07-04,1.043394804,,,0.9584000111,,,,6.7005000114,
2022-07-01,1.0477677584,1.2048,135.09,0.9550899863,1.2915,0.6789,0.6187,6.6982002258,78.89
2022-06-30,1.0446591377,1.2162,135.69,0.9541800022,1.2871,0.6905,0.6245,6.6998000145,79.02
2022-06-29,1.0523545742,1.2151,136.5,0.9566900134,1.2861,0.6887,0.6224,6.7073001862,78.91
2022-06-28,1.0580891371,1.22,136.19,0.9561600089,1.2882,0.6916,0.6254,6.6907000542,78.97
2022-06-27,1.0566133261,1.2305,135.26,0.9572899938,1.287,0.6942,0.6318,6.6887998581,78.45
2022-06-24,1.0520114899,1.2273,135.22,0.9613599777,1.2919,0.6946,0.6319,6.6972999573,78.25
2022-06-23,1.0564124584,1.224,134.72,0.9617499709,1.2979,0.6893,0.6281,6.7010998726,78.14
2022-06-22,1.053263545,1.228,136.05,0.9660199881,1.2932,0.6934,0.6293,6.6883997917,78.21
2022-06-21,1.0520778894,1.2277,136.25,0.9671000242,1.2927,0.6975,0.6345,6.6914000511,78.08
2022-06-20,1.0491417646,,,0.9695600271,,,,6.7157001495,
2022-06-17,1.0546854734,1.2201,135.14,0.9667400122,1.3054,0.6923,0.6291,6.703400135,78
2022-06-16,1.0456204414,1.2341,131.65,0.9946200252,1.2925,0.6998,0.6338,6.7122998238,78
2022-06-15,1.0440592766,1.2057,134.5,0.9994999766,1.297,0.6946,0.6241,6.7395000458,78.12
2022-06-14,1.0415147543,1.2011,134.89,0.9966650009,1.2933,0.6885,0.6221,6.7534999847,78.01
2022-06-13,1.0489987135,1.217,134.12,0.9894499779,1.2851,0.6946,0.6276,6.7079000473,78.08
2022-06-10,1.0619205236,1.233,134.19,0.9804000258,1.2782,0.7054,0.6363,6.69080019,78.08
2022-06-09,1.0717654228,1.2511,134.06,0.9788399935,1.2651,0.712,0.6405,6.6827001572,77.84
2022-06-08,1.0698620081,1.2557,134.06,0.9734899998,1.2524,0.7218,0.647,6.6697001457,77.65
2022-06-07,1.0691413879,1.2594,132.53,0.9713000059,1.255,0.7212,0.6475,6.652900219,77.66
2022-06-06,1.0726046562,1.2544,131.55,0.9622600079,1.257,0.7207,0.6499,6.6592998505,77.83
2022-06-03,1.0751069784,1.2496,130.71,0.9574400187,1.2581,0.7209,0.6505,6.6592001915,77.59
2022-06-02,1.0654165745,1.2557,129.83,0.9631000161,1.2587,0.7251,0.655,6.6852002144,77.41
2022-06-01,1.073410511,1.2472,130.09,0.9595199823,1.267,0.7164,0.6471,6.6717000008,77.59
2022-05-31,1.0773539543,1.2624,128.53,0.9582300186,1.2639,0.7188,0.652,6.660299778,77.59
2022-05-30,1.073145628,,,0.9578499794,,,,6.6975998878,
2022-05-27,1.0732953548,1.2613,127.14,0.9585599899,1.274,0.7155,0.6535,6.7378001213,77.58
2022-05-26,1.0686614513,1.2582,127.23,0.9615300298,1.2788,0.7078,0.6462,6.6916999817,77.66
2022-05-25,1.0736525059,1.2539,127.31,0.9602000117,1.2837,0.7066,0.6459,6.6529998779,77.58
2022-05-24,1.0682048798,1.2544,126.56,0.9659500122,1.284,0.7081,0.6443,6.6497998238,77.5
2022-05-23,1.0569819212,1.2571,127.78,0.9749900103,1.2784,0.7099,0.6462,6.6919999123,77.51
2022-05-20,1.0578987598,1.2492,127.86,0.9721800089,1.2837,0.7032,0.6388,6.712100029,77.79
2022-05-19,1.0472739935,1.2504,127.62,0.9871399999,1.2821,0.7057,0.64,6.7533998489,77.45
2022-05-18,1.0547856092,1.2396,128.22,0.9937999845,1.2838,0.6998,0.6333,6.7361998558,77.71
2022-05-17,1.0438958406,1.2468,129.31,1.0017199516,1.2839,0.7013,0.6352,6.7850999832,77.46
2022-05-16,1.040063262,1.227,129.15,1.0022300482,1.2883,0.6943,0.6284,6.7880001068,77.82
2022-05-13,1.0379581451,1.2242,129.23,1.0030499697,1.2929,0.6918,0.6261,6.785900116,77.42
2022-05-12,1.051248312,1.2198,128.1,0.9944599867,1.3055,0.6852,0.6237,6.7206997871,77.39
2022-05-11,1.0532968044,1.2317,130.2,0.9957000017,1.2943,0.6994,0.6339,6.7336001396,77.28
2022-05-10,1.0565798283,1.2313,130.21,0.9926999807,1.303,0.6925,0.6286,6.7298002243,77.31
2022-05-09,1.0532191992,1.2335,130.37,0.9893299937,1.2962,0.6989,0.6347,6.665599823,77.45
2022-05-06,1.0539740324,1.2344,130.35,0.9851999879,1.289,0.7091,0.6427,6.6546001434,76.9
2022-05-05,1.0622477531,1.2334,130.41,0.9731900096,1.2849,0.7089,0.6405,6.6075000763,76.54
2022-05-04,1.0528532267,1.2487,129.97,0.978760004,1.2817,0.7145,0.6447,6.6073999405,76.24
2022-05-03,1.0509058237,1.251,130.09,0.9778400064,1.2837,0.7099,0.644,6.6075000763,76.49
2022-05-02,1.0535964966,1.2523,130.18,0.9741700292,1.2884,0.7058,0.6433,6.6075000763,76.49
2022-04-29,1.0504201651,1.2565,129.84,0.9717000127,1.2802,0.7101,0.6476,6.6252999306,76.48
2022-04-28,1.0555092096,1.2443,130.94,0.9686700106,1.2831,0.7077,0.6475,6.5595002174,76.66
2022-04-27,1.0643619299,1.2547,128.44,0.9622300267,1.283,0.7124,0.6538,6.5563001633,76.61
2022-04-26,1.071420908,1.2617,127.37,0.9582899809,1.2796,0.7145,0.6583,6.5578999519,76.61
2022-04-25,1.081104517,1.2698,127.66,0.9556000233,1.2775,0.7147,0.6597,6.5002999306,76.72
2022-04-22,1.0835175514,1.2848,128.78,0.953700006,1.2716,0.7257,0.6637,6.4492998123,76.49
2022-04-21,1.0849870443,1.3042,128.62,0.949000001,1.2526,0.7376,0.6738,6.4176998138,76.23
2022-04-20,1.0794472694,1.3055,127.76,0.9520599842,1.249,0.7452,0.681,6.3923997879,76.24
2022-04-19,1.0781787634,1.3009,128.55,0.9445999861,1.2618,0.737,0.6726,6.3661999702,76.39
2022-04-18,1.081525445,1.3019,126.77,0.9423400164,1.262,0.7353,0.6724,6.3702001572,76.22
2022-04-15,1.0820988417,1.3066,126.31,0.9429100156,1.2613,0.7401,0.6776,6.3773999214,76.32
2022-04-14,1.089656949,1.3052,125.92,0.9338499904,1.2628,0.7404,0.6774,6.3671998978,76.19
2022-04-13,1.0826143026,1.3072,125.51,0.9326400161,1.2595,0.743,0.6785,6.3649997711,76.14
2022-04-12,1.0877959728,1.3031,125.25,0.9312999845,1.2609,0.748,0.6881,6.3687000275,76.02
2022-04-11,1.0884946585,1.3033,125.55,0.9342399836,1.2622,0.742,0.6826,6.3639998436,75.85
2022-04-08,1.0864840746,1.3032,124.31,0.9344800115,1.2577,0.7461,0.6852,6.3597002029,75.93
2022-04-07,1.089823246,1.306,123.8,0.9330499768,1.2592,0.7472,0.6888,6.3585000038,75.9
2022-04-06,1.0906432867,1.3082,123.7,0.9296000004,1.2502,0.7542,0.6933,6.3631000519,75.92
2022-04-05,1.0975863934,1.3101,123.48,0.9261999726,1.2452,0.7598,0.6968,6.3624000549,75.31
2022-04-04,1.1047282219,1.3116,122.7,0.9258999825,1.2491,0.7549,0.6964,6.3621001244,75.42
2022-04-01,1.1072357893,1.3114,122.6,0.9231899977,1.2507,0.7493,0.6912,6.3389000893,75.96
2022-03-31,1.1161835194,1.3152,121.44,0.9229699969,1.2482,0.7499,0.6946,6.3461999893,75.87
2022-03-30,1.1091516018,1.3149,121.97,0.9311500192,1.2495,0.7508,0.6977,6.3631000519,75.76
2022-03-29,1.0993843079,1.3125,122.61,0.9336699843,1.2513,0.7502,0.6924,6.3706998825,75.58
2022-03-28,1.0981891155,1.3091,123.25,0.9312700033,1.255,0.7483,0.6896,6.3652000427,76.06
2022-03-25,1.1009578705,1.3193,121.98,0.9294899702,1.2512,0.7501,0.695,6.366300106,76.25
2022-03-24,1.100630641,1.3183,122.08,0.9307199717,1.2532,0.7505,0.696,6.3713002205,76.18
2022-03-23,1.1029735804,1.3212,121.02,0.9334099889,1.2555,0.7498,0.6972,6.3653001785,76.46
2022-03-22,1.101722002,1.3258,120.66,0.9338799715,1.2604,0.7438,0.6945,6.3544998169,76.06
2022-03-21,1.1043134928,1.3201,119.15,0.9329299927,1.258,0.7419,0.6903,6.3601999283,76.19
2022-03-18,1.1099518538,1.3169,119.17,0.9360200167,1.2633,0.7402,0.6899,6.3454999924,76.03
2022-03-17,1.1021955013,1.3159,118.45,0.9415599704,1.2637,0.7388,0.6893,6.3512001038,75.94
2022-03-16,1.0969363451,1.3096,118.48,0.940779984,1.2742,0.7251,0.6807,6.3691000938,76.17
2022-03-15,1.0943193436,1.3065,118.19,0.9383000135,1.2806,0.7196,0.6767,6.3645000458,76.41
2022-03-14,1.0932067633,1.3044,118,0.9347699881,1.2774,0.7228,0.6783,6.3386998177,76.45
2022-03-11,1.1013944149,1.3063,117.08,0.9293799996,1.2723,0.7308,0.6818,6.3207998276,76.48
2022-03-10,1.1073828936,1.3108,116.05,0.9264900088,1.2772,0.7361,0.6866,6.3165998459,76.37
2022-03-09,1.089823246,1.316,115.87,0.9295600057,1.2812,0.7323,0.6848,6.3175997734,76.36
2022-03-08,1.0865312815,1.3101,115.64,0.925450027,1.2893,0.7262,0.6813,6.3193001747,77.07
2022-03-07,1.0874530077,1.3115,115.41,0.9201599956,1.2772,0.7321,0.6825,6.3166999817,76.91
2022-03-04,1.1066844463,1.3214,114.65,0.9179000258,1.276,0.7362,0.6849,6.3192000389,76.42
2022-03-03,1.1112345457,1.3326,115.67,0.9205200076,1.2675,0.7315,0.6785,6.3196001053,75.94
2022-03-02,1.1132758856,1.3365,115.59,0.9185600281,1.2657,0.7282,0.6779,6.3115000725,75.61
2022-03-01,1.1215918064,1.3318,114.87,0.9175000191,1.2709,0.7248,0.6757,6.3084001541,75.79
2022-02-28,1.1181054115,1.3419,115.11,0.9265969992,1.2662,0.7261,0.6774,6.3159999847,75.49
2022-02-25,1.1190689802,1.3407,115.62,0.9258400202,1.274,0.7218,0.6739,6.3267998695,75.09
2022-02-24,1.130569458,1.336,115.45,0.9174200296,1.284,0.7133,0.6653,6.3123002052,75.61
2022-02-23,1.1329133511,1.3555,115.12,0.9215599895,1.2717,0.7245,0.6782,6.3253002167,74.6
2022-02-22,1.1309658289,1.3597,114.94,0.9157099724,1.2736,0.7226,0.675,6.3341999054,74.65
2022-02-21,1.1317210197,,,0.9208999872,,,,6.3242001534,
2022-02-18,1.1366478205,1.3585,115.08,0.9196000099,1.2748,0.7174,0.6694,6.3358001709,74.63
2022-02-17,1.137526989,1.3624,115.03,0.9215999842,1.2696,0.7195,0.6699,6.3355998993,75.02
2022-02-16,1.1356796026,1.3585,115.41,0.9254400134,1.2687,0.7183,0.667,6.3379998207,75.03
2022-02-15,1.1306334734,1.3539,115.64,0.9245100021,1.2742,0.7152,0.6642,6.3558998108,75.2
2022-02-14,1.136505723,1.3516,115.72,0.9247199893,1.2732,0.7127,0.6613,6.353099823,75.63
2022-02-11,1.1415525675,1.3601,115.91,0.9256500006,1.2678,0.7177,0.6682,6.3526000977,75.34
2022-02-10,1.1421521902,1.3636,115.84,0.9242200255,1.2647,0.7245,0.6729,6.3614001274,75.07
2022-02-09,1.1421262026,1.354,115.44,0.9250000119,1.2675,0.7183,0.6688,6.3656997681,74.8
2022-02-08,1.1442956924,1.3552,115.62,0.9230499864,1.2709,0.7133,0.6641,6.3523001671,74.71
2022-02-07,1.1455147266,1.3533,115.09,0.9251199961,1.2685,0.7111,0.662,6.3594999313,74.68
2022-02-04,1.1435759068,1.3543,115.22,0.9203699827,1.2759,0.7067,0.6602,6.3594999313,74.61
2022-02-03,1.1299946308,1.3602,114.88,0.9189599752,1.2679,0.7143,0.6663,6.3594999313,74.71
2022-02-02,1.1273956299,1.3565,114.36,0.9209399819,1.2689,0.7125,0.6627,6.3594999313,74.77
2022-02-01,1.1229646206,1.3505,114.77,0.9270799756,1.2688,0.711,0.662,6.3594999313,74.78
2022-01-31,1.1152374744,1.3439,115.22,0.931129992,1.2694,0.7064,0.6579,6.3509998322,74.6
2022-01-28,1.11470294,1.3417,115.21,0.9308699965,1.2753,0.6998,0.6555,6.3668999672,75
2022-01-27,1.124353528,1.3385,115.47,0.9239490032,1.2709,0.7044,0.6589,6.3196001053,75.18
2022-01-26,1.130454421,1.3516,114.33,0.9177460074,1.2597,0.7167,0.6688,6.326499939,74.87
2022-01-25,1.1324130297,1.3495,113.88,0.9140899777,1.2637,0.7138,0.667,6.3298001289,74.73
2022-01-24,1.1341469288,1.3447,113.82,0.9126399755,1.2688,0.7101,0.6669,6.3376998901,74.72
2022-01-21,1.1313753128,1.3562,113.72,0.9168400168,1.2542,0.7199,0.6727,6.3394999504,74.28
2022-01-20,1.1343399286,1.3642,114.08,0.9156000018,1.2462,0.7266,0.6793,6.3435001373,74.32
2022-01-19,1.1329647303,1.3625,114.28,0.9170699716,1.2499,0.7226,0.6794,6.3522000313,74.39
2022-01-18,1.1410574913,1.3588,114.6,0.9139099717,1.2535,0.7188,0.677,6.3467001915,74.56
2022-01-17,1.1410704851,,,0.9144920111,,,,6.3515000343,
2022-01-14,1.1457115412,1.367,113.89,0.9110400081,1.2549,0.7222,0.681,6.3580999374,74.08
2022-01-13,1.1441648006,1.3724,114.06,0.914139986,1.2482,0.7299,0.688,6.3576002121,73.96
2022-01-12,1.1366478205,1.3698,114.74,0.9235000014,1.2501,0.7277,0.6846,6.3729000092,73.77
2022-01-11,1.1330417395,1.3622,115.38,0.9272000194,1.2598,0.7198,0.6774,6.3738999367,73.81
2022-01-10,1.1353960037,1.3567,115.14,0.9188399911,1.2679,0.717,0.6754,6.3762001991,74.06
2022-01-07,1.1296881437,1.3583,115.61,0.9214000106,1.2643,0.7186,0.6779,6.3818998337,74.27
2022-01-06,1.1313496828,1.3539,115.78,0.9173899889,1.2725,0.7168,0.6748,6.3540000916,74.4
2022-01-05,1.1283625364,1.3573,115.91,0.9162099957,1.27,0.726,0.6826,6.3543000221,74.31
2022-01-04,1.1302244663,1.3544,116.12,0.9183300138,1.2697,0.7241,0.6808,6.3551001549,74.52
2022-01-03,1.1373459101,1.3469,115.27,0.9119750261,1.2757,0.7195,0.6787,6.3548998833,74.32
2021-12-31,1.1325027943,,,0.9136999846,,,,6.3720998764,
2021-12-30,1.1360150576,1.35,115.17,0.9136000276,1.2777,0.726,0.6839,6.3673000336,74.39
2021-12-29,1.1314777136,1.3475,114.97,0.9168999791,1.281,0.7241,0.6826,6.3671998978,74.58
2021-12-28,1.1330032349,1.3432,114.75,0.9171599746,1.2814,0.7233,0.68,6.3698000908,74.67
2021-12-27,1.1324259043,1.3438,114.85,0.9187809825,1.2797,0.7238,0.6811,6.3666000366,74.97
2021-12-24,1.1327337027,,,0.9186000228,,,,6.3688001633,
2021-12-23,1.1328877211,1.341,114.42,0.9194399714,1.2809,0.724,0.6826,6.3691000938,75.02
2021-12-22,1.1287573576,1.3345,114.22,0.9230200052,1.2844,0.7215,0.6817,6.3706002235,75.45
2021-12-21,1.127751708,1.3253,114.11,0.9217200279,1.2927,0.714,0.6756,6.3745999336,75.67
2021-12-20,1.124353528,1.3222,113.45,0.9232900143,1.2941,0.7117,0.6719,6.3740000725,75.82
2021-12-17,1.1334141493,1.3269,113.56,0.9188399911,1.283,0.7148,0.6755,6.3671998978,75.98
2021-12-16,1.1290758848,1.3325,113.67,0.9244400263,1.2772,0.7191,0.681,6.3664999008,76.18
2021-12-15,1.1261261702,1.3214,113.83,0.9240000248,1.2916,0.7125,0.6735,6.3664999008,76.38
2021-12-14,1.1285407543,1.3225,113.63,0.9223799706,1.2858,0.7103,0.6746,6.3654999733,75.98
2021-12-13,1.1311833858,1.3233,113.42,0.9210699797,1.2795,0.7123,0.6755,6.3600001335,75.78
2021-12-10,1.1293309927,1.3262,113.36,0.923789978,1.2706,0.7177,0.6798,6.3765001297,75.66
2021-12-09,1.1345586777,1.3188,113.53,0.9200000167,1.2698,0.7146,0.6783,6.3436999321,75.58
2021-12-08,1.1276500225,1.3236,113.83,0.924399972,1.2653,0.7167,0.6807,6.366300106,75.4
2021-12-07,1.128668189,1.3236,113.61,0.9254999757,1.2651,0.7113,0.6777,6.3748002052,75.43
2021-12-06,1.1304799318,1.3252,113.31,0.9184899926,1.2785,0.7044,0.6748,6.3752999306,75.39
2021-12-03,1.1306205988,1.3234,112.88,0.9197999835,1.2833,0.7011,0.6753,6.3755998611,75.24
2021-12-02,1.1319515705,1.3305,113.1,0.920599997,1.2814,0.7097,0.6815,6.3673000336,74.89
2021-12-01,1.1330289841,1.3308,112.82,0.9194999933,1.2778,0.7132,0.6839,6.3632001877,74.83
2021-11-30,1.1293437481,1.3252,113.22,0.9228699803,1.2812,0.7088,0.6795,6.3870000839,75.1
2021-11-29,1.1293182373,1.3291,113.75,0.9243199825,1.2792,0.7119,0.679,6.3920001984,75.12
2021-11-26,1.1209630966,1.3322,113.46,0.935280025,1.2756,0.7124,0.6825,6.3860001564,74.89
2021-11-25,1.1202975512,,,0.9337999821,,,,6.3917999268,
2021-11-24,1.1244926453,1.3332,115.34,0.9333900213,1.2657,0.7197,0.6868,6.3907999992,74.57
2021-11-23,1.12421453,1.3388,114.98,0.9322999716,1.2712,0.7222,0.6946,6.3843002319,74.49
2021-11-22,1.1275737286,1.3412,114.69,0.9293000102,1.2684,0.7235,0.6966,6.3861999512,74.37
2021-11-19,1.1368415356,1.3474,113.81,0.9255999923,1.2631,0.7257,0.7017,6.3850002289,74.25
2021-11-18,1.1321182251,1.3489,114.22,0.9285299778,1.2629,0.727,0.7031,6.3769001961,74.25
2021-11-17,1.1321182251,1.3488,114.33,0.9303100109,1.2594,0.7273,0.7001,6.3910999298,74.28
2021-11-16,1.1366478205,1.3429,114.62,0.9253500104,1.2562,0.7309,0.6993,6.3821001053,74.48
2021-11-15,1.1441648006,1.3444,113.96,0.9211000204,1.2515,0.7361,0.7059,6.3786001205,74.35
2021-11-12,1.1450818777,1.3412,113.9,0.921209991,1.2558,0.7322,0.704,6.3895001411,74.4
2021-11-11,1.148593545,,,0.9178199768,,,,6.3881001472,
2021-11-10,1.1595547199,1.347,113.89,0.9107000232,1.2447,0.736,0.7087,6.391699791,74.26
2021-11-09,1.1591515541,1.3551,112.87,0.9132800102,1.2457,0.7369,0.7123,6.391600132,74.1
2021-11-08,1.1568851471,1.3563,113.15,0.9119700193,1.2441,0.7429,0.7173,6.3979001045,73.91
2021-11-05,1.1555349827,1.3491,113.45,0.9126799703,1.2439,0.7408,0.7123,6.3963999748,74.22
2021-11-04,1.161575079,1.3494,113.63,0.9113100171,1.2462,0.7402,0.711,6.4061999321,74.53
2021-11-03,1.1579434872,1.3659,114.06,0.9146000147,1.2416,0.743,0.7137,6.398900032,74.51
2021-11-02,1.1599582434,1.3612,113.78,0.909340024,1.242,0.7429,0.7104,6.3962001801,74.63
2021-11-01,1.1556684971,1.3679,114.19,0.9161400199,1.2355,0.7534,0.7195,6.4046998024,74.83
2021-10-29,1.1683608294,1.3686,114.03,0.9115399718,1.2397,0.751,0.7158,6.3903999329,75
2021-10-28,1.1600120068,1.3804,113.38,0.9179999828,1.2348,0.7547,0.7208,6.391600132,74.77
2021-10-27,1.1598236561,1.3739,113.75,0.9196000099,1.2337,0.7515,0.7176,6.3814997673,75.01
2021-10-26,1.1611704826,1.3772,114.19,0.9198899865,1.2388,0.7497,0.7155,6.3846998215,74.9
2021-10-25,1.1640088558,1.3773,113.7,0.9165530205,1.2373,0.7494,0.7166,6.3839001656,75.05
2021-10-22,1.1625338793,1.3741,113.54,0.918110013,1.2385,0.7463,0.714,6.3917999268,74.87
2021-10-21,1.1655012369,1.3812,113.75,0.9187999964,1.2339,0.7492,0.7172,6.3928999901,74.8
2021-10-20,1.1631964445,1.3821,114.24,0.9229999781,1.2328,0.7512,0.7201,6.3818001747,74.83
2021-10-19,1.1613862514,1.3807,114.27,0.9232779741,1.2354,0.7481,0.7163,6.428899765,75.06
2021-10-18,1.1597026587,1.3726,114.22,0.9235299826,1.2362,0.7417,0.7081,6.434800148,75.32
2021-10-15,1.1591515541,1.3756,114.31,0.9243699908,1.2387,0.7416,0.7071,6.4390001297,74.98
2021-10-14,1.1599582434,1.3684,113.59,0.9237999916,1.2362,0.7419,0.7028,6.4265999794,75.18
2021-10-13,1.1534025669,1.3645,113.49,0.9304599762,1.2448,0.7371,0.6956,6.4479999542,75.33
2021-10-12,1.1553747654,1.3605,113.69,0.9275500178,1.2439,0.7366,0.6946,6.4496002197,75.46
2021-10-11,1.1566041708,,,0.927850008,,,,6.4422998428,
2021-10-08,1.1559758186,1.363,112.15,0.9283999801,1.2477,0.7308,0.6932,6.4451999664,75.05
2021-10-07,1.1555349827,1.3634,111.5,0.9276999831,1.2546,0.7321,0.6939,6.4451999664,74.85
2021-10-06,1.1596084833,1.3569,111.33,0.9283999801,1.2612,0.7258,0.6913,6.4451999664,74.82
2021-10-05,1.1618449688,1.364,111.39,0.9249600172,1.2562,0.7295,0.6969,6.4451999664,74.51
2021-10-04,1.1607257128,1.3602,110.94,0.9295700192,1.2571,0.7284,0.6964,6.4457001686,74.46
2021-10-01,1.1574475765,1.3572,110.97,0.9324799776,1.2657,0.7271,0.6943,6.445499897,74.15
2021-09-30,1.1601601839,1.347,111.5,0.9342499971,1.2673,0.7228,0.6899,6.4696002007,74.16
2021-09-29,1.1686338186,1.3439,111.83,0.9291599989,1.275,0.719,0.6871,6.4590001106,74.28
2021-09-28,1.1696795225,1.3537,111.33,0.925589025,1.2692,0.7237,0.6956,6.4559998512,74.21
2021-09-27,1.1723054647,1.3712,110.97,0.9244700074,1.2643,0.7284,0.701,6.4657001495,73.86
2021-09-24,1.1740258932,1.3681,110.72,0.9244999886,1.2672,0.7258,0.7013,6.4579000473,73.81
2021-09-23,1.1687704325,1.3745,110.17,0.9262999892,1.2662,0.7297,0.7074,6.4608001709,73.7
2021-09-22,1.1722916365,1.3669,109.59,0.9235000014,1.2733,0.7264,0.7031,6.4660000801,73.8
2021-09-21,1.1730204821,1.3663,109.33,0.927670002,1.2789,0.724,0.7013,6.4650001526,73.71
2021-09-20,1.1729930639,1.3656,109.47,0.9320399761,1.2818,0.7248,0.7025,6.4651999474,73.65
2021-09-17,1.1767474413,1.3755,109.94,0.9273599982,1.2738,0.7276,0.7043,6.4566001892,73.64
2021-09-16,1.1819995642,1.3785,109.67,0.9197099805,1.2679,0.7288,0.7072,6.4313998222,73.56
2021-09-15,1.1804981232,1.3837,109.4,0.9200800061,1.2653,0.7324,0.7105,6.4383001328,73.47
2021-09-14,1.1811953783,1.3848,109.66,0.9219999909,1.2663,0.7335,0.7111,6.450799942,73.64
2021-09-13,1.1811953783,1.3844,109.94,0.9181399941,1.2643,0.737,0.7117,6.4433999062,73.58
2021-09-10,1.1825922728,1.3847,109.93,0.9165099859,1.2636,0.7366,0.7126,6.4542999268,73.52
2021-09-09,1.1819101572,1.3855,109.76,0.9218400121,1.2648,0.738,0.7126,6.4607000351,73.52
2021-09-08,1.1843569279,1.3761,110.32,0.919449985,1.2681,0.7368,0.7095,6.4654998779,73.84
2021-09-07,1.187507391,1.3792,110.17,0.9148799777,1.2622,0.7394,0.7107,6.4566998482,73.44
2021-09-06,1.1885942221,,,0.9138399959,,,,6.4519000053,
2021-09-03,1.1876484156,1.3862,109.64,0.9144899845,1.2524,0.7442,0.7147,6.4553999901,72.98
2021-09-02,1.1840906143,1.3825,110.01,0.9155169725,1.2559,0.7401,0.711,6.4590001106,72.99
2021-09-01,1.1810280085,1.379,110.03,0.9153000116,1.2615,0.7369,0.7068,6.4595999718,72.99
2021-08-31,1.1796904802,1.3747,110.05,0.9171800017,1.2629,0.7307,0.7042,6.4650998116,72.95
2021-08-30,1.1799006462,1.3758,109.91,0.9111999869,1.2606,0.7295,0.7002,6.4707999229,73.29
2021-08-27,1.1756407022,1.3769,109.84,0.9179400206,1.2613,0.7309,0.7012,6.4805002213,73.47
2021-08-26,1.1774401665,1.3712,110.09,0.9136400223,1.2654,0.7248,0.6957,6.4748997688,74.13
2021-08-25,1.1753091812,1.3723,110.03,0.9131000042,1.2624,0.7266,0.6964,6.4699001312,74.23
2021-08-24,1.1744533777,1.3716,109.68,0.9122999907,1.2615,0.7254,0.6946,6.4800000191,74.13
2021-08-23,1.1697548628,1.3717,109.78,0.9171199799,1.2666,0.7208,0.6894,6.4916000366,74.12
2021-08-20,1.1676595211,1.3625,109.77,0.9189199805,1.2853,0.7133,0.683,6.4937000275,74.35
2021-08-19,1.1703298092,1.3673,109.75,0.9175599813,1.279,0.717,0.6853,6.4832000732,74.38
2021-08-18,1.170973897,1.3749,109.92,0.91474998,1.2638,0.7236,0.689,6.4850997925,74.27
2021-08-17,1.1779949665,1.3739,109.59,0.9125000238,1.2622,0.7254,0.6912,6.4735999107,74.38
2021-08-16,1.1794677973,1.3849,109.26,0.9154000282,1.257,0.7339,0.7025,6.4763998985,74.19
2021-08-13,1.1736261845,1.3857,109.75,0.9230599999,1.2512,0.7377,0.7045,6.4783000946,74.24
2021-08-12,1.1741899252,1.3833,110.36,0.9214599729,1.2518,0.7345,0.7008,6.4781999588,74.31
2021-08-11,1.1723330021,1.3866,110.47,0.9229599833,1.2513,0.7374,0.7047,6.4848999977,74.25
2021-08-10,1.1738467216,1.384,110.54,0.920599997,1.2531,0.7346,0.7005,6.4851999283,74.5
2021-08-09,1.1749500036,1.3852,110.25,0.9156000018,1.2571,0.734,0.7001,6.4825000763,74.31
2021-08-06,1.1835720539,1.3873,110.22,0.9064999819,1.2563,0.7357,0.7013,6.4602999687,74.19
2021-08-05,1.183740139,1.3929,109.75,0.9064000249,1.2487,0.7409,0.7063,6.4651999474,74.1
2021-08-04,1.1869436502,1.3912,109.44,0.9038199782,1.2551,0.7378,0.7047,6.4692001343,74.15
2021-08-03,1.1874650717,1.3905,109.09,0.9052699804,1.255,0.7385,0.7006,6.4609999657,74.25
2021-08-02,1.1867041588,1.3886,109.22,0.9059100151,1.2501,0.7364,0.6973,6.4604997635,74.35
2021-07-30,1.1892997026,1.3913,109.7,0.9057199955,1.2466,0.7351,0.6982,6.4552998543,74.34
2021-07-29,1.1845955849,1.3966,109.53,0.9095000029,1.2439,0.74,0.7015,6.48939991,74.25
2021-07-28,1.1823126078,1.3884,110.06,0.9143999815,1.2563,0.7349,0.6933,6.5096998215,74.52
2021-07-27,1.1807769537,1.3884,109.64,0.9154599905,1.2579,0.7368,0.6964,6.4816999435,74.5
2021-07-26,1.1773432493,1.3829,110.31,0.9195299745,1.254,0.7386,0.7004,6.4804000854,74.35
2021-07-23,1.1772738695,1.3749,110.52,0.9191200137,1.258,0.7364,0.6975,6.4696998596,74.44
2021-07-22,1.1792730093,1.375,110.1,0.9175699949,1.2578,0.7365,0.6957,6.4670000076,74.46
2021-07-21,1.1784114838,1.3695,110.22,0.9212300181,1.2538,0.7357,0.697,6.4839000702,74.49
2021-07-20,1.1793843508,1.3615,109.92,0.9185000062,1.2724,0.7325,0.6914,6.48939991,74.6
2021-07-19,1.1814005375,1.369,109.45,0.9185299873,1.2752,0.7343,0.6944,6.4781999588,74.85
2021-07-16,1.1811814308,1.3785,110.13,0.9178000093,1.2586,0.7409,0.7011,6.460100174,74.61
2021-07-15,1.1833338737,1.3849,110.05,0.9146900177,1.2575,0.7436,0.6994,6.4682998657,74.55
2021-07-14,1.177537322,1.3854,110.03,0.9187999964,1.2521,0.7469,0.7026,6.4675002098,74.54
2021-07-13,1.1865210533,1.3847,110.36,0.915019989,1.2511,0.7471,0.6972,6.4745998383,74.51
2021-07-12,1.1872959137,1.3886,110.36,0.914040029,1.2455,0.749,0.6986,6.478000164,74.56
2021-07-09,1.1848003864,1.3842,110.18,0.914740026,1.2476,0.748,0.6984,6.4890999794,74.53
2021-07-08,1.1793398857,1.3767,109.82,0.9254000187,1.2533,0.7437,0.6952,6.4714999199,74.76
2021-07-07,1.1824523211,1.3792,110.62,0.924669981,1.2506,0.7485,0.7013,6.478099823,74.81
2021-07-06,1.1863803864,1.3792,110.66,0.9221000075,1.2466,0.7496,0.7009,6.4628000259,74.58
2021-07-05,1.1856207848,,,0.9215999842,,,,6.472099781,
2021-07-02,1.1846235991,1.3795,111.28,0.9258999825,1.2346,0.7499,0.7007,6.4675998688,74.51
2021-07-01,1.1856770515,1.378,111.56,0.9249500036,1.2405,0.7472,0.698,6.4562001228,74.56
2021-06-30,1.1901928186,1.3806,111.05,0.9208999872,1.2404,0.7496,0.6978,6.4630999565,74.33
2021-06-29,1.1928904057,1.3845,110.53,0.9196100235,1.2378,0.7517,0.6995,6.4551000595,74.29
2021-06-28,1.1942152977,1.3895,110.5,0.916689992,1.2325,0.7574,0.7054,6.4463000298,74.29
2021-06-25,1.1930327415,1.3899,110.78,0.9181299806,1.2293,0.7595,0.7075,6.4710001945,74.14
2021-06-24,1.1933174133,1.3907,110.91,0.918110013,1.2337,0.7573,0.705,6.4730000496,74.14
2021-06-23,1.1936734915,1.3977,110.86,0.9185900092,1.2286,0.7589,0.7059,6.4802999496,74.13
2021-06-22,1.1912561655,1.3921,110.75,0.9186499715,1.2364,0.7528,0.7002,6.4658999443,74.37
2021-06-21,1.1873664856,1.3915,110.22,0.9224900007,1.237,0.7528,0.6988,6.4520998001,74.18
2021-06-18,1.1913414001,1.3817,110.21,0.9176499844,1.2437,0.7499,0.6939,6.4474000931,74.14
2021-06-17,1.1995586157,1.3916,110.28,0.9085299969,1.2353,0.7555,0.7004,6.3966999054,74.16
2021-06-16,1.2127091885,1.411,109.88,0.8985000253,1.2165,0.7712,0.7145,6.4050002098,73.31
2021-06-15,1.2122240067,1.4073,110.12,0.8991000056,1.2202,0.7676,0.711,6.3972001076,73.35
2021-06-14,1.2110203505,1.4116,109.98,0.8977119923,1.2131,0.7718,0.7146,6.3976998329,73.16
2021-06-11,1.2172558308,1.4114,109.75,0.8946499825,1.2162,0.7696,0.7125,6.3923001289,73.24
2021-06-10,1.2182004452,1.4165,109.49,0.8956000209,1.2095,0.7752,0.7199,6.3864998817,73.1
2021-06-09,1.2172853947,1.4124,109.61,0.8967999816,1.2102,0.7731,0.7175,6.3994998932,72.98
2021-06-08,1.219363451,1.4146,109.47,0.8974999785,1.2101,0.7741,0.7196,6.396299839,72.93
2021-06-07,1.2168411016,1.4179,109.25,0.8991000056,1.2062,0.7765,0.7242,6.394299984,72.8
2021-06-04,1.213300705,1.4175,109.42,0.9035000205,1.2088,0.7742,0.7204,6.4026999474,72.87
2021-06-03,1.2209862471,1.4099,110.28,0.8981999755,1.2116,0.7652,0.7144,6.3800997734,73.01
2021-06-02,1.2217769623,1.4177,109.59,0.8969799876,1.2047,0.7752,0.7245,6.3807001114,72.97
2021-06-01,1.2232865095,1.4168,109.43,0.8984000087,1.2031,0.7765,0.7257,6.368999958,72.83
2021-05-31,1.2190067768,,,0.9001100063,,,,6.3674001694,
2021-05-28,1.2193188667,1.4188,109.83,0.8970500231,1.2087,0.7706,0.7252,6.3819999695,72.42
2021-05-27,1.2192595005,1.4172,109.81,0.8977299929,1.2075,0.7736,0.7291,6.3906998634,72.59
2021-05-26,1.2249093056,1.4129,109.1,0.8956000209,1.2111,0.7743,0.7292,6.4099998474,72.71
2021-05-25,1.2214635611,1.4123,108.95,0.8970000148,1.2069,0.7741,0.7216,6.4183001518,72.78
2021-05-24,1.2183235884,1.4147,108.81,0.8974000216,1.2082,0.7741,0.7205,6.4331998825,72.86
2021-05-21,1.2225387096,1.4158,108.94,0.897300005,1.2072,0.7731,0.7165,6.4338998795,72.82
2021-05-20,1.2172853947,1.4182,108.79,0.9040799737,1.2049,0.778,0.7212,6.4340000153,73.03
2021-05-19,1.2223997116,1.4169,108.76,0.8974300027,1.2089,0.7753,0.7187,6.424200058,73.2
2021-05-18,1.2156872749,1.4184,109.01,0.9033300281,1.2061,0.7782,0.7239,6.4381999969,73.04
2021-05-17,1.2150373459,1.4127,109.17,0.9011999965,1.2073,0.7765,0.7212,6.4361000061,73.3
2021-05-14,1.2077294588,1.4096,109.37,0.9059399962,1.2114,0.7776,0.7244,6.4509000778,73.23
2021-05-13,1.2078505754,1.4033,109.56,0.9085999727,1.2147,0.7723,0.718,6.4552001953,73.48
2021-05-12,1.2144500017,1.4081,109.53,0.9038400054,1.2104,0.7734,0.7166,6.4282999039,73.53
2021-05-11,1.2140932083,1.4149,108.53,0.9003800154,1.2092,0.7843,0.7275,6.4151000977,73.39
2021-05-10,1.2171076536,1.4153,108.7,0.9004499912,1.2085,0.7876,0.7305,6.431499958,73.41
2021-05-07,1.2068549395,1.4,108.52,0.907589972,1.2137,0.7861,0.7296,6.4632000923,73.27
2021-05-06,1.2007973194,1.388,109.17,0.9131100178,1.2192,0.7768,0.7221,6.4730000496,73.64
2021-05-05,1.2015043497,1.3913,109.27,0.9133999944,1.2262,0.775,0.7211,6.472799778,73.81
2021-05-04,1.2061271667,1.3873,109.34,0.9115399718,1.232,0.7688,0.7128,6.472799778,73.8
2021-05-03,1.2027760744,1.3913,109.08,0.912899971,1.2275,0.7758,0.7197,6.4734997749,73.82
2021-04-30,1.2127091885,1.3838,109.33,0.9089999795,1.2291,0.7716,0.7169,6.4711999893,74
2021-04-29,1.2135922909,1.3956,108.94,0.9086999893,1.2295,0.7759,0.7231,6.4779000282,74.07
2021-04-28,1.209030509,1.3917,108.81,0.914040029,1.2354,0.7768,0.7242,6.4821000099,74.49
2021-04-27,1.2081671953,1.3908,108.56,0.9146400094,1.2396,0.7775,0.7213,6.4844999313,74.58
2021-04-26,1.2089852095,1.389,108.12,0.9138900042,1.2399,0.7802,0.7232,6.4944000244,74.75
2021-04-23,1.2014753819,1.3845,107.94,0.9170399904,1.2495,0.7739,0.7179,6.4903001785,74.97
2021-04-22,1.2037750483,1.3851,108.17,0.9167299867,1.249,0.7725,0.7167,6.4899997711,75.11
2021-04-21,1.2032392025,1.3936,108.09,0.915899992,1.2484,0.7755,0.7214,6.4984998703,75.42
2021-04-20,1.204529047,1.3955,108.07,0.9146999717,1.2574,0.7742,0.7186,6.5093002319,75.38
2021-04-19,1.1969454288,1.3977,108.09,0.9205499887,1.2534,0.7759,0.7175,6.5110998154,74.87
2021-04-16,1.1971746683,1.3826,108.78,0.9218930006,1.2498,0.7734,0.7137,6.521299839,74.48
2021-04-15,1.1986095905,1.3781,108.78,0.9226999879,1.2539,0.7746,0.7166,6.5281000137,74.81
2021-04-14,1.1954143047,1.379,108.93,0.9200999737,1.2515,0.7731,0.7148,6.5426001549,75.07
2021-04-13,1.1914690733,1.3742,109.19,0.9221000075,1.2541,0.7629,0.7039,6.5479001999,75.27
2021-04-12,1.190051198,1.3741,109.43,0.9252899885,1.2556,0.762,0.7029,6.5520000458,75.03
2021-04-09,1.1915684938,1.3734,109.64,0.9241600037,1.254,0.7631,0.7047,6.5500001907,74.72
2021-04-08,1.1873664856,1.3739,109.25,0.9293000102,1.2576,0.764,0.7046,6.5409998894,74.57
2021-04-07,1.1874228716,1.3757,109.67,0.931400001,1.2614,0.7627,0.7024,6.5384998322,74.35
2021-04-06,1.1818934679,1.3849,109.83,0.9360399842,1.254,0.766,0.7046,6.5658998489,73.49
2021-04-05,1.1768167019,1.3907,110.08,0.9419999719,1.2512,0.7657,0.7068,6.5665001869,73.29
2021-04-02,1.1779949665,1.3825,110.67,0.942110002,1.2566,0.7607,0.7023,6.5644001961,73.37
2021-04-01,1.1728830338,1.3825,110.61,0.9438999891,1.2569,0.7604,0.7013,6.551199913,73.32
2021-03-31,1.1723604202,1.3795,110.61,0.9416900277,1.2571,0.7613,0.6989,6.5710000992,73.14
2021-03-30,1.1771006584,1.3729,110.19,0.9388999939,1.2626,0.7607,0.6988,6.5686998367,73.45
2021-03-29,1.1788004637,1.3793,109.73,0.9395499825,1.2592,0.7643,0.7015,6.540500164,72.75
2021-03-26,1.1776621342,1.3794,109.55,0.9395099878,1.2577,0.7629,0.6997,6.5447998047,72.65
2021-03-25,1.1813069582,1.3722,109.13,0.9359899759,1.2613,0.757,0.695,6.5145998001,72.69
2021-03-24,1.1840205193,1.3723,108.81,0.9345200062,1.2551,0.7622,0.6984,6.5149002075,72.59
2021-03-23,1.1933031082,1.3795,108.61,0.9232000113,1.2548,0.7682,0.7033,6.5062999725,72.52
2021-03-22,1.1883116961,1.3856,108.67,0.9300400019,1.2528,0.775,0.7179,6.4990000725,72.37
2021-03-19,1.1918240786,1.3872,108.85,0.9273200035,1.2511,0.7746,0.7166,6.5047998428,72.45
2021-03-18,1.1982792616,1.3938,108.97,0.9222400188,1.2434,0.7795,0.7194,6.502600193,72.63
2021-03-17,1.190164566,1.3888,109.22,0.9247999787,1.2475,0.7709,0.7161,6.5050001144,72.56
2021-03-16,1.1925773621,1.3892,109.01,0.9276000261,1.2451,0.7748,0.7191,6.4988999367,72.52
2021-03-15,1.1950000525,1.3866,109.11,0.9292650223,1.249,0.7729,0.7182,6.4984998703,72.58
2021-03-12,1.1986095905,1.3925,108.87,0.924660027,1.2471,0.7772,0.7186,6.4930000305,72.71
2021-03-11,1.1926058531,1.398,108.44,0.929700017,1.2558,0.7773,0.7215,6.5048999786,72.69
2021-03-10,1.1897906065,1.3899,108.58,0.9281399846,1.2641,0.7721,0.7178,6.5055999756,72.86
2021-03-09,1.1851711273,1.3884,108.64,0.9358000159,1.2652,0.7699,0.7155,6.524600029,72.89
2021-03-08,1.1925631762,1.381,108.92,0.9301999807,1.2672,0.7653,0.7125,6.4956998825,73.32
2021-03-05,1.1967735291,1.3817,108.24,0.929279983,1.2666,0.7665,0.7148,6.4689998627,73.21
2021-03-04,1.2050660849,1.3999,107.58,0.9197000265,1.2584,0.7807,0.7266,6.4668002129,72.73
2021-03-03,1.2085467577,1.3978,106.92,0.9150000215,1.2611,0.7808,0.7262,6.4695000648,72.85
2021-03-02,1.2051095963,1.3962,106.75,0.9149000049,1.2612,0.7822,0.7291,6.4632000923,73.29
2021-03-01,1.2089560032,1.3938,106.68,0.907400012,1.2652,0.7776,0.7273,6.4779000282,73.4
2021-02-26,1.2160420418,1.3947,106.64,0.9055699706,1.2698,0.772,0.7249,6.4538002014,73.92
2021-02-25,1.2171372175,1.4105,106.22,0.9065999985,1.2528,0.7953,0.7429,6.4559998512,72.74
2021-02-24,1.2152144909,1.4106,105.91,0.905099988,1.2537,0.7935,0.7404,6.4629998207,72.38
2021-02-23,1.2166796923,1.4092,105.21,0.8956900239,1.261,0.7902,0.7329,6.4630999565,72.44
2021-02-22,1.2126356363,1.4077,105.06,0.896690011,1.2606,0.7916,0.7333,6.4857997894,72.48
2021-02-19,1.2091897726,1.4025,105.58,0.895810008,1.2596,0.7873,0.7312,6.4871997833,72.5
2021-02-18,1.2048004866,1.3956,105.69,0.8984299898,1.2706,0.775,0.7202,6.4576001167,72.65
2021-02-17,1.2092483044,1.3848,105.83,0.8932179809,1.2712,0.774,0.7178,6.4570999146,72.81
2021-02-16,1.2132196426,1.391,105.88,0.8898339868,1.2694,0.7759,0.721,6.4572000504,72.86
2021-02-15,1.2122093439,,,0.8917589784,,,,6.4572000504,
2021-02-12,1.2131506205,1.3855,104.94,0.8901200294,1.2694,0.7762,0.7227,6.4569001198,72.6
2021-02-11,1.2121212482,1.3822,104.75,0.8902459741,1.2689,0.7756,0.7232,6.4572000504,72.69
2021-02-10,1.2119992971,1.385,104.67,0.8924000263,1.2678,0.7735,0.722,6.43419981,72.82
2021-02-09,1.2053595781,1.3796,104.62,0.8985990286,1.2713,0.7724,0.7231,6.4479999542,72.83
2021-02-08,1.2048773766,1.3738,105.19,0.8989800215,1.2755,0.7702,0.7223,6.4657001495,72.9
2021-02-05,1.1966731548,1.3714,105.44,0.904030025,1.2781,0.7656,0.7193,6.4706997871,72.85
2021-02-04,1.2042388916,1.3665,105.43,0.8983399868,1.283,0.7599,0.716,6.4591999054,72.93
2021-02-03,1.2039054632,1.3652,105.05,0.8974999785,1.2765,0.7622,0.7199,6.4563999176,72.84
2021-02-02,1.206869483,1.3644,105.09,0.8964800239,1.2815,0.7586,0.7153,6.4675002098,72.95
2021-02-01,1.2123857737,1.3672,104.97,0.8913599849,1.2826,0.7625,0.7164,6.4267997742,73.11
2021-01-29,1.2120037079,1.3723,104.64,0.8886089921,1.2776,0.7661,0.72,6.4484000206,72.84
2021-01-28,1.2105072737,1.3727,104.31,0.888899982,1.2812,0.7674,0.7173,6.4821000099,72.91
2021-01-27,1.2162992954,1.3688,104.09,0.8866999745,1.2782,0.768,0.7179,6.4636998177,73.05
2021-01-26,1.2146240473,1.3729,103.69,0.888019979,1.2711,0.7737,0.723,6.478700161,72.9
2021-01-25,1.2169446945,1.3668,103.78,0.885322988,1.2747,0.7703,0.7192,6.4808001518,73.01
2021-01-22,1.2166293859,1.3685,103.76,0.8853600025,1.2711,0.7728,0.7188,6.461400032,72.98
2021-01-21,1.2115631104,1.3721,103.57,0.8892800212,1.2634,0.7754,0.719,6.465400219,72.96
2021-01-20,1.213886857,,,0.8880000114,,,,6.4779000282,
2021-01-19,1.2077294588,1.3627,103.86,0.8909000158,1.2721,0.7703,0.7116,6.491399765,73.2
2021-01-18,1.2068113089,,,0.8921800256,,,,6.4797000885,
2021-01-15,1.2151259184,1.3599,103.8,0.8882499933,1.2709,0.7723,0.7159,6.4731001854,73.08
2021-01-14,1.2162491083,1.369,103.66,0.8869000077,1.2633,0.779,0.7226,6.4670000076,73.11
2021-01-13,1.2208894491,1.3631,103.91,0.8859000206,1.271,0.774,0.7188,6.4629001617,73.07
2021-01-12,1.2160701752,1.3637,104.09,0.8896200061,1.2745,0.7732,0.7187,6.4797000885,73.26
2021-01-11,1.2186205387,1.3522,104.16,0.8876399994,1.2768,0.7714,0.7187,6.4742999077,73.5
2021-01-08,1.2271444798,1.3583,103.89,0.8851500154,1.2698,0.7778,0.7252,6.4772000313,73.31
2021-01-07,1.2341108322,1.3551,103.84,0.8780699968,1.272,0.7755,0.7249,6.4607000351,73.43
2021-01-06,1.2300274372,1.3593,103.25,0.878180027,1.2685,0.7787,0.7281,6.4552001953,73.15
2021-01-05,1.2251598835,1.362,102.7,0.8812400103,1.27,0.7752,0.7242,6.4604997635,73.15
2021-01-04,1.2250697613,1.3551,103.19,0.8830999732,1.2781,0.7657,0.7164,6.5320000648,73.08
2021-01-01,1.2180268764,,,0.8981000185,,,,6.5317001343,
2020-12-31,1.2299896479,1.3662,103.19,0.8815799952,1.2753,0.7709,0.7194,6.5222001076,73.01
2020-12-30,1.2252950668,1.3605,103.31,0.8841000199,1.2764,0.7682,0.7207,6.5300002098,73.13
2020-12-29,1.2223445177,1.3512,103.5,0.8883000016,1.2794,0.7623,0.7162,6.5356001854,73.33
2020-12-28,1.2205095291,1.3447,103.84,0.8894299865,1.2871,0.7568,0.7093,6.5408000946,73.5
2020-12-25,1.2184720039,,,0.8909000158,,,,6.5289998055,
2020-12-24,1.2191405296,,,0.8878999949,,,,6.5395998955,
2020-12-23,1.218665123,1.351,103.52,0.8878600001,1.2841,0.7587,0.71,6.5422000885,73.77
2020-12-22,1.223690629,1.3349,103.62,0.8854799867,1.2918,0.7531,0.7041,6.5482001305,73.85
2020-12-21,1.2216128111,1.3354,103.44,0.8854799867,1.2836,0.7575,0.7088,6.5359997749,74.03
2020-12-18,1.2262716293,1.3497,103.35,0.8847200274,1.2776,0.7615,0.7124,6.5321002007,73.53
2020-12-17,1.2199585438,1.3609,103.13,0.8853899837,1.2715,0.762,0.7149,6.5313000679,73.53
2020-12-16,1.2154301405,1.3503,103.59,0.885439992,1.2755,0.7565,0.7079,6.5383000374,73.65
2020-12-15,1.2148896456,1.3434,103.69,0.8865799904,1.273,0.7555,0.7088,6.5496997833,73.56
2020-12-14,1.2133404016,1.3324,104.06,0.8885400295,1.2787,0.7537,0.708,6.5457000732,73.64
2020-12-11,1.2144293785,1.3197,103.88,0.8858579993,1.2767,0.7532,0.7085,6.5444002151,73.73
2020-12-10,1.207875371,1.3293,104.3,0.8893600106,1.2727,0.752,0.7076,6.5422000885,73.72
2020-12-09,1.2110936642,1.3392,104.28,0.8885279894,1.2791,0.7451,0.7041,6.5317001343,73.71
2020-12-08,1.2113136053,1.3358,104.14,0.8905689716,1.2808,0.7414,0.7046,6.5286998749,73.68
2020-12-07,1.212135911,1.3353,104.01,0.8917400241,1.2796,0.7449,0.7059,6.530600071,73.83
2020-12-04,1.2145650387,1.3485,104.16,0.8907700181,1.2797,0.7438,0.7046,6.5413999557,73.78
2020-12-03,1.2114603519,1.3496,103.77,0.8946099877,1.2875,0.7444,0.7083,6.5623998642,73.8
2020-12-02,1.2074378729,1.3348,104.52,0.899510026,1.2934,0.7395,0.7058,6.5707998276,73.72
2020-12-01,1.1938160658,1.3392,104.4,0.9082700014,1.2958,0.7355,0.7057,6.5777997971,73.51
2020-11-30,1.1971460581,1.3338,104.38,0.9042299986,1.2982,0.7351,0.7017,6.5760002136,74.01
2020-11-27,1.1915997267,,,0.9064199924,,,,6.5745000839,
2020-11-26,1.1920002699,,,0.9082199931,,,,6.5774998665,
2020-11-25,1.190051198,1.3378,104.39,0.9107999802,1.2994,0.736,0.7007,6.5901999474,73.75
2020-11-24,1.1842728853,1.335,104.61,0.912440002,1.3027,0.7351,0.6973,6.584499836,74.08
2020-11-23,1.1866477728,1.33,104.42,0.9105299711,1.3097,0.7279,0.6912,6.5619001389,74.21
2020-11-20,1.1866477728,1.3294,103.81,0.9109429717,1.3075,0.7315,0.6949,6.5823998451,74.12
2020-11-19,1.1847639084,1.3225,103.85,0.9118599892,1.3083,0.7265,0.69,6.5595002174,74.16
2020-11-18,1.1863663197,1.3299,103.72,0.9110000134,1.3049,0.7325,0.6938,6.5550999641,74.1
2020-11-17,1.1859441996,1.3247,104.2,0.9123700261,1.3107,0.7298,0.6889,6.583799839,74.42
2020-11-16,1.1845253706,1.3197,104.54,0.9120799899,1.3072,0.7323,0.6899,6.6054000854,74.41
2020-11-13,1.1803393364,1.3176,104.61,0.9148200154,1.3164,0.7256,0.6839,6.6105999947,74.56
2020-11-12,1.1780297756,1.3142,105.16,0.9165869951,1.3107,0.7267,0.6875,6.6307997704,74.63
2020-11-11,1.1818794012,,,0.9149799943,,,,6.6147999763,
2020-11-10,1.1827321053,1.3234,105.36,0.9126899838,1.2998,0.7273,0.6818,6.6280999184,74.31
2020-11-09,1.1893010139,1.3137,105.58,0.8993200064,1.2978,0.7275,0.6807,6.6104001999,74.03
2020-11-06,1.1817537546,1.3162,103.32,0.9041699767,1.3029,0.7268,0.6783,6.6051998138,73.96
2020-11-05,1.173268199,1.3116,103.67,0.9114000201,1.3045,0.7265,0.6761,6.6519999504,73.93
2020-11-04,1.1762214899,1.3021,104.39,0.9106400013,1.3113,0.7192,0.6701,6.6765999794,74.36
2020-11-03,1.1642799377,1.305,104.5,0.9187729955,1.3132,0.7159,0.6705,6.6897001266,74.61
2020-11-02,1.1642121077,1.2904,104.8,0.9171599746,1.3255,0.7045,0.6627,6.6890997887,74.51
2020-10-30,1.1678695679,1.2933,104.54,0.9153100252,1.3332,0.7023,0.661,6.7140002251,74.59
2020-10-29,1.1748672724,1.289,104.69,0.910589993,1.3365,0.7006,0.6601,6.7279000282,74.42
2020-10-28,1.1784114838,1.2997,104.33,0.9088749886,1.3321,0.7067,0.666,6.7044000626,74.19
2020-10-27,1.1809443235,1.3067,104.44,0.9078999758,1.3156,0.7143,0.6718,6.7112998962,73.62
2020-10-26,1.1848480701,1.3021,104.86,0.9045600295,1.3214,0.712,0.6682,6.6856999397,73.93
2020-10-23,1.1815024614,1.3039,104.78,0.9075999856,1.3147,0.7118,0.6677,6.6834998131,73.86
2020-10-22,1.185395956,1.309,104.88,0.9057899714,1.3132,0.7109,0.6675,6.6500000954,73.65
2020-10-21,1.1829839945,1.3143,104.58,0.9067000151,1.313,0.712,0.6665,6.6751999855,73.62
2020-10-20,1.1768859625,1.2951,105.56,0.9105700254,1.312,0.7057,0.6586,6.6806998253,73.47
2020-10-19,1.1715501547,1.2998,105.42,0.915109992,1.3155,0.709,0.6631,6.6965999603,73.31
2020-10-16,1.1707134247,1.2931,105.41,0.9143000245,1.3194,0.7083,0.6608,6.7238998413,73.42
2020-10-15,1.1743981838,1.2917,105.38,0.9133200049,1.3243,0.7079,0.6587,6.7136001587,73.48
2020-10-14,1.1742188931,1.3023,105.08,0.9151800275,1.3147,0.7169,0.6668,6.7455000877,73.24
2020-10-13,1.1816140413,1.2968,105.55,0.9090099931,1.3138,0.7165,0.6648,6.7444000244,73.45
2020-10-12,1.181683898,,,0.9104499817,,,,6.6936998367,
2020-10-09,1.1767003536,1.3003,105.72,0.9167000055,1.312,0.7237,0.6666,6.7891998291,72.98
2020-10-08,1.1767474413,1.2944,105.98,0.9167760015,1.3222,0.7158,0.6576,6.7897000313,73.33
2020-10-07,1.1737639904,1.2914,105.97,0.9176399708,1.3283,0.714,0.6593,6.7898001671,73.28
2020-10-06,1.1792453527,1.2945,105.64,0.9150500298,1.3275,0.7149,0.6633,6.7898001671,73.4
2020-10-05,1.1720443964,1.2972,105.7,0.9179000258,1.3269,0.7181,0.6641,6.7898001671,73.09
2020-10-02,1.1744946241,1.2928,105.36,0.9189800024,1.332,0.7147,0.6622,6.7894001007,73.35
2020-10-01,1.1726078987,1.2901,105.53,0.9207000136,1.3289,0.7189,0.6649,6.7897000313,73.18
2020-09-30,1.1742050648,1.2921,105.58,0.9194399714,1.3323,0.716,0.6608,6.8154001236,73.54
2020-09-29,1.1678832769,1.2847,105.68,0.9237400293,1.3411,0.7109,0.6582,6.8108000755,73.78
2020-09-28,1.1635348797,1.2865,105.5,0.9281100035,1.3377,0.7067,0.6553,6.8228001595,73.79
2020-09-25,1.1673243046,1.2706,105.59,0.9267399907,1.3409,0.7012,0.6541,6.8277001381,73.71
2020-09-24,1.165854454,1.2739,105.42,0.9239500165,1.337,0.7046,0.6542,6.8088998795,73.9
2020-09-23,1.1708368063,1.275,105.34,0.9199000001,1.3373,0.7093,0.6567,6.7783999443,73.53
2020-09-22,1.1768000126,1.2726,105.05,0.915060997,1.3313,0.7173,0.6636,6.8036999702,73.5
2020-09-21,1.1845533848,1.2794,104.69,0.9111199975,1.3299,0.7212,0.6663,6.7680001259,73.58
2020-09-18,1.184820056,1.295,104.44,0.9082900286,1.3179,0.7311,0.6778,6.7641000748,73.54
2020-09-17,1.1803449392,1.2955,104.77,0.9105799794,1.3204,0.7289,0.6728,6.7536997795,73.6
2020-09-16,1.1844412088,1.298,104.94,0.9085299969,1.3164,0.7336,0.6755,6.7803001404,73.54
2020-09-15,1.1870000362,1.2866,105.5,0.9083200097,1.3199,0.7296,0.6714,6.8091001511,73.57
2020-09-14,1.1842728853,1.2876,105.68,0.9089199901,1.3172,0.7299,0.6712,6.8333997726,73.42
2020-09-11,1.1824384928,1.2788,106.17,0.9102699757,1.3183,0.7277,0.6667,6.8333001137,73.45
2020-09-10,1.180637598,1.2846,106.19,0.9121400118,1.3162,0.7287,0.6667,6.831799984,73.43
2020-09-09,1.1770244837,1.3011,106.23,0.9178000093,1.3163,0.7275,0.6678,6.845099926,73.38
2020-09-08,1.1821727753,1.3039,105.97,0.9163900018,1.3194,0.723,0.6632,6.8295001984,73.78
2020-09-07,1.1834459305,,,0.9135699868,,,,6.8414998055,
2020-09-04,1.1839784384,1.323,106.34,0.9100400209,1.3095,0.7264,0.6702,6.8457999229,73.29
2020-09-03,1.1847358942,1.3263,106.14,0.9111800194,1.3131,0.7272,0.6707,6.8372998238,73.39
2020-09-02,1.1923214197,1.3315,106.15,0.9093700051,1.3061,0.7319,0.6757,6.8274998665,73.27
2020-09-01,1.1939015388,1.3416,106,0.9039000273,1.3043,0.7375,0.6766,6.847700119,73
2020-08-31,1.1918240786,1.3375,105.84,0.9035999775,1.3034,0.7388,0.6753,6.86439991,73.25
2020-08-28,1.1819632053,1.3341,105.3,0.9089999795,1.3106,0.7352,0.6741,6.8892002106,73.11
2020-08-27,1.1842728853,1.3229,106.42,0.9073799849,1.3111,0.726,0.6641,6.8849000931,73.89
2020-08-26,1.1835019588,1.3186,106.13,0.9079700112,1.3145,0.7222,0.66,6.9119000435,74.22
2020-08-25,1.1794538498,1.3136,106.4,0.9118800163,1.3191,0.718,0.653,6.918900013,74.2
2020-08-24,1.1798018217,1.3078,105.9,0.9118000269,1.322,0.7174,0.6536,6.9184999466,74.17
2020-08-21,1.1873664856,1.3098,105.88,0.9067000151,1.3201,0.7156,0.6533,6.9148001671,74.92
2020-08-20,1.1843500137,1.319,105.81,0.9146900177,1.3177,0.7178,0.6519,6.9191999435,75.01
2020-08-19,1.1947859526,1.3191,105.71,0.9027400017,1.3173,0.7234,0.6607,6.920800209,74.85
2020-08-18,1.1876484156,1.3228,105.41,0.9061999917,1.3181,0.7235,0.6588,6.9317998886,74.62
2020-08-17,1.1852554083,1.3105,105.97,0.9085000157,1.3202,0.7211,0.6547,6.9493999481,74.74
2020-08-14,1.1816558838,1.3108,106.49,0.9096500278,1.325,0.7168,0.6554,6.9436001778,74.87
2020-08-13,1.1793801785,1.3082,106.89,0.9118099809,1.3214,0.716,0.6557,6.9362001419,74.81
2020-08-12,1.173653841,1.3047,106.85,0.9172000289,1.325,0.7167,0.6587,6.9453001022,74.73
2020-08-11,1.1737778187,1.3077,106.56,0.9154999852,1.3296,0.7155,0.6576,6.9608001709,74.61
2020-08-10,1.1782727242,1.3082,105.85,0.9127349854,1.335,0.7162,0.6592,6.9670000076,74.91
2020-08-07,1.1876484156,1.3043,105.92,0.9099900126,1.3393,0.7163,0.6607,6.9524002075,75.04
2020-08-06,1.187281847,1.3147,105.52,0.9080299735,1.3285,0.7228,0.6661,6.9345998764,74.87
2020-08-05,1.1815443039,1.3141,105.44,0.9125699997,1.3254,0.7216,0.6662,6.972700119,74.8
2020-08-04,1.1763322353,1.3059,105.87,0.9175999761,1.3366,0.715,0.6611,6.9794001579,75.06
2020-08-03,1.1782310009,1.3053,106.11,0.9132000208,1.3408,0.7107,0.66,6.9741997719,75.2
2020-07-31,1.187225461,1.3133,105.78,0.9085000157,1.3384,0.7159,0.6644,7.0072999001,74.9
2020-07-30,1.1782865524,1.3035,105.05,0.9124199748,1.344,0.7139,0.6641,7.0002999306,74.88
2020-07-29,1.17187953,1.2974,105.06,0.9178000093,1.337,0.7168,0.6655,6.9997000694,74.92
2020-07-28,1.1769275665,1.295,105.03,0.9194800258,1.3364,0.7161,0.6663,6.9931998253,74.91
2020-07-27,1.1652567387,1.2887,105.29,0.9208999872,1.3383,0.7134,0.6683,7.0160999298,74.77
2020-07-24,1.1596084833,1.2791,105.79,0.9252899885,1.3425,0.7094,0.6633,7.0030999184,74.77
2020-07-23,1.1568717957,1.2759,106.83,0.9294000268,1.337,0.7136,0.6659,6.9987001419,74.81
2020-07-22,1.1534025669,1.2729,107.18,0.9325299859,1.3407,0.7147,0.6668,6.9797000885,74.56
2020-07-21,1.1458691359,1.2736,106.82,0.9387999773,1.3443,0.7111,0.6629,6.9822998047,74.54
2020-07-20,1.1442956924,1.2658,107.21,0.9383199811,1.3531,0.7009,0.657,6.9911999702,74.77
2020-07-17,1.1392116547,1.255,107.06,0.9453399777,1.3572,0.6994,0.6551,6.9882001877,74.93
2020-07-16,1.1417193413,1.2621,107.05,0.9440100193,1.3539,0.7008,0.6567,6.9878001213,75.11
2020-07-15,1.1410704851,1.2586,106.92,0.939440012,1.3521,0.7003,0.6567,6.9958000183,75.11
2020-07-14,1.1345496178,1.2546,107.2,0.9417600036,1.3606,0.697,0.6532,6.9963998795,75.38
2020-07-13,1.1310042143,1.2614,107.22,0.940509975,1.3568,0.6983,0.658,6.992000103,75.16
2020-07-10,1.1287955046,1.2654,106.77,0.9403700233,1.3591,0.6959,0.6581,6.9931001663,75.14
2020-07-09,1.1339154243,1.2614,107.27,0.9380999804,1.3577,0.6958,0.6563,7.0034999847,75.12
2020-07-08,1.1275228262,1.2593,107.39,0.9423000216,1.3539,0.6967,0.6564,7.0128998756,74.94
2020-07-07,1.1312856674,1.2572,107.53,0.9418200254,1.3587,0.6972,0.6567,7.0173001289,74.81
2020-07-06,1.1247202158,1.2482,107.5,0.9449700117,1.3546,0.6973,0.6543,7.0654001236,74.62
2020-07-03,1.1237848997,,,0.9455400109,,,,7.0654997826,
2020-07-02,1.1251378059,1.2469,107.55,0.9457700253,1.3591,0.6921,0.6513,7.0700998306,74.78
2020-07-01,1.1235954762,1.2474,107.5,0.9467999935,1.3579,0.6917,0.6474,7.0644001961,75.5
2020-06-30,1.1247202158,1.2369,107.77,0.9510499835,1.3614,0.6893,0.6446,7.0795998573,75.53
2020-06-29,1.1225864887,1.2279,107.71,0.9476000071,1.3686,0.6851,0.6408,7.0771999359,75.52
2020-06-26,1.1222084761,1.2337,107.19,0.9480999708,1.3695,0.6861,0.6418,7.0771999359,75.63
2020-06-25,1.1250872612,1.2406,107.21,0.9481599927,1.366,0.6868,0.6425,7.0771999359,75.58
2020-06-24,1.1312345266,1.2432,106.83,0.9445700049,1.3601,0.6875,0.6416,7.0574002266,75.65
2020-06-23,1.1279679537,1.2531,106.44,0.9468600154,1.3509,0.6955,0.6515,7.0673999786,75.48
2020-06-22,1.1177555323,1.2447,106.84,0.9521999955,1.3544,0.6904,0.6485,7.0713000298,75.76
2020-06-19,1.1211000681,1.2362,106.89,0.9516999722,1.3601,0.6856,0.6422,7.0883998871,76.21
2020-06-18,1.1242902279,1.243,106.78,0.9487100244,1.3593,0.6847,0.6428,7.084499836,76.32
2020-06-17,1.1265701056,1.2526,107.26,0.9511299729,1.357,0.6897,0.6462,7.0859999657,76.25
2020-06-16,1.1337740421,1.2586,107.35,0.9488999844,1.3562,0.6886,0.6451,7.0907998085,76.19
2020-06-15,1.1252011061,1.2543,107.33,0.9514300227,1.3618,0.6851,0.6436,7.0823998451,75.97
2020-06-12,1.12880826,1.2527,107.36,0.944140017,1.3587,0.6854,0.6431,7.0640997887,76.03
2020-06-11,1.136544466,1.2635,106.67,0.9437299967,1.3559,0.6889,0.646,7.0599999428,75.97
2020-06-10,1.1332215071,1.2758,107.25,0.9510999918,1.3388,0.7004,0.6543,7.0763001442,75.65
2020-06-09,1.1305567026,1.2736,107.66,0.9575200081,1.3433,0.6964,0.6526,7.0703001022,75.44
2020-06-08,1.1319515705,1.2694,108.46,0.9610000253,1.3379,0.6995,0.6541,7.0809998512,75.44
2020-06-05,1.1337867975,1.2703,109.68,0.9556099772,1.342,0.6983,0.6513,7.1092000008,75.61
2020-06-04,1.1235954762,1.2608,109,0.9613599777,1.3513,0.6944,0.6452,7.1146998405,75.43
2020-06-03,1.1189436913,1.26,108.88,0.9616100192,1.3489,0.6948,0.6436,7.0998997688,75.32
2020-06-02,1.1125946045,1.2531,108.6,0.9610999823,1.3515,0.6872,0.6345,7.1266999245,75.03
2020-06-01,1.1118524075,1.2472,107.56,0.9606199861,1.3603,0.6785,0.6286,7.136300087,75.56
2020-05-29,1.1079105139,1.232,107.77,0.9639999866,1.3809,0.6642,0.6187,7.1451997757,75.59
2020-05-28,1.101685524,1.2325,107.67,0.9680299759,1.3763,0.6664,0.6223,7.168200016,75.67
2020-05-27,1.0981770754,1.2231,107.79,0.965346992,1.3786,0.659,0.6166,7.1340999603,75.88
2020-05-26,1.0902997255,1.2337,107.64,0.9714599848,1.3821,0.6644,0.6202,7.1357002258,75.43
2020-05-25,1.090780139,,,0.9712200165,,,,7.1293997765,
2020-05-22,1.0952903032,1.2178,107.5,0.9706799984,1.4021,0.6528,0.6092,7.1142997742,75.99
2020-05-21,1.098297596,1.2227,107.69,0.9646999836,1.3946,0.6562,0.6113,7.0925002098,75.63
2020-05-20,1.0927767754,1.2257,107.46,0.9711599946,1.3911,0.6601,0.6146,7.0981998444,75.47
2020-05-19,1.0915124416,1.2255,107.89,0.9717299938,1.3879,0.6567,0.6104,7.1086001396,75.67
2020-05-18,1.0821340084,1.2211,107.25,0.9719099998,1.3966,0.6513,0.6038,7.1012001038,75.74
2020-05-15,1.0806955099,1.2129,107.27,0.9731000066,1.409,0.641,0.5929,7.0946998596,75.82
2020-05-14,1.0823682547,1.2194,107.09,0.9718000293,1.4086,0.6422,0.5972,7.0913000107,75.48
2020-05-13,1.0846810341,1.2225,106.92,0.9698200226,1.4089,0.6463,0.6009,7.0820999146,75.33
2020-05-12,1.0809408426,1.2299,107.33,0.9728900194,1.4009,0.6509,0.6102,7.0980000496,75.03
2020-05-11,1.0839520693,1.233,107.7,0.9709219933,1.4024,0.6472,0.6065,7.07310009,75.87
2020-05-08,1.0837171078,1.2436,106.5,0.9729499817,1.391,0.6543,0.6147,7.083799839,75.58
2020-05-07,1.0798553228,1.2349,106.36,0.9751999974,1.3972,0.65,0.6086,7.1036000252,75.78
2020-05-06,1.0838581324,1.2347,106.07,0.9725999832,1.4143,0.6414,0.6019,7.0615000725,76.08
2020-05-05,1.090429306,1.2449,106.52,0.9653999805,1.4025,0.6458,0.6065,7.0615000725,75.72
2020-05-04,1.0959625244,1.243,106.82,0.9624999762,1.4088,0.6412,0.6028,7.0615000725,75.64
2020-05-01,1.0945469141,1.2509,106.76,0.9664700031,1.4102,0.6424,0.6053,7.0612998009,75.75
2020-04-30,1.0877250433,1.2602,106.94,0.9739000201,1.3911,0.6523,0.615,7.0753998756,75.08
2020-04-29,1.0836584568,1.2429,106.67,0.9737399817,1.3936,0.6536,0.6104,7.0781002045,75.45
2020-04-28,1.0824854374,1.2438,106.83,0.9758300185,1.3992,0.6499,0.6063,7.0852999687,75.96
2020-04-27,1.0823682547,1.2421,107.22,0.9735000134,1.4042,0.646,0.6054,7.0809001923,76.23
2020-04-24,1.0777022839,1.2335,107.44,0.9763299823,1.4098,0.6377,0.6003,7.065199852,76.26
2020-04-23,1.0809642076,1.2369,107.65,0.9726999998,1.4028,0.6388,0.6026,7.0830998421,75.84
2020-04-22,1.0856467485,1.2332,107.81,0.9697700143,1.4132,0.632,0.5949,7.0707998276,76.44
2020-04-21,1.0864840746,1.2266,107.69,0.9678999782,1.4199,0.6279,0.5954,7.0724000931,76.95
2020-04-20,1.0866966248,1.2467,107.69,0.9678300023,1.4067,0.6387,0.6075,7.0721998215,76.56
2020-04-17,1.0858471394,1.2503,107.52,0.9692000151,1.4026,0.6357,0.6034,7.0788002014,76.56
2020-04-16,1.0905101299,1.2433,107.72,0.9650999904,1.4141,0.6301,0.5947,7.0665001869,76.75
2020-04-15,1.0985388756,1.2523,107.42,0.9599199891,1.4105,0.6328,0.5997,7.0482997894,76.56
2020-04-14,1.0922993422,1.2617,107.08,0.9664000273,1.3903,0.6419,0.608,7.0515999794,76.11
2020-04-13,1.0932666063,1.2518,107.59,0.965839982,1.3953,0.638,0.6085,7.0350999832,76.25
2020-04-10,1.0927408934,1.2485,108.39,0.9668599963,1.3967,0.6349,0.6082,7.0422000885,75.87
2020-04-09,1.0863661766,1.2458,108.38,0.9718199968,1.398,0.6309,0.6066,7.0648999214,76.3
2020-04-08,1.0895144939,1.2394,108.7,0.9691900015,1.4015,0.6223,0.6017,7.0447998047,75.96
2020-04-07,1.0803803205,1.2343,108.97,0.9779599905,1.3971,0.6187,0.5984,7.0913000107,75.64
2020-04-06,1.0806955099,1.2298,109.11,0.9771999717,1.4125,0.6096,0.595,7.0913000107,75.95
2020-04-03,1.0847399235,1.2228,108.53,0.9742199779,1.4132,0.6001,0.5856,7.0831999779,76.24
2020-04-02,1.0953621864,1.238,107.85,0.9661899805,1.411,0.6047,0.5909,7.0992999077,76.34
2020-04-01,1.1026574373,1.2394,107.05,0.9615100026,1.4222,0.6107,0.5944,7.0813999176,76.4
2020-03-31,1.1030466557,1.2454,107.53,0.9599999785,1.4123,0.6139,0.5959,7.0991997719,75.39
2020-03-30,1.1139082909,1.2392,108.06,0.9504699707,1.4169,0.6145,0.5991,7.0953001976,75.33
2020-03-27,1.1048258543,1.236,108.16,0.9616600275,1.4075,0.6126,0.6022,7.07310009,75.47
2020-03-26,1.0889569521,1.214,109.45,0.9762399793,1.4045,0.6054,0.5962,7.1135001183,74.89
2020-03-25,1.0802636147,1.1763,111.43,0.9799699783,1.4333,0.5957,0.581,7.0619997978,76.36
2020-03-24,1.0764610767,1.1784,111.44,0.9817000031,1.448,0.5927,0.5794,7.0913000107,76.37
2020-03-23,1.0694386959,1.1492,111.36,0.9850699902,1.4539,0.5755,0.5669,7.0947999954,76.29
2020-03-20,1.0657345057,1.1743,111.3,0.9887199998,1.4363,0.5841,0.5739,7.1076998711,75.31
2020-03-19,1.0961546898,1.1662,110.08,0.966629982,1.4463,0.5859,0.5824,7.0464000702,74.78
2020-03-18,1.1015521288,1.176,108.45,0.9596499801,1.4529,0.582,0.5778,7.0061998367,74.55
2020-03-17,1.11632061,1.2017,107.41,0.9475299716,1.4188,0.5976,0.594,6.9927000999,74.26
2020-03-16,1.1155360937,1.2278,105.64,0.9463000298,1.3974,0.6132,0.6119,7.0071997643,74.01
2020-03-13,1.1184931993,1.2406,107.15,0.9446499944,1.3991,0.6161,0.6052,7.0286002159,73.86
2020-03-12,1.1261515617,1.2541,105.67,0.9389500022,1.3869,0.628,0.6095,6.9595999718,74.25
2020-03-11,1.1316505671,1.2887,104.81,0.9368100166,1.3748,0.6512,0.6309,6.9555997849,73.68
2020-03-10,1.1397960186,1.2933,103.71,0.9283599854,1.3775,0.647,0.6261,6.9456000328,74.15
2020-03-09,1.1386020184,1.31,102.52,0.9274500012,1.3527,0.6654,0.6409,6.9310998917,74.21
2020-03-06,1.1223849058,1.301,105.31,0.9458000064,1.342,0.6634,0.6356,6.9359998703,74
2020-03-05,1.1139082909,1.2939,106.56,0.9566000104,1.3403,0.66,0.6303,6.965400219,73.5
2020-03-04,1.1180679798,1.2836,107.34,0.955649972,1.3425,0.6609,0.6278,6.9609999657,73.49
2020-03-03,1.1144047976,1.2827,107.28,0.9581000209,1.3352,0.6617,0.6306,6.9998002052,73.03
2020-03-02,1.1051311493,1.2791,108.02,0.9639800191,1.3334,0.6524,0.6253,6.9909000397,72.88
2020-02-28,1.0997228622,1.2778,108.12,0.96875,1.3411,0.6495,0.6232,7.0034999847,72.53
2020-02-27,1.0885894299,1.2876,110.15,0.9763900042,1.3356,0.6582,0.6319,7.0398001671,71.65
2020-02-26,1.0881996155,1.2921,110.36,0.9758999944,1.3321,0.6556,0.6299,7.0363998413,71.58
2020-02-25,1.0849199295,1.3004,110.23,0.9797800183,1.3285,0.6597,0.6326,7.0283999443,71.81
2020-02-24,1.0839051008,1.2923,110.56,0.9788399935,1.3282,0.6612,0.6347,7.0261998177,71.92
2020-02-21,1.0787998438,1.2966,111.74,0.9837599993,1.3217,0.6632,0.6351,7.0223999023,71.9
2020-02-20,1.0810098648,1.2877,111.86,0.9835000038,1.3259,0.6618,0.6339,6.9972000122,71.67
2020-02-19,1.0795404911,1.2934,111.17,0.9829000235,1.3232,0.6673,0.638,6.9962000847,71.55
2020-02-18,1.0840108395,1.3017,109.8,0.9804000258,1.3256,0.6693,0.6394,6.9793000221,71.56
2020-02-17,1.0841753483,,,0.9816899896,,,,6.9861001968,
2020-02-14,1.0845986605,1.3039,109.77,0.9788799882,1.3251,0.6719,0.6437,6.9763998985,71.52
2020-02-13,1.0875948668,1.3051,109.81,0.9775599837,1.3255,0.6729,0.6444,6.9710001945,71.27
2020-02-12,1.0919414759,1.2978,110,0.9756000042,1.3243,0.6746,0.6472,6.9649000168,71.29
2020-02-11,1.0913456678,1.2945,109.78,0.9771000147,1.3299,0.6712,0.6402,6.9835000038,71.25
2020-02-10,1.0949305296,1.2919,109.77,0.9766600132,1.3323,0.6674,0.6385,7.0005998611,71.28
2020-02-07,1.098297596,1.2908,109.81,0.9745000005,1.3304,0.6679,0.6406,6.9697999954,71.47
2020-02-06,1.1002310514,1.2935,109.89,0.9732999802,1.3292,0.6738,0.6462,6.972799778,71.19
2020-02-05,1.1047282219,1.3,109.74,0.9692699909,1.3294,0.6748,0.6477,6.9974999428,71.19
2020-02-04,1.1062926054,1.3029,109.41,0.9656999707,1.3266,0.6732,0.648,7.0205998421,71.11
2020-02-03,1.1089794636,1.3006,108.59,0.9633600116,1.3295,0.6688,0.6463,6.9356999397,71.32
2020-01-31,1.1029127836,1.3195,108.5,0.9694100022,1.322,0.6699,0.6466,6.9356999397,71.53
2020-01-30,1.101685524,1.3106,108.75,0.973179996,1.3216,0.6715,0.649,6.9356999397,71.57
2020-01-29,1.1022562981,1.3012,109.15,0.9729800224,1.3201,0.6744,0.6523,6.9356999397,71.35
2020-01-28,1.1019769907,1.2996,109.17,0.9698500037,1.3174,0.6753,0.6534,6.9356999397,71.24
2020-01-27,1.1025358438,1.3054,108.95,0.9699400067,1.3176,0.6757,0.6551,6.9356999397,71.45
2020-01-24,1.1055220366,1.3071,109.31,0.9695000052,1.3146,0.6824,0.6602,6.9355998039,71.31
2020-01-23,1.1096439362,1.3104,109.39,0.9674000144,1.3144,0.6834,0.6587,6.9057002068,71.45
2020-01-22,1.1085613966,1.3136,109.93,0.9688000083,1.3135,0.6836,0.6588,6.9047999382,71.07
2020-01-21,1.1096931696,1.3047,109.95,0.9683799744,1.3068,0.6853,0.6609,6.8657999039,71.17
2020-01-20,1.109459281,,,0.9682099819,,,,6.8586997986,
2020-01-17,1.1139578819,1.3029,110.16,0.9648799896,1.3074,0.6877,0.661,6.8780999184,71.08
2020-01-16,1.1154004335,1.3076,110.16,0.9636999965,1.3042,0.6895,0.6639,6.8898000717,70.95
2020-01-15,1.1130899191,1.303,109.94,0.9670699835,1.304,0.6911,0.6618,6.9003000259,70.69
2020-01-14,1.1135733128,1.3018,110.05,0.9707000256,1.3056,0.6905,0.6613,6.8927001953,70.85
2020-01-13,1.1116669178,1.2983,109.93,0.9731400013,1.3049,0.6911,0.6635,6.9092998505,70.74
2020-01-10,1.1111111641,1.306,109.5,0.9731199741,1.3051,0.6903,0.6639,6.9517002106,70.94
2020-01-09,1.1113210917,1.3069,109.47,0.9732000232,1.309,0.6856,0.6609,6.9451999664,71.16
2020-01-08,1.1154738665,1.311,109.03,0.9688299894,1.3026,0.687,0.6642,6.9443998337,71.51
2020-01-07,1.1197994947,1.3127,108.53,0.9685000181,1.3016,0.6861,0.6628,6.9745001793,71.84
2020-01-06,1.1161960363,1.3163,108.36,0.9714800119,1.2964,0.6932,0.6667,6.9644999504,71.86
2020-01-03,1.1171437502,1.3091,107.94,0.9711999893,1.2985,0.6963,0.6673,6.9633998871,71.76
2020-01-02,1.1220825911,1.3128,108.43,0.9674999714,1.2998,0.6982,0.6692,6.9622001648,71.34
2020-01-01,1.1220825911,,,0.9671999812,,,,6.9622998238,
2019-12-31,1.1202297211,1.3269,108.67,0.9686300159,1.2962,0.703,0.6745,6.9857001305,71.36
2019-12-30,1.1182304621,1.314,108.85,0.9737100005,1.3058,0.7004,0.6736,6.9948000908,71.3
2019-12-27,1.1101119518,1.309,109.47,0.9814699888,1.3073,0.6978,0.6703,6.9963002205,71.45
2019-12-26,1.1095454693,1.3007,109.67,0.9793999791,1.3124,0.6939,0.6666,6.9882998466,71.28
2019-12-25,1.1090162992,,,0.9803000093,,,,7.0064001083,
2019-12-24,1.1093853712,1.2955,109.38,0.9814699888,1.316,0.6923,0.6641,7.0117998123,71.23
2019-12-23,1.107984066,1.2917,109.39,0.9822800159,1.3167,0.6917,0.6628,7.0057001114,71.24
2019-12-20,1.1125946045,1.3036,109.45,0.9782000184,1.317,0.6902,0.6607,7.0093998909,71.07
2019-12-19,1.1115927696,1.3034,109.23,0.980009973,1.3122,0.6887,0.6607,7.0040001869,71.11
2019-12-18,1.1151380539,1.3078,109.58,0.9797000289,1.3117,0.6854,0.6578,6.9962000847,70.97
2019-12-17,1.1136974096,1.3116,109.52,0.9832000136,1.3155,0.6847,0.6568,6.9815998077,71.04
2019-12-16,1.1124460697,1.333,109.64,0.9839599729,1.3158,0.6887,0.6597,6.9718999863,70.89
2019-12-13,1.1186057329,1.3349,109.28,0.9849900007,1.3196,0.6871,0.6591,7.0194997787,70.8
2019-12-12,1.1135857105,1.3133,109.16,0.9824000001,1.3185,0.6896,0.6584,7.0377998352,70.62
2019-12-11,1.1092746258,1.3176,108.67,0.9844700098,1.3202,0.6864,0.657,7.0332999229,70.73
2019-12-10,1.1064994335,1.3178,108.73,0.9877600074,1.3231,0.6814,0.6541,7.0381999016,70.84
2019-12-09,1.1058888435,1.3157,108.59,0.9904800057,1.3228,0.6832,0.6555,7.0342998505,71.02
2019-12-06,1.1105434895,1.3127,108.66,0.9869999886,1.3255,0.6836,0.6565,7.0437998772,71.26
2019-12-05,1.1083034277,1.3165,108.69,0.9882500172,1.3177,0.6834,0.6545,7.0489001274,71.26
2019-12-04,1.1085245609,1.3095,108.87,0.986899972,1.3212,0.6851,0.6529,7.0602002144,71.47
2019-12-03,1.1079105139,1.3002,108.53,0.9914299846,1.3298,0.6841,0.6516,7.0383000374,71.7
2019-12-02,1.1019041538,1.2936,109.09,1.0001100302,1.3298,0.6819,0.6506,7.0314998627,71.65
2019-11-29,1.1011761427,1.2939,109.47,0.9983599782,1.3291,0.6762,0.6419,7.0343999863,71.75
2019-11-28,1.1004853249,,,0.9984700084,,,,7.027900219,
2019-11-27,1.1022562981,1.2881,109.38,0.9975900054,1.3284,0.678,0.6429,7.0324997902,71.26
2019-11-26,1.1014429331,1.285,109.11,0.9967399836,1.3285,0.6787,0.642,7.0355000496,71.51
2019-11-25,1.1022562981,1.2885,108.95,0.997600019,1.3312,0.677,0.6402,7.0383000374,71.69
2019-11-22,1.1065863371,1.2829,108.67,0.9926999807,1.3293,0.6784,0.6406,7.0282001495,71.76
2019-11-21,1.1078859568,1.2915,108.53,0.9903799891,1.3277,0.6793,0.6413,7.0349998474,71.75
2019-11-20,1.1080001593,1.2918,108.67,0.9903100133,1.3317,0.6797,0.6413,7.0268001556,71.74
2019-11-19,1.1072357893,1.2926,108.59,0.9890999794,1.3233,0.6826,0.6426,7.0250000954,71.86
2019-11-18,1.1055098772,1.2965,108.61,0.9889860153,1.321,0.682,0.6408,7.0072999001,71.9
2019-11-15,1.1020498276,1.2901,108.8,0.9887700081,1.3228,0.681,0.6403,7.0198001862,71.6
2019-11-14,1.101321578,1.2879,108.33,0.9896699786,1.3251,0.678,0.6374,7.022600174,71.99
2019-11-13,1.101236701,1.284,108.83,0.992659986,1.3239,0.6831,0.6401,7.0068001747,72.12
2019-11-12,1.1035456657,1.2855,109.09,0.9930099845,1.3227,0.6846,0.6336,7.0096001625,71.75
2019-11-11,1.1022442579,,,0.9971699715,,,,6.9949998856,
2019-11-08,1.1019697189,1.279,109.14,0.994599998,1.3218,0.6854,0.6333,,71.35
2019-11-07,1.10703969,1.2829,109.42,0.992470026,1.3177,0.6895,0.6351,6.9972000122,71.04
2019-11-06,1.1074197292,1.2872,108.86,0.9923999906,1.3187,0.6881,0.637,7.0088000298,70.96
2019-11-05,1.1128546,1.287,109.13,0.9882900119,1.3176,0.6892,0.6377,7.0293998718,70.81
2019-11-04,1.1166571379,1.2906,108.56,0.9858400226,1.3145,0.6898,0.6416,7.0363998413,70.79
2019-11-01,1.1157102585,1.295,108.16,0.9864100218,1.3145,0.6914,0.6445,7.0381999016,70.76
2019-10-31,1.1154489517,1.2939,108.09,0.989109993,1.3144,0.6888,0.6414,7.0543999672,71.01
2019-10-30,1.1114816666,1.2872,108.88,0.9941200018,1.3179,0.6872,0.6368,7.0648999214,70.96
2019-10-29,1.1099148989,1.2905,108.83,0.9947599769,1.3078,0.6862,0.6358,7.0668997765,70.86
2019-10-28,1.1084262133,1.286,109.02,0.9941999912,1.3063,0.6839,0.6345,7.0647001266,70.71
2019-10-25,1.1103955507,1.2833,108.75,0.9923499823,1.3064,0.6829,0.6363,7.0680999756,70.78
2019-10-24,1.1132385731,1.281,108.62,0.9901000261,1.3078,0.6817,0.6378,7.0645999908,71.01
2019-10-23,1.1129288673,1.2886,108.64,0.9893400073,1.3089,0.6847,0.6418,7.0762000084,70.81
2019-10-22,1.1151753664,1.2948,108.56,0.985920012,1.3086,0.6863,0.6409,7.0662999153,70.81
2019-10-21,1.1155734062,1.2983,108.57,0.9849100113,1.31,0.6867,0.6392,7.0806999207,70.9
2019-10-18,1.1127183437,1.2904,108.44,0.9872999787,1.3134,0.6846,0.6373,7.0763998032,71.07
2019-10-17,1.1074932814,1.2853,108.51,0.9942200184,1.3136,0.6826,0.6352,7.0927000046,71.09
2019-10-16,1.1034727097,1.2854,108.71,0.9985200167,1.3191,0.6755,0.6276,7.0808000565,71.37
2019-10-15,1.1029006243,1.2737,108.83,0.9976199865,1.3199,0.6757,0.6284,7.0665998459,71.48
2019-10-14,1.1030004025,,,0.9977999926,,,,7.0872001648,
2019-10-11,1.1011033058,1.2683,108.52,0.9961299896,1.3181,0.6804,0.6345,7.1154999733,70.91
2019-10-10,1.0987803936,1.2382,107.91,0.9928799868,1.3274,0.677,0.6324,7.1314001083,70.98
2019-10-09,1.0960105658,1.2215,107.43,0.9926000237,1.3327,0.673,0.6299,7.1434998512,71.09
2019-10-08,1.0972130299,1.2206,107.06,0.9947599769,1.3332,0.6727,0.6294,7.1473999023,71.21
2019-10-07,1.0986596346,1.2322,107.06,0.9939900041,1.3305,0.6742,0.6292,7.1473999023,70.97
2019-10-04,1.0975382328,1.2309,106.91,0.998149991,1.3332,0.6764,0.6314,7.1475000381,70.86
2019-10-03,1.0963709354,1.239,106.76,0.9967300296,1.3323,0.6751,0.6314,7.147600174,71.03
2019-10-02,1.0934937,1.2313,107.21,0.9926800132,1.3313,0.6698,0.6256,7.1473999023,71.17
2019-10-01,1.0899657011,1.2242,107.7,0.997600019,1.3235,0.6703,0.6246,7.1475000381,71.11
2019-09-30,1.0942714214,1.2305,108.11,0.9908999801,1.3243,0.6746,0.6262,7.1217999458,70.64
2019-09-27,1.0922753811,1.2312,108.05,0.9933900237,1.325,0.6764,0.6296,7.1315999031,70.49
2019-09-26,1.0952903032,1.2343,107.67,0.9908599854,1.3271,0.6754,0.6303,7.1307997704,70.93
2019-09-25,1.101685524,1.2363,107.78,0.9858999848,1.3279,0.675,0.6275,7.1154999733,71
2019-09-24,1.0993722677,1.2475,107.32,0.9898200035,1.3253,0.6793,0.6315,7.1175999641,70.94
2019-09-23,1.1019041538,1.2428,107.47,0.9913700223,1.3271,0.6772,0.6285,7.0906000137,70.79
2019-09-20,1.1048502922,1.2489,107.95,0.9927399755,1.3268,0.677,0.6258,7.0956001282,71.05
2019-09-19,1.1031439304,1.2481,108,0.9968000054,1.3258,0.6795,0.6301,7.0850000381,71.31
2019-09-18,1.1074687243,1.2478,108.17,0.9925400019,1.3283,0.6844,0.6333,7.0908999443,71.16
2019-09-17,1.1005944014,1.2493,108.12,0.9929199815,1.3249,0.6858,0.635,7.0664000511,71.47
2019-09-16,1.1083402634,1.2423,107.94,0.9868599772,1.324,0.6865,0.6352,7.078400135,71.53
2019-09-13,1.1058276892,1.2462,108.12,0.9905599952,1.3268,0.6886,0.6384,7.078400135,71
2019-09-12,1.1013457775,1.2357,107.97,0.993719995,1.3209,0.6871,0.6417,7.1157999039,70.91
2019-09-11,1.1050333977,1.2329,107.73,0.991599977,1.3199,0.6858,0.6415,7.111700058,71.62
2019-09-10,1.1048381329,1.2355,107.34,0.992389977,1.3141,0.6868,0.6425,7.1210999489,71.89
2019-09-09,1.1020619869,1.2368,107.14,0.9879999757,1.314,0.6874,0.6434,7.1146998405,71.66
2019-09-06,1.1036310196,1.2299,106.8,0.9862300158,1.317,0.6856,0.6439,7.1476998329,71.68
2019-09-05,1.1034970284,1.2337,106.96,0.9808400273,1.3238,0.682,0.6376,7.1451001167,71.84
2019-09-04,1.0974539518,1.219,106.28,0.9868299961,1.3248,0.6796,0.6354,7.1779999733,72.11
2019-09-03,1.0968520641,1.2086,105.88,0.9903299809,1.3332,0.6758,0.6326,7.1710000038,72.2
2019-09-02,1.0991789103,,,0.9893000126,,,,7.1557002068,
2019-08-30,1.1061947346,1.2166,106.3,0.9858000278,1.329,0.673,0.6299,7.143599987,71.45
2019-08-29,1.1085859537,1.2197,106.5,0.9813299775,1.3299,0.6734,0.6318,7.1553001404,71.67
2019-08-28,1.1090040207,1.2248,105.86,0.9808999896,1.3299,0.6746,0.6337,7.1613998413,71.75
2019-08-27,1.1103708744,1.2288,105.8,0.9790999889,1.3274,0.6758,0.6366,7.1503000259,71.52
2019-08-26,1.1143054962,1.2232,106,0.9728500247,1.3282,0.6782,0.6396,7.0949997902,72.02
2019-08-23,1.1084016562,1.2261,105.3,0.9836599827,1.3319,0.6749,0.6395,7.0826997757,71.49
2019-08-22,1.1090778112,1.225,106.44,0.9818999767,1.3295,0.6764,0.6379,7.0623998642,71.9
2019-08-21,1.1097793579,1.2142,106.52,0.9778000116,1.3275,0.6792,0.641,7.0595998764,71.43
2019-08-20,1.1083157063,1.2153,106.35,0.9812499881,1.3331,0.6777,0.6416,7.0497999191,71.54
2019-08-19,1.1093853712,1.2138,106.5,0.9793000221,1.3306,0.6772,0.642,7.0419001579,71.44
2019-08-16,1.1113580465,1.2152,106.34,0.9763000011,1.328,0.6782,0.643,7.0240001678,71.15
2019-08-15,1.1143302917,1.2112,106.12,0.9734600186,1.3322,0.6784,0.6446,7.0234999657,71.79
2019-08-14,1.1177055836,1.2068,105.79,0.9757999778,1.332,0.6742,0.6425,7.0335001945,71.27
2019-08-13,1.121830821,1.2067,106.6,0.9692299962,1.3221,0.6798,0.6457,7.057199955,71.41
2019-08-12,1.120849967,1.207,105.38,0.9714199901,1.3232,0.6756,0.6457,7.0615000725,71.27
2019-08-09,1.1187183857,1.2085,105.3,0.9739300013,1.3226,0.6796,0.6479,7.0443000793,70.91
2019-08-08,1.1204355955,1.2138,106.04,0.9746999741,1.3241,0.6812,0.6482,7.0591001511,70.62
2019-08-07,1.1206992865,1.2158,105.62,0.9757300019,1.333,0.6754,0.6461,7.0255999565,71.18
2019-08-06,1.1243788004,1.2149,106.45,0.9706199765,1.3252,0.677,0.6529,7.0496997833,70.9
2019-08-05,1.1108025312,1.2165,106.02,0.9825000167,1.3196,0.678,0.6539,6.9391999245,70.8
2019-08-02,1.1078859568,1.2132,106.64,0.9900699854,1.3217,0.6806,0.6547,6.8977999687,69.65
2019-08-01,1.1071745157,1.2145,108.28,0.9937999845,1.3202,0.6858,0.6564,6.8833999634,69
2019-07-31,1.1157974005,1.222,108.58,0.9897000194,1.3143,0.6888,0.6598,6.883600235,68.81
2019-07-30,1.1143054962,1.2148,108.66,0.991599977,1.3169,0.6872,0.6609,6.8923997879,68.82
2019-07-29,1.1132138968,1.2236,108.86,0.9933000207,1.3151,0.6908,0.6632,6.8782000542,68.73
2019-07-26,1.1146159172,1.2387,108.69,0.9909800291,1.3187,0.6908,0.6632,6.8716001511,68.89
2019-07-25,1.1142433882,1.2471,108.58,0.984679997,1.3145,0.6954,0.6668,6.8715000153,69.03
2019-07-24,1.1151255369,1.2498,108.08,0.9853799939,1.3134,0.6978,0.6712,6.87830019,68.94
2019-07-23,1.1206114292,1.2449,108.06,0.9824000001,1.3138,0.6999,0.6708,6.8800997734,68.99
2019-07-22,1.121830821,1.2475,107.91,0.9828400016,1.3115,0.7042,0.6775,6.8811001778,68.89
2019-07-19,1.1261515617,1.25,107.78,0.982640028,1.3081,0.7042,0.6771,6.8790998459,68.82
2019-07-18,1.1229646206,1.2494,107.74,0.9865999818,1.309,0.7043,0.6756,6.8727998734,68.85
2019-07-17,1.1212271452,1.2438,108.1,0.9879900217,1.3041,0.7021,0.6744,6.8752999306,68.84
2019-07-16,1.1261768341,1.2408,108.35,0.9840999842,1.3043,0.702,0.6704,6.8769001961,68.66
2019-07-15,1.1272051334,1.2523,107.89,0.9840000272,1.3036,0.7036,0.6719,6.8797998428,68.52
2019-07-12,1.1252391338,1.2553,108,0.9904999733,1.3042,0.7007,0.6681,6.8692002296,68.57
2019-07-11,1.1258852482,1.2549,108.29,0.9879000187,1.3071,0.6982,0.6672,6.8722000122,68.4
2019-07-10,1.1208249331,1.2507,108.44,0.9935899973,1.3099,0.6964,0.6652,6.888299942,68.4
2019-07-09,1.1216043234,1.2463,108.78,0.9940900207,1.3123,0.6927,0.6608,6.8808999062,68.54
2019-07-08,1.1227376461,1.2503,108.72,0.9911999702,1.3088,0.6968,0.6624,6.8926000595,68.55
2019-07-05,1.1285790205,1.2506,108.55,0.9847199917,1.3108,0.6968,0.6617,6.8706002235,68.48
2019-07-04,1.1287955046,,,0.9855999947,,,,6.8801999092,
2019-07-03,1.1293054819,1.2568,107.84,0.9851999879,1.307,0.7033,0.6709,6.8720002174,68.79
2019-07-02,1.1287446022,1.2599,107.98,0.9869999886,1.3117,0.6992,0.6674,6.8508000374,68.87
2019-07-01,1.1364928484,1.2644,108.42,0.9793999791,1.3124,0.6963,0.6675,6.8657999039,68.87
2019-06-28,1.1372941732,1.2704,107.84,0.9766499996,1.3091,0.7009,0.6711,6.867099762,68.92
2019-06-27,1.1374752522,1.2674,107.73,0.9773899913,1.3115,0.6998,0.6699,6.8790998459,69.01
2019-06-26,1.1369967461,1.2697,107.64,0.9748200178,1.3109,0.699,0.6692,6.8787999153,69.18
2019-06-25,1.140029788,1.2721,106.92,0.9718000293,1.3164,0.6975,0.6655,6.8761000633,69.26
2019-06-24,1.1384724379,1.2728,107.36,0.975399971,1.3196,0.6964,0.662,6.8688998222,69.32
2019-06-21,1.1295605898,1.2703,107.55,0.9810500145,1.3217,0.692,0.6572,6.8509998322,69.59
2019-06-20,1.1238480806,1.27,107.52,0.9926999807,1.3208,0.6917,0.6584,6.9026999474,69.44
2019-06-19,1.1198208332,1.2625,108.36,1.0006899834,1.3362,0.687,0.6525,6.902299881,69.64
2019-06-18,1.1224603653,1.2547,108.39,0.9986500144,1.3396,0.6872,0.6528,6.9249000549,69.6
2019-06-17,1.1217050552,1.2568,108.56,0.9987999797,1.3398,0.686,0.6504,6.9244999886,69.83
2019-06-14,1.1280443668,1.2601,108.44,0.9934999943,1.3382,0.6872,0.6502,6.920800209,69.81
2019-06-13,1.1295605898,1.2678,108.44,0.9947000146,1.333,0.691,0.6565,6.9169001579,69.53
2019-06-12,1.1329518557,1.2693,108.42,0.9919999838,1.3298,0.6942,0.658,6.9103999138,69.35
2019-06-11,1.1318106651,1.2724,108.52,0.9889000058,1.3291,0.6956,0.6581,6.9300999641,69.42
2019-06-10,1.1320157051,1.2684,108.56,0.9898999929,1.3259,0.6964,0.6615,6.9088001251,69.49
2019-06-07,1.1276500225,1.274,108.15,0.9911000133,1.3287,0.7002,0.6664,6.9089999199,69.32
2019-06-06,1.1229015589,1.2713,108.08,0.993900001,1.3374,0.6984,0.6639,6.9081001282,69.21
2019-06-05,1.1254037619,1.2706,108.2,0.992470026,1.3409,0.6974,0.6624,6.9072999954,69.41
2019-06-04,1.1246316433,1.2675,108.3,0.992299974,1.3417,0.6987,0.6597,6.9028000832,69.28
2019-06-03,1.1174057722,1.2621,108.39,0.9995300174,1.3471,0.6955,0.6575,6.9040999413,69.15
2019-05-31,1.1131147146,1.262,108.66,1.0068999529,1.3523,0.693,0.6525,6.9008998871,69.63
2019-05-30,1.1137346029,1.2619,109.67,1.0082999468,1.3508,0.691,0.6507,6.9134001732,69.81
2019-05-29,1.1170687675,1.2631,109.24,1.0069299936,1.3533,0.6912,0.6511,6.9091000557,69.8
2019-05-28,1.119382143,1.2668,109.49,1.0039499998,1.3473,0.693,0.6549,6.8972001076,69.56
2019-05-27,1.1209630966,,,1.0017700195,,,,6.8993000984,
2019-05-24,1.1184556484,1.27,109.38,1.0029000044,1.3454,0.6914,0.6548,6.9095001221,69.37
2019-05-23,1.1155484915,1.2666,109.58,1.0090199709,1.3471,0.6896,0.6521,6.9053997993,69.66
2019-05-22,,1.2674,110.28,,1.3417,0.688,0.6497,,69.71
2019-05-21,1.1168566942,1.2747,110.6,1.0082999468,1.3425,0.6876,0.6506,6.9113001823,69.61
2019-05-20,1.116532445,1.2718,109.96,1.0104999542,1.3432,0.6913,0.6537,6.9176998138,69.59
2019-05-17,1.1173559427,1.2723,109.9,1.0099799633,1.3477,0.6874,0.6522,6.8828001022,70.28
2019-05-16,1.1207244396,1.2803,109.89,1.0082499981,1.3433,0.6905,0.655,6.8751997948,70.08
2019-05-15,1.1204482317,1.2878,109.58,1.0087399483,1.3432,0.693,0.6562,6.8748998642,70.22
2019-05-14,1.123254776,1.2921,109.68,1.0053800344,1.3466,0.6946,0.6577,6.8772997856,70.3
2019-05-13,1.1236460209,1.2961,109.18,1.0104000568,1.3467,0.6948,0.6572,6.82310009,70.62
2019-05-10,1.1222084761,1.3036,109.56,1.0152000189,1.3428,0.6998,0.66,6.826499939,70.02
2019-05-09,1.1198333502,1.3013,109.55,1.0203000307,1.349,0.6976,0.6584,6.7820000648,70.21
2019-05-08,1.1191065311,1.3014,110.12,1.0196000338,1.3458,0.7004,0.6587,6.7760000229,69.73
2019-05-07,1.12018466,1.3052,110.34,1.0170999765,1.3472,0.7004,0.6593,6.7635998726,69.62
2019-05-06,1.1185808182,1.3093,110.86,1.0165200233,1.3446,0.6995,0.6606,6.7336001396,69.4
2019-05-03,1.1173559427,1.3139,111.28,1.0193500519,1.3425,0.7018,0.6642,6.7339000702,69.08
2019-05-02,1.1200841665,1.3032,111.39,1.0174000263,1.3468,0.7002,0.6618,6.734000206,69.4
2019-05-01,1.1216043234,1.3091,111.18,1.0190099478,1.3417,0.7038,0.6652,6.7337999344,69.52
2019-04-30,1.1185182333,1.303,111.4,1.019299984,1.3427,0.704,0.667,6.7323999405,69.64
2019-04-29,1.1150261164,1.2924,111.8,1.0193200111,1.3448,0.7054,0.6665,6.7287998199,69.8
2019-04-26,1.1136848927,1.293,111.6,1.0198999643,1.3459,0.7044,0.667,6.742099762,69.93
2019-04-25,1.115349412,1.2901,111.59,1.0203000307,1.3494,0.701,0.6616,6.7209000587,70.19
2019-04-24,1.1224352121,1.2947,111.81,1.0201499462,1.3465,0.7026,0.6606,6.7248997688,69.91
2019-04-23,1.1258978844,1.2943,111.86,1.0153000355,1.342,0.7096,0.6648,6.7084999084,69.78
2019-04-22,1.1244546175,1.2983,111.94,1.0143899918,1.3352,0.7134,0.6677,6.703400135,69.64
2019-04-19,1.1235954762,1.3003,111.92,1.0148400068,1.3386,0.715,0.6691,6.7080998421,69.37
2019-04-18,1.1297137737,1.3003,111.94,1.0104000568,1.3372,0.715,0.6679,6.6872000694,69.42
2019-04-17,1.1285026073,1.3036,112,1.0075000525,1.3345,0.7168,0.6711,6.7112002373,69.43
2019-04-16,1.1304928064,1.3049,111.95,1.0036699772,1.335,0.7174,0.6761,6.7076997757,69.51
2019-04-15,1.1305055618,1.3105,112,1.0024000406,1.3372,0.7178,0.6764,6.7031998634,69.38
2019-04-12,1.126075387,1.3086,112,1.0027400255,1.3332,0.7176,0.6769,6.7185001373,69.21
2019-04-11,1.1276500225,1.3068,111.48,1.002210021,1.3379,0.7128,0.6729,6.715400219,68.97
2019-04-10,1.1266970634,1.31,110.92,0.9996500015,1.3322,0.7158,0.6756,6.7108001709,69.12
2019-04-09,1.1256444454,1.3048,111.08,0.9991099834,1.332,0.7129,0.6745,6.715400219,69.28
2019-04-08,1.121956706,1.3048,111.47,0.9998999834,1.3316,0.7124,0.6742,6.7168998718,69.56
2019-04-05,1.1225864887,1.301,111.71,0.9999200106,1.3387,0.7099,0.6725,6.7165999413,69.11
2019-04-04,1.1246949434,1.3072,111.55,0.9972900152,1.3357,0.7112,0.6756,6.7013998032,69.03
2019-04-03,1.1203854084,1.3181,111.48,0.9981600046,1.3315,0.7124,0.6793,6.7224001884,68.58
2019-04-02,1.1205737591,1.3035,111.32,0.9991999865,1.3357,0.7058,0.6743,6.7104997635,68.91
2019-04-01,1.1223849058,1.3144,111.29,0.9950000048,1.3344,0.7117,0.6813,6.7111001015,69.18
2019-03-29,1.1230024099,1.3032,110.68,0.9948300123,1.336,0.7104,0.682,6.7381000519,69.16
2019-03-28,1.1251758337,1.3088,110.54,0.9947000146,1.3424,0.7079,0.6794,6.7262001038,69.23
2019-03-27,1.1274846792,1.3192,110.38,0.9936000109,1.3434,0.707,0.6791,6.714700222,69.13
2019-03-26,1.1315801144,1.3215,110.5,0.9923099875,1.3389,0.714,0.6912,6.7083997726,68.98
2019-03-25,1.1295861006,1.3203,110.09,0.9939900041,1.3418,0.7114,0.6916,6.7171001434,68.88
2019-03-22,1.1375011206,1.3219,109.76,0.9919000268,1.3406,0.7091,0.6888,6.6982002258,69.01
2019-03-21,1.1427918673,1.3073,110.86,0.9909999967,1.3369,0.711,0.6875,6.6936001778,68.72
2019-03-20,1.1354861259,1.3191,111.41,0.9986000061,1.3327,0.7088,0.6848,6.7109999657,68.85
2019-03-19,1.1336197853,1.3263,111.38,1.0010000467,1.3294,0.7102,0.6866,6.7031002045,69.02
2019-03-18,1.1319772005,1.3223,111.41,1.0024000406,1.3342,0.71,0.6856,6.7128000259,68.6
2019-03-15,1.1308379173,1.3278,111.57,1.003450036,1.3337,0.7089,0.685,6.7220001221,68.94
2019-03-14,1.1331059933,1.3281,111.71,1.0032900572,1.3316,0.7061,0.6822,6.706099987,69.33
2019-03-13,1.1287446022,1.323,111.23,1.0074000359,1.3318,0.7087,0.6858,6.7076001167,69.52
2019-03-12,1.1259232759,1.3101,111.38,1.0102399588,1.338,0.7082,0.6865,6.7255001068,69.62
2019-03-11,1.1232421398,1.3095,111.21,1.007799983,1.3418,0.7056,0.6828,6.7206001282,69.82
2019-03-08,1.1198333502,1.301,111.11,1.0106999874,1.3426,0.7048,0.6807,6.714099884,70
2019-03-07,1.1314009428,1.3107,111.6,1.0040999651,1.342,0.7032,0.6771,6.7108998299,70.09
2019-03-06,1.130710125,1.3148,111.66,1.0044000149,1.3445,0.7023,0.6775,6.7066001892,70.02
2019-03-05,1.1337354183,1.3141,111.98,0.9986000061,1.3352,0.7073,0.6787,6.7062997818,70.55
2019-03-04,1.1375917196,1.3186,111.68,0.9983000159,1.3329,0.7084,0.6806,6.7053999901,70.91
2019-03-01,1.1373459101,1.3222,111.89,0.9972599745,1.3277,0.708,0.6806,6.6929998398,70.9
2019-02-28,1.1380189657,1.3274,111.38,1.0004999638,1.3166,0.7099,0.6808,6.6862001419,70.83
2019-02-27,1.139315486,1.3318,110.92,0.9997100234,1.3145,0.7134,0.6841,6.6992001534,71.15
2019-02-26,1.1367511749,1.3252,110.76,1.000090003,1.3175,0.7182,0.6891,6.6883997917,71.02
2019-02-25,1.1342240572,1.3059,111.07,0.9997000098,1.3183,0.7169,0.6885,6.7132000923,70.82
2019-02-22,1.1343011856,1.3067,110.7,1.0008599758,1.3188,0.7138,0.6841,6.7190999985,71.07
2019-02-21,1.1346358061,1.306,110.72,1,1.3192,0.708,0.6805,6.7203001976,71.15
2019-02-20,1.1343011856,,,1.0012799501,,,,6.7576999664,
2019-02-19,1.1311961412,1.3036,110.68,1.0044699907,1.3248,0.7146,0.6854,6.7656998634,71.31
2019-02-18,1.1298030615,,,1.0045000315,,,,6.7720999718,
2019-02-15,1.129535079,1.2857,110.54,1.0049500465,1.3272,0.7122,0.6856,6.7712001801,71.36
2019-02-14,1.12649405,1.2793,110.68,1.0087000132,1.3307,0.7091,0.6829,6.7593998909,71.18
2019-02-13,1.1334655285,1.2865,110.86,1.0061099529,1.3222,0.7113,0.6817,6.7729997635,70.86
2019-02-12,1.1279042959,1.2887,110.5,1.0039000511,1.3244,0.7094,0.674,6.7913999557,70.56
2019-02-11,1.1324259043,1.2862,110.4,0.9992899895,1.3296,0.7065,0.6732,6.7438001633,71.15
2019-02-08,1.1338768005,1.2933,109.76,1.0024100542,1.3277,0.709,0.6755,6.7438001633,71.23
2019-02-07,1.1365960836,1.2966,109.7,1.0020999908,1.3296,0.7093,0.6757,6.7438001633,71.3
2019-02-06,1.1409925222,1.2956,109.75,0.9997100234,1.3192,0.7128,0.6843,6.7347998619,71.55
2019-02-05,1.1436283588,1.2947,109.99,0.9977999926,1.3132,0.7234,0.6891,6.7438001633,71.52
2019-02-04,1.1455278397,1.3068,109.96,0.9954699874,1.3127,0.7218,0.6882,6.7438001633,71.66
2019-02-01,1.1449507475,1.3094,109.55,0.9937000275,1.3095,0.726,0.6907,6.6998000145,71.41
2019-01-31,1.1487650871,1.3135,108.84,0.9934999943,1.314,0.7282,0.6923,6.7154998779,70.94
2019-01-30,1.1435366869,1.3062,109.57,0.9944999814,1.3189,0.7196,0.6837,6.7319998741,71.24
2019-01-29,1.1430008411,1.3146,109.36,0.991599977,1.3264,0.7149,0.683,6.7442998886,71.4
2019-01-28,1.1413049698,1.3158,109.2,0.9923999906,1.3269,0.7166,0.6834,6.7463998795,71.06
2019-01-25,1.1313496828,1.3176,109.6,0.9955999851,1.3259,0.7172,0.6839,6.7876000404,70.94
2019-01-24,1.1388224363,1.3027,109.72,0.9945700169,1.3342,0.7096,0.6768,6.7909998894,71.02
2019-01-23,1.1364023685,1.3074,109.44,0.996999979,1.3362,0.7133,0.6789,6.8070001602,71.21
2019-01-22,1.1369321346,1.2955,109.34,0.9973000288,1.3333,0.7133,0.6729,6.7972998619,71.23
2019-01-21,1.1365574598,,,0.9953600168,,,,6.7778000832,
2019-01-18,1.1392636299,1.2898,109.79,0.9937000275,1.3262,0.7172,0.6751,6.7754001617,71.21
2019-01-17,1.1398088932,1.294,109.01,0.9900100231,1.3296,0.7171,0.6747,6.756000042,71.09
2019-01-16,1.1416828632,1.2862,108.84,0.9874699712,1.3243,0.7184,0.6787,6.7509999275,70.97
2019-01-15,1.1472889185,1.2761,108.72,0.9810199738,1.3272,0.7192,0.6812,6.7670998573,71
2019-01-14,1.1460136175,,,0.9836999774,,,,6.7620000839,
2019-01-11,1.1510128975,1.2836,108.34,0.9840099812,1.3256,0.7204,0.6826,6.7874999046,70.38
2019-01-10,1.1554949284,1.2768,108.29,0.9739500284,1.3232,0.719,0.679,6.8155999184,70.43
2019-01-09,1.145606637,1.2764,108.38,0.9807699919,1.3212,0.7172,0.6794,6.8522000313,70.42
2019-01-08,1.1479737759,1.2724,108.57,0.9790999889,1.3307,0.7134,0.6723,6.8499999046,70.11
2019-01-07,1.1410444975,1.2757,108.62,0.9857599735,1.3297,0.7143,0.6762,6.8684000969,69.78
2019-01-04,1.1391078234,1.274,108.29,0.9871000051,1.3399,0.7108,0.6743,6.8710999489,69.63
2019-01-03,1.1318106651,1.2633,108.07,0.9886999726,1.3484,0.7014,0.6687,6.8611001968,70.12
2019-01-02,1.1461712122,1.2598,109.22,0.9819999933,1.3591,0.7,0.6668,6.8775000572,70.02
2019-01-01,1.1493064165,,,0.9835100174,,,,6.877600193,
2018-12-31,1.1439945698,1.2763,109.7,0.9836000204,1.3644,0.7046,0.6711,6.8772001266,69.58
2018-12-28,1.1431053877,1.2699,110.34,0.986899972,1.3629,0.7044,0.6704,6.8653001785,69.92
2018-12-27,1.1361312866,1.2627,110.78,0.9943000078,1.365,0.702,0.6698,6.8980998993,70.34
2018-12-26,1.1415525675,1.2676,110.45,0.986100018,1.3576,0.707,0.6745,6.8983001709,70.07
2018-12-25,1.1403938532,,,0.9858000278,,,,6.8980998993,
2018-12-24,1.1372811794,,,0.9936000109,,,,6.9053997993,
2018-12-21,1.1456853151,1.2681,111.14,0.9869999886,1.357,0.7072,0.6726,6.8840999603,70.09
2018-12-20,1.138952136,1.265,111.34,0.993900001,1.3515,0.7104,0.6767,6.890999794,69.96
2018-12-19,1.1375399828,1.2669,112.15,0.9923999906,1.3434,0.7172,0.6852,6.8941998482,70.26
2018-12-18,1.1349835396,1.2644,112.54,0.9926099777,1.3466,0.7172,0.6851,6.8962001801,70.61
2018-12-17,1.1305949688,1.2606,112.96,0.997510016,1.339,0.7182,0.6803,6.9065999985,71.6
2018-12-14,1.1363636255,1.257,113.35,0.9936000109,1.3387,0.7176,0.6806,6.8807001114,71.94
2018-12-13,1.1373459101,1.2635,113.66,0.9926000237,1.3349,0.7228,0.686,6.8790001869,71.52
2018-12-12,1.1323105097,1.2658,113.28,0.9931600094,1.3336,0.7223,0.6856,6.8990001678,71.79
2018-12-11,1.1356538534,1.2524,113.41,0.9894999862,1.3408,0.7204,0.6881,6.9109997749,72.27
2018-12-10,1.1400948763,1.2558,112.96,0.9897199869,1.3385,0.719,0.6878,6.8747000694,72.436
2018-12-07,1.1374752522,1.2749,112.6,0.9932000041,1.3302,0.721,0.6859,6.8817000389,70.85
2018-12-06,1.134906292,1.2777,112.46,0.9970200062,1.3417,0.7216,0.6875,6.8558001518,70.84
2018-12-05,1.1342884302,,,0.9972000122,,,,6.8362998962,
2018-12-04,1.1354861259,1.2719,112.93,0.9978200197,1.3202,0.7353,0.6938,6.8822999001,70.52
2018-12-03,1.1342240572,1.2742,113.54,0.9983000159,1.319,0.736,0.6933,6.9580001831,70.4
2018-11-30,1.1392766237,1.2772,113.54,0.9958999753,1.3282,0.7311,0.688,6.9415001869,69.62
2018-11-29,1.1368545294,1.2789,113.42,0.9929999709,1.3278,0.7314,0.6857,6.9528999329,69.79
2018-11-28,1.1298797131,1.2766,113.96,0.9981999993,1.3328,0.7233,0.6797,6.9506001472,70.63
2018-11-27,1.1333370209,1.2729,113.84,0.9982200265,1.3313,0.7206,0.6777,6.9307999611,70.8
2018-11-26,1.1337354183,1.2809,113.58,0.9973199964,1.3237,0.723,0.6785,6.9475002289,70.81
2018-11-23,1.1403158903,1.2804,112.83,0.9943000078,1.3226,0.7225,0.6774,6.9310002327,70.65
2018-11-22,1.1388354301,,,0.9940999746,,,,6.926199913,
2018-11-21,1.1372424364,1.2776,113.06,0.9947199821,1.3274,0.7267,0.6839,6.9443998337,71.3
2018-11-20,1.1455016136,1.2809,112.66,0.9929999709,1.3245,0.7246,0.6821,6.9409999847,71.49
2018-11-19,1.1413961649,1.2842,112.54,0.9993799925,1.3187,0.7291,0.6835,6.9369997978,71.6
2018-11-16,1.1324899197,1.2839,112.76,1.0067000389,1.3174,0.7312,0.6861,6.9381999969,71.98
2018-11-15,1.1311833858,1.2749,113.46,1.0059000254,1.3193,0.7269,0.6823,6.9495000839,71.97
2018-11-14,1.1311193705,1.3011,113.7,1.0058000088,1.3237,0.7219,0.6794,6.9552001953,72.3
2018-11-13,1.1233429909,1.3031,113.97,1.0102100372,1.3223,0.722,0.6766,6.9625000954,72.61
2018-11-12,1.1325027943,,,1.0059000254,,,,6.9559001923,
2018-11-09,1.1368415356,1.2978,113.77,1.0055999756,1.323,0.7226,0.6735,6.9334998131,72.48
2018-11-08,1.1434059143,1.3116,113.87,1.0017999411,1.3115,0.7286,0.678,6.9099998474,72.37
2018-11-07,1.1438506842,1.3144,113.32,1.0015799999,1.3108,0.7282,0.679,6.9184999466,72.44
2018-11-06,1.1412918568,1.3076,113.38,1.0041999817,1.3132,0.7221,0.6672,6.9247999191,72.95
2018-11-05,1.1397570372,1.302,113.22,1.0024000406,1.3098,0.7198,0.666,6.8899002075,73.08
2018-11-02,1.1403288841,1.2965,113.09,1.0019999743,1.3108,0.7199,0.6655,6.9223999977,72.44
2018-11-01,1.1316697598,1.2974,112.79,1.0079499483,1.3108,0.7189,0.6642,6.9746999741,73.45
2018-10-31,1.1346358061,1.2779,112.86,1.0049999952,1.3129,0.709,0.653,6.9663000107,73.95
2018-10-30,1.137617588,1.2731,112.76,1.0017299652,1.3133,0.7112,0.6562,6.9519000053,73.62
2018-10-29,1.1398738623,1.2807,112.49,0.9973999858,1.3129,0.7074,0.6531,6.9425001144,73.42
2018-10-26,1.1377859116,1.2826,111.65,0.9996700287,1.31,0.7088,0.652,6.9479999542,73.46
2018-10-25,1.1399258375,1.2827,112.54,0.9968699813,1.3066,0.7084,0.6523,6.9429998398,73.21
2018-10-24,1.1473152637,1.2898,112.58,0.9946600199,1.2994,0.7072,0.6525,6.9373998642,73.18
2018-10-23,1.1467890739,1.2982,112.12,0.9961100221,1.3101,0.7074,0.6553,6.9464998245,73.54
2018-10-22,1.1509466171,1.2974,112.78,0.9962000251,1.3104,0.7086,0.655,6.9285998344,73.56
2018-10-19,1.1460003853,1.3045,112.52,0.9957299829,1.3101,0.7132,0.6595,6.9366998672,73.37
2018-10-18,1.1500862837,1.3061,112.11,0.9950500131,1.3059,0.7118,0.6558,6.9263000488,73.52
2018-10-17,1.1575279236,1.3137,112.21,0.9904199839,1.2985,0.713,0.6577,6.9109997749,73.52
2018-10-16,1.1583458185,1.321,112.16,0.9870300293,1.2935,0.714,0.6593,6.9159002304,73.46
2018-10-15,1.1551345587,1.3168,111.82,0.9907000065,1.2966,0.7142,0.6552,6.9211997986,73.76
2018-10-12,1.1590440273,1.3154,112.02,0.9897999763,1.3023,0.7116,0.6511,6.8885998726,73.6
2018-10-11,1.1533360481,1.3193,112.26,0.98822999,1.3037,0.7112,0.6517,6.9232997894,74.04
2018-10-10,1.1506949663,1.3206,112.71,0.991599977,1.2985,0.71,0.6477,6.9218001366,74.25
2018-10-09,1.1494120359,1.3139,113.13,0.9921000004,1.2959,0.7092,0.646,6.9298000336,74.33
2018-10-08,1.1522595882,,,0.991410017,,,,6.8589000702,
2018-10-05,1.1518083811,1.3101,113.56,0.9913499951,1.2948,0.7048,0.6439,6.8678998947,73.76
2018-10-04,1.1476312876,1.3014,113.79,0.9917500019,1.2903,0.7078,0.6489,6.8678002357,73.62
2018-10-03,1.155174613,1.2993,114.19,0.9837700129,1.2826,0.7138,0.6541,6.8678998947,73.34
2018-10-02,1.1577557325,1.2984,113.66,0.9833999872,1.2815,0.7199,0.6606,6.8678998947,72.91
2018-10-01,1.1605371237,1.3032,113.96,0.9811999798,1.2799,0.7223,0.6613,6.8678998947,72.92
2018-09-28,1.1637378931,1.3053,113.48,0.9769799709,1.2922,0.7238,0.6635,6.880300045,72.54
2018-09-27,1.1748534441,1.3104,113.38,0.9650499821,1.3036,0.7218,0.6624,6.8761000633,72.55
2018-09-26,1.1763184071,1.3182,112.92,0.9652400017,1.2963,0.726,0.6657,6.866300106,72.59
2018-09-25,1.1752953529,1.3162,112.88,0.9645100236,1.2944,0.7251,0.6651,6.8734002113,72.68
2018-09-24,1.1751019955,1.3128,112.62,0.9581999779,1.2934,0.7263,0.6652,6.8566999435,72.66
2018-09-21,1.1775927544,1.3067,112.62,0.958829999,1.2912,0.7278,0.6679,6.8459000587,72.18
2018-09-20,1.1674605608,1.3237,112.58,0.9671999812,1.2918,0.7276,0.6674,6.8468999863,72.01
2018-09-19,1.1679923534,1.3162,112.21,0.9636600018,1.2939,0.7273,0.662,6.8601999283,72.35
2018-09-18,1.1669156551,1.3158,112.3,0.9626799822,1.2977,0.722,0.659,6.8555002213,72.98
2018-09-17,1.1628988981,1.3146,111.97,0.9670000076,1.3017,0.7186,0.6585,6.8656001091,72.51
2018-09-14,1.1691803932,1.3084,112.09,0.9660000205,1.3029,0.7178,0.6563,6.8428997993,71.87
2018-09-13,1.1629259586,1.3104,111.92,0.9700000286,1.3005,0.7192,0.6563,6.8598999977,72.02
2018-09-12,1.1596084833,1.3029,111.29,0.972909987,1.3005,0.7161,0.6554,6.8744001389,72.15
2018-09-11,1.1595950127,1.3015,111.54,0.9747300148,1.3131,0.7107,0.6512,6.8552999496,72.69
2018-09-10,1.1561094522,1.3026,111.09,0.9685999751,1.3159,0.7118,0.6537,6.839099884,72.45
2018-09-07,1.1620069742,1.2934,111.18,0.9654499888,1.317,0.7135,0.6549,6.834400177,71.78
2018-09-06,1.1635212898,1.2933,110.87,0.971059978,1.3212,0.7198,0.6596,6.8299999237,71.94
2018-09-05,1.1586545706,1.2903,111.47,0.9736999869,1.3191,0.7189,0.6581,6.8425002098,71.75
2018-09-04,1.1615481377,1.2833,111.44,0.9692900181,1.3182,0.7174,0.6548,6.8221001625,71.58
2018-09-03,1.1601063013,,,0.9692999721,,,,6.8345999718,
2018-08-31,1.1664663553,1.2964,110.98,0.9685999751,1.3072,0.7192,0.6614,6.843100071,71
2018-08-30,1.170973897,1.2997,111.17,0.9703000188,1.2991,0.7262,0.664,6.8186998367,70.74
2018-08-29,1.1691256762,1.3006,111.8,0.9765999913,1.2941,0.7292,0.6701,6.8042001724,70.53
2018-08-28,1.1683608294,1.2886,111.04,0.9793999791,1.2925,0.7352,0.6719,6.8133001328,70.09
2018-08-27,1.1648901701,1.2891,111.09,0.9822300076,1.2966,0.7346,0.6694,6.8006000519,70.16
2018-08-24,1.1543345451,1.2858,111.22,0.9862599969,1.3022,0.7332,0.6692,6.8775000572,69.96
2018-08-23,1.1584800482,1.283,111.14,0.9832900167,1.3057,0.7264,0.6652,6.8432002068,70.09
2018-08-22,1.1576753855,1.291,110.54,0.9843000174,1.3014,0.7352,0.6699,6.8454999924,69.85
2018-08-21,1.1491346359,1.286,110.48,0.9904999733,1.3048,0.7352,0.6675,6.8568000793,69.85
2018-08-20,1.1437721252,1.2765,110.38,0.9951900244,1.3085,0.7308,0.6619,6.8765997887,69.84
2018-08-17,1.1371389627,1.2735,110.54,0.9973499775,1.308,0.7282,0.6608,6.8814997673,70.09
2018-08-16,1.1344299316,1.2722,110.89,0.9930999875,1.3144,0.7276,0.6597,6.9338002205,70.19
2018-08-15,1.1345715523,1.2685,110.62,0.9941099882,1.3155,0.7233,0.6558,6.8846998215,69.92
2018-08-14,1.1402509212,1.2738,110.92,0.9932000041,1.3107,0.724,0.6587,6.8894000053,69.95
2018-08-13,1.1394712925,1.2757,110.65,0.994599998,1.3138,0.727,0.6584,6.8461999893,70.02
2018-08-10,1.1523923874,1.2769,110.66,0.9939699769,1.3126,0.7298,0.6602,6.8172001839,68.88
2018-08-09,1.1610760689,1.287,110.9,0.9930999875,1.3046,0.7394,0.6624,6.8351998329,68.74
2018-08-08,1.160294652,1.288,110.96,0.9950000048,1.3061,0.742,0.6742,6.8336000443,68.65
2018-08-07,1.1558021307,1.2957,111.19,0.9963200092,1.3017,0.7428,0.6741,6.8541002274,68.62
2018-08-06,1.1562297344,1.2947,111.43,0.9944000244,1.2997,0.7393,0.6736,6.8331999779,68.82
2018-08-03,1.1586008072,1.3021,111.12,0.9954000115,1.2975,0.7406,0.6757,6.8327999115,68.54
2018-08-02,1.1665889025,1.3035,111.48,0.9916800261,1.3004,0.7379,0.6756,6.8225998878,68.63
2018-08-01,1.1689617634,1.312,111.72,0.9902999997,1.3006,0.7402,0.6795,6.8116998672,68.37
2018-07-31,1.1707408428,1.3125,111.88,0.9880800247,1.3017,0.7438,0.6812,6.8148999214,68.54
2018-07-30,1.1660448313,1.314,110.98,0.9939799905,1.3013,0.7408,0.6829,6.8126997948,68.6
2018-07-27,1.1642934084,1.3118,110.94,0.9940199852,1.3057,0.741,0.6799,6.7828001976,68.6
2018-07-26,1.1737502813,1.3119,111.2,0.9909800291,1.308,0.7384,0.6791,6.7687001228,68.66
2018-07-25,1.1685519218,1.315,111.02,0.9933000207,1.3104,0.7412,0.6806,6.790500164,68.72
2018-07-24,1.1694128513,1.3135,111.27,0.9932000041,1.3165,0.7416,0.6801,6.7919998169,68.94
2018-07-23,1.1741912365,1.3105,111.36,0.9908699989,1.315,0.7383,0.6786,6.7581000328,68.84
2018-07-20,1.1655147076,1.3114,111.74,0.9987400174,1.3155,0.741,0.6802,6.7716999054,68.74
2018-07-19,1.1645646095,1.2987,112.98,0.9986000061,1.3271,0.7332,0.6718,6.7177000046,69.01
2018-07-18,1.165324688,1.305,112.82,1.0002800226,1.3203,0.7392,0.679,6.706799984,68.62
2018-07-17,1.1709464788,1.3161,112.79,0.9967700243,1.3198,0.7392,0.679,6.6915998459,68.42
2018-07-16,1.1679104567,1.3236,112.29,1.0021799803,1.3131,0.7416,0.6771,6.6946001053,68.6
2018-07-13,1.1665889025,1.3216,112.38,1.0026999712,1.3168,0.741,0.676,6.6659002304,68.44
2018-07-12,1.1676785946,1.3238,112.41,0.9955999851,1.3158,0.7418,0.6783,6.6827998161,68.52
2018-07-11,1.1727042198,1.3241,111.52,0.9925299883,1.3127,0.74,0.6786,6.6314001083,68.7
2018-07-10,1.1756960154,1.3266,111.24,0.9913799763,1.312,0.7464,0.6836,6.6152000427,68.76
2018-07-09,1.1752262115,1.3202,110.78,0.989199996,1.3111,0.7466,0.6838,6.6392002106,68.66
2018-07-06,1.1695905924,1.3262,110.48,0.9929999709,1.309,0.7421,0.6829,6.6367998123,68.8
2018-07-05,1.1662350893,1.3228,110.59,0.992200017,1.3121,0.7388,0.679,6.6312999725,68.89
2018-07-04,1.1659224033,,,0.9919899702,,,,6.640999794,
2018-07-03,1.1642121077,1.3174,110.54,0.9933000207,1.315,0.7385,0.6751,6.6666998863,68.58
2018-07-02,1.1678558588,1.3133,110.73,0.9902099967,1.3213,0.7322,0.6702,6.6243000031,68.78
2018-06-29,1.1562966108,1.3197,110.71,0.9975900054,1.314,0.7399,0.6773,6.6273999214,68.46
2018-06-28,1.1563634872,1.3095,110.38,0.9967700243,1.3253,0.7355,0.6759,6.6019001007,68.81
2018-06-27,1.1650259495,1.3139,110.34,0.9907000065,1.33,0.7373,0.6802,6.5782999992,68.63
2018-06-26,1.1702749729,1.3243,109.92,0.986899972,1.3293,0.7402,0.6865,6.5390000343,68.31
2018-06-25,1.1661399603,1.3273,109.62,0.987869978,1.3313,0.7406,0.6894,6.5043001175,68.09
2018-06-22,1.1605775356,1.3258,109.98,0.9916200042,1.3318,0.7424,0.6895,6.492099762,67.88
2018-06-21,1.1579033136,1.3251,110.05,0.9960399866,1.3319,0.7374,0.6873,6.4716000557,67.94
2018-06-20,1.1588560343,1.3213,110.14,0.994140029,1.3291,0.7387,0.688,6.4854998589,68.06
2018-06-19,1.1630746126,1.3172,110.02,0.9941899776,1.3263,0.7386,0.6907,6.4387998581,68.3
2018-06-18,1.1595950127,1.3247,110.44,0.9975000024,1.3229,0.7419,0.6931,6.4330000877,68.1
2018-06-15,1.1566576958,1.3283,110.58,0.996909976,1.3167,0.7455,0.6943,6.4045000076,68.06
2018-06-14,1.1807769537,1.3333,110.44,0.9846000075,1.307,0.7514,0.6997,6.3972997665,67.62
2018-06-13,1.1748259068,1.3378,110.41,0.986800015,1.2963,0.7604,0.7047,6.4004998207,67.6
2018-06-12,1.1774125099,1.3416,110.22,0.986199975,1.2987,0.7607,0.7032,6.391600132,67.48
2018-06-11,1.1783976555,1.3386,109.94,0.9848099947,1.298,0.7616,0.704,6.4057002068,67.46
2018-06-08,1.179523468,1.3406,109.45,0.9808200002,1.2956,0.7601,0.7036,6.3920998573,67.56
2018-06-07,1.1785503626,1.3427,109.92,0.9858999848,1.2988,0.763,0.7033,6.3878998756,67.2
2018-06-06,1.1726216078,1.3429,110,0.9840000272,1.2907,0.7677,0.7046,6.4050002098,66.87
2018-06-05,1.1700559855,1.336,109.63,0.9879999757,1.3008,0.7606,0.7015,6.4070000648,67.12
2018-06-04,1.1668611765,1.3314,109.66,0.9886000156,1.2922,0.7648,0.7032,6.4194002151,67.05
2018-06-01,1.1693171263,1.3358,109.49,0.9847000241,1.2948,0.7566,0.6987,6.4092998505,66.99
2018-05-31,1.1667250395,1.3289,108.73,0.9885799885,1.297,0.757,0.7004,6.4180002213,67.4
2018-05-30,1.1539349556,1.3296,109.04,0.9907000065,1.2842,0.7574,0.6994,6.4166002274,67.46
2018-05-29,1.1626961231,1.3258,108.62,0.9933800101,1.3027,0.7514,0.6915,6.3983001709,67.78
2018-05-28,1.1688934565,,,0.9919000268,,,,6.3685998917,
2018-05-25,1.1722642183,1.3321,109.35,0.9912999868,1.2972,0.7558,0.6922,6.3763999939,67.78
2018-05-24,1.1710150242,1.3384,109.3,0.9941499829,1.2907,0.7567,0.6918,6.3888001442,68.32
2018-05-23,1.1788560152,1.3341,110.05,0.9919300079,1.2882,0.7534,0.6895,6.3642001152,68.38
2018-05-22,1.1792453527,1.3445,110.94,0.9968000054,1.2775,0.7595,0.6941,6.3811001778,68.04
2018-05-21,1.1766643524,1.3418,111.08,0.9979000092,1.2835,0.7565,0.693,6.3828001022,68.11
2018-05-18,1.179523468,1.3476,110.71,1.0015200377,1.2892,0.7511,0.6912,6.3661999702,68.04
2018-05-17,1.1816978455,1.3507,110.76,1.0003999472,1.2815,0.7508,0.6877,6.3705000877,67.76
2018-05-16,1.1820889711,1.3478,110.22,1.0013200045,1.2828,0.7504,0.6895,6.3768000603,67.77
2018-05-15,1.1931180954,1.3512,110.25,1.0002800226,1.2868,0.7477,0.6877,6.3383002281,68.07
2018-05-14,1.1952143908,1.3595,109.52,0.9998599887,1.2761,0.7554,0.6936,6.3330998421,67.55
2018-05-11,1.1917530298,1.3549,109.26,1.0030299425,1.2781,0.7544,0.697,6.3481998444,67.28
2018-05-10,1.1847218275,1.3487,109.53,1.0053999424,1.2787,0.7515,0.6946,6.3614001274,67.24
2018-05-09,1.1867886782,1.3567,109.68,1.0011399984,1.2852,0.7456,0.6986,6.369699955,67.25
2018-05-08,1.1933743954,1.3521,109.16,1.001850009,1.2967,0.7445,0.6964,6.3660998344,67.12
2018-05-07,1.1955001354,1.3567,109.14,1.0005400181,1.285,0.7526,0.7027,6.361700058,67.13
2018-05-04,1.1989257336,1.3535,109.16,0.9973400235,1.2848,0.7534,0.7017,6.3527002335,66.83
2018-05-03,1.1951001883,1.3569,109.06,0.9993000031,1.2878,0.7513,0.7028,6.3614997864,66.68
2018-05-02,1.1991558075,1.361,109.89,0.9965900183,1.2848,0.7501,0.7004,6.3323001862,66.71
2018-05-01,1.2081234455,1.3611,109.69,0.9904999733,1.2873,0.7488,0.7007,6.3320999146,66.52
2018-04-30,1.2122827768,1.3751,109.28,0.9881100059,1.2818,0.7543,0.7043,6.3369998932,66.5
2018-04-27,1.2109616995,1.3785,109.12,0.9890300035,1.2862,0.7566,0.707,6.3354001045,66.68
2018-04-26,1.2171669006,1.3927,109.3,0.9826099873,1.2867,0.756,0.7066,6.3246998787,66.8
2018-04-25,1.224140048,1.3941,109.33,0.9786000252,1.2871,0.7559,0.7063,6.3059000969,66.92
2018-04-24,1.2208968401,1.3975,109.03,0.9781500101,1.2823,0.7598,0.7112,6.3161001205,66.36
2018-04-23,1.2273402214,1.3953,108.62,0.9758999944,1.2845,0.7614,0.7155,6.2954998016,66.42
2018-04-20,1.2345526218,1.4033,107.6,0.9715099931,1.274,0.7671,0.7211,6.2781000137,66.15
2018-04-19,1.2379148006,1.4193,107.42,0.9685000181,1.2638,0.7751,0.728,6.2733998299,65.79
2018-04-18,1.2373174429,1.4227,107.26,0.9664000273,1.2636,0.7784,0.7328,6.2804999352,65.62
2018-04-17,1.2385127544,1.4301,107.09,0.9594299793,1.2548,0.7768,0.7339,6.2757000923,65.66
2018-04-16,1.233258605,1.4332,107.26,0.9630699754,1.258,0.7777,0.7361,6.2740998268,65.46
2018-04-13,1.2329696417,1.4255,107.52,0.9623200297,1.2604,0.7768,0.7351,6.2909998894,65.27
2018-04-12,1.2371643782,1.4244,107.3,0.9574000239,1.2583,0.7757,0.7375,6.268599987,65.28
2018-04-11,1.2363078594,1.4194,106.78,0.9563400149,1.2581,0.7765,0.7369,6.2815999985,65.26
2018-04-10,1.2322403193,1.4161,107.3,0.9561300278,1.2609,0.7762,0.7364,6.3053998947,64.95
2018-04-09,1.2271444798,1.4136,107.06,0.9592199922,1.27,0.7708,0.732,6.3085999489,64.95
2018-04-06,1.2251598835,1.4088,107.03,0.9618999958,1.2763,0.7684,0.7273,6.3024001122,64.95
2018-04-05,1.2286822796,1.3991,107.48,0.9601100087,1.2777,0.7688,0.7272,6.3042001724,64.92
2018-04-04,1.2278525829,1.4076,106.56,0.9584199786,1.2801,0.7701,0.7297,6.2884001732,65.08
2018-04-03,1.2292714119,1.4068,106.45,0.9549999833,1.28,0.7674,0.726,6.2793998718,65
2018-04-02,1.2314208746,1.4032,105.99,0.9545999765,1.2918,0.7658,0.7218,6.2821998596,65.11
2018-03-30,1.2302846909,1.4027,106.2,0.9559999704,1.2891,0.769,0.7239,6.2888998985,65.11
2018-03-29,1.2310267687,1.4029,106.27,0.9566400051,1.2901,0.7672,0.722,6.2955999374,65.12
2018-03-28,1.2407871485,1.411,106.3,0.9465000033,1.2886,0.7681,0.7243,6.2817997932,65.15
2018-03-27,1.2457488775,1.4161,105.72,0.9448000193,1.2841,0.7717,0.7288,6.2723999023,64.98
2018-03-26,1.235437274,1.4236,105,0.9469000101,1.2866,0.7727,0.7295,6.3200001717,64.83
2018-03-23,1.2324985266,1.4151,104.83,0.9463700056,1.287,0.7721,0.7254,6.3347001076,64.98
2018-03-22,1.2347661257,1.4098,105.34,0.948570013,1.293,0.7696,0.722,6.3206000328,65.1
2018-03-21,1.2251899242,1.4064,106.3,0.9559400082,1.2957,0.7708,0.718,6.3329000473,65.2
2018-03-20,1.2336845398,1.4013,106.42,0.9509000182,1.3083,0.7691,0.7195,6.3316001892,65.19
2018-03-19,1.2280788422,1.4032,105.83,0.9527999759,1.3089,0.7705,0.7228,6.3382000923,65.21
2018-03-16,1.2309207916,1.3919,106.1,0.951300025,1.3096,0.7733,0.7217,6.3208999634,64.97
2018-03-15,1.237562418,1.3951,106.07,0.9444299936,1.3053,0.7816,0.7289,6.3159999847,64.94
2018-03-14,1.2392342091,1.3946,106.17,0.9433100224,1.2946,0.7877,0.7329,6.320400238,64.84
2018-03-13,1.2339584827,1.3987,106.64,0.9471899867,1.2925,0.7881,0.7344,6.329100132,64.85
2018-03-12,1.2308752537,1.3898,106.52,0.9508000016,1.2835,0.7864,0.7293,6.328499794,65
2018-03-09,1.2306632996,1.3863,106.74,0.951390028,1.2822,0.7849,0.7295,6.3415999413,65.12
2018-03-08,1.2414649725,1.3824,106.08,0.9434199929,1.2936,0.7787,0.726,6.3249998093,65.15
2018-03-07,1.2416653633,1.3888,105.94,0.9382399917,1.2993,0.7796,0.7265,6.3094000816,64.86
2018-03-06,1.2336541414,1.3886,106.03,0.9397000074,1.2892,0.7822,0.7304,6.3488998413,64.9
2018-03-05,1.2315422297,1.3856,105.97,0.9371299744,1.2982,0.7759,0.7232,6.3502998352,65.06
2018-03-02,1.2270842791,1.3769,105.65,0.9414899945,1.2882,0.7754,0.7234,6.3573999405,65.24
2018-03-01,1.2191256285,1.3755,106.91,0.9442999959,1.284,0.7762,0.725,6.3309001923,65.2
2018-02-28,1.2230321169,1.3794,106.62,0.9393600225,1.2806,0.7801,0.7227,6.3166999817,65.2
2018-02-27,1.2315573692,1.3906,107.47,0.9386000037,1.2748,0.7804,0.7243,6.3140997887,64.84
2018-02-26,1.2287125587,1.3952,106.96,0.9370599985,1.2691,0.7843,0.7309,6.3273000717,64.78
2018-02-23,1.232665658,1.3979,106.64,0.9330599904,1.2659,0.7827,0.7291,6.3502001762,64.71
2018-02-22,1.2281843424,1.3939,106.96,0.9386600256,1.2705,0.785,0.7349,6.3466000557,65.01
2018-02-21,1.2335324287,1.3946,107.64,0.9363999963,1.2678,0.7833,0.7339,6.3461999893,64.76
2018-02-20,1.2398641109,1.4021,107.23,0.9294000268,1.2624,0.7903,0.7356,6.348400116,64.83
2018-02-19,1.2411875725,,,0.9272099733,,,,6.3400998116,
2018-02-16,1.2503595352,1.4055,106.1,0.9219999909,1.2532,0.7925,0.7398,6.3471999168,64.21
2018-02-15,1.2467273474,1.4061,106.36,0.927489996,1.2517,0.7912,0.7382,6.3460001945,63.93
2018-02-14,1.2353762388,1.3955,107,0.9352300167,1.2564,0.7873,0.7334,6.3400001526,64.1
2018-02-13,1.2303755283,1.3892,107.59,0.9384999871,1.26,0.7857,0.7285,6.326499939,64.27
2018-02-12,1.2252799273,1.382,108.72,0.9394999743,1.2612,0.7836,0.7239,6.2869000435,64.29
2018-02-09,1.2260762453,1.3794,108.44,0.9350799918,1.2599,0.7809,0.7252,6.3263001442,64.37
2018-02-08,1.2268133163,1.3915,109,0.9427000284,1.2603,0.7789,0.7206,6.2676000595,64.27
2018-02-07,1.2381294966,1.3881,109.53,0.9360600114,1.2545,0.7842,0.7281,6.2824997902,64.23
2018-02-06,1.2367818356,1.3951,109.18,0.9312000275,1.2537,0.7877,0.7306,6.2897000313,64.23
2018-02-05,1.2446944714,1.4022,110.09,0.9310799837,1.2483,0.7926,0.7292,6.3076000214,64.06
2018-02-02,1.2510008812,1.4126,110.4,0.9259799719,1.2393,0.7929,0.7304,6.2983999252,64.11
2018-02-01,1.2418658733,1.4247,109.5,0.9309999943,1.228,0.8028,0.7398,6.2881999016,63.97
2018-01-31,1.2409565449,1.419,109.31,0.934589982,1.2293,0.8069,0.7372,6.321100235,63.58
2018-01-30,1.2381141186,1.4124,108.9,0.9372000098,1.234,0.8076,0.7334,6.3362998962,63.65
2018-01-29,1.2428072691,1.4042,109.12,0.9336599708,1.2339,0.8089,0.7308,6.3158998489,63.57
2018-01-26,1.2392342091,1.4179,108.38,0.9417999983,1.232,0.8105,0.7348,6.3228001595,63.58
2018-01-25,1.2391113043,1.4264,108.7,0.9463199973,1.2315,0.8089,0.7371,6.3692998886,63.52
2018-01-24,1.2310267687,1.4198,109.15,0.9565799832,1.2357,0.8066,0.7407,6.402900219,63.69
2018-01-23,1.2256253958,1.3968,110.46,0.9620500207,1.2455,0.7984,0.7345,6.4043998718,63.76
2018-01-22,1.2255502939,1.3944,111.15,0.9613999724,1.246,0.8004,0.7311,6.4029998779,63.88
2018-01-19,1.2236607075,1.3857,110.56,0.9587699771,1.2456,0.8001,0.7285,6.4205999374,63.84
2018-01-18,1.2183978558,1.3889,110.88,0.9650499821,1.2442,0.7993,0.7311,6.4320998192,63.87
2018-01-17,1.2271293402,1.3824,110.81,0.959100008,1.2443,0.7982,0.7292,6.4422998428,63.88
2018-01-16,1.2268433571,1.3774,110.74,0.9630699754,1.2422,0.7958,0.7275,6.4352002144,64.01
2018-01-15,1.2192296982,,,0.9678999782,,,,6.4562001228,
2018-01-12,1.2042099237,1.3689,111.23,0.97566998,1.2517,0.7886,0.7239,6.4902000427,63.61
2018-01-11,1.1956144571,1.3543,111.35,0.9776499867,1.2526,0.7885,0.7244,6.5071997643,63.65
2018-01-10,1.1929330826,1.3513,111.48,0.9837800264,1.2485,0.7841,0.7188,6.5293998718,63.58
2018-01-09,1.1970456839,1.3518,112.57,0.9773700237,1.2457,0.7822,0.718,6.4976000786,63.66
2018-01-08,1.2037460804,1.3566,113.08,0.9750599861,1.2424,0.7838,0.7182,6.4875001907,63.48
2018-01-05,1.2068840265,1.3562,113.18,0.9743999839,1.2396,0.7859,0.717,6.4932999611,63.38
2018-01-04,1.2010425329,1.3539,112.78,0.9771400094,1.2522,0.7856,0.7145,6.5030999184,63.4
2018-01-03,1.206345439,1.3522,112.28,0.9714599848,1.2534,0.784,0.7104,6.493999958,63.5
2018-01-02,1.2011579275,1.3596,112.18,0.9747200012,1.2507,0.7824,0.7106,6.5057997704,63.46
2018-01-01,1.200494647,,,0.9737300277,,,,6.5057001114,
2017-12-29,1.1941723824,1.3529,112.69,0.9786999822,1.2517,0.7815,0.71,6.5315999985,63.83
2017-12-28,1.1900794506,1.345,112.85,0.9858000278,1.2586,0.7793,0.7089,6.5546998978,64.07
2017-12-27,1.1857894659,1.3403,113.28,0.9897000194,1.2645,0.7772,0.7069,6.5430998802,64.15
2017-12-26,1.1872537136,1.3369,113.2,0.9889000058,1.2685,0.7728,0.7034,6.5387997627,64.08
2017-12-25,1.1856067181,,,0.9890800118,,,,6.5785999298,
2017-12-22,1.1857331991,1.3379,113.3,0.9885399938,1.2748,0.7713,0.7015,6.5854001045,64.02
2017-12-21,1.1878176928,1.3372,113.42,0.9862400293,1.2717,0.7703,0.702,6.5796999931,64.02
2017-12-20,1.184132576,1.3408,113.29,0.9854000211,1.2846,0.7673,0.6984,6.6050000191,64.11
2017-12-19,1.178425312,1.3356,112.98,0.9855399728,1.29,0.7652,0.6986,6.6142001152,64.02
2017-12-18,1.174356699,1.3398,112.4,0.9910399914,1.2856,0.7675,0.7011,6.6149001122,64.23
2017-12-15,1.177495718,1.3316,112.68,0.9886999726,1.2846,0.7646,0.7002,6.6086001396,64.04
2017-12-14,1.1835860014,1.344,112.56,0.9855300188,1.2849,0.7672,0.699,6.6187000275,64.36
2017-12-13,1.1742602587,1.3365,113.19,0.9914000034,1.2872,0.7605,0.6988,6.6203999519,64.45
2017-12-12,1.1777591705,1.3323,113.62,0.9913899899,1.2884,0.755,0.6928,6.617099762,64.39
2017-12-11,1.1769968271,1.3363,113.34,0.9928699732,1.2845,0.754,0.6919,6.6182999611,64.35
2017-12-08,1.1772184372,1.3367,113.55,0.9947100282,1.2867,0.7507,0.6845,6.6180000305,64.43
2017-12-07,1.1804285049,1.3432,112.7,0.9892200232,1.2832,0.7526,0.6846,6.61439991,64.57
2017-12-06,1.1832919121,1.3382,112.32,0.9873999953,1.2788,0.7565,0.688,6.6167998314,64.53
2017-12-05,1.1867746115,1.345,112.76,0.9846000075,1.269,0.7606,0.6879,6.6188998222,64.38
2017-12-04,1.1859863997,1.3465,112.8,0.9820299745,1.2696,0.7598,0.6846,6.6346001625,64.36
2017-12-01,1.1898245811,1.3505,111.88,0.983799994,1.2705,0.7624,0.6892,6.6121001244,64.5
2017-11-30,1.1851992607,1.3506,112.3,0.9844499826,1.2884,0.7572,0.685,6.608300209,64.46
2017-11-29,1.1848059893,1.3436,111.75,0.9840999842,1.285,0.7572,0.6898,6.6093997955,64.29
2017-11-28,1.190490365,1.3231,111.13,0.9812999964,1.2804,0.7617,0.6932,6.5953001976,64.4
2017-11-27,1.19264853,1.3333,111,0.9803000093,1.2745,0.7605,0.6909,6.6012001038,64.47
2017-11-24,1.185395956,1.3336,111.54,0.9815700054,1.2705,0.7619,0.6885,6.5833001137,64.67
2017-11-23,1.1814744473,,,0.9820899963,,,,6.6108999252,
2017-11-22,1.173722744,1.3291,111.62,0.9905999899,1.2728,0.7591,0.6861,6.6291999817,64.87
2017-11-21,1.1741223335,1.3232,112.46,0.9930999875,1.2768,0.7582,0.6836,6.6335000992,64.91
2017-11-20,1.1731857061,1.3241,112.49,0.9896000028,1.2795,0.7551,0.6812,6.6619000435,65.1
2017-11-17,1.1777453423,1.3222,111.98,0.9935200214,1.2785,0.7563,0.6812,6.627699852,65.01
2017-11-16,,1.3197,112.89,,1.2736,0.759,0.6861,,65.32
2017-11-15,1.1792869568,1.3165,113.15,0.9895200133,1.2783,0.7576,0.6873,6.63560009,65.26
2017-11-14,1.1664936543,1.3128,113.5,0.9963399768,1.2731,0.7628,0.6883,6.6385998726,65.41
2017-11-13,1.1661127806,1.3101,113.62,0.9963999987,1.2735,0.7622,0.6898,6.6392998695,65.46
2017-11-10,1.1646866798,,,0.9938899875,,,,6.630300045,
2017-11-09,1.159689188,1.3133,113.4,0.9998000264,1.2693,0.7668,0.6952,6.6265997887,64.96
2017-11-08,1.1601063013,1.3108,113.62,0.9981999993,1.2727,0.7677,0.6921,6.6398000717,64.94
2017-11-07,1.1612648964,1.3152,113.9,0.997699976,1.2791,0.7637,0.69,6.6335000992,65.03
2017-11-06,1.1614941359,1.3145,113.9,1.0002000332,1.274,0.7673,0.6914,6.6380000114,64.62
2017-11-03,1.1661807299,1.3067,114.25,0.9992600083,1.2769,0.765,0.6909,6.6080999374,64.56
2017-11-02,1.1628718376,1.3068,113.84,1.0025600195,1.2808,0.7722,0.6922,6.5994000435,64.57
2017-11-01,1.1651751995,1.3257,114.04,0.9973999858,1.289,0.7676,0.6896,6.6357998848,64.56
2017-10-31,1.1652703285,1.3281,113.63,0.9947199821,1.2894,0.7668,0.685,6.6423997879,64.75
2017-10-30,1.1604562998,1.3195,113.26,0.9979900122,1.2835,0.7678,0.6869,6.6589999199,64.83
2017-10-27,1.1637244225,1.3108,113.82,0.9980700016,1.2871,0.766,0.6871,6.6410999298,65.04
2017-10-26,1.1820750237,1.3181,113.72,0.9887800217,1.2821,0.7688,0.686,6.6375999451,64.84
2017-10-25,1.1759034395,1.3252,113.7,0.9905999899,1.2799,0.7694,0.6871,6.6360001564,64.92
2017-10-24,1.1759172678,1.3124,113.92,0.9844999909,1.266,0.778,0.6896,6.638299942,65.1
2017-10-23,1.1753643751,1.3201,113.66,0.9860600233,1.2644,0.7807,0.6975,6.6388001442,65.02
2017-10-20,1.1848059893,1.3179,113.5,0.9762499928,1.2618,0.7812,0.6959,6.6140999794,65.03
2017-10-19,1.179523468,1.3181,112.54,0.9810600281,1.2487,0.7878,0.7024,6.6277999878,64.99
2017-10-18,1.1771907806,1.3183,112.94,0.9778900146,1.2473,0.7838,0.7138,6.6220002174,65.06
2017-10-17,1.1794538498,1.3182,112.32,0.9750999808,1.2567,0.7833,0.7167,6.5885000229,65.02
2017-10-16,1.1814047098,1.3285,111.72,0.9744799733,1.2531,0.7859,0.7181,6.5833001137,64.7
2017-10-13,1.1831799746,1.3304,111.94,0.9747999907,1.2494,0.7885,0.7186,6.5879998207,64.7
2017-10-12,1.1865493059,1.3174,112.38,0.9731100202,1.247,0.7827,0.7126,6.5894999504,65.05
2017-10-11,1.1814883947,1.321,112.35,0.9745699763,1.2511,0.7781,0.7077,6.5714001656,65.15
2017-10-10,1.1741636992,1.3215,112.15,0.9794999957,1.2495,0.7788,0.7077,6.6252999306,65.24
2017-10-09,1.1742464304,,,0.9779000282,,,,6.6500000954,
2017-10-06,1.1712344885,1.3063,112.68,0.9782000184,1.2543,0.7765,0.7092,6.6539001465,65.39
2017-10-05,1.1757236719,1.3132,112.74,0.9751999974,1.2548,0.78,0.7118,6.6538000107,65.14
2017-10-04,1.1747568846,1.3268,112.84,0.9731400013,1.2479,0.7856,0.7159,6.6511001587,65.02
2017-10-03,1.1733783484,1.3251,112.8,0.9743800163,1.2498,0.7828,0.7155,6.6517000198,65.48
2017-10-02,1.1807351112,1.3268,112.6,0.9681000113,1.2507,0.7825,0.7201,6.6578001976,65.28
2017-09-29,1.1781754494,1.3402,112.64,0.9705799818,1.2509,0.784,0.7225,6.6649999619,65.3
2017-09-28,1.1749638319,1.3435,112.66,0.971849978,1.2473,0.7831,0.7213,6.6405000687,65.46
2017-09-27,1.1786059141,1.3401,112.76,0.9692999721,1.2402,0.7866,0.7218,6.6395998001,65.71
2017-09-26,1.1855646372,1.3422,112.16,0.9663000107,1.2379,0.788,0.719,6.6205000877,65.46
2017-09-25,1.192719698,1.3457,111.64,0.970690012,1.2347,0.7937,0.7267,6.6045999527,65.12
2017-09-22,1.1945575476,1.3531,112.01,0.9702000022,1.2305,0.7975,0.7343,6.5900001526,64.79
2017-09-21,1.1872113943,1.3576,112.3,0.9715499878,1.2328,0.794,0.7318,6.5749001503,64.8
2017-09-20,1.1992564201,1.3564,111.5,0.9625200033,1.2267,0.807,0.7388,6.5833001137,64.29
2017-09-19,1.1959290504,1.3517,111.49,0.961409986,1.2262,0.8014,0.7323,6.57310009,64.3
2017-09-18,1.1937162876,1.3485,111.48,0.9608299732,1.2231,0.7966,0.7261,6.5507001877,64.15
2017-09-15,1.1921650171,1.3578,110.84,0.9614199996,1.2183,0.8007,0.7289,6.5548000336,64.1
2017-09-14,1.1890605688,1.3398,110.66,0.9636600018,1.2207,0.798,0.7209,6.5422000885,64.12
2017-09-13,1.1974613667,1.3218,110.58,0.959800005,1.2192,0.7987,0.7234,6.5349998474,64
2017-09-12,1.1959433556,1.328,110.01,0.9562199712,1.2154,0.8042,0.7297,6.5303997993,64.03
2017-09-11,1.201764226,1.3173,109.03,0.9475700259,1.2136,0.8024,0.725,6.5309000015,63.93
2017-09-08,1.202906251,1.3211,107.72,0.9494900107,1.2131,0.8071,0.7279,6.4846000671,63.78
2017-09-07,1.1927765608,1.3094,108.26,0.9556099772,1.2132,0.8038,0.7236,6.5212001801,64.01
2017-09-06,1.1924067736,1.3073,108.75,0.9534000158,1.221,0.8016,0.7222,6.5373997688,64.06
2017-09-05,1.1893434525,1.3013,108.94,0.9588199854,1.2355,0.801,0.7252,6.529900074,64.12
2017-09-04,1.1882835627,,,0.9608299732,,,,6.546500206,
2017-09-01,1.1910432577,1.2972,110.09,0.9593999982,1.2372,0.798,0.7167,6.589799881,64.02
2017-08-31,1.1893434525,1.2888,110.06,0.9636999965,1.2515,0.7932,0.717,6.5956997871,63.93
2017-08-30,1.1970456839,1.2934,110.2,0.9556900263,1.2608,0.7905,0.721,6.5953998566,63.98
2017-08-29,1.1963869333,1.2937,109.02,0.9524499774,1.2517,0.7973,0.7271,6.6073999405,64.02
2017-08-28,1.1951857805,1.2927,109.22,0.9552000165,1.2492,0.7956,0.7249,6.5829000473,63.9
2017-08-25,1.1802195311,1.2873,109.24,0.9651600122,1.2494,0.7929,0.7232,6.6613001823,64
2017-08-24,1.1816558838,1.2802,109.34,0.9649500251,1.2528,0.7905,0.7215,6.6582999229,64.04
2017-08-23,1.1762214899,1.2787,109.14,0.9685400128,1.2558,0.7893,0.7208,6.6616997719,64.04
2017-08-22,1.1811953783,1.2834,109.4,0.9622499943,1.2559,0.7913,0.7292,6.6659002304,64.07
2017-08-21,1.175626874,1.2903,108.89,0.9653999805,1.2587,0.7936,0.7326,6.6687002182,64.1
2017-08-18,1.1715501547,1.2847,109.32,0.9622399807,1.2585,0.7933,0.7329,6.6777000427,64.1
2017-08-17,1.1774264574,1.2888,109.88,0.965200007,1.265,0.7918,0.7308,6.6897001266,64.15
2017-08-16,1.1741223335,1.286,110.8,0.9721999764,1.2708,0.7882,0.7263,6.6844000816,64.16
2017-08-15,1.1775789261,1.2862,110.42,0.9725400209,1.2745,0.7822,0.7241,6.6687002182,64.12
2017-08-14,1.1825503111,1.2975,109.48,0.9627100229,1.2698,0.7864,0.7297,6.6620001793,64.08
2017-08-11,1.1770244837,1.2988,109.06,0.9617000222,1.2689,0.788,0.7305,6.6458001137,64.14
2017-08-10,1.1761523485,1.2978,109.37,0.9635800123,1.2705,0.7888,0.7276,6.6718001366,64.05
2017-08-09,1.1754610538,1.2997,110.04,0.97299999,1.2711,0.7872,0.7317,6.7097997665,63.86
2017-08-08,1.1800941229,1.2968,110.74,0.9734600186,1.2658,0.7905,0.7328,6.7214999199,63.69
2017-08-07,1.1778424978,1.3021,110.76,0.9727500081,1.2684,0.7905,0.7353,6.7656998634,63.83
2017-08-04,1.1884952784,1.3036,110.76,0.9677299857,1.2639,0.7924,0.7414,6.7156000137,63.64
2017-08-03,1.1851149797,1.3144,110.12,0.9704399705,1.2563,0.7945,0.7438,6.7217001915,63.67
2017-08-02,1.1811256409,1.3236,110.43,0.9654099941,1.2544,0.7983,0.7445,6.7136998177,63.64
2017-08-01,1.1824104786,1.3206,110.33,0.9672999978,1.254,0.7974,0.7474,6.7255001068,64.06
2017-07-31,1.174729228,1.3196,110.38,0.9691699743,1.249,0.7988,0.7503,6.7389001846,64.18
2017-07-28,1.1688660383,1.3124,110.87,0.9636899829,1.2436,0.7991,0.7506,6.7399997711,64.11
2017-07-27,1.1728004217,1.3065,111.62,0.9513700008,1.2529,0.7962,0.7491,6.7540001869,64.11
2017-07-26,1.1644561291,1.3048,112.1,0.9527199864,1.2506,0.7922,0.7431,6.7498002052,64.32
2017-07-25,1.1638869047,1.3046,111.57,0.947149992,1.2512,0.7949,0.7424,6.7501001358,64.38
2017-07-24,1.1681697369,1.3028,111.1,0.9447000027,1.2519,0.7926,0.743,6.7196998596,64.39
2017-07-21,1.1628718376,1.2968,111.18,0.951399982,1.2545,0.7911,0.7437,6.7589001656,64.38
2017-07-20,1.1528440714,1.2976,111.68,0.9548199773,1.2582,0.7958,0.7394,6.7512998581,64.37
2017-07-19,1.1549744606,1.3036,111.77,0.9550700188,1.2586,0.7946,0.7357,6.7453999519,64.24
2017-07-18,1.1474337578,1.3026,111.89,0.9629700184,1.2663,0.7923,0.7368,6.7694997787,64.32
2017-07-17,1.1475391388,1.3058,112.76,0.9632899761,1.2673,0.7811,0.7322,6.7404999733,64.34
2017-07-14,1.1403938532,1.3079,112.66,0.9667999744,1.2655,0.7813,0.7331,6.782599926,64.38
2017-07-13,1.1418914795,1.2921,113.39,0.9649000168,1.2739,0.7728,0.7315,6.7880001068,64.46
2017-07-12,1.1473942995,1.2889,113.19,0.9631000161,1.2768,0.7673,0.7261,6.8017001152,64.53
2017-07-11,,1.2851,114.2,,1.2921,0.7614,0.7209,,64.54
2017-07-10,1.1403808594,1.2884,114.08,0.9634000063,1.2883,0.7599,0.7269,6.8028998375,64.45
2017-07-07,1.142478466,1.288,114.1,0.9601299763,1.287,0.7599,0.7273,6.7999000549,64.62
2017-07-06,1.1346874237,1.2967,113.28,0.9642000198,1.2933,0.7584,0.7266,6.8007998466,64.72
2017-07-05,1.1360150576,1.2934,113.2,0.9639999866,1.2998,0.7588,0.7273,6.7986998558,64.8
2017-07-04,1.1371389627,,,0.9631400108,,,,6.7997999191,
2017-07-03,1.1423088312,1.2951,113.32,0.9588999748,1.3,0.7652,0.7299,6.7781000137,64.84
2017-06-30,1.1441648006,1.2995,112.4,0.9552999735,1.2982,0.7676,0.7322,6.7856998444,64.62
2017-06-29,1.1382650137,1.2984,112.32,0.9592700005,1.301,0.768,0.729,6.8000001907,64.66
2017-06-28,1.1339154243,1.2936,112.18,0.9603999853,1.3043,0.7638,0.7308,6.8126001358,64.55
2017-06-27,1.1183556318,1.2791,112.42,0.9723299742,1.3176,0.7588,0.7278,6.839799881,64.47
2017-06-26,1.1198835373,1.2732,111.48,0.9692999721,1.3228,0.759,0.7303,6.8341999054,64.43
2017-06-23,1.1149640083,1.2727,111.26,0.9718099833,1.3263,0.7578,0.7294,6.8345999718,64.47
2017-06-22,1.1167196035,1.2659,111.36,0.9724500179,1.3236,0.7542,0.7265,6.8282999992,64.6
2017-06-21,1.1136974096,1.2667,111.58,0.9746500254,1.3323,0.7549,0.7214,6.8263998032,64.52
2017-06-20,1.1144545078,1.2628,111.46,0.9760299921,1.3268,0.7575,0.7239,6.8196997643,64.54
2017-06-19,1.1208249331,1.2743,111.34,0.9729899764,1.3202,0.7605,0.7244,6.8034000397,64.45
2017-06-16,1.1146905422,1.2778,110.84,0.9752699733,1.3235,0.7622,0.7252,6.8084998131,64.5
2017-06-15,1.1215791702,1.2768,110.66,0.9713400006,1.3286,0.7582,0.7209,6.7909998894,64.58
2017-06-14,1.1208877563,1.2808,109.16,0.9688199759,1.3201,0.7619,0.7303,6.7987999916,64.23
2017-06-13,1.119620204,1.2739,110.12,0.9690799713,1.3226,0.754,0.7221,6.7975997925,64.33
2017-06-12,1.1201971769,1.2658,109.72,0.9691399932,1.3447,0.7539,0.7206,6.7848000526,64.48
2017-06-09,1.1184805632,1.2737,110.61,0.9691600204,1.3434,0.7532,0.7207,6.799200058,64.24
2017-06-08,1.1255177259,1.2939,110.1,0.9647300243,1.3494,0.7543,0.7219,6.7975001335,64.24
2017-06-07,1.1271415949,1.2941,109.54,0.9625200033,1.3514,0.755,0.7196,6.7957000732,64.39
2017-06-06,1.1256824732,1.2901,109.34,0.9649999738,1.3451,0.7514,0.7201,6.8028001785,64.42
2017-06-05,1.1280825138,1.2917,110.49,0.9628400207,1.3484,0.7479,0.7141,6.8127999306,64.34
2017-06-02,1.1215791702,1.2885,110.49,0.9710999727,1.35,0.7441,0.7141,6.8085999489,64.41
2017-06-01,1.124353528,1.2894,111.24,0.9679899812,1.3484,0.7387,0.7064,6.8112001419,64.39
2017-05-31,1.1171686649,1.2905,110.71,0.9758399725,1.3498,0.7437,0.71,6.8558001518,64.5
2017-05-30,1.112904191,1.2858,110.68,0.9792400002,1.3462,0.7465,0.7095,6.8562002182,64.66
2017-05-29,1.117605567,,,0.9749799967,,,,6.8569998741,
2017-05-26,1.1210762262,1.2795,111.3,0.9731500149,1.3454,0.744,0.7055,6.8677000999,64.5
2017-05-25,1.123090744,1.2954,111.7,0.9724599719,1.3457,0.7466,0.7043,6.8899998665,64.55
2017-05-24,1.1179305315,1.2935,112.02,0.9762200117,1.3454,0.7463,0.7012,6.8912000656,64.74
2017-05-23,1.1238859892,1.2984,111.64,0.97299999,1.3492,0.7485,0.7014,6.8843998909,64.85
2017-05-22,1.1204857826,1.3006,111.15,0.9728900194,1.3503,0.7476,0.699,6.8538999557,64.53
2017-05-19,1.1113580465,1.3018,111.47,0.979460001,1.3537,0.7449,0.6913,6.8891000748,64.56
2017-05-18,1.1156356335,1.3009,110.82,0.9791600108,1.3604,0.7432,0.6916,6.8812999725,64.87
2017-05-17,1.1093976498,1.2944,111.46,0.9843099713,1.3594,0.7426,0.6926,6.8885998726,64.11
2017-05-16,1.0981770754,1.2912,113.24,0.9956799746,1.359,0.7429,0.6881,6.8940000534,64.03
2017-05-15,1.0927289724,1.2917,113.54,1.0010700226,1.3648,0.7425,0.6886,6.9021000862,64.04
2017-05-12,1.0864958763,1.288,113.3,1.0078400373,1.3717,0.7397,0.686,6.9036998749,64.24
2017-05-11,1.0870746374,1.2885,113.77,1.0089999437,1.3693,0.7374,0.6849,6.9029998779,64.43
2017-05-10,1.0886842012,1.2939,114.02,1.006649971,1.3652,0.7383,0.6946,6.9071002007,64.53
2017-05-09,1.0927767754,1.2939,114.19,0.9981999993,1.3715,0.7352,0.6899,6.9045000076,64.66
2017-05-08,1.0965152979,1.2942,112.84,0.9898700118,1.3712,0.7386,0.691,6.8846998215,64.32
2017-05-05,1.0981529951,1.295,112.63,0.986109972,1.3699,0.7414,0.6915,6.8954000473,64.31
2017-05-04,1.0888975859,1.291,112.7,0.9941800237,1.3745,0.7403,0.6854,6.8966999054,64.22
2017-05-03,1.093565464,1.2916,112.34,0.9910299778,1.3705,0.7451,0.6912,6.8934998512,64.17
2017-05-02,1.0908932686,1.2921,112.06,0.9956700206,1.3742,0.7523,0.6923,6.8930001259,64.16
2017-05-01,1.0907504559,1.2917,111.78,0.9941899776,1.3653,0.7534,0.6914,6.9120998383,64.25
2017-04-28,1.0864251852,1.2938,111.44,0.9943699837,1.3669,0.7475,0.686,6.896900177,64.27
2017-04-27,1.0908932686,1.2889,111.13,0.9929999709,1.3664,0.7452,0.6854,6.8920998573,64.14
2017-04-26,1.0928245783,1.2838,111.52,0.9934300184,1.3591,0.7462,0.688,6.8817000389,64.08
2017-04-25,1.0864840746,1.2836,110.88,0.9958800077,1.3614,0.7538,0.6949,6.8825001717,64.32
2017-04-24,1.0873938799,1.2783,109.74,0.9929000139,1.3517,0.7558,0.7019,6.7920999527,64.48
2017-04-21,1.0714898109,1.2783,109.08,0.9987000227,1.3502,0.7539,0.702,6.8817000389,64.65
2017-04-20,1.071501255,1.283,109.34,0.9978500009,1.3479,0.754,0.7017,6.8860001564,64.61
2017-04-19,1.0728693008,1.2789,109.06,0.9963399768,1.3467,0.75,0.7002,6.8818998337,64.62
2017-04-18,1.064452529,1.2769,108.4,1.0041899681,1.3381,0.7553,0.7034,6.8685998917,64.56
2017-04-17,1.0610530376,1.2587,108.46,1.0050699711,1.3277,0.7604,0.7028,6.890999794,64.53
2017-04-14,1.0616387129,1.2531,108.63,1.0054600239,1.3316,0.7575,0.7009,6.8864998817,64.42
2017-04-13,1.0670650005,1.2522,109.23,1.0020500422,1.3266,0.7585,0.7011,6.890900135,64.42
2017-04-12,1.061131835,1.25,109.54,1.0069299936,1.3302,0.7485,0.6925,6.8907999992,64.68
2017-04-11,1.0597598553,1.2484,109.74,1.007799983,1.3333,0.7497,0.6956,6.9032998085,64.55
2017-04-10,1.0582010746,1.2418,110.95,1.0094100237,1.3347,0.75,0.6965,6.9057002068,64.55
2017-04-07,1.064463973,1.2398,110.76,1.0053100586,1.3396,0.7516,0.6957,6.8977999687,64.26
2017-04-06,1.0672472715,1.2486,111.02,1.0036000013,1.3409,0.7549,0.6973,6.8938999176,64.58
2017-04-05,1.0680338144,1.2488,111.2,1.0016000271,1.341,0.7575,0.6955,6.8852000237,64.87
2017-04-04,1.0670081377,1.2437,110.74,1.0013999939,1.3413,0.7567,0.6977,6.8839001656,65.1
2017-04-03,1.0668829679,1.2479,110.96,1.0022000074,1.3388,0.7601,0.6997,6.8801999092,65.03
2017-03-31,1.0687072277,1.2537,111.41,1.0004400015,1.3321,0.7638,0.7001,6.888999939,64.85
2017-03-30,1.0759629011,1.2489,111.36,0.9966700077,1.3278,0.7666,0.7023,6.8877000809,64.85
2017-03-29,1.0817711353,1.2411,111.05,0.9920799732,1.3372,0.766,0.7025,6.87830019,64.87
2017-03-28,1.0860947371,1.2503,110.56,0.9857699871,1.3363,0.7651,0.7037,6.8720998764,65.02
2017-03-27,1.0849517584,1.2583,110.48,0.988049984,1.3367,0.7623,0.7055,6.8534998894,65.05
2017-03-24,1.0783880949,1.2491,111.03,0.9932199717,1.3373,0.7619,0.703,6.8857998848,65.4
2017-03-23,1.0790164471,1.2526,111.12,0.9919999838,1.3332,0.7644,0.7043,6.882999897,65.41
2017-03-22,1.0812447071,1.2476,111.06,0.9933699965,1.3347,0.7674,0.7056,6.8849000931,65.45
2017-03-21,1.0737679005,1.2479,111.9,0.9986000061,1.3321,0.7717,0.7063,6.9060001373,65.31
2017-03-20,1.074298501,1.2365,112.59,0.9973000288,1.3357,0.7733,0.705,6.9040999413,65.3
2017-03-17,1.0774700642,1.2372,112.67,0.9961000085,1.3366,0.769,0.7008,6.8966999054,65.38
2017-03-16,1.0737909079,1.237,113.02,1,1.3316,0.7673,0.6979,6.913599968,65.4
2017-03-15,1.0612443686,1.2222,114.66,1.0094100237,1.3451,0.7593,0.6956,6.9145002365,65.62
2017-03-14,1.0651443005,1.2168,114.63,1.0074000359,1.3462,0.7575,0.6933,6.9130001068,65.76
2017-03-13,1.069004178,1.2234,114.61,1.0095000267,1.3453,0.7581,0.6927,6.8565998077,66.15
2017-03-10,1.0578428507,1.2158,115.02,1.0123300552,1.3468,0.7531,0.6919,6.910200119,66.6
2017-03-09,1.0547411442,1.2166,114.71,1.0143300295,1.3504,0.7517,0.6907,6.9119000435,66.64
2017-03-08,1.057015419,1.2152,114.58,1.0130599737,1.3479,0.7544,0.6926,6.902299881,66.76
2017-03-07,1.0579211712,1.2209,113.99,1.0120799541,1.3413,0.7603,0.6983,6.8966999054,66.62
2017-03-06,1.0620446205,1.2243,113.92,1.0079300404,1.341,0.7583,0.6999,6.8962001801,66.64
2017-03-03,1.0509721041,1.2249,114.6,1.0132299662,1.3419,0.7559,0.7012,6.8875999451,66.76
2017-03-02,1.0535852909,1.2267,114.45,1.0103100538,1.3384,0.7578,0.7071,6.8821997643,66.75
2017-03-01,1.0569148064,1.2318,113.66,1.0066100359,1.3345,0.7664,0.7131,6.866399765,66.83
2017-02-28,1.0584250689,1.2427,112.06,1.009469986,1.3247,0.7686,0.7229,6.8701000214,66.67
2017-02-27,1.055275321,1.2473,112.01,1.0088700056,1.31,0.7693,0.7224,6.9007000923,66.69
2017-02-24,1.0584474802,1.2499,112.26,1.0061199665,1.3106,0.7681,0.7201,6.8654999733,66.68
2017-02-23,1.0554089546,1.2548,112.68,1.010800004,1.3109,0.7716,0.7235,6.8737001419,66.68
2017-02-22,1.054207325,1.2456,113.46,1.0090999603,1.3188,0.7683,0.7161,6.8825998306,66.95
2017-02-21,1.0609403849,1.2465,113.48,1.0032600164,1.3149,0.7672,0.7156,6.8780999184,67
2017-02-20,1.0626653433,,,1.0018600225,,,,6.855700016,
2017-02-17,1.0672245026,1.2428,112.86,0.9972400069,1.3114,0.7657,0.7182,6.8526000977,67.09
2017-02-16,1.0607378483,1.2477,113.36,1.0046800375,1.3056,0.7694,0.7227,6.8684000969,67.12
2017-02-15,1.057831645,1.2465,114.17,1.0062600374,1.3082,0.7698,0.7202,6.8667998314,66.85
2017-02-14,1.0598497391,1.2465,114.34,1.0055999756,1.3092,0.7638,0.7154,6.8794999123,66.88
2017-02-13,1.0619543791,1.251,113.79,1.0044000149,1.3072,0.7644,0.7175,6.8951997757,66.99
2017-02-10,1.065859437,1.2502,113.22,1.0013999939,1.3073,0.7686,0.7207,6.8685998917,66.8
2017-02-09,1.0692213774,1.2516,113.24,0.9952300191,1.3139,0.7623,0.7182,6.8724999428,66.71
2017-02-08,1.0678056479,1.2543,111.74,0.9977999926,1.3156,0.7648,0.7322,6.8845000267,67.04
2017-02-07,1.0743216276,1.2486,112.14,0.9913499951,1.3166,0.7636,0.7316,6.8635997772,67.35
2017-02-06,1.0782949924,1.245,112.32,0.9923499823,1.3116,0.7641,0.7304,6.8722000122,67.2
2017-02-03,1.0761713982,1.2504,112.42,0.9924499989,1.3003,0.7686,0.7322,6.8800001144,67.18
2017-02-02,1.076739192,1.2541,112.48,0.9931100011,1.3018,0.7673,0.7306,6.8808999062,67.2
2017-02-01,1.0803803205,1.2643,113.29,0.9890000224,1.3088,0.7564,0.7251,6.8786997795,67.4
2017-01-31,1.070858717,1.2585,112.72,0.9943600297,1.303,0.7582,0.7329,6.8807001114,67.48
2017-01-30,1.0713980198,1.2478,113.86,0.9973999858,1.3092,0.7556,0.7281,6.882999897,67.8
2017-01-27,1.0682961941,1.2531,115.16,0.9998999834,1.3108,0.7549,0.7257,6.8783998489,68.06
2017-01-26,1.0751993656,1.2579,114.7,0.9990400076,1.3104,0.7531,0.7232,6.8736000061,68.17
2017-01-25,1.0728693008,1.262,113.6,1.0010700226,1.3074,0.7565,0.7268,6.8489999771,68.04
2017-01-24,1.0760787725,1.2531,113.63,0.9973499775,1.3152,0.7584,0.7261,6.8439998627,68.12
2017-01-23,1.0713750124,1.2485,112.9,1.0009100437,1.3283,0.7564,0.7215,6.8755002022,68.11
2017-01-20,1.0659730434,,,1.0063300133,,,,6.8612999916,
2017-01-19,1.0627783537,1.2319,115.3,1.007799983,1.3327,0.7545,0.7171,6.8379998207,68.1
2017-01-18,1.0696789026,1.2309,113.4,1.0029300451,1.3175,0.7553,0.7178,6.8446002007,68.12
2017-01-17,1.0602991581,1.2388,112.96,1.0111000538,1.306,0.754,0.7183,6.890999794,67.9
2017-01-16,1.0628687143,,,1.009829998,,,,6.8987998962,
2017-01-13,1.061683774,1.2198,115.03,1.0103000402,1.3134,0.7481,0.7105,6.8948998451,68.16
2017-01-12,1.0597710609,1.2211,113.87,1.0130300522,1.313,0.7508,0.7138,6.9361000061,67.99
2017-01-11,1.0552419424,1.2118,116.26,1.0168299675,1.3219,0.74,0.7008,6.9211997986,68.39
2017-01-10,1.0588620901,1.2165,115.74,1.0140399933,1.3208,0.737,0.6986,6.9366998672,68.25
2017-01-09,1.0531858206,1.2167,116.07,1.0174200535,1.322,0.7364,0.7027,6.9175000191,68.08
2017-01-06,1.0605915785,1.2314,116.85,1.0097899437,1.3216,0.7305,0.6973,6.8878998756,68.12
2017-01-05,1.0500892401,1.2415,115.46,1.0201200247,1.3216,0.7334,0.7022,6.9250998497,67.74
2017-01-04,1.0419923067,1.2299,117.38,1.0261000395,1.3293,0.727,0.6949,6.9597997665,67.9
2017-01-03,1.0460032225,1.2256,117.68,1.024189949,1.3437,0.7231,0.6927,6.9439997673,68.37
2017-01-02,1.0526980162,,,1.01868999,,,,6.9437999725,
2016-12-30,1.0575296879,1.2337,116.78,1.0170999765,1.3426,0.723,0.6958,6.9453001022,67.92
2016-12-29,1.0416991711,1.2237,116.32,1.028159976,1.3488,0.722,0.6958,6.9580998421,67.91
2016-12-28,1.046233058,1.2222,117.66,1.0275000334,1.3555,0.7185,0.691,6.9425001144,68.2
2016-12-27,1.0456969738,1.2261,117.52,1.026829958,1.3553,0.7189,0.689,6.9446997643,68.01
2016-12-26,1.045478344,,,1.0261000395,,,,6.9453001022,
2016-12-23,1.0437650681,1.2252,117.22,1.0255899429,1.3533,0.7174,0.687,6.9404001236,67.84
2016-12-22,1.0428615808,1.2301,117.48,1.0266000032,1.347,0.7216,0.6909,6.9414000511,67.86
2016-12-21,1.0390473604,1.2348,117.79,1.0289700031,1.3401,0.7244,0.6902,6.9498000145,67.82
2016-12-20,1.0405826569,1.2358,117.86,1.0271799564,1.3376,0.7252,0.6921,6.9530000687,67.97
2016-12-19,1.0449975729,1.2419,116.6,1.0267000198,1.3395,0.7264,0.6949,6.9583001137,67.83
2016-12-16,1.041883707,1.2478,117.74,1.0297600031,1.3339,0.7298,0.6981,6.9342999458,67.82
2016-12-15,1.0514141321,1.2389,118.32,1.0221199989,1.3397,0.7343,0.7015,6.9038000107,67.91
2016-12-14,1.0629251003,1.2706,115.06,1.0118199587,1.3123,0.7512,0.7228,6.891699791,67.43
2016-12-13,1.0641694069,1.2685,115.26,1.013299942,1.3119,0.7494,0.7204,6.896900177,67.47
2016-12-12,1.0547411442,1.2677,115.34,1.0180399418,1.3137,0.7486,0.7189,6.9067001343,67.38
2016-12-09,1.0621348619,1.259,115.17,1.0158900023,1.3162,0.7442,0.7139,6.8699002266,67.51
2016-12-08,1.0761945248,1.2574,114.16,1.0067700148,1.322,0.7448,0.7168,6.8705000877,67.42
2016-12-07,1.0720411539,1.2604,113.5,1.0099300146,1.3251,0.7479,0.716,6.8720002174,67.5
2016-12-06,1.0757315159,1.2706,113.98,1.0069999695,1.3279,0.7454,0.7113,6.8709998131,67.72
2016-12-05,1.0582010746,1.2708,114.1,1.013800025,1.3271,0.7476,0.7134,6.8854999542,68.06
2016-12-02,1.0663141012,1.2685,113.76,1.0105899572,1.3298,0.7445,0.7139,6.8765001297,68.04
2016-12-01,1.0592098236,1.2596,114.34,1.0169999599,1.333,0.7411,0.7072,6.8907999992,68.29
2016-11-30,1.0648492575,1.2481,114.34,1.0116599798,1.3425,0.7387,0.7081,6.8972997665,68.56
2016-11-29,1.0621348619,1.2505,112.78,1.0123399496,1.3435,0.7469,0.7119,6.9063000679,68.64
2016-11-28,1.0612331629,1.2411,112.36,1.0125000477,1.3401,0.7478,0.7063,6.9217000008,68.56
2016-11-25,1.0561892986,1.2462,113.17,1.0166000128,1.3512,0.7425,0.7045,6.918200016,68.59
2016-11-24,1.0545185804,,,1.0174599886,,,,6.910200119,
2016-11-23,1.0633772612,1.2458,112.58,1.0109499693,1.3467,0.7391,0.701,6.8892998695,68.86
2016-11-22,1.063886404,1.2424,110.98,1.0078200102,1.3444,0.7388,0.7048,6.8888998032,68.4
2016-11-21,1.0584250689,1.2474,111.12,1.0110499859,1.3432,0.7357,0.7057,6.8924999237,68.23
2016-11-18,1.0623041391,1.2327,110.51,1.0070999861,1.3518,0.7345,0.7028,6.8765997887,68.12
2016-11-17,1.0706638098,1.245,109.64,1.0008100271,1.3429,0.7455,0.7058,6.7891998291,67.93
2016-11-16,1.0727311373,1.245,109.16,1.0013899803,1.3415,0.7492,0.7079,6.8580999374,68.07
2016-11-15,1.0750375986,1.2422,108.94,0.9970999956,1.3468,0.754,0.7095,6.8456997871,67.8
2016-11-14,1.0824854374,1.2469,108.3,0.9895099998,1.3581,0.7532,0.7085,6.8050999641,67.78
2016-11-11,1.0889687538,,,0.9872499704,,,,6.8017001152,
2016-11-10,1.0920606852,1.2523,106.56,0.9845399857,1.3474,0.759,0.7202,6.7786998749,66.86
2016-11-09,1.1019041538,1.2474,104.84,0.979460001,1.3406,0.7674,0.7302,6.7848000526,66.48
2016-11-08,1.1052166224,1.2372,104.98,0.9739999771,1.3335,0.7733,0.7355,6.7740998268,66.39
2016-11-07,1.1101243496,1.2403,104.6,0.9743400216,1.338,0.77,0.7324,6.7554998398,66.73
2016-11-04,1.110247612,1.2546,103.02,0.9742000103,1.3413,0.7669,0.7311,6.7662000656,66.75
2016-11-03,1.1097548008,1.2454,103.17,0.9730399847,1.3384,0.7681,0.7322,6.7470998764,66.68
2016-11-02,1.1057054996,1.2315,103.22,0.9750000238,1.3387,0.7667,0.7296,6.7663002014,66.66
2016-11-01,1.0973334312,1.2218,104.59,0.989199996,1.3377,0.7659,0.7176,6.774600029,66.7
2016-10-31,1.0984665155,1.2212,105.07,0.9873899817,1.3403,0.7611,0.7156,6.7834000587,66.72
2016-10-28,1.0900371075,1.2155,105.4,0.9937800169,1.3383,0.7578,0.7144,6.7848000526,66.78
2016-10-27,1.0912027359,1.2173,105.14,0.9933000207,1.3385,0.7606,0.7123,6.7697000504,66.85
2016-10-26,1.0887316465,1.2234,104.42,0.9945899844,1.3361,0.7657,0.7156,6.780600071,66.83
2016-10-25,1.0875475407,1.2164,104.25,0.993900001,1.3333,0.7652,0.7168,6.7761998177,66.8
2016-10-24,1.0882576704,1.2204,104.2,0.9942100048,1.3387,0.7603,0.7133,6.7663002014,66.89
2016-10-21,1.0930395126,1.221,103.96,0.9923999906,1.3324,0.7597,0.7154,6.7430000305,66.94
2016-10-20,1.0975141525,1.2256,103.92,0.9890800118,1.3197,0.764,0.7203,6.7354001999,66.83
2016-10-19,1.0976948738,1.2279,103.3,0.9900599718,1.3105,0.7715,0.7223,6.7430000305,66.64
2016-10-18,1.1015641689,1.231,103.8,0.9878900051,1.3105,0.7679,0.7218,6.7315001488,66.71
2016-10-17,1.0967799425,1.2186,103.96,0.9903799891,1.3135,0.7626,0.7134,6.7309999466,66.8
2016-10-14,1.1049723625,1.2189,104.1,0.9866399765,1.3169,0.761,0.7087,6.7293000221,66.69
2016-10-13,1.1011881828,1.2201,103.62,0.9900000095,1.3219,0.7558,0.7081,6.7188000679,66.84
2016-10-12,1.1061947346,1.2195,104.48,0.9879000187,1.3277,0.7553,0.7048,6.7234997749,66.85
2016-10-11,1.1140819788,1.2218,103.36,0.9821500182,1.3235,0.7545,0.7067,6.7076997757,66.81
2016-10-10,1.119695425,,,0.9776899815,,,,6.67689991,
2016-10-07,1.1144545078,1.2434,103.42,0.9806600213,1.3306,0.7556,0.7119,6.6736998558,66.61
2016-10-06,1.1208249331,1.2647,104.02,0.9739999771,1.3209,0.758,0.7161,6.6729998589,66.7
2016-10-05,1.1210762262,1.2745,103.53,0.9783400297,1.3177,0.7618,0.7173,6.670800209,66.53
2016-10-04,1.1210385561,1.2746,102.66,0.9737399817,1.3171,0.7644,0.7246,6.6732001305,66.49
2016-10-03,1.1234692335,1.284,101.54,0.9720900059,1.3138,0.7664,0.7263,6.6381001472,66.52
2016-09-30,1.121956706,1.3015,101.21,0.9660999775,1.3115,0.7667,0.729,6.6687002182,66.58
2016-09-29,1.1224982738,1.2991,101.48,0.9704999924,1.3101,0.7676,0.7285,6.6751999855,66.72
2016-09-28,1.121956706,1.2996,100.57,0.9705700278,1.3237,0.7659,0.7254,6.6697998047,66.5
2016-09-27,1.1249859333,1.3005,100.36,0.969020009,1.3247,0.7658,0.7294,6.6676998138,66.5
2016-09-26,1.1239238977,1.2978,100.34,0.9692299962,1.3196,0.7642,0.728,6.6571998596,66.56
2016-09-23,1.1210134029,1.2959,101.04,0.9689000249,1.3163,0.7621,0.7235,6.6637997627,66.66
2016-09-22,1.1193194389,1.3092,100.8,0.9732300043,1.3036,0.7644,0.7315,6.6736001968,66.6
2016-09-21,1.1153992414,1.2978,100.62,0.9789999723,1.3186,0.7589,0.7328,6.6694998741,66.99
2016-09-20,1.1180679798,1.2974,101.66,0.9800400138,1.3228,0.7552,0.7323,6.666200161,66.97
2016-09-19,1.1158473492,1.3051,101.82,0.9796500206,1.318,0.756,0.7317,6.6707000732,66.94
2016-09-16,1.1245937347,1.309,102.36,0.9712299705,1.3212,0.7489,0.7271,6.6711997986,67.1
2016-09-15,1.124732852,1.3215,102.24,0.9732900262,1.3145,0.7512,0.7308,6.6732001305,66.84
2016-09-14,1.1218686104,1.3204,102.33,0.9768599868,1.3187,0.7485,0.7304,6.6764001846,66.78
2016-09-13,1.124353528,1.3184,102.14,0.9713799953,1.3167,0.747,0.7262,6.6786999702,67.03
2016-09-12,1.1241133213,1.3313,101.96,0.9748200178,1.3076,0.7526,0.7321,6.6799001694,66.79
2016-09-09,1.1271415949,1.3257,102.86,0.9718599916,1.3034,0.7549,0.7336,6.6627998352,66.76
2016-09-08,1.1241008043,1.3301,102.28,0.969720006,1.291,0.7666,0.7406,6.6626000404,66.52
2016-09-07,1.1253657341,1.3339,101.72,0.9700099826,1.2895,0.7675,0.7451,6.6743001938,66.42
2016-09-06,1.1153244972,1.3429,102.28,0.9800400138,1.2843,0.7674,0.7407,6.6758999825,66.28
2016-09-05,1.1161960363,,,0.9800000191,,,,6.6798000336,
2016-09-02,1.1200717688,1.3299,104.18,0.9796000123,1.2998,0.7557,0.7286,6.668200016,66.6
2016-09-01,1.1160713434,1.3273,103.22,0.9835699797,1.3107,0.7542,0.7282,6.6775999069,66.85
2016-08-31,1.1153244972,1.3129,103.38,0.9830899835,1.3122,0.7519,0.7257,6.6803998947,66.94
2016-08-30,1.119281888,1.3084,102.92,0.9777299762,1.3075,0.7516,0.7222,6.6751999855,67.14
2016-08-29,1.1199462414,1.3089,102.13,0.9777399898,1.3018,0.7576,0.7254,6.678899765,67.15
2016-08-26,1.1290504932,1.3168,101.2,0.966989994,1.2944,0.7614,0.7302,6.6593999863,66.98
2016-08-25,1.1263798475,1.3177,100.58,0.9671999812,1.2934,0.7611,0.7297,6.6584000587,67.01
2016-08-24,1.1300839186,1.3236,100.5,0.9633899927,1.2939,0.7605,0.7307,6.6407999992,67.14
2016-08-23,1.1319260597,1.3179,100.2,0.9624300003,1.2904,0.7632,0.7307,6.6475000381,67.09
2016-08-22,1.1298158169,1.3133,100.25,0.9618499875,1.2942,0.7629,0.7278,6.6343998909,67.18
2016-08-19,1.1349449158,1.3061,100.24,0.9545000196,1.2878,0.762,0.7268,6.6119999886,67.13
2016-08-18,1.1298924685,1.3147,100.07,0.961409986,1.2777,0.7684,0.7292,6.6339998245,66.83
2016-08-17,1.1275991201,1.3012,100.24,0.9616400003,1.2885,0.7619,0.7219,6.6248002052,66.96
2016-08-16,1.1184055805,1.3019,100.28,0.9729300141,1.2861,0.7697,0.7266,6.6353998184,66.83
2016-08-15,1.1166945696,1.2874,101.02,0.9746199846,1.2922,0.7687,0.7219,6.6448998451,66.85
2016-08-12,1.1139082909,1.2934,101.01,0.9749500155,1.2943,0.7669,0.7215,6.6259999275,66.82
2016-08-11,1.1186434031,1.296,101.46,0.9737799764,1.3004,0.771,0.7242,6.6392002106,66.75
2016-08-10,1.1115804911,1.2998,101.27,0.9814100266,1.3059,0.7717,0.722,6.6552000046,66.72
2016-08-09,1.1083648205,1.301,101.96,0.9828000069,1.3116,0.7677,0.7178,6.6603999138,66.76
2016-08-08,1.1089547873,1.3042,102.53,0.9804800153,1.3162,0.7656,0.7139,6.6736998558,66.82
2016-08-05,1.1134741306,1.3069,101.74,0.9737799764,1.3179,0.7615,0.7138,6.6387000084,66.84
2016-08-04,1.1151504517,1.3143,101.08,0.9726899862,1.3025,0.7637,0.7195,6.6307997704,66.76
2016-08-03,1.1219062805,1.3335,101.34,0.9648799896,1.3078,0.7592,0.7163,6.6286997795,66.8
2016-08-02,1.1168068647,1.3326,100.82,0.9681599736,1.3087,0.7611,0.7235,6.6414999962,66.65
2016-08-01,1.1168068647,1.3209,102.26,0.9694399834,1.3096,0.7567,0.7196,6.6423001289,66.63
2016-07-29,1.1084384918,1.327,102.32,0.9795299768,1.304,0.7599,0.7216,6.6560997963,66.77
2016-07-28,1.1073460579,1.3151,104.86,0.984679997,1.317,0.7511,0.7075,6.6668000221,66.96
2016-07-27,1.0987803936,1.3094,105.65,0.9919999838,1.3221,0.746,0.7042,6.6697001457,67.14
2016-07-26,1.0991184711,1.3133,104.83,0.9858999848,1.3207,0.7516,0.7038,6.6792998314,67.34
2016-07-25,1.0970445871,1.313,106.02,0.988139987,1.3224,0.7458,0.6981,6.6939001083,67.41
2016-07-22,1.1032899618,1.3091,106.22,0.9849399924,1.3178,0.7453,0.699,6.6743998528,67.19
2016-07-21,1.101952672,1.3216,105.98,0.9863399863,1.3056,0.7497,0.6989,6.6765999794,67.15
2016-07-20,1.1013579369,1.3179,106.65,0.9860200286,1.3037,0.7486,0.7033,6.695400238,67.18
2016-07-19,1.1071866751,1.3123,106.13,0.9827100039,1.3027,0.7496,0.7049,6.7045998573,67.14
2016-07-18,1.105314374,1.3279,106,0.983799994,1.2984,0.7597,0.7117,6.6760997772,67.14
2016-07-15,1.1106051207,1.3194,105.64,0.9813699722,1.2978,0.7587,0.7133,6.6736001968,67.07
2016-07-14,1.1094961166,1.3332,105.4,0.9843000174,1.2916,0.7632,0.7199,6.6763000488,66.81
2016-07-13,1.1062926054,1.318,104.1,0.9890599847,1.2962,0.7624,0.7303,6.6785998344,66.99
2016-07-12,1.1058032513,1.3237,104.72,0.9826700091,1.3016,0.7631,0.7304,6.6838998795,67.05
2016-07-11,1.1043988466,1.2986,102.66,0.9829999804,1.3125,0.7534,0.7222,6.6781001091,67.11
2016-07-08,1.1065741777,1.2938,100.65,0.9786999822,1.3072,0.7559,0.7293,6.6711001396,67.13
2016-07-07,1.1099025011,1.2926,100.74,0.9747999907,1.2984,0.7488,0.7213,6.6830000877,67.49
2016-07-06,1.1065007448,1.2921,101.12,0.9768999815,1.3003,0.7511,0.713,6.6697001457,67.45
2016-07-05,1.1146035194,1.3021,101.58,0.970960021,1.295,0.7456,0.7147,6.6553001404,67.4
2016-07-04,1.1131023169,,,0.9743999839,,,,6.6456999779,
2016-07-01,1.1106051207,1.3281,102.55,0.9762399793,1.2897,0.7485,0.7167,6.6381001472,67.24
2016-06-30,1.1128050089,1.3242,102.77,0.9792699814,1.301,0.7432,0.712,6.6268000603,67.51
2016-06-29,1.1073951721,1.351,102.68,0.9804000258,1.299,0.7444,0.7121,6.6381001472,67.42
2016-06-28,1.1015034914,1.3294,102.71,0.9785500169,1.3086,0.7353,0.7031,6.641600132,67.86
2016-06-27,1.1035944223,1.3217,101.66,0.9725999832,1.3076,0.7357,0.702,6.6118001938,67.92
2016-06-24,1.1324002743,1.3639,102.26,0.9617499709,1.2948,0.7451,0.7109,6.5672998428,67.82
2016-06-23,1.1328235865,1.48,105.9,0.9595999718,1.2749,0.7598,0.7242,6.5675001144,67.29
2016-06-22,1.1250618696,1.4682,104.56,0.9618999958,1.282,0.7491,0.7165,6.5802998543,67.49
2016-06-21,1.1322976351,1.4668,104.56,0.9613999724,1.2817,0.7461,0.7138,6.5671000481,67.73
2016-06-20,1.134906292,1.4688,104.32,0.959800005,1.2807,0.7458,0.7109,6.578400135,67.54
2016-06-17,1.1252011061,1.4285,104.2,0.9649900198,1.2875,0.7385,0.7056,6.5819997787,67.11
2016-06-16,1.126265645,1.4075,104.05,0.9607999921,1.3039,0.7312,0.6996,6.5718002319,67.43
2016-06-15,1.1213024855,1.4185,105.87,0.9632999897,1.2912,0.7404,0.7028,6.5865001678,67.08
2016-06-14,1.1291015148,1.413,106.02,0.962559998,1.2833,0.736,0.7003,6.5756998062,67.34
2016-06-13,1.1239995956,1.4223,106.07,0.9643999934,1.2791,0.7394,0.7064,6.5520000458,67.17
2016-06-10,1.1315033436,1.4342,107.06,0.9644200206,1.2734,0.7395,0.7069,6.5520000458,66.84
2016-06-09,1.1407061815,1.4467,106.54,0.9582999945,1.2728,0.7431,0.7133,6.5524997711,66.68
2016-06-08,1.1357828379,1.4546,106.68,0.9650999904,1.2694,0.7479,0.7024,6.5615000725,66.51
2016-06-07,1.1364023685,1.4564,107.3,0.9702399969,1.2788,0.7452,0.6981,6.553800106,66.64
2016-06-06,1.1350995302,1.445,107.33,0.9762200117,1.2856,0.7362,0.6931,6.5548000336,66.81
2016-06-03,1.1152001619,1.4521,106.88,0.9903699756,1.2947,0.7339,0.6942,6.5745000839,66.99
2016-06-02,1.1189061403,1.4419,108.75,0.988499999,1.308,0.7225,0.6815,6.565100193,67.22
2016-06-01,1.1135981083,1.4395,109.55,0.99308002,1.3089,0.7242,0.6807,6.5728998184,67.44
2016-05-31,1.114839673,1.453,110.75,0.9912999868,1.3097,0.7242,0.6769,6.5732998848,67.12
2016-05-30,1.111000061,,,0.9946699739,,,,6.5532999039,
2016-05-27,1.1192066669,1.4644,109.86,0.989199996,1.3001,0.7205,0.6729,6.5469999313,66.96
2016-05-26,1.1158970594,1.4673,109.74,0.9909999967,1.298,0.7227,0.6752,6.5440998077,66.9
2016-05-25,1.1137965918,1.4694,110.22,0.9930999875,1.3089,0.7186,0.6752,6.5472002029,67.28
2016-05-24,1.1216043234,1.4623,110,0.9897000194,1.3117,0.7184,0.6738,6.5457000732,67.59
2016-05-23,1.1221708059,1.4444,109.47,0.9910100102,1.3155,0.7203,0.6754,6.5366997719,67.47
2016-05-20,1.120598793,1.4513,110.52,0.9902999997,1.3136,0.7215,0.676,6.5370001793,67.42
2016-05-19,1.1222966909,1.4608,109.81,0.9878000021,1.3114,0.7213,0.6748,6.5288000107,67.57
2016-05-18,1.1316057444,1.4615,109.65,0.9800000191,1.2924,0.7285,0.6782,6.518599987,66.95
2016-05-17,1.1316057444,1.4485,109.02,0.9779999852,1.2884,0.7352,0.684,6.521299839,66.74
2016-05-16,1.1316953897,1.4411,108.89,0.9756399989,1.2886,0.73,0.6805,6.521999836,66.78
2016-05-13,1.1376951933,1.4369,109.14,0.970960021,1.2939,0.7273,0.6781,6.5068001747,66.84
2016-05-12,1.1427004337,1.4452,108.73,0.9707000256,1.2857,0.7314,0.6816,6.4819998741,66.7
2016-05-11,1.1374363899,1.448,108.48,0.9751999974,1.2834,0.7398,0.6845,6.5082998276,66.53
2016-05-10,1.1387965679,1.4454,109.22,0.9711300135,1.2957,0.7351,0.6746,6.5068998337,66.58
2016-05-09,1.1387965679,1.4409,108.39,0.9725000262,1.2994,0.7323,0.6778,6.4902000427,66.7
2016-05-06,1.1406019926,1.4439,106.66,0.967869997,1.292,0.7358,0.6843,6.4935002327,66.52
2016-05-05,1.1493064165,1.4486,107.32,0.9569900036,1.2855,0.7465,0.6894,6.4847998619,66.53
2016-05-04,1.150403738,1.4475,107.12,0.9538000226,1.2882,0.7454,0.6874,6.4818000793,66.63
2016-05-03,1.1524986029,1.4543,106.34,0.9552000165,1.2686,0.7492,0.6925,6.464099884,66.51
2016-05-02,1.1463025808,1.4666,106.48,0.9587000012,1.2544,0.7641,0.7009,6.464099884,66.36
2016-04-29,1.1355893612,1.4625,106.9,0.9661999941,1.2549,0.7612,0.6984,6.4658999443,66.39
2016-04-28,1.1329005957,1.4581,108.55,0.9708200097,1.2544,0.7635,0.6969,6.4850001335,66.39
2016-04-27,1.1299052238,1.4554,111.26,0.9735999703,1.2637,0.7594,0.6851,6.4835000038,66.52
2016-04-26,1.1269001961,1.4611,111.23,0.9749000072,1.2614,0.7741,0.6895,6.4829998016,66.4
2016-04-25,1.1234061718,1.4492,111.08,0.9782500267,1.2678,0.7717,0.6856,6.4910001755,66.65
2016-04-22,1.1292034388,1.439,111.5,0.9746299982,1.2672,0.7713,0.6854,6.4718999863,66.6
2016-04-21,1.1305055618,1.4338,109.41,0.9711999893,1.2713,0.7758,0.6924,6.4608001709,66.43
2016-04-20,1.1359634399,1.4375,109.51,0.9618499875,1.2623,0.7817,0.6997,6.44810009,66.12
2016-04-19,1.1309019327,1.4396,109.16,0.9645500183,1.2654,0.7806,0.7034,6.4651999474,66.12
2016-04-18,1.1299946308,1.4276,108.85,0.9663000107,1.2815,0.7746,0.6946,6.4656000137,66.42
2016-04-15,1.1270017624,1.4217,108.76,0.9663000107,1.2857,0.7717,0.6913,6.4725999832,66.49
2016-04-14,1.1279042959,1.4148,109.2,0.9664999843,1.2835,0.7705,0.6866,6.4684000015,66.56
2016-04-13,1.1384983063,1.4223,109.21,0.9552999735,1.2789,0.7649,0.6916,6.4555997849,66.62
2016-04-12,1.1412918568,1.4244,108.54,0.9540600181,1.28,0.7659,0.6902,6.4495000839,66.35
2016-04-11,1.1403028965,1.424,107.96,0.9533500075,1.2912,0.7599,0.686,6.4558000565,66.33
2016-04-08,1.1373976469,1.4105,108.36,0.956099987,1.2994,0.7554,0.6815,6.4530000687,66.49
2016-04-07,1.1404979229,1.4082,107.98,0.9555100203,1.3163,0.7504,0.6774,6.4709000587,66.7
2016-04-06,1.1382002831,1.4162,109.63,0.9564099908,1.3073,0.7613,0.684,6.4672999382,66.49
2016-04-05,1.13890028,1.4149,110.26,0.9588000178,1.3175,0.7519,0.6787,6.4685997963,66.4
2016-04-04,1.1390039921,1.4279,111.18,0.9585999846,1.3037,0.7614,0.6852,6.4685997963,66.05
2016-04-01,1.1379671097,1.4204,112.06,0.9610000253,1.3047,0.7672,0.6899,6.4390001297,66.34
2016-03-31,1.1334655285,1.4381,112.42,0.9649500251,1.2969,0.7677,0.6926,6.4551000595,66.25
2016-03-30,1.1292034388,1.439,112.6,0.9664000273,1.2962,0.7667,0.6914,6.5048999786,66.37
2016-03-29,1.120272398,1.4281,113.33,0.9734500051,1.3153,0.7567,0.6803,6.5009999275,66.46
2016-03-28,1.1159967184,1.425,113.29,0.9782999754,1.3184,0.7549,0.6729,6.5265002251,66.58
2016-03-25,1.1167943478,1.4131,113.05,0.9759899974,1.3264,0.7518,0.6685,6.5047001839,66.82
2016-03-24,1.1181054115,1.4143,112.64,0.975300014,1.327,0.7516,0.6695,6.4963002205,66.82
2016-03-23,1.1222966909,1.4111,112.63,0.9728000164,1.3199,0.7533,0.6702,6.4801001549,66.82
2016-03-22,1.1235954762,1.4217,111.82,0.9707400203,1.3051,0.7625,0.676,6.4745998383,66.58
2016-03-21,1.1279042959,1.4402,111.62,0.9693300128,1.3067,0.7594,0.6764,6.4615998268,66.45
2016-03-18,1.1317979097,1.4514,111.38,0.9670500159,1.298,0.7618,0.6812,6.4650001526,66.34
2016-03-17,1.1218937635,1.449,111.3,0.9779300094,1.2982,0.7637,0.6835,6.5120000839,66.61
2016-03-16,1.1109012365,1.41,113.69,0.9869999886,1.3364,0.7435,0.6601,6.5044999123,67.24
2016-03-15,1.1101982594,1.4166,112.88,0.9870200157,1.3355,0.7465,0.6614,6.4899997711,67.33
2016-03-14,1.1167943478,1.4324,113.59,0.9826999903,1.3291,0.7515,0.669,6.4853000641,67.15
2016-03-11,1.1178430319,1.4426,113.66,0.9844999909,1.3211,0.7572,0.6763,6.4986000061,66.93
2016-03-10,1.0989010334,1.4306,113.1,0.9981999993,1.3372,0.7444,0.6667,6.5029997826,67.2
2016-03-09,1.1004005671,1.4236,113.06,0.9964100122,1.3233,0.7528,0.6809,6.494699955,67.07
2016-03-08,1.101600647,1.4225,112.58,0.9952999949,1.3388,0.7451,0.677,6.5068001747,67.3
2016-03-07,1.0993964672,1.4256,113.6,0.993900001,1.33,0.7467,0.6801,6.4980998039,66.97
2016-03-04,1.0948945284,1.4226,113.91,0.992299974,1.3337,0.7425,0.6799,6.5215001106,66.9
2016-03-03,1.0868973732,1.4152,113.53,0.9963999987,1.3405,0.736,0.6746,6.5409998894,67.15
2016-03-02,1.0875948668,1.4059,113.81,0.9965999722,1.3466,0.7268,0.6642,6.5420999527,67.4
2016-03-01,1.0888975859,1.3948,113.94,0.997699976,1.3404,0.7172,0.6619,6.5440001488,67.75
2016-02-29,1.0923947096,1.3926,112.9,0.9966999888,1.3522,0.7152,0.6601,6.5303997993,68.21
2016-02-26,1.1024993658,1.3867,113.78,0.9900000095,1.3546,0.713,0.6648,6.5234999657,68.82
2016-02-25,1.1013944149,1.3937,112.7,0.9890999794,1.3572,0.7208,0.6699,6.5216999054,68.84
2016-02-24,1.1027060747,1.3932,111.36,0.9909999967,1.3765,0.7177,0.6632,6.5170998573,68.53
2016-02-23,1.1028033495,1.404,112.17,0.9994999766,1.3791,0.7209,0.666,6.5117998123,68.55
2016-02-22,1.1123965979,1.4157,113.12,0.9906200171,1.3684,0.7238,0.672,6.5124001503,68.53
2016-02-19,1.1110987663,1.4343,112.42,0.9930899739,1.3798,0.7125,0.6615,6.5088000298,68.54
2016-02-18,1.1122975349,1.4333,113.62,0.9925000072,1.3718,0.715,0.6626,6.5183000565,68.54
2016-02-17,1.11470294,1.4317,114.14,0.9883000255,1.3682,0.7168,0.6628,6.5068998337,68.33
2016-02-16,1.1174057722,1.429,113.9,0.9857000113,1.3857,0.7103,0.6565,6.4861998558,68.48
2016-02-15,1.1225990057,,,0.9782000184,,,,6.5638999939,
2016-02-12,1.1317979097,1.446,112.96,0.972299993,1.3834,0.7098,0.6628,6.5638999939,68.12
2016-02-11,1.1280952692,1.4448,111.72,0.9733999968,1.3933,0.7096,0.6682,6.5638999939,68.44
2016-02-10,1.1289994717,1.4473,114.03,0.9728999734,1.3969,0.7089,0.6655,6.5638999939,67.85
2016-02-09,1.1189812422,1.4473,114.8,0.9871000051,1.386,0.7065,0.6648,6.5638999939,67.92
2016-02-08,1.1145040989,1.4415,115.7,0.9927999973,1.3921,0.7103,0.6637,6.5638999939,67.98
2016-02-05,1.1199964285,1.4468,116.99,0.9933900237,1.3875,0.7084,0.6619,6.5548000336,67.78
2016-02-04,1.1091023684,1.458,116.75,1.0052000284,1.3724,0.7216,0.6729,6.5669999123,67.57
2016-02-03,1.0922038555,1.4576,117.92,1.01868999,1.3843,0.7134,0.6659,6.5697999001,67.92
2016-02-02,1.0897282362,1.4399,120.27,1.0195000172,1.4039,0.7058,0.6497,6.5683999062,67.92
2016-02-01,1.0825908184,1.4367,121.06,1.0245000124,1.4005,0.7084,0.6512,6.5661001205,67.92
2016-01-29,1.0936970711,1.4184,121.05,1.013800025,1.4074,0.7071,0.6469,6.565199852,67.87
2016-01-28,1.0907980204,1.4351,118.61,1.0142999887,1.4077,0.7085,0.6477,6.567800045,68.08
2016-01-27,1.0864958763,1.4261,118.9,1.0172400475,1.404,0.7074,0.6527,6.5725002289,67.98
2016-01-26,1.0853049755,1.4342,118.5,1.0124000311,1.4062,0.7005,0.6492,6.5693998337,67.75
2016-01-25,1.0799019337,1.4245,118.55,1.016119957,1.4248,0.697,0.6473,6.5690999031,67.71
2016-01-22,1.0862009525,1.4308,118.37,1.0078999996,1.4153,0.7014,0.6483,6.5700001717,67.55
2016-01-21,1.0877013206,1.4198,117.61,1.0055700541,1.4244,0.7003,0.6522,6.5683999062,67.87
2016-01-20,1.0912979841,1.4167,116.38,1.0032000542,1.4592,0.6855,0.6389,6.5686001778,68.05
2016-01-19,1.089502573,1.4171,117.66,1.0049999952,1.4513,0.6929,0.6489,6.5689001083,67.68
2016-01-18,1.0920010805,,,1.0017000437,,,,6.5749001503,
2016-01-15,1.085894227,1.4289,116.78,1.0052000284,1.4531,0.6864,0.6431,6.5802001953,67.74
2016-01-14,1.0886012316,1.4409,118.03,1.006000042,1.4374,0.698,0.647,6.5654001236,67.37
2016-01-13,1.0843987465,1.447,118.06,1.0029000044,1.4294,0.6996,0.6559,6.5625,66.74
2016-01-12,1.0857999325,1.4403,117.78,1.0015000105,1.4293,0.6975,0.6523,6.5595002174,66.85
2016-01-11,1.0941038132,1.4564,117.48,0.9921000004,1.4203,0.6992,0.6554,6.5865001678,66.78
2016-01-08,1.0925976038,1.4523,117.74,0.9937000275,1.415,0.6976,0.6559,6.5829000473,66.82
2016-01-07,1.0778998137,1.4579,118,1.0073900223,1.4061,0.7025,0.6653,6.5467000008,66.73
2016-01-06,1.0751993656,1.4626,118.54,1.0083999634,1.4084,0.707,0.6642,6.5124998093,66.71
2016-01-05,1.0827549696,1.4664,118.95,1.0024199486,1.3991,0.7151,0.67,6.5254001617,66.49
2016-01-04,1.0853991508,1.4686,119.3,0.9994999766,1.397,0.7166,0.674,6.4836997986,66.56
2016-01-01,1.0859060287,,,1.0013600588,,,,6.4836997986,
2015-12-31,1.0933980942,1.4746,120.27,0.9879999757,1.3839,0.7286,0.6842,6.4812002182,66.19
2015-12-30,1.0928006172,1.4832,120.6,0.992209971,1.3883,0.7284,0.6837,6.4748001099,66.44
2015-12-29,1.0975261927,1.4794,120.44,0.9879400134,1.3848,0.7293,0.6872,6.478700161,66.28
2015-12-28,1.0965994596,1.4883,120.3,0.9867799878,1.3893,0.7262,0.6853,6.4672999382,66.09
2015-12-25,1.0969964266,,,0.9862499833,,,,6.4672999382,
2015-12-24,1.0909169912,1.4943,120.32,0.9904999733,1.3847,0.7269,0.6838,6.4678001404,66
2015-12-23,1.0950024128,1.4863,120.94,0.9878000021,1.386,0.7221,0.6789,6.4688000679,66.04
2015-12-22,1.0912979841,1.4811,120.94,0.9926999807,1.3929,0.7231,0.6812,6.4707999229,66.19
2015-12-21,1.0869920254,1.4906,120.99,0.9918199778,1.3989,0.7172,0.6769,6.4714999199,66.19
2015-12-18,1.084410429,1.4914,121.2,0.9944000244,1.3876,0.7197,0.6752,6.4737000465,66.23
2015-12-17,1.0874530077,1.4876,122.75,0.992659986,1.397,0.71,0.6692,6.4633002281,66.32
2015-12-16,1.0936251879,1.5013,121.88,0.9906899929,1.3805,0.7207,0.6772,6.4510002136,66.6
2015-12-15,1.0992997885,1.5044,121.66,0.9854999781,1.3729,0.7176,0.6748,6.4489998817,66.79
2015-12-14,1.0983941555,1.513,120.57,0.983799994,1.3732,0.7258,0.6778,6.4453001022,67.09
2015-12-11,1.094810605,1.5213,120.94,0.9879999757,1.3695,0.7214,0.6727,6.4278001785,67.1
2015-12-10,1.1017948389,1.5176,121.44,0.9832999706,1.3598,0.7299,0.6763,6.4180002213,66.7
2015-12-09,1.0893957615,1.5168,121.86,0.9927999973,1.3595,0.7204,0.6629,6.4071998596,66.83
2015-12-08,1.0834001303,1.5,123,1.0003999472,1.3594,0.7211,0.6636,6.3982000351,66.77
2015-12-07,1.0883997679,1.5076,123.31,0.9968000054,1.3508,0.7268,0.6648,6.3910999298,66.74
2015-12-04,1.0915957689,1.51,123.1,0.9937000275,1.3364,0.7346,0.6755,6.3874998093,66.65
2015-12-03,1.0613007545,1.5088,123.06,1.0183600187,1.3393,0.731,0.6633,6.3888001442,66.82
2015-12-02,1.0625863075,1.4927,123.52,1.0262000561,1.3357,0.7309,0.6629,6.3888001442,66.53
2015-12-01,1.0572947264,1.5074,122.88,1.0289000273,1.3372,0.732,0.6679,6.3881998062,66.46
2015-11-30,1.0583018064,1.5044,123.22,1.0302000046,1.3332,0.7235,0.6574,6.3850002289,66.43
2015-11-27,1.0604453087,1.504,122.84,1.023630023,1.336,0.7192,0.6536,6.3796000481,66.86
2015-11-26,1.0624960661,,,1.0217000246,,,,6.3791999817,
2015-11-25,1.0643846989,1.5109,122.7,1.0169999599,1.3298,0.7246,0.6573,6.3797998428,66.36
2015-11-24,1.0642033815,1.5057,122.47,1.0181800127,1.3308,0.7241,0.654,6.3793001175,66.32
2015-11-23,1.0641014576,1.5125,123.02,1.0194900036,1.3358,0.7188,0.6511,6.375,66.37
2015-11-20,1.0726161003,1.5199,122.8,1.0134600401,1.3337,0.7233,0.6558,6.373000145,66.06
2015-11-19,1.0669966936,1.5327,122.71,1.0189000368,1.3266,0.7208,0.658,6.3748998642,66.05
2015-11-18,1.0643846989,1.521,123.51,1.0141999722,1.3351,0.7078,0.644,6.3685998917,66.16
2015-11-17,1.068798542,1.5214,123.48,1.0094499588,1.3324,0.7115,0.6459,6.3611998558,65.96
2015-11-16,1.0699993372,1.5204,123.11,1.0080000162,1.3352,0.7085,0.6488,6.3638000488,66.01
2015-11-13,1.0815019608,1.5208,122.93,1.0003600121,1.3332,0.7118,0.6528,6.3593001366,66.12
2015-11-12,1.0762988329,1.5206,122.84,1.0035300255,1.3309,0.7116,0.6529,6.3575000763,66.04
2015-11-11,1.0737563372,,,1.005210042,,,,6.3517999649,
2015-11-10,1.075951457,1.511,123.22,1.0030800104,1.3258,0.703,0.6534,6.3522000313,66.19
2015-11-09,1.0733413696,1.5124,123.04,1.0053999424,1.3274,0.7046,0.6537,6.343100071,66.38
2015-11-06,1.0883997679,1.5071,123.2,0.9951500297,1.3307,0.7034,0.6509,6.3362002373,66.13
2015-11-05,1.0868029594,1.5236,121.71,0.9929000139,1.3162,0.7148,0.6627,6.3259000778,65.85
2015-11-04,1.0963950157,1.5377,121.52,0.9909999967,1.3164,0.7148,0.6587,6.3260998726,65.46
2015-11-03,1.101600647,1.5404,121.2,0.986980021,1.3107,0.7173,0.6676,6.3274002075,65.57
2015-11-02,1.1025966406,1.5428,120.7,0.9862800241,1.3093,0.7141,0.6745,6.3081002235,65.58
2015-10-30,1.0993843079,1.5445,120.7,0.9886999726,1.3082,0.7133,0.6766,6.3467001915,65.4
2015-10-29,1.0928961039,1.5296,121.14,0.9936000109,1.3169,0.7081,0.668,6.3492999077,65.35
2015-10-28,1.1037039757,1.5319,120.56,0.9869999886,1.3149,0.7143,0.6721,6.3432002068,64.89
2015-10-27,1.1065986156,1.5312,120.29,0.9824399948,1.3242,0.7233,0.6802,6.3432002068,65.03
2015-10-26,1.1020376682,1.5361,120.87,0.9786000252,1.3134,0.7262,0.6794,6.339099884,64.83
2015-10-23,1.108094573,1.534,121.2,0.9735000134,1.3171,0.7215,0.6751,6.3480000496,64.87
2015-10-22,1.1348032951,1.5399,120.5,0.9591199756,1.3087,0.722,0.6791,6.3393001556,64.91
2015-10-21,1.1353960037,1.5463,119.91,0.9560400248,1.3117,0.7226,0.6734,6.3383998871,65.19
2015-10-20,1.1329005957,1.547,119.79,0.9562699795,1.2974,0.7256,0.6755,6.3501000404,64.97
2015-10-19,1.1361054182,1.5471,119.5,0.9530299902,1.2999,0.7254,0.6804,6.3425998688,64.9
2015-10-16,1.1368157864,1.5441,119.6,0.951300025,1.2932,0.7261,0.6799,6.3362002373,64.7
2015-10-15,1.1475522518,1.5475,118.26,0.9494000077,1.2901,0.7316,0.6854,6.3376998901,64.77
2015-10-14,1.1384983063,1.5445,119.21,0.9582999945,1.2983,0.7256,0.6767,6.3323001862,64.87
2015-10-13,1.1355506182,1.5242,119.8,0.9627000093,1.2984,0.7283,0.6689,6.3130002022,65.06
2015-10-12,1.1369967461,,,0.9610000253,,,,6.3352999687,
2015-10-09,1.1286935806,1.5315,120.3,0.9661999941,1.2945,0.7328,0.67,6.3435001373,64.76
2015-10-08,1.1239995956,1.5316,119.94,0.9732999802,1.3017,0.7225,0.6642,6.3460998535,64.97
2015-10-07,1.1267986298,1.5315,119.9,0.9674599767,1.3038,0.7213,0.6623,6.3460998535,64.86
2015-10-06,1.119519949,1.5227,120.18,0.975399971,1.3056,0.7143,0.6536,6.3460998535,65.18
2015-10-05,1.1226998568,1.5165,120.36,0.9710999727,1.3084,0.7088,0.6505,6.3460998535,65.12
2015-10-02,1.1193444729,1.5216,119.42,0.9761999846,1.3213,0.7025,0.6432,6.3460998535,65.35
2015-10-01,1.1172060966,1.5162,119.58,0.9740999937,1.324,0.7044,0.6411,6.347099781,65.57
2015-09-30,1.1255937815,1.5116,119.81,0.9710000157,1.3396,0.702,0.639,6.3536000252,65.5
2015-09-29,1.1231033802,1.5168,119.76,0.9746999741,1.3414,0.7007,0.6368,6.3587999344,65.9
2015-09-28,1.1201720238,1.5208,119.82,0.9793000221,1.336,0.7005,0.6346,6.3640999794,66.2
2015-09-25,1.1178929806,1.5172,120.74,0.9779999852,1.3322,0.7014,0.6369,6.3733000755,66.12
2015-09-24,1.1189937592,1.5254,119.54,0.9790999889,1.3348,0.6998,0.6338,6.3737001419,66.32
2015-09-23,1.1120749712,1.5243,120.12,0.975399971,1.3313,0.7004,0.6244,6.3660001755,66.05
2015-09-22,1.1190940142,1.5356,120.04,0.9718000293,1.3276,0.7078,0.6292,6.359099865,65.85
2015-09-21,1.1292034388,1.5506,120.46,0.9692999721,1.3249,0.7125,0.631,6.3543000221,65.66
2015-09-18,1.1400948763,1.5573,119.85,0.9620699883,1.3146,0.7222,0.6416,6.3559999466,65.7
2015-09-17,1.1292034388,1.5509,120.9,0.9700999856,1.3186,0.7147,0.6322,6.3608999252,66.12
2015-09-16,1.1271796227,1.5499,120.62,0.9741100073,1.318,0.7186,0.6349,6.3600001335,66.45
2015-09-15,1.1307612658,1.5352,120.3,0.9682000279,1.3261,0.7092,0.6313,6.3579001427,66.36
2015-09-14,1.1344043016,1.5423,119.92,0.9689999819,1.3265,0.7137,0.633,6.3649997711,66.32
2015-09-11,1.1290887594,1.5426,120.66,0.9732000232,1.3274,0.7074,0.6314,6.3671998978,66.39
2015-09-10,1.1220699549,1.5457,120.71,0.9750999808,1.3218,0.7086,0.6306,6.3678002357,66.46
2015-09-09,1.1207369566,1.5363,120.94,0.9778000116,1.3221,0.7024,0.6402,6.3572001457,66.47
2015-09-08,1.1163954735,1.5381,119.72,0.9754999876,1.3193,0.7023,0.6347,6.3558998108,66.36
2015-09-07,1.1152001619,,,0.9718999863,,,,6.3459000587,
2015-09-04,1.1125946045,1.5195,119.05,0.9738000035,1.3272,0.6917,0.628,6.3459000587,66.7
2015-09-03,1.1216043234,1.5254,120.2,0.9697999954,1.32,0.7025,0.64,6.3459000587,66.07
2015-09-02,1.1293437481,1.531,120,0.9599999785,1.3308,0.7011,0.6343,6.3544998169,66.16
2015-09-01,1.1225864887,1.5341,119.94,0.9650999904,1.318,0.7036,0.6346,6.366399765,66.34
2015-08-31,1.1214030981,1.5363,121.26,0.9610999823,1.3223,0.71,0.6349,6.3784999847,66.39
2015-08-28,1.1247961521,1.5362,121.32,0.9653000236,1.3268,0.7129,0.6446,6.3952999115,66.14
2015-08-27,1.1340054274,1.5411,120.89,0.9519000053,1.3193,0.7179,0.6478,6.4010000229,65.99
2015-08-26,1.1550945044,1.5493,119.07,0.9391000271,1.3301,0.7087,0.6424,6.402900219,66.11
2015-08-25,1.158305645,1.5698,119.91,0.9325000048,1.3295,0.7183,0.6522,6.3944001198,66.07
2015-08-24,1.1376951933,1.5731,118.56,0.9473000169,1.321,0.7202,0.6507,6.3789000511,66.8
2015-08-21,1.1236965656,1.5698,122.11,0.959100008,1.3146,0.7343,0.6706,6.3790001869,66.02
2015-08-20,1.1118029356,1.5688,123.54,0.9656999707,1.3075,0.7357,0.6634,6.3857998848,65.49
2015-08-19,1.1030831337,1.5645,124.1,0.9774000049,1.3165,0.7316,0.6564,6.3838000298,65.17
2015-08-18,1.1078000069,1.5658,124.39,0.9782000184,1.3075,0.7334,0.6581,6.3846998215,65.44
2015-08-17,1.1092993021,1.5598,124.33,0.9771000147,1.309,0.7386,0.658,6.3818001747,65.39
2015-08-14,1.1160963774,1.5625,124.27,0.975399971,1.3075,0.7376,0.6546,6.3888998032,65.02
2015-08-13,1.1160963774,1.5595,124.32,0.975300014,1.3078,0.7361,0.6571,6.376999855,65.27
2015-08-12,1.104203701,1.5639,123.87,0.9881600142,1.2973,0.7375,0.6635,6.3148999214,64.8
2015-08-11,1.1016976833,1.5572,124.9,0.9836000204,1.3149,0.7288,0.6537,6.1996998787,64.33
2015-08-10,1.0965032578,1.5546,124.55,0.9833999872,1.3056,0.7404,0.6602,6.1996998787,63.77
2015-08-07,1.0927051306,1.5467,124.27,0.9809899926,1.3122,0.7393,0.6596,6.1996998787,63.74
2015-08-06,1.0903104544,1.5521,124.6,0.9790400267,1.3152,0.7343,0.6545,6.1996998787,63.67
2015-08-05,1.0888975859,1.5604,124.84,0.9779000282,1.3181,0.7346,0.6519,6.1996002197,63.73
2015-08-04,1.0956022739,1.5612,124,0.9692000151,1.3124,0.7419,0.6588,6.1996998787,63.71
2015-08-03,1.0969001055,1.5603,123.98,0.9671000242,1.3141,0.7277,0.6603,6.1998000145,63.99
2015-07-31,1.0939244032,1.5634,123.94,0.9682999849,1.3047,0.7332,0.6625,6.1996998787,63.87
2015-07-30,1.0984061956,1.5581,124.38,0.9673699737,1.3024,0.7278,0.6589,6.1989998817,64.09
2015-07-29,1.1065986156,1.5624,123.86,0.9616299868,1.2893,0.7307,0.6682,6.1993999481,63.83
2015-07-28,1.1090040207,1.5617,123.52,0.9620000124,1.2933,0.7325,0.6688,6.1995000839,63.76
2015-07-27,1.0972371101,1.5595,123.24,0.9624999762,1.3008,0.7304,0.6636,6.1996002197,64.24
2015-07-24,1.0989010334,1.5514,123.74,0.9592999816,1.3059,0.7279,0.6586,6.1995000839,64.04
2015-07-23,1.0927051306,1.5533,123.88,0.9596999884,1.303,0.7375,0.6645,6.1993999481,63.86
2015-07-22,1.0939961672,1.5617,124.08,0.9580000043,1.3023,0.7368,0.6572,6.1996002197,63.6
2015-07-21,1.0835410357,1.555,123.93,0.9634000063,1.2958,0.7429,0.6629,6.1998000145,63.57
2015-07-20,1.083024621,1.5587,124.24,0.962199986,1.2982,0.738,0.6571,6.1995000839,63.61
2015-07-17,1.0886012316,1.5624,124,0.9570999742,1.2997,0.7371,0.6527,6.1995000839,63.45
2015-07-16,1.0943553448,1.5601,124.04,0.9521999955,1.2938,0.743,0.6538,6.1992001534,63.43
2015-07-15,1.1008002758,1.5621,123.89,0.9448699951,1.2935,0.7366,0.6605,6.1989002228,63.48
2015-07-14,1.0990459919,1.5584,123.39,0.9503999949,1.2746,0.745,0.6707,6.1984000206,63.27
2015-07-13,1.112904191,1.5518,123.35,0.9400299788,1.2762,0.7407,0.6694,6.1992998123,63.43
2015-07-10,1.106304884,1.5503,122.75,0.9478999972,1.2713,0.7427,0.6699,6.198800087,63.33
2015-07-09,1.1071009636,1.5375,121.22,0.9455999732,1.2727,0.7438,0.6727,6.1989998817,63.31
2015-07-08,1.1009942293,1.5353,120.54,0.9465600252,1.2724,0.7445,0.6741,6.1999998093,63.47
2015-07-07,1.104899168,1.5443,122.16,0.9429299831,1.2742,0.7435,0.6662,6.1992001534,63.51
2015-07-06,1.0995051861,1.5619,122.53,0.9441000223,1.2623,0.7521,0.6703,6.1957001686,63.24
2015-07-03,1.1086965799,,,0.9434000254,,,,6.1946997643,
2015-07-02,1.1033630371,1.5614,123.14,0.9487400055,1.2566,0.763,0.6726,6.1915001869,63.36
2015-07-01,1.1134989262,1.5617,123.02,0.9347000122,1.2559,0.7664,0.6754,6.1909999847,63.55
2015-06-30,1.1222966909,1.5727,122.1,0.9258999825,1.2473,0.7704,0.6778,6.198800087,63.59
2015-06-29,1.0975021124,1.5764,122.5,0.940500021,1.238,0.7677,0.6854,6.1989998817,63.73
2015-06-26,1.1202975512,1.5739,123.92,0.936529994,1.2358,0.765,0.6831,6.1993999481,63.54
2015-06-25,1.1206992865,1.5728,123.63,0.9334999919,1.2346,0.7741,0.6911,6.1971001625,63.5
2015-06-24,1.1172186136,1.5681,124.24,0.9334999919,1.2413,0.7689,0.6868,6.1968002319,63.54
2015-06-23,1.134906292,1.5751,123.71,0.9211900234,1.2326,0.7739,0.6851,6.1995000839,63.57
2015-06-22,1.1372941732,1.5823,123.28,0.918110013,1.2286,0.7745,0.6876,6.1995000839,63.51
2015-06-19,1.1370742321,1.5881,122.7,0.921299994,1.2273,0.7758,0.6895,6.1978998184,63.43
2015-06-18,1.1369967461,1.5882,122.87,0.9208999872,1.2206,0.7831,0.6942,6.1996002197,63.62
2015-06-17,1.1242017746,1.5708,124.25,0.9316999912,1.2307,0.7667,0.6913,6.1985998154,64.14
2015-06-16,1.1277008057,1.5637,123.39,0.9298400283,1.2328,0.7753,0.6986,6.1989998817,64.21
2015-06-15,1.1219944954,1.5572,123.38,0.929799974,1.2321,0.7767,0.7005,6.1982998848,64.03
2015-06-12,1.1240627766,1.5587,123.23,0.9338999987,1.2306,0.7742,0.6985,6.1965999603,64.02
2015-06-11,1.1311961412,1.5493,123.62,0.9321299791,1.2314,0.7726,0.699,6.1957998276,63.93
2015-06-10,1.1299052238,1.553,122.72,0.9300199747,1.2267,0.7749,0.7194,6.1957001686,63.81
2015-06-09,1.1280952692,1.5383,124.16,0.9273999929,1.2316,0.7685,0.7137,6.1956000328,63.96
2015-06-08,1.110814929,1.528,125.08,0.9402599931,1.2435,0.765,0.7097,6.1933999062,64.03
2015-06-05,1.1207872629,1.5267,125.58,0.9345999956,1.2488,0.7622,0.7046,6.1911001205,63.76
2015-06-04,1.1257838011,1.5367,124.56,0.9345399737,1.2477,0.7673,0.7116,6.1877999306,63.96
2015-06-03,1.1150012016,1.5351,124.06,0.9334099889,1.2437,0.7803,0.7152,6.1881999969,63.99
2015-06-02,1.0922993422,1.5331,124.19,0.94599998,1.2425,0.7748,0.7154,6.189499855,63.72
2015-06-01,1.0957943201,1.5187,124.64,0.9412999749,1.2547,0.7613,0.7098,6.1883001328,63.59
2015-05-29,1.0960345268,1.5286,123.98,0.9430000186,1.2466,0.7659,0.7111,6.1911997795,63.71
2015-05-28,1.0900014639,1.5291,124.18,0.9497900009,1.2474,0.7631,0.715,6.1912999153,63.83
2015-05-27,1.0888857841,1.5324,123.76,0.9516999722,1.2483,0.7712,0.7228,6.1939001083,63.92
2015-05-26,1.0971167088,1.5398,123.08,0.9455000162,1.2428,0.7738,0.7228,6.1919999123,63.87
2015-05-25,1.0992997885,,,0.9433000088,,,,6.1873998642,
2015-05-22,1.1111851931,1.5484,121.45,0.9369599819,1.2288,0.7828,0.7307,6.1868000031,63.43
2015-05-21,1.1100751162,1.5672,121.06,0.9361000061,1.2201,0.7888,0.732,6.1936998367,63.51
2015-05-20,1.1146656275,1.5544,121.28,0.9370999932,1.2212,0.7877,0.7295,6.1967000961,63.75
2015-05-19,1.1326183081,1.5523,120.58,0.925999999,1.2213,0.7918,0.7354,6.1943001747,63.8
2015-05-18,1.1445052624,1.5679,119.82,0.9153000116,1.215,0.8001,0.7398,6.196100235,63.66
2015-05-15,1.1404979229,1.5772,119.36,0.9125999808,1.2009,0.8053,0.7489,6.1915998459,63.36
2015-05-14,1.1350480318,1.5766,119.2,0.9169999957,1.1991,0.8082,0.75,6.1946001053,63.47
2015-05-13,1.1221455336,1.5748,119.09,0.9283199906,1.195,0.8118,0.7488,6.1989002228,63.88
2015-05-12,1.1144419909,1.5685,119.8,0.934499979,1.1987,0.7989,0.7377,6.1992001534,64.19
2015-05-11,1.119407177,1.5593,120.05,0.9315199852,1.2107,0.7899,0.735,6.1979999542,63.96
2015-05-08,1.1246949434,1.5455,119.78,0.9217000008,1.2086,0.7914,0.749,6.1979999542,63.73
2015-05-07,1.1341469288,1.5223,119.74,0.9165499806,1.2139,0.7914,0.7446,6.1890001297,64.08
2015-05-06,1.1186307669,1.5244,119.42,0.9271900058,1.2007,0.8005,0.7513,6.1951999664,63.57
2015-05-05,1.1149141788,1.5178,119.87,0.9336599708,1.2038,0.7941,0.7563,6.1984000206,63.31
2015-05-04,1.1185932159,1.5118,120.25,0.9333000183,1.2108,0.7839,0.753,6.1909999847,63.64
2015-05-01,1.1214659214,1.5137,120.21,0.9332000017,1.2191,0.7813,0.752,6.1909999847,63.63
2015-04-30,1.1114321947,1.5328,119.86,0.9402999878,1.2116,0.7867,0.7591,6.190199852,63.58
2015-04-29,1.0969121456,1.5485,118.83,0.9562900066,1.1955,0.8065,0.7737,6.1964998245,63.38
2015-04-28,1.0877959728,1.5328,118.8,0.9552099705,1.2021,0.8017,0.7733,6.2090001106,63.05
2015-04-27,1.0868973732,1.5235,119.12,0.9534400105,1.2106,0.7859,0.7648,6.184800148,63.34
2015-04-24,1.0815019608,1.5176,118.98,0.9552999735,1.2168,0.7825,0.7601,6.1887001991,63.55
2015-04-23,1.0725815296,1.5047,119.69,0.9693999887,1.2148,0.7782,0.7585,6.1856999397,63.27
2015-04-22,1.0741715431,1.5027,119.9,0.9545999765,1.225,0.7771,0.7677,6.1918997765,62.96
2015-04-21,1.0747487545,1.4944,119.45,0.9552999735,1.2274,0.7741,0.769,6.1918997765,62.92
2015-04-20,1.0810226202,1.4913,119.27,0.951399982,1.2203,0.7727,0.7667,6.1866002083,63.07
2015-04-17,1.0755579472,1.4942,119.02,0.9564599991,1.2225,0.7776,0.7684,6.1869001389,62.48
2015-04-16,1.0676802397,1.4923,119.18,0.9648000002,1.2206,0.7796,0.7662,6.1936998367,62.28
2015-04-15,1.0647132397,1.4782,119.23,0.9727399945,1.2378,0.761,0.7537,6.2020998001,62.34
2015-04-14,1.0572947264,1.479,119.26,0.9771999717,1.2476,0.7638,0.7536,6.2046999931,62.25
2015-04-13,1.060985446,1.4658,120.32,0.9790800214,1.2603,0.7579,0.7448,6.1991000175,62.38
2015-04-10,1.0669056177,1.4648,120.29,0.976970017,1.2596,0.7674,0.7532,6.1946997643,62.21
2015-04-09,1.0785275698,1.4739,120.32,0.9661499858,1.258,0.7706,0.7555,6.1914000511,62.18
2015-04-08,1.0824151039,1.4924,119.96,0.9656000137,1.2508,0.7715,0.758,6.1881999969,62.22
2015-04-07,1.0934817791,1.4857,120.36,0.957949996,1.2488,0.7646,0.7507,6.1869997978,62.23
2015-04-06,1.1001342535,1.4959,119.05,0.9521399736,1.245,0.7657,0.7605,6.1869997978,62.16
2015-04-03,1.0870746374,1.4916,118.96,0.9599699974,1.2465,0.7645,0.7595,6.1869997978,61.99
2015-04-02,1.0769942999,1.4842,119.74,0.9661999941,1.2584,0.7566,0.7483,6.1870999336,62.13
2015-04-01,1.0738140345,1.4823,119.62,0.9721999764,1.261,0.7615,0.7461,6.1875,62.14
2015-03-31,1.083024621,1.485,119.96,0.9673600197,1.2681,0.7625,0.7485,6.1964998245,62.31
2015-03-30,1.0884946585,1.4792,120.11,0.961220026,1.2687,0.7645,0.7514,6.2052001953,62.52
2015-03-27,1.0886367559,1.4878,119.15,0.9631800056,1.2579,0.7754,0.756,6.2013998032,62.5
2015-03-26,1.096046567,1.4844,119.01,0.9603800178,1.2469,0.7836,0.7584,6.2010002136,62.83
2015-03-25,1.0902034044,1.4915,119.37,0.9595699906,1.2513,0.7856,0.7633,6.1953001022,62.35
2015-03-24,1.0944991112,1.487,119.9,0.9660000205,1.251,0.7869,0.7632,6.2049999237,62.4
2015-03-23,1.0826611519,1.4936,119.74,0.9775000215,1.2515,0.7848,0.7623,6.1960000992,62.22
2015-03-20,1.0668942928,1.4923,120.28,0.9897400141,1.2593,0.7759,0.7555,6.1859998703,62.47
2015-03-19,1.0849988461,1.4729,120.9,0.9811000228,1.2743,0.7618,0.7376,6.2186999321,62.56
2015-03-18,1.0598047972,1.4686,120.92,1.0056300163,1.2771,0.7653,0.7363,6.2395000458,62.69
2015-03-17,1.0572947264,1.4744,121.28,1.0076999664,1.2769,0.7615,0.7312,6.2518000603,62.64
2015-03-16,1.0481630564,1.48,121.3,1.006649971,1.2763,0.7656,0.739,6.2487001419,62.8
2015-03-13,1.0626314878,1.4755,121.17,1.0026999712,1.2803,0.7631,0.733,6.251999855,63.06
2015-03-12,1.0548745394,1.4907,121.28,1.0090500116,1.2692,0.7705,0.7403,6.251999855,62.44
2015-03-11,1.0708701611,1.4945,121.5,0.9980999827,1.2763,0.7582,0.7218,6.251999855,62.76
2015-03-10,1.0833414793,1.5086,121.2,0.9871900082,1.2633,0.7637,0.7272,6.2550001144,62.71
2015-03-09,1.0845986605,1.5097,121.17,0.9844999909,1.2598,0.7716,0.736,6.2537999153,62.67
2015-03-06,1.1032048464,1.5063,120.93,0.9736300111,1.2615,0.7712,0.7365,6.2574000359,62.45
2015-03-05,1.10820508,1.5229,120.22,0.9634000063,1.2482,0.7763,0.7466,6.26060009,62.26
2015-03-04,1.1182179451,1.5266,119.76,0.9607999921,1.2439,0.7821,0.7584,6.2637000084,62.3
2015-03-03,1.1179054976,1.5391,119.47,0.9585000277,1.245,0.784,0.757,6.2637000084,61.76
2015-03-02,1.1161960363,1.5371,120.06,0.9542999864,1.2535,0.778,0.7523,6.258600235,61.87
2015-02-27,1.1205360889,1.5439,119.72,0.9526000023,1.2506,0.781,0.7557,6.2494997978,61.67
2015-02-26,1.1363636255,1.5424,119.36,0.9485099912,1.249,0.7816,0.7555,6.2494997978,61.74
2015-02-25,1.1339025497,1.5499,118.88,0.9501000047,1.2418,0.7898,0.7548,6.2451000214,61.84
2015-02-24,1.1332985163,1.5434,119.13,0.950600028,1.2601,0.7808,0.7456,6.2451000214,62.07
2015-02-23,1.138148427,1.5465,118.88,0.940599978,1.2577,0.7807,0.7536,6.2441000938,62.15
2015-02-20,1.1366735697,1.5385,118.68,0.9494299889,1.2503,0.7833,0.7534,6.2441000938,62.19
2015-02-19,1.1400039196,1.5451,118.84,0.9419000149,1.2484,0.781,0.7543,6.2441000938,62.08
2015-02-18,1.1404719353,1.543,119.19,0.9361400008,1.2456,0.7778,0.7519,6.2441000938,62.25
2015-02-17,1.1334012747,1.5349,118.99,0.9324700236,1.2401,0.7816,0.7523,6.2385997772,62.14
2015-02-16,1.1400039196,,,0.9316999912,,,,6.2302999496,
2015-02-13,1.1403938532,1.5394,118.7,0.9299399853,1.2449,0.7772,0.7468,6.2344999313,62.04
2015-02-12,1.1311961412,1.538,118.72,0.9286999702,1.2464,0.7763,0.7462,6.2322998047,62.3
2015-02-11,1.1321951151,1.5232,120.38,0.9265000224,1.2635,0.7713,0.7382,6.2318000793,62.41
2015-02-10,1.1326953173,1.5252,119.32,0.9246000051,1.2528,0.7781,0.7413,6.2388000488,62.33
2015-02-09,1.1314393282,1.5217,118.7,0.9262999892,1.2448,0.7813,0.7415,6.233399868,62.1
2015-02-06,1.1471968889,1.5247,119.16,0.9219999909,1.2524,0.7807,0.7361,6.242099762,61.7
2015-02-05,1.1318746805,1.5293,117.4,0.925999999,1.2419,0.7803,0.7391,6.2376999855,61.73
2015-02-04,1.1457378864,1.5209,117.58,0.9247499704,1.255,0.7761,0.7371,6.2456998825,61.73
2015-02-03,1.134172678,1.5129,117.48,0.9271000028,1.2452,0.7737,0.7294,6.2494997978,61.67
2015-02-02,1.1309019327,1.5027,117.33,0.921299994,1.2577,0.7818,0.7304,6.2410001755,61.68
2015-01-30,1.1335555315,1.5026,117.44,0.9225000143,1.2716,0.7762,0.7248,6.2365999222,62.01
2015-01-29,1.1281461716,1.5043,118.31,0.9070000052,1.2644,0.7758,0.7259,6.2364997864,61.94
2015-01-28,1.1367381811,1.5165,117.74,0.8992000222,1.2452,0.7973,0.7451,6.2350997925,61.34
2015-01-27,1.1247708797,1.5196,117.62,0.9013000131,1.2402,0.7939,0.7461,6.2458000183,61.34
2015-01-26,1.1125450134,1.5088,118.38,0.881099999,1.2409,0.7934,0.7425,6.2178997993,61.46
2015-01-23,1.1346745491,1.5022,117.8,0.8716999888,1.24,0.7935,0.7477,6.1989998817,61.46
2015-01-22,1.1615345478,1.5052,117.92,0.8604999781,1.237,0.8099,0.7551,6.2017002106,61.32
2015-01-21,1.154694438,1.5118,117.86,0.8743199706,1.2377,0.8101,0.7578,6.2048997879,61.55
2015-01-20,1.159796834,1.5162,118.48,0.8796700239,1.2085,0.8177,0.7693,6.2080001831,61.64
2015-01-19,1.1566041708,,,0.8582000136,,,,6.1970000267,
2015-01-16,1.1637378931,1.5132,117.45,0.8543999791,1.1986,0.8194,0.7778,6.1774997711,61.87
2015-01-15,1.1785920858,1.5161,116.95,1.0189299583,1.1932,0.8212,0.7791,6.1840000153,62.06
2015-01-14,1.1778285503,1.5234,116.78,1.0195000172,1.1957,0.8163,0.7746,6.1876001358,62.09
2015-01-13,1.1831519604,1.5166,118.16,1.0148999691,1.1947,0.8164,0.7732,6.1933999062,61.97
2015-01-12,1.1870703697,1.5168,118.32,1.0118199587,1.1929,0.8165,0.7776,6.2003002167,62.09
2015-01-09,1.1796069145,1.5151,118.66,1.0182900429,1.1857,0.8191,0.7832,6.203499794,62.34
2015-01-08,1.1836000681,1.5118,119.51,1.0147399902,1.1812,0.8126,0.7826,6.2039999962,62.67
2015-01-07,1.1875356436,1.5073,119.52,1.0112999678,1.1851,0.8049,0.7727,6.2020001411,63.27
2015-01-06,1.1939015388,1.5174,118.26,1.0061999559,1.1802,0.8118,0.7805,6.2083997726,63.57
2015-01-05,1.194643259,1.5234,119.64,1.0058000088,1.1785,0.8095,0.7702,6.196100235,63.34
2015-01-02,1.2089413404,1.5361,120.2,0.9940999746,1.1725,0.8118,0.7711,6.196100235,63.27
2015-01-01,1.2098628283,,,0.9941099882,,,,6.196100235,
2014-12-31,1.2162047625,1.5578,119.85,0.9885399938,1.1601,0.8173,0.7796,6.1919999123,63.04
2014-12-30,1.2153474092,1.5573,119.34,0.9894999862,1.1597,0.8199,0.7847,6.2125000954,63.38
2014-12-29,1.2169446945,1.5524,120.57,0.9883000255,1.1631,0.8146,0.7788,6.2052998543,63.67
2014-12-26,1.2210012674,,,0.9848999977,,,,6.2052998543,
2014-12-25,1.2198543549,,,0.9860000014,,,,6.2052998543,
2014-12-24,1.217492938,1.5549,120.45,0.9876000285,1.1621,0.8109,0.7721,6.2158999443,63.55
2014-12-23,1.22237432,1.5517,120.68,0.9843199849,1.1626,0.8097,0.7712,6.2115998268,63.4
2014-12-22,1.2225985527,1.5618,119.84,0.9842000008,1.1644,0.8141,0.774,6.2098999023,63.22
2014-12-19,1.229044795,1.5609,119.56,0.9796000123,1.1626,0.8128,0.7745,6.2045001984,63.24
2014-12-18,1.233897686,1.5662,118.84,0.9732999802,1.1594,0.8168,0.7757,6.1869997978,62.98
2014-12-17,1.2512043715,1.5652,117.64,0.9596999884,1.1629,0.8173,0.773,6.179500103,63.52
2014-12-16,1.2443537712,1.5736,117.28,0.9650999904,1.1624,0.822,0.779,6.1805000305,63.65
2014-12-15,1.2463544607,1.5663,117.75,0.9637799859,1.1629,0.8232,0.7754,6.17689991,63.16
2014-12-12,1.2394952774,1.5728,118.22,0.9692500234,1.1538,0.8268,0.7789,6.1785998344,62.52
2014-12-11,1.2473959923,1.5712,119.4,0.9646599889,1.1534,0.8265,0.7801,6.1666002274,62.46
2014-12-10,1.2394952774,1.5689,118.5,0.9703999758,1.1479,0.8305,0.7715,6.1778001785,62.1
2014-12-09,1.2315119505,1.5694,118.87,0.9762399793,1.1422,0.8341,0.7726,6.1630001068,61.87
2014-12-08,1.2294074297,1.5625,120.89,0.9782000184,1.1473,0.8296,0.7662,6.1402001381,61.82
2014-12-05,1.2386661768,1.56,121.38,0.970600009,1.1423,0.833,0.7718,6.1445999146,61.9
2014-12-04,1.2316637039,1.5707,119.67,0.977150023,1.1374,0.8405,0.7811,6.1402001381,61.78
2014-12-03,1.2388503551,1.57,119.82,0.9718000293,1.1359,0.8417,0.7778,6.1395001411,61.85
2014-12-02,1.2470071316,1.5651,119.1,0.9646900296,1.1397,0.8457,0.78,6.1420001984,61.8
2014-12-01,1.2438275814,1.5743,118.14,0.9677000046,1.1343,0.8521,0.7899,6.1332001686,61.94
2014-11-28,1.246199131,1.5638,118.7,0.9646400213,1.1426,0.8524,0.784,6.1290998459,62.2
2014-11-27,1.2505940199,,,0.961139977,,,,6.1290998459,
2014-11-26,1.2480654716,1.5787,117.6,0.9635499716,1.1236,0.8534,0.7881,6.1265001297,61.78
2014-11-25,1.2433171272,1.5714,117.99,0.9670000076,1.126,0.852,0.7806,6.1317000389,61.89
2014-11-24,1.2375012636,1.5701,118.39,0.9715999961,1.1279,0.8615,0.7856,6.1149001122,61.85
2014-11-21,1.2545005083,1.5672,117.74,0.9582999945,1.1237,0.8674,0.7886,6.1135001183,61.76
2014-11-20,1.2540757656,1.5683,118.14,0.9580100179,1.1311,0.861,0.7852,6.1094999313,61.92
2014-11-19,1.2533370256,1.567,117.7,0.9585000277,1.1349,0.8623,0.7859,6.1112999916,61.98
2014-11-18,1.2448959351,1.5648,116.76,0.9648000002,1.1305,0.8726,0.7941,6.1142997742,61.72
2014-11-17,1.2518464327,1.5645,116.44,0.9595800042,1.1308,0.8718,0.7935,6.1195001602,61.82
2014-11-14,1.2475982904,1.5657,116.52,0.9635999799,1.1294,0.8737,0.791,6.1147999763,61.7
2014-11-13,1.2429926395,1.5717,115.63,0.9670000076,1.1349,0.873,0.7901,6.1161999702,61.55
2014-11-12,1.2475829124,1.5815,115.42,0.9643999934,1.1284,0.8735,0.7898,6.1145000458,61.4
2014-11-11,1.2429926395,,,0.967599988,,,,6.1094999313,
2014-11-10,1.246137023,1.5857,114.78,0.9653199911,1.1344,0.8625,0.7763,6.1128001213,61.52
2014-11-07,1.2380068302,1.5844,114.73,0.9728000164,1.136,0.862,0.7736,6.1020002365,61.5
2014-11-06,1.2480031252,1.5862,114.87,0.9644700289,1.1423,0.858,0.7715,6.1040000916,61.45
2014-11-05,1.2552564144,1.5984,114.62,0.9592999816,1.1377,0.8592,0.7728,6.1052999496,61.49
2014-11-04,1.249593854,1.5991,113.44,0.9646999836,1.1396,0.8729,0.7777,6.108300209,61.38
2014-11-03,1.2503125668,1.5986,113.92,0.9643999934,1.1319,0.8701,0.7732,6.1027002335,61.38
2014-10-31,1.2613362074,1.5999,112.09,0.956099987,1.1272,0.8791,0.778,6.1044998169,61.44
2014-10-30,1.2632802725,1.6023,108.94,0.9548000097,1.1191,0.8825,0.784,6.1012001038,61.42
2014-10-29,1.2738366127,1.6149,108.1,0.9466000199,1.1135,0.8904,0.7965,6.1033000946,61.2
2014-10-28,1.2701476812,1.6157,108,0.9491999745,1.1176,0.8848,0.7929,6.1065001488,61.17
2014-10-27,1.267668128,1.6133,107.71,0.9516500235,1.1247,0.8799,0.7887,6.1071000099,61.28
2014-10-24,1.265406251,1.6098,108.06,0.953790009,1.1211,0.8812,0.7863,6.1094999313,61.16
2014-10-23,1.2641425133,1.6037,108.16,0.9540500045,1.1236,0.8773,0.7841,6.108300209,61.16
2014-10-22,1.2714719772,1.607,107.32,0.9491999745,1.1218,0.8793,0.7944,6.111000061,61.18
2014-10-21,1.2795250416,1.6134,106.7,0.9430999756,1.1219,0.8797,0.7968,6.1135997772,61.14
2014-10-20,1.2749572992,1.6137,106.87,0.9469000101,1.1276,0.8786,0.7967,6.1139998436,61.2
2014-10-17,1.2804424763,1.6086,106.72,0.9427000284,1.1247,0.8761,0.7935,6.1132998466,61.46
2014-10-16,1.2821663618,1.6065,105.98,0.9413999915,1.1265,0.8766,0.7963,6.1159000397,61.8
2014-10-15,1.2639029026,1.5959,106.06,0.9550300241,1.1291,0.8794,0.7937,6.1154999733,61.42
2014-10-14,1.2723940611,1.593,107.15,0.9498999715,1.1235,0.8727,0.7855,6.1154999733,61.38
2014-10-13,1.263982892,,,0.9561799765,,,,6.1210999489,
2014-10-10,1.2689067125,1.6049,107.83,0.9542499781,1.1173,0.8719,0.7834,6.1202001572,61.27
2014-10-09,1.2743074894,1.6123,108,0.951399982,1.115,0.8778,0.7864,6.1290001869,60.92
2014-10-08,1.2668008804,1.6068,108.41,0.9570000172,1.1181,0.8751,0.78,6.1290001869,61.38
2014-10-07,1.2646062374,1.6072,108.3,0.959010005,1.1182,0.8808,0.7834,6.1290001869,61.28
2014-10-06,1.251360774,1.6029,109.08,0.9677600265,1.1174,0.8747,0.7806,6.1290001869,61.68
2014-10-03,1.2670577765,1.5962,109.7,0.9538999796,1.1254,0.8675,0.7772,6.1284999847,61.81
2014-10-02,1.2624191046,1.614,108.1,0.9561200142,1.115,0.8793,0.7881,6.1284999847,61.61
2014-10-01,1.2628335953,1.6216,109.3,0.9549999833,1.1171,0.8734,0.7811,6.1284999847,61.71
2014-09-30,1.2690838575,1.622,109.66,0.9509000182,1.1207,0.8737,0.7788,6.1399998665,61.92
2014-09-29,1.2673146725,1.6262,109.34,0.9520000219,1.1142,0.8738,0.7788,6.117099762,61.53
2014-09-26,1.2757054567,1.6254,109.32,0.9465900064,1.1162,0.8761,0.7876,6.1259999275,61.14
2014-09-25,1.2778083086,1.6313,108.7,0.9459199905,1.1105,0.8796,0.7932,6.1265997887,61.33
2014-09-24,1.2853965759,1.6344,108.92,0.9393699765,1.1088,0.887,0.8067,6.1277999878,60.93
2014-09-23,1.285148859,1.637,108.82,0.9397400022,1.1059,0.8853,0.8066,6.1304998398,61.04
2014-09-22,1.2841421366,1.634,108.88,0.9401699901,1.1007,0.8876,0.8125,6.1311001778,60.93
2014-09-19,1.2920063734,1.6314,108.96,0.9343500137,1.0968,0.8935,0.8119,6.1304998398,60.8
2014-09-18,1.285000205,1.6372,108.69,0.9422900081,1.0946,0.8984,0.8144,6.1290001869,60.78
2014-09-17,1.2959076166,1.6329,107.58,0.9326999784,1.0951,0.9028,0.8151,6.1360998154,60.9
2014-09-16,1.2939791679,1.629,106.91,0.9355499744,1.0985,0.9096,0.8207,6.1319999695,61.06
2014-09-15,1.2960082293,1.6243,107.18,0.9337199926,1.105,0.9027,0.8166,6.1247000694,61.03
2014-09-12,1.2923569679,1.6243,107.24,0.9359999895,1.1075,0.9047,0.8156,6.1199998856,60.95
2014-09-11,1.291705966,1.6225,106.87,0.9368000031,1.1032,0.9115,0.8187,6.1194000244,60.93
2014-09-10,1.2941968441,1.6134,106.76,0.9322999716,1.0954,0.9153,0.8245,6.1265001297,60.95
2014-09-09,1.2891082764,1.6088,106.32,0.9361000061,1.101,0.9207,0.8245,6.1304998398,60.6
2014-09-08,1.2953367233,1.6141,105.65,0.9311000109,1.0933,0.93,0.8285,6.1304998398,60.29
2014-09-05,1.2932761908,1.6312,104.94,0.9328100085,1.089,0.9376,0.8327,6.1286001205,60.26
2014-09-04,1.315097332,1.6349,105.22,0.9178000093,1.0862,0.9361,0.831,6.1311001778,60.38
2014-09-03,1.3131976128,1.6451,104.88,0.9193699956,1.0872,0.9341,0.8315,6.138299942,60.41
2014-09-02,1.3131976128,1.6502,105.1,0.9193000197,1.0923,0.9276,0.8309,6.1319999695,60.69
2014-09-01,1.3127838373,,,0.9189100266,,,,6.1333999634,
2014-08-29,1.3184958696,1.6585,104,0.9150400162,1.0858,0.9344,0.8367,6.1328001022,61.51
2014-08-28,1.3190872669,1.6579,103.78,0.9149600267,1.0857,0.9352,0.8376,6.1332998276,60.51
2014-08-27,1.3170199394,1.6573,103.98,0.9175500274,1.089,0.9335,0.8369,6.1426000595,60.45
2014-08-26,1.3188958168,1.657,104.12,0.9160000086,1.095,0.932,0.8337,6.1444001198,60.43
2014-08-25,1.3198705912,1.6585,103.96,0.9166100025,1.098,0.9296,0.8351,6.1414999962,60.56
2014-08-22,1.327933073,1.6574,103.97,0.9115999937,1.0949,0.9309,0.8393,6.1414999962,60.47
2014-08-21,1.3260489702,1.6589,103.78,0.9134899974,1.0949,0.9302,0.8402,6.1300001144,60.56
2014-08-20,1.3321965933,1.6633,103.36,0.9092000127,1.0944,0.9306,0.8402,6.1312999725,60.58
2014-08-19,1.33611238,1.662,102.86,0.9067000151,1.0929,0.9311,0.8443,6.132999897,60.67
2014-08-18,1.3390465975,1.672,102.54,0.9034199715,1.0888,0.933,0.8477,6.1373000145,60.77
2014-08-15,1.3363981247,1.6686,102.19,0.9067400098,1.091,0.9306,0.8488,6.1424999237,60.77
2014-08-14,1.3367911577,1.6694,102.44,0.907310009,1.091,0.9322,0.8493,6.143599987,60.77
2014-08-13,1.336612463,1.6696,102.48,0.9076099992,1.0929,0.9302,0.8459,6.1479997635,61.22
2014-08-12,1.338490963,1.6806,102.22,0.9066900015,1.0944,0.927,0.8435,6.1434998512,61.09
2014-08-11,1.3405184746,1.6787,102.14,0.9057800174,1.0933,0.9263,0.8464,6.1462001801,61.17
2014-08-08,1.3358268738,1.6778,101.91,0.9089000225,1.0982,0.9277,0.8472,6.1521000862,61.18
2014-08-07,1.3382940292,1.6849,102.06,0.907679975,1.0922,0.9283,0.8492,6.1529998779,61.2
2014-08-06,1.3372380733,1.6833,102.34,0.9092000127,1.0926,0.9327,0.8457,6.1606998444,61.25
2014-08-05,1.342209816,1.6874,102.77,0.9065799713,1.0969,0.9301,0.846,6.1684999466,61.05
2014-08-04,1.3428946733,1.6841,102.47,0.9060500264,1.0916,0.9328,0.8525,6.1697998047,60.94
2014-08-01,1.3389928341,1.6832,102.45,0.9085000157,1.0918,0.9304,0.851,6.1640000343,61.2
2014-07-31,1.3396027088,1.6889,102.75,0.9086999893,1.0889,0.9301,0.849,6.1614999771,60.55
2014-07-30,1.3411117792,1.6903,102.9,0.9068099856,1.0908,0.9315,0.8469,6.1704998016,60.4
2014-07-29,1.3439054489,1.6939,102.12,0.9040099978,1.0851,0.9378,0.8497,6.1774997711,60.12
2014-07-28,1.3428946733,1.6991,101.82,0.9047399759,1.08,0.941,0.855,6.1817002296,60.13
2014-07-25,1.3464748859,1.6972,101.81,0.9025099874,1.0814,0.9404,0.8548,6.1847000122,60.04
2014-07-24,1.3462935686,1.6981,101.82,0.9021000266,1.0741,0.9419,0.8587,6.1887998581,60.11
2014-07-23,1.346801281,1.7036,101.5,0.9021199942,1.0739,0.945,0.8689,6.1929998398,60
2014-07-22,1.3527040482,1.7058,101.54,0.8978999853,1.0744,0.9388,0.8657,6.1992998123,60.16
2014-07-21,1.3532166481,1.7067,101.34,0.8978700042,1.0736,0.9377,0.8693,6.1979999542,60.24
2014-07-18,1.3518811464,1.7069,101.37,0.8978099823,1.0737,0.9386,0.8678,6.1937999725,60.33
2014-07-17,1.3529969454,1.7104,101.3,0.8979799747,1.0753,0.9372,0.8691,6.1939997673,60.35
2014-07-16,1.3572019339,1.7131,101.69,0.895449996,1.0749,0.9362,0.8711,6.1979999542,60.12
2014-07-15,1.362175107,1.7149,101.62,0.8916000128,1.0766,0.9366,0.8767,6.196100235,60.15
2014-07-14,1.3603775501,1.7079,101.58,0.8925099969,1.0721,0.9392,0.8803,6.1936001778,60.11
2014-07-11,1.3605072498,1.7108,101.33,0.8925899863,1.072,0.9383,0.8804,6.192800045,60.08
2014-07-10,1.3642936945,1.7122,101.26,0.8907499909,1.0658,0.9387,0.8814,6.1898999214,60.19
2014-07-09,1.3617113829,1.713,101.7,0.8924999833,1.0648,0.9396,0.8805,6.1915001869,59.75
2014-07-08,1.3606182337,1.7127,101.53,0.8931999803,1.0674,0.94,0.8788,6.1937999725,59.78
2014-07-07,1.3588433266,1.7128,101.84,0.8948000073,1.0662,0.9371,0.8768,6.1940999031,60.013
2014-07-04,1.3610072136,,,0.8932700157,,,,6.2020001411,
2014-07-03,1.3652995825,1.7152,102.19,0.8891900182,1.0633,0.9358,0.8763,6.2006001472,59.74
2014-07-02,1.3680826426,1.7165,101.76,0.8874800205,1.0667,0.9444,0.8771,6.1900000572,59.69
2014-07-01,1.369356513,1.7147,101.51,0.8867300153,1.0652,0.9488,0.8772,6.1937999725,60.05
2014-06-30,1.3644425869,1.7105,101.28,0.8909999728,1.0676,0.9427,0.8755,6.2084999084,60.06
2014-06-27,1.3613035679,1.7016,101.39,0.893419981,1.0676,0.9413,0.8765,6.2140002251,60.04
2014-06-26,1.3628991842,1.7018,101.66,0.8927000165,1.0706,0.9405,0.8764,6.2244000435,60.17
2014-06-25,1.3605812788,1.6986,101.75,0.8937699795,1.0721,0.9398,0.8737,6.2210998535,60.11
2014-06-24,1.3601926565,1.6971,102.13,0.8944000006,1.0739,0.938,0.8686,6.2154998779,60.14
2014-06-23,1.3593051434,1.701,101.9,0.8955299854,1.0731,0.9417,0.8709,6.2144999504,60.14
2014-06-20,1.3611367941,1.7014,102.14,0.8938000202,1.0766,0.9387,0.8691,6.2192001343,60.23
2014-06-19,1.3590649366,1.7046,101.84,0.8960999846,1.0828,0.9406,0.8716,6.2213997841,60.09
2014-06-18,1.354793191,1.6951,102.16,0.8991000056,1.087,0.934,0.8679,6.2168002129,60.28
2014-06-17,1.3577179909,1.6965,102.18,0.8970000148,1.0851,0.934,0.8659,6.2170000076,60.32
2014-06-16,1.3538029194,1.6988,101.82,0.9002000093,1.0849,0.94,0.8682,6.1995000839,60.16
2014-06-13,1.3554543257,1.6953,102.06,0.8980000019,1.0868,0.9396,0.8653,6.2084999084,59.64
2014-06-12,1.3537112474,1.6853,101.83,0.8995000124,1.0851,0.943,0.8684,6.218100071,59.19
2014-06-11,1.3540961742,1.6795,101.94,0.8994500041,1.0867,0.9391,0.8561,6.2144999504,59.32
2014-06-10,1.3592681885,1.6753,102.37,0.8970100284,1.0914,0.9365,0.851,6.2302999496,59.18
2014-06-09,1.3642936945,1.6798,102.52,0.8931900263,1.0908,0.9347,0.8493,6.2404999733,59.18
2014-06-06,1.3661948442,1.6794,102.5,0.8917099833,1.0936,0.9328,0.85,6.2467999458,59.17
2014-06-05,1.3604146242,1.6796,102.44,0.8967999816,1.0935,0.9321,0.8481,6.2403998375,59.24
2014-06-04,1.3621008396,1.6747,102.69,0.8967000246,1.0937,0.9269,0.8423,6.2445998192,59.34
2014-06-03,1.3598966599,1.6753,102.42,0.8985300064,1.0915,0.9255,0.8432,6.2378997803,59.32
2014-06-02,1.362806201,1.6756,102.3,0.8954899907,1.0894,0.925,0.8471,6.2378997803,59.15
2014-05-30,1.3604515791,1.6764,101.77,0.8978999853,1.0867,0.9298,0.8485,6.228000164,59.16
2014-05-29,1.3593420982,1.6719,101.58,0.8981400132,1.0837,0.9289,0.8464,6.243999958,58.9
2014-05-28,1.3636983633,1.6709,101.78,0.8963999748,1.0867,0.9227,0.8492,6.2390999794,58.94
2014-05-27,1.365131855,1.68,102.14,0.894659996,1.0869,0.924,0.8536,6.2294998169,58.9
2014-05-26,1.3628805876,,,0.8955799937,,,,6.2266001701,
2014-05-23,1.3654487133,1.6822,101.88,0.8944200277,1.087,0.9235,0.8548,6.2251000404,58.36
2014-05-22,1.3681762218,1.6859,101.76,0.8932999969,1.0897,0.9222,0.8562,6.2238001823,58.3
2014-05-21,1.3704074621,1.6869,101.44,0.8916299939,1.0935,0.9215,0.8545,6.228099823,58.66
2014-05-20,1.3713847399,1.6847,101.26,0.8920300007,1.09,0.9259,0.8574,6.2274999619,58.58
2014-05-19,1.3703323603,1.6822,101.26,0.8919600248,1.0861,0.9343,0.8636,6.2234997749,58.38
2014-05-16,1.3716480732,1.6827,101.5,0.8905000091,1.0883,0.9367,0.8635,6.2206997871,58.62
2014-05-15,1.3720055819,1.6791,101.44,0.8893799782,1.0887,0.9346,0.8637,6.2189998627,59.38
2014-05-14,1.3709522486,1.6784,101.75,0.8895999789,1.0887,0.9379,0.867,6.2190999985,59.49
2014-05-13,1.3756672144,1.6838,102.2,0.887650013,1.0892,0.9369,0.865,6.2276000977,59.44
2014-05-12,1.3760646582,1.6871,102.1,0.8866000175,1.0886,0.9364,0.862,6.2177000046,59.48
2014-05-09,1.3844279051,1.6849,101.74,0.8798000216,1.0899,0.9358,0.8611,6.218100071,60
2014-05-08,1.391168952,1.6944,101.66,0.8761299849,1.0856,0.9382,0.8657,6.2244000435,60.06
2014-05-07,1.3930680752,1.6964,101.72,0.8741000295,1.0895,0.9336,0.8672,6.2157998085,60.01
2014-05-06,1.3875976801,1.6976,101.57,0.8776999712,1.089,0.936,0.8766,6.2355999947,59.97
2014-05-05,1.3872704506,1.687,102.06,0.8776000142,1.0955,0.9276,0.8682,6.2494001389,60.21
2014-05-02,1.3870972395,1.6865,102.34,0.8791199923,1.0973,0.9257,0.8645,6.2494001389,60.02
2014-05-01,1.3869241476,1.69,102.3,0.8799999952,1.0965,0.9275,0.8628,6.2494001389,60.11
2014-04-30,1.3813681602,1.6883,102.14,0.8831999898,1.0956,0.9282,0.8605,6.2480998039,60.21
2014-04-29,1.3852909803,1.6829,102.57,0.8802000284,1.0963,0.9266,0.8544,6.2430000305,60.23
2014-04-28,1.3840639591,1.6812,102.46,0.8806999922,1.1032,0.9254,0.8531,6.2437000275,60.69
2014-04-25,1.3832024336,1.681,102.12,0.8816099763,1.1041,0.9272,0.8582,6.2389001846,60.64
2014-04-24,1.381921649,1.6797,102.34,0.8834599853,1.1026,0.9257,0.856,6.2277002335,61.11
2014-04-23,1.3810056448,1.6768,102.26,0.8847699761,1.1034,0.9283,0.8581,6.2276000977,61.17
2014-04-22,1.3795006275,1.6833,102.6,0.8852099776,1.1025,0.9365,0.8608,6.2090997696,60.8
2014-04-21,1.3815207481,1.6792,102.56,0.8830999732,1.102,0.9337,0.8562,6.2090997696,60.59
2014-04-18,1.3812155724,1.6792,102.43,0.8828700185,1.1024,0.933,0.8593,6.2090997696,60.29
2014-04-17,1.3827050924,1.6809,102.22,0.8813800216,1.0997,0.9339,0.8583,6.211400032,60.29
2014-04-16,1.3811963797,1.6794,102.3,0.8803499937,1.1027,0.938,0.8609,6.2119998932,60.22
2014-04-15,1.3817117214,1.6725,101.6,0.8802000284,1.098,0.9342,0.863,6.2090997696,60.34
2014-04-14,1.3846195936,1.6741,101.81,0.8769000173,1.0968,0.9409,0.8668,6.2013998032,60.32
2014-04-11,1.3886381388,1.6736,101.56,0.8759999871,1.096,0.9401,0.8686,6.2026000023,60.18
2014-04-10,1.3855021,1.6781,101.43,0.8798900247,1.0912,0.9424,0.8708,6.1905999184,60.07
2014-04-09,1.3793293238,1.6751,101.85,0.8837500215,1.0902,0.9368,0.8661,6.1869001389,60.09
2014-04-08,1.3743060827,1.6743,102.12,0.8876399994,1.0919,0.9356,0.8672,6.2023000717,60.08
2014-04-07,1.3704074621,1.6616,103.04,0.8916000128,1.0971,0.9265,0.8599,6.2023000717,60.11
2014-04-04,1.372382164,1.6594,103.39,0.8906999826,1.0978,0.9292,0.8585,6.2006998062,60.08
2014-04-03,1.3768225908,1.6583,103.94,0.8865100145,1.1035,0.9219,0.8537,6.1957001686,60.35
2014-04-02,1.379481554,1.6634,103.82,0.8832499981,1.103,0.9236,0.8557,6.1968998909,59.9
2014-04-01,1.3775053024,1.6639,103.52,0.8841999769,1.1026,0.9252,0.867,6.2072000504,59.86
2014-03-31,1.3752131462,1.6675,102.98,0.8867999911,1.1053,0.9275,0.8684,6.2021999359,60
2014-03-28,1.3741360903,1.6637,102.92,0.8865500093,1.1066,0.9239,0.8655,6.2028999329,59.89
2014-03-27,1.3782078028,1.6627,102.1,0.8851600289,1.1056,0.9262,0.8679,6.1993999481,60.26
2014-03-26,1.3819025755,1.6566,102.3,0.8831099868,1.1143,0.9225,0.8606,6.1916999817,60.13
2014-03-25,1.3838915825,1.6507,102.32,0.880580008,1.1176,0.9147,0.8557,6.1859002113,60.27
2014-03-24,1.3795576096,1.6491,102.21,0.8821499944,1.1218,0.9126,0.8546,6.2150998116,60.78
2014-03-21,1.3782078028,1.6498,102.38,0.8831999898,1.1191,0.909,0.8548,6.2175998688,60.9
2014-03-20,1.381921649,1.6511,102.39,0.8816999793,1.1251,0.9042,0.8538,6.1939997673,61.33
2014-03-19,1.3930875063,1.6629,101.54,0.8731799722,1.1177,0.9103,0.8621,6.1820998192,60.95
2014-03-18,1.3926606178,1.6574,101.37,0.8733000159,1.1089,0.9134,0.8631,6.168200016,61.1
2014-03-17,1.3913043737,1.6645,101.62,0.8722500205,1.1052,0.9092,0.8575,6.1402997971,61.08
2014-03-14,1.3865394592,1.663,101.46,0.8748300076,1.1087,0.904,0.8551,6.1262001991,61.19
2014-03-13,1.3904531002,1.6677,102.12,0.8741099834,1.1059,0.9058,0.8568,6.1350998878,61.2
2014-03-12,1.3858093023,1.6605,102.74,0.877399981,1.113,0.8972,0.8488,6.1301999092,61.01
2014-03-11,1.3878865242,1.6628,103.18,0.8775600195,1.1085,0.902,0.8488,6.1286001205,61.01
2014-03-10,1.3878673315,1.6633,103.23,0.8776000142,1.1104,0.9021,0.8465,6.1160998344,60.84
2014-03-07,1.3863087893,1.6725,103.38,0.8802000284,1.1088,0.9071,0.8455,6.1086001396,61.24
2014-03-06,1.373418808,1.6743,103.03,0.8873199821,1.0965,0.91,0.849,6.1279997826,60.89
2014-03-05,1.374117136,1.6729,102.32,0.8873000145,1.105,0.8984,0.8422,6.133600235,61.75
2014-03-04,1.3737018108,1.6665,102.18,0.882790029,1.1113,0.894,0.8379,6.136300087,61.91
2014-03-03,1.3776950836,1.6712,101.36,0.8795999885,1.109,0.8929,0.8371,6.1350998878,62.17
2014-02-28,1.3707455397,1.675,102.08,0.8883000016,1.1075,0.8933,0.839,6.1184000969,61.78
2014-02-27,1.3681949377,1.6693,102.12,0.8906000257,1.1137,0.896,0.8383,6.1147999763,62.11
2014-02-26,1.3746082783,1.6648,102.36,0.8870000243,1.1117,0.8962,0.8294,6.1146001816,62.11
2014-02-25,1.3736075163,1.6696,102.2,0.8887299895,1.1085,0.9025,0.8336,6.0885000229,61.96
2014-02-24,1.3737962246,1.6641,102.44,0.8873000145,1.1058,0.9042,0.8337,6.0815000534,62.07
2014-02-21,1.3721185923,1.663,102.71,0.8893100023,1.1128,0.8961,0.8283,6.0735001564,62.13
2014-02-20,1.373041749,1.664,102.32,0.8888199925,1.1104,0.8981,0.8283,6.0665001869,62.21
2014-02-19,1.3761973381,1.6718,102.3,0.8878499866,1.1045,0.9027,0.8308,6.0574002266,62.32
2014-02-18,1.370445013,1.6696,102.31,0.8917000294,1.0952,0.9039,0.8312,6.0541000366,62.2
2014-02-17,1.3699944019,,,0.8917000294,,,,6.0569000244,
2014-02-14,1.3678767681,1.6736,101.82,0.8934000134,1.0981,0.9023,0.8367,6.0535998344,61.87
2014-02-13,1.3590095043,1.6643,102.2,0.900669992,1.0979,0.8979,0.8339,6.0524001122,62.23
2014-02-12,1.3639029264,1.6578,102.48,0.8981999755,1.0992,0.9028,0.832,6.0506000519,61.84
2014-02-11,1.3646101952,1.6468,102.63,0.896600008,1.1024,0.9045,0.834,6.0493998528,62.15
2014-02-10,1.3619339466,1.6419,102.14,0.8988000154,1.1048,0.8944,0.8274,6.0534000397,62.44
2014-02-07,1.3592127562,1.6395,102.32,0.9006800056,1.1014,0.8959,0.8283,6.0510001183,62.09
2014-02-06,1.3535096645,1.6345,101.84,0.9039000273,1.1065,0.8967,0.8272,6.0510001183,62.14
2014-02-05,1.351588726,1.6308,101.38,0.9039000273,1.11,0.8911,0.8205,6.0510001183,62.57
2014-02-04,1.3525028229,1.63,101.62,0.9013500214,1.1056,0.8935,0.8201,6.0510001183,62.27
2014-02-03,1.3488178253,1.6307,101.11,0.9064900279,1.1074,0.8777,0.8107,6.0510001183,62.63
2014-01-31,1.3558770418,1.645,102.28,0.9024699926,1.1116,0.8743,0.809,6.0510001183,62.63
2014-01-30,1.3658590317,1.6487,102.83,0.8949999809,1.1171,0.8771,0.8136,6.0455999374,62.56
2014-01-29,1.3655046225,1.6561,102.2,0.8995900154,1.1147,0.8763,0.8279,6.0409002304,62.46
2014-01-28,1.3674652576,1.6581,102.8,0.8963900208,1.1148,0.877,0.8257,6.0380997658,62.56
2014-01-27,1.3687942028,1.6588,102.26,0.8938000202,1.1097,0.8735,0.8229,6.0388998985,63.09
2014-01-24,1.3689066172,1.6491,102.41,0.8980200291,1.1063,0.8715,0.8253,6.0418000221,62.68
2014-01-23,1.3542244434,1.6612,103.65,0.9122200012,1.1128,0.8774,0.8322,6.0412998199,62.11
2014-01-22,1.3559137583,1.6571,104.36,0.9103000164,1.1069,0.8839,0.8306,6.040599823,61.86
2014-01-21,1.3549033403,1.6469,104.14,0.910860002,1.0971,0.8801,0.8315,6.0427999496,61.94
2014-01-20,1.3527590036,,,0.9114000201,,,,6.0402998924,
2014-01-17,1.3618041277,1.6429,104.32,0.9047799706,1.0959,0.8778,0.8259,6.045800209,61.54
2014-01-16,1.3599336147,1.6335,104.32,0.9092000127,1.0926,0.8802,0.8322,6.0359997749,61.54
2014-01-15,1.3668484688,1.6375,104.42,0.9029999971,1.0932,0.8925,0.8348,6.0311999321,61.54
2014-01-14,1.3669979572,1.645,103.8,0.8992000222,1.0934,0.898,0.8399,6.0332999229,61.51
2014-01-13,1.3671848774,1.6379,103.31,0.90200001,1.0868,0.9053,0.8363,6.0422000885,61.52
2014-01-10,1.3607108593,1.647,104.06,0.9068300128,1.0915,0.8985,0.8294,6.0450000763,61.45
2014-01-09,1.3572019339,1.6459,104.74,0.9114999771,1.085,0.8886,0.8248,6.0412998199,62.07
2014-01-08,1.3616372347,1.6461,104.87,0.9093199968,1.0802,0.8909,0.8279,6.041200161,62.07
2014-01-07,1.3631964922,1.6421,104.54,0.903760016,1.0742,0.8923,0.829,6.0426998138,62.3
2014-01-06,1.3596007824,1.6412,104.38,0.9050300121,1.0658,0.8961,0.8292,6.0415000916,62.31
2014-01-03,1.3666616678,1.6424,104.46,0.8991400003,1.0612,0.8976,0.8296,6.0406999588,62.17
2014-01-02,1.3766709566,1.6441,104.84,0.8914999962,1.0634,0.8924,0.8204,6.0440001488,62.31
2014-01-01,1.374494791,,,0.8926900029,,,,6.0440001488,
2013-12-31,1.3810056448,1.6574,105.25,0.8871999979,1.0637,0.8929,0.8229,6.0517997742,61.92
2013-12-30,1.3750240803,1.6522,105,0.8913999796,1.064,0.8922,0.8219,6.0587000847,61.77
2013-12-27,1.3696191311,1.6491,105.05,0.8961499929,1.0697,0.8886,0.818,6.0615000725,61.92
2013-12-26,1.3668484688,1.6425,104.72,0.8963000178,1.0648,0.8885,0.8158,6.0615000725,62.15
2013-12-25,1.3681949377,,,0.8955100179,,,,6.0615000725,
2013-12-24,1.3699944019,1.6371,104.26,0.8935300112,1.0618,0.892,0.8186,6.0602002144,61.75
2013-12-23,1.3678393364,1.6356,104.06,0.8953499794,1.0602,0.894,0.8212,6.0613999367,61.83
2013-12-20,1.3655791283,1.6355,104.07,0.8982999921,1.0679,0.8918,0.8214,6.0612998009,61.98
2013-12-19,1.3684945107,1.6382,104.16,0.8943099976,1.0677,0.8858,0.8171,6.0618000031,62.14
2013-12-18,1.3771259785,1.6388,103.18,0.8847600222,1.0645,0.8884,0.8226,6.0611000061,62.06
2013-12-17,1.3762919903,1.6254,102.63,0.8870999813,1.0611,0.8903,0.8246,6.0615000725,61.92
2013-12-16,1.3739283085,1.6311,102.91,0.8895999789,1.0577,0.8969,0.8267,6.0612998009,61.68
2013-12-13,1.3750807047,1.6294,103.28,0.8893399835,1.0594,0.8961,0.8265,6.0615000725,62.16
2013-12-12,1.3786067963,1.6326,103.11,0.8866999745,1.0641,0.8925,0.8238,6.0616998672,61.85
2013-12-11,1.3764436245,1.6389,102.38,0.8870000243,1.0605,0.9066,0.8226,6.0609998703,61.38
2013-12-10,1.3740227222,1.6424,102.8,0.890049994,1.0622,0.915,0.8317,6.0623002052,61.04
2013-12-09,1.3706516027,1.6403,103.22,0.8922100067,1.0641,0.9084,0.827,6.0718002319,60.87
2013-12-06,1.3669979572,1.6327,102.88,0.896600008,1.0663,0.9091,0.8271,6.0812997818,61.43
2013-12-05,1.3586403131,1.6328,101.82,0.9024199843,1.0638,0.9069,0.8211,6.0816001892,61.6
2013-12-04,1.3590649366,1.6352,102.48,0.9042000175,1.0696,0.9009,0.8173,6.0823998451,61.9
2013-12-03,1.3542062044,1.6416,102.36,0.9086700082,1.066,0.9123,0.8245,6.0830001831,62.38
2013-12-02,1.3585110903,1.6365,103.04,0.9063799977,1.0632,0.9098,0.8178,6.0831999779,62.3
2013-11-29,1.3603961468,1.6373,102.45,0.9058899879,1.0597,0.9125,0.8157,6.0823998451,62.39
2013-11-28,1.357367754,,,0.9082599878,,,,6.0823998451,
2013-11-27,1.3567785025,1.6267,102.18,0.9068499804,1.0595,0.9072,0.8126,6.0826997757,62.47
2013-11-26,1.3527590036,1.6187,101.38,0.9107599854,1.0547,0.912,0.8193,6.0826001167,62.47
2013-11-25,1.3552339077,1.6146,101.7,0.9069499969,1.0554,0.9148,0.8188,6.0837001801,62.37
2013-11-22,1.3471822739,1.6211,101.29,0.9139999747,1.0534,0.9163,0.8169,6.0829000473,62.72
2013-11-21,1.3433817625,1.6155,100.95,0.916869998,1.0506,0.9249,0.8209,6.0827999115,62.94
2013-11-20,1.3567416668,1.615,100.02,0.9086800218,1.0446,0.9369,0.8291,6.0830001831,62.34
2013-11-19,1.3504389524,1.611,100.14,0.912800014,1.0467,0.9412,0.8341,6.0820999146,62.26
2013-11-18,1.3483994007,1.611,100.04,0.9154199958,1.0426,0.94,0.837,6.0822000504,62.07
2013-11-15,1.344899416,1.6107,100.17,0.917840004,1.0457,0.9365,0.8331,6.0822000504,62.97
2013-11-14,1.3489633799,1.6077,99.93,0.913500011,1.0497,0.9321,0.8281,6.0829000473,63.12
2013-11-13,1.3439956903,1.6033,99.31,0.91723001,1.0468,0.9324,0.8261,6.0819997787,63.28
2013-11-12,1.3409318924,1.5916,99.65,0.9193999767,1.05,0.929,0.8214,6.0813999176,63.73
2013-11-11,1.334792614,,,0.9228699803,,,,6.0805997849,
2013-11-08,1.3409138918,1.5995,99.03,0.9166300297,1.0486,0.9381,0.8254,6.0809001923,62.48
2013-11-07,1.3518079519,1.6069,98.56,0.9118499756,1.0441,0.9469,0.8345,6.0826997757,62.41
2013-11-06,1.3473094702,1.608,98.6,0.913500011,1.0418,0.9518,0.8383,6.0868000984,62.48
2013-11-05,1.3516983986,1.6044,98.6,0.9096999764,1.0447,0.9487,0.8297,6.0890002251,61.76
2013-11-04,1.3494002819,1.595,98.62,0.9124000072,1.0414,0.951,0.8286,6.0894999504,61.74
2013-11-01,1.357976079,1.5922,98.78,0.9074599743,1.0442,0.9438,0.8231,6.084499836,61.84
2013-10-31,1.3724011183,1.6068,98.1,0.9002500176,1.0429,0.9471,0.8277,6.083799839,61.61
2013-10-30,1.3743060827,1.6078,98.14,0.8994699717,1.0454,0.9491,0.8247,6.0802001953,61.09
2013-10-29,1.3789299726,1.6059,98.09,0.8956199884,1.0445,0.9498,0.8265,6.0755000114,61.34
2013-10-28,1.3805290461,1.6131,97.7,0.8924999833,1.0443,0.9569,0.8284,6.0739998817,61.54
2013-10-25,1.3803955317,1.6158,97.46,0.8921999931,1.0449,0.9578,0.8282,6.0720000267,61.4
2013-10-24,1.3780938387,1.6186,97.36,0.8923400044,1.0421,0.9601,0.8346,6.0735001564,61.48
2013-10-23,1.3778469563,1.6171,97.28,0.8949999809,1.0384,0.9632,0.8393,6.0826997757,61.54
2013-10-22,1.3675961494,1.6221,98.18,0.9023000002,1.0282,0.9705,0.8517,6.0826001167,61.64
2013-10-21,1.3681949377,1.6149,98.14,0.9021499753,1.0296,0.9662,0.8467,6.0868000984,61.56
2013-10-18,1.3666989803,1.6184,97.77,0.9031000137,1.0287,0.9671,0.8497,6.0882000923,61.26
2013-10-17,1.3522467613,1.6166,97.85,0.9142000079,1.0285,0.9642,0.8512,6.089799881,61.13
2013-10-16,1.352173686,1.5904,98.9,0.9133399725,1.0345,0.9529,0.8406,6.0927000046,61.72
2013-10-15,1.3558586836,1.5974,98.58,0.9111700058,1.0372,0.9523,0.8369,6.0978999138,61.84
2013-10-14,1.3556748629,,,0.9098600149,,,,6.1105999947,
2013-10-11,1.3526674509,1.5945,98.42,0.9108099937,1.0383,0.9473,0.8334,6.1058001518,61.07
2013-10-10,1.3520274162,1.5975,98.09,0.9105499983,1.0382,0.9466,0.83,6.1111001968,61.3
2013-10-09,1.3598041534,1.5943,97.23,0.9019600153,1.0396,0.9434,0.8295,6.1111001968,61.92
2013-10-08,,1.6089,96.94,,1.033,0.9449,0.8304,,61.79
2013-10-07,1.3569993973,1.6082,97.02,0.9053000212,1.0306,0.9436,0.833,6.1114997864,61.79
2013-10-04,1.3624163866,1.6069,97.2,0.8988000154,1.0306,0.9443,0.8327,6.1114997864,61.42
2013-10-03,1.3591018915,1.6169,97.08,0.902090013,1.0324,0.9382,0.8291,6.1114997864,61.97
2013-10-02,1.3523381948,1.6224,97.36,0.9064599872,1.033,0.9366,0.827,6.1114997864,62.46
2013-10-01,1.3525211811,1.6208,98.05,0.9053000212,1.0333,0.9387,0.8272,6.1114997864,62.46
2013-09-30,1.3495459557,1.6179,98.29,0.9052000046,1.0284,0.9342,0.8323,6.1098999977,62.58
2013-09-27,1.3486176729,1.6135,98.3,0.9100999832,1.03,0.9324,0.8273,6.1114001274,62.48
2013-09-26,1.3516983986,1.6012,98.95,0.9099000096,1.0321,0.9354,0.8276,6.1100001335,61.68
2013-09-25,1.3471822739,1.608,98.62,0.9133999944,1.0294,0.9386,0.827,6.1108999252,62.2
2013-09-24,1.3498920202,1.6006,98.76,0.9103699923,1.0294,0.9404,0.8293,6.111000061,62.72
2013-09-23,1.3534547091,1.6066,98.76,0.9105200171,1.029,0.9444,0.8386,6.1111998558,62.57
2013-09-20,1.3534179926,1.6021,99.38,0.9103599787,1.0287,0.9397,0.8372,6.1111998558,62.27
2013-09-19,1.3523015976,1.6043,99.33,0.9124000072,1.0237,0.9444,0.836,6.1111998558,61.76
2013-09-18,1.3357912302,1.5965,99.04,0.925999999,1.0312,0.9344,0.8218,6.1114997864,63.37
2013-09-17,1.3337956667,1.5901,99.16,0.9268100262,1.029,0.9364,0.8248,6.1103000641,63.36
2013-09-16,1.3359339237,1.5927,98.98,0.9251000285,1.0316,0.9331,0.8185,6.1087999344,62.83
2013-09-13,1.3298933506,1.5861,99.38,0.9307900071,1.0341,0.9243,0.8144,6.1079998016,63.36
2013-09-12,1.3315579891,1.5819,99.24,0.9299899936,1.0319,0.9271,0.815,6.1085000038,63.42
2013-09-11,1.3266294003,1.5807,100.08,0.9348999858,1.0336,0.9312,0.8064,6.1100001335,63.26
2013-09-10,1.325802803,1.5731,100.22,0.9325600266,1.0357,0.9289,0.8052,6.111000061,63.83
2013-09-09,1.3174188137,1.5724,99.55,0.9387099743,1.0366,0.9233,0.802,6.1104998589,65.24
2013-09-06,1.3118367195,1.5633,99.04,0.9449599981,1.039,0.9205,0.8007,6.1098999977,65.23
2013-09-05,1.3200622797,1.5593,100.08,0.9356999993,1.0499,0.9132,0.79,6.1100997925,66.01
2013-09-04,1.3174016476,1.5643,99.61,0.9362000227,1.0482,0.9187,0.7925,6.1105999947,67.08
2013-09-03,1.3190002441,1.5544,99.43,0.9347000122,1.0532,0.9055,0.7786,6.1096000671,67.71
2013-09-02,1.3208295107,,,0.9322000146,,,,6.1094999313,
2013-08-30,1.3236267567,1.5468,98.22,0.9312999845,1.0554,0.8901,0.7729,6.1104998589,65.71
2013-08-29,1.3334933519,1.5488,98.46,0.9226099849,1.0526,0.8924,0.7761,6.1104001999,66.55
2013-08-28,1.3392080069,1.552,97.65,0.9171000123,1.0491,0.8949,0.7802,6.111700058,68.8
2013-08-27,1.3379179239,1.5528,97.3,0.9218999743,1.0504,0.8964,0.7795,6.1111998558,66.24
2013-08-26,1.3386522532,1.5568,98.64,0.9210100174,1.0513,0.9039,0.7855,6.111000061,64.26
2013-08-23,1.335505724,1.5578,98.57,0.9235900044,1.0512,0.9038,0.7818,6.1111001968,63.22
2013-08-22,1.3342940807,1.558,98.53,0.9233000278,1.0511,0.9026,0.7836,6.1133999825,64.55
2013-08-21,1.3421016932,1.5678,97.66,0.9168400168,1.0442,0.9013,0.7879,6.1146001816,64.11
2013-08-20,1.3333866596,1.5678,97.12,0.9241999984,1.0374,0.9094,0.7988,6.1128997803,63.21
2013-08-19,1.332906723,1.5665,97.94,0.9271000028,1.0334,0.9132,0.8085,6.1050000191,63.13
2013-08-16,1.3353987932,1.5621,97.6,0.9253200293,1.0344,0.9193,0.8118,6.1024999619,61.65
2013-08-15,1.3264182806,1.5573,97.81,0.9338300228,1.0339,0.9105,0.8046,6.1096000671,61.41
2013-08-14,1.3265590668,1.5531,98.15,0.9326400161,1.0319,0.914,0.8033,6.1118001938,61.27
2013-08-13,1.3292922974,1.5451,98.06,0.9263700247,1.0345,0.9093,0.7944,6.1122999191,61.33
2013-08-12,1.3339380026,1.5475,96.44,0.9219999909,1.0297,0.9177,0.8036,6.1118998528,61.15
2013-08-09,1.3380074501,1.5507,96.24,0.9200199842,1.0302,0.9187,0.8038,6.1114001274,60.34
2013-08-08,1.3340982199,1.5555,96.03,0.9214000106,1.0347,0.9111,0.8036,6.1092000008,60.72
2013-08-07,1.3308136463,1.5514,96.72,0.9250000119,1.0415,0.9014,0.7977,6.111700058,61.2
2013-08-06,1.3257501125,1.5367,97.85,0.927489996,1.0378,0.8972,0.7887,6.1146998405,60.78
2013-08-05,1.3278977871,1.5347,98.54,0.9291999936,1.0394,0.8914,0.7799,6.1195001602,60.88
2013-08-02,1.32119596,1.5277,99.04,0.9364299774,1.0379,0.8901,0.7823,6.1205000877,60.88
2013-08-01,1.3301409483,1.5145,99.3,0.925999999,1.0338,0.8919,0.7868,6.1188998222,60.45
2013-07-31,1.3264886141,1.5177,98.35,0.9296200275,1.0287,0.8957,0.7951,6.12169981,60.77
2013-07-30,1.3263654709,1.5244,98.02,0.9308900237,1.0292,0.906,0.7975,6.1224999428,60.8
2013-07-29,1.3287447691,1.5355,97.8,0.9280200005,1.0259,0.921,0.8025,6.12169981,59.33
2013-07-26,1.3274219036,1.5368,98.24,0.9298599958,1.0292,0.9242,0.8072,6.1247000694,59.08
2013-07-25,1.3190872669,1.5333,99.56,0.9380099773,1.0283,0.9192,0.8055,6.1259999275,59.01
2013-07-24,1.3223315477,1.5367,100.21,0.9348000288,1.0298,0.9186,0.7944,6.1273999214,59.14
2013-07-23,1.319034934,1.5354,99.76,0.9359599948,1.0305,0.9259,0.7969,6.1308999062,59.64
2013-07-22,1.3159972429,1.5366,99.6,0.9394000173,1.0336,0.9252,0.7964,6.1279001236,59.71
2013-07-19,1.3110626936,1.526,100.3,0.9443600178,1.0362,0.92,0.7946,6.1312999725,59.37
2013-07-18,1.3116990328,1.5193,100.6,0.9413999915,1.0395,0.9152,0.7884,6.1252999306,59.59
2013-07-17,1.3151146173,1.5184,99.7,0.9401999712,1.0423,0.9209,0.7894,6.125,59.34
2013-07-16,1.3058750629,1.5122,99.37,0.948300004,1.0388,0.9226,0.7879,6.127600193,59.29
2013-07-15,1.3059945107,1.5088,100.04,0.9466000199,1.0412,0.9086,0.7804,6.1275000572,59.89
2013-07-12,1.3097747564,1.5108,99.39,0.9473000169,1.0393,0.9049,0.7781,6.1251997948,59.88
2013-07-11,1.3187741041,1.5127,98.8,0.9422900081,1.0389,0.9149,0.7802,6.1241002083,59.82
2013-07-10,1.2781839371,1.4935,100.1,0.9730600119,1.051,0.9145,0.7794,6.1195001602,59.88
2013-07-09,1.2871006727,1.4837,101.08,0.9637200236,1.053,0.9161,0.7857,6.1237998009,60.09
2013-07-08,1.2829065323,1.4932,101.07,0.9653000236,1.0578,0.9114,0.7803,6.1226000786,60.75
2013-07-05,1.2907721996,1.491,100.94,0.9564999938,1.0566,0.907,0.7711,6.1157999039,60.23
2013-07-04,1.3010838032,,,0.9466000199,,,,6.1208000183,
2013-07-03,1.2978922129,1.5264,99.82,0.950600028,1.0521,0.9087,0.7779,6.123000145,60.21
2013-07-02,1.3067624569,1.5171,100.43,0.9449700117,1.0529,0.9158,0.776,6.1227002144,59.54
2013-07-01,1.301405549,1.5247,99.62,0.9451000094,1.0499,0.9247,0.783,6.127600193,59.38
2013-06-28,1.3035939932,1.521,99.21,0.9448900223,1.0513,0.9165,0.7755,6.2297749519,59.52
2013-06-27,1.301337719,1.5235,98.4,0.9421499968,1.0479,0.9282,0.7785,6.2013020515,60.19
2013-06-26,1.3079760075,1.5332,97.43,0.9386000037,1.0468,0.9291,0.7812,6.1353001595,60.7
2013-06-25,1.3132321835,1.5418,97.87,0.9324499965,1.0512,0.9248,0.773,6.1350998878,59.66
2013-06-24,1.3105300665,1.5404,97.7,0.9363999963,1.0532,0.9236,0.7729,6.1234002113,59.8
2013-06-21,1.3235566616,1.5373,97.48,0.9261000156,1.0467,0.9191,0.7713,6.1181998253,59.43
2013-06-20,1.3291862011,1.5469,98.18,0.9286900163,1.0383,0.9188,0.7727,6.1168999672,59.57
2013-06-19,1.3389928341,1.5657,95.22,0.9203000069,1.0187,0.9536,0.8042,6.1185002327,58.7
2013-06-18,1.3363088369,1.5625,95.2,0.9222999811,1.0209,0.9493,0.8001,6.1149997711,58.79
2013-06-17,1.3348639011,1.5709,94.87,0.9217000008,1.0175,0.9541,0.7995,6.1208000183,57.97
2013-06-14,1.3367911577,1.5686,94.34,0.922360003,1.0175,0.9587,0.8065,6.1244001389,57.56
2013-06-13,1.333955884,1.5698,94.29,0.920599997,1.017,0.9601,0.803,6.1234998703,58.07
2013-06-12,1.3224014044,1.5697,95.36,0.924300015,1.0202,0.9513,0.7976,6.1262001991,57.82
2013-06-11,1.3224014044,1.5587,96.82,0.9337000251,1.0191,0.9421,0.7869,6.1262001991,58.34
2013-06-10,1.3224014044,1.5556,98.88,0.9371100068,1.0185,0.9469,0.7911,6.1262001991,58.13
2013-06-07,1.3245558739,1.5558,97.2,0.9294800162,1.0208,0.9494,0.7883,6.1262001991,56.57
2013-06-06,1.3093289137,1.5601,97.76,0.9417999983,1.024,0.9592,0.8012,6.1178002357,56.92
2013-06-05,1.3073433638,1.5392,99.16,0.948300004,1.0346,0.9533,0.7945,6.1187000275,56.84
2013-06-04,1.3072919846,1.5304,100.15,0.9474999905,1.0348,0.964,0.7992,6.12169981,56.43
2013-06-03,1.2996464968,1.5349,99.18,0.9570000172,1.029,0.977,0.8099,6.1248002052,56.66
2013-05-31,1.3043931723,1.5185,100.83,0.953700006,1.0337,0.9608,0.7973,6.1209001541,56.5
2013-05-30,1.2947833538,1.5207,101.06,0.9611999989,1.0309,0.9662,0.8076,6.1167001724,56.5
2013-05-29,1.2846370935,1.5121,100.91,0.9768999815,1.0369,0.9632,0.8131,6.1114997864,56.28
2013-05-28,1.2933933735,1.5061,102.07,0.9628000259,1.0371,0.9642,0.8094,6.1111998558,56.07
2013-05-27,1.2937781811,,,0.9615700245,,,,6.1216001511,
2013-05-24,1.29250741,1.5126,100.98,0.9700000286,1.0322,0.9675,0.8098,6.1240000725,55.78
2013-05-23,1.2842081785,1.512,101.66,0.9803000093,1.0315,0.9759,0.8166,6.1210999489,55.7
2013-05-22,1.2919062376,1.5038,103.52,0.9690999985,1.0331,0.9686,0.8084,6.1255998611,55.62
2013-05-21,1.2891082764,1.517,102.36,0.9667000175,1.0277,0.98,0.8161,6.1289000511,55.42
2013-05-20,1.2835652828,1.5223,102.54,0.9703000188,1.0272,0.9788,0.8153,6.1312999725,55.02
2013-05-17,1.2883278131,1.5173,102.98,0.9646000266,1.0268,0.9737,0.8082,6.138999939,55.17
2013-05-16,1.2882447243,1.5302,102.22,0.9653000236,1.0162,0.9846,0.819,6.1359000206,54.68
2013-05-15,1.2937111855,1.5198,102.44,0.9652400017,1.0173,0.9884,0.8224,6.1328001022,54.78
2013-05-14,1.298802495,1.5258,102.18,0.9562000036,1.0149,0.9903,0.8214,6.1366000175,54.5
2013-05-13,1.2965291739,1.5291,101.84,0.9587000012,1.0108,0.9965,0.8245,6.1317000389,54.85
2013-05-10,1.3034410477,1.5334,101.74,0.9493899941,1.0123,0.9987,0.8274,6.130300045,54.94
2013-05-09,1.3161357641,1.5502,99.29,0.9350000024,1.0026,1.0192,0.8446,6.1255002022,54.34
2013-05-08,1.3077024221,1.5563,98.9,0.9408000112,1.0023,1.0183,0.8394,6.1535000801,54.08
2013-05-07,1.3070186377,1.5468,99,0.9384999871,1.0051,1.0162,0.8443,6.1666002274,54.06
2013-05-06,1.312335968,1.5538,99.35,0.9351699948,1.0074,1.0248,0.8509,6.1532001495,54.13
2013-05-03,1.3065063953,1.5563,99.1,0.9347000122,1.0077,1.0313,0.8538,6.1552000046,53.8
2013-05-02,1.3182177544,1.5519,97.96,0.9268000126,1.0083,1.026,0.8497,6.1641001701,53.79
2013-05-01,1.3168290854,1.5578,97.28,0.9293400049,1.0083,1.0285,0.8494,6.1652002335,53.65
2013-04-30,1.3095861673,1.5539,97.52,0.9370999932,1.0072,1.0372,0.858,6.1652002335,53.68
2013-04-29,1.3042571545,1.5497,98.09,0.9420300126,1.0138,1.0348,0.8565,6.1578001976,54.2
2013-04-26,1.3007283211,1.5479,97.84,0.9451299906,1.017,1.0275,0.8509,6.1721000671,54.41
2013-04-25,1.3017443419,1.5434,99.42,0.9474099874,1.0193,1.0308,0.8517,6.1803998947,54.11
2013-04-24,1.299443841,1.5258,99.39,0.9455999732,1.027,1.0256,0.8455,6.1793999672,54.22
2013-04-23,1.3061650991,1.5267,99.43,0.9343600273,1.0259,1.0262,0.8409,6.1842999458,54.39
2013-04-22,1.3055682182,1.5262,99.29,0.933340013,1.0262,1.0255,0.8406,6.1911997795,54.19
2013-04-19,1.3053126335,1.5254,99.28,0.9322999716,1.0264,1.0297,0.8436,6.211400032,53.98
2013-04-18,1.3034920692,1.5282,98.22,0.9325000048,1.0257,1.0301,0.8422,6.1722002029,53.95
2013-04-17,1.3178702593,1.5255,97.74,0.9222000241,1.0263,1.0306,0.8457,6.1820998192,54.16
2013-04-16,1.3054660559,1.5316,97.86,0.9300000072,1.0226,1.0366,0.8488,6.1859998703,54.08
2013-04-15,1.3099292517,1.532,98,0.9283499718,1.0208,1.0393,0.8487,6.1985001564,54.48
2013-04-12,1.3114753962,1.5373,98.98,0.9301000237,1.0134,1.0503,0.8572,6.1947999001,54.62
2013-04-11,1.3055341244,1.5403,99.42,0.9333199859,1.0107,1.0564,0.865,6.1943998337,54.36
2013-04-10,1.3080273867,1.5315,99.61,0.9322999716,1.0148,1.0539,0.8567,6.204100132,54.41
2013-04-09,1.3029316664,1.5317,99.02,0.9343000054,1.0162,1.049,0.8512,6.2024998665,54.47
2013-04-08,1.299207449,1.5257,98.9,0.9338999987,1.0199,1.0389,0.8454,6.1673998833,54.58
2013-04-05,1.2928247452,1.5336,96.86,0.9405500293,1.019,1.0385,0.8421,6.2027997971,54.75
2013-04-04,1.2850167751,1.5198,96.12,0.9448000193,1.0139,1.0397,0.8381,6.2006998062,54.91
2013-04-03,1.2820513248,1.514,92.96,0.9486299753,1.0134,1.0481,0.8442,6.1986999512,54.46
2013-04-02,1.2850167751,1.5113,93.43,0.9463000298,1.0147,1.0457,0.8426,6.1956000328,54.43
2013-04-01,1.2805737257,1.5232,93.3,0.9501199722,1.0166,1.0421,0.8377,6.2161002159,54.28
2013-03-29,1.281591177,1.5193,94.16,0.9492400289,1.0174,1.0409,0.836,6.2126002312,54.52
2013-03-28,1.2777919769,1.5184,94.02,0.9538999796,1.0155,1.0427,0.8382,6.214700222,54.44
2013-03-27,1.2860082388,1.5112,94.38,0.9480999708,1.0169,1.0435,0.8359,6.212100029,54.45
2013-03-26,1.2858428955,1.5156,94.22,0.9483100176,1.0167,1.0484,0.838,6.2102999687,54.42
2013-03-25,1.3024055958,1.5184,94.34,0.9384999871,1.0217,1.0452,0.8347,6.1722002029,54.22
2013-03-22,1.2904890776,1.5239,94.48,0.9462000132,1.0224,1.0447,0.8352,6.2129001617,54.3
2013-03-21,1.2941633463,1.518,95.06,0.9445999861,1.0239,1.0439,0.8328,6.2088999748,54.27
2013-03-20,1.2863887548,1.5133,95.51,0.9476299882,1.0268,1.0389,0.8221,6.2137999535,54.32
2013-03-19,1.2944984436,1.5118,94.85,0.9472000003,1.0272,1.0363,0.8239,6.2143001556,54.4
2013-03-18,1.2892745733,1.5113,94.92,0.9453999996,1.0218,1.0393,0.8245,6.2874999046,54.1
2013-03-15,1.3012362719,1.5124,95.26,0.9469100237,1.0202,1.0398,0.8267,6.2139000893,54.06
2013-03-14,1.2958402634,1.5039,96.16,0.9525799751,1.0263,1.0387,0.8203,6.2132000923,54.22
2013-03-13,1.3029316664,1.4925,96,0.9472000003,1.0272,1.0294,0.8241,6.2140002251,54.3
2013-03-12,1.3032711744,1.4877,95.96,0.9482300282,1.0259,1.0317,0.8256,6.2217001915,54.19
2013-03-11,1.298802495,1.4898,96.12,0.9523000121,1.0268,1.0264,0.8251,6.2723999023,54.38
2013-03-08,1.3111314774,1.4926,96,0.9422000051,1.0273,1.0227,0.8201,6.219399929,54.32
2013-03-07,1.2978584766,1.5032,95,0.9484999776,1.0303,1.0263,0.827,6.2186999321,54.45
2013-03-06,1.3048527241,1.5036,93.64,0.9411900043,1.0314,1.0248,0.8292,6.2221999168,54.83
2013-03-05,1.3036110401,1.5098,93.39,0.9402999878,1.0289,1.0237,0.8296,6.2224998474,54.87
2013-03-04,1.3016934395,1.5084,93.32,0.942019999,1.0298,1.0164,0.8231,6.2203998566,54.92
2013-03-01,1.3059945107,1.5033,93.38,0.9370999932,1.0285,1.021,0.8248,6.2224001884,54.9
2013-02-28,1.315097332,1.5192,92.36,0.9285100102,1.0286,1.0241,0.8286,6.2262001038,54.37
2013-02-27,1.3065917492,1.5134,91.88,0.9315999746,1.0249,1.0202,0.8234,6.2284998894,53.72
2013-02-26,1.3065063953,1.5125,91.38,0.9314100146,1.0279,1.0208,0.8248,6.2329001427,54.14
2013-02-25,1.3195919991,1.5112,93.35,0.9304000139,1.0264,1.0284,0.838,6.2223000526,53.96
2013-02-22,1.3194352388,1.5256,93.35,0.930670023,1.0222,1.0318,0.8382,6.2389998436,54.28
2013-02-21,1.327316165,1.5263,92.96,0.9279000163,1.0184,1.0251,0.835,6.2406997681,54.47
2013-02-20,1.3395847082,1.5301,93.53,0.9219999909,1.0162,1.0286,0.8368,6.2435002327,54.18
2013-02-19,1.334721446,1.5432,93.54,0.9232299924,1.0117,1.035,0.8483,6.2428002357,54.26
2013-02-18,1.334400773,,,0.9230999947,,,,6.2244000435,
2013-02-15,1.3352917433,1.5518,93.64,0.9221299887,1.0069,1.0304,0.8457,6.2326002121,54.28
2013-02-14,1.3444474936,1.5502,93.1,0.9174000025,1.0007,1.0349,0.8472,6.2328000069,53.94
2013-02-13,1.3452069759,1.5544,93.39,0.9165999889,1.002,1.0345,0.8407,6.2325000763,53.79
2013-02-12,1.3403567076,1.5654,93.14,0.9205700159,1.0029,1.0308,0.8421,6.2328000069,53.75
2013-02-11,1.3368269205,1.5668,93.44,0.9172000289,1.0064,1.0286,0.8371,6.2529997826,53.95
2013-02-08,1.3389389515,1.5814,92.72,0.918389976,1.0021,1.0319,0.8353,6.2329998016,53.58
2013-02-07,1.3523930311,1.5712,93.24,0.9099000096,0.9992,1.0285,0.8303,6.2291002274,53.22
2013-02-06,1.3581420183,1.5655,93.56,0.9078199863,0.9959,1.0322,0.8429,6.2277998924,53.07
2013-02-05,1.3511687517,1.5652,93.34,0.9087899923,0.9972,1.0389,0.8443,6.2304000854,52.99
2013-02-04,1.3648709059,1.5737,92.57,0.9082000256,0.9976,1.0422,0.8458,6.2304000854,53.24
2013-02-01,1.36109972,1.5744,92.54,0.9093999863,0.9987,1.0412,0.8464,6.2178001404,53.16
2013-01-31,1.3568336964,1.5856,91.28,0.9110000134,0.9992,1.0433,0.8397,6.2195000648,53.32
2013-01-30,1.3491635323,1.5793,91.05,0.9222000241,1.0033,1.0422,0.831,6.2258000374,53.21
2013-01-29,1.3446282148,1.5751,90.65,0.9261000156,1.0029,1.0466,0.8376,6.2234997749,53.64
2013-01-28,1.3466018438,1.5686,90.73,0.9268699884,1.007,1.0401,0.8306,6.2195000648,53.97
2013-01-25,1.3369340897,1.5799,91.04,0.9294499755,1.0078,1.0421,0.8374,6.2192997932,53.78
2013-01-24,1.3308490515,1.5789,90.04,0.9296000004,1.0024,1.0467,0.839,6.2216000557,53.67
2013-01-23,1.3313983679,1.5848,88.44,0.9292200208,0.9986,1.0555,0.8434,6.2225999832,53.66
2013-01-22,1.3311502934,1.5862,88.62,0.9343299866,0.9934,1.0557,0.8401,6.2206997871,53.72
2013-01-21,1.3320013285,,,0.93404001,,,,6.2053999901,
2013-01-18,1.3372559547,1.5876,89.9,0.9331499934,0.9937,1.0495,0.8351,6.2182998657,53.82
2013-01-17,1.3290803432,1.5991,89.41,0.9308000207,0.9853,1.054,0.841,6.2195000648,54.35
2013-01-16,1.3308490515,1.6009,88.64,0.9316999912,0.985,1.0563,0.8409,6.2133998871,54.66
2013-01-15,1.337792635,1.6089,88.65,0.9222999811,0.9839,1.0559,0.8388,6.2223000526,54.58
2013-01-14,1.3362016678,1.6077,89.34,0.9139000177,0.9841,1.0561,0.8399,6.2161998749,54.5
2013-01-11,1.327316165,1.6128,89.22,0.914049983,0.9842,1.0538,0.8371,6.2245998383,54.81
2013-01-10,1.3054831028,1.6125,88.16,0.9258499742,0.9859,1.0579,0.8426,6.2252001762,54.49
2013-01-09,1.3082326651,1.6024,87.9,0.9237999916,0.9867,1.0518,0.8398,6.2241997719,54.79
2013-01-08,1.3125082254,1.604,87.31,0.9208999872,0.9871,1.0486,0.8346,6.2298002243,55.02
2013-01-07,1.30674541,1.608,87.68,0.9245300293,0.9859,1.0479,0.8351,6.2305002213,55.2
2013-01-04,1.3032711744,1.6036,88.14,0.9279999733,0.9856,1.0454,0.8285,6.2325000763,54.93
2013-01-03,1.3182177544,1.6151,86.92,0.9177799821,0.9853,1.0515,0.8326,6.2332000732,54.46
2013-01-02,1.3197835684,1.6255,87.1,0.9154999852,0.9859,1.0492,0.8332,6.2375998497,54.23
2013-01-01,1.3201320171,,,0.9146000147,,,,6.2305998802,
2012-12-31,1.3227688074,1.6262,86.64,0.9125999808,0.9958,1.0393,0.8267,6.2347998619,54.86
2012-12-28,1.32502985,1.6157,86.12,0.9124000072,0.9951,1.0384,0.8209,6.2397999763,54.77
2012-12-27,1.3225764036,1.6106,86.06,0.9131000042,0.9949,1.036,0.8173,6.2355999947,54.94
2012-12-26,1.3180439472,1.6118,85.62,0.9159600139,0.9945,1.035,0.8159,6.2343001366,54.86
2012-12-25,1.3180439472,,,0.9160000086,,,,6.2358999252,
2012-12-24,1.3182003498,1.6113,84.81,0.9160000086,0.9913,1.037,0.8226,6.2346000671,54.95
2012-12-21,1.3237668276,1.6167,84.1,0.9118999839,0.9941,1.042,0.8245,6.2347002029,55.06
2012-12-20,1.3215277195,1.6268,84.33,0.9135800004,0.9882,1.0478,0.8333,6.233300209,54.92
2012-12-19,1.3231012821,1.6275,84.32,0.912899971,0.9868,1.0497,0.8368,6.2362999916,54.67
2012-12-18,1.3164824247,1.6256,84,0.9177899957,0.9852,1.0527,0.8421,6.241300106,54.91
2012-12-17,1.3165863752,1.6203,83.7,0.9180999994,0.9841,1.0548,0.8444,6.2452001572,54.68
2012-12-14,1.3078734875,1.6139,83.52,0.9236400127,0.986,1.0555,0.8447,6.2466001511,54.49
2012-12-13,1.306677103,1.613,83.54,0.9265999794,0.9845,1.0529,0.844,6.2537999153,54.36
2012-12-12,1.3013207912,1.6132,83.1,0.9314299822,0.9854,1.0539,0.8411,6.2452001572,54.23
2012-12-11,1.2938284874,1.6103,82.42,0.9334999919,0.9867,1.0518,0.8381,6.2197999954,54.31
2012-12-10,1.2906056643,1.6068,82.37,0.9358699918,0.9871,1.0492,0.8343,6.2244000435,54.42
2012-12-07,1.2963443995,1.6031,82.37,0.9326500297,0.989,1.0486,0.8328,6.2284002304,54.35
2012-12-06,1.3070186377,1.6066,82.29,0.9264000058,0.9909,1.0491,0.8325,6.2255997658,54.31
2012-12-05,1.3099292517,1.6102,82.4,0.9264000058,0.9913,1.046,0.8255,6.2255001068,54.46
2012-12-04,,1.6097,81.86,,0.9926,1.0477,0.8243,6.2286000252,54.73
2012-12-03,1.299680233,1.6104,82.24,0.9272000194,0.9929,1.0433,0.8219,6.2266001701,54.66
2012-11-30,1.2973533869,1.6027,82.54,0.9277999997,0.9931,1.0429,0.8201,6.231400013,54.26
2012-11-29,1.2953367233,1.6026,82.06,0.929099977,0.9928,1.0423,0.8216,6.2274999619,54.71
2012-11-28,1.2938284874,1.5997,81.84,0.9306100011,0.9927,1.047,0.8229,6.2224001884,55.7
2012-11-27,1.2987012863,1.6028,82.23,0.9269000292,0.9936,1.0461,0.8211,6.2255997658,55.35
2012-11-26,1.2965964079,1.6014,82.11,0.9283800125,0.9949,1.045,0.822,6.2312998772,55.63
2012-11-23,1.287514925,1.6032,82.34,0.9352999926,0.9927,1.0451,0.824,6.2375001907,55.44
2012-11-22,1.2865046263,,,0.9362999797,,,,6.231400013,
2012-11-21,1.2814434767,1.5936,82.36,0.9401000142,0.998,1.0344,0.8117,6.2328000069,55.14
2012-11-20,1.2769435644,1.5927,81.72,0.9426500201,0.9969,1.0383,0.8154,6.2389998436,55.1
2012-11-19,1.2759497166,1.5908,81.18,0.9444000125,0.9963,1.0406,0.8182,6.2399001122,55.05
2012-11-16,1.2784454823,1.5866,81.28,0.9421799779,1.0029,1.0318,0.8092,6.2362999916,55.16
2012-11-15,1.2732366323,1.5865,81.16,0.9455000162,1.0024,1.0315,0.8095,6.2305002213,54.65
2012-11-14,1.2709709406,1.5849,80.2,0.9470000267,1.0017,1.0397,0.8117,6.234000206,54.87
2012-11-13,1.2709709406,1.5885,79.42,0.948300004,1.0015,1.0434,0.8196,6.2192001343,54.82
2012-11-12,1.2723940611,,,0.9477000237,,,,6.244699955,
2012-11-09,1.2745348215,1.5912,79.46,0.9461200237,1.0007,1.0395,0.8148,6.2677998543,54.61
2012-11-08,1.2759984732,1.5979,79.74,0.9455000162,0.9985,1.0429,0.8174,6.2438001633,54.3
2012-11-07,1.2808033228,1.5975,79.85,0.9430999756,0.9971,1.0408,0.8255,6.2456002235,54.37
2012-11-06,1.2802459002,1.5985,80.28,0.9430000186,0.9936,1.0438,0.8277,6.2407999039,54.42
2012-11-05,1.2827913761,1.5977,80.17,0.9409000278,0.9965,1.037,0.8253,6.2448000908,54.6
2012-11-02,1.2948336601,1.6036,80.53,0.9315800071,0.9962,1.0367,0.8261,6.2400999069,53.75
2012-11-01,1.2965123653,1.6142,80.14,0.9313300252,0.9973,1.0402,0.8264,6.2375001907,53.76
2012-10-31,1.2962603569,1.6111,79.94,0.9322599769,0.9994,1.037,0.822,6.2418999672,53.8
2012-10-30,1.2908222675,1.6083,79.58,0.9361900091,0.9992,1.037,0.8204,6.243999958,53.96
2012-10-29,1.292407155,1.6025,79.81,0.9358000159,1.0003,1.0329,0.8189,6.2624001503,54.1
2012-10-26,1.2938284874,1.6098,79.63,0.9350000024,0.999,1.0358,0.8226,6.2463998795,53.55
2012-10-25,1.2965123653,1.6119,80.04,0.9327999949,0.9942,1.0349,0.8209,6.2477998734,53.55
2012-10-24,1.2973533869,1.6015,79.82,0.9329000115,0.9945,1.0335,0.8153,6.2512998581,53.73
2012-10-23,1.3070186377,1.5932,79.79,0.9261699915,0.9934,1.0249,0.8115,6.2546000481,53.72
2012-10-22,1.3022528887,1.6028,79.84,0.927940011,0.9938,1.0318,0.8176,6.2536001205,53.51
2012-10-19,1.3069161177,1.6003,79.26,0.9245899916,0.993,1.0328,0.8161,6.2515001297,54.08
2012-10-18,1.3116475344,1.6141,79.24,0.9222999811,0.9811,1.0397,0.8224,6.2543997765,53.46
2012-10-17,1.310787797,1.6165,78.74,0.9227100015,0.9795,1.038,0.8218,6.2637000084,52.86
2012-10-16,1.2968486547,1.6101,78.92,0.9318000078,0.9854,1.027,0.8137,6.2697000504,52.89
2012-10-15,1.2943308353,1.6069,78.76,0.9347000122,0.9783,1.0245,0.8189,6.265999794,53.09
2012-10-12,1.2933264971,1.6075,78.31,0.9349700212,0.9797,1.0228,0.8176,6.2778000832,52.81
2012-10-11,1.2858428955,1.6028,78.44,0.9401400089,0.9785,1.0261,0.8175,6.2989997864,52.66
2012-10-10,1.2858428955,1.6007,78.26,0.9415299892,0.9786,1.0242,0.8177,6.2884998322,53.05
2012-10-09,1.2976900339,1.5987,78.23,0.9326999784,0.9787,1.0188,0.8168,6.2870998383,52.73
2012-10-08,1.3015749454,,,0.9309899807,,,,6.3241000175,
2012-10-05,1.3017443419,1.6196,78.66,0.930859983,0.9763,1.0218,0.8231,6.3221001625,51.77
2012-10-04,1.2923235893,1.6165,78.44,0.9369300008,0.9821,1.0229,0.8191,6.3225002289,51.74
2012-10-03,1.2916558981,1.6077,78.57,0.9369000196,0.987,1.0218,0.8203,6.3242001534,52.25
2012-10-02,1.2888258696,1.6186,78.01,0.9383500218,0.9827,1.0292,0.8309,6.2848000526,52.42
2012-10-01,1.2809016705,1.6142,78,0.9434999824,0.9827,1.0374,0.8289,6.2848000526,52.46
2012-09-28,1.2913223505,1.6132,77.92,0.9372199774,0.9837,1.0388,0.8293,6.3024001122,52.92
2012-09-27,1.2881617546,1.6217,77.62,0.9390000105,0.9812,1.044,0.832,6.3017997742,52.99
2012-09-26,1.2900062799,1.6145,77.78,0.9376599789,0.9845,1.0357,0.8231,6.3059000969,53.52
2012-09-25,1.2941633463,1.6232,77.91,0.9346399903,0.977,1.0445,0.8274,6.3094000816,53.36
2012-09-24,1.2968486547,1.6199,77.9,0.9330999851,0.98,1.0417,0.8218,6.3055000305,53.43
2012-09-21,1.2973533869,1.6251,78.17,0.9323400259,0.9757,1.0469,0.8305,6.3029999733,53.46
2012-09-20,1.3058239222,1.6198,78.3,0.9262999892,0.9775,1.041,0.8265,6.3099999428,54.26
2012-09-19,1.3046314716,1.6219,78.4,0.9280999899,0.9747,1.048,0.8285,6.3186001778,53.99
2012-09-18,1.3110111952,1.6251,78.59,0.9272000194,0.9743,1.0446,0.828,6.3074998856,53.9
2012-09-17,1.3116475344,1.6263,78.68,0.9263399839,0.9723,1.049,0.8274,6.3152999878,53.88
2012-09-14,1.2993763685,1.6244,78.22,0.9347699881,0.971,1.0561,0.8291,6.3299999237,53.3
2012-09-13,1.2903226614,1.6125,77.41,0.9370999932,0.9754,1.0449,0.8235,6.3274002075,55.34
2012-09-12,1.28518188,1.6111,77.86,0.9390000105,0.9756,1.0453,0.8195,6.335100174,55.21
2012-09-11,1.2761613131,1.6071,77.78,0.9463000298,0.9723,1.0442,0.8182,6.3376998901,55.25
2012-09-10,1.2795906067,1.6009,78.24,0.9453999996,0.9761,1.0363,0.8111,6.3428001404,55.44
2012-09-07,1.2632642984,1.6016,78.14,0.953700006,0.9777,1.039,0.8113,6.3432002068,55.27
2012-09-06,1.2602394819,1.5922,78.96,0.9553999901,0.9824,1.0288,0.8016,6.3492999077,55.64
2012-09-05,1.2534469366,1.5907,78.34,0.9581000209,0.9901,1.0195,0.7952,6.3474001884,55.88
2012-09-04,1.2586532831,1.5889,78.35,0.9538999796,0.9862,1.023,0.794,6.3421001434,55.61
2012-09-03,1.2577034235,,,0.9548000097,,,,6.3485999107,
2012-08-31,1.2510946989,1.5864,78.3,0.959800005,0.9862,1.0334,0.8037,6.3502001762,55.52
2012-08-30,1.2531328201,1.5794,78.55,0.9582999945,0.9925,1.0301,0.7987,6.3519001007,55.63
2012-08-29,1.2572289705,1.5839,78.72,0.9552999735,0.9873,1.0366,0.8024,6.3550000191,55.69
2012-08-28,1.2501562834,1.5828,78.5,0.9606000185,0.9864,1.0383,0.8057,6.3569998741,55.65
2012-08-27,1.2504376173,1.58,78.67,0.9603700042,0.9892,1.0387,0.8098,6.3548002243,55.68
2012-08-24,1.2561235428,1.5815,78.65,0.9560700059,0.9919,1.0411,0.8116,6.3548002243,55.41
2012-08-23,1.2534469366,1.5882,78.46,0.9581000209,0.9928,1.0479,0.8162,6.3519001007,55.14
2012-08-22,1.2476606369,1.58,79.19,0.9624999762,0.9928,1.0446,0.8098,6.3562998772,55.5
2012-08-21,1.2353304625,1.5788,79.43,0.9721999764,0.9864,1.0493,0.812,6.3593001366,55.46
2012-08-20,1.233258605,1.5707,79.41,0.9739000201,0.989,1.0457,0.8101,6.3585000038,55.5
2012-08-17,1.2357884645,1.5697,79.5,0.9718999863,0.9883,1.0427,0.808,6.366300106,55.62
2012-08-16,1.2289540768,1.5738,79.25,0.9771999717,0.9881,1.0505,0.8098,6.3622999191,55.62
2012-08-15,1.2325897217,1.5686,78.89,0.9745699763,0.989,1.0509,0.8073,6.3589000702,55.66
2012-08-14,1.2327415943,1.5692,78.82,0.9742000103,0.9914,1.0506,0.8073,6.3625998497,55.66
2012-08-13,1.2277169228,1.569,78.34,0.9781600237,0.9933,1.0507,0.8082,6.3593997955,55.34
2012-08-10,1.2294074297,1.5679,78.24,0.9768900275,0.9917,1.0569,0.8126,6.3622999191,55.18
2012-08-09,1.2373328209,1.5623,78.64,0.9707999825,0.9923,1.0567,0.811,6.3614001274,55.17
2012-08-08,1.2386969328,1.5659,78.44,0.9697999954,0.9946,1.0573,0.8156,6.3667001724,55.28
2012-08-07,1.2390038967,1.5658,78.71,0.9693999887,0.9964,1.0571,0.8174,6.3740000725,55.06
2012-08-06,1.2428536415,1.5625,78.17,0.9667999744,0.9988,1.0591,0.8218,6.3715000153,55.52
2012-08-03,1.2180268764,1.565,78.6,0.986199975,0.9986,1.0566,0.8198,6.3675999641,55.75
2012-08-02,1.224140048,1.55,78.22,0.9811999798,1.0061,1.0451,0.809,6.3688001633,55.84
2012-08-01,1.2294074297,1.5596,78.19,0.9769999981,1.0017,1.0518,0.8124,6.3618001938,55.47
2012-07-31,1.2259409428,1.5686,78.1,0.9796000123,1.0014,1.0522,0.8115,6.3796000481,55.55
2012-07-30,1.2304663658,1.5694,78.2,0.9761000276,1.0033,1.0489,0.8085,6.3807997704,55.42
2012-07-27,1.2280486822,1.5728,78.55,0.9779999852,1.0059,1.0441,0.8076,6.3840999603,55.39
2012-07-26,1.2140341997,1.5683,78.24,0.9890999794,1.0101,1.039,0.8015,6.3885998726,55.59
2012-07-25,1.2061853409,1.5479,78.21,0.9955999851,1.0181,1.0275,0.7859,6.3875999451,56.1
2012-07-24,1.2124150991,1.5521,78.19,0.9904000163,1.0207,1.0253,0.7876,6.3860998154,56.22
2012-07-23,1.2127091885,1.5512,78.38,0.9902999997,1.0172,1.027,0.7891,6.3738999367,55.92
2012-07-20,1.2276867628,1.563,78.49,0.9781000018,1.0113,1.0383,0.7992,6.3730998039,55.27
2012-07-19,1.2277470827,1.5719,78.6,0.9781399965,1.0076,1.0423,0.8032,6.3694000244,55.16
2012-07-18,1.2295585871,1.5636,78.79,0.9768999815,1.0112,1.0347,0.7991,6.3733000755,55.33
2012-07-17,1.2268433571,1.5613,79.04,0.9789000154,1.0141,1.0281,0.7957,6.3787999153,55.03
2012-07-16,1.2248897552,1.5635,78.8,0.9804000258,1.0156,1.0236,0.7971,6.3927001953,55.05
2012-07-13,1.2192742825,1.555,79.2,0.9847999811,1.0151,1.0212,0.7947,6.3762998581,55.1
2012-07-12,1.2247247696,1.5425,79.29,0.9805999994,1.0215,1.0131,0.7898,6.3716001511,55.83
2012-07-11,1.2256402969,1.5532,79.7,0.9797999859,1.0195,1.0252,0.7983,6.3656997681,55.52
2012-07-10,1.2318304777,1.5506,79.44,0.9748799801,1.0202,1.0218,0.7969,6.3713002205,55.39
2012-07-09,1.2271444798,1.5507,79.66,0.9787999988,1.021,1.0176,0.7955,6.3647999763,55.87
2012-07-06,1.2391574383,1.548,79.61,0.9693999887,1.0198,1.0187,0.7965,6.3559999466,55.47
2012-07-05,1.2516272068,1.5531,79.95,0.9595000148,1.013,1.0291,0.8048,6.3475999832,54.95
2012-07-04,1.2605571747,,,0.9528999925,,,,6.3527002335,
2012-07-03,1.2581782341,1.5702,79.77,0.9547399879,1.0123,1.0294,0.8059,6.3487000465,54.31
2012-07-02,1.2655184269,1.5679,79.42,0.9495999813,1.0193,1.0239,0.8027,6.3541002274,55.45
2012-06-29,1.2440905571,1.5686,79.81,0.9651700258,1.019,1.0236,0.8027,6.3573999405,55.57
2012-06-28,1.2473493814,1.5503,79.35,0.9629600048,1.0331,1.0025,0.7862,6.3576002121,56.81
2012-06-27,1.2487511635,1.5549,79.83,0.9617000222,1.0258,1.0071,0.7906,6.3626999855,56.93
2012-06-26,1.2504688501,1.562,79.46,0.9604200125,1.0264,1.0046,0.791,6.3633999825,56.95
2012-06-25,1.2537612915,1.5555,79.5,0.9577999711,1.0301,0.9981,0.7859,6.3642001152,57.13
2012-06-22,1.2551776171,1.5582,80.52,0.9570999742,1.0258,1.0059,0.7905,6.3649001122,57.11
2012-06-21,1.2680699825,1.5633,80.18,0.9471399784,1.025,1.0095,0.7926,6.3498997688,56.25
2012-06-20,1.2680699825,1.575,79.54,0.9470000267,1.0193,1.0194,0.7966,6.3547000885,56.24
2012-06-19,1.2597631216,1.5732,78.92,0.9531999826,1.0177,1.0196,0.799,6.3576002121,55.87
2012-06-18,1.2704865932,1.5665,78.95,0.9454100132,1.0264,1.0088,0.7905,6.3667998314,55.85
2012-06-15,1.2627857924,1.5654,78.65,0.9509699941,1.0244,1.0057,0.7876,6.3736000061,55.34
2012-06-14,1.2573871613,1.5533,79.29,0.9550999999,1.0247,0.9989,0.7817,6.3522000313,55.7
2012-06-13,1.2504688501,1.5557,79.35,0.9606000185,1.027,0.9973,0.7781,6.3706998825,55.56
2012-06-12,1.2478163242,1.5562,79.44,0.9624999762,1.0269,0.9925,0.7756,6.3727998734,55.6
2012-06-11,1.264542222,1.5515,79.5,0.9496999979,1.0281,0.9925,0.7732,6.3738999367,55.69
2012-06-08,1.2570710182,1.5433,79.47,0.9556000233,1.0332,0.9869,0.7673,6.3688001633,55.39
2012-06-07,1.2573871613,1.5557,79.67,0.9550999999,1.0244,0.9936,0.7712,6.3639001846,54.91
2012-06-06,1.2462612391,1.5475,79.11,0.9636999965,1.0298,0.9905,0.7681,6.3674998283,55.26
2012-06-05,1.2509382963,1.5355,78.57,0.9593899846,1.0414,0.9722,0.7546,6.3640999794,55.54
2012-06-04,1.2402331829,1.5382,78.3,0.9685599804,1.0417,0.9719,0.7568,6.369699955,55.65
2012-06-01,1.2362467051,1.5383,78.21,0.9715999961,1.0378,0.9688,0.7537,6.3685998917,55.44
2012-05-31,1.2374706268,1.5405,78.29,0.9706699848,1.0349,0.9711,0.7527,6.3506999016,56.38
2012-05-30,1.2478163242,1.5532,78.93,0.9625999928,1.0289,0.9733,0.755,6.3414998055,56.13
2012-05-29,1.252505064,1.563,79.44,0.9596999884,1.0253,0.9825,0.7607,6.3390002251,55.71
2012-05-28,1.2569130659,,,0.9562000036,,,,6.3408999443,
2012-05-25,1.2536041737,1.5648,79.64,0.9585999846,1.0285,0.9778,0.7558,6.3403000832,55.35
2012-05-24,1.2561235428,1.5698,79.47,0.9562799931,1.0274,0.9774,0.7534,6.3305001259,55.55
2012-05-23,1.266463995,1.5691,79.33,0.9484999776,1.0274,0.9709,0.747,6.3186998367,55.95
2012-05-22,1.2810658216,1.5775,79.98,0.9373000264,1.0191,0.9874,0.7609,6.3236999512,55.34
2012-05-21,1.2773023844,1.579,79.31,0.9404000044,1.0223,0.9853,0.7601,6.3282999992,54.97
2012-05-18,1.2698411942,1.5788,79.14,0.9456999898,1.0211,0.9819,0.7542,6.3207001686,54.48
2012-05-17,1.2730745077,1.5823,79.26,0.9433000088,1.0162,0.9925,0.7657,6.3180999756,54.37
2012-05-16,1.2735608816,1.5933,80.32,0.9430000186,1.0099,0.9933,0.766,6.318500042,54.34
2012-05-15,1.2832028866,1.6025,80.09,0.9361000061,1.0029,0.9977,0.7725,6.3214001656,53.91
2012-05-14,1.2899897099,1.6116,79.83,0.9311000109,1.0018,0.9998,0.7798,6.3104000092,53.92
2012-05-11,1.2934937477,1.608,79.86,0.9286000133,0.9967,1.0065,0.7868,6.3144001961,53.63
2012-05-10,1.2936609983,1.6161,79.91,0.9283999801,1.0015,1.0113,0.7871,6.309800148,53.25
2012-05-09,1.2995451689,1.613,79.64,0.924300015,1.0014,1.0066,0.7849,6.3081998825,53.75
2012-05-08,1.3061650991,1.6159,79.79,0.9197700024,0.9997,1.0117,0.7873,6.2986001968,53.14
2012-05-07,1.2970336676,1.6192,79.88,0.9262099862,0.9938,1.0201,0.7956,6.2909998894,52.91
2012-05-04,1.3156163692,1.6148,79.84,0.9132999778,0.9955,1.019,0.7951,6.288599968,53.41
2012-05-03,1.3147515059,1.6185,80.36,0.9138000011,0.9869,1.026,0.8002,6.2909998894,53.33
2012-05-02,1.323977232,1.6193,80.19,0.9074699879,0.989,1.0304,0.8094,6.2874999046,52.97
2012-05-01,1.323977232,1.6221,80.17,0.907400012,0.9839,1.0345,0.8156,6.2863998413,52.5
2012-04-30,1.3241524696,1.6225,79.81,0.9071000218,0.9886,1.041,0.8174,6.3042001724,52.65
2012-04-27,1.3190872669,1.6239,80.48,0.9108999968,0.9807,1.0447,0.8199,6.2951998711,52.45
2012-04-26,1.3232764006,1.6188,80.78,0.9080399871,0.984,1.0383,0.8145,6.3014998436,52.44
2012-04-25,1.3197835684,1.6146,81.33,0.91049999,0.9848,1.0333,0.8133,6.3053002357,52.45
2012-04-24,1.3152011633,1.6135,81.21,0.9136000276,0.9882,1.0299,0.8118,6.3056998253,52.63
2012-04-23,1.3204805851,1.6102,81.16,0.9096800089,0.9935,1.0299,0.8113,6.3074002266,52.38
2012-04-20,1.3145786524,1.6123,81.6,0.9144999981,0.9912,1.0375,0.8173,6.3029999733,52.02
2012-04-19,1.3119915724,1.6058,81.57,0.9161000252,0.9927,1.0337,0.815,6.3010997772,52.07
2012-04-18,1.3135426044,1.602,81.29,0.9146999717,0.9902,1.0367,0.8173,6.3003001213,51.79
2012-04-17,1.3126804829,1.5931,80.72,0.9156000018,0.9878,1.0405,0.8223,6.3123002052,51.41
2012-04-16,1.3056534529,1.5865,80.46,0.9215999842,1.0025,1.034,0.8189,6.299200058,51.6
2012-04-13,1.3189132214,1.5851,80.99,0.9110999703,0.9978,1.0372,0.8243,6.3057999611,51.45
2012-04-12,1.3119915724,1.5939,80.87,0.9171000123,0.9951,1.0441,0.827,6.3067002296,51.22
2012-04-11,1.3073604107,1.5892,80.88,0.9187999964,1.004,1.0295,0.8178,6.3095002174,51.5
2012-04-10,1.3111314774,1.5836,80.94,0.9169999957,1.0027,1.0262,0.8132,6.3067002296,51.47
2012-04-09,1.3079075813,1.5879,81.36,0.9185000062,0.9971,1.0319,0.8228,6.306499958,51.1
2012-04-06,1.3065063953,1.5877,81.56,0.9199000001,0.9971,1.0311,0.8197,6.3106999397,51.14
2012-04-05,1.3144059181,1.5822,82.33,0.9154999852,0.9927,1.0303,0.8156,6.2961997986,51.11
2012-04-04,1.3225239515,1.5879,82.62,0.910860002,0.9961,1.0255,0.8146,6.2951998711,51.18
2012-04-03,1.3333333731,1.5966,82.18,0.9028000236,0.9909,1.0372,0.8194,6.2955999374,50.64
2012-04-02,1.3358268738,1.6022,82.16,0.9011999965,0.9916,1.0426,0.824,6.2953000069,50.79
2012-03-30,1.3313806057,1.5985,82.41,0.9053999782,0.999,1.0367,0.82,6.3060002327,50.89
2012-03-29,1.3326226473,1.5911,82.28,0.904399991,0.9998,1.0326,0.8173,6.3015999794,51.38
2012-03-28,1.3328713179,1.5855,82.74,0.9045000076,0.9983,1.0369,0.8177,6.3031001091,50.97
2012-03-27,1.3360053301,1.5972,83.15,0.9028999805,0.9928,1.049,0.8206,6.3060002327,50.66
2012-03-26,1.3283035755,1.5939,82.84,0.9071999788,0.9922,1.0511,0.8209,6.304500103,51.03
2012-03-23,1.3204805851,1.5864,82.35,0.912800014,0.9983,1.0456,0.8171,6.3000998497,51.18
2012-03-22,1.3218770027,1.5807,82.5,0.9121999741,1.0002,1.037,0.8081,6.3197999001,51.28
2012-03-21,1.3237668276,1.5848,83.62,0.9108999968,0.9928,1.0439,0.8137,6.3207001686,50.6
2012-03-20,1.3229262829,1.5857,83.62,0.9117000103,0.9933,1.0485,0.8176,6.3186001778,50.48
2012-03-19,1.3177140951,1.5894,83.31,0.9154999852,0.9878,1.0608,0.8256,6.3228998184,50.16
2012-03-16,1.3078734875,1.5845,83.34,0.9232000113,0.9912,1.0584,0.824,6.329199791,50.11
2012-03-15,1.3022528887,1.5669,83.28,0.931400001,0.9928,1.0528,0.8195,6.3316998482,50.28
2012-03-14,1.3080444336,1.5686,83.78,0.9233999848,0.9914,1.0446,0.8093,6.3267002106,50
2012-03-13,1.3168290854,1.5736,82.66,0.915199995,0.9905,1.054,0.8229,6.3252000809,49.92
2012-03-12,1.3125082254,1.5615,82.21,0.9187999964,0.9934,1.049,0.8175,6.3109998703,49.98
2012-03-09,1.3274923563,1.5677,82.59,0.908100009,0.9894,1.059,0.8218,6.3165001869,49.75
2012-03-08,1.3139914274,1.5822,81.5,0.9169800282,0.992,1.0618,0.8242,6.3102002144,50.17
2012-03-07,1.312335968,1.5746,81.06,0.918479979,0.9994,1.0583,0.8195,6.3144001961,50.27
2012-03-06,1.3225764036,1.572,80.86,0.911740005,1.0013,1.0551,0.8126,6.3077001572,50.3763
2012-03-05,1.3186175823,1.587,81.43,0.9146999717,0.9936,1.0668,0.8216,6.2983999252,49.82
2012-03-02,1.3322675228,1.5852,81.56,0.9054899812,0.9887,1.0747,0.8315,6.299200058,49.55
2012-03-01,1.3320900202,1.5953,81.16,0.9044700265,0.9848,1.0803,0.8399,6.2943000793,49.14
2012-02-29,1.347799778,1.5951,81.1,0.8941000104,0.9866,1.0777,0.8397,6.2983999252,48.99
2012-02-28,1.3406623602,1.5887,80.44,0.8985000253,0.9956,1.0765,0.8377,6.3017997742,49.01
2012-02-27,1.3467106819,1.5845,80.42,0.894200027,0.9982,1.0764,0.8404,6.2972002029,49.12
2012-02-24,1.3373633623,1.5869,80.88,0.9007999897,0.9988,1.0707,0.8365,6.298500061,48.98
2012-02-23,1.3255742788,1.57,80.21,0.9106000066,0.9983,1.0688,0.8335,6.295899868,49.19
2012-02-22,1.3243278265,1.5677,80.3,0.9115999937,0.9999,1.0629,0.8296,6.2968001366,49.24
2012-02-21,1.3204805851,1.5796,79.73,0.9136000276,0.9956,1.0692,0.8362,6.2993998528,49.21
2012-02-20,1.3227163553,,,0.9144999981,,,,6.2976999283,
2012-02-17,1.3126804829,1.5813,79.33,0.9190999866,0.997,1.0695,0.8327,6.3010997772,49.31
2012-02-16,1.3058068752,1.5795,78.77,0.924300015,0.9962,1.0759,0.8335,6.2980999947,49.43
2012-02-15,1.3133701086,1.571,78.22,0.9194999933,0.9965,1.0742,0.8382,6.2972002029,49.35
2012-02-14,1.3157894611,1.5691,78.39,0.9185699821,0.9988,1.0691,0.8321,6.2951002121,49.4
2012-02-13,1.323679328,1.578,77.52,0.9138000011,0.9995,1.0741,0.8349,6.2933001518,49.14
2012-02-10,1.3278449774,1.5748,77.57,0.9121000171,1.0016,1.0676,0.8283,6.2954001427,49.48
2012-02-09,1.3248542547,1.5838,77.42,0.9132999778,0.9941,1.0806,0.8366,6.2983999252,49.35
2012-02-08,1.3248542547,1.582,76.9,0.9122300148,0.9969,1.0785,0.8337,6.3084998131,49.22
2012-02-07,1.3121638298,1.5891,76.88,0.9193999767,0.9947,1.0798,0.8364,6.3115000725,49.2
2012-02-06,1.3127149343,1.5832,76.54,0.9190999866,0.9953,1.0743,0.8345,6.304599762,49.05
2012-02-03,1.3137152195,1.5779,76.54,0.9172999859,0.9944,1.0762,0.836,6.3042001724,48.65
2012-02-02,1.3170025349,1.5813,76.13,0.9143999815,0.9985,1.0718,0.8351,6.3067998886,49.03
2012-02-01,1.3077024221,1.5849,76.11,0.9204000235,0.9984,1.07,0.8321,6.3085999489,49.2738
2012-01-31,1.3139568567,1.5754,76.34,,1.005,1.0598,0.8246,6.3136000633,49.54
2012-01-30,1.3207945824,1.569,76.28,0.9131000042,1.003,1.059,0.8199,6.3239998817,49.66
2012-01-27,1.3092775345,1.5716,76.68,,1.0014,1.0645,0.8239,6.3340001106,49.39
2012-01-26,1.3107362986,1.5706,77.47,0.9217000008,0.9986,1.0651,0.8215,6.3134999275,49.42
2012-01-25,1.3041039705,1.557,78.13,0.9275000095,1.0119,1.0481,0.8056,6.3220000267,50.18
2012-01-24,1.3026939631,1.5595,77.78,0.9274600148,1.0096,1.047,0.8093,6.3140001297,50.02
2012-01-23,1.2884771824,1.5582,76.92,0.9369500279,1.0079,1.0534,0.8108,6.3246002197,49.99
2012-01-20,1.296495676,1.554,76.97,0.9322000146,1.0142,1.0471,0.8059,6.307199955,50.22
2012-01-19,1.2866039276,1.5484,77.23,0.9387999773,1.0094,1.0417,0.8021,6.3109998703,50.3
2012-01-18,1.2745997906,1.541,76.81,0.949000001,1.0138,1.0395,0.8059,6.3169999123,50.4
2012-01-17,1.2667046785,1.5356,76.8,0.9553999901,1.013,1.0395,0.8005,6.3060998917,50.69
2012-01-16,1.2647020817,,,0.954400003,,,,6.2960000038,
2012-01-13,1.2820513248,1.5301,76.9,0.9437999725,1.0246,1.0292,0.7923,6.317800045,51.43
2012-01-12,1.2723940611,1.5325,76.76,0.9531999826,1.0197,1.0311,0.7927,6.3159999847,51.51
2012-01-11,1.2751848698,1.5325,76.9,0.9506800175,1.0192,1.0295,0.795,6.3119997978,51.78
2012-01-10,1.2775959969,1.5489,76.84,0.9478999972,1.0161,1.0323,0.7947,6.3130002022,51.59
2012-01-09,1.268037796,1.5436,76.88,0.9585000277,1.0272,1.0215,0.785,6.2993998528,52.39
2012-01-06,1.2796068192,1.5431,77.06,0.9520999789,1.0231,1.0235,0.7818,6.3084998131,52.67
2012-01-05,1.2931424379,1.548,77.18,0.9420999885,1.0197,1.0253,0.7804,6.2960000038,52.89
2012-01-04,1.3056023121,1.5638,76.68,0.9319000244,1.0134,1.0348,0.7876,6.2969999313,52.85
2012-01-03,1.2940963507,1.5655,76.67,0.9394000173,1.0089,1.038,0.7903,6.2839999199,53.11
2012-01-02,1.2960082293,,,0.9380999804,,,,6.2849998474,
2011-12-30,1.2956053019,1.5537,76.98,0.9401900172,1.0168,1.0251,0.7805,6.3090000153,53.01
2011-12-29,1.2927246094,1.5386,77.71,0.9434000254,1.0208,1.0134,0.7714,6.3169999123,53
2011-12-28,1.3072066307,1.5478,77.98,0.9341999888,1.0232,1.0092,0.769,6.3200001717,52.88
2011-12-27,1.3050570488,1.5671,77.83,0.9366000295,1.0201,1.016,0.772,6.3274002075,52.93
2011-12-26,1.3044953346,,,0.9365000129,,,,6.3400001526,
2011-12-23,1.3056023121,1.5615,78.13,0.9354000092,1.0208,1.0148,0.774,6.3220000267,52.78
2011-12-22,1.3040019274,1.5667,78.13,0.9362999797,1.0213,1.014,0.775,6.3312001228,52.56
2011-12-21,1.3087977171,1.568,78,0.9312999845,1.0286,1.007,0.7674,6.3470001221,52.39
2011-12-20,1.3007792234,1.5674,77.76,0.9366999865,1.0284,1.0069,0.7698,6.3000001907,52.76
2011-12-19,1.3036959171,1.5531,77.96,0.9362999797,1.0364,0.9915,0.7569,6.3385000229,52.69
2011-12-16,1.3029655218,1.5514,77.65,0.9397000074,1.0388,0.9962,0.7622,6.373000145,52.49
2011-12-15,1.298802495,1.5486,77.87,0.9538000226,1.0338,0.9936,0.7542,6.3709998131,53.55
2011-12-14,1.3019137383,1.5445,78.08,0.9461899996,1.0403,0.9904,0.7507,6.3614997864,53.71
2011-12-13,1.3171066046,1.5528,77.86,0.9386000037,1.0283,1.0097,0.7641,6.3654999733,53.09
2011-12-12,1.3371665478,1.5597,77.87,0.9255200028,1.0273,1.0059,0.7617,6.3544998169,52.6
2011-12-09,1.3345433474,1.5642,77.58,0.9255999923,1.0202,1.019,0.7733,6.3550000191,51.87
2011-12-08,1.3403747082,1.5635,77.67,0.9241700172,1.019,1.0187,0.773,6.3680000305,51.7
2011-12-07,1.3412017822,1.5691,77.69,0.9251000285,1.0106,1.0268,0.7778,6.3340001106,51.62
2011-12-06,1.3386701345,1.558,77.73,0.9215999842,1.0116,1.0227,0.7777,6.3400001526,51.23
2011-12-05,1.3419036865,1.5689,77.77,0.9201300144,1.014,1.0298,0.7814,6.3524999619,51.31
2011-12-02,1.3466924429,1.5592,77.88,0.915530026,1.0165,1.0221,0.7776,6.3699998856,50.5
2011-12-01,1.3443931341,1.5698,77.6,0.9137099981,1.0172,1.0227,0.7779,6.3779997826,51.36
2011-11-30,1.3324095011,1.5705,77.58,0.9211900234,1.0199,1.0244,0.7769,6.3650999069,52.12
2011-11-29,1.331699729,1.5625,77.86,0.9226999879,1.0296,1.0018,0.7627,6.3763999939,51.9
2011-11-28,1.3313452005,1.5538,78.05,0.9276999831,1.0327,0.9924,0.755,6.3722000122,51.94
2011-11-25,1.3331022263,1.5467,77.66,0.9204999804,1.0487,0.9737,0.7417,6.3524999619,52.23
2011-11-24,1.3352025747,,,0.9196100235,,,,6.3474998474,
2011-11-23,1.352191925,1.5511,77.41,0.9132900238,1.0479,0.9686,0.7405,6.3516998291,52.26
2011-11-22,1.3484358788,1.5646,77.07,0.9175999761,1.0371,0.9831,0.7456,6.351099968,52.48
2011-11-21,1.3529969454,1.5662,76.97,0.9161499739,1.0386,0.9842,0.7475,6.3475999832,52.06
2011-11-18,1.3458044529,1.5783,76.93,0.9218999743,1.026,1.0036,0.7576,6.3408999443,51.23
2011-11-17,1.3441040516,1.5801,76.98,0.9215000272,1.0224,1.0056,0.7623,6.3354997635,50.95
2011-11-16,1.3507125378,1.577,77.02,0.9176999927,1.0205,1.0137,0.7685,6.3368000984,50.66
2011-11-15,1.3624163866,1.5818,76.99,0.9083999991,1.0233,1.0144,0.7693,6.3454999924,50.62
2011-11-14,1.3787018061,1.5899,77.02,0.8992000222,1.0176,1.0193,0.7791,6.3327999115,50.37
2011-11-11,1.3610072136,,,0.9057700038,,,,6.3470001221,
2011-11-10,1.3526674509,1.5935,77.58,0.9107000232,1.0188,1.0137,0.7763,6.3429999352,49.98
2011-11-09,1.382647872,1.5958,77.77,0.8947299719,1.0176,1.0199,0.7855,6.3470001221,50.05
2011-11-08,1.3760079145,1.6076,77.79,0.9011999965,1.0139,1.0332,0.795,6.3499999046,49.39
2011-11-07,1.3789299726,1.6024,78.06,0.8910999894,1.0173,1.0339,0.7954,6.3302998543,48.94
2011-11-04,1.38299191,1.6026,78.17,0.8778399825,1.0179,1.0358,0.7927,6.339799881,48.99
2011-11-03,1.3690004349,1.5959,77.96,0.8863000274,1.0128,1.0352,0.7887,6.347099781,49.04
2011-11-02,1.3655978441,1.5974,78.04,0.8892999887,1.0125,1.0366,0.7924,6.3463001251,49.1
2011-11-01,1.3860014677,1.5946,78.28,0.8772000074,1.02,1.0302,0.7943,6.3452000618,49.26
2011-10-31,1.4140071869,1.6141,77.97,0.8622999787,0.9932,1.061,0.812,6.3488001823,48.67
2011-10-28,1.4173942804,1.613,75.72,0.8604000211,0.9957,1.0707,0.822,6.361000061,48.63
2011-10-27,1.3876940012,1.6081,75.8,0.8816000223,0.9942,1.0686,0.8191,6.3540000916,49
2011-10-26,1.3904531002,1.5905,76.05,0.8784000278,1.01,1.0348,0.7926,6.3660001755,49.4
2011-10-25,1.392234087,1.5994,75.88,0.8805000186,1.0143,1.0447,0.7967,6.3779997826,49.41
2011-10-24,1.384773016,1.5986,76.1,0.8837000132,1.004,1.0454,0.8083,6.3734998703,49.72
2011-10-21,1.3779039383,1.5945,76.1,0.8938000202,1.009,1.033,0.8019,6.3727002144,49.82
2011-10-20,1.3765003681,1.5726,76.91,0.9028900266,1.0216,1.0187,0.789,6.381000042,49.86
2011-10-19,1.374003768,1.5799,76.79,0.8993999958,1.0136,1.0272,0.795,6.382999897,49.17
2011-10-18,1.3744003773,1.5654,76.75,0.8981000185,1.0165,1.022,0.7928,6.3699998856,49.33
2011-10-17,1.3879058361,1.5778,76.8,0.8916000128,1.0153,1.0241,0.7976,6.3708000183,49.03
2011-10-14,1.3735508919,1.5808,77.36,0.899600029,1.0148,1.0296,0.8021,6.3819999695,48.89
2011-10-13,1.3791962862,1.5729,76.88,0.8947299719,1.0238,1.0147,0.7922,6.359000206,49.22
2011-10-12,1.3645730019,1.5757,77.3,0.9084399939,1.0163,1.0166,0.797,6.3654999733,48.95
2011-10-11,1.3635495901,1.5594,76.66,0.9042000175,1.0287,0.9978,0.7826,6.3385000229,49.24
2011-10-10,1.3385984898,,,0.9262999892,,,,6.3649997711,
2011-10-07,1.3428946733,1.5628,76.77,0.9197999835,1.0326,0.9843,0.7765,6.368999958,48.89
2011-10-06,1.3339915276,1.5398,76.64,0.923699975,1.0431,0.9699,0.7679,6.3649997711,49.18
2011-10-05,1.3330134153,1.5436,76.86,0.9190000296,1.0448,0.9624,0.7628,6.3649997711,49.24
2011-10-04,1.3195048571,1.5403,76.86,0.9200999737,1.0605,0.9453,0.7538,6.3949999809,49.3
2011-10-03,1.3360946178,1.5474,76.66,0.9093999863,1.044,0.9647,0.7624,6.3825001717,49.09
2011-09-30,1.3585848808,1.5624,77.04,0.8976299763,1.0389,0.9744,0.7675,6.3874998093,49.05
2011-09-29,1.3537662029,1.5685,76.68,0.9011999965,1.0338,0.9818,0.7767,6.3930001259,48.93
2011-09-28,1.3582342863,1.5648,76.51,0.8964700103,1.0226,0.9895,0.7856,6.396999836,48.94
2011-09-27,1.3518079519,1.5681,76.6,0.90200001,1.019,0.9962,0.7934,6.4010000229,48.92
2011-09-26,1.3547013998,1.5553,76.35,0.9035000205,1.0338,0.9751,0.7716,6.3800997734,49.47
2011-09-23,1.3480904102,1.5475,76.3,0.9075000286,1.028,0.9784,0.779,6.3804998398,49.34
2011-09-22,1.3586033583,1.5358,76.31,0.8993800282,1.0327,0.9764,0.779,6.3811001778,49.47
2011-09-21,1.3693940639,1.5619,76.38,0.8873999715,0.9985,1.0209,0.8147,6.3839998245,48.32
2011-09-20,1.3605626822,1.5718,76.52,0.8859999776,0.9922,1.0293,0.8264,6.3804998398,47.93
2011-09-19,1.3701446056,1.5674,76.48,0.8799999952,0.9897,1.0217,0.8225,6.3819999695,47.72
2011-09-16,1.3869048357,1.5802,76.89,0.8707600236,0.9813,1.038,0.8311,6.3880000114,47.27
2011-09-15,1.3746082783,1.5808,76.7,0.8760700226,0.9867,1.0313,0.8251,6.3959999084,47.54
2011-09-14,1.368606925,1.5773,76.71,0.8798999786,0.9913,1.0234,0.8216,6.3984999657,47.58
2011-09-13,1.3660268784,1.5805,76.88,0.8815600276,0.9901,1.032,0.824,6.4019999504,47.49
2011-09-12,1.3600815535,1.5814,77.15,0.8867999911,0.9957,1.0312,0.8211,6.377600193,47.22
2011-09-09,1.3904144764,1.587,77.31,0.8743100166,0.997,1.0446,0.8214,6.3800001144,46.64
2011-09-08,1.4085696936,1.6021,77.43,0.8586000204,0.9856,1.063,0.8363,6.3920001984,46.2
2011-09-07,1.4003249407,1.5948,77.39,0.8615000248,0.9882,1.0614,0.829,6.3899998665,46.07
2011-09-06,1.406311512,1.5954,77.48,0.78549999,0.9908,1.051,0.823,6.377699852,46
2011-09-05,1.4157688618,,,0.790199995,,,,6.3715000153,
2011-09-02,1.4262080193,1.619,76.79,0.7950000167,0.9815,1.0677,0.8492,6.381000042,45.74
2011-09-01,1.4374631643,1.6179,76.81,0.8066999912,0.9751,1.075,0.8517,6.3779997826,45.66
2011-08-31,1.4433138371,1.6269,76.5,0.8191000223,0.9783,1.0702,0.8551,6.380300045,45.79
2011-08-30,1.4524328709,1.6279,76.75,0.816659987,0.9791,1.0676,0.8535,6.3660001755,46.01
2011-08-29,1.449506402,1.6398,76.96,0.8079500198,0.9778,1.0619,0.8449,6.3762001991,45.95
2011-08-26,1.4372979403,1.6321,76.62,0.7940000296,0.9854,1.0573,0.8403,6.3899998665,46.15
2011-08-25,1.4412337542,1.6289,77.38,0.7952499986,0.9842,1.0457,0.8289,6.3880000114,46.04
2011-08-24,1.4437098503,1.6375,76.78,0.7929000258,0.9878,1.0471,0.8281,6.3949999809,45.89
2011-08-23,1.4361007214,1.6509,76.59,0.7894999981,0.9876,1.051,0.8349,6.4000000954,45.62
2011-08-22,1.4369261265,1.6452,76.77,0.7875999808,0.9901,1.0417,0.8239,6.3819999695,45.56
2011-08-19,1.4324390888,1.6544,76.46,0.7940999866,0.9848,1.0444,0.8243,6.3874998093,45.66
2011-08-18,1.4429181814,1.6489,76.52,0.7894499898,0.9899,1.0393,0.8263,6.3777999878,45.71
2011-08-17,1.4398018122,1.6591,76.46,0.795599997,0.9818,1.0543,0.8387,6.3736000061,45.3
2011-08-16,1.4438347816,1.6424,76.76,0.7842000127,0.9816,1.0491,0.8368,6.380300045,45.25
2011-08-15,1.4274091721,1.6387,76.73,0.7827000022,0.9838,1.0478,0.8293,6.3812999725,45.23
2011-08-12,1.4226369858,1.6284,76.79,0.7617999911,0.9879,1.0352,0.8319,6.3821997643,45.39
2011-08-11,1.4124692678,1.6228,76.68,0.7261999846,0.9891,1.0269,0.8237,6.4077000618,45.29
2011-08-10,1.4383108616,1.6169,76.41,0.7228000164,0.9909,1.021,0.812,6.4210000038,45.25
2011-08-09,1.4170728922,1.6194,77.16,0.7538999915,0.9893,1.0192,0.8202,6.4253001213,45.2
2011-08-08,1.4294085503,1.6354,77.53,0.7613700032,0.9889,1.0351,0.8317,6.4306998253,45
2011-08-05,1.4067071676,1.6362,78.48,0.7659000158,0.9843,1.038,0.8318,6.4278001785,44.73
2011-08-04,1.4352967739,1.6308,79.01,0.770539999,0.9765,1.0516,0.8449,6.4270000458,44.56
2011-08-03,1.4173339605,1.6406,76.87,0.7651000023,0.9632,1.0721,0.863,6.4292001724,44.31
2011-08-02,1.4262080193,1.6287,77.13,0.784799993,0.9577,1.084,0.8722,6.4256000519,44.26
2011-08-01,1.4363688231,1.6278,76.87,0.7907900214,0.9593,1.093,0.8743,6.4286999702,44.06
2011-07-29,1.4331985712,1.6455,77.18,0.8012499809,0.9539,1.1001,0.8776,6.4429998398,44.2
2011-07-28,1.4372979403,1.6338,77.87,0.8013600111,0.9483,1.1025,0.8726,6.4429001808,44.03
2011-07-27,1.450810194,1.6357,77.99,0.80151999,0.9474,1.1026,0.8695,6.4375,44.15
2011-07-26,1.4371533394,1.6392,78.04,0.8066700101,0.9448,1.0942,0.8707,6.4439997673,44.1
2011-07-25,1.4388489723,1.6285,78.31,0.8134999871,0.9448,1.0853,0.8662,6.4366002083,44.39
2011-07-22,1.4420026541,1.6319,78.44,0.8173499703,0.95,1.0851,0.8645,6.451499939,44.34
2011-07-21,1.4270017147,1.6301,78.47,0.8228999972,0.9449,1.0837,0.8631,6.4467000961,44.4
2011-07-20,1.4172939062,1.6139,78.76,0.824090004,0.9479,1.0727,0.8549,6.4633998871,44.44
2011-07-19,1.4111936092,1.6135,78.91,0.8173999786,0.9505,1.0699,0.8556,6.4688000679,44.48
2011-07-18,1.4123096466,1.6024,79.1,0.8107799888,0.9616,1.0565,0.8427,5.8629999161,44.6
2011-07-15,1.4157286882,1.6149,79.03,0.8151999712,0.9542,1.0656,0.8439,6.4338002205,44.51
2011-07-14,1.4234267473,1.6125,79.11,0.8109499812,0.9584,1.0741,0.8443,6.494699955,44.5
2011-07-13,1.3969016075,1.6111,78.99,0.8313999772,0.9582,1.0763,0.836,6.462100029,44.52
2011-07-12,1.404060483,1.594,79.53,0.8356999755,0.9667,1.0626,0.8209,6.4670000076,44.6
2011-07-11,1.4201923609,1.5932,80.37,0.8367999792,0.9663,1.0662,0.8296,6.4562001228,44.48
2011-07-08,1.4364513159,1.603,80.64,0.8446999788,0.9627,1.0727,0.8335,6.4650001526,44.41
2011-07-07,1.4331575632,1.5967,81.26,0.8392999768,0.9585,1.0764,0.8304,6.4670000076,44.32
2011-07-06,1.4428139925,1.5998,80.9,0.8406000137,0.9656,1.0696,0.8282,6.4660000801,44.48
2011-07-05,1.4553074837,1.6085,81.14,0.8471699953,0.9608,1.0698,0.8282,6.4509000778,44.35
2011-07-04,1.4539955854,,,0.8475999832,,,,6.4552998543,
2011-07-01,1.4496954679,1.607,80.81,0.8411499858,0.9608,1.0754,0.8273,6.4635000229,44.62
2011-06-30,1.4478904009,1.6067,80.64,0.8331000209,0.9642,1.0732,0.8284,6.4629998207,44.59
2011-06-29,1.4357914925,1.607,80.8,0.8325999975,0.9703,1.0673,0.8225,6.4689998627,44.78
2011-06-28,1.4316802025,1.6016,80.85,0.8339999914,0.9819,1.0521,0.8101,6.4815001488,45
2011-06-27,1.4171332121,1.5972,80.89,0.8345800042,0.9859,1.0439,0.8059,6.4639000893,44.94
2011-06-24,1.4270017147,1.5985,80.32,0.8377000093,0.9847,1.0523,0.8118,6.4670000076,44.99
2011-06-23,1.4314342737,1.5977,80.45,0.8408700228,0.98,1.0484,0.8107,6.4629001617,44.89
2011-06-22,1.4381660223,1.6131,80.06,0.8421000242,0.9725,1.0633,0.8179,6.4660000801,44.82
2011-06-21,1.4325416088,1.6232,80.15,0.844900012,0.9722,1.0598,0.812,6.478000164,44.84
2011-06-20,1.4285101891,1.6206,80.26,0.8489999771,0.9785,1.0587,0.8118,6.4619998932,44.92
2011-06-17,1.4199099541,1.6186,80.1,0.8483999968,0.9797,1.062,0.8107,6.4739999771,44.76
2011-06-16,1.4181982279,1.613,80.7,0.8524000049,0.9842,1.0541,0.8033,6.4721999168,44.88
2011-06-15,1.4450031519,1.6218,80.71,0.8445000052,0.9778,1.0621,0.8093,6.4696998596,44.79
2011-06-14,1.4416908026,1.6388,80.5,0.8367999792,0.9684,1.0691,0.8184,6.4829998016,44.74
2011-06-13,1.4332603216,1.6308,80.16,0.8422999978,0.9778,1.0562,0.8136,6.4723000526,44.85
2011-06-10,1.4515683651,1.6254,80.26,0.8410999775,0.9769,1.0567,0.8237,6.4759998322,44.72
2011-06-09,1.4601950645,1.6382,80.07,0.8356000185,0.9732,1.0642,0.8295,6.4749999046,44.64
2011-06-08,1.468601346,1.6381,79.87,0.8366299868,0.9778,1.0635,0.8166,6.4809999466,44.72
2011-06-07,1.4582999945,1.6444,80.21,0.8349999785,0.9743,1.0713,0.8208,6.4692997932,44.67
2011-06-06,1.4655021429,1.6362,80.19,0.834100008,0.9784,1.0737,0.8164,6.4697999954,44.78
2011-06-03,1.4486035109,1.6397,80.38,0.8428999782,0.9768,1.0714,0.8154,6.4828000069,44.82
2011-06-02,1.4344938993,1.6325,80.98,0.8417000175,0.9794,1.0617,0.8134,6.478000164,44.86
2011-06-01,1.4427932501,1.6391,80.82,0.8529199958,0.9713,1.0716,0.8224,6.4790000916,44.84
2011-05-31,1.4322338104,1.6439,81.29,0.8507000208,0.9688,1.066,0.8231,6.4738001823,45.04
2011-05-30,1.4297356606,,,0.850300014,,,,6.4812002182,
2011-05-27,1.4135074615,1.6494,80.75,0.8654299974,0.9771,1.0711,0.8187,6.4899997711,45.17
2011-05-26,1.4084903002,1.6346,81.44,0.8723000288,0.9809,1.059,0.8083,6.4930000305,45.33
2011-05-25,1.4099003077,1.6277,81.96,0.8798999786,0.9765,1.0537,0.8,6.4974999428,45.32
2011-05-24,1.4036663771,1.6185,82.12,0.8841000199,0.9773,1.0555,0.7976,6.5040001869,45.21
2011-05-23,1.4105764627,1.6102,81.81,0.878099978,0.9791,1.0496,0.7881,6.4842000008,45.22
2011-05-20,1.4316186905,1.6222,81.64,0.881190002,0.9735,1.0644,0.7934,6.5040001869,44.99
2011-05-19,1.4255167246,1.6179,81.78,0.8809300065,0.9703,1.0614,0.7879,6.5050001144,44.9
2011-05-18,1.42689991,1.6148,81.37,0.878880024,0.9722,1.0617,0.7893,6.4959998131,45.06
2011-05-17,1.4158089161,1.6206,81.39,0.8844000101,0.9772,1.0539,0.7782,6.5076999664,45.13
2011-05-16,1.4077963829,1.624,80.82,0.8931000233,0.9701,1.062,0.785,6.4864997864,45.15
2011-05-13,1.4237915277,1.6179,80.76,0.8841999769,0.9708,1.0565,0.7854,6.4984998703,44.86
2011-05-12,1.4211004972,1.629,80.75,0.8859999776,0.9656,1.0652,0.7967,6.4930000305,44.98
2011-05-11,1.4411090612,1.6412,80.78,0.8801400065,0.9581,1.0756,0.7913,6.4914999008,44.59
2011-05-10,1.4376078844,1.6331,80.75,0.8712000251,0.9611,1.0803,0.793,6.4930000305,44.75
2011-05-09,1.4352967739,1.6338,80.66,0.8783100247,0.966,1.0754,0.7923,6.4825000763,44.68
2011-05-06,1.45443964,1.6417,80.51,0.8698999882,0.9616,1.0763,0.7954,6.484099865,44.72
2011-05-05,1.4829754829,1.6427,80.12,0.8610200286,0.9667,1.0642,0.7867,6.4924998283,44.76
2011-05-04,1.4833273888,1.6524,80.69,0.8610000014,0.9579,1.0765,0.7897,6.501999855,44.35
2011-05-03,1.4823819399,1.6536,81.02,0.8647000194,0.9489,1.0921,0.8051,6.492000103,44.47
2011-05-02,1.4793994427,1.669,81.23,0.8652899861,0.9492,1.097,0.8088,6.481400013,44.27
2011-04-29,1.484406352,1.6691,81.31,0.8729000092,0.9486,1.0937,0.8068,6.5009999275,44.24
2011-04-28,1.4779999256,1.6636,81.57,0.8750200272,0.9513,1.0893,0.8008,6.5018000603,44.42
2011-04-27,1.4687954187,1.653,82.6,0.8701800108,0.955,1.079,0.8015,6.5178999901,44
2011-04-26,1.4578959942,1.6465,81.93,0.8809000254,0.9508,1.0772,0.805,6.484000206,44.51
2011-04-25,1.4557099342,1.6497,81.93,0.8856999874,0.9541,1.0717,0.7996,6.484000206,44.41
2011-04-22,1.4554982185,1.6517,81.92,0.886070013,0.9535,1.0735,0.8015,6.5152001381,44.36
2011-04-21,1.4513999224,1.6572,81.81,0.8885999918,0.9518,1.0747,0.8021,6.5152001381,44.26
2011-04-20,1.4337946177,1.6405,82.58,0.8991000056,0.9523,1.0677,0.7974,6.5222997665,44.33
2011-04-19,1.4223941565,1.6315,82.41,0.8959400058,0.9572,1.0507,0.7874,6.5188999176,44.49
2011-04-18,1.4412959814,1.6229,82.43,0.8925999999,0.9689,1.049,0.7869,6.5204000473,44.36
2011-04-15,1.4432096481,1.6325,83.13,,0.9615,1.0558,0.7971,,44.26
2011-04-14,1.4442101717,1.635,83.23,0.8959000111,0.9626,1.0523,0.792,6.5237002373,44.39
2011-04-13,1.4476389885,1.6285,83.59,0.8967900276,0.9638,1.0504,0.7899,6.5317001343,44.46
2011-04-12,1.4437931776,1.6263,83.79,0.9064999819,0.9624,1.047,0.785,6.5275001526,44.17
2011-04-11,1.4462152719,1.6386,84.58,0.9088000059,0.9547,1.0534,0.7816,6.5264000893,44.33
2011-04-08,1.4302060604,1.6341,84.99,0.9161000252,0.9564,1.0531,0.782,6.5343999863,44.05
2011-04-07,1.4335273504,1.6304,84.98,0.9178000093,0.9593,1.0456,0.7773,6.5357999802,44.18
2011-04-06,1.4219088554,1.6314,85.26,0.9255899787,0.9587,1.0425,0.7784,6.5304999352,44.06
2011-04-05,1.4220098257,1.6282,84.65,0.9229000211,0.9635,1.0346,0.7702,6.5300002098,44.3
2011-04-04,1.4223334789,1.6129,83.98,0.9253900051,0.9677,1.0352,0.7671,6.5391998291,44.3
2011-04-01,1.4158691168,1.6132,84.05,0.9193999767,0.9629,1.0387,0.7668,6.5355000496,44.44
2011-03-31,1.4121301174,1.6048,82.76,0.9186000228,0.9717,1.0358,0.7639,6.5486001968,44.54
2011-03-30,1.4111139774,1.6038,82.98,0.920599997,0.9715,1.0319,0.7621,6.5528998375,44.75
2011-03-29,1.40797472,1.5983,82.38,0.9166799784,0.9758,1.0264,0.7557,6.554500103,44.7
2011-03-28,1.4026032686,1.6024,81.67,0.9218999743,0.9757,1.0281,0.7544,6.5500001907,44.8
2011-03-25,1.4171934128,1.6086,81.12,0.908280015,0.9779,1.0282,0.7554,6.5504999161,44.6
2011-03-24,1.4105963707,1.6159,80.82,0.9078999758,0.9748,1.0219,0.7515,6.5479998589,44.69
2011-03-23,1.4168118238,1.6246,80.94,0.9039999843,0.982,1.0105,0.7397,6.5425000191,44.8
2011-03-22,1.4217066765,1.6387,81,0.9049999714,0.9769,1.0118,0.7414,6.5549998283,44.95
2011-03-21,1.4170527458,1.6276,81.11,0.9035900235,0.9772,1.0044,0.7328,6.5594000816,44.98
2011-03-18,1.4032920599,1.6187,81.14,0.8993099928,0.9846,0.9953,0.7297,6.5672001839,45.06
2011-03-17,1.388483882,1.6143,78.74,0.903859973,0.9886,0.9823,0.7208,6.5616002083,45.12
2011-03-16,1.3986209631,1.6028,80.17,0.9179000258,0.9921,0.9842,0.7294,6.5623998642,45
2011-03-15,1.3992079496,1.6064,80.82,0.9247300029,0.9831,0.99,0.7303,6.5604000092,45.22
2011-03-14,1.3934563398,1.6181,81.65,0.9283199906,0.9758,1.0073,0.7375,6.5654997826,44.99
2011-03-11,1.3801289797,1.6033,81.77,0.9315999746,0.9732,1.011,0.7449,6.5633001328,45.24
2011-03-10,1.3902212381,1.6063,82.98,0.9298099875,0.9729,1.0017,0.7359,6.5504999161,45.17
2011-03-09,1.3897961378,1.6202,82.78,0.9350000024,0.9686,1.0111,0.7398,6.5573000908,44.88
2011-03-08,1.3963944912,1.6164,82.69,0.9264100194,0.9712,1.0113,0.7409,6.546500206,45.03
2011-03-07,1.3990709782,1.6204,82.12,0.9261000156,0.9737,1.011,0.7363,6.5590000153,44.95
2011-03-04,1.3958877325,1.625,82.35,0.9319000244,0.9715,1.0111,0.7367,6.5623998642,44.89
2011-03-03,1.3866548538,1.6266,82.41,0.9233999848,0.9746,1.0131,0.7403,6.5626997948,45.04
2011-03-02,1.3771828413,1.6311,81.62,0.9283000231,0.9733,1.0157,0.7422,6.5609998703,44.81
2011-03-01,1.3821508884,1.6309,81.86,0.928820014,0.9742,1.0159,0.7508,6.5595002174,44.82
2011-02-28,1.3734377623,1.6247,81.94,0.9279999733,0.9737,1.0174,0.7522,6.5630002022,45.18
2011-02-25,1.3819980621,1.6078,81.76,0.9248200059,0.9808,1.0155,0.7514,6.564499855,45.26
2011-02-24,1.3764055967,1.6106,81.67,0.9319000244,0.9842,1.0088,0.7476,6.5659999847,45.4
2011-02-23,1.3673717976,1.6221,82.39,0.9375,0.9922,1.0001,0.7453,6.5689997673,45.06
2011-02-22,1.3682323694,1.6129,82.94,0.945900023,0.986,0.9992,0.749,6.559899807,45.15
2011-02-21,1.3713470697,,,0.9438999891,,,,6.5654997826,
2011-02-18,1.3626019955,1.6245,83.22,0.9494000077,0.9827,1.0144,0.7634,6.5736999512,45.1
2011-02-17,1.3575335741,1.6172,83.25,0.9590799809,0.9839,1.0116,0.7596,6.5785999298,45.25
2011-02-16,1.3498555422,1.6063,83.73,0.9659000039,0.9853,0.9984,0.7526,6.5813999176,45.4
2011-02-15,1.3481086493,1.6128,83.79,0.9704999924,0.9885,0.9989,0.7517,6.5852999687,45.41
2011-02-14,1.3510043621,1.6023,83.32,0.9736700058,0.9883,1.0024,0.7568,6.5798001289,45.44
2011-02-11,1.3601926565,1.5986,83.52,0.9685999751,0.99,1.0001,0.7592,6.5745000839,45.6
2011-02-10,1.3720997572,1.6132,83.11,0.9581999779,0.9955,1.0061,0.7678,6.5802001953,45.64
2011-02-09,1.3626948595,1.6089,82.47,0.9632999897,0.9946,1.0095,0.7712,6.5444998741,45.36
2011-02-08,1.3591942787,1.6091,81.92,0.9548000097,0.9905,1.0176,0.7775,6.5525999069,45.15
2011-02-07,1.3574967384,1.6111,82.4,0.9543799758,0.9885,1.0139,0.7706,6.548500061,45.35
2011-02-04,1.3624535799,1.6089,81.99,0.946269989,0.9899,1.0139,0.7688,6.548500061,45.6
2011-02-03,1.3817880154,1.6159,81.48,0.9395999908,0.9901,1.0143,0.7737,6.548500061,45.66
2011-02-02,1.38299191,1.6167,81.82,0.935199976,0.9883,1.0062,0.7794,6.5847997665,45.55
2011-02-01,1.3713847399,1.6124,81.48,0.9431999922,0.9921,1.0122,0.78,6.5947999954,45.65
2011-01-31,1.3572757244,1.6042,81.97,0.9417999983,1.002,0.9976,0.7735,6.5725002289,45.92
2011-01-28,1.3723068237,1.5838,82.03,0.9460399747,0.9989,0.9926,0.7724,6.5718998909,45.83
2011-01-27,1.3710086346,1.5905,83.03,0.9426000118,0.994,0.9907,0.7718,6.5720000267,45.68
2011-01-26,1.368606925,1.5886,82.27,0.9420999885,0.9954,0.9948,0.7663,6.5725998878,45.46
2011-01-25,1.3644053936,1.5818,82.35,0.9491999745,0.9984,0.991,0.764,6.5724000931,45.7
2011-01-24,1.3619525433,1.5995,82.44,0.9581999779,0.9933,1.0001,0.7643,6.5735998154,45.51
2011-01-21,1.346801281,1.5997,82.63,0.9667999744,0.9943,0.9892,0.758,6.5766000748,45.58
2011-01-20,1.3452069759,1.5875,83.02,0.9557999969,1.0001,0.9868,0.7562,6.5727000237,45.77
2011-01-19,1.3378105164,1.5991,82.03,0.9638000131,0.9938,1.003,0.772,6.5746002197,45.5
2011-01-18,1.3283917904,1.6,82.66,0.9646000266,0.9912,0.998,0.7705,6.5833001137,45.32
2011-01-17,1.3380253315,,,0.9636999965,,,,6.579199791,
2011-01-14,1.3353273869,1.5874,82.99,0.9638800025,0.9902,0.9886,0.768,6.5956997871,45.41
2011-01-13,1.3128355742,1.587,82.72,0.9671000242,0.9866,1.0003,0.77,6.5942001343,45.02
2011-01-12,1.2983977795,1.5716,83.29,0.9734699726,0.9864,0.9934,0.7598,6.6100001335,45.02
2011-01-11,1.296495676,1.5628,83.36,0.9659000039,0.9901,0.9873,0.7601,6.6259999275,45.08
2011-01-10,1.2895072699,1.5583,82.78,0.9666000009,0.9923,0.9936,0.7631,6.6174998283,45.36
2011-01-07,1.2979933023,1.556,83.04,0.9659000039,0.9932,0.9954,0.7582,6.6164999008,45.35
2011-01-06,1.3156856298,1.549,83.15,0.9658100009,0.9953,0.9959,0.7589,6.5774998665,45.15
2011-01-05,1.3321077824,1.5497,83.22,0.9472000003,0.9946,1.0003,0.7618,6.5970001221,45.35
2011-01-04,1.3356841803,1.5586,81.96,0.9342399836,0.9985,1.0044,0.7672,6.5799999237,44.9
2011-01-03,1.3357912302,1.549,81.56,0.9319999814,0.9903,1.02,0.7764,6.5915999413,44.59
2010-12-31,1.3301233053,,,0.934499979,,,,6.6124000549,
2010-12-30,1.3224539757,1.5392,81.67,0.9446300268,1.0009,1.0122,0.7687,6.6124000549,44.8
2010-12-29,1.3086265326,1.5463,81.9,0.9519299865,1.0004,1.0153,0.7654,6.6160001755,44.97
2010-12-28,1.318965435,1.5361,82.21,0.9585999846,1.0006,1.0112,0.7554,6.622399807,45
2010-12-27,1.3079760075,1.5382,82.91,0.9634000063,1.0086,1.0026,0.7479,6.6374998093,45.26
2010-12-24,1.3127149343,,,0.9574999809,,,,6.6374998093,
2010-12-23,1.3115441799,1.54,82.97,0.951399982,1.0095,1.0051,0.7489,6.6360001564,45.06
2010-12-22,1.3090033531,1.539,83.56,0.9578300118,1.0143,1.0003,0.7424,6.6484999657,45.05
2010-12-21,1.311802268,1.5462,83.76,0.9648000002,1.0173,0.9972,0.7438,6.6648001671,45.19
2010-12-20,1.3164995909,1.5521,83.72,0.9697999954,1.0176,0.9933,0.7423,6.6459999084,45.4
2010-12-17,1.3239947557,1.548,84.15,0.96450001,1.0125,0.9854,0.736,6.6560001373,45.16
2010-12-16,1.3224014044,1.5612,84.23,0.9671999812,1.0056,0.9866,0.7368,6.6449999809,45.54
2010-12-15,1.3360946178,1.5613,84.04,0.9610000253,1.0033,0.9917,0.7441,6.6449999809,45.38
2010-12-14,1.3395488262,1.5795,83.52,0.9678999782,1.0039,0.9998,0.7534,6.6564002037,45.01
2010-12-13,1.3197138309,1.5882,83.57,0.9818000197,1.0046,0.9942,0.7552,6.6472997665,45.18
2010-12-10,1.3242051601,1.5809,83.87,0.9829999804,1.0091,0.9856,0.7486,6.6449999809,45.1
2010-12-09,1.3250824213,1.5733,83.85,0.986199975,1.0098,0.9823,0.7467,6.6512999535,45.13
2010-12-08,1.3244681358,1.5792,84.16,0.9879000187,1.01,0.978,0.7482,6.6357002258,45
2010-12-07,1.3286918402,1.5802,83.04,0.9821000099,1.0093,0.9894,0.7615,6.6380000114,44.7
2010-12-06,1.3415975571,1.568,82.7,0.9747999907,1.0056,0.9883,0.7601,6.6532998085,44.89
2010-12-03,1.3215975761,1.5723,82.73,0.9926999807,1.0059,0.9877,0.7625,6.6512999535,44.9
2010-12-02,1.3124909401,1.561,83.53,1.0029000044,1.0045,0.9774,0.7561,6.6532001495,45.09
2010-12-01,1.299207449,1.5603,84,1.0025999546,1.016,0.9675,0.7497,6.6571002007,45.29
2010-11-30,1.3103927374,1.5578,83.56,1.0010999441,1.0266,0.9607,0.7445,6.6504998207,45.83
2010-11-29,1.3238019943,1.5557,84.34,1.0027999878,1.0227,0.9594,0.7447,6.6579999924,45.8
2010-11-26,1.3339736462,1.5616,84.08,1,1.0188,0.964,0.7505,6.6395001411,45.82
2010-11-25,1.3357912302,,,0.9944000244,,,,6.6440000534,
2010-11-24,1.3386342525,1.5774,83.38,0.9965999722,1.011,0.9822,0.7625,6.6343002319,45.72
2010-11-23,1.3601926565,1.5824,82.86,0.9878200293,1.024,0.973,0.7618,6.6322999001,45.56
2010-11-22,1.3744381666,1.5932,83.46,0.9922199845,1.0187,0.9867,0.7721,6.6279997826,45.48
2010-11-19,1.3657284975,1.5961,83.49,0.9954000115,1.0206,0.9846,0.7771,6.6234002113,45.25
2010-11-18,1.355399251,1.601,83.64,0.9907000065,1.0172,0.989,0.7773,6.6332998276,45.14
2010-11-17,1.3490543365,1.5941,83.15,0.9962999821,1.0205,0.9821,0.772,6.6294999123,45.09
2010-11-16,1.3574783802,1.5881,83.41,0.9850999713,1.0231,0.9755,0.7674,6.6331000328,45.51
2010-11-15,1.3693190813,1.6064,82.9,0.9790999889,1.0064,0.9904,0.777,6.6282000542,45.11
2010-11-12,1.3621008396,1.6172,82.44,0.9763000011,1.0079,0.9906,0.7766,6.6149997711,44.78
2010-11-11,1.3775622845,,,0.9705399871,,,,6.6244997978,
2010-11-10,1.3772017956,1.6071,82.53,0.9682999849,1.0016,1.0025,0.7811,6.6335000992,44.28
2010-11-09,1.386962533,1.605,81.15,0.9672999978,1.0013,1.012,0.7867,6.6711997986,44.25
2010-11-08,1.4075784683,1.615,81.14,0.9603999853,1.0021,1.0134,0.7902,6.6458001137,44.29
2010-11-05,1.4227989912,1.6211,81.35,0.9578899741,1.0012,1.0138,0.7944,6.652299881,43.9
2010-11-04,1.4127286673,1.6282,80.61,0.9720000029,1.0022,1.0143,0.7946,6.6652002335,44.08
2010-11-03,1.4036072493,1.608,81.41,0.9793999791,1.009,0.9967,0.7753,6.6686000824,44.38
2010-11-02,1.391091466,1.601,80.8,0.9919000268,1.0098,0.999,0.7717,6.6828999519,44
2010-11-01,1.3975068331,1.605,80.66,0.9821000099,1.0133,0.9878,0.7676,6.6606998444,44.36
2010-10-29,1.3778089285,1.602,80.48,0.9897800088,1.0187,0.9798,0.7625,6.6764998436,44.44
2010-10-28,1.3778089285,1.5945,80.99,0.9897800088,1.0194,0.9787,0.7548,6.6694002151,44.36
2010-10-27,1.38542521,1.5782,81.55,0.9840400219,1.0321,0.9699,0.7436,6.6515002251,44.4
2010-10-26,1.3948947191,1.5871,81.28,0.9719600081,1.022,0.9863,0.7498,6.6482000351,44.54
2010-10-25,1.3944084644,1.5748,80.61,0.9774900079,1.0197,0.9933,0.7538,6.6490001678,44.39
2010-10-22,1.3916915655,1.5677,81.48,0.9677000046,1.0262,0.9784,0.7451,6.6388001442,44.52
2010-10-21,1.3963165283,1.5753,81.16,0.9617999792,1.0232,0.9838,0.7501,6.6405000687,44.25
2010-10-20,1.3739094734,1.5857,81.14,0.9707000256,1.0245,0.9848,0.7536,6.6346001625,44.25
2010-10-19,1.3935922384,1.5739,81.6,0.9589099884,1.0298,0.9758,0.7493,6.6342000961,44.3
2010-10-18,1.3964334726,1.5907,81.16,0.9584100246,1.0145,0.9917,0.7571,6.631000042,44.26
2010-10-15,1.4072020054,1.6027,81.32,0.9530100226,1.0108,0.9883,0.7558,6.6434001923,44.15
2010-10-14,1.3967260122,1.5992,81.44,0.9577999711,1.0036,0.9943,0.7584,6.6560001373,44.05
2010-10-13,1.3916915655,1.5843,81.81,0.9571800232,1.0028,0.9922,0.7625,6.6645002365,44.35
2010-10-12,1.3880213499,1.5799,81.74,0.9642000198,1.0111,0.9848,0.7536,6.6589999199,44.55
2010-10-11,1.3977607489,,,0.9615799785,,,,6.6620001793,
2010-10-08,1.3927963972,1.5951,81.86,0.9656000137,1.0138,0.9866,0.7545,6.6799998283,44.39
2010-10-07,1.3920016289,1.593,82.35,0.962100029,1.0167,0.9815,0.7496,6.6817998886,44.21
2010-10-06,1.3833937645,1.5903,82.8,0.9660000205,1.0073,0.9781,0.7546,6.6799998283,44.25
2010-10-05,1.3674091101,1.5915,83.17,0.9715999961,1.0169,0.9699,0.7486,6.6799998283,44.46
2010-10-04,1.3776950836,1.5849,83.33,0.976000011,1.0235,0.9666,0.7413,6.6799998283,44.55
2010-10-01,1.3622123003,1.5829,83.3,0.9839000106,1.0214,0.971,0.7423,6.6831002235,44.41
2010-09-30,1.362806201,1.5731,83.53,0.9767000079,1.0293,0.964,0.7329,6.6784000397,44.56
2010-09-29,1.3570915461,1.5812,83.61,0.9763000011,1.03,0.9714,0.7382,6.6809000969,44.8
2010-09-28,1.3439054489,1.5808,83.82,0.9855999947,1.0305,0.9673,0.7387,6.6823000908,45.04
2010-09-27,1.3479087353,1.5851,84.17,0.9845700264,1.026,0.9622,0.735,6.6939997673,44.94
2010-09-24,1.3319126368,1.5829,84.24,0.9853000045,1.0262,0.9584,0.734,6.6939997673,45.1
2010-09-23,1.3391003609,1.5723,84.32,0.9865999818,1.0307,0.9538,0.732,6.6939997673,45.56
2010-09-22,1.3256973028,1.5649,84.37,0.9972000122,1.0325,0.9536,0.7354,6.6967000961,45.56
2010-09-21,1.30669415,1.5551,85.36,1.0046999454,1.0314,0.9475,0.7282,6.7038002014,45.59
2010-09-20,1.3043931723,1.5564,85.74,1.0094499588,1.028,0.9479,0.7298,6.7168998718,45.65
2010-09-17,1.3075997829,1.5635,85.77,1.0154399872,1.0331,0.9378,0.7263,6.7144999504,45.88
2010-09-16,1.3015071154,1.5612,85.72,1.0020899773,1.0274,0.9351,0.7227,6.7294998169,46.14
2010-09-15,1.2991737127,1.5641,85.63,0.9954000115,1.0281,0.9397,0.733,6.736000061,46.23
2010-09-14,1.2872000933,1.5559,83.05,1.0078999996,1.0219,0.9436,0.7375,6.7497000694,46.15
2010-09-13,1.2716983557,1.5466,83.53,1.0196399689,1.0277,0.9359,0.7337,6.76060009,46.26
2010-09-10,1.2693094015,1.5387,84.13,1.0152000189,1.0357,0.9258,0.7278,6.7727999687,46.28
2010-09-09,1.2732040882,1.5448,83.83,1.0110000372,1.0323,0.9248,0.7266,6.7866997719,46.3
2010-09-08,1.2677966356,1.5513,83.85,1.0110000372,1.0359,0.9185,0.7233,6.7810997963,46.5
2010-09-07,1.2868356705,1.5315,83.75,1.0103000402,1.0426,0.9143,0.7217,6.7769999504,46.82
2010-09-06,1.2894074917,,,1.016299963,,,,6.7933001518,
2010-09-03,1.2825939655,1.5452,84.45,1.0127999783,1.0411,0.9155,0.721,6.7960000038,46.58
2010-09-02,1.2802950144,1.5393,84.15,1.0149600506,1.052,0.9104,0.7152,6.8008999825,46.65
2010-09-01,1.2687295675,1.5472,84.48,1.0142999887,1.0497,0.9093,0.7128,6.7987999916,46.74
2010-08-31,1.2665922642,1.5358,84.1,1.0251400471,1.064,0.891,0.6995,6.7933001518,47.02
2010-08-30,1.275396347,1.5473,84.67,1.0285999775,1.0561,0.894,0.7089,6.7880001068,46.87
2010-08-27,1.2706480026,1.5528,85.1,1.0243999958,1.0547,0.8979,0.7106,6.7902002335,46.8
2010-08-26,1.2663998604,1.5574,84.61,1.0292999744,1.0545,0.8881,0.7043,6.7895002365,46.78
2010-08-25,1.2632961273,1.546,84.56,1.0317000151,1.064,0.8807,0.698,6.7869000435,46.87
2010-08-24,1.2635036707,1.5471,84.16,1.0413000584,1.0563,0.8862,0.7069,6.7899999619,46.86
2010-08-23,1.2710033655,1.5532,85.16,1.0352100134,1.0512,0.893,0.708,6.7807998657,46.5
2010-08-20,1.2808033228,1.5515,85.63,1.0325000286,1.0499,0.8881,0.7025,6.7800002098,45.7
2010-08-19,1.2856445312,1.5612,85.27,1.0422999859,1.0397,0.8928,0.7071,6.7800002098,46.35
2010-08-18,1.2879958153,1.5619,85.31,1.0436099768,1.0286,0.8995,0.7159,6.7822999954,46.54
2010-08-17,1.2811970711,1.5586,85.51,1.0393999815,1.0311,0.9067,0.7144,6.7940998077,46.6
2010-08-16,1.2770903111,1.5679,85.33,1.0503400564,1.0429,0.8976,0.7086,6.7859997749,46.68
2010-08-13,1.2829889059,1.558,86.2,1.0498000383,1.04,0.8955,0.708,6.7747998238,46.61
2010-08-12,1.2844060659,1.5573,85.83,1.0597800016,1.0433,0.8964,0.7098,6.7637000084,46.7
2010-08-11,1.3184958696,1.5688,85.36,1.0477000475,1.0455,0.9006,0.7175,6.7630000114,46.66
2010-08-10,1.3229963779,1.5776,85.88,1.0482000113,1.0347,0.9086,0.7204,6.7554998398,46.3
2010-08-09,1.3285682201,1.5945,85.88,1.037899971,1.0266,0.917,0.7298,6.7582998276,46.07
2010-08-06,1.3181308508,1.5979,85.25,1.0460000038,1.0272,0.9165,0.7295,6.7614998817,45.94
2010-08-05,1.3158068657,1.586,85.83,1.0534000397,1.0154,0.9131,0.7269,6.7630000114,46.06
2010-08-04,1.3225064278,1.5887,86.26,1.0393999815,1.0184,0.916,0.7348,6.7637000084,46.02
2010-08-03,1.3225064278,1.5941,85.88,1.0394300222,1.0219,0.915,0.735,6.7637000084,46.11
2010-08-02,1.3175925016,1.5897,86.42,1.0391999483,1.0227,0.9135,0.7339,6.7642998695,46.09
2010-07-30,1.3039000034,1.5714,86.43,1.0407999754,1.0293,0.9051,0.7261,6.7652001381,46.35
2010-07-29,1.3078050613,1.5591,86.87,1.0400999784,1.0368,0.8981,0.722,6.7670001984,46.53
2010-07-28,1.2992243767,1.5611,87.62,1.0568000078,1.0356,0.8929,0.7273,6.7683000565,46.7
2010-07-27,1.2990893126,1.5538,87.88,1.0607000589,1.0357,0.9017,0.7329,6.7676000595,46.25
2010-07-26,1.2998999357,1.549,87.2,1.0485099554,1.0312,0.8998,0.7321,6.7695999146,47.04
2010-07-23,1.2913056612,1.5425,87.31,1.0530999899,1.0376,0.8946,0.7286,6.7694997787,46.9
2010-07-22,1.2903059721,1.5283,87,1.0422999859,1.0373,0.892,0.7239,6.7680997849,47.12
2010-07-21,1.2767968178,1.5201,87.3,1.0500999689,1.0422,0.8824,0.7177,6.7684998512,47.08
2010-07-20,1.2893077135,1.5255,87.22,1.0515999794,1.0526,0.8788,0.7123,6.7684998512,47.23
2010-07-19,1.2939456701,1.5222,86.77,1.0549999475,1.0557,0.8692,0.7065,6.7690000534,47.1
2010-07-16,1.293192625,1.5289,86.4,1.0503000021,1.0536,0.8707,0.7112,6.7645998001,46.7
2010-07-15,1.292858243,1.5376,87.41,1.0420000553,1.0401,0.8781,0.7226,6.7655000687,46.5
2010-07-14,1.2740476131,1.5284,88.59,1.0520000458,1.0304,0.8854,0.7244,6.7631001472,46.71
2010-07-13,1.2720866203,1.5175,88.24,1.0544999838,1.0281,0.8821,0.7195,6.7623000145,46.74
2010-07-12,1.2590018511,1.5016,88.53,1.0610599518,1.0377,0.8733,0.7095,6.7617001534,46.66
2010-07-09,1.2643983364,1.5095,88.48,1.0578999519,1.0328,0.8753,0.7088,6.7638001442,46.66
2010-07-08,1.2694060802,1.5157,88.44,1.0496000051,1.041,0.8767,0.7085,6.7656002045,46.865
2010-07-07,1.2633121014,1.5179,87.16,1.0520000458,1.0525,0.8568,0.6976,6.7680001259,46.96
2010-07-06,1.2624031305,1.518,87.55,1.0597000122,1.0497,0.8555,0.6972,6.7705001831,46.76
2010-07-05,1.253698349,,,1.0637999773,,,,6.7663998604,
2010-07-02,1.2571026087,1.5179,87.69,1.0618000031,1.0647,0.8432,0.6899,6.7616000175,46.55
2010-07-01,1.2507504225,1.5126,87.42,1.0607999563,1.0622,0.838,0.6867,6.7709999084,46.59
2010-06-30,1.2230023146,1.4947,88.49,1.0778000355,1.0606,0.848,0.6901,6.771999836,46.41
2010-06-29,1.2186353207,1.5081,88.39,1.0819900036,1.0531,0.8525,0.6942,6.7890000343,46.4
2010-06-28,1.2277017832,1.5098,89.23,1.087100029,1.0337,0.8738,0.7089,6.7841000557,46.2
2010-06-25,1.2373021841,1.4985,89.35,1.0923999548,1.0369,0.8682,0.7099,6.7821998596,46.36
2010-06-24,1.2337453365,1.4986,89.4,1.1016000509,1.0429,0.8671,0.7057,6.7909998894,46.4775
2010-06-23,1.231906414,1.4952,89.82,1.1045000553,1.039,0.8739,0.7136,6.8003997803,46.185
2010-06-22,1.2275059223,1.485,90.59,1.1073999405,1.0201,0.8791,0.7087,6.8020000458,46
2010-06-21,1.2316029072,1.4826,91.18,1.1104999781,1.0197,0.8818,0.7127,6.7870998383,45.64
2010-06-18,1.2392956018,1.4787,90.79,1.1080000401,1.0237,0.8699,0.7052,6.8186001778,45.96
2010-06-17,1.2382061481,1.4806,90.92,1.1115000248,1.0283,0.8648,0.7023,6.8193001747,46.22
2010-06-16,1.2311935425,1.4838,91.39,1.1305999756,1.0236,0.8648,0.6991,6.8232998848,46.43
2010-06-15,1.231906414,1.4827,91.25,1.1338000298,1.0287,0.8616,0.6965,6.8232998848,46.41
2010-06-14,1.2218068838,1.477,91.8,1.1427600384,1.0251,0.8634,0.7001,6.8232998848,46.4
2010-06-11,1.211401701,1.4545,91.72,1.148900032,1.0329,0.8493,0.689,6.8222999573,46.76
2010-06-10,1.2109030485,1.4674,91.04,1.1432800293,1.0336,0.8469,0.685,6.8190999031,46.89
2010-06-09,1.1991989613,1.4585,91.54,1.1478799582,1.0395,0.8337,0.6725,6.8192000389,46.95
2010-06-08,1.1972032785,1.4422,91.3,1.1524000168,1.0517,0.8232,0.6652,6.8194999695,46.82
2010-06-07,1.1922929287,1.4498,92,1.162700057,1.0537,0.8192,0.664,6.8206000328,47.08
2010-06-04,1.1971030235,1.4493,91.83,1.1620999575,1.0516,0.8279,0.6728,6.8186998367,46.85
2010-06-03,1.2169446945,1.4616,92.33,1.1561000347,1.0413,0.842,0.6824,6.8200001717,46.55
2010-06-02,1.2239003181,1.4641,92.21,1.1552000046,1.0404,0.8355,0.6787,6.8213000298,46.89
2010-06-01,1.2233014107,1.4673,91.16,1.1555000544,1.0476,0.8396,0.6813,6.8187999725,47.08
2010-05-31,1.2287880182,,,1.1562999487,,,,6.8180999756,
2010-05-28,1.2274005413,1.4492,90.81,1.1591000557,1.0497,0.8491,0.6798,6.8203001022,46.31
2010-05-27,1.2347966433,1.4569,90.71,1.1529999971,1.0491,0.8467,0.6819,6.820499897,46.71
2010-05-26,1.2173002958,1.4401,90.28,1.15989995,1.0647,0.8291,0.6664,6.8179998398,47.1
2010-05-25,1.2345983982,1.4352,89.89,1.1571999788,1.0776,0.8172,0.6657,6.8213000298,47.49
2010-05-24,1.2349948883,1.4437,90.49,1.1591800451,1.0587,0.8324,0.6752,6.8162999153,46.97
2010-05-21,1.2567076683,1.4466,90.21,1.1478999853,1.0564,0.8302,0.6803,6.8162999153,46.9
2010-05-20,1.2478941679,1.4344,90.07,1.1499999762,1.0656,0.825,0.6699,6.8179001808,46.8
2010-05-19,1.2393416166,1.4349,91.16,1.1523200274,1.051,0.838,0.6707,6.8175001144,46.27
2010-05-18,1.217893362,1.4439,92.52,1.149799943,1.0329,0.8727,0.6979,6.8169999123,45.51
2010-05-17,1.2392956018,1.4388,92.08,1.1316900253,1.04,0.8735,0.694,6.8176999092,45.51
2010-05-14,1.236002326,1.4557,91.94,1.1332000494,1.0343,0.8886,0.7113,6.8165998459,45.2
2010-05-13,1.2541072369,1.4659,92.7,1.117200017,1.0148,0.8998,0.7176,6.8175997734,45
2010-05-12,1.2639029026,1.4855,92.93,1.1101000309,1.0197,0.8926,0.7134,6.8175997734,45.08
2010-05-11,1.2629930973,1.4952,92.83,1.1116499901,1.0193,0.899,0.7208,6.8176999092,45.1
2010-05-10,1.2779226303,1.498,93.39,1.1095000505,1.0245,0.9016,0.7221,6.8165998459,44.84
2010-05-07,1.2756078243,1.4739,91.67,1.1100000143,1.0423,0.889,0.715,6.8157000542,45.4
2010-05-06,1.2632961273,1.4889,92.22,1.1137000322,1.0437,0.8939,0.7143,6.8168001175,45.29
2010-05-05,1.2814927101,1.5134,94.3,1.1177999973,1.0264,0.9095,0.7181,6.8171000481,44.82
2010-05-04,1.2963947058,1.5135,94.58,1.1048300266,1.0215,0.9125,0.7232,6.8162999153,44.62
2010-05-03,1.3199926615,1.5242,94.68,1.0853999853,1.0134,0.9255,0.7307,6.8150000572,44.46
2010-04-30,1.3298048973,1.5308,94.24,1.075600028,1.0112,0.9306,0.732,6.8159999847,44.2
2010-04-29,1.3262951374,1.5303,94.16,1.0816999674,1.0052,0.9277,0.723,6.81580019,44.61
2010-04-28,1.3212832212,1.516,94.07,1.084800005,1.0125,0.922,0.7167,6.8150000572,44.54
2010-04-27,1.3170719147,1.5285,93.01,1.0877399445,1.0169,0.917,0.711,6.8165998459,44.41
2010-04-26,1.3401232958,1.5466,94.06,1.0711100101,1.0009,0.9273,0.7238,6.8175997734,44.33
2010-04-23,1.3384014368,1.5363,94.18,1.0719000101,1.0026,0.9229,0.7146,6.8179998398,44.42
2010-04-22,1.3269991875,1.5368,93.01,1.0798000097,1.0014,0.9246,0.7094,6.8164000511,44.52
2010-04-21,1.3389928341,1.5397,93.24,1.0700000525,0.9983,0.9278,0.7091,6.8171000481,44.54
2010-04-20,1.3435082436,1.5375,93.28,1.0683000088,0.9984,0.9312,0.7116,6.8158998489,44.5
2010-04-19,1.3487267494,1.5263,92.18,1.0628999472,1.0199,0.9185,0.707,6.8159999847,44.72
2010-04-16,1.3504024744,1.5395,92.03,1.0613000393,1.0145,0.9252,0.7079,6.8161001205,44.3
2010-04-15,1.3574045897,1.5465,93.04,1.0563999414,1.0013,0.9322,0.7107,6.81580019,44.32
2010-04-14,1.3655978441,1.5484,93.01,1.0513600111,0.996,0.9359,0.7148,6.8158998489,44.2
2010-04-13,1.3608589172,1.5416,92.78,1.0543999672,1.0029,0.9274,0.7132,6.8161001205,44.4675
2010-04-12,1.3596007824,1.5368,93.21,1.0593999624,1.0015,0.9297,0.7134,6.8158998489,44.41
2010-04-09,1.3500925303,1.5371,93.28,1.0662000179,1.0055,0.9326,0.716,6.8133997917,44.1
2010-04-08,1.33611238,1.5272,93.16,1.0731500387,1.0019,0.9283,0.7068,6.8154997826,44.41
2010-04-07,1.334846139,1.5246,93.59,1.073300004,1.0028,0.9287,0.7079,6.8154001236,44.44
2010-04-06,1.340195179,1.523,93.81,1.0686399937,1.0001,0.9254,0.701,6.8159999847,44.41
2010-04-05,1.348908782,1.5284,94.28,1.0621999502,1.0025,0.921,0.7048,6.8164000511,44.39
2010-04-02,1.3504936695,1.5197,94.51,1.0609999895,1.011,0.9187,0.706,6.8164000511,44.74
2010-04-01,1.3584003448,1.529,93.83,1.0544500351,1.0073,0.9212,0.7079,6.8164000511,44.79
2010-03-31,1.3508037329,1.5186,93.4,1.0536600351,1.0156,0.9169,0.7098,6.8158998489,44.95
2010-03-30,1.3424079418,1.509,92.89,1.0657999516,1.0189,0.9183,0.7094,6.8161001205,45.06
2010-03-29,1.3481086493,1.4969,92.65,1.0623999834,1.0201,0.9152,0.7088,6.8166999817,44.94
2010-03-26,1.3410038948,1.4906,92.56,1.0647000074,1.0283,0.9042,0.7036,6.8169999123,45.16
2010-03-25,1.3307074308,1.4884,92.69,1.0715999603,1.0188,0.9119,0.7085,6.8173999786,45.5
2010-03-24,1.3331022263,1.4914,91.89,1.0716999769,1.0268,0.909,0.7023,6.8171000481,45.4
2010-03-23,1.346801281,1.5067,90.24,1.0571000576,1.0176,0.9186,0.7067,6.8165998459,45.5
2010-03-22,1.3567048311,1.5071,90.02,1.0575699806,1.0193,0.9154,0.7054,6.8168001175,45.52
2010-03-19,1.3536928892,1.5014,90.5,1.0604000092,1.0153,0.9164,0.7091,6.8165001869,45.31
2010-03-18,1.3613963127,1.5247,90.46,1.057000041,1.0139,0.9201,0.7135,6.8175001144,45.45
2010-03-17,1.3738338947,1.5296,90.42,1.0542000532,1.011,0.9225,0.716,6.8169999123,45.28
2010-03-16,1.3768794537,1.5192,90.43,1.0550999641,1.0147,0.9148,0.7073,6.8159999847,45.45
2010-03-15,1.3677457571,1.5043,90.45,1.0614999533,1.0216,0.9117,0.6999,6.8161001205,45.55
2010-03-12,1.3769931793,1.5188,90.46,1.0566999912,1.0187,0.9152,0.7006,6.8154001236,45.48
2010-03-11,1.3685319424,1.5052,90.6,1.0681999922,1.0262,0.915,0.6996,6.8161997795,45.49
2010-03-10,1.364331007,1.4977,90.62,1.0705000162,1.0241,0.917,0.7079,6.8161001205,45.35
2010-03-09,1.3606922626,1.5003,89.89,1.0743000507,1.0249,0.9138,0.7027,6.8173999786,45.6
2010-03-08,1.3616927862,1.506,90.3,1.074000001,1.0286,0.9084,0.6988,6.8169999123,45.5
2010-03-05,1.3628991842,1.5115,90.32,1.0750999451,1.0284,0.9065,0.6952,6.8165001869,45.49
2010-03-04,1.3584003448,1.5031,89.02,1.0770000219,1.0307,0.8997,0.6875,6.8165998459,45.82
2010-03-03,1.3701633215,1.5124,88.43,1.0674999952,1.0286,0.9077,0.6949,6.8158998489,45.55
2010-03-02,1.3620638847,1.494,88.95,1.0741000175,1.0325,0.9043,0.6962,6.8175001144,46.01
2010-03-01,1.356208086,1.4974,89.28,1.0789999962,1.0421,0.9001,0.6991,6.8164000511,46.01
2010-02-26,1.3631035089,1.5239,88.84,1.073300004,1.052,0.8961,0.7,6.8166999817,46.05
2010-02-25,1.3536012173,1.5201,88.85,1.081099987,1.0675,0.8811,0.6861,6.8168997765,46.29
2010-02-24,1.3543162346,1.5432,90.06,1.0808000565,1.0551,0.8941,0.6935,6.8169999123,46.27
2010-02-23,1.3527040482,1.5464,90.04,1.0822000504,1.0517,0.8935,0.695,6.8182001114,46.25
2010-02-22,1.3605626822,1.5477,91.11,1.0755000114,1.0428,0.8994,0.701,6.8179001808,46.15
2010-02-19,1.3615074158,1.5437,91.94,1.075799942,1.0419,0.8954,0.6959,6.8190999031,46.24
2010-02-18,1.3461486101,1.5582,91.43,1.0877000093,1.045,0.8971,0.7016,6.8234000206,46.2
2010-02-17,1.3606922626,1.5704,90.79,1.0775799751,1.0455,0.8994,0.7042,6.8234000206,46
2010-02-16,1.3767088652,1.5732,90.46,1.0657999516,1.0427,0.8994,0.7049,6.8234000206,45.99
2010-02-15,1.3603036404,,,1.0770000219,,,,6.8234000206,
2010-02-12,1.3634938002,1.5669,90,1.0750999451,1.0529,0.8839,0.695,6.8235001564,46.44
2010-02-11,1.3681762218,1.5674,89.82,1.0707000494,1.0522,0.8886,0.7,6.823800087,46.39
2010-02-10,1.3753266335,1.5606,89.88,1.0664000511,1.0667,0.874,0.6922,6.8189997673,46.36
2010-02-09,1.3782078028,1.5679,89.45,1.0651999712,1.069,0.8772,0.694,6.8165998459,46.49
2010-02-08,1.36546731,1.565,89.32,1.0728000402,1.0692,0.8693,0.6878,6.8169999123,46.79
2010-02-05,1.3680077791,1.5619,89.25,1.0721999407,1.0727,0.8617,0.684,6.818500042,46.72
2010-02-04,1.374494791,1.5763,89.11,1.0656000376,1.0735,0.8646,0.6873,6.8168997765,46.21
2010-02-03,1.3901052475,1.5915,91.11,1.0580999851,1.0608,0.8818,0.7079,6.8168997765,45.97
2010-02-02,1.3976240158,1.5968,90.39,1.054700017,1.0607,0.8843,0.7116,6.8150000572,46.11
2010-02-01,1.3926994801,1.5924,90.8,1.0563999414,1.0651,0.8877,0.7066,6.8169999123,46.27
2010-01-29,1.3866932392,1.6009,90.38,1.0607999563,1.0652,0.8873,0.7046,6.8168997765,46.08
2010-01-28,1.3968042135,1.6242,90.08,1.0518000126,1.0584,0.9024,0.7119,6.8168997765,46.35
2010-01-27,1.4030951262,1.6204,89.41,1.0497000217,1.0657,0.8967,0.707,6.8169999123,46.3
2010-01-26,1.4082324505,1.6109,89.63,1.0458999872,1.0669,0.8949,0.704,6.8165998459,
2010-01-25,1.4150075912,1.6236,90.12,1.0399999619,1.0582,0.903,0.7143,6.8168997765,46.06
2010-01-22,1.4141070843,1.612,90.07,1.0418000221,1.0561,0.905,0.713,6.8169999123,46.21
2010-01-21,1.4097015858,1.6214,90.25,1.0415999889,1.0483,0.9053,0.7142,6.8176999092,46.1
2010-01-20,1.4110342264,1.6287,91.23,1.0435999632,1.0477,0.9085,0.7195,6.8172998428,46.1
2010-01-19,1.4281021357,1.637,91.13,1.0326000452,1.0325,0.9232,0.7381,6.8168001175,45.84
2010-01-18,1.4406731129,,,1.0235999823,,,,6.8168001175,
2010-01-15,1.4390974045,1.624,90.79,1.0248999596,1.0287,0.9234,0.738,6.8169999123,45.8
2010-01-14,1.4499897957,1.632,91.03,1.018599987,1.026,0.9306,0.7425,6.8169999123,45.55
2010-01-13,1.4523905516,1.6288,91.38,1.0176000595,1.0319,0.9225,0.7394,6.8168001175,45.47
2010-01-12,1.4476599693,1.6181,90.95,1.0188000202,1.0374,0.9242,0.7416,6.8165998459,45.6
2010-01-11,1.4511260986,1.6146,91.9,1.0167000294,1.0317,0.9295,0.7423,6.8165001869,45.35
2010-01-08,1.4411090612,1.5993,92.7,1.0235999823,1.0345,0.9218,0.7338,6.8175001144,45.5
2010-01-07,1.4318032265,1.5912,93.31,1.0335999727,1.0351,0.9168,0.7325,6.817800045,45.67
2010-01-06,1.4404033422,1.6016,92.53,1.02760005,1.0333,0.9189,0.7355,6.8182997704,45.72
2010-01-05,1.4365959167,1.6009,91.48,1.0336999893,1.0371,0.9143,0.7357,6.8169999123,46.13
2010-01-04,1.4423978329,1.6109,92.55,1.0290999413,1.0377,0.9133,0.7327,6.8168997765,46.27
2010-01-01,1.4389938116,,,1.0339000225,,,,,
2009-12-31,1.4327058792,1.6167,93.08,1.0341999531,1.0461,0.8979,0.7255,6.8305001259,46.4
2009-12-30,1.4342057705,1.605,92.66,1.0361000299,1.0523,0.8945,0.7213,6.8172001839,46.56
2009-12-29,1.4343086481,1.5892,91.95,1.0375000238,1.04,0.8969,0.7198,6.8186998367,46.56
2009-12-28,1.43750453,1.6001,91.57,1.035400033,1.043,0.8875,0.7089,6.8199000359,46.44
2009-12-25,1.4399055243,,,1.0341999531,,,,,
2009-12-24,1.4384970665,1.5941,91.69,1.0369000435,1.0485,0.8828,0.705,6.8330001831,46.72
2009-12-23,1.4336096048,1.5955,91.52,1.0390000343,1.0476,0.8811,0.7057,6.8179998398,46.8
2009-12-22,1.4254355431,1.5956,91.67,1.0480999947,1.0555,0.8777,0.7023,6.8189997673,46.78
2009-12-21,1.4286735058,1.6083,90.95,1.0454000235,1.0592,0.8833,0.7088,6.8183999062,46.8
2009-12-18,1.4349054098,1.6083,90.47,1.0428999662,1.0679,0.8866,0.709,6.818500042,46.69
2009-12-17,1.4346996546,1.6135,90.35,1.046399951,1.0713,0.8855,0.7099,6.8196001053,46.85
2009-12-16,1.4526016712,1.6369,89.52,1.0390000343,1.0579,0.9014,0.7223,6.8186998367,46.57
2009-12-15,1.4542070627,1.6234,89.91,1.0398999453,1.0622,0.9066,0.7218,6.8186001778,46.7
2009-12-14,1.4656953812,1.6285,88.65,1.0313999653,1.059,0.9156,0.7289,6.8193001747,46.65
2009-12-11,1.4619027376,1.6236,89.23,1.0350999832,1.0583,0.9112,0.7239,6.817800045,46.47
2009-12-10,1.4729492664,1.6257,88.2,1.0257999897,1.0518,0.9163,0.7295,6.8165998459,46.5
2009-12-09,1.4737958908,1.6242,87.83,1.0257999897,1.055,0.9077,0.7125,6.8183999062,46.51
2009-12-08,1.4697020054,1.6302,88.41,1.027799964,1.0599,0.9083,0.7104,6.8179001808,46.6
2009-12-07,1.4841198921,1.6429,89.44,1.0183999538,1.0508,0.913,0.713,6.8187999725,46.45
2009-12-04,1.4857074022,1.6515,89.87,1.0163999796,1.0515,0.9149,0.7169,6.8165998459,46.1
2009-12-03,1.5065459013,1.6578,88.2,0.9998999834,1.0539,0.9265,0.7233,6.8166999817,46
2009-12-02,1.5069773197,1.6641,87.13,1.0004999638,1.0465,0.9262,0.7237,6.8168001175,46.24
2009-12-01,1.509001255,1.6626,86.62,0.9987999797,1.043,0.9249,0.7285,6.8183999062,46.21
2009-11-30,1.5038950443,1.6409,86.12,1.0031000376,1.057,0.9143,0.7151,6.8172001839,46.44
2009-11-27,1.4990930557,1.6494,86.87,1.005300045,1.062,0.9089,0.7113,6.818500042,46.55
2009-11-26,1.4972974062,,,1.0048999786,,,,6.8165998459,
2009-11-25,1.5127906799,1.6671,87.65,0.996999979,1.0499,0.9282,0.7294,6.818500042,46.18
2009-11-24,1.4966698885,1.6577,88.58,1.0083999634,1.0608,0.9169,0.7238,6.8187999725,46.31
2009-11-23,1.4961996078,1.6599,89.14,1.0097999573,1.055,0.9247,0.7342,6.8217000961,46.4
2009-11-20,1.4863920212,1.6529,88.9,1.0166000128,1.0698,0.9155,0.7252,6.8175997734,46.63
2009-11-19,1.4916245937,1.6658,88.95,1.013299942,1.0634,0.9186,0.731,6.817800045,46.73
2009-11-18,1.4953942299,1.6756,89.36,1.0101000071,1.0496,0.9302,0.7465,6.8168997765,46.2
2009-11-17,1.4876967669,1.6768,89.41,1.0157999992,1.0589,0.9264,0.743,6.817800045,46.2
2009-11-16,1.4983743429,1.6795,89.28,1.0069999695,1.0458,0.9369,0.747,6.8165001869,46.06
2009-11-13,1.4908906221,1.6657,89.55,1.0124000311,1.05,0.9311,0.7418,6.8162999153,46.24
2009-11-12,1.4856854677,1.6543,90.4,1.0164999962,1.0513,0.9248,0.7336,6.8165998459,46.6
2009-11-11,1.4983967543,,,1.0078999996,,,,6.8164000511,
2009-11-10,1.4989807606,1.6681,89.82,1.0073000193,1.0516,0.9278,0.7409,6.817800045,46.3
2009-11-09,1.5008028746,1.6721,89.92,1.0072000027,1.0563,0.9293,0.7414,6.8165001869,46.36
2009-11-06,1.4848912954,1.6586,89.86,1.0169999599,1.0717,0.9164,0.7243,6.8173999786,46.83
2009-11-05,1.4878073931,1.6565,90.45,1.0159000158,1.0649,0.9083,0.7189,6.8175997734,46.93
2009-11-04,1.4869003296,1.6571,90.96,1.0154999495,1.0644,0.9087,0.725,6.8186001778,46.94
2009-11-03,1.4731012583,1.6383,90.3,1.0255000591,1.0701,0.8985,0.7178,6.8179998398,47.37
2009-11-02,1.4774104357,1.641,90.56,1.0219000578,1.0742,0.9083,0.7225,6.8189001083,46.81
2009-10-30,1.4732965231,1.6479,90.5,1.0264999866,1.0767,0.9038,0.723,6.8175001144,46.9
2009-10-29,1.4840097427,1.6559,91.41,1.0181000233,1.0702,0.9143,0.7321,6.8196001053,47.18
2009-10-28,1.4718002081,1.6375,91.07,1.0262000561,1.0757,0.9013,0.7318,6.8187999725,47.16
2009-10-27,1.4817010164,1.6334,92.04,1.0207999945,1.0644,0.9163,0.7456,6.8200998306,46.93
2009-10-26,1.4861712456,1.6351,91.96,1.0188000202,1.0618,0.92,0.7495,6.817800045,46.68
2009-10-23,1.5010056496,1.6351,91.88,1.0082999468,1.0507,0.9255,0.7567,6.8180999756,46.41
2009-10-22,1.5041891336,1.6595,91.42,1.0039999485,1.0476,0.9223,0.7541,6.8172998428,46.59
2009-10-21,1.5006902218,1.661,91.04,1.0061999559,1.0413,0.9275,0.7564,6.8171000481,46.34
2009-10-20,1.4934512377,1.638,90.83,1.0121999979,1.0494,0.9209,0.7459,6.8161001205,46.24
2009-10-19,1.4964907169,1.64,90.72,1.0113999844,1.0307,0.9266,0.753,6.8165998459,46.02
2009-10-16,1.490801692,1.635,90.73,1.0180000067,1.0389,0.9158,0.7396,6.8169999123,46.2
2009-10-15,1.4955954552,1.6249,90.39,1.013800025,1.0304,0.9204,0.7453,6.81580019,46.04
2009-10-14,1.493205905,1.5974,89.44,1.0141999722,1.0289,0.9133,0.7376,6.8147997856,46
2009-10-13,1.4846047163,1.5896,89.71,1.0219999552,1.0297,0.9074,0.7354,6.8158998489,46.28
2009-10-12,1.4792898893,,,1.0255999565,,,,6.815100193,
2009-10-09,1.4734051228,1.5896,89.69,1.0315999985,1.0425,0.9034,0.7323,6.8154001236,46.44
2009-10-08,1.4781310558,1.609,88.44,1.0274000168,1.0533,0.9072,0.7438,6.8165001869,46.2
2009-10-07,1.4711507559,1.5899,88.76,1.0313999653,1.0619,0.8878,0.7329,6.8165001869,46.58
2009-10-06,1.4721685648,1.5904,88.77,1.0268000364,1.057,0.8912,0.7365,6.8164000511,46.79
2009-10-05,1.4659962654,1.5926,89.56,1.0312000513,1.0755,0.8772,0.726,6.8164000511,47.39
2009-10-02,1.459002018,1.5878,89.62,1.0343999863,1.0843,0.8656,0.7165,6.8165001869,47.61
2009-10-01,1.4515894651,1.595,89.73,1.0422999859,1.0773,0.873,0.7168,6.8165001869,47.72
2009-09-30,1.4655021429,1.6004,89.49,1.0346000195,1.0719,0.8824,0.7233,6.8164000511,48.09
2009-09-29,1.459172368,1.5924,90.26,1.035400033,1.0872,0.8701,0.7144,6.8175997734,48.05
2009-09-28,1.462159276,1.591,89.34,1.032400012,1.086,0.8734,0.7188,6.8182001114,47.75
2009-09-25,1.4684934616,1.5967,89.83,1.0250999928,1.0918,0.8655,0.7168,6.8189001083,47.93
2009-09-24,1.4650940895,1.6068,91.16,1.0296000242,1.0864,0.8686,0.7203,6.8168001175,47.89
2009-09-23,1.4726022482,1.6404,91.45,1.0268000364,1.0722,0.8722,0.7228,6.8161001205,47.9
2009-09-22,1.4811961651,1.638,91.08,1.0219999552,1.0683,0.8736,0.7219,6.8169999123,47.86
2009-09-21,1.4684071541,1.6228,91.87,1.0318000317,1.0775,0.8636,0.7074,6.8189001083,47.95
2009-09-18,1.4716053009,1.6266,91.31,1.027799964,1.0721,0.8668,0.7091,6.8180999756,48.02
2009-09-17,1.4732965231,1.6522,91.15,1.0288000107,1.0615,0.8731,0.7113,6.8165998459,48.1
2009-09-16,1.4711940289,1.6501,91,1.0319999456,1.0662,0.8724,0.7131,6.8173999786,48.2
2009-09-15,1.4670931101,1.6436,90.95,1.0336999893,1.076,0.8603,0.7019,6.8189997673,48.5
2009-09-14,1.4643217325,1.6588,90.85,1.0322999954,1.0859,0.8604,0.7,6.8186998367,48.67
2009-09-11,1.4580022097,1.6695,90.3,1.0369000435,1.0742,0.8649,0.7079,6.8172998428,48.39
2009-09-10,1.4581297636,1.6649,91.86,1.038400054,1.0811,0.8596,0.6983,6.8193998337,48.45
2009-09-09,1.4547992945,1.6557,91.85,1.0414999723,1.0783,0.8639,0.6971,6.8182001114,48.33
2009-09-08,1.4504104853,1.6512,92.21,1.0456000566,1.0762,0.8636,0.6967,6.8175997734,48.4
2009-09-07,1.4331985712,,,1.0599000454,,,,6.8203001022,
2009-09-04,1.4294085503,1.6378,92.75,1.060199976,1.0894,0.8485,0.6862,6.820499897,48.86
2009-09-03,1.4256386757,1.6354,92.54,1.0620000362,1.1034,0.8406,0.6787,6.8207001686,48.87
2009-09-02,1.4274091721,1.6269,92.43,1.060199976,1.106,0.8323,0.6721,6.8207998276,48.88
2009-09-01,1.4212015867,1.6168,93.09,1.0661000013,1.1028,0.8306,0.6794,6.820400238,49.05
2009-08-31,1.4342675209,1.6314,92.82,1.0580999851,1.0967,0.8439,0.6856,6.821199894,48.83
2009-08-28,1.4359976053,1.6331,93.55,1.0597000122,1.0875,0.8425,0.6869,6.821199894,48.52
2009-08-27,1.4372979403,1.6212,93.57,1.057000041,1.0961,0.8355,0.6825,6.8218002319,48.81
2009-08-26,1.4236294031,1.6235,94.25,1.0686999559,1.0988,0.8273,0.6798,6.8214001656,48.9
2009-08-25,1.4284082651,1.643,94.28,1.0621000528,1.0727,0.8412,0.689,6.8217000961,48.755
2009-08-24,1.4293065071,1.6417,94.47,1.0618000031,1.074,0.8407,0.6884,6.8214998245,48.5
2009-08-21,1.4320902824,1.6503,94.6,1.0578999519,1.0799,0.8349,0.6829,6.8214998245,48.43
2009-08-20,1.4260046482,1.6494,94.12,1.0626000166,1.0902,0.8308,0.6756,6.8218002319,48.58
2009-08-19,1.4253947735,1.6555,93.87,1.0642000437,1.0968,0.8293,0.6748,6.8263998032,48.7
2009-08-18,1.4165109396,1.6418,94.72,1.073300004,1.1097,0.8201,0.6713,6.8245000839,48.79
2009-08-17,1.4105963707,1.6323,94.33,1.0762000084,1.1077,0.8234,0.6685,6.8249001503,48.82
2009-08-14,1.4206967354,1.6529,94.64,1.0714999437,1.0973,0.8323,0.6776,6.8234000206,48.18
2009-08-13,1.4275925159,1.658,95.46,1.0706000328,1.0881,0.8396,0.6777,6.8235001564,48.11
2009-08-12,1.4217066765,1.6538,96.16,1.075600028,1.0875,0.8333,0.6725,6.8250999451,48.22
2009-08-11,1.4150075912,1.6501,95.94,1.0816999674,1.0987,0.8296,0.6686,6.8249998093,47.88
2009-08-10,1.4131079912,1.6487,97.23,1.0855000019,1.0848,0.8377,0.6756,6.8246998787,47.7
2009-08-07,1.4191039801,1.6669,97.65,1.0813000202,1.0838,0.8371,0.6724,6.8218002319,47.72
2009-08-06,1.4372979403,1.6774,95.56,1.0635999441,1.076,0.8397,0.671,6.8213000298,47.52
2009-08-05,1.4411712885,1.6977,94.98,1.0612000227,1.0722,0.8384,0.6722,6.8217000961,47.27
2009-08-04,1.44196105,1.6932,95.41,1.0591000319,1.0685,0.8422,0.6671,6.8203001022,47.46
2009-08-03,1.4411921501,1.6956,95.23,1.059499979,1.065,0.8428,0.6683,6.8210000992,47.4
2009-07-31,1.4260046482,1.6713,94.54,1.0680999756,1.0791,0.8339,0.6605,6.8221001625,47.91
2009-07-30,1.4084903002,1.6483,95.67,1.0867999792,1.0814,0.8272,0.6531,6.8225998878,48.35
2009-07-29,1.401463151,1.6379,95.13,1.089599967,1.0881,0.8164,0.6541,6.8224000931,48.25
2009-07-28,1.4146071672,1.6477,94.6,1.0765999556,1.0802,0.8287,0.6592,6.8208999634,48.2
2009-07-27,1.4247043133,1.6486,95.32,1.0699000359,1.0833,0.8212,0.6551,6.8214001656,48.11
2009-07-24,1.4212015867,1.6432,94.86,1.0716999769,1.0843,0.8162,0.657,6.8225002289,48.16
2009-07-23,1.4163303375,1.6562,94.75,1.0736000538,1.0867,0.8206,0.6614,6.8217000961,48.25
2009-07-22,1.4205957651,1.6439,93.77,1.0667999983,1.098,0.8161,0.6574,6.8215999603,48.45
2009-07-21,1.419849515,1.6419,93.36,1.067999959,1.1077,0.8123,0.6545,6.8217000961,48.2
2009-07-20,1.4211813211,1.6494,94.52,1.0690000057,1.1065,0.8131,0.6551,6.8227000237,48.1
2009-07-17,1.4104969501,1.633,94.08,1.0776000023,1.1168,0.8013,0.6432,6.8213000298,48.56
2009-07-16,1.4141070843,1.6417,93.59,1.0736000538,1.1172,0.8019,0.6445,6.8214998245,48.61
2009-07-15,1.4101985693,1.6439,94.09,1.0746999979,1.1192,0.8041,0.6494,6.8225002289,48.55
2009-07-14,1.3971552849,1.6294,93.03,1.0887000561,1.1401,0.7895,0.6353,6.8228998184,48.955
2009-07-13,1.3990123272,1.6179,92.74,1.0820000172,1.1541,0.7807,0.631,6.8234000206,49.16
2009-07-10,1.3933980465,1.6185,92.33,1.0859999657,1.1649,0.7751,0.6259,6.8227000237,48.76
2009-07-09,1.402799964,1.6301,92.79,1.0781999826,1.1623,0.7834,0.6303,6.8234000206,48.57
2009-07-08,1.3879058361,1.6027,92.9,1.0901999474,1.165,0.778,0.6242,6.8236999512,48.8
2009-07-07,1.3915947676,1.6158,95.11,1.0889999866,1.163,0.7963,0.6353,6.8235001564,48.44
2009-07-06,1.3977022171,1.623,95,1.084800005,1.1608,0.7922,0.6301,6.825799942,48.5
2009-07-03,1.3960046768,1.6336,95.95,1.0901999474,1.1625,0.7986,0.6306,6.8222999573,47.8
2009-07-02,1.3957513571,1.6398,95.9,1.087299943,1.16,0.7948,0.6295,6.8225002289,47.9
2009-07-01,1.4140871763,1.6524,96.41,1.0750000477,1.1446,0.8105,0.6452,6.8225002289,47.75
2009-06-30,1.4038830996,1.6452,96.42,1.0858000517,1.1626,0.8055,0.6447,6.820499897,47.74
2009-06-29,1.4086093903,1.6533,95.84,1.0827000141,1.158,0.8066,0.6504,6.8248000145,48
2009-06-26,1.4053035975,1.6498,95.19,1.0829000473,1.1527,0.8053,0.6445,6.8242001534,48
2009-06-25,1.3985623121,1.6336,96.21,1.0942000151,1.1576,0.799,0.643,6.8249001503,48.5
2009-06-24,1.3940973282,1.6486,95.38,1.0973000526,1.1462,0.8028,0.6459,6.8235001564,48.4
2009-06-23,1.4072020054,1.6344,95.32,1.0670000315,1.1557,0.7901,0.6365,6.8274998665,48.45
2009-06-22,1.3865202665,1.6343,95.9,1.0861999989,1.1547,0.7896,0.6316,6.8249998093,48.5
2009-06-19,1.3947001696,1.6537,96.15,1.0822999477,1.1287,0.8111,0.6476,6.8266000748,48
2009-06-18,1.3914979696,1.6369,96.36,1.0856000185,1.1273,0.8038,0.6437,6.8250999451,48.18
2009-06-17,1.3938059807,1.6293,95.65,1.0801000595,1.1371,0.7887,0.6285,6.8288998604,47.96
2009-06-16,1.38299191,1.6446,96.26,1.0888999701,1.1325,0.8,0.6345,6.8239998817,47.61
2009-06-15,1.378492713,1.6268,98.03,1.0927000046,1.1338,0.792,0.629,6.8276000023,47.67
2009-06-12,1.4001091719,1.6523,98.17,1.0802999735,1.117,0.8132,0.6428,6.8234000206,47.6
2009-06-11,1.4110939503,1.6547,97.83,1.0701999664,1.0977,0.8195,0.6455,6.8274998665,47.49
2009-06-10,1.39838624,1.6334,98.13,1.0805000067,1.11,0.8043,0.6295,6.82310009,47.18
2009-06-09,1.4063313007,1.6267,97.6,1.0792000294,1.1042,0.798,0.6246,6.8259000778,47.3
2009-06-08,1.3902984858,1.5976,98.56,1.0909999609,1.1228,0.7851,0.6178,6.8256998062,47.5
2009-06-05,1.3971943855,1.6017,98.18,1.0844999552,1.1144,0.8012,0.6328,6.8225002289,47.05
2009-06-04,1.4177961349,1.6173,96.37,1.0693000555,1.0997,0.799,0.6315,6.8234000206,47.19
2009-06-03,1.4149675369,1.6405,95.72,1.070299983,1.0973,0.8103,0.6397,6.8182997704,46.88
2009-06-02,1.4308607578,1.6515,95.72,1.0613000393,1.0828,0.8194,0.6551,6.8197999001,46.84
2009-06-01,1.416390419,1.6448,96.53,1.0698000193,1.087,0.8101,0.6509,6.8315000534,46.78
2009-05-29,1.4157087803,1.616,95.55,1.0664999485,1.0957,0.7993,0.637,6.8182997704,47.11
2009-05-28,1.3931069374,1.5956,96.76,1.0853999853,1.1123,0.7861,0.6259,6.8182997704,47.5
2009-05-27,1.3833937645,1.6068,95.01,1.0923000574,1.112,0.7874,0.623,6.8194999695,47.61
2009-05-26,1.3994038105,1.5938,94.81,1.0834000111,1.1199,0.7842,0.6221,6.8193998337,47.7
2009-05-25,1.4006974697,,,1.0834000111,,,,6.8138999939,
2009-05-22,1.4003052711,1.5892,94.45,1.0856000185,1.1234,0.7853,0.6215,6.8144001961,46.95
2009-05-21,1.3906078339,1.5763,94.97,1.0928000212,1.1412,0.7743,0.6059,6.8148999214,47.3
2009-05-20,1.3772966862,1.567,95.16,1.100399971,1.1434,0.777,0.6095,6.8148999214,47.3
2009-05-19,1.3632335663,1.5501,96.1,1.1088000536,1.1567,0.7741,0.6024,6.815100193,47.65
2009-05-18,1.3558034897,1.5309,96.05,1.114199996,1.1656,0.7596,0.591,6.8165001869,47.58
2009-05-15,1.3502019644,1.5222,94.89,1.120200038,1.1756,0.7526,0.5879,6.8147001266,49.38
2009-05-14,1.3636053801,1.5195,95.62,1.1045999527,1.1726,0.7573,0.5944,6.8137001991,49.65
2009-05-13,1.358861804,1.5165,95.75,1.1072000265,1.1686,0.757,0.5947,6.8116998672,49.58
2009-05-12,1.3644984961,1.524,96.59,1.1055999994,1.1671,0.7635,0.604,6.8125,49.21
2009-05-11,1.3589910269,1.5145,97.45,1.1088000536,1.1591,0.7614,0.6062,6.8116002083,49.44
2009-05-08,1.3639029264,1.509,99.01,1.1035000086,1.158,0.7609,0.5984,6.8109998703,49.13
2009-05-07,1.3392080069,1.5019,99,1.1296999454,1.1714,0.7579,0.5962,6.8118000031,49.09
2009-05-06,1.3312920332,1.5063,98.6,1.1332000494,1.1726,0.7467,0.5825,6.8102998734,49.4
2009-05-05,1.3315933943,1.5099,98.76,1.13349998,1.1758,0.7436,0.5821,6.8087000847,49.22
2009-05-04,1.3418675661,1.4985,99.12,1.1260000467,1.1779,0.7388,0.574,6.814499855,49.75
2009-05-01,1.3268054724,1.4881,99.24,1.1351000071,1.1868,0.729,0.5687,6.8095002174,49.65
2009-04-30,1.3235216141,1.4799,98.76,1.1402000189,1.1939,0.7317,0.5695,6.8095002174,49.7
2009-04-29,1.3265942335,1.4802,96.97,1.1362999678,1.2008,0.7268,0.5759,6.8150000572,50.05
2009-04-28,1.3130941391,1.4607,96.49,1.1439000368,1.2238,0.7043,0.559,6.8175997734,50.47
2009-04-27,1.3018969297,1.4678,96.57,1.1567000151,1.2106,0.7157,0.5694,6.8161997795,50.15
2009-04-24,1.325802803,1.4697,97.08,1.135800004,1.2095,0.722,0.5722,6.8168997765,49.69
2009-04-23,1.3140950203,1.4635,97.88,1.1505999565,1.2291,0.7105,0.5579,6.8193001747,49.88
2009-04-22,1.3005760908,1.4496,98.14,1.1636999846,1.2361,0.7109,0.559,6.8194999695,50.2
2009-04-21,1.2934937477,1.4688,98.6,1.1686999798,1.2373,0.7095,0.5628,6.8168997765,50.45
2009-04-20,1.2928917408,1.4532,98.29,1.1687999964,1.2338,0.702,0.5559,6.8229999542,49.78
2009-04-17,1.3044953346,1.4778,99.21,1.1653000116,1.2146,0.7204,0.5674,6.8225998878,49.8
2009-04-16,1.3180439472,1.4909,99.29,1.1468000412,1.2062,0.7201,0.5709,6.8229999542,49.63
2009-04-15,1.3225939274,1.499,99.37,1.1423000097,1.204,0.7228,0.5759,6.8225002289,49.55
2009-04-14,1.3274042606,1.4907,99.08,1.1367000341,1.2093,0.7286,0.5857,6.8201999664,49.62
2009-04-13,1.3363981247,1.4831,100.12,1.1324000359,1.221,0.7288,0.5886,6.8400998116,49.77
2009-04-10,1.3175925016,1.4635,100.3,1.1531000137,1.2273,0.7189,0.5829,6.8255000114,49.78
2009-04-09,1.3159972429,1.4623,100.43,1.1562999487,1.2273,0.7168,0.5808,6.8255000114,49.82
2009-04-08,1.325135231,1.4692,99.95,1.1481000185,1.2353,0.711,0.5787,6.8260998726,50.28
2009-04-07,1.3277391195,1.4744,100.71,1.1413999796,1.2339,0.716,0.5798,6.8253002167,50
2009-04-06,1.3405724764,1.4712,100.65,1.1366000175,1.2427,0.7101,0.5871,6.8248000145,50.01
2009-04-03,1.348908782,1.4801,99.94,1.1298999786,1.2335,0.7103,0.58,6.8255000114,49.91
2009-04-02,1.3466924429,1.47,99.48,1.1341999769,1.238,0.7169,0.5818,6.8245000839,50.22
2009-04-01,1.3240998983,1.4402,98.93,1.1457999945,1.264,0.6941,0.5635,6.8239998817,50.48
2009-03-31,1.3246963024,1.43,99.15,1.1389000416,1.2606,0.6925,0.5692,6.8263001442,50.87
2009-03-30,1.3186175823,1.4148,97.44,1.1509000063,1.2582,0.6788,0.5619,6.8256001472,51.12
2009-03-27,1.3292039633,1.4325,97.99,1.1433000565,1.2392,0.6946,0.5713,6.8218998909,50.46
2009-03-26,1.3530701399,1.4497,98.47,1.1268999577,1.2327,0.7022,0.5795,6.8218998909,50.4
2009-03-25,1.3576995134,1.4585,97.7,1.1216000319,1.2245,0.7009,0.5688,6.8208999634,50.5
2009-03-24,1.3481267691,1.473,97.86,1.1305999756,1.2263,0.7017,0.5683,6.8193001747,50.4
2009-03-23,1.3620452881,1.4496,97.3,1.1254999638,1.2322,0.6994,0.5694,6.823800087,50.38
2009-03-20,1.3581973314,1.4435,96.18,1.1277999878,1.237,0.6892,0.5605,6.8166999817,50.51
2009-03-19,1.3661948442,1.4584,93.85,1.1230000257,1.2336,0.6927,0.5608,6.8164000511,50.21
2009-03-18,1.3483994007,1.3974,98.08,1.141100049,1.2715,0.6589,0.5285,6.8248000145,51.22
2009-03-17,1.3033220768,1.4018,98.85,1.1804000139,1.2717,0.6591,0.5284,6.8270998001,51.42
2009-03-16,1.2976058722,1.4091,98.17,1.184499979,1.2723,0.6611,0.532,6.8282999992,51.31
2009-03-13,1.2929919958,1.3972,98.04,1.1845999956,1.2752,0.6576,0.5244,6.8278999329,51.54
2009-03-12,1.2898899317,1.3811,97.86,1.1868000031,1.2909,0.6473,0.514,6.8288002014,51.69
2009-03-11,1.2806720734,1.378,97.74,1.1554000378,1.2808,0.6497,0.5064,6.8312001228,50.98
2009-03-10,1.27166605,1.384,98.39,1.1591999531,1.2796,0.6473,0.5031,6.8302001953,51.35
2009-03-09,1.2622755766,1.3757,98.87,1.1583000422,1.2995,0.6311,0.4927,6.8316001892,51.91
2009-03-06,1.2638070583,1.411,97.88,1.1589000225,1.2865,0.6408,0.5041,6.8299999237,51.68
2009-03-05,1.2546736002,1.4124,98.32,1.1699999571,1.2875,0.6408,0.5015,6.8313999176,51.6
2009-03-04,1.2638070583,1.4142,99.34,1.1698000431,1.2768,0.6499,0.506,6.8333997726,51.53
2009-03-03,1.2531799078,1.4034,98.16,1.1786999702,1.2937,0.6388,0.4952,6.8322000504,51.96
2009-03-02,1.2564076185,1.3989,97.17,1.1756999493,1.2891,0.6301,0.4926,6.8354001045,51.8
2009-02-27,1.2678931952,1.4276,97.74,1.1698999405,1.271,0.6419,0.503,6.8288998604,50.88
2009-02-26,1.2720541954,1.4342,98.55,1.165899992,1.2455,0.6536,0.5113,6.8266000748,50.32
2009-02-25,1.272426486,1.4265,97.33,1.1698000431,1.2558,0.6476,0.5117,6.8278999329,49.95
2009-02-24,1.2873989344,1.4408,96.6,1.1583000422,1.2468,0.6429,0.5099,6.8287000656,49.75
2009-02-23,1.2678127289,1.4553,94.63,1.170699954,1.2508,0.6456,0.5102,6.8260002136,49.46
2009-02-20,1.2932929993,1.4333,93.87,1.1569999456,1.2543,0.6419,0.5074,6.8271999359,49.71
2009-02-19,1.2659028769,1.4307,94.09,1.174399972,1.259,0.645,0.5123,6.826499939,49.73
2009-02-18,1.2568972111,1.4235,93.81,1.174399972,1.2592,0.6385,0.5107,6.8262000084,49.84
2009-02-17,1.2581939697,1.4224,92.17,1.1683000326,1.2606,0.6386,0.511,6.826499939,49.6
2009-02-16,1.2799016237,,,1.1596000195,,,,6.8176999092,
2009-02-13,1.2866039276,1.4422,91.84,1.160599947,1.2435,0.6595,0.5266,6.8296999931,48.58
2009-02-12,1.2890917063,1.4248,90.55,1.1612000465,1.2478,0.6507,0.5203,6.8228998184,48.7
2009-02-11,1.2868025303,1.4367,90.66,1.160599947,1.2418,0.6549,0.526,6.8232998848,48.78
2009-02-10,1.2914056778,1.4604,90.65,1.1562000513,1.2332,0.6589,0.5286,6.8147001266,48.68
2009-02-09,1.2959076166,1.4936,91.47,1.1671999693,1.219,0.6834,0.5442,6.8296999931,48.52
2009-02-06,1.2927078009,1.4775,91.95,1.0823999643,1.2388,0.6715,0.53,6.8227000237,48.61
2009-02-05,1.2791157961,1.4633,91.01,1.171200037,1.2307,0.6539,0.5155,6.8249998093,48.72
2009-02-04,1.2855618,1.4472,89.53,1.1577999592,1.2268,0.6499,0.5117,6.8214001656,48.68
2009-02-03,1.3012869358,1.4394,89.09,1.1441999674,1.2334,0.6476,0.5113,6.8302998543,48.37
2009-02-02,1.2814927101,1.4228,89.86,1.1619999409,1.2408,0.632,0.5026,6.8390002251,48.84
2009-01-30,1.2836971283,1.4413,89.83,1.1605000496,1.2365,0.638,0.5084,6.8296999931,48.83
2009-01-29,1.2937949896,1.4262,89.77,1.1540999413,1.2187,0.655,0.5161,6.8296999931,48.49
2009-01-28,1.3153221607,1.4317,88.87,1.1524000168,1.2096,0.6699,0.5345,6.8296999931,48.81
2009-01-27,1.3215975761,1.4148,88.99,1.1398999691,1.2292,0.6602,0.5284,6.8296999931,48.85
2009-01-26,1.3191915751,1.396,89.25,1.1382000446,1.22,0.661,0.5306,6.8296999931,48.5
2009-01-23,1.296495676,1.3658,88.72,1.1461000443,1.2478,0.6522,0.527,6.8296999931,49
2009-01-22,1.3006776571,1.384,88.64,1.1535999775,1.2624,0.6544,0.5265,6.8270998001,49.07
2009-01-21,1.3005084991,1.3728,87.8,1.1554000378,1.2749,0.6495,0.5215,6.8296999931,49
2009-01-20,1.2884937525,1.4023,90.19,1.1469999552,1.2604,0.6574,0.5273,6.8309001923,49.01
2009-01-19,1.309397459,,,1.1320999861,,,,6.8234000206,
2009-01-16,1.3292039633,1.4737,90.29,1.120200038,1.254,0.666,0.5415,6.8270001411,48.62
2009-01-15,1.3158068657,1.4602,89.59,1.1218999624,1.2623,0.6558,0.5305,6.8256001472,48.87
2009-01-14,1.3217023611,1.4617,89.28,1.1153000593,1.2373,0.664,0.5429,6.8249998093,48.75
2009-01-13,1.3202017546,1.4528,89.65,1.1180000305,1.2255,0.6675,0.5523,6.8242998123,48.89
2009-01-12,1.3360053301,1.4827,88.92,1.1148999929,1.2075,0.6814,0.5787,6.8266000748,48.78
2009-01-09,1.3454966545,1.5239,90.25,1.1139999628,1.192,0.7063,0.5933,6.8255000114,48.26
2009-01-08,1.3699005842,1.519,91.15,1.0939999819,1.189,0.7071,0.5929,6.8246998787,48.45
2009-01-07,1.36109972,1.5254,92.7,1.1038000584,1.185,0.7212,0.6006,6.82310009,48.56
2009-01-06,1.3510043621,1.4777,94.2,1.1164000034,1.1822,0.7187,0.5945,6.826499939,48.5
2009-01-05,1.3645915985,1.4602,93.2,1.1086000204,1.192,0.7146,0.588,6.8214998245,48.5
2009-01-02,1.3922922611,1.452,91.12,1.0791000128,1.2101,0.7083,0.585,6.8029999733,48.25
2009-01-01,1.3998936415,,,1.0647000074,,,,6.8133001328,
2008-12-31,1.3979953527,1.4619,90.79,1.0428999662,1.224,0.6983,0.5815,6.8133001328,48.58
2008-12-30,1.4140071869,1.4395,90.37,1.0557999611,1.2215,0.6906,0.577,6.8133001328,48.05
2008-12-29,1.4039028883,1.4591,90.2,1.0573999882,1.2162,0.695,0.5825,6.8362002373,48.25
2008-12-26,1.4027016163,1.47,90.65,1.0723999739,1.2207,0.6814,0.576,6.8385000229,48.42
2008-12-25,1.4015023708,,,1.0769000053,,,,6.8385000229,
2008-12-24,1.4008938074,1.4673,90.68,1.0728000402,1.2125,0.6826,0.5745,6.8385000229,47.76
2008-12-23,1.3937865496,1.4761,90.57,1.0879000425,1.216,0.6804,0.5669,6.8385000229,48.66
2008-12-22,1.3959071636,1.4805,90.07,1.0937000513,1.2188,0.6832,0.5742,6.8399000168,47.71
2008-12-19,1.3926025629,1.4854,89.48,1.100900054,1.2273,0.6806,0.5758,6.8141999245,47.05
2008-12-18,1.4293065071,1.5103,89.81,1.078600049,1.1962,0.6985,0.5936,6.804500103,46.74
2008-12-17,1.4408391714,1.5457,87.84,1.073300004,1.2058,0.6967,0.5892,6.8273000717,47.5
2008-12-16,1.4061928988,1.532,89.98,1.1198999882,1.2238,0.6775,0.5652,6.8350000381,47.81
2008-12-15,1.3696004152,1.5278,90.68,1.1579999924,1.235,0.6713,0.5556,6.8393001556,47.62
2008-12-12,1.3353987932,1.4874,91.26,1.1769000292,1.2453,0.658,0.5448,6.8324999809,48.2
2008-12-11,1.3329956532,1.4953,91.96,1.1857000589,1.2181,0.6779,0.5557,6.8408999443,48.19
2008-12-10,1.301405549,1.483,92.94,1.1991000175,1.2553,0.6615,0.5477,6.8550000191,48.7
2008-12-09,1.2926075459,1.4776,92.44,1.2053999901,1.2602,0.66,0.5434,6.8635001183,49.28
2008-12-08,1.4918025732,1.4831,92.77,1.2063000202,1.257,0.6644,0.5449,6.8699998856,49.44
2008-12-05,1.2716983557,1.4606,92.18,1.2189999819,1.2971,0.6343,0.5248,6.8652000427,49.6
2008-12-04,1.2774002552,1.4791,92.78,1.1953999996,1.254,0.6527,0.5382,6.8733000755,49.82
2008-12-03,1.2707933187,1.4783,93.25,1.2101999521,1.2573,0.6482,0.5336,6.8653001785,49.92
2008-12-02,1.2713264227,1.4949,93.64,1.2063000202,1.2422,0.6443,0.5319,6.8717999458,50.05
2008-12-01,1.2599060535,1.484,93.71,1.2043999434,1.237,0.6447,0.5355,6.875,49.94
2008-11-28,1.2697929144,1.5348,95.46,1.1978000402,1.236,0.6546,0.55,6.8158998489,49.55
2008-11-27,1.2895072699,,,1.2005000114,,,,6.8189001083,
2008-11-26,1.2899230719,1.5218,95.46,1.2022999525,1.2338,0.647,0.5492,6.8186998367,49.18
2008-11-25,1.303407073,1.5349,95.53,1.1869000196,1.2214,0.6488,0.5469,6.815199852,49.87
2008-11-24,1.2917727232,1.5177,96.69,1.1966999769,1.2246,0.6501,0.5471,6.8154001236,49.94
2008-11-21,1.2590969801,1.4816,95.42,1.22239995,1.2849,0.6254,0.5313,6.8225002289,49.53
2008-11-20,1.2439049482,1.4789,94.98,1.2256000042,1.285,0.6191,0.5312,6.8256998062,50.12
2008-11-19,1.250531435,1.5095,96.75,1.211400032,1.237,0.6501,0.5506,6.8200001717,49.84
2008-11-18,1.2636953592,1.5042,97.38,1.2015999556,1.2237,0.6575,0.555,6.8154001236,49.51
2008-11-17,1.2643983364,1.503,97.03,1.199000001,1.2213,0.6562,0.5601,6.8169999123,49.19
2008-11-14,1.2596997023,1.486,96.66,1.1963000298,1.2241,0.6627,0.5624,6.8143000603,48.78
2008-11-13,1.2788705826,1.4799,95.95,1.1856000423,1.2311,0.6402,0.5562,6.8200001717,49
2008-11-12,1.245904088,1.5012,95.54,1.1871000528,1.2296,0.6449,0.564,6.8196997643,49.2
2008-11-11,1.2515957355,,,1.1870000362,,,,6.8111000061,
2008-11-10,1.274794817,1.5639,97.96,1.1785000563,1.1948,0.6755,0.5871,6.8165001869,47.3
2008-11-07,1.2714072466,1.5788,98.15,1.1785999537,1.183,0.6726,0.5898,6.8056998253,47.54
2008-11-06,1.269502759,1.5814,98.04,1.1773999929,1.1816,0.679,0.5964,6.8133001328,47.64
2008-11-05,1.2918059826,1.6156,98.95,1.1601999998,1.159,0.6972,0.6075,6.8084001541,47.28
2008-11-04,1.2983977795,1.6095,100.48,1.162899971,1.1502,0.7005,0.6125,6.8175001144,47.25
2008-11-03,1.2617977858,1.5855,98.95,1.1768000126,1.1866,0.6823,0.5975,6.828400135,48.61
2008-10-31,1.2701960802,1.6165,98.28,1.1595000029,1.2158,0.6574,0.5815,6.8295001984,49.4
2008-10-30,1.2868025303,1.627,97.47,1.1389000416,1.2229,0.6695,0.5877,6.8281998634,49.68
2008-10-29,1.2959243059,1.6298,97.48,1.1325999498,1.2302,0.6683,0.5855,6.8214998245,49.71
2008-10-28,1.2809016705,1.5591,95.68,1.1511000395,1.2942,0.6252,0.5528,6.8187999725,49.57
2008-10-27,1.2464631796,1.5472,93.28,1.1565999985,1.2935,0.6073,0.541,6.8316001892,49.8
2008-10-24,1.2629930973,1.5631,92.64,1.1663000584,1.2735,0.6165,0.5539,6.8241000175,49.96
2008-10-23,1.2944984436,1.6181,97.6,1.1591000557,1.2573,0.6657,0.5892,6.8155999184,49.82
2008-10-22,1.2816734314,1.6174,98.63,1.1650999784,1.2496,0.6698,0.5937,6.8147997856,49.25
2008-10-21,1.3061139584,1.6837,100.43,1.1521999836,1.2208,0.6813,0.6122,6.8235001564,49.1
2008-10-20,1.3313274384,1.7134,101.74,1.1506999731,1.1977,0.6969,0.6195,6.8196997643,48.96
2008-10-17,1.3422999382,1.7307,101.4,1.135800004,1.182,0.6907,0.6153,6.8242001534,48.88
2008-10-16,1.3489997387,1.7243,100.46,1.13349998,1.1953,0.6708,0.6102,6.8138999939,48.88
2008-10-15,1.3443931341,1.7432,101.47,1.1335999966,1.1804,0.6833,0.6184,6.823800087,48.53
2008-10-14,1.3618041277,1.7482,102.17,1.135800004,1.1599,0.7054,0.6247,6.821199894,47.93
2008-10-13,1.3621937037,,,1.1354999542,,,,6.8249998093,
2008-10-10,1.3398001194,1.7037,99.44,1.1510000229,1.19,0.6531,0.596,6.8259000778,48.41
2008-10-09,1.3598041534,1.7225,100.67,1.1284999847,1.1483,0.7015,0.6171,6.810500145,48
2008-10-08,1.4957072735,1.731,99.73,1.1274000406,1.1246,0.669,0.6017,6.7937002182,48
2008-10-07,1.3588064909,1.7592,102.3,1.1404999495,1.1055,0.7216,0.6362,6.8052000999,47.78
2008-10-06,1.3504936695,1.738,101.26,1.1483000517,1.1027,0.7139,0.6264,6.8329000473,47.77
2008-10-03,1.378492713,1.774,105.76,1.1259000301,1.0815,0.775,0.6626,6.835100174,47.01
2008-10-02,1.3807959557,1.7655,105.3,1.1354000568,1.0769,0.777,0.6644,6.835100174,46.63
2008-10-01,1.4016202688,1.7804,106.06,1.1253999472,1.0607,0.7937,0.6785,6.835100174,46.47
2008-09-30,1.4096419811,1.7804,105.94,1.1209000349,1.0597,0.7904,0.669,6.835100174,46.45
2008-09-29,1.4393253326,1.8044,105.1,1.0920000076,1.0393,0.8125,0.6782,6.835100174,46.49
2008-09-26,1.4598966837,1.84,106.06,1.0920000076,1.0352,0.8292,0.6858,6.835100174,46.48
2008-09-25,1.4641932249,1.8406,106.48,1.0875999928,1.0338,0.836,0.6835,6.8104000092,46.08
2008-09-24,1.4633146524,1.8502,106.03,1.0904999971,1.0351,0.8366,0.6862,6.8029999733,45.92
2008-09-23,1.4692918062,1.8558,105.8,1.084800005,1.0355,0.8385,0.685,6.7926001549,45.65
2008-09-22,1.4795963764,1.8484,106.35,1.0742000341,1.0383,0.8441,0.6939,6.8112001419,45.3
2008-09-19,1.4417947531,1.8297,107.18,1.1023999453,1.0469,0.8288,0.6869,6.8150000572,45.71
2008-09-18,1.4304922819,1.8186,104.85,1.1088000536,1.0696,0.7989,0.6718,6.8140997887,46.36
2008-09-17,1.4329315424,1.7895,104.71,1.1030999422,1.0788,0.7831,0.654,6.8289999962,46.16
2008-09-16,1.4135074615,1.7802,105.11,1.1217999458,1.0737,0.7939,0.6584,6.8392000198,46.81
2008-09-15,1.42689991,1.7877,105.67,1.1117999554,1.067,0.808,0.66,6.8386998177,45.93
2008-09-12,1.4239943027,1.7896,107.51,1.1291999817,1.0606,0.817,0.6635,6.8274998665,45.62
2008-09-11,1.3995996714,1.7497,106.66,1.1380000114,1.0797,0.7978,0.6507,6.8365001678,45.46
2008-09-10,1.3984057903,1.7547,107.86,1.1362999678,1.0735,0.8036,0.6662,6.831099987,45.14
2008-09-09,1.4148474932,1.7672,107.1,1.1260000467,1.0677,0.8081,0.6719,6.8287000656,44.83
2008-09-08,1.5050041676,1.7543,107.91,1.1281000376,1.0694,0.8151,0.6699,6.8274002075,44.5
2008-09-05,1.427490592,1.7687,106.96,1.1159000397,1.0637,0.8107,0.6663,6.8323998451,44.63
2008-09-04,1.4264928102,1.7689,107.76,1.1115000248,1.064,0.8298,0.6794,6.8270998001,44.26
2008-09-03,1.4486035109,1.7795,108.18,1.1066999435,1.061,0.8352,0.6846,6.8338999748,43.95
2008-09-02,1.4515894651,1.7853,108.85,1.106400013,1.0698,0.836,0.6862,6.8229999542,44.4
2008-09-01,1.4574922323,,,1.1022000313,,,,6.8148999214,
2008-08-29,1.4670931101,1.819,108.69,1.0959000587,1.0631,0.8563,0.6991,6.8252000809,43.25
2008-08-28,1.4714103937,1.8264,109.56,1.0978000164,1.0527,0.8618,0.7019,6.820400238,43.65
2008-08-27,1.4725805521,1.8318,109.72,1.097200036,1.0483,0.8553,0.6982,6.829199791,43.62
2008-08-26,1.4647936821,1.8387,109.83,1.1000000238,1.0486,0.8561,0.6968,6.8379998207,43.74
2008-08-25,,1.8587,109.11,1.0970000029,1.0463,0.8676,0.7091,6.8531999588,43.68
2008-08-22,,1.8544,109.88,1.0973000526,1.0456,0.8689,0.7106,6.8389000893,43.32
2008-08-21,,1.8758,108.35,1.0870000124,1.0454,0.8785,0.7183,6.8487000465,43.43
2008-08-20,,1.8603,109.98,1.0980000496,1.0627,0.8712,0.7112,6.8596000671,43.61
2008-08-19,,1.8655,109.68,1.0908000469,1.0606,0.871,0.7123,6.86439991,43.51
2008-08-18,,1.8673,110.07,1.0968999863,1.0603,0.8712,0.7124,,43.49
2008-08-15,,1.8651,110.48,1.0952999592,1.0609,0.8676,0.7055,6.8744997978,42.8
2008-08-14,,1.8715,109.75,1.0964000225,1.0621,0.8709,0.6995,,43
2008-08-13,,1.8682,108.71,1.0858000517,1.0658,0.8675,0.6967,6.8619999886,42.55
2008-08-12,,1.9005,109.78,1.0873999596,1.0641,0.8757,0.6989,6.8703999519,42.34
2008-08-11,,1.9144,110.08,1.0858000517,1.0673,0.8869,0.7012,6.8621997833,42.06
2008-08-08,1.5048909187,1.9193,110.09,1.0820000172,1.0677,0.8915,0.705,6.8619999886,42.05
2008-08-07,,1.9439,109.44,1.0623999834,1.051,0.9079,0.715,6.8671998978,42.05
2008-08-06,,1.9479,109.39,1.0586999655,1.047,0.9078,0.7179,6.8531999588,42.01
2008-08-05,,1.9532,108.2,1.0535999537,1.0425,0.9157,0.7257,6.8600001335,42.15
2008-08-04,,1.9606,108.23,1.0487999916,1.0355,0.9299,0.7295,6.8565001488,42.45
2008-08-01,,1.9743,107.59,1.0504000187,1.0251,0.9317,0.7268,6.8470001221,42.26
2008-07-31,1.5593082905,1.9806,108.1,1.0475000143,1.0261,0.9415,0.734,6.8214998245,42.47
2008-07-30,1.5573655367,1.981,108.17,1.0484999418,1.024,0.9434,0.7346,6.8192000389,42.28
2008-07-29,1.5590895414,1.9805,108.19,1.0460000038,1.026,0.9508,0.7364,6.8172001839,42.56
2008-07-28,1.574133873,1.9943,107.49,1.0338000059,1.022,0.9571,0.7451,6.8274998665,42.52
2008-07-25,1.5672998428,1.988,107.89,1.0386999846,1.0167,0.9562,0.7419,6.8097000122,41.1
2008-07-24,1.5688736439,1.9832,107.62,1.0358999968,1.0114,0.957,0.7417,6.8187999725,42.1
2008-07-23,1.569242835,2.0021,107.68,1.0374000072,1.0088,0.9636,0.7517,6.8201999664,42.05
2008-07-22,1.5792051554,1.9941,107.11,1.030099988,1.0083,0.9715,0.7605,6.8116998672,42.65
2008-07-21,1.5913937092,1.9979,106.74,1.0177999735,1.0019,0.9749,0.7598,6.8200001717,42.57
2008-07-18,1.5853890181,1.9985,106.75,1.0225000381,1.0053,0.9728,0.7626,6.8084001541,42.66
2008-07-17,1.5855901241,2.0038,105.82,1.0197000504,1.0018,0.975,0.766,6.8109002113,42.7
2008-07-16,1.5822033882,1.9995,104.64,1.0175000429,1.002,0.9761,0.7719,6.8004999161,43.05
2008-07-15,1.5899008512,2.0036,104.78,1.0098999739,1.0015,0.9797,0.7721,6.8108000755,43.12
2008-07-14,1.5890924931,1.9925,106.18,1.0170999765,1.006,0.9721,0.7637,6.8350000381,42.8
2008-07-11,1.5948964357,1.9895,106.14,1.0156999826,1.0093,0.9674,0.7611,6.8256998062,42.8
2008-07-10,1.5785070658,1.9777,107.03,1.0278999805,1.0103,0.9621,0.7578,6.8334999084,42.94
2008-07-09,1.5735888481,1.9812,107.12,1.0288000107,1.0108,0.9585,0.7612,6.8498997688,43.02
2008-07-08,1.5333895683,1.9685,107.35,1.0335999727,1.0205,0.9533,0.7515,6.8481001854,43.23
2008-07-07,1.5720057487,1.9697,107.55,1.0262000561,1.0174,0.9531,0.752,6.8592000008,43.29
2008-07-04,1.5713881254,,,1.0248999596,,,,6.8475999832,
2008-07-03,1.570006609,1.9825,106.79,1.0263999701,1.0204,0.9604,0.7564,6.821100235,43.17
2008-07-02,1.5878056288,1.9925,105.87,1.0140999556,1.0127,0.9634,0.7617,6.8439002037,43.15
2008-07-01,,1.993,105.73,,1.022,0.9535,0.7567,6.8611001968,43.23
2008-06-30,1.5750015974,1.9906,106.17,1.0210000277,1.0185,0.9562,0.7609,6.844399929,42.93
2008-06-27,1.575299263,1.9938,106.28,1.0181000233,1.012,0.961,0.7622,6.8517999649,42.78
2008-06-26,1.575299263,1.9873,107.29,1.0236999989,1.0121,0.9573,0.7569,6.8558001518,42.6
2008-06-25,1.5673980713,1.9672,108.29,1.0346000195,1.0134,0.954,0.7563,6.8552999496,42.73
2008-06-24,1.5570018291,1.9707,107.76,1.0410000086,1.0135,0.9573,0.7594,6.8601999283,42.75
2008-06-23,1.5522888899,1.9609,107.89,1.0446000099,1.0161,0.9507,0.7564,6.8642001152,42.97
2008-06-20,1.5627930164,1.9737,107.42,1.0364999771,1.0173,0.954,0.7628,6.8701000214,42.86
2008-06-19,1.5509887934,1.9729,107.95,1.0440000296,1.013,0.9499,0.7619,6.8687000275,42.91
2008-06-18,1.5538083315,1.957,108.05,1.0360000134,1.0186,0.9441,0.7562,6.8727002144,42.8
2008-06-17,1.5521925688,1.9544,108.03,1.0410000086,1.0201,0.9428,0.7541,6.8814001083,42.86
2008-06-16,1.547388792,1.9637,108.19,1.0444999933,1.021,0.9404,0.7528,6.8927001953,42.93
2008-06-13,1.5369009972,1.9496,107.92,1.046900034,1.0282,0.939,0.7504,6.8928999901,42.86
2008-06-12,1.5460968018,1.9467,107.94,1.0398000479,1.023,0.9342,0.7502,6.8975000381,42.7
2008-06-11,1.5557906628,1.9646,106.77,1.0312000513,1.017,0.9487,0.7564,6.9078998566,42.65
2008-06-10,1.5464078188,1.9543,107.19,1.0420999527,1.0241,0.9448,0.7508,6.9099001884,42.92
2008-06-09,1.5643576384,1.9758,106.06,1.027099967,1.0223,0.9523,0.7622,6.9131999016,42.85
2008-06-06,1.5785070658,1.9695,105.33,1.0184999704,1.0187,0.9603,0.7667,6.9131999016,42.63
2008-06-05,1.5588949919,1.9563,106,1.038400054,1.0195,0.9567,0.7653,6.9361000061,42.82
2008-06-04,1.5432575941,1.9548,104.99,1.0420000553,1.0145,0.9605,0.7824,6.9277000427,42.6
2008-06-03,1.5450220108,1.965,105.29,1.0419000387,1.0051,0.9545,0.7837,6.9152002335,42.5
2008-06-02,1.5546056032,1.9666,104.41,1.0368000269,1.0011,0.9548,0.785,6.9229998589,42.38
2008-05-30,1.5540982485,1.9793,105.46,1.0413999557,0.9938,0.9551,0.7838,6.9324998856,42.15
2008-05-29,1.5518070459,1.9759,105.52,1.0490000248,0.9871,0.9545,0.7784,6.928800106,42.53
2008-05-28,1.5656068325,1.9806,104.69,1.0368000269,0.9913,0.9616,0.784,6.9344000816,42.75
2008-05-27,1.5690950155,1.9751,103.98,1.0334000587,0.9932,0.9588,0.7898,6.9400000572,42.86
2008-05-26,1.5779341459,,,1.0243999958,,,,6.92689991,
2008-05-23,1.5785070658,1.9818,103.22,1.0233000517,0.9883,0.9608,0.7876,6.9316000938,42.68
2008-05-22,1.5731928349,1.9785,104.03,1.0302000046,0.9861,0.9552,0.7847,6.9345002174,42.93
2008-05-21,1.5788060427,1.9669,103.34,1.0254000425,0.984,0.9644,0.7805,6.9491000175,42.77
2008-05-20,1.5654107332,1.9705,103.66,1.0367000103,0.9928,0.9599,0.7759,6.9635000229,42.5
2008-05-19,1.5527950525,1.9472,104.55,1.0520999432,0.9914,0.9532,0.773,6.9650001526,42.46
2008-05-16,1.5596001148,1.958,103.86,1.0478999615,0.9966,0.954,0.7738,6.9825000763,42.5
2008-05-15,1.5450935364,1.9488,104.61,1.0563000441,0.9996,0.9415,0.7597,6.9846000671,42.6
2008-05-14,1.5469100475,1.9451,105.2,1.0549000502,1.0018,0.9348,0.7625,6.9925999641,42.34
2008-05-13,1.5477000475,1.947,104.41,1.0515999794,0.9996,0.942,0.7679,6.9794998169,42.08
2008-05-12,1.5540015697,1.9616,103.83,1.0446000099,1.0037,0.9467,0.7709,6.9777998924,42
2008-05-09,1.5489946604,1.9486,103.01,1.0403000116,1.0062,0.9417,0.7668,6.9777998924,41.55
2008-05-08,1.5464078188,1.9543,103.87,1.0507999659,1.0149,0.943,0.7732,6.9945001602,41.66
2008-05-07,1.5385088921,1.9522,105.28,1.0557999611,1.002,0.9426,0.7825,6.9790000916,41.3
2008-05-06,1.553591013,1.9747,104.54,1.0515999794,1.0036,0.9481,0.7915,6.9777002335,40.8
2008-05-05,1.5498108864,1.9679,105.12,1.0534000397,1.0125,0.9454,0.7857,6.978000164,40.45
2008-05-02,1.5434004068,1.9756,105.33,1.0558999777,1.0182,0.9366,0.7825,6.9784998894,40.55
2008-05-01,,1.9749,104.04,,1.0187,0.9338,0.7771,6.992000103,40.58
2008-04-30,1.5622069836,1.9847,104.53,1.0349999666,1.0092,0.9419,0.781,6.9784998894,40.45
2008-04-29,1.5567109585,1.9747,103.4,1.0371999741,1.0128,0.9347,0.7761,6.9748997688,40.37
2008-04-28,1.5652881861,1.9908,104.3,1.0341999531,1.0158,0.9395,0.7869,6.9924001694,40.1
2008-04-25,1.5636972189,1.9833,104.17,1.0346000195,1.0163,0.933,0.7826,7,40.13
2008-04-24,1.568406105,1.9716,104.2,1.03489995,1.0131,0.9395,0.789,6.9774999619,40.14
2008-04-23,1.5874023438,1.9786,103.55,1.0156999826,1.0194,0.9488,0.7989,6.9738001823,40
2008-04-22,1.5987977982,1.9994,102.7,1.003000021,1.0033,0.9458,0.7979,6.9804000854,39.93
2008-04-21,1.5911911726,1.9813,103.38,1.0083999634,1.0066,0.9418,0.7936,6.9875001907,39.92
2008-04-18,1.5733908415,1.9965,104.56,1.0178999901,1.0084,0.9294,0.787,6.9839000702,39.73
2008-04-17,1.5902043581,1.9908,102.22,1.0061000586,1.0107,0.937,0.7882,6.9741997719,39.79
2008-04-16,1.5958125591,1.9756,101.4,0.9991000295,1.0021,0.9396,0.7911,6.9822001457,39.89
2008-04-15,1.5786067247,1.9627,101.33,1.0081000328,1.0181,0.9245,0.7842,6.9829001427,39.83
2008-04-14,1.5825037956,1.9816,100.87,1.0003999472,1.0207,0.9229,0.7876,6.9900999069,39.86
2008-04-11,1.5822033882,1.9707,101.09,1.0003999472,1.0216,0.929,0.7942,6.9965000153,39.84
2008-04-10,1.5742081404,1.9742,101.71,1.0082999468,1.0178,0.9324,0.7985,6.9809999466,39.89
2008-04-09,1.5824036598,1.9726,101.83,1.0024000406,1.0192,0.9283,0.7962,6.992000103,39.91
2008-04-08,1.5578023195,1.969,102.55,1.0161999464,1.0151,0.9278,0.7967,6.9914999008,39.9
2008-04-07,1.5704996586,1.9855,102.62,1.0125999451,1.0108,0.9274,0.7968,6.9924998283,39.96
2008-04-04,1.573687911,1.9947,101.75,1.005499959,1.0088,0.9214,0.7884,7.0075001717,39.93
2008-04-03,1.5667105913,1.9961,102.21,1.0105999708,1.0079,0.9152,0.7863,7.0068998337,39.94
2008-04-02,1.5677913427,1.9827,102.77,1.00849998,1.0173,0.9134,0.7905,7.0104999542,39.88
2008-04-01,,1.9774,101.77,,1.0268,0.9067,0.7814,7.0145001411,39.88
2008-03-31,1.5757957697,1.9855,99.85,0.9944999814,1.0275,0.9132,0.786,7.0023999214,40.02
2008-03-28,1.5760937929,1.989,99.71,0.9925000072,1.018,0.9188,0.7982,7.0022001266,39.76
2008-03-27,1.5814026594,2.0097,99.87,0.9919999838,1.0146,0.9202,0.8041,7.0034999847,39.95
2008-03-26,1.5824036598,2.0019,99.12,0.991599977,1.018,0.9196,0.8029,7.0170001984,39.96
2008-03-25,1.5612071753,1.9997,100.07,1.0087000132,1.0176,0.9136,0.8036,7.0409002304,39.93
2008-03-24,1.5434956551,1.9852,100.77,1.0188000202,1.0203,0.9062,0.7968,7.0425000191,40.03
2008-03-21,1.5697108507,1.9826,99.4,1.0087000132,1.0239,0.9016,0.792,7.0425000191,39.86
2008-03-20,1.5442106724,1.9823,98.79,1.0067000389,1.0265,0.8958,0.7881,7.0425000191,40.32
2008-03-19,1.5638928413,1.9858,99.34,0.9965000153,1.0027,0.9214,0.8034,7.0567002296,40
2008-03-18,1.5658028126,2.0216,98.23,0.9990000129,0.9938,0.9271,0.8094,7.0700001717,40.2
2008-03-17,1.5748031139,2.0008,96.88,0.9843000174,0.9977,0.9184,0.799,7.0732998848,40.46
2008-03-14,1.5617922544,2.0294,100.2,0.9978500009,0.9867,0.9371,0.8149,7.0805997849,40.4
2008-03-13,1.5622069836,2.0311,100.58,1.0103000402,0.9841,0.9411,0.8134,7.0803999901,40.18
2008-03-12,1.5540015697,2.0211,102.38,1.0147000551,0.9895,0.9322,0.8063,7.0914001465,40.02
2008-03-11,1.5341894627,2.0041,102.87,1.032400012,0.9953,0.9249,0.7995,7.0949997902,40.23
2008-03-10,1.5340952873,2.0166,101.8,1.0189000368,0.9975,0.9177,0.7909,7.0964999199,40.39
2008-03-07,1.533601284,2.0128,102.69,1.024799943,0.9916,0.9283,0.7943,7.1013998985,40.42
2008-03-06,1.5385088921,2.0073,103.1,1.0219999552,0.9847,0.9317,0.8004,7.0960001945,40.13
2008-03-05,1.5276972055,1.9939,103.99,1.0358999968,0.9897,0.9319,0.8003,7.0999999046,40.19
2008-03-04,1.5210051537,1.9854,102.67,1.0393999815,0.9954,0.9227,0.7973,7.0960001945,40.27
2008-03-03,1.5200109482,1.985,103.57,1.0410000086,0.9867,0.9409,0.807,7.0939998627,40.33
2008-02-29,1.5192027092,1.9864,104.19,1.0421999693,0.9796,0.937,0.8027,7.1019001007,39.96
2008-02-28,1.5195951462,1.9879,105.64,1.050999999,0.9717,0.9463,0.8146,7.1020002365,39.84
2008-02-27,1.5118072033,1.9923,106.38,1.0627000332,0.9776,0.9417,0.8175,7.1325001717,39.68
2008-02-26,1.4996100664,1.9747,107.73,1.0759999752,0.9861,0.9292,0.8128,7.1455001831,39.89
2008-02-25,1.4835914373,1.9668,107.88,1.0885000229,0.9982,0.9232,0.8082,7.1420001984,39.9
2008-02-22,1.4826017618,1.9668,106.98,1.0849000216,1.0155,0.9205,0.806,7.132999897,40.04
2008-02-21,1.4815034866,1.9614,107.6,1.0901999474,1.0083,0.9206,0.8008,7.131000042,39.83
2008-02-20,1.4722987413,1.9405,107.97,1.0981999636,1.0188,0.9148,0.7945,7.1339998245,40.11
2008-02-19,1.4729926586,1.9511,107.5,1.0943000317,1.0159,0.9203,0.7994,7.1399998665,39.91
2008-02-18,1.4650082588,,,1.1016000509,,,,7.1554999352,
2008-02-15,1.4676098824,1.9613,107.67,1.0932999849,1.0013,0.9069,0.7889,7.1690001488,39.65
2008-02-14,1.4644076824,1.9708,107.97,1.097200036,0.9967,0.9034,0.7895,7.1789999008,39.57
2008-02-13,1.4556040764,1.9618,108.15,1.1081000566,0.9992,0.8934,0.7827,7.1876997948,39.75
2008-02-12,1.4581936598,1.9622,107.42,1.1019999981,0.9963,0.9058,0.7944,7.1799998283,39.56
2008-02-11,1.4502000809,1.9486,106.64,1.1022000313,1.0018,0.9027,0.7882,7.1820001602,39.6
2008-02-08,1.5570987463,1.9473,107.34,1.1073000431,0.9994,0.8945,0.7881,7.179599762,39.61
2008-02-07,1.4478904009,1.942,106.82,1.1031999588,1.0115,0.8942,0.79,7.179599762,39.43
2008-02-06,1.461710453,1.9604,106.75,1.0971000195,1.0023,0.8983,0.7853,7.179599762,39.49
2008-02-05,1.4638073444,1.9626,106.94,1.0990999937,1.0043,0.8997,0.7852,7.1750001907,39.4
2008-02-04,1.48279953,1.9777,106.73,1.0880000591,0.9927,0.9091,0.7949,7.1819000244,39.13
2008-02-01,1.4799906015,1.9687,106.3,1.0887000561,0.9939,0.9035,0.7948,7.1729998589,39.12
2008-01-31,1.4865025282,1.9895,106.74,1.0807000399,1.0018,0.8968,0.7884,7.1729998589,39.31
2008-01-30,1.4831073284,1.988,107.25,1.0842000246,0.9936,0.8893,0.7814,7.1810002327,39.35
2008-01-29,1.4771921635,1.9857,107.08,1.0938999653,0.9978,0.8895,0.7783,7.184899807,39.28
2008-01-28,1.4788086414,1.9857,106.65,1.089599967,1.0042,0.8833,0.7748,7.1866998672,39.35
2008-01-25,1.4675022364,1.9802,107.31,1.0978000164,1.0044,0.8817,0.7707,7.2024998665,39.33
2008-01-24,1.4774104357,1.9733,106.68,1.086599946,1.0071,0.879,0.7735,7.2129998207,39.37
2008-01-23,1.4632076025,1.9515,105.42,1.0917999744,1.0282,0.8654,0.7584,7.2220001221,39.55
2008-01-22,1.4647936821,1.9577,106.76,1.0967999697,1.0248,0.8684,0.764,7.2291998863,39.38
2008-01-21,1.4420026541,,,1.1102000475,,,,7.2309999466,
2008-01-18,1.4617959261,1.9529,106.82,1.0993000269,1.0294,0.8759,0.7576,7.2322998047,39.2
2008-01-17,1.4640002251,1.9744,107.01,1.1004999876,1.029,0.8827,0.7694,7.2385997772,39.16
2008-01-16,1.4664046764,1.9638,107.27,1.0988999605,1.0238,0.878,0.7699,7.2224001884,39.29
2008-01-15,1.480209589,1.9671,107.07,1.0913000107,1.0167,0.8875,0.7811,7.2321000099,39.26
2008-01-14,1.4869003296,1.9583,108.18,1.0929000378,1.021,0.8981,0.79,7.2424998283,39.14
2008-01-11,1.4790055752,1.9592,109.11,1.1000000238,1.0198,0.8927,0.7848,7.2525000572,39.15
2008-01-10,1.4801001549,1.9565,109.38,1.1044000387,1.0139,0.8891,0.7818,7.2607998848,39.27
2008-01-09,1.4664046764,1.9564,109.4,1.1161999702,1.0083,0.8801,0.7713,7.2537999153,39.13
2008-01-08,1.5570987463,1.9731,109.29,1.1122000217,0.9985,0.8812,0.7718,7.2534999847,39.13
2008-01-07,1.4682993889,1.9703,109.1,1.1177999973,1.005,0.8712,0.7665,7.2578001022,39.15
2008-01-04,1.4754921198,1.9757,108.38,1.1071000099,0.9988,0.8762,0.7712,7.2630000114,39.15
2008-01-03,1.4744912386,1.9733,109.58,1.1115000248,0.9905,0.8819,0.7752,7.2628998756,39.26
2008-01-02,1.4716920853,1.9824,109.7,1.1191999912,0.9922,0.8812,0.7732,7.285200119,39.41
2008-01-01,1.4620096684,,,1.1312999725,,,,7.2940998077,
2007-12-31,1.4601097107,1.9843,111.71,1.1319999695,0.9881,0.8776,0.7678,7.2940998077,39.41
2007-12-28,1.4718002081,1.9929,112.93,1.1267000437,0.9784,0.874,0.773,7.2940998077,39.43
2007-12-27,1.4613901377,1.9907,114,1.1401000023,0.9808,0.8773,0.7698,7.3055000305,39.4
2007-12-26,1.4487924576,1.9833,114.08,1.1511000395,0.9834,0.8734,0.7682,7.3489999771,39.38
2007-12-25,1.4395946264,,,1.1585999727,,,,7.3550000191,
2007-12-24,1.4396983385,1.9774,114.45,1.1564999819,0.9871,0.8705,0.7673,7.3550000191,39.38
2007-12-21,1.4388074875,1.9833,113.95,1.1549999714,0.9943,0.8657,0.7646,7.3550000191,39.3
2007-12-20,1.4333013296,1.9821,112.97,1.1582000256,0.9983,0.8577,0.756,7.358300209,39.41
2007-12-19,1.4383935928,1.9931,113.44,1.1546000242,1.0056,0.8567,0.7557,7.367000103,39.55
2007-12-18,,2.014,113.17,,1.0105,0.8557,0.7513,7.3895001411,39.48
2007-12-17,1.4412959814,2.0168,113.2,1.1493999958,1.0072,0.857,0.7536,7.3695998192,39.49
2007-12-14,1.4437098503,2.0197,113.35,1.1509000063,1.0135,0.862,0.7675,7.3619999886,39.3
2007-12-13,1.4629936218,2.0395,112.26,1.1413999796,1.0216,0.8745,0.7819,7.3579998016,39.29
2007-12-12,1.4716053009,2.0494,112.36,1.1341999769,1.0107,0.8857,0.7897,7.3635001183,39.29
2007-12-11,1.4664906263,2.0387,111.77,1.1298799515,1.0107,0.8867,0.7828,7.3706002235,39.31
2007-12-10,1.470891118,2.0457,111.6,1.1281000376,1.0103,0.8829,0.7792,7.3860001564,39.3
2007-12-07,1.4656095505,2.0289,111.72,1.1282999516,1.0051,0.8807,0.7795,7.3930001259,39.36
2007-12-06,1.4659103155,2.0289,111.05,1.1279000044,1.0125,0.8731,0.7732,7.4035000801,39.39
2007-12-05,1.4598966837,2.0288,110.85,1.1283999681,1.0127,0.8709,0.7685,7.3832998276,39.31
2007-12-04,1.4766032696,2.0577,109.68,1.1171000004,1.0106,0.8726,0.7627,7.3880000114,39.33
2007-12-03,1.467007041,2.0658,110.44,1.1269999743,1,0.8828,0.7667,7.3924999237,39.39
2007-11-30,1.469594121,2.0567,111.02,1.1320999861,1.0007,0.8848,0.7671,7.3880000114,39.52
2007-11-29,1.475992918,2.0642,109.94,1.1167000532,0.9928,0.883,0.7722,7.3720002174,39.65
2007-11-28,1.4840978384,2.0688,110.38,1.1108000278,0.9907,0.8817,0.7702,7.3850002289,39.56
2007-11-27,1.4837895632,2.0653,108.64,1.1051000357,0.9968,0.8744,0.7578,7.3772997856,39.68
2007-11-26,,2.0681,108.17,,0.9877,0.8778,0.7558,7.4014000893,39.58
2007-11-23,1.4801001549,2.0564,108.17,1.1018999815,0.9887,0.8744,0.7558,7.3892998695,39.65
2007-11-22,1.4855971336,2.0585,108.54,1.1009999514,0.9894,0.8698,0.7507,7.4010000229,39.29
2007-11-21,1.4857958555,2.0585,108.54,1.1016999483,0.9894,0.8698,0.7507,7.4010000229,39.29
2007-11-20,1.483305335,2.0652,110.05,1.1059999466,0.9848,0.8874,0.7623,7.4152998924,39.32
2007-11-19,1.466899395,2.0478,110.05,1.1146999598,0.9839,0.8835,0.7547,7.4145002365,39.23
2007-11-16,1.4634003639,2.048,111.05,1.1186000109,0.9727,0.8909,0.7559,7.4134998322,39.24
2007-11-15,1.4620951414,2.0483,110.78,1.1224999428,0.9804,0.8921,0.7583,7.4120001793,39.18
2007-11-14,1.4650082588,2.0586,111.38,1.1230000257,0.9608,0.9002,0.7646,7.4169998169,39.18
2007-11-13,1.4620951414,2.0729,110.31,1.1256999969,0.9639,0.8893,0.7544,7.423500061,39.22
2007-11-12,1.4523905516,,,1.1294000149,,,,7.4019999504,
2007-11-09,1.4675022364,2.0911,110.9,1.1210000515,0.9385,0.9145,0.767,7.4011001587,39.11
2007-11-08,1.4681053162,2.1104,112.66,1.1270999908,0.9303,0.9266,0.7763,7.4107999802,39.13
2007-11-07,1.4623944759,2.1045,113.29,1.1339999437,0.9168,0.9369,0.7839,7.4327998161,39.15
2007-11-06,1.4564096928,2.0859,114.51,1.1440000534,0.9243,0.9253,0.7761,7.4457001686,39.23
2007-11-05,1.4478065968,2.0799,114.54,1.1528999805,0.9337,0.9196,0.7669,7.4437999725,39.18
2007-11-02,1.4487924576,2.082,114.74,1.1562000513,0.936,0.918,0.7612,7.445499897,39.25
2007-11-01,1.442710042,2.0818,114.87,1.1570999622,0.9497,0.9186,0.7626,7.4510002136,39.22
2007-10-31,1.447198987,2.0777,115.27,1.1595000029,0.9496,0.9271,0.7693,7.4615001678,39.26
2007-10-30,1.4440015554,2.0671,114.72,1.1584000587,0.9534,0.9185,0.7662,7.4615001678,39.3
2007-10-29,1.4417947531,2.0609,114.69,1.1648999453,0.9547,0.9211,0.7683,7.464799881,39.32
2007-10-26,1.4393045902,2.0514,114.01,1.1647000313,0.9619,0.9163,0.7649,7.4774999619,39.3
2007-10-25,1.43260324,2.0485,114.09,1.1653000116,0.9673,0.9059,0.7608,7.4723000526,39.35
2007-10-24,1.4263097048,2.0491,113.94,1.1715999842,0.971,0.8997,0.7513,7.4837999344,39.49
2007-10-23,1.4258012772,2.0495,114.65,1.1734000444,0.9673,0.8943,0.7526,7.4952998161,39.48
2007-10-22,1.417997241,2.0279,114.07,1.1772999763,0.9811,0.8785,0.7411,7.5005002022,39.72
2007-10-19,1.4296947718,2.0484,115.15,1.1677000523,0.9637,0.8935,0.7519,7.4983000755,39.6
2007-10-18,1.429490447,2.0457,115.64,1.1693999767,0.9733,0.8947,0.7528,7.5012998581,39.72
2007-10-17,1.4217066765,2.0387,116.62,1.1787999868,0.9736,0.8942,0.7538,7.5062999725,39.35
2007-10-16,1.4176956415,2.0327,116.61,1.182000041,0.9778,0.886,0.7454,7.506000042,39.23
2007-10-15,1.420394063,2.0419,117.37,1.1808999777,0.9756,0.9012,0.7653,7.5149998665,39.29
2007-10-12,1.4190032482,2.034,117.5,1.1852999926,0.9737,0.9042,0.7755,7.4990000725,39.16
2007-10-11,1.4201923609,2.0342,117.71,1.1816999912,0.9744,0.9043,0.7738,7.4945001602,39.2
2007-10-10,1.4141070843,2.0432,117.17,1.1835000515,0.9813,0.8992,0.7638,7.4990000725,39.13
2007-10-09,1.4106959105,2.0331,116.98,1.1829999685,0.9846,0.8975,0.7622,7.5054998398,38.48
2007-10-08,1.4049086571,2.0436,116.83,1.1862000227,0.9815,0.8998,0.7627,7.4949998856,39.47
2007-10-05,1.4133076668,2.0436,116.83,1.1772999763,0.9815,0.8998,0.7627,7.4959998131,39.47
2007-10-04,1.4135074615,2.0392,116.59,1.1744999886,0.998,0.8883,0.7553,7.4959998131,39.37
2007-10-03,1.4099997282,2.0369,116.74,1.1799000502,0.9961,0.8882,0.7602,7.4959998131,39.38
2007-10-02,1.4152077436,2.0417,115.83,1.1749999523,1.0002,0.8846,0.7608,7.4959998131,39.65
2007-10-01,1.4236091375,2.0436,115.91,1.168200016,0.9929,0.8931,0.7662,7.4959998131,39.7
2007-09-28,1.4264928102,2.0389,114.97,1.1629999876,0.9959,0.8855,0.7568,7.4959998131,39.75
2007-09-27,1.4152077436,2.0235,115.76,1.1726000309,1.0031,0.8776,0.7479,7.5043997765,39.65
2007-09-26,1.4133076668,2.0159,115.66,1.1694999933,1.0045,0.8749,0.7445,7.5054998398,39.5
2007-09-25,1.4152077436,2.0169,114.48,1.1655000448,1.0005,0.8691,0.7392,7.5029997826,39.55
2007-09-24,1.4074001312,2.0222,114.92,1.1729999781,1.0011,0.8669,0.745,7.4990000725,39.5
2007-09-21,1.4092049599,2.0208,115.6,1.171900034,1.0008,0.865,0.7415,7.4914999008,39.84
2007-09-20,1.4078954458,2.0132,114.18,1.171399951,1.0011,0.8641,0.7427,7.5040001869,39.87
2007-09-19,1.3969016075,1.9983,116.21,1.1834000349,1.0147,0.8555,0.7328,7.5029997826,39.81
2007-09-18,1.3979953527,1.9973,115.75,1.1807999611,1.0234,0.8363,0.7099,7.5130000114,40.45
2007-09-17,1.3865010738,1.992,114.93,1.1871999502,1.0307,0.8328,0.7044,7.5145001411,40.52
2007-09-14,1.3878093958,2.0067,115.31,1.1907999516,1.0292,0.8415,0.7125,7.506000042,40.4
2007-09-13,1.3866932392,2.0278,115.37,1.1849000454,1.0324,0.8395,0.7171,7.502600193,40.25
2007-09-12,1.3908011913,2.0314,114.24,1.1843999624,1.0372,0.8401,0.714,7.5110001564,40.34
2007-09-11,1.384006381,2.0319,113.97,1.1887999773,1.043,0.831,0.7016,7.513299942,40.36
2007-09-10,,2.0288,113.43,,1.0532,0.8238,0.6938,7.5244998932,40.48
2007-09-07,1.3775053024,2.0283,113.57,1.1884000301,1.0546,0.8259,0.6889,7.5279998779,40.4
2007-09-06,1.3696004152,2.0242,115.33,1.200799942,1.0534,0.8275,0.6917,7.5288000107,40.6
2007-09-05,1.3653928041,2.0221,115.15,1.203600049,1.0508,0.8245,0.69,7.541200161,40.81
2007-09-04,1.3620080948,2.0109,116.21,1.2099000216,1.0493,0.8245,0.6987,7.5399999619,40.76
2007-09-03,1.3613963127,2.0165,115.83,1.209800005,1.056,0.8157,0.7025,7.5349001884,40.63
2007-08-31,1.364200592,2.0165,115.83,1.2080999613,1.056,0.8157,0.7025,7.5349998474,40.63
2007-08-30,1.364200592,2.016,115.81,1.2035000324,1.0567,0.8183,0.7044,7.5345001221,41.02
2007-08-29,1.3674091101,2.0182,115.52,1.1992000341,1.0592,0.819,0.7027,7.5390000343,40.95
2007-08-28,1.3598966599,2.0065,114.7,1.2012000084,1.0616,0.8207,0.7032,7.5454998016,41.1
2007-08-27,1.3637913465,2.0134,116.05,1.2022000551,1.0515,0.8288,0.7182,7.5500001907,40.88
2007-08-24,1.3666989803,2.0099,116.12,1.203600049,1.0525,0.8242,0.7183,7.5580000877,40.9
2007-08-23,1.3556932211,2.0035,115.81,1.2073999643,1.0566,0.8134,0.7087,7.5739998817,41
2007-08-22,1.3549952507,1.9916,114.95,1.2064000368,1.062,0.8043,0.7006,7.5920000076,40.77
2007-08-21,1.3454966545,1.9813,114.42,1.2066999674,1.0601,0.8,0.6962,7.5799999237,41.01
2007-08-20,1.3474909067,1.983,114.49,1.2059999704,1.058,0.8005,0.6958,7.5774998665,40.91
2007-08-17,1.3494002819,1.9828,113.81,1.2051000595,1.0635,0.7887,0.689,7.5850000381,41.04
2007-08-16,1.342498064,1.9829,114.03,1.2167999744,1.0754,0.786,0.6777,7.5929999352,41.15
2007-08-15,1.3428045511,1.9923,117.19,1.2186000347,1.0746,0.8243,0.7159,7.5748000145,40.55
2007-08-14,1.3534914255,2,118.21,1.2105000019,1.0635,0.8384,0.7305,7.5661001205,40.8
2007-08-13,1.3613035679,2.0123,118.47,1.2046999931,1.0508,0.843,0.7402,7.5729999542,40.4
2007-08-10,1.3689066172,2.0219,118,1.1992000341,1.0538,0.8455,0.7462,7.5640001297,40.45
2007-08-09,1.3674091101,2.0271,118.69,1.1967999935,1.0566,0.8542,0.7578,7.5550999641,40.4
2007-08-08,1.3803004026,2.0368,119.76,1.1953999996,1.0497,0.8618,0.7683,7.5669999123,40.29
2007-08-07,1.3740983009,2.0202,118.48,1.1970000267,1.0553,0.8543,0.7611,7.5602998734,40.26
2007-08-06,1.3796910048,2.0293,118.04,1.1920000315,1.0513,0.8572,0.7624,7.5510001183,40.25
2007-08-03,1.3787018061,2.0426,118.43,1.1878999472,1.0526,0.8573,0.7643,7.5549998283,40.25
2007-08-02,1.3707079887,2.0346,119.35,1.2032999992,1.0528,0.8595,0.7697,7.5619997978,40.36
2007-08-01,1.3677084446,2.0309,118.71,1.2035000324,1.0565,0.8537,0.7624,7.5599999428,40.25
2007-07-31,1.3672035933,2.0364,119.13,1.201300025,1.0656,0.8594,0.7715,7.5625,40.18
2007-07-30,1.3711966276,2.0238,118.41,1.2029399872,1.0689,0.8509,0.7625,7.5570001602,40.27
2007-07-27,1.3636053801,2.029,118.56,1.2128000259,1.059,0.856,0.7653,7.5500001907,40.38
2007-07-26,1.375005126,2.0488,119.14,1.2029999495,1.0504,0.878,0.791,7.5553998947,40.24
2007-07-25,1.3726081848,2.0511,120.33,1.2134000063,1.0423,0.8828,0.8032,7.5469999313,40.24
2007-07-24,1.3824948072,2.0626,120.57,1.2029000521,1.0372,0.8841,0.8089,7.5524997711,40.15
2007-07-23,1.3804908991,2.0585,121.31,1.2062799931,1.045,0.8835,0.8038,7.5520000458,40.12
2007-07-20,1.3833937645,2.0566,121.15,1.2005000114,1.044,0.8796,0.7965,7.5599999428,40.18
2007-07-19,1.379805088,2.049,122.06,1.203799963,1.0425,0.8796,0.7923,7.5529999733,40.26
2007-07-18,1.3807005882,2.0534,121.83,1.2005000114,1.0435,0.8778,0.794,7.5560002327,40.23
2007-07-17,1.3790060282,2.0455,122.36,1.2005000114,1.0435,0.8732,0.791,7.5520000458,40.23
2007-07-16,1.3776950836,2.0374,121.9,1.2023999691,1.043,0.8722,0.7922,7.5574998856,40.22
2007-07-13,1.378492713,2.0344,121.99,1.2023999691,1.0476,0.8688,0.7859,7.5599999428,40.26
2007-07-12,1.3787969351,2.0288,122.5,1.2034000158,1.0467,0.8638,0.7819,7.5560002327,40.28
2007-07-11,1.3754022121,2.032,122.13,1.2046999931,1.0557,0.8614,0.7793,7.5529999733,40.31
2007-07-10,1.3760079145,2.0248,122.19,1.2012000084,1.052,0.8622,0.7794,7.5710000992,40.3
2007-07-09,1.36239779,2.0166,123.34,1.2164000273,1.0479,0.8605,0.7809,7.5914998055,40.37
2007-07-06,1.3629920483,2.0119,123.27,1.217599988,1.0478,0.8569,0.7823,7.5910000801,40.36
2007-07-05,1.3598966599,2.0114,122.82,1.2173000574,1.0567,0.8561,0.7829,7.5879998207,40.34
2007-07-04,1.3615074158,,,1.2171000242,,,,7.5850000381,
2007-07-03,1.3611923456,2.0168,122.4,1.2157800198,1.0593,0.8543,0.7814,7.5840001106,40.41
2007-07-02,1.3634938002,2.0161,122.32,1.2094000578,1.0553,0.8596,0.783,7.5949997902,40.42
2007-06-29,1.3536012173,2.0063,123.39,1.2215000391,1.0634,0.8491,0.773,7.6034998894,40.58
2007-06-28,1.3447005749,2.0022,123.01,1.231400013,1.0626,0.8461,0.7693,7.6050000191,40.8
2007-06-27,1.3454966545,1.9965,122.52,1.2292000055,1.0716,0.8375,0.7589,7.6079998016,40.88
2007-06-26,1.344899416,1.9997,123.49,1.2286000252,1.0692,0.8474,0.7668,7.6059999466,40.9
2007-06-25,1.346801281,1.9962,123.84,1.2279000282,1.0712,0.848,0.7663,7.6094999313,40.73
2007-06-22,1.3470915556,1.9975,124.09,1.2292000055,1.0676,0.8482,0.767,7.6149997711,40.55
2007-06-21,1.3394052982,1.9924,123.68,1.2411999702,1.0727,0.8468,0.7621,7.609000206,40.59
2007-06-20,1.3396027088,1.9937,123.6,1.2383999825,1.0646,0.8458,0.7627,7.6076002121,40.59
2007-06-19,1.3424079418,1.9884,123.39,1.2402000427,1.0638,0.846,0.7579,7.6075000763,40.58
2007-06-18,1.3415975571,1.9822,123.67,1.2416000366,1.072,0.8421,0.754,7.6199998856,40.5
2007-06-15,1.3379000425,1.9765,123.55,1.2418999672,1.0678,0.84,0.7533,7.6149997711,40.52
2007-06-14,1.3315933943,1.9696,122.97,1.2460999489,1.0684,0.8349,0.7502,7.6154999733,40.66
2007-06-13,1.3310085535,1.9728,122.37,1.243999958,1.0668,0.8402,0.7504,7.6220002174,40.7
2007-06-12,1.3306012154,1.975,121.76,1.2417999506,1.0636,0.8439,0.752,7.6335000992,40.48
2007-06-11,1.3355948925,1.9686,121.78,1.2381000519,1.0614,0.8426,0.7493,7.6550002098,40.55
2007-06-08,1.3360053301,1.9657,121.62,1.2346999645,1.0622,0.8427,0.7565,7.6449999809,40.82
2007-06-07,1.3428045511,1.9798,121.34,1.2238999605,1.0611,0.8447,0.7554,7.6380000114,40.51
2007-06-06,1.349290967,1.9915,121.08,1.2166999578,1.0586,0.8408,0.7506,7.625,40.41
2007-06-05,1.352009058,1.9941,121.49,1.2180000544,1.0605,0.8371,0.7516,7.6325998306,40.28
2007-06-04,1.3491998911,1.9922,121.72,1.2226999998,1.0579,0.8341,0.7473,7.638999939,40.5
2007-06-01,1.3441944122,1.9804,122.1,1.2358000278,1.0602,0.8313,0.7434,7.636300087,40.27
2007-05-31,1.3456052542,1.9797,121.76,1.2251000404,1.0701,0.8272,0.7365,7.6374998093,40.36
2007-05-30,1.3432012796,1.9747,121.48,1.2258000374,1.0753,0.822,0.7304,7.6360001564,40.53
2007-05-29,1.3445920944,1.9814,121.79,1.2250000238,1.0719,0.8202,0.7289,7.6402001381,40.19
2007-05-28,1.3452069759,,,1.2284400463,,,,7.6423001289,
2007-05-25,1.3450080156,1.9845,121.72,1.2268999815,1.0794,0.819,0.7267,7.6423001289,40.28
2007-05-24,1.3430029154,1.9852,121.46,1.2274999619,1.0841,0.8207,0.7251,7.6419000626,40.43
2007-05-23,1.3458044529,1.9879,121.52,1.2274999619,1.0816,0.8246,0.7312,7.6430001259,40.28
2007-05-22,1.3452069759,1.9768,121.47,1.2296999693,1.0854,0.8213,0.7275,7.6444997787,40.14
2007-05-21,1.3466018438,1.9695,121.57,1.2299000025,1.0854,0.82,0.7294,7.6539998055,40.48
2007-05-18,1.3512965441,1.9755,121.09,1.2269999981,1.0883,0.825,0.731,7.6585001945,40.36
2007-05-17,1.3496916294,1.9748,121.3,1.2271200418,1.0976,0.8219,0.7305,7.6717000008,40.59
2007-05-16,1.3523930311,1.9774,120.74,1.222200036,1.1028,0.8248,0.7333,7.6717000008,40.58
2007-05-15,1.3596007824,1.9862,120.22,1.2147300243,1.0976,0.8348,0.7387,7.673500061,40.64
2007-05-14,1.3542977571,1.9803,120.37,1.2186000347,1.1067,0.8333,0.7384,7.6710000038,40.59
2007-05-11,1.3521004915,1.9824,120.19,1.2180999517,1.1136,0.8326,0.7342,7.6666002274,40.74
2007-05-10,1.3483085632,1.9833,120.37,1.2197999954,1.1073,0.832,0.7326,7.6838998795,41.04
2007-05-09,1.3527040482,1.9963,119.8,1.2187999487,1.1063,0.8285,0.7345,7.6834998131,40.67
2007-05-08,1.3540961742,1.9902,119.89,1.2180999517,1.1048,0.8277,0.7372,7.6859998703,40.64
2007-05-07,1.3600076437,1.9944,119.96,1.211599946,1.1024,0.8254,0.7377,7.695499897,40.53
2007-05-04,1.3588987589,1.9931,120.16,1.2096999884,1.1069,0.8207,0.7353,7.695499897,40.58
2007-05-03,1.3556013107,1.9878,120.33,1.2158999443,1.1069,0.8241,0.7363,7.695499897,40.82
2007-05-02,1.3588064909,1.991,120.05,1.2143000364,1.1087,0.8247,0.7387,7.695499897,41.04
2007-05-01,1.3601001501,1.9993,119.77,1.2144999504,1.1088,0.8287,0.7417,7.695499897,41
2007-04-30,1.3652063608,2,119.44,1.2062000036,1.1068,0.8326,0.7425,7.695499897,41.04
2007-04-27,1.3655046225,1.9985,119.59,1.2055000067,1.1152,0.8311,0.741,7.7115998268,40.79
2007-04-26,1.3588987589,1.9903,119.5,1.2086999416,1.1202,0.8254,0.7373,7.7164998055,40.56
2007-04-25,1.3639029264,2.0042,118.62,1.2057000399,1.1146,0.8333,0.7452,7.7090001106,40.58
2007-04-24,1.3636053801,2.0028,118.52,1.2010999918,1.1228,0.8284,0.7426,7.7158999443,40.75
2007-04-23,1.3584003448,2.0017,118.47,1.2086999416,1.1225,0.8339,0.7462,7.7129998207,41.65
2007-04-20,1.3588987589,2.0047,118.81,1.2071000338,1.1227,0.8363,0.7462,7.7079000473,41.7
2007-04-19,1.3624349833,2.0029,118.36,1.204679966,1.1286,0.8356,0.7439,7.7065000534,42.08
2007-04-18,1.3613963127,2.0041,118.27,1.2029999495,1.1288,0.8353,0.7432,7.7126002312,42
2007-04-17,1.3572019339,2.0061,118.96,1.2087999582,1.1293,0.8367,0.7444,7.7232999802,41.98
2007-04-16,1.3529053926,1.9907,119.84,1.214599967,1.1309,0.8327,0.7409,7.7178997993,41.75
2007-04-13,1.3521004915,1.9829,119.27,1.2146999836,1.1379,0.8326,0.7375,7.7116999626,42.42
2007-04-12,1.3491089344,1.9769,118.99,1.2160999775,1.1362,0.8276,0.7286,7.7160000801,42.65
2007-04-11,1.3439956903,1.9786,119.36,1.219900012,1.1449,0.8259,0.7283,7.7164998055,42.69
2007-04-10,1.3432012796,1.9718,119.07,1.2173999548,1.1479,0.825,0.7291,7.7239999771,42.65
2007-04-09,1.335505724,1.9608,119.28,1.2266000509,1.1522,0.8167,0.7205,7.7167000771,42.65
2007-04-06,1.340195179,1.9655,119.33,1.2232999802,1.1511,0.8177,0.7221,7.7167000771,42.74
2007-04-05,1.3432012796,1.9708,118.66,1.2148000002,1.1509,0.8193,0.723,7.7167000771,42.76
2007-04-04,1.3373990059,1.9756,118.72,1.2193000317,1.1583,0.818,0.7205,7.7245998383,42.84
2007-04-03,1.332498312,1.9781,118.83,1.2228499651,1.1573,0.8131,0.7209,7.7214999199,43.04
2007-04-02,1.3370056152,1.9786,117.69,1.2148000002,1.1556,0.8166,0.7214,7.7186999321,43.05
2007-03-30,1.3358982801,1.9685,117.56,1.2137000561,1.153,0.8104,0.7158,7.7207999229,43.1
2007-03-29,1.3334933519,1.9627,117.75,1.2172000408,1.1577,0.8078,0.7145,7.7171001434,43.45
2007-03-28,1.3315047026,1.9611,116.83,1.2165499926,1.1579,0.8064,0.7107,7.7190999985,42.78
2007-03-27,1.3365052938,1.9664,117.8,1.2107000351,1.1584,0.8089,0.7184,7.7234997749,43.03
2007-03-26,1.3331911564,1.9694,117.84,1.215299964,1.1627,0.8097,0.7162,7.7259001732,43.2
2007-03-23,1.329698801,1.9632,117.82,1.2187000513,1.1601,0.8062,0.7124,7.7224998474,43.56
2007-03-22,1.3334044218,1.9672,117.79,1.2138999701,1.1574,0.8083,0.7146,7.7160000801,43.52
2007-03-21,1.3399077654,1.9596,117.83,1.2086999416,1.1578,0.8015,0.7045,7.7252998352,43.28
2007-03-20,1.3315933943,1.958,117.32,1.2117999792,1.1638,0.8016,0.7043,7.727399826,43.53
2007-03-19,1.3312920332,1.946,117.58,1.2110999823,1.175,0.7996,0.7021,7.7262001038,44.04
2007-03-16,1.3318061829,1.9423,116.77,1.2081999779,1.1738,0.7948,0.6977,7.7258000374,44.08
2007-03-15,1.3283035755,1.9365,117.26,1.2130000591,1.1757,0.7884,0.6948,7.734000206,44.19
2007-03-14,1.3235040903,1.9337,116.33,1.2170000076,1.1755,0.786,0.6902,7.7312002182,44.25
2007-03-13,1.3190002441,1.9322,116.96,1.216899991,1.1687,0.7871,0.6975,7.7368998528,44.08
2007-03-12,1.3187913895,1.9291,117.51,1.2249000072,1.1689,0.7839,0.6932,7.7372999191,44.11
2007-03-09,1.3115957975,1.9318,118.15,1.2316000462,1.1712,0.7806,0.6915,7.734000206,44.07
2007-03-08,1.3141986132,1.93,117.35,1.2272000313,1.1802,0.7758,0.685,7.7300000191,44.19
2007-03-07,1.3178529739,1.9315,116.41,1.2163000107,1.1785,0.7765,0.6839,7.7300000191,44.18
2007-03-06,1.313801527,1.927,116.5,1.2233999968,1.1759,0.7737,0.6807,7.7315998077,44.18
2007-03-05,1.3086949587,1.9235,116.01,1.220600009,1.181,0.7728,0.6782,7.7399997711,44.43
2007-03-02,1.3164995909,1.9458,116.82,1.2137999535,1.1752,0.7834,0.6885,7.7347002029,44.1
2007-03-01,1.3170025349,1.9579,117.53,1.2238999605,1.1711,0.7863,0.6943,7.733300209,44.11
2007-02-28,1.3228913546,1.9613,118.33,1.2190999985,1.17,0.7892,0.7012,7.728000164,44.08
2007-02-27,1.3232064247,1.9661,118.67,1.2179000378,1.1639,0.7933,0.7044,7.7309999466,44.21
2007-02-26,1.3194004297,1.9631,120.76,1.2289999723,1.1601,0.7931,0.7099,7.7379999161,44.04
2007-02-23,1.3168984652,1.9639,121.1,1.2323999405,1.1586,0.792,0.7067,7.7402000427,44.08
2007-02-22,1.3125082254,1.9571,121.3,1.2380000353,1.1616,0.7895,0.7055,7.7402000427,44.05
2007-02-21,1.3139051199,1.9524,120.99,1.2380000353,1.1609,0.7899,0.7062,7.7402000427,44
2007-02-20,1.3148033619,1.9547,120.1,1.235550046,1.1697,0.7852,0.7005,7.7402000427,44.12
2007-02-19,1.3152011633,,,1.2331000566,,,,7.7402000427,
2007-02-16,1.313801527,1.9499,119.23,1.2352999449,1.1638,0.7868,0.6975,7.7402000427,43.87
2007-02-15,1.313508153,1.9532,119.49,1.235049963,1.1642,0.7847,0.694,7.7455000877,43.91
2007-02-14,1.3139914274,1.9628,120.8,1.2389999628,1.166,0.7833,0.6945,7.7490000725,44
2007-02-13,1.3032032251,1.9443,121.24,1.2472000122,1.1686,0.7774,0.6889,7.75,44.02
2007-02-12,1.2962938547,1.9474,121.77,1.2536000013,1.1746,0.7726,0.6854,7.7459998131,44
2007-02-09,1.3006945848,1.9512,121.59,1.2475999594,1.1736,0.7765,0.6837,7.7404999733,43.93
2007-02-08,1.3040019274,1.9586,121.19,1.2459000349,1.1852,0.7812,0.6863,7.7388000488,43.98
2007-02-07,1.302303791,1.9699,120.65,1.2403999567,1.1851,0.7786,0.6852,7.7379999161,44.01
2007-02-06,1.2983977795,1.9693,120.35,1.2396999598,1.1819,0.7769,0.6799,7.7470002174,44.03
2007-02-05,1.293192625,1.96,120.34,1.2481000423,1.1816,0.7769,0.6836,7.7484998703,44.03
2007-02-02,1.2963947058,1.9662,121.02,1.2498999834,1.1838,0.7747,0.6798,7.7459998131,44
2007-02-01,1.3018969297,1.9686,120.67,1.2438999414,1.1756,0.7746,0.6815,7.7487998009,44.01
2007-01-31,1.302303791,1.9611,121.02,1.244500041,1.1792,0.774,0.6856,7.7648000717,44.07
2007-01-30,1.2965964079,1.9617,121.7,1.2513999939,1.1814,0.7724,0.689,7.765999794,44.23
2007-01-29,1.2962938547,1.9592,121.81,1.2518999577,1.1815,0.7726,0.6975,7.763999939,44.13
2007-01-26,1.2928917408,1.9598,121.53,1.2537000179,1.1798,0.7724,0.6951,7.7670001984,44.08
2007-01-25,1.2939958572,1.9703,120.97,1.2479000092,1.1781,0.7774,0.6997,7.7582001686,44.15
2007-01-24,1.2962938547,1.9675,120.77,1.2482000589,1.1824,0.7818,0.6966,7.7624001503,44.15
2007-01-23,1.302303791,1.9847,121.54,1.2426999807,1.1813,0.7921,0.7022,7.7664999962,44.14
2007-01-22,1.2950012684,1.9772,121.56,1.2491999865,1.1758,0.7893,0.6994,7.7638998032,44.11
2007-01-19,1.2968990803,1.9759,121.22,1.2484999895,1.1722,0.7892,0.6955,7.7664999962,44.15
2007-01-18,1.2960922718,1.9715,121.32,1.2472000122,1.1752,0.7886,0.6945,7.7604999542,44.15
2007-01-17,1.2939958572,1.972,120.54,1.246999979,1.1737,0.7865,0.691,7.7649998665,44.09
2007-01-16,1.2920063734,1.9605,120.64,1.2486000061,1.1748,0.7826,0.6945,7.7800998688,44.2
2007-01-15,1.2935941219,,,1.2482999563,,,,7.7831001282,
2007-01-12,1.2928081751,1.9577,120.36,1.2474999428,1.1706,0.7826,0.6915,7.7873001099,44.43
2007-01-11,1.2895072699,1.9439,120.49,1.2496000528,1.1761,0.7823,0.6928,7.7848000526,44.49
2007-01-10,1.2939958572,1.9334,119.52,1.2460999489,1.177,0.7766,0.6874,7.796500206,44.44
2007-01-09,1.2996971607,1.94,119.45,1.24150002,1.1782,0.7795,0.6896,7.796599865,44.27
2007-01-08,1.3040019274,1.9385,118.49,1.2347999811,1.1777,0.7813,0.688,7.8027000427,44.32
2007-01-05,1.2984988689,1.9305,118.77,1.2374000549,1.1753,0.7797,0.6874,7.7989997864,44.2
2007-01-04,1.3092947006,1.9443,119.28,1.2319999933,1.1766,0.7859,0.6981,7.7954998016,44.16
2007-01-03,1.3171066046,1.9498,119.58,1.2250000238,1.1699,0.7914,0.7052,7.8060002327,44.24
2007-01-02,1.3275980949,1.9736,118.83,1.2130999565,1.1647,0.796,0.7084,7.8060002327,44.13
2007-01-01,1.3218945265,,,1.2165999413,,,,7.8060002327,
2006-12-29,1.3198009729,1.9586,119.02,1.2195999622,1.1652,0.7884,0.7046,7.7975001335,44.11
2006-12-28,1.3148033619,1.9621,118.95,1.2217999697,1.1599,0.7881,0.7057,7.8035001755,44.14
2006-12-27,1.3125082254,1.9566,118.76,1.2254999876,1.161,0.7841,0.7025,7.810500145,44.2
2006-12-26,1.310994029,1.9568,118.93,1.2218999863,1.1596,0.7829,0.7004,7.806499958,44.32
2006-12-25,1.3135944605,,,1.2195999622,,,,7.806499958,
2006-12-22,1.3136979342,1.957,118.9,1.2197999954,1.1575,0.783,0.6995,7.806499958,44.37
2006-12-21,1.3183915615,1.9622,118.26,1.2163000107,1.1538,0.7852,0.6965,7.8060002327,44.51
2006-12-20,1.3187046051,1.9648,118.39,1.2165000439,1.1483,0.7859,0.6955,7.8052000999,44.55
2006-12-19,1.3207073212,1.9666,117.93,1.2129000425,1.1557,0.7843,0.6948,7.8109002113,44.61
2006-12-18,1.310598731,1.9458,118.14,1.2216999531,1.1571,0.7795,0.6899,7.8102002144,44.63
2006-12-15,1.3098949194,1.9538,117.84,1.2207000256,1.1574,0.7826,0.6907,7.8179001808,44.54
2006-12-14,1.3156510592,1.9646,117.61,1.2137000561,1.1565,0.784,0.6904,7.809899807,44.56
2006-12-13,1.3218071461,1.9663,117.43,1.2056000233,1.1544,0.7867,0.6905,7.8150000572,44.68
2006-12-12,1.328497529,1.9655,117.15,1.199000001,1.1546,0.7846,0.6904,7.820499897,44.7
2006-12-11,1.3251000643,1.9552,117.02,1.201300025,1.1474,0.7841,0.6883,7.8193001747,44.69
2006-12-08,1.3394052982,1.9564,116.23,1.2052999735,1.1499,0.7861,0.6899,7.814499855,44.53
2006-12-07,1.3286035061,1.9628,115.13,1.1951999664,1.1482,0.7909,0.6907,7.8224000931,44.52
2006-12-06,1.328656435,1.9692,115.07,1.1958999634,1.1468,0.7876,0.6849,7.8133997917,44.6
2006-12-05,1.3318948746,1.9746,114.98,1.1921000481,1.1415,0.7863,0.6864,7.8134999275,44.42
2006-12-04,1.3336000443,1.9788,115.37,1.1933000088,1.1454,0.7894,0.6906,7.8175001144,44.49
2006-12-01,1.3340982199,1.9794,115.33,1.1931999922,1.1445,0.7914,0.6843,7.820499897,44.5
2006-11-30,1.3251000643,1.9693,115.55,1.1974999905,1.1413,0.7896,0.685,7.8232998848,44.59
2006-11-29,1.3148033619,1.9492,116.29,1.2101500034,1.1356,0.7836,0.6794,7.826499939,44.54
2006-11-28,1.3203934431,1.948,116.14,1.2022999525,1.131,0.7825,0.6763,7.8350000381,44.58
2006-11-27,1.3133012056,1.9368,116.12,1.2062000036,1.133,0.7785,0.6698,7.8324999809,44.56
2006-11-24,1.308506608,1.9315,115.93,1.2086999416,1.1346,0.7782,0.6712,7.845099926,44.59
2006-11-23,1.2952026129,,,1.2237000465,,,,7.853000164,
2006-11-22,1.2938953638,1.9145,116.61,1.2266000509,1.1414,0.7758,0.6719,7.8541002274,44.62
2006-11-21,1.2846039534,1.8984,118,1.2408499718,1.1474,0.7693,0.669,7.8594999313,44.77
2006-11-20,1.2818048,1.8963,118.16,1.2436000109,1.1472,0.7682,0.6681,7.8639998436,44.89
2006-11-17,1.285000205,1.8936,117.73,1.2418999672,1.1458,0.7686,0.6638,7.8619999886,44.75
2006-11-16,1.2793940306,1.8902,118.12,1.2479000092,1.1401,0.7683,0.6653,7.8614997864,44.82
2006-11-15,1.282495141,1.8883,118.06,1.2458000183,1.1389,0.7643,0.6593,7.8585000038,45.26
2006-11-14,1.2813942432,1.8946,117.72,1.2436000109,1.1393,0.7656,0.66,7.8565001488,45.05
2006-11-13,1.2825939655,1.9024,118.14,1.2431999445,1.1377,0.7629,0.6596,7.8534998894,44.83
2006-11-10,1.2853965759,1.912,117.47,1.2388000488,1.1306,0.7673,0.6662,7.8544998169,44.55
2006-11-09,1.2832522392,1.9067,117.92,1.2421000004,1.1291,0.7688,0.6651,7.8565001488,44.46
2006-11-08,1.2759984732,1.9057,117.74,1.2509499788,1.1275,0.7707,0.6681,7.858300209,44.59
2006-11-07,1.2779062986,1.9098,117.44,1.2488000393,1.1276,0.776,0.6719,7.8645000458,44.62
2006-11-06,1.2725560665,1.8967,118.4,1.2546999454,1.129,0.7707,0.6683,7.8674998283,44.8
2006-11-03,1.2706964016,1.9011,118.06,1.2533999681,1.129,0.7699,0.67,7.8611998558,44.76
2006-11-02,1.2780042887,1.9088,117.12,1.2450000048,1.1361,0.7741,0.674,7.8635001183,44.82
2006-11-01,1.2754452229,1.9091,117.01,1.2453000546,1.1313,0.7752,0.6733,7.8624000549,44.79
2006-10-31,1.276698947,1.9084,116.82,1.2434999943,1.1227,0.7743,0.6707,7.868999958,44.9
2006-10-30,1.271795392,1.9025,117.38,1.2491999865,1.1235,0.7692,0.6655,7.8674001694,44.9
2006-10-27,1.2743074894,1.8968,117.61,1.2494000196,1.1185,0.7685,0.662,7.8796000481,45.07
2006-10-26,1.2694060802,1.8876,118.62,1.2536000013,1.1254,0.7621,0.655,7.8845000267,45.19
2006-10-25,1.2616068125,1.8772,119.13,1.263800025,1.1249,0.7603,0.6609,7.8920001984,45.36
2006-10-24,1.2559027672,1.8745,119.25,1.2668999434,1.1271,0.7584,0.6628,7.8924999237,45.18
2006-10-23,1.2550988197,1.871,119.32,1.2666000128,1.1281,0.7576,0.6629,7.888999939,45.3
2006-10-20,1.2616068125,1.8828,118.73,1.2590999603,1.125,0.758,0.6676,7.8945999146,45.18
2006-10-19,1.2627060413,1.876,118.35,1.2570999861,1.1325,0.7586,0.6677,7.8983001709,45.22
2006-10-18,1.2539026737,1.8675,119.09,1.2697999477,1.1375,0.7538,0.6637,7.8976998329,45.28
2006-10-17,1.2545005083,1.8734,118.63,1.2678999901,1.1379,0.754,0.6658,7.8975000381,45.19
2006-10-16,1.2541072369,1.8606,119.25,1.2697999477,1.1384,0.7537,0.6583,7.8997998238,45.35
2006-10-13,1.2505002022,1.8551,119.81,1.2733999491,1.1367,0.7506,0.6573,7.8914999962,45.31
2006-10-12,1.2559974194,1.8558,119.53,1.2678999901,1.1356,0.7507,0.6602,7.9043002129,45.52
2006-10-11,1.252395153,1.8568,119.49,1.2721999884,1.1357,0.7444,0.6612,7.9063000679,45.55
2006-10-10,1.2531956434,1.8548,119.68,1.2714999914,1.1318,0.7442,0.66,7.8951997757,45.67
2006-10-09,1.26009655,,,1.2611000538,,,,7.8914999962,
2006-10-06,1.2603982687,1.8712,118.89,1.2601000071,1.1261,0.7434,0.6597,7.8972997665,45.42
2006-10-05,1.269551158,1.8772,117.69,1.2519500256,1.1269,0.7449,0.6636,7.8972997665,45.57
2006-10-04,1.2712942362,1.8839,118.02,1.2486000061,1.1286,0.7437,0.662,7.8972997665,45.65
2006-10-03,1.2734960318,1.8873,117.84,1.2453000546,1.121,0.7442,0.6596,7.8972997665,45.68
2006-10-02,1.2741937637,1.8861,117.66,1.2429000139,1.1154,0.7484,0.6574,7.8972997665,45.97
2006-09-29,1.2662074566,1.8716,117.99,1.2525000572,1.1151,0.7461,0.653,7.8972997665,45.95
2006-09-28,1.2703574896,1.8746,117.84,1.246999979,1.1108,0.7487,0.656,7.8854999542,45.78
2006-09-27,1.2705996037,1.8866,117.53,1.2437000275,1.115,0.7495,0.6575,7.8945999146,45.76
2006-09-26,1.2686975002,1.8954,117.16,1.2434999943,1.1159,0.7513,0.6666,7.9004998207,45.77
2006-09-25,1.2745022774,1.9001,116.43,1.2382999659,1.1163,0.7517,0.6686,7.9109997749,45.83
2006-09-22,1.2799999714,1.9012,116.45,1.2352000475,1.1171,0.7513,0.6596,7.9070000648,45.77
2006-09-21,1.2781022787,1.897,116.76,1.2425999641,1.12,0.756,0.6618,7.9142999649,45.74
2006-09-20,1.2687939405,1.8894,117.29,1.2509000301,1.1272,0.7544,0.662,7.9165000916,45.83
2006-09-19,1.2677003145,1.8828,117.6,1.2515000105,1.1229,0.7539,0.6632,7.926199913,46.08
2006-09-18,1.2706964016,1.8773,118.02,1.2502000332,1.1169,0.7537,0.6655,7.9368000031,46.09
2006-09-15,1.2651021481,1.8783,117.72,1.257799983,1.1192,0.7517,0.6629,7.9345002174,45.95
2006-09-14,1.2722970247,1.8886,117.47,1.2525999546,1.1158,0.7548,0.6609,7.9359998703,46.12
2006-09-13,1.2696961164,1.8767,117.47,1.2495000362,1.1191,0.7537,0.6458,7.9380002022,46.18
2006-09-12,1.269502759,1.8747,117.82,1.2501000166,1.1186,0.7528,0.6435,7.9375,46.27
2006-09-11,1.2710033655,1.863,117.57,1.2440999746,1.1216,0.751,0.639,7.9442000389,46.19
2006-09-08,1.2672985792,1.8655,116.89,1.2473000288,1.1191,0.754,0.637,7.9380002022,46.06
2006-09-07,1.2732040882,1.8763,116.3,1.2427999973,1.1099,0.76,0.6483,7.9310002327,46.14
2006-09-06,1.2819033861,1.881,116.73,1.2339999676,1.1052,0.7659,0.6485,7.9342999458,46.13
2006-09-05,1.2823965549,1.8926,116.04,1.233199954,1.1111,0.7704,0.6469,7.9310002327,46.19
2006-09-04,1.2856941223,,,1.2293000221,,,,7.9305000305,
2006-09-01,1.2835981846,1.905,117.21,1.2299000025,1.1056,0.7663,0.655,7.9432001114,46.38
2006-08-31,1.2809016705,1.9024,117.35,1.2309000492,1.1066,0.763,0.6545,7.9449000359,46.43
2006-08-30,1.2840926647,1.9042,117.07,1.2267999649,1.1099,0.7645,0.6502,7.9486999512,46.37
2006-08-29,1.2829065323,1.8914,116.92,1.2288000584,1.111,0.7607,0.6415,7.9523000717,46.45
2006-08-28,1.2792466879,1.8968,117.15,1.2354999781,1.112,0.7586,0.6387,7.9591999054,46.47
2006-08-25,1.2757054567,1.8884,117.31,1.2395000458,1.1078,0.7568,0.6358,7.9663000107,46.41
2006-08-24,1.2761938572,1.8884,116.38,1.2389999628,1.111,0.7632,0.6372,7.9619002342,46.42
2006-08-23,1.2781022787,1.8929,116.43,1.2357000113,1.11,0.7628,0.6405,7.9598999023,46.45
2006-08-22,1.2811970711,1.8881,116.61,1.2335000038,1.1153,0.7625,0.6382,7.9583997726,46.44
2006-08-21,1.2872995138,1.8968,115.86,1.226099968,1.1183,0.764,0.6416,7.9583997726,46.4
2006-08-18,1.282807827,1.8808,115.79,1.2322000265,1.1234,0.7579,0.6394,7.9654998779,46.38
2006-08-17,1.2832028866,1.894,115.44,1.2323999405,1.116,0.7639,0.6423,7.9689998627,46.36
2006-08-16,1.284307003,1.8999,115.71,1.2292000055,1.116,0.7699,0.6429,7.9783000946,46.47
2006-08-15,1.2790995836,1.8948,115.96,1.2367999554,1.1225,0.7649,0.6343,7.9914999008,46.47
2006-08-14,1.2722970247,1.8902,116.53,1.24150002,1.124,0.7599,0.6315,7.9739999771,46.52
2006-08-11,1.2725075483,1.8952,116.18,1.244500041,1.1206,0.7673,0.635,7.9677000046,46.5
2006-08-10,1.2792959213,1.8888,115.59,1.2339999676,1.1262,0.7671,0.6335,7.9608001709,46.32
2006-08-09,1.2874983549,1.9089,115.14,1.225399971,1.1197,0.7667,0.6309,7.9670000076,46.4
2006-08-08,1.276698947,1.9077,115.01,1.2325999737,1.1203,0.7609,0.6259,7.9629998207,46.47
2006-08-07,1.2819033861,1.9102,114.85,1.2267999649,1.1182,0.7637,0.6243,7.9584999084,46.51
2006-08-04,1.2878963947,1.9098,114.21,1.2220000029,1.1269,0.7658,0.6244,7.9679999352,46.42
2006-08-03,1.2799016237,1.8847,115.27,1.2311999798,1.1262,0.76,0.6188,7.9650001526,46.48
2006-08-02,1.2791976929,1.8781,114.54,1.2302000523,1.1258,0.7639,0.6204,7.9604997635,46.61
2006-08-01,1.2820019722,1.8711,114.96,1.2265000343,1.1312,0.7632,0.6189,7.9644999504,46.51
2006-07-31,1.2774002552,1.8685,114.44,1.2302999496,1.1309,0.7664,0.6165,7.9600000381,46.49
2006-07-28,1.275103569,1.8645,114.74,1.2316000462,1.1297,0.7663,0.6174,7.9609999657,46.53
2006-07-27,1.2695994377,1.8627,115.55,1.2380000353,1.1346,0.7641,0.6206,7.9650001526,46.52
2006-07-26,1.2712942362,1.8474,116.85,1.2408000231,1.1375,0.7594,0.625,7.9745001793,46.68
2006-07-25,1.2583998442,1.8407,117.3,1.2529000044,1.1415,0.7529,0.6248,7.9777002335,46.76
2006-07-24,1.2624031305,1.8492,116.65,1.246999979,1.1414,0.7536,0.623,7.9776000977,46.83
2006-07-21,1.2705996037,1.8586,116.34,1.2358000278,1.1373,0.7529,0.6255,7.972799778,46.64
2006-07-20,1.2632961273,1.8495,116.83,1.2433999777,1.1344,0.7516,0.6233,7.9829998016,46.75
2006-07-19,1.2599060535,1.8377,117.08,1.2474999428,1.1353,0.7485,0.623,7.993999958,46.81
2006-07-18,1.2502031326,1.8271,117.44,1.2527999878,1.1335,0.7464,0.6259,7.9885001183,46.61
2006-07-17,1.2517994642,1.8203,117.08,1.2482000589,1.1322,0.7493,0.6224,7.9885001183,46.64
2006-07-14,1.2643983364,1.8364,116.33,1.2360999584,1.1274,0.7541,0.6207,7.9850001335,46.19
2006-07-13,1.2696961164,1.8404,115.45,1.2287000418,1.1319,0.7539,0.619,7.9823999405,46.16
2006-07-12,1.2711971998,1.8347,115.41,1.2328499556,1.1353,0.7536,0.6154,7.986000061,46.09
2006-07-11,1.2767478228,1.8431,114.15,1.2263000011,1.1339,0.7526,0.6147,7.9815001488,46.01
2006-07-10,1.2745022774,1.842,113.97,1.2296999693,1.1246,0.7484,0.6109,7.9791998863,45.97
2006-07-07,1.2823965549,1.8513,113.98,1.2237999439,1.1132,0.7514,0.6095,7.9755001068,45.84
2006-07-06,1.2775959969,1.8376,115.18,1.2286000252,1.1116,0.7459,0.6045,7.986000061,45.99
2006-07-05,1.2733986378,1.8342,115.65,1.2312999964,1.1115,0.7407,0.6053,7.986000061,45.92
2006-07-04,1.2790013552,,,1.2239999771,,,,7.9822998047,
2006-07-03,1.2800983191,1.841,114.92,1.2243000269,1.1112,0.7436,0.608,7.9902000427,45.92
2006-06-30,1.278298378,1.8491,114.51,1.223099947,1.115,0.7423,0.6105,7.9825000763,45.87
2006-06-29,1.2663998604,1.8108,116.17,1.236700058,1.1156,0.7316,0.5958,7.986000061,46.13
2006-06-28,1.2545949221,1.8159,116.42,1.2467000484,1.124,0.7284,0.5963,7.9885001183,46.25
2006-06-27,1.2568972111,1.8237,116.26,1.2441999912,1.121,0.734,0.6064,7.9885001183,46.21
2006-06-26,1.2589067221,1.819,116.38,1.2421000004,1.1241,0.7301,0.6042,7.992000103,46.22
2006-06-23,1.252395153,1.8204,116.26,1.246999979,1.1241,0.7315,0.6062,7.9897999763,46.01
2006-06-22,1.258494854,1.8306,115.94,1.2423000336,1.1175,0.7349,0.6113,7.9864997864,45.99
2006-06-21,1.2660951614,1.846,114.76,1.2336000204,1.1042,0.7371,0.6198,7.9910001755,45.8
2006-06-20,1.2589067221,1.8399,115.02,1.2379000187,1.1163,0.7372,0.6206,7.9928998947,45.8
2006-06-19,1.2580040693,1.8401,115.26,1.2401000261,1.1232,0.7375,0.6173,7.9977002144,45.76
2006-06-16,1.2644941807,1.8484,115.12,1.233899951,1.1223,0.7389,0.6173,7.9882998466,45.69
2006-06-15,1.2639987469,1.8477,115.06,1.2304999828,1.1172,0.7377,0.6219,7.9909000397,45.83
2006-06-14,1.2609069347,1.8491,114.85,1.2304999828,1.1121,0.7396,0.6245,7.9904999733,45.5
2006-06-13,1.2545949221,1.8398,115.06,1.2387000322,1.1077,0.7408,0.6232,8.0129995346,45.81
2006-06-12,1.2586057186,1.844,114.17,1.2336000204,1.0991,0.7466,0.6304,8.0059995651,45.71
2006-06-09,1.2640947104,1.8426,113.89,1.2309000492,1.1071,0.7499,0.6337,8.0011997223,45.81
2006-06-08,1.2648941278,1.8425,114.22,1.2322000265,1.1233,0.743,0.6269,8.0085000992,45.91
2006-06-07,1.2801966667,1.8585,113.35,1.2201999426,1.1117,0.7422,0.6264,8.0069999695,45.89
2006-06-06,1.2821991444,1.8608,113.26,1.2158499956,1.115,0.7422,0.6285,8.0024995804,45.8
2006-06-05,1.2901061773,1.8786,111.7,1.2081999779,1.1011,0.7527,0.6336,8.0129995346,45.7
2006-06-02,1.2918059826,1.8817,111.66,1.2079000473,1.1001,0.751,0.6307,8.0129995346,45.67
2006-06-01,1.2810987234,1.8686,112.43,1.2201999426,1.1003,0.748,0.6318,8.0103998184,46.19
2006-05-31,1.2816076279,1.8732,112.26,1.2178000212,1.1027,0.7519,0.6366,8.013999939,46.22
2006-05-30,1.2865046263,1.8825,112.18,1.2118999958,1.0995,0.7619,0.6389,8.0220003128,46.13
2006-05-29,1.275103569,,,1.2238999605,,,,8.0125999451,
2006-05-26,1.2739015818,1.8566,112.58,1.2250000238,1.1072,0.7577,0.6329,8.0150003433,45.81
2006-05-25,1.2810001373,1.8719,111.92,1.2163000107,1.1072,0.7585,0.6377,8.0100002289,45.74
2006-05-24,1.2774002552,1.8678,112.8,1.2161999941,1.1228,0.7526,0.6303,8.0100002289,45.56
2006-05-23,1.278298378,1.8809,111.35,1.2120000124,1.1174,0.7546,0.624,8.0100002289,45.38
2006-05-22,1.285297513,1.8861,111.62,1.2052999735,1.1194,0.7509,0.6182,8.015999794,45.42
2006-05-19,1.276698947,1.8755,111.76,1.2174999714,1.1232,0.7569,0.6218,8.0100002289,45.35
2006-05-18,1.285099268,1.8878,110.89,1.2050000429,1.1209,0.7652,0.6233,8.0003995895,45.26
2006-05-17,1.2741937637,1.882,110.6,1.2144999504,1.1116,0.7594,0.6187,7.9910001755,44.69
2006-05-16,1.285000205,1.8819,110.07,1.2078000307,1.1112,0.7656,0.6241,7.9930000305,45.05
2006-05-15,1.2790013552,1.8836,110.21,1.2130999565,1.1142,0.7627,0.6226,7.998000145,45.37
2006-05-12,1.2929919958,1.8911,110.49,1.1971000433,1.1085,0.7728,0.6291,7.9965000153,44.89
2006-05-11,1.2851983309,1.8842,110.26,1.2108999491,1.0989,0.7781,0.6316,7.993999958,44.88
2006-05-10,1.2774492502,1.8648,110.55,1.2194999456,1.1005,0.7763,0.6277,7.9935002327,44.84
2006-05-09,1.276698947,1.8632,111.31,1.2197999954,1.1022,0.7724,0.628,7.9952001572,44.84
2006-05-08,1.2702928782,1.8584,111.55,1.2286000252,1.1116,0.7697,0.6329,7.9970002174,44.82
2006-05-05,1.272799015,1.8588,112.45,1.227699995,1.1071,0.7707,0.6413,8.0038995743,44.85
2006-05-04,1.2700994015,1.8485,113.46,1.2280000448,1.1066,0.7726,0.6427,8.0038995743,44.81
2006-05-03,1.2623074055,1.8446,113.44,1.2377500534,1.1072,0.7711,0.6425,8.0038995743,44.81
2006-05-02,1.2617022991,1.8397,113.26,1.2365000248,1.1069,0.7631,0.641,8.0038995743,44.82
2006-05-01,1.2580040693,1.8286,113.06,1.2404999733,1.113,0.7607,0.6377,8.0038995743,44.77
2006-04-28,1.263599515,1.822,113.79,1.2383999825,1.1203,0.7593,0.6368,8.0038995743,44.86
2006-04-27,1.2531956434,1.8011,114.02,1.2597999573,1.1235,0.7564,0.6328,8.0072002411,44.84
2006-04-26,1.2448959351,1.7897,114.72,1.2700999975,1.1271,0.7535,0.6327,8.0082998276,45.04
2006-04-25,1.2428998947,1.7876,114.83,1.2676999569,1.1317,0.7456,0.625,8.001999855,44.88
2006-04-24,1.2388964891,1.7839,114.93,1.2681000233,1.1373,0.7444,0.6313,8.0065002441,44.86
2006-04-21,1.2340955734,1.7817,116.91,1.2750999928,1.1372,0.7444,0.6337,8.0069999695,45.05
2006-04-20,1.2309055328,1.7801,117.49,1.2783999443,1.1386,0.7376,0.6271,8.0034999847,45.06
2006-04-19,1.2378076315,1.7895,117.58,1.266800046,1.1367,0.7465,0.6334,8.0034999847,45.01
2006-04-18,1.2367054224,1.7762,117.75,1.2667000294,1.1421,0.7385,0.6278,8.013999939,45.08
2006-04-17,1.2254000902,1.7716,117.68,1.2797000408,1.1452,0.7375,0.6244,8.0085000992,44.97
2006-04-14,1.2111963034,1.751,118.65,1.296399951,1.1513,0.7289,0.618,8.0085000992,45.02
2006-04-13,1.2116072178,1.7529,118.42,1.2970999479,1.1514,0.7285,0.6208,8.0080003738,45.05
2006-04-12,1.211401701,1.7508,118.47,1.2976000309,1.1479,0.7315,0.6148,8.0018997192,45.09
2006-04-11,1.2148010731,1.7467,118.61,1.2973999977,1.1457,0.7327,0.6105,8.001001358,44.68
2006-04-10,1.2111963034,1.7405,118.66,1.3023999929,1.1466,0.7282,0.6084,7.9963998795,44.66
2006-04-07,1.2094969749,1.7407,118.31,1.300999999,1.1464,0.7279,0.6104,8.0018997192,44.46
2006-04-06,1.2214038372,1.7504,117.72,1.2905999422,1.1532,0.7315,0.6146,7.998000145,44.49
2006-04-05,1.2288031578,1.7497,117.59,1.2842999697,1.1619,0.7263,0.6139,8.001001358,44.42
2006-04-04,1.2260010242,1.7559,117.44,1.2904000282,1.1662,0.7203,0.6084,8.0071001053,44.58
2006-04-03,1.213901639,1.7389,117.82,1.3041000366,1.1718,0.7177,0.6148,8.0109996796,44.39
2006-03-31,1.2115044594,1.7393,117.48,1.3042999506,1.167,0.7165,0.6164,8.0074996948,44.48
2006-03-30,1.2167967558,1.7448,117.41,1.2964999676,1.1628,0.714,0.6104,8.0152997971,44.45
2006-03-29,1.2030943632,1.7356,117.8,1.309499979,1.1722,0.7058,0.6035,8.0158996582,44.53
2006-03-28,1.2011002302,1.7497,117.23,1.3091000319,1.1696,0.7086,0.6039,8.0111999512,44.49
2006-03-27,1.2011002302,1.747,116.62,1.3088999987,1.1685,0.7056,0.6063,8.0114002228,44.58
2006-03-24,1.203499794,1.7427,117.5,1.3099999428,1.1675,0.7107,0.6118,8.019900322,44.49
2006-03-23,1.1972032785,1.7367,117.6,1.3164000511,1.1657,0.7145,0.6241,8.0184001923,44.43
2006-03-22,1.207904458,1.7483,116.72,1.3049999475,1.1651,0.7204,0.628,8.026301384,44.36
2006-03-21,1.2108002901,1.7459,117.23,1.299399972,1.1647,0.716,0.6225,8.0260000229,44.29
2006-03-20,1.2162934542,1.7563,116.25,1.2911499739,1.1627,0.7223,0.6256,8.0290002823,44.25
2006-03-17,1.2192000151,1.7567,115.89,1.2893999815,1.1587,0.7291,0.6342,8.021900177,44.26
2006-03-16,1.217492938,1.7552,117.13,1.2892999649,1.154,0.735,0.6377,8.0364999771,44.29
2006-03-15,1.2071025372,1.746,117.3,1.2950999737,1.1553,0.738,0.645,8.0360002518,44.11
2006-03-14,1.2018941641,1.7479,117.36,1.3022999763,1.1548,0.7362,0.6386,8.0473003387,44.37
2006-03-13,1.1967018843,1.731,119.01,1.3108999729,1.1616,0.7326,0.6408,8.048500061,44.38
2006-03-10,1.1911001205,1.7256,119.07,1.317299962,1.1605,0.731,0.6416,8.0500001907,44.31
2006-03-09,1.1904053688,1.7366,117.96,1.3142999411,1.1593,0.7354,0.6484,8.0488996506,44.3
2006-03-08,1.1927053928,1.7359,117.9,1.307700038,1.1575,0.7319,0.649,8.0454998016,44.36
2006-03-07,1.1890040636,1.7362,117.76,1.3131999969,1.1468,0.7336,0.6482,8.0403995514,44.24
2006-03-06,1.20160532,1.7492,117.46,1.2982000113,1.1401,0.7409,0.6571,8.0345001221,44.18
2006-03-03,1.2046015263,1.7531,116.46,1.296399951,1.1352,0.744,0.6658,8.0347013474,44.09
2006-03-02,1.2039054632,1.7493,116.07,1.298699975,1.132,0.7458,0.6651,8.0340995789,44.18
2006-03-01,1.1919945478,1.7473,116.18,1.3128000498,1.1365,0.7429,0.6632,8.0345001221,44.35
2006-02-28,1.1930042505,1.7539,115.82,1.3108999729,1.1379,0.743,0.6634,8.037899971,44.21
2006-02-27,1.1850025654,1.7409,115.97,1.3227000237,1.1418,0.7387,0.661,8.0387001038,44.41
2006-02-24,1.1878036261,1.7448,116.87,1.3183000088,1.152,0.7399,0.663,8.0404996872,44.35
2006-02-23,1.1921935081,1.7522,117,1.3087999821,1.1512,0.7397,0.6624,8.0454998016,44.36
2006-02-22,1.1915968657,1.7425,118.51,1.3110500574,1.1482,0.7363,0.6588,8.0455999374,44.54
2006-02-21,1.1919945478,1.7447,118.85,1.307199955,1.1464,0.7394,0.6623,8.0495014191,44.36
2006-02-20,1.1934028864,,,1.3078999519,,,,8.0469999313,
2006-02-17,1.1942009926,1.7403,118.43,1.3092000484,1.1522,0.7385,0.6674,8.046500206,44.33
2006-02-16,1.1907030344,1.7354,117.91,1.3095999956,1.1577,0.738,0.669,8.0480003357,44.25
2006-02-15,1.1885942221,1.7401,117.93,1.3104000092,1.1541,0.7403,0.6762,8.0544996262,44.15
2006-02-14,1.1915968657,1.7343,117.43,1.3078999519,1.1546,0.7389,0.6737,8.0450000763,44.15
2006-02-13,1.1911994219,1.7438,117.63,1.3066999912,1.1548,0.7396,0.6798,8.0440998077,44.17
2006-02-10,1.1907030344,1.7454,117.64,1.3066999912,1.1543,0.7379,0.6793,8.0481996536,44.1
2006-02-09,1.1994003057,1.7411,118.66,1.2977000475,1.1455,0.7396,0.6775,8.0544996262,44.1
2006-02-08,1.1965013742,1.7405,118.69,1.2989000082,1.1535,0.7393,0.6779,8.0524997711,44.17
2006-02-07,1.1992995739,1.7444,118.01,1.295699954,1.149,0.7436,0.6825,8.0550003052,44.15
2006-02-06,1.1963009834,1.7462,118.94,1.3014999628,1.1455,0.7426,0.6814,8.0569000244,44.14
2006-02-03,1.2027037144,1.7626,118.95,1.2949999571,1.147,0.7491,0.6869,8.0620002747,44.14
2006-02-02,1.2084008455,1.7807,118.26,1.2865999937,1.1432,0.7548,0.6893,8.0620002747,44.16
2006-02-01,1.2066947222,1.7781,117.85,1.2884999514,1.1401,0.7542,0.6855,8.0620002747,44.13
2006-01-31,1.2148454189,1.782,116.88,1.2784999609,1.1436,0.7572,0.6857,8.0620002747,43.96
2006-01-30,1.2086051702,1.7688,117.55,1.2872999907,1.1443,0.7497,0.682,8.0620002747,44.04
2006-01-27,1.2093945742,1.7733,117.16,1.2840000391,1.147,0.7518,0.6838,8.0523014069,44
2006-01-26,1.2214934826,1.783,116.27,1.2690000534,1.1502,0.7532,0.6849,8.0600013733,44
2006-01-25,1.2244998217,1.7874,115.73,1.2645000219,1.148,0.7535,0.685,8.0627002716,44.08
2006-01-24,1.2264971733,1.7885,114.54,1.2625999451,1.1547,0.7516,0.6819,8.0597000122,44.19
2006-01-23,1.2304056883,1.7842,114.67,1.2575000525,1.1511,0.7523,0.6839,8.0608997345,44.1
2006-01-20,1.2136069536,1.7663,115.42,1.2769999504,1.1531,0.747,0.6784,8.0580997467,44.1
2006-01-19,1.2091021538,1.7618,115.07,1.2848000526,1.1662,0.7469,0.6785,8.0666999817,44.14
2006-01-18,1.2108002901,1.7622,115.35,1.2805000544,1.1726,0.7488,0.687,8.0692996979,44.29
2006-01-17,1.2108443975,1.7628,115.83,1.2797000408,1.1642,0.7517,0.6903,8.0670003891,44.23
2006-01-16,1.2116072178,,,1.2790999413,,,,8.0652999878,
2006-01-13,1.2142995596,1.7715,114.43,1.2762999535,1.1612,0.7535,0.6976,8.0677995682,44.1
2006-01-12,1.2045000792,1.7612,114.31,1.284700036,1.1624,0.7512,0.6932,8.0638999939,43.99
2006-01-11,1.213901639,1.7643,113.96,1.2738000154,1.1579,0.7558,0.6972,8.0659999847,43.89
2006-01-10,1.2064036131,1.7645,114.64,1.2805999517,1.1628,0.749,0.6934,8.0620002747,44.14
2006-01-09,1.2074961662,1.7645,114.66,1.2773000002,1.1691,0.7517,0.6922,8.0621013641,44.2
2006-01-06,1.2154065371,1.7697,114.45,1.2697999477,1.165,0.7528,0.6909,8.0629997253,44.32
2006-01-05,1.2106977701,1.7566,115.96,1.2764999866,1.1619,0.7482,0.6875,8.0636997223,44.6
2006-01-04,1.2111963034,1.7588,116.31,1.277099967,1.1515,0.7465,0.6883,8.0670003891,44.73
2006-01-03,1.203297019,1.7404,116.34,1.288400054,1.1565,0.7379,0.6815,8.0662002563,44.92
2006-01-02,1.1816978455,,,1.3157999516,,,,8.0682001114,
2005-12-30,1.1841045618,1.7188,117.88,1.3158999681,1.1656,0.7342,0.6845,8.0682001114,44.95
2005-12-29,1.1850025654,1.7261,117.86,1.3135000467,1.1642,0.732,0.682,8.0670003891,45.11
2005-12-28,1.1848059893,1.7226,117.62,1.3152999878,1.1636,0.7301,0.6823,8.0679998398,45.06
2005-12-27,1.1856067181,1.7308,117.07,1.3145999908,1.1736,0.7261,0.6748,8.0724000931,45.17
2005-12-26,1.1837962866,,,1.3147000074,,,,8.073800087,
2005-12-23,1.1871972084,1.7326,116.38,1.3112000227,1.1654,0.7279,0.673,8.0739002228,45.11
2005-12-22,1.1872959137,1.7395,116.55,1.3114999533,1.1665,0.7314,0.672,8.073800087,45.14
2005-12-21,1.1834039688,1.7402,117.4,1.3135000467,1.1691,0.7321,0.678,8.0725002289,45.17
2005-12-20,1.1874933243,1.7544,117.01,1.307000041,1.1733,0.7328,0.6819,8.0707998276,45.14
2005-12-19,1.2006964684,1.7641,116.01,1.2921999693,1.1633,0.7424,0.6902,8.0710000992,44.94
2005-12-16,1.201403141,1.7716,115.78,1.2897000313,1.156,0.743,0.6887,8.0635995865,45.19
2005-12-15,1.1967018843,1.7648,116.55,1.2898999453,1.158,0.747,0.691,8.0699996948,45.28
2005-12-14,1.197404027,1.7739,116.81,1.2842999697,1.1531,0.7567,0.7071,8.0710000992,45.63
2005-12-13,1.1949001551,1.7674,120.11,1.2926000357,1.1516,0.7545,0.7063,8.0699996948,46.01
2005-12-12,1.1956002712,1.774,119.9,1.2891999483,1.1507,0.7554,0.7116,8.0725002289,46
2005-12-09,1.1814047098,1.7554,120.54,1.3022999763,1.158,0.7521,0.7042,8.0740003586,46.11
2005-12-08,1.1813069582,1.7514,120.27,1.2999999523,1.1572,0.7507,0.7014,8.0760002136,46.18
2005-12-07,1.1717971563,1.735,120.93,1.3136999607,1.1582,0.7468,0.706,8.07310009,46.17
2005-12-06,1.1798018217,1.7402,120.82,1.3049000502,1.1563,0.7541,0.7171,8.0740003586,46.13
2005-12-05,1.1787031889,1.7397,120.83,1.3071000576,1.1565,0.7515,0.7199,8.0768003464,46.26
2005-12-02,1.1718933582,1.7304,120.77,1.317299962,1.1627,0.7468,0.7125,8.075799942,46.11
2005-12-01,1.1742050648,1.729,120.62,1.3170000315,1.1682,0.741,0.7037,8.075799942,45.97
2005-11-30,1.1804981232,1.7321,119.66,1.3138999939,1.167,0.7394,0.7027,8.0755996704,45.87
2005-11-29,1.1768028736,1.7203,119.48,1.3150000572,1.1671,0.739,0.7019,8.0755996704,45.84
2005-11-28,1.1850025654,1.7221,119.25,1.3058999777,1.1656,0.7378,0.7009,8.078499794,45.85
2005-11-25,1.1724978685,1.7155,119.65,1.3219000101,1.1691,0.7351,0.697,8.0773000717,45.77
2005-11-24,1.1781060696,,,1.3163000345,,,,8.0785999298,
2005-11-23,1.1808048487,1.7214,118.76,1.3126000166,1.172,0.7383,0.6938,8.0760002136,45.71
2005-11-22,1.1814047098,1.7138,119.22,1.3107000589,1.1771,0.7354,0.6891,8.0818996429,45.78
2005-11-21,1.1736950874,1.7165,119.03,1.3188999891,1.182,0.7366,0.6892,8.0812997818,45.7
2005-11-18,1.1776067019,1.7147,119.21,1.3135999441,1.1907,0.7308,0.6867,8.0670003891,45.7
2005-11-17,1.1747982502,1.719,118.81,1.317299962,1.1864,0.7338,0.6876,8.0825014114,45.67
2005-11-16,1.1677058935,1.7166,119.17,1.3248000145,1.1918,0.7307,0.6848,8.0795001984,45.73
2005-11-15,1.1731994152,1.7366,118.93,1.3162000179,1.1942,0.7324,0.6854,8.0799999237,45.61
2005-11-14,1.1691941023,1.7349,118.88,1.3176000118,1.196,0.7267,0.6799,8.0806999207,45.62
2005-11-11,1.173502326,,,1.3122999668,,,,8.0747003555,
2005-11-10,1.1675559282,1.7462,118.05,1.3157999516,1.1876,0.7309,0.6875,8.0823001862,45.69
2005-11-09,1.1778008938,1.7415,117.51,1.3088999987,1.1857,0.7332,0.6835,8.0843000412,45.73
2005-11-08,1.1768028736,1.7415,117.1,1.3120499849,1.1885,0.7358,0.6833,8.0853013992,45.72
2005-11-07,1.1793009043,1.744,117.57,1.3072999716,1.1898,0.7322,0.6788,8.0714998245,45.78
2005-11-04,1.1813069582,1.751,118.2,1.3071000576,1.1815,0.7318,0.6824,8.0832014084,45.43
2005-11-03,1.1952000856,1.772,117.21,1.2915999889,1.1817,0.74,0.689,8.067899704,45.23
2005-11-02,1.2067528963,1.7755,116.76,1.2785999775,1.1806,0.7414,0.6919,8.0689001083,45.18
2005-11-01,1.2023999691,1.763,116.63,1.2871999741,1.1765,0.7451,0.6981,8.0745000839,45.02
2005-10-31,1.1988970041,1.7689,116.36,1.2896000147,1.1796,0.748,0.7003,8.0732002258,45.09
2005-10-28,1.2071025372,1.7781,115.52,1.2805999517,1.1769,0.7501,0.7036,8.0699996948,45.01
2005-10-27,1.2142995596,1.7836,115.14,1.2726999521,1.1695,0.758,0.7084,8.0705003738,44.94
2005-10-26,1.2063016891,1.7766,115.81,1.2835999727,1.1703,0.7543,0.7022,8.0739002228,45.01
2005-10-25,1.2111963034,1.7855,114.78,1.2749999762,1.1768,0.7558,0.7053,8.0754003525,44.96
2005-10-24,1.1976047754,1.7711,115.18,1.2881000042,1.1887,0.7508,0.7033,8.0722999573,45.11
2005-10-21,1.1954001188,1.7692,115.93,1.2918000221,1.1842,0.7473,0.699,8.0742998123,45.01
2005-10-20,1.2017930746,1.7712,115.48,1.287899971,1.1763,0.7538,0.7022,8.0761995316,45.11
2005-10-19,1.197404027,1.7627,115.47,1.2970999479,1.1776,0.7484,0.6996,8.0747995377,45.1
2005-10-18,1.1955001354,1.7487,115.71,1.3000999689,1.1802,0.7474,0.6952,8.0714998245,45.05
2005-10-17,1.2011002302,1.7553,114.86,1.2936999798,1.1801,0.7503,0.6968,8.0741996765,44.81
2005-10-14,1.2077003717,1.7677,114.03,1.2856999636,1.1854,0.7536,0.6973,8.0766000748,44.76
2005-10-13,1.2018941641,1.7484,114.97,1.2899999619,1.1836,0.7468,0.6887,8.0722999573,44.88
2005-10-12,1.2028049231,1.7532,114.36,1.2870999575,1.1706,0.7546,0.697,8.0733003616,44.74
2005-10-11,1.1984946728,1.7489,114.21,1.2905000448,1.1754,0.7534,0.6934,8.0701999664,44.78
2005-10-10,1.2049063444,,,1.2851999998,,,,8.0701999664,
2005-10-07,1.213003397,1.7599,113.82,1.2779999971,1.1746,0.7568,0.696,8.0768003464,44.3
2005-10-06,1.2171964645,1.7728,113.54,1.2719000578,1.1815,0.7572,0.6965,8.0768003464,44.18
2005-10-05,1.2012012005,1.7655,113.72,1.288599968,1.1793,0.7567,0.6956,8.0768003464,44.21
2005-10-04,1.1918951273,1.7587,114.33,1.3019000292,1.172,0.763,0.6948,8.0768003464,44.1
2005-10-03,1.1912987232,1.7558,114.17,1.3021999598,1.1657,0.7628,0.6912,8.0768003464,44
2005-09-30,1.2028049231,1.7696,113.29,1.2934999466,1.1607,0.7643,0.6938,8.0768003464,43.94
2005-09-29,1.2020964622,1.762,113.14,1.2951999903,1.1725,0.7593,0.692,8.0776996613,43.95
2005-09-28,1.2061998844,1.7639,113.27,1.2897000313,1.1782,0.7572,0.685,8.075799942,43.98
2005-09-27,1.2018941641,1.7677,113.32,1.2953000069,1.1777,0.7537,0.6787,8.0767002106,43.96
2005-09-26,1.2073066235,1.7746,112.41,1.2884999514,1.177,0.7567,0.6849,8.0747995377,43.86
2005-09-23,1.2040939331,1.7788,112.17,1.2919000387,1.1713,0.7574,0.6865,8.0719003677,43.8
2005-09-22,1.2154065371,1.7917,111.63,1.2788000107,1.1668,0.7633,0.6942,8.0748996735,43.8
2005-09-21,,1.8097,111.33,,1.1682,0.7706,0.6989,8.0911998749,43.85
2005-09-20,1.2119008303,1.8046,111.54,1.2818000317,1.1704,0.7693,0.7013,8.0746002197,43.82
2005-09-19,1.213901639,1.8041,111.3,1.2786999941,1.1691,0.7671,0.701,8.0708999634,43.82
2005-09-16,1.2239003181,1.8035,111.38,1.2695000172,1.1826,0.7666,0.7038,8.0725002289,43.81
2005-09-15,1.2236007452,1.8069,110.48,1.266100049,1.1863,0.7662,0.7054,8.0749998093,43.82
2005-09-14,1.2278977633,1.8244,110.27,1.2585999966,1.1823,0.771,0.7075,8.0749998093,43.83
2005-09-13,1.2280033827,1.8214,110.85,1.2596999407,1.18,0.7677,0.702,8.0777997971,43.82
2005-09-12,1.2291052341,1.8236,109.91,1.2572000027,1.1854,0.7719,0.7055,8.0794000626,43.75
2005-09-09,1.2410951853,1.84,109.69,1.2427999973,1.1749,0.7731,0.707,8.0783014297,43.76
2005-09-08,1.2394031286,1.8388,110.49,1.2448999882,1.1822,0.7712,0.7053,8.0762996674,43.78
2005-09-07,1.2416036129,1.8394,110.06,1.2429000139,1.1855,0.7684,0.7057,8.0750999451,43.79
2005-09-06,1.2457954884,1.842,109.67,1.2389999628,1.1867,0.7668,0.7072,8.0754003525,43.82
2005-09-05,1.2526932955,,,1.2330000401,,,,8.0773000717,
2005-09-02,1.2533055544,1.8403,109.66,1.2295000553,1.188,0.7649,0.7054,8.0834999084,43.87
2005-09-01,1.2490007877,1.8279,110.16,1.2347999811,1.1855,0.7609,0.7023,8.0848999023,43.94
2005-08-31,1.2340955734,1.8012,110.84,1.2534999847,1.1893,0.7514,0.6932,8.089799881,44
2005-08-30,1.2218068838,1.784,111.49,1.2691999674,1.1919,0.7469,0.6879,8.0873003006,43.97
2005-08-29,1.2234959602,1.8006,110.53,1.266100049,1.1965,0.7522,0.6936,8.0853996277,43.86
2005-08-26,1.2294074297,1.8066,109.85,1.2581000328,1.1949,0.7584,0.6972,8.0865001678,43.6
2005-08-25,1.2301938534,1.8045,109.9,1.2561999559,1.1888,0.76,0.6972,8.0902013779,43.6
2005-08-24,1.2274005413,1.7965,110.35,1.2637000084,1.1956,0.7552,0.6978,8.0904998779,43.69
2005-08-23,1.2234959602,1.7996,109.83,1.2695000172,1.1981,0.7551,0.6973,8.0911998749,43.57
2005-08-22,1.2234061956,1.8022,109.75,1.2694000006,1.204,0.7548,0.6969,8.0956001282,43.58
2005-08-19,1.2154951096,1.7933,110.68,1.2754000425,1.2152,0.7505,0.6931,8.0946998596,43.51
2005-08-18,1.2183978558,1.7949,110.54,1.2711999416,1.2178,0.7537,0.6954,8.0907001495,43.5
2005-08-17,1.2278074026,1.8076,109.63,1.261500001,1.207,0.7623,0.7029,8.0896997452,43.46
2005-08-16,1.2349948883,1.8096,109.37,1.2565000057,1.198,0.7688,0.704,8.0902013779,43.45
2005-08-15,1.2371032238,1.8088,109.4,1.2542999983,1.1968,0.7683,0.705,8.087100029,43.45
2005-08-12,1.2444931269,1.8148,109.55,1.246999979,1.1946,0.7723,0.7077,8.0880002975,43.48
2005-08-11,1.2473027706,1.8071,109.92,1.2451000214,1.2025,0.7737,0.7052,8.0902013779,43.5
2005-08-10,1.2386049032,1.7922,110.67,1.2563999891,1.2113,0.764,0.6941,8.0961999893,43.54
2005-08-09,1.2378076315,1.7844,112.07,1.2587000132,1.214,0.7601,0.6915,8.0970001221,43.46
2005-08-08,1.2351015806,1.7863,111.87,1.261500001,1.2132,0.7652,0.6932,8.0989999771,43.44
2005-08-05,1.2365983725,1.7748,112.09,1.2618000507,1.2185,0.7671,0.6895,8.0937013626,43.42
2005-08-04,1.2384973764,1.7797,111.17,1.2578999996,1.2119,0.7739,0.6924,8.0927000046,43.43
2005-08-03,1.2335019112,1.7808,111.05,1.2611999512,1.2128,0.7718,0.6915,8.0951013565,43.36
2005-08-02,1.2193932533,1.7728,111.28,1.2764999866,1.2122,0.7649,0.6878,8.0931997299,43.41
2005-08-01,1.2183978558,1.7695,112.12,1.2784999609,1.2136,0.7618,0.6846,8.0945997238,43.37
2005-07-29,1.2124004364,1.7593,112.25,1.288599968,1.2257,0.7594,0.6834,8.0956001282,43.4
2005-07-28,1.2131947279,1.7547,112.34,1.2850999832,1.2345,0.7571,0.683,8.0979995728,43.32
2005-07-27,1.2066947222,1.7438,112.3,1.2955000401,1.2341,0.7556,0.6805,8.1028003693,43.34
2005-07-26,1.2017064095,1.7415,112.3,1.2996000051,1.2291,0.7585,0.6829,8.0999002457,43.41
2005-07-25,1.2065054178,1.7455,111.59,1.2949999571,1.2194,0.7633,0.6838,8.1014995575,43.45
2005-07-22,1.2060980797,1.7413,110.98,1.2963000536,1.218,0.7661,0.687,8.101099968,43.4
2005-07-21,1.2161011696,1.7471,110.47,1.2857999802,1.2177,0.763,0.6845,8.2665014267,43.05
2005-07-20,1.2158055305,1.7303,113.42,1.2846000195,1.2218,0.754,0.6743,8.2665014267,43.46
2005-07-19,1.2029930353,1.7364,112.95,1.3001999855,1.2186,0.7492,0.674,8.2665014267,43.48
2005-07-18,1.2056035995,1.7523,111.62,1.2940000296,1.2154,0.7541,0.6785,8.2665014267,43.47
2005-07-15,1.2046015263,1.7533,112.32,1.2960000038,1.2206,0.7488,0.6737,8.2665014267,43.45
2005-07-14,1.2093945742,1.7585,112.14,1.2891000509,1.2071,0.7518,0.676,8.2665014267,43.48
2005-07-13,1.2080067396,1.7554,112.08,1.2912000418,1.2073,0.7478,0.6714,8.2665014267,43.46
2005-07-12,1.2230023146,1.7753,110.94,1.2719000578,1.2048,0.7559,0.6847,8.2665014267,43.45
2005-07-11,1.2068985701,1.7563,111.76,1.2879999876,1.2115,0.7478,0.6789,8.2665014267,43.51
2005-07-08,1.1981070042,1.736,112.17,1.2989000082,1.2207,0.741,0.6727,8.2665014267,43.51
2005-07-07,1.1945005655,1.7418,112.08,1.2987999916,1.2288,0.7403,0.673,8.2665014267,43.59
2005-07-06,1.1929045916,1.7583,112.07,1.3026000261,1.2365,0.7411,0.6755,8.2665014267,43.45
2005-07-05,1.1931037903,1.757,111.61,1.3022999763,1.2437,0.7418,0.6767,8.2665014267,43.55
2005-07-04,1.1909015179,,,1.3030999899,,,,8.2665014267,
2005-07-01,1.1936022043,1.7708,111.68,1.296399951,1.2418,0.7516,0.6837,8.2665014267,43.45
2005-06-30,1.2091021538,1.793,110.91,1.283100009,1.2256,0.7618,0.6959,8.2665014267,43.51
2005-06-29,1.2078024149,1.808,110.27,1.2813999653,1.2263,0.7625,0.6988,8.2665014267,43.5
2005-06-28,1.2073066235,1.8157,109.89,1.2796000242,1.231,0.7644,0.7013,8.2665014267,43.46
2005-06-27,1.216397047,1.8252,109.39,1.2682000399,1.2307,0.7686,0.7072,8.2665014267,43.44
2005-06-24,1.2098042965,1.8221,109.22,1.2749999762,1.2329,0.7684,0.7058,8.2665014267,43.5
2005-06-23,1.202906251,1.818,108.79,1.2797000408,1.2311,0.7734,0.7077,8.2665014267,43.51
2005-06-22,1.2121064663,1.8218,108.89,1.2718000412,1.2351,0.7792,0.7167,8.2665014267,43.45
2005-06-21,1.2174040079,1.824,108.52,1.2660000324,1.231,0.7783,0.7163,8.2665014267,43.5
2005-06-20,1.2151997089,1.8231,109.42,1.2707999945,1.2319,0.7767,0.7155,8.2665014267,43.53
2005-06-17,1.2278977633,1.8266,108.83,1.2573000193,1.235,0.7776,0.7175,8.2665014267,43.5
2005-06-16,1.2099066973,1.8206,109.08,1.2721999884,1.2376,0.7721,0.7154,8.2665014267,43.55
2005-06-15,1.2121946812,1.8219,109.34,1.2700999975,1.2397,0.768,0.7127,8.2665014267,43.56
2005-06-14,1.2026025057,1.8062,109.38,1.2778999805,1.2554,0.7655,0.7092,8.2665014267,43.57
2005-06-13,1.2117980719,1.8011,109.58,1.2704000473,1.2578,0.7592,0.704,8.2665014267,43.6
2005-06-10,1.2136952877,1.8128,108.45,1.2681000233,1.2492,0.7625,0.707,8.2665014267,43.48
2005-06-09,1.2227928638,1.8209,107.52,1.2544000149,1.2549,0.7675,0.7132,8.2665014267,43.46
2005-06-08,1.223795414,1.8368,106.89,1.2539000511,1.244,0.7688,0.716,8.2665014267,43.46
2005-06-07,1.2278977633,1.832,106.64,1.2460000515,1.2471,0.7695,0.715,8.2665014267,43.53
2005-06-06,1.2260010242,1.8209,106.86,1.2495000362,1.2447,0.7649,0.7095,8.2665014267,43.58
2005-06-03,1.2230023146,1.8119,107.84,1.2525999546,1.2483,0.7548,0.6999,8.2665014267,43.5
2005-06-02,1.226692915,1.8156,108.31,1.2517000437,1.2473,0.7536,0.6995,8.2665014267,43.64
2005-06-01,1.219601512,1.812,108.42,1.2558000088,1.2471,0.7498,0.6994,8.2665014267,43.71
2005-05-31,1.2307995558,1.8231,107.97,1.2475999594,1.2512,0.7591,0.7065,8.2665014267,43.62
2005-05-30,1.2482992411,,,1.2375999689,,,,8.2665014267,
2005-05-27,1.2581939697,1.8227,107.88,1.2297999859,1.2585,0.7623,0.7142,8.2665014267,43.41
2005-05-26,1.2513921261,1.8205,107.95,1.2362999916,1.268,0.7604,0.7115,8.2665014267,43.46
2005-05-25,1.2599060535,1.8312,107.73,1.2272000313,1.2641,0.7626,0.7138,8.2665014267,43.43
2005-05-24,1.2568024397,1.8288,107.46,1.2305999994,1.2612,0.7623,0.7132,8.2665014267,43.45
2005-05-23,1.2571026087,1.8288,107.72,1.2311999798,1.2578,0.7583,0.7093,8.2665014267,43.45
2005-05-20,1.2556977272,1.8246,108.17,1.2322000265,1.2627,0.755,0.7082,8.2665014267,43.34
2005-05-19,1.2635036707,1.8367,107.43,1.2221000195,1.2627,0.7585,0.7125,8.2665014267,43.45
2005-05-18,1.268102169,1.8382,107.05,1.2177000046,1.2618,0.7598,0.7122,8.2665014267,43.43
2005-05-17,1.2603029013,1.8401,107.15,1.2254999876,1.2664,0.7575,0.71,8.2665014267,43.41
2005-05-16,1.2639987469,1.8368,107.02,1.2221000195,1.2703,0.7565,0.708,8.2763996124,43.38
2005-05-13,1.2616068125,1.853,107.14,1.225900054,1.2625,0.7611,0.7122,8.2665014267,43.35
2005-05-12,1.268102169,1.865,106.68,1.2171000242,1.2493,0.7679,0.7195,8.2665014267,43.3
2005-05-11,1.2813942432,1.8735,105.74,1.2053999901,1.2474,0.7745,0.731,8.2665014267,43.21
2005-05-10,1.2886930704,1.8828,105.53,1.2000000477,1.2373,0.7757,0.7315,8.2665014267,43.36
2005-05-09,1.2854957581,1.8836,105.54,1.204300046,1.2377,0.7731,0.731,8.2665014267,43.45
2005-05-06,1.2811970711,1.892,104.93,1.2055000067,1.2429,0.7763,0.7325,8.2665014267,43.35
2005-05-05,1.2956053019,1.9048,104.41,1.1936000586,1.2448,0.781,0.7356,8.2764997482,43.33
2005-05-04,1.2950012684,1.9,104.77,1.1913000345,1.2502,0.7777,0.7318,8.2665014267,43.4
2005-05-03,1.2886930704,1.891,105.16,1.1972999573,1.2541,0.7737,0.7262,8.2665014267,43.56
2005-05-02,1.2846039534,1.8959,105.07,1.1987999678,1.2552,0.7796,0.7295,8.2665014267,43.46
2005-04-29,1.2875978947,1.9122,104.64,1.1950000525,1.2568,0.7834,0.7345,8.2665014267,43.48
2005-04-28,1.2905057669,1.9097,105.97,1.1917999983,1.2508,0.7795,0.7291,8.2665014267,43.68
2005-04-27,1.2921065092,1.9047,105.98,1.1934000254,1.2465,0.7764,0.7217,8.2665014267,43.6
2005-04-26,1.2984988689,1.904,106.03,1.1866999865,1.2462,0.7792,0.7249,8.2665014267,43.6
2005-04-25,1.299393177,1.9117,105.67,1.1883000135,1.2372,0.7799,0.7293,8.2665014267,43.61
2005-04-22,1.306199193,1.9151,105.85,1.1804000139,1.2342,0.7819,0.7321,8.2665014267,43.66
2005-04-21,1.3046995401,1.9104,106.85,1.1829999685,1.2384,0.7768,0.7286,8.2665014267,43.68
2005-04-20,1.3086949587,1.9197,106.82,1.1771999598,1.2388,0.7755,0.7277,8.2665014267,43.58
2005-04-19,1.3065063953,1.9165,107.02,1.1804000139,1.2409,0.7704,0.7214,8.2665014267,43.7
2005-04-18,1.301795125,1.9052,107.39,1.1877000332,1.2482,0.7664,0.7171,8.2665014267,43.62
2005-04-15,1.2870012522,1.893,107.65,1.1999000311,1.242,0.7703,0.7175,8.2665014267,43.7
2005-04-14,1.279492259,1.8806,108.18,1.2153999805,1.2417,0.7715,0.7212,8.2665014267,43.64
2005-04-13,1.2912056446,1.893,107.32,1.2000000477,1.2365,0.7797,0.7248,8.2665014267,43.65
2005-04-12,1.2915056944,1.8842,108.26,1.1994999647,1.2408,0.7734,0.7192,8.2665014267,43.62
2005-04-11,1.2971009016,1.8908,107.79,1.1936000586,1.233,0.7755,0.7215,8.2665014267,43.6
2005-04-08,1.2934937477,1.8824,108.26,1.1964000463,1.2252,0.7726,0.7172,8.2665014267,43.66
2005-04-07,1.285000205,1.8768,108.44,1.2073999643,1.2205,0.7684,0.7154,8.2665014267,43.69
2005-04-06,1.286703229,1.8787,108.67,1.2058999538,1.2216,0.7658,0.7121,8.2665014267,43.72
2005-04-05,1.2857933044,1.8773,108.43,1.2064000368,1.2198,0.7674,0.7079,8.2665014267,43.69
2005-04-04,1.285000205,1.8733,108.28,1.2088999748,1.2202,0.767,0.7071,8.2665014267,43.68
2005-04-01,1.2909055948,1.8789,107.57,1.2023999691,1.2146,0.7697,0.709,8.2665014267,43.62
2005-03-31,1.2966973782,1.8888,107.22,1.1957999468,1.2094,0.7729,0.7126,8.2665014267,43.62
2005-03-30,1.2915056944,1.8816,107.33,1.2000000477,1.2164,0.7717,0.7108,8.2665014267,43.69
2005-03-29,1.2937949896,1.8752,107.49,1.2000000477,1.2135,0.7715,0.7118,8.2665014267,43.7
2005-03-28,1.2895072699,1.8657,107.22,1.2036999464,1.2234,0.7685,0.7095,8.2763996124,43.67
2005-03-25,1.2956053019,1.8684,106.32,1.199000001,1.218,0.7719,0.7133,8.2764997482,43.62
2005-03-24,1.293192625,1.8709,106.26,1.2024999857,1.215,0.7711,0.7146,8.2665014267,43.65
2005-03-23,1.2992919683,1.8712,105.76,1.1958999634,1.2133,0.7747,0.7212,8.2665014267,43.66
2005-03-22,1.3077024221,1.8997,104.99,1.1890000105,1.2017,0.7918,0.7408,8.2665014267,43.61
2005-03-21,1.3161011934,1.8974,105.1,1.1789000034,1.211,0.7866,0.737,8.2665014267,43.61
2005-03-18,1.3321965933,1.9192,104.7,1.163599968,1.2027,0.7937,0.7447,8.2665014267,43.67
2005-03-17,1.3379000425,1.924,104.57,1.157400012,1.2028,0.7935,0.7438,8.2665014267,43.55
2005-03-16,1.3410937786,1.9264,104.1,1.1528999805,1.2038,0.7946,0.745,8.2665014267,43.5
2005-03-15,1.3310085535,1.9134,104.54,1.165199995,1.2064,0.7894,0.7406,8.2665014267,43.46
2005-03-14,1.3365052938,1.9116,105.01,1.159700036,1.2087,0.7866,0.7375,8.2665014267,43.44
2005-03-11,1.3472912312,1.9261,103.93,1.149099946,1.2041,0.7936,0.7399,8.2665014267,43.45
2005-03-10,1.3437970877,1.9233,104.15,1.1525000334,1.205,0.7901,0.7387,8.2665014267,43.48
2005-03-09,1.3377031088,1.9239,103.87,1.1601999998,1.2064,0.793,0.7358,8.2665014267,43.55
2005-03-08,1.3352025747,1.9292,104.51,1.1606999636,1.2163,0.7974,0.7398,8.2665014267,43.58
2005-03-07,1.3221917152,1.9159,105.22,1.1742999554,1.23,0.7925,0.7355,8.2665014267,43.58
2005-03-04,1.3246963024,1.9243,104.46,1.1684000492,1.2324,0.7919,0.735,8.2665014267,43.64
2005-03-03,1.310598731,1.9098,105.02,1.1811000109,1.2463,0.7842,0.7283,8.2665014267,43.58
2005-03-02,1.3135944605,1.9124,104.71,1.1735999584,1.2395,0.7834,0.7267,8.2665014267,43.59
2005-03-01,1.3171932697,1.9206,104.37,1.1670000553,1.2425,0.7847,0.727,8.2665014267,43.58
2005-02-28,1.3217023611,1.9249,104.25,1.1638000011,1.2295,0.794,0.7288,8.2665014267,43.57
2005-02-25,1.3246086836,1.9149,105.21,1.1619999409,1.2407,0.7853,0.7202,8.2665014267,43.61
2005-02-24,1.3183046579,1.9104,105.41,1.1698999405,1.2435,0.7871,0.7225,8.2665014267,43.57
2005-02-23,1.3203063011,1.9066,104.96,1.1640000343,1.2402,0.786,0.7237,8.2665014267,43.61
2005-02-22,1.3261016607,1.9092,104.15,1.1586999893,1.2301,0.794,0.7304,8.2665014267,43.63
2005-02-21,1.3064039946,,,1.182700038,,,,8.2665014267,
2005-02-18,1.3068991899,1.8949,105.69,1.1832000017,1.2294,0.7878,0.7247,8.2665014267,43.73
2005-02-17,1.307497263,1.895,105.4,1.1837999821,1.231,0.7883,0.7187,8.2665014267,43.68
2005-02-16,1.302303791,1.878,105.62,1.1879999638,1.2421,0.7819,0.7137,8.2665014267,43.65
2005-02-15,1.3016934395,1.8894,104.47,1.1891000271,1.2336,0.7863,0.7168,8.2665014267,43.71
2005-02-14,1.2973029613,1.8917,104.94,1.1979000568,1.2342,0.7892,0.7157,8.2665014267,43.64
2005-02-11,1.2856941223,1.866,105.75,1.2094999552,1.238,0.7853,0.7131,8.2665014267,43.7
2005-02-10,1.2875978947,1.8708,105.69,1.2073999643,1.2406,0.7826,0.7125,8.2665014267,43.68
2005-02-09,1.2812956572,1.8582,105.84,1.2164000273,1.2511,0.7684,0.7024,8.2665014267,43.62
2005-02-08,1.2769924402,1.857,105.65,1.2209999561,1.2476,0.7669,0.7007,8.2665014267,43.58
2005-02-07,1.2764055729,1.8607,104.68,1.2237999439,1.2562,0.7713,0.7044,8.2665014267,43.38
2005-02-04,1.2857933044,1.885,103.7,1.2131999731,1.2495,0.7725,0.7126,8.2665014267,43.34
2005-02-03,1.2972019911,1.8805,104.55,1.2024999857,1.2424,0.7703,0.7108,8.2665014267,43.3
2005-02-02,1.3032032251,1.8826,104.05,1.192999959,1.2408,0.7737,0.7115,8.2665014267,43.28
2005-02-01,1.3039000034,1.8792,103.93,1.1907000542,1.2405,0.7723,0.7114,8.2665014267,43.66
2005-01-31,1.305193305,1.885,103.55,1.1878000498,1.2396,0.7759,0.7112,8.2665014267,43.6
2005-01-28,1.3044953346,1.885,103.45,1.1855000257,1.2422,0.7751,0.7132,8.2665014267,43.66
2005-01-27,1.3041039705,1.8866,103.15,1.1842999458,1.2366,0.7756,0.7156,8.2665014267,43.65
2005-01-26,1.3078050613,1.8833,102.9,1.1825000048,1.2307,0.7751,0.7193,8.2665014267,43.65
2005-01-25,1.2971009016,1.8647,104.16,1.1934000254,1.2381,0.765,0.709,8.2665014267,43.65
2005-01-24,1.3039000034,1.8778,102.67,1.1849999428,1.2258,0.769,0.7148,8.2665014267,43.65
2005-01-21,1.2998999357,1.874,102.85,1.1854000092,1.2211,0.7712,0.7146,8.2665014267,43.64
2005-01-20,1.2962938547,1.872,103.31,1.1901999712,1.2334,0.7612,0.7056,8.2665014267,43.7
2005-01-19,1.3003056049,1.8742,102.52,1.1850999594,1.2268,0.7606,0.703,8.2665014267,43.61
2005-01-18,1.301795125,1.8693,102.36,1.1852999926,1.2217,0.7578,0.698,8.2665014267,43.59
2005-01-17,1.3051081896,,,1.184499979,,,,8.2665014267,
2005-01-14,1.3098949194,1.8695,102.5,1.1791000366,1.2188,0.7586,0.6981,8.2665014267,43.55
2005-01-13,1.3211086988,1.8832,102.55,1.1720999479,1.2005,0.767,0.7065,8.2665014267,43.52
2005-01-12,1.3255919218,1.8932,102.26,1.1676000357,1.1982,0.768,0.707,8.2665014267,43.53
2005-01-11,1.3116990328,1.8796,103.42,1.1823999882,1.2142,0.7642,0.7002,8.2665014267,43.68
2005-01-10,1.310994029,1.8751,104.32,1.1793999672,1.2194,0.7596,0.6949,8.2665014267,43.82
2005-01-07,1.3060967922,1.8702,104.93,1.1841000319,1.2333,0.758,0.6955,8.2665014267,43.63
2005-01-06,1.3183046579,1.8751,104.87,1.1740000248,1.2371,0.7612,0.6979,8.2665014267,43.75
2005-01-05,1.3280036449,1.8875,103.95,1.1669000387,1.2236,0.7678,0.703,8.2665014267,43.6
2005-01-04,1.3281975985,1.8834,104.27,1.1676000357,1.2248,0.7668,0.7069,8.2665014267,43.47
2005-01-03,1.3470009565,1.9058,102.83,1.1469999552,1.2108,0.779,0.7148,8.2665014267,43.35
2004-12-31,1.3565024137,1.916,102.68,1.1404999495,1.2034,0.7805,0.7203,8.2665014267,43.27
2004-12-30,1.362806201,1.922,103.11,1.1333999634,1.2064,0.7785,0.7181,8.2665014267,43.62
2004-12-29,1.3606922626,1.9157,104.19,1.1337000132,1.2165,0.7709,0.7125,8.2665014267,43.67
2004-12-28,1.3593975306,1.9316,103.13,1.1348999739,1.2185,0.7787,0.7235,8.2665014267,43.63
2004-12-27,1.36239779,1.9369,102.97,1.1346000433,1.216,0.7777,0.7218,8.2665014267,43.75
2004-12-24,1.3538029194,1.9236,103.65,1.1440999508,1.2291,0.7689,0.7175,8.2764997482,43.63
2004-12-23,1.3512052298,1.9193,103.71,1.1431000233,1.2358,0.7654,0.7132,8.2665014267,43.61
2004-12-22,1.3391003609,1.9125,103.95,1.1525000334,1.2401,0.7656,0.7127,8.2665014267,43.8
2004-12-21,1.3368983269,1.9263,104.33,1.1536999941,1.2271,0.766,0.7111,8.2665014267,43.66
2004-12-20,1.3392080069,1.9482,104.01,1.149600029,1.2297,0.7644,0.7172,8.2665014267,43.85
2004-12-17,1.3312920332,1.939,104.28,1.1563999653,1.2257,0.7607,0.7139,8.2665014267,43.88
2004-12-16,1.3251000643,1.9375,104.36,1.1584000587,1.2363,0.7563,0.7108,8.2665014267,43.75
2004-12-15,1.3403927088,1.9446,104.02,1.1418999434,1.2229,0.7652,0.7191,8.2665014267,43.86
2004-12-14,1.3309022188,1.9239,105.59,1.1535999775,1.2377,0.7566,0.7092,8.2665014267,44.05
2004-12-13,1.3320013285,1.9235,104.67,1.1531000137,1.2286,0.7592,0.7103,8.2665014267,44.15
2004-12-10,1.3215975761,1.9134,105.45,1.1606999636,1.2273,0.7495,0.7035,8.2665014267,44.52
2004-12-09,1.3304064274,1.9185,104.93,1.1509000063,1.2253,0.7532,0.708,8.2665014267,44.12
2004-12-08,1.3345077038,1.9283,104.74,1.1484999657,1.2248,0.7545,0.7054,8.2665014267,44.15
2004-12-07,1.3430931568,1.9459,102.74,1.1404000521,1.2088,0.7754,0.7207,8.2665014267,43.6
2004-12-06,1.3396027088,1.9423,102.68,1.1413999796,1.2012,0.7748,0.7203,8.2665014267,43.51
2004-12-03,1.3466018438,1.9375,102.56,1.1296999454,1.1976,0.7778,0.7185,8.2665014267,44
2004-12-02,1.3261016607,1.9225,103.11,1.15260005,1.1899,0.7769,0.718,8.2665014267,44.1
2004-12-01,1.3345967531,1.9297,102.78,1.1404999495,1.1856,0.7754,0.7169,8.2665014267,44.3
2004-11-30,1.3298048973,1.9073,103.04,1.1395000219,1.1902,0.7723,0.7143,8.2665014267,44.47
2004-11-29,1.3265062571,1.8948,102.61,1.1432000399,1.1846,0.7852,0.7165,8.2665014267,44.67
2004-11-26,1.3295043707,1.8965,102.58,1.1387000084,1.1775,0.7903,0.7189,8.2665014267,44.94
2004-11-25,1.325802803,,,1.1399999857,,,,8.2665014267,
2004-11-24,1.3178007603,1.8813,102.94,1.1453000307,1.1813,0.7863,0.7101,8.2665014267,44.94
2004-11-23,1.3097062111,1.8713,103.42,1.1571999788,1.1865,0.786,0.713,8.2665014267,45.02
2004-11-22,1.3040019274,1.859,103.2,1.1631000042,1.1848,0.7839,0.7098,8.2665014267,44.97
2004-11-19,1.3039000034,1.86,102.8,1.1600999832,1.1928,0.7852,0.7118,8.2665014267,45
2004-11-18,1.2949006557,1.8514,104.23,1.1715999842,1.207,0.7786,0.7086,8.2665014267,45
2004-11-17,1.3037979603,1.858,104.18,1.1621999741,1.1925,0.7833,0.7086,8.2665014267,44.96
2004-11-16,1.2961931229,1.8544,105.35,1.1754000187,1.1932,0.7728,0.7011,8.2665014267,45.01
2004-11-15,1.2939958572,1.848,105.53,1.1796000004,1.2032,0.7719,0.6986,8.2665014267,45.03
2004-11-12,1.2970000505,1.8552,105.53,1.1700999737,1.1919,0.7685,0.6926,8.2665014267,45.04
2004-11-11,1.2910054922,,,1.1776000261,,,,8.2665014267,
2004-11-10,1.2885932922,1.8476,106.91,1.1822999716,1.1977,0.7592,0.6845,8.2665014267,45.14
2004-11-09,1.2899065018,1.8589,105.57,1.1835000515,1.195,0.7618,0.6942,8.2665014267,45.12
2004-11-08,1.2908055782,1.8564,105.57,1.182000041,1.1925,0.7578,0.6926,8.2665014267,45.08
2004-11-05,1.2966973782,1.8542,105.6,1.1768000126,1.1981,0.762,0.6948,8.2665014267,45.1
2004-11-04,1.2872995138,1.844,106.02,1.1878999472,1.2053,0.7585,0.6922,8.2665014267,45.1
2004-11-03,1.282495141,1.8445,106.2,1.1941000223,1.2121,0.7539,0.6875,8.2665014267,45.33
2004-11-02,1.2720056772,1.8385,106.29,1.2053999901,1.2263,0.7447,0.6847,8.2665014267,45.4
2004-11-01,1.2745997906,1.8323,106.41,1.2022999525,1.2229,0.746,0.6838,8.2665014267,45.33
2004-10-29,1.2791976929,1.8345,106.04,1.1950999498,1.2209,0.7468,0.6834,8.2665014267,45.3
2004-10-28,,1.832,106.09,,1.2194,0.7478,0.6855,8.2763996124,45.51
2004-10-27,1.2705996037,1.8323,106.67,1.2070000172,1.2253,0.746,0.6955,8.2665014267,45.57
2004-10-26,1.2765034437,1.8369,106.63,1.2008999586,1.2246,0.746,0.6976,8.2665014267,45.66
2004-10-25,1.2810987234,1.8404,106.61,1.1956000328,1.2232,0.7476,0.7017,8.2665014267,45.58
2004-10-22,1.2690999508,1.8277,107.42,1.2094999552,1.2379,0.7396,0.6944,8.2665014267,45.62
2004-10-21,1.2620048523,1.8297,107.43,1.2173000574,1.2426,0.739,0.6947,8.2665014267,45.65
2004-10-20,1.2578933239,1.8187,108.16,1.2218999863,1.2432,0.7367,0.6925,8.2665014267,45.7
2004-10-19,1.2518935204,1.8039,108.36,1.2289999723,1.2542,0.7285,0.6875,8.2665014267,45.85
2004-10-18,1.2489072084,1.801,109.23,1.2323000431,1.255,0.7267,0.6863,8.2665014267,45.83
2004-10-15,1.2478941679,1.8048,109.14,1.2332999706,1.252,0.7317,0.6873,8.2665014267,45.85
2004-10-14,1.2388964891,1.7972,109.6,1.2438999414,1.2528,0.7315,0.682,8.2665014267,45.81
2004-10-13,1.2349033356,1.789,109.78,1.2518999577,1.264,0.7235,0.6743,8.2665014267,45.83
2004-10-12,1.2321037054,1.7879,109.79,1.256000042,1.2575,0.7305,0.679,8.2665014267,45.87
2004-10-11,1.2384054661,,,1.2506999969,,,,8.2665014267,
2004-10-08,1.2410026789,1.7935,109.44,1.2503999472,1.2512,0.7352,0.6833,8.2667999268,45.8
2004-10-07,1.2299064398,1.7822,111.15,1.2625999451,1.2577,0.7267,0.6755,8.2665996552,45.86
2004-10-06,1.2280938625,1.779,111.34,1.2654999495,1.2592,0.7236,0.6755,8.2665996552,45.86
2004-10-05,1.2316029072,1.7828,111.21,1.2617000341,1.2625,0.7232,0.6732,8.2665996552,45.86
2004-10-04,1.2289994955,1.7827,111.13,1.2644000053,1.2726,0.7207,0.6695,8.2665996552,45.85
2004-10-01,1.2414957285,1.7976,110.45,1.2494000196,1.2629,0.7232,0.6733,8.2665996552,45.85
2004-09-30,1.2433944941,1.809,110.2,1.2454999685,1.2648,0.7244,0.6755,8.2665996552,45.91
2004-09-29,1.2336997986,1.797,110.9,1.25849998,1.273,0.7148,0.6692,8.2665996552,46
2004-09-28,1.2321037054,1.8105,111.48,1.2596000433,1.2754,0.716,0.6671,8.2665996552,46.1
2004-09-27,1.2307995558,1.8076,111.13,1.2596999407,1.2738,0.7133,0.6665,8.2665996552,45.97
2004-09-24,1.2275964022,1.8031,110.72,1.2603000402,1.2763,0.7139,0.6679,8.2665996552,45.9
2004-09-23,1.2272046804,1.8003,110.39,1.2603000402,1.2782,0.7139,0.6678,8.2665996552,45.87
2004-09-22,1.226692915,1.7949,110.53,1.2596000433,1.2816,0.7075,0.6625,8.2665996552,45.86
2004-09-21,1.2328935862,1.7946,109.94,1.2537000179,1.2886,0.7011,0.6613,8.2665996552,45.86
2004-09-20,1.2174040079,1.788,109.87,1.2720999718,1.2944,0.7006,0.6608,8.266699791,45.93
2004-09-17,1.2182048559,1.7921,109.97,1.2676000595,1.3002,0.6971,0.6595,8.266699791,45.84
2004-09-16,1.2190067768,1.7909,109.75,1.2678999901,1.2914,0.6988,0.6597,8.2665996552,45.82
2004-09-15,1.2157019377,1.7772,110.34,1.2694000006,1.2987,0.6945,0.657,8.2667999268,45.81
2004-09-14,1.2260010242,1.8001,109.4,1.2575000525,1.292,0.703,0.6628,8.266699791,45.85
2004-09-13,1.2264070511,1.7956,110.13,1.25849998,1.3,0.6959,0.6556,8.2665996552,46.18
2004-09-10,1.2272950411,1.7979,109.33,1.2573000193,1.288,0.6968,0.6569,8.2665996552,46.26
2004-09-09,1.2242000103,1.7853,109.69,1.2576999664,1.2878,0.688,0.6509,8.2667999268,46.3
2004-09-08,1.2189027071,1.7882,109.22,1.2594000101,1.2905,0.697,0.6498,8.266699791,46.35
2004-09-07,1.2099066973,1.7733,109.32,1.2677999735,1.2882,0.6933,0.6466,8.266699791,46.35
2004-09-06,1.2065927982,,,1.2705999613,,,,8.2665996552,
2004-09-03,1.205501914,1.7759,110.47,1.2713999748,1.3005,0.69,0.6455,8.266699791,46.33
2004-09-02,1.2173002958,1.7916,109.52,1.2612999678,1.2995,0.6952,0.648,8.266699791,46.32
2004-09-01,1.2190067768,1.794,109.62,1.2602000237,1.3071,0.7039,0.6568,8.2665996552,46.34
2004-08-31,1.2178043127,1.8031,109,1.2667000294,1.3166,0.7071,0.6564,8.2665996552,46.35
2004-08-30,1.2049063444,1.7925,109.84,1.2797000408,1.3174,0.7001,0.651,8.266699791,46.35
2004-08-27,1.2019952536,1.7921,109.51,1.2783999443,1.3104,0.704,0.6545,8.266699791,46.28
2004-08-26,1.2099066973,1.7939,109.73,1.2725000381,1.3123,0.701,0.6489,8.2665996552,46.35
2004-08-25,1.2086051702,1.7965,110.38,1.2730000019,1.3047,0.7061,0.6513,8.2665996552,46.36
2004-08-24,1.2081964016,1.7935,109.63,1.2713999748,1.3048,0.7064,0.6524,8.266699791,46.295
2004-08-23,1.2151997089,1.8143,109.47,1.2682000399,1.3065,0.7184,0.6675,8.266699791,46.26
2004-08-20,1.2321947813,1.8213,109.32,1.2489999533,1.298,0.7238,0.673,8.266699791,46.25
2004-08-19,1.237195015,1.8313,109.34,1.2423000336,1.2964,0.7245,0.6714,8.2667999268,46.27
2004-08-18,1.2340041399,1.8225,109.71,1.243999958,1.3074,0.7145,0.6639,8.266699791,46.34
2004-08-17,1.2345069647,1.8288,110.07,1.244699955,1.308,0.7148,0.6648,8.266699791,46.34
2004-08-16,1.2358952761,1.8392,110.64,1.2405999899,1.3076,0.7169,0.6642,8.2667999268,46.36
2004-08-13,1.237593174,1.8432,110.67,1.2382999659,1.3092,0.716,0.6651,8.2667999268,46.27
2004-08-12,1.2239003181,1.821,111.14,1.2570999861,1.3323,0.7127,0.6575,8.2669000626,46.21
2004-08-11,1.2221950293,1.828,110.78,1.2612999678,1.324,0.7132,0.654,8.2669000626,46.32
2004-08-10,1.2236007452,1.8387,110.79,1.2617000341,1.3139,0.7155,0.655,8.2670001984,46.34
2004-08-09,1.2272950411,1.8403,110.57,1.2539000511,1.3165,0.7172,0.6543,8.2669000626,46.4
2004-08-06,1.2307995558,1.8459,110.05,1.2504999638,1.31,0.7148,0.6538,8.2669000626,46.33
2004-08-05,1.2051968575,1.8231,111.53,1.2754000425,1.3178,0.7038,0.6448,8.2669000626,46.35
2004-08-04,1.2059961557,1.8248,111.29,1.2748999596,1.3152,0.7037,0.6451,8.2670001984,46.36
2004-08-03,1.2052984238,1.8243,110.6,1.2790999413,1.3185,0.7046,0.645,8.2670001984,46.35
2004-08-02,1.2021976709,1.8273,111.08,1.2798999548,1.3314,0.7042,0.6406,8.2670001984,46.35
2004-07-30,1.20160532,1.8183,111.39,1.2812999487,1.3296,0.7035,0.636,8.2669000626,46.4
2004-07-29,1.2038040161,1.8174,111.88,1.2810000181,1.3259,0.6994,0.6337,8.2669000626,46.45
2004-07-28,1.2043983936,1.8222,111.78,1.2762999535,1.3309,0.698,0.6277,8.2667999268,46.3
2004-07-27,1.2064036131,1.8219,111.09,1.2748999596,1.3353,0.7006,0.6275,8.266699791,46.25
2004-07-26,1.213901639,1.8393,110.08,1.2649999857,1.332,0.709,0.6372,8.266699791,46.28
2004-07-23,1.2095993757,1.8321,110.11,1.2659000158,1.3219,0.7102,0.636,8.2665996552,46.35
2004-07-22,1.225595355,1.847,109.68,1.2481000423,1.3136,0.7152,0.6428,8.2665996552,46.3
2004-07-21,1.2263016701,1.8354,110.1,1.2495000362,1.3242,0.7131,0.6377,8.2665996552,46.13
2004-07-20,1.2333954573,1.8556,108.38,1.2433999777,1.3099,0.7313,0.6571,8.266699791,46.1
2004-07-19,1.2439976931,1.8734,108.28,1.2292000055,1.3082,0.7334,0.6591,8.2665996552,46.11
2004-07-16,1.2455937862,1.8708,108.77,1.2245999575,1.3092,0.731,0.6581,8.2665996552,45.96
2004-07-15,1.2356052399,1.8545,109.52,1.2364000082,1.324,0.7235,0.6506,8.266699791,46.08
2004-07-14,1.2384973764,1.8564,109.13,1.2293000221,1.3225,0.7225,0.6522,8.266699791,45.95
2004-07-13,1.233304143,1.854,109.37,1.2354999781,1.3259,0.7216,0.6557,8.2667999268,45.86
2004-07-12,1.2408025265,1.864,108.24,1.2247999907,1.3188,0.728,0.6612,8.2667999268,45.72
2004-07-09,1.2418966293,1.8555,108.21,1.2224999666,1.3207,0.7226,0.658,8.2669000626,45.66
2004-07-08,1.2394952774,1.8566,108.76,1.2244000435,1.3164,0.7221,0.657,8.2669000626,45.75
2004-07-07,1.2371032238,1.8571,108.38,1.2266000509,1.3196,0.7232,0.6566,8.2667999268,45.84
2004-07-06,1.2285012007,1.8423,109.24,1.2366000414,1.3261,0.7148,0.6502,8.2667999268,46.05
2004-07-05,1.2299971581,,,1.2348999977,,,,8.2667999268,
2004-07-02,1.2311025858,1.83,108.6,1.233199954,1.3254,0.7125,0.6468,8.2665996552,45.75
2004-07-01,1.2162047625,1.816,108.24,1.2489999533,1.3325,0.7036,0.64,8.266699791,45.88
2004-06-30,1.2183978558,1.8126,109.43,1.2503999472,1.3407,0.6952,0.6322,8.2665996552,45.99
2004-06-29,1.2098042965,1.809,108.18,1.2644000053,1.3465,0.6908,0.6325,8.2665996552,46.05
2004-06-28,1.2186946869,1.8294,107.95,1.2489000559,1.3435,0.6998,0.6412,8.2665996552,45.99
2004-06-25,1.2203009129,1.8218,107.82,1.246999979,1.3489,0.699,0.6365,8.266699791,45.85
2004-06-24,1.2174040079,1.8216,107.1,1.2443000078,1.343,0.6996,0.6337,8.2665996552,45.85
2004-06-23,1.2086051702,1.8184,108.64,1.2533999681,1.3614,0.6865,0.6259,8.266699791,45.7
2004-06-22,1.2121946812,1.8217,109,1.2482000589,1.3592,0.6855,0.6268,8.2665996552,46.21
2004-06-21,1.2126061916,1.831,108.57,1.245200038,1.364,0.6905,0.6275,8.2665996552,45.88
2004-06-18,1.2145060301,1.8368,108.65,1.2434999943,1.3645,0.6905,0.6272,8.2665996552,45.66
2004-06-17,1.2033983469,1.8341,109.63,1.2546000481,1.3752,0.684,0.6242,8.2665996552,45.49
2004-06-16,1.2006964684,1.8262,110.15,1.2676000595,1.3772,0.687,0.6294,8.2665996552,45.34
2004-06-15,1.2166042328,1.8278,109.59,1.2486000061,1.3699,0.696,0.6335,8.2665996552,45.38
2004-06-14,1.2061998844,1.8148,111.15,1.2552000284,1.3682,0.6883,0.6255,8.2665996552,45.35
2004-06-11,1.2015043497,1.8175,110.09,1.2596999407,1.3656,0.6912,0.629,8.266699791,45.09
2004-06-10,1.2109030485,1.838,109.33,1.2450000048,1.3572,0.6983,0.6345,8.2667999268,45.05
2004-06-09,1.2042969465,1.8292,109.74,1.255499959,1.3541,0.692,0.6204,8.266699791,44.94
2004-06-08,1.2261061668,1.8361,109.77,1.2381000519,1.3468,0.701,0.6271,8.266699791,45.05
2004-06-07,1.2318001986,1.8386,109.61,1.236199975,1.345,0.7043,0.6298,,45.1
2004-06-04,1.2275059223,1.8367,111.27,1.2393000126,1.3505,0.6922,0.6193,8.266699791,45.07
2004-06-03,1.2221053839,1.8387,111.14,1.25,1.3606,0.6849,0.6159,8.2667999268,45.22
2004-06-02,1.2218962908,1.8381,110.28,1.25,1.3618,0.697,0.623,8.266699791,45.37
2004-06-01,1.2244998217,1.8359,110.45,1.2462999821,1.3687,0.7067,0.6288,8.266699791,45.43
2004-05-31,1.2198989391,,,1.2531000376,,,,,
2004-05-28,1.2218068838,1.833,110.18,1.2517000437,1.3666,0.7138,0.6285,8.2669000626,45.42
2004-05-27,1.2275964022,1.8369,110.77,1.2441999912,1.358,0.7179,0.6352,8.2667999268,45.4
2004-05-26,1.2110936642,1.8142,111.7,1.2713999748,1.3705,0.7059,0.6187,8.2669000626,45.4
2004-05-25,1.2100970745,1.8135,112.21,1.2727999687,1.3763,0.706,0.6168,8.2669000626,45.36
2004-05-24,1.199903965,1.7908,112.66,1.2797000408,1.3697,0.6982,0.609,8.2671003342,45.31
2004-05-21,1.2028049231,1.788,112.09,1.2790000439,1.3734,0.7008,0.6112,8.2671003342,45.28
2004-05-20,1.1957002878,1.771,113.18,1.2851999998,1.3705,0.693,0.6038,,45.28
2004-05-19,1.2003936768,1.7827,112.77,1.2788000107,1.3769,0.6978,0.608,8.2669000626,45.18
2004-05-18,1.1945005655,1.7695,114.06,1.2834000587,1.3913,0.6866,0.5995,8.2671003342,45.47
2004-05-17,1.2025011778,1.7695,114.1,1.2753000259,1.3855,0.6887,0.604,8.2672014236,45.5
2004-05-14,1.1881988049,1.7572,114.3,1.296900034,1.3928,0.6895,0.604,8.2672014236,45.57
2004-05-13,1.18040061,1.7584,114.25,1.3041000366,1.397,0.6882,0.602,8.2672014236,45.25
2004-05-12,1.1905045509,1.7743,113.21,1.2934999466,1.3878,0.6962,0.6108,8.2672996521,45.35
2004-05-11,1.1881988049,1.7544,113.67,1.2949999571,1.3866,0.6953,0.6043,8.2672996521,45.35
2004-05-10,1.1845955849,1.7723,114.03,1.299200058,1.3934,0.691,0.6032,8.2669000626,44.95
2004-05-07,1.1880011559,1.7842,112.3,1.2987999916,1.3858,0.7031,0.6168,8.2671003342,44.66
2004-05-06,1.2077003717,1.7941,109.58,1.284700036,1.3784,0.7238,0.6315,8.2671003342,44.65
2004-05-05,1.2158941031,1.7932,108.5,1.2753000259,1.3725,0.7337,0.6356,8.2671003342,44.55
2004-05-04,1.2105072737,1.7907,110.02,1.2810000181,1.3702,0.7284,0.6328,8.2671003342,44.7
2004-05-03,1.1936022043,1.772,110.34,1.3013000488,1.374,0.7198,0.6259,8.2671003342,44.88
2004-04-30,1.1982936859,1.7744,110.37,1.2940000296,1.3711,0.721,0.6242,8.2671003342,44.52
2004-04-29,1.196000576,1.7751,109.96,1.2922999859,1.3697,0.7198,0.6216,8.2669000626,44.4
2004-04-28,1.1843008995,1.772,109.85,1.3061000109,1.3672,0.7232,0.6219,8.2468013763,44.21
2004-04-27,1.1929045916,1.7925,109.48,1.2979999781,1.3517,0.7335,0.6302,8.2667999268,44.23
2004-04-26,1.1861974001,1.7857,108.55,1.3078000546,1.3559,0.7335,0.6296,8.2667999268,44.1
2004-04-23,1.1850025654,1.7674,109.38,1.3142999411,1.3612,0.7287,0.6252,8.2669000626,44
2004-04-22,1.1925063133,1.7684,109.85,1.3065999746,1.359,0.7303,0.625,8.2670001984,44.14
2004-04-21,1.1810001135,1.772,109.55,1.3163000345,1.359,0.7318,0.6235,8.2669000626,44.1
2004-04-20,1.1848059893,1.7914,108.43,1.3136999607,1.3534,0.7371,0.6335,8.2667999268,43.97
2004-04-19,1.2006964684,1.8055,108.5,1.2917000055,1.3467,0.7453,0.6434,8.2667999268,43.88
2004-04-16,1.2002928257,1.8004,107.69,1.2955000401,1.3445,0.7456,0.6407,8.2669000626,43.85
2004-04-15,1.1986957788,1.7785,108.58,1.2943999767,1.3485,0.7379,0.6363,8.2671003342,44
2004-04-14,1.1947003603,1.7902,108.53,1.299200058,1.3445,0.7339,0.634,8.2672014236,43.69
2004-04-13,1.1938017607,1.816,106.96,1.2999999523,1.3363,0.7547,0.6537,8.2669000626,43.75
2004-04-12,1.2073066235,1.8358,105.5,1.2832000256,1.3377,0.7677,0.6626,,43.66
2004-04-09,1.2086051702,1.8322,106.45,1.2821999788,1.3292,0.7623,0.6597,,43.45
2004-04-08,1.2077003717,1.8325,106.1,1.2829999924,1.326,0.761,0.658,8.2669000626,43.6
2004-04-07,1.2166042328,1.841,105.2,1.27760005,1.313,0.7674,0.6607,8.2669000626,43.55
2004-04-06,1.2131063938,1.8374,105.9,1.2862999439,1.3095,0.7615,0.6543,8.2669000626,43.7
2004-04-05,1.2013021708,1.814,105.36,1.3044999838,1.3152,0.7531,0.6497,8.2669000626,43.67
2004-04-02,1.2129004002,1.8293,104.55,1.2917000055,1.314,0.7584,0.6583,8.2669000626,43.75
2004-04-01,1.2365065813,1.8564,103.7,1.2628999949,1.3101,0.7671,0.6678,8.2669000626,43.4
2004-03-31,1.2312996387,1.84,104.18,1.2660000324,1.31,0.762,0.665,8.2670001984,43.4
2004-03-30,1.218501687,1.8283,105.61,1.2810000181,1.308,0.7531,0.6568,8.2671003342,44.07
2004-03-29,1.2166042328,1.8163,105.52,1.2835999727,1.3097,0.7484,0.6529,8.2671003342,44
2004-03-26,1.2126945257,1.8104,105.93,1.2836999893,1.3194,0.7428,0.6482,8.2670001984,44.44
2004-03-25,1.2136952877,1.8099,106.06,1.2798999548,1.3303,0.7407,0.6475,8.2671003342,44.73
2004-03-24,1.213901639,1.8351,106.23,1.2766000032,1.3385,0.7488,0.6557,8.2672014236,44.8
2004-03-23,1.2345069647,1.8502,106.63,1.2565000057,1.332,0.7526,0.6612,8.2673997879,44.85
2004-03-22,1.2345983982,1.8485,106.84,1.2567000389,1.328,0.7548,0.6639,8.2672996521,45.145
2004-03-19,1.2269035578,1.827,106.97,1.2697000504,1.331,0.7475,0.6557,8.2672014236,45.2
2004-03-18,1.2388964891,1.8363,106.6,1.2569999695,1.329,0.7522,0.6578,8.2667999268,45.25
2004-03-17,1.2227030993,1.8132,108.18,1.2782000303,1.3419,0.7392,0.648,8.2673997879,45.27
2004-03-16,1.2261061668,1.8105,108.95,1.2786999941,1.3333,0.7411,0.6497,8.2672996521,45.22
2004-03-15,1.2272046804,1.7993,110.48,1.2742999792,1.3322,0.7349,0.6435,8.2672996521,45.25
2004-03-12,1.2224042416,1.7943,110.82,1.2833000422,1.3385,0.7325,0.6437,8.2671003342,45.22
2004-03-11,1.2351015806,1.8008,110.89,1.266800046,1.3228,0.7361,0.6453,8.2672014236,45.28
2004-03-10,1.2231967449,1.8,111.04,1.2877999544,1.3275,0.7486,0.6655,8.266699791,45.25
2004-03-09,1.231906414,1.8395,111.2,1.2813999653,1.3188,0.7635,0.6829,8.266699791,45.23
2004-03-08,1.2426065207,1.8471,112.12,1.2718000412,1.3235,0.7553,0.6743,8.266699791,45.26
2004-03-05,1.2367972136,1.8428,111.42,1.2782000303,1.3191,0.7587,0.6742,8.2672996521,45.32
2004-03-04,1.220703125,1.825,110.74,1.2919000387,1.3326,0.7529,0.6696,8.2670001984,45.32
2004-03-03,1.2190959454,1.8192,110.25,1.2935999632,1.348,0.7424,0.6635,8.2667999268,45.22
2004-03-02,1.2204051018,1.8386,110.27,1.2973999977,1.3437,0.761,0.6809,8.2667999268,45.25
2004-03-01,1.2448029518,1.868,108.93,1.2683999538,1.3395,0.7725,0.6892,8.2667999268,45.32
2004-02-27,1.2494065762,1.8575,109.26,1.2613999844,1.3405,0.7717,0.6852,8.2669000626,45.32
2004-02-26,1.2448029518,1.8609,109.59,1.2661999464,1.3433,0.7703,0.6874,8.2670001984,45.27
2004-02-25,1.2497032881,1.8757,108.99,1.2589999437,1.337,0.7722,0.6877,8.2670001984,45.25
2004-02-24,1.2677966356,1.8901,108.11,1.2424000502,1.3283,0.7808,0.6906,8.2671003342,45.32
2004-02-23,1.2571974993,1.8686,108.22,1.2551000118,1.3363,0.7743,0.6831,8.2672014236,45.32
2004-02-20,1.2542015314,1.8668,108.83,1.2596999407,1.3442,0.774,0.6841,8.2672014236,45.23
2004-02-19,1.2757054567,1.8921,107.09,1.2348999977,1.3283,0.7912,0.7008,8.2671003342,45.28
2004-02-18,1.2725075483,1.9023,106.37,1.2380000353,1.3182,0.793,0.7045,8.2670001984,45.24
2004-02-17,1.2857933044,1.9045,105.8,1.2254999876,1.3108,0.7979,0.7077,8.2670001984,45.28
2004-02-16,1.2765034437,,,1.2342000008,,,,8.2672014236,
2004-02-13,1.272799015,1.883,105.6,1.2388999462,1.3148,0.7875,0.7001,8.2670001984,45.24
2004-02-12,1.2818048,1.891,105.42,1.2300000191,1.3188,0.7887,0.6997,8.2672014236,45.23
2004-02-11,1.2830052376,1.885,105.37,1.2292000055,1.3178,0.786,0.6994,8.2671003342,45.24
2004-02-10,1.268504262,1.8697,105.55,1.2374999523,1.3289,0.7814,0.6993,8.2672014236,45.22
2004-02-09,1.2694060802,1.858,105.68,1.2353999615,1.3304,0.776,0.6955,8.2672996521,45.25
2004-02-06,1.2700024843,1.8459,105.57,1.2348999977,1.3297,0.7679,0.6903,8.2672996521,45.3
2004-02-05,1.2571974993,1.8378,105.52,1.2482000589,1.3318,0.7655,0.6882,8.2672996521,45.29
2004-02-04,1.2539970875,1.8335,105.53,1.2504999638,1.333,0.7624,0.6844,8.2672014236,45.3
2004-02-03,1.2534940243,1.838,105.36,1.2482999563,1.3374,0.7651,0.6805,8.2672014236,45.3
2004-02-02,1.24330163,1.8182,105.59,1.2610000372,1.3385,0.7566,0.6723,8.2670001984,45.3
2004-01-30,1.2468050718,1.8215,105.84,1.2525000572,1.3265,0.7625,0.6705,8.2667999268,45.32
2004-01-29,1.2410026789,1.8112,106.09,1.2590999603,1.334,0.7585,0.6673,8.2670001984,45.29
2004-01-28,1.2441989183,1.837,105.52,1.2578999996,1.3218,0.7788,0.6785,8.2671003342,45.36
2004-01-27,1.2636953592,1.8277,105.56,1.2400000095,1.3048,0.7805,0.6795,8.2671003342,45.38
2004-01-26,1.2487980127,1.82,106.15,1.2549999952,1.313,0.773,0.6727,8.2671003342,45.36
2004-01-23,1.2583048344,1.8203,106.21,1.2414000034,1.3115,0.7714,0.6722,8.2671003342,45.43
2004-01-22,1.2725075483,1.8446,106.08,1.2318999767,1.297,0.7791,0.6769,8.2671003342,45.43
2004-01-21,1.2659028769,1.8295,106.84,1.2374999523,1.3018,0.7733,0.6708,8.2671003342,45.43
2004-01-20,1.2589067221,1.8187,107.17,1.2457000017,1.2861,0.7691,0.6673,8.2670001984,45.43
2004-01-19,1.2354067564,,,1.2705999613,,,,8.2667999268,
2004-01-16,1.239802599,1.7996,106.87,1.2637000084,1.2975,0.7663,0.6664,8.266699791,45.45
2004-01-15,1.26009655,1.8205,106.1,1.2431000471,1.299,0.7702,0.673,8.266699791,45.44
2004-01-14,1.2651021481,1.8409,106.06,1.2319999933,1.2866,0.7779,0.683,8.2667999268,45.42
2004-01-13,1.2785925865,1.8432,106.25,1.2194999456,1.2729,0.7772,0.6825,8.2667999268,45.44
2004-01-12,1.2740962505,1.8511,106.48,1.227699995,1.2735,0.7788,0.6842,8.2670001984,45.44
2004-01-09,1.2858924866,1.8472,106.54,1.2211999893,1.269,0.7777,0.6821,8.2670001984,45.48
2004-01-08,1.277498126,1.8338,106.17,1.2266000509,1.279,0.7755,0.6761,8.2672014236,45.55
2004-01-07,1.2640947104,1.8193,106.19,1.2395000458,1.2884,0.7685,0.6717,8.2672014236,45.53
2004-01-06,1.2721028328,1.8245,106.2,1.2318999767,1.2824,0.7702,0.6717,8.2671003342,45.66
2004-01-05,1.2686975002,1.8085,106.1,1.2319999933,1.2803,0.7682,0.6717,8.2670001984,45.6
2004-01-02,1.2581939697,1.7902,106.95,1.2400000095,1.29,0.7576,0.6588,8.2669000626,45.68
2004-01-01,1.2581939697,,,1.2403000593,,,,,
2003-12-31,1.2590018511,1.7842,107.13,1.2366000414,1.2923,0.752,0.6557,,45.55
2003-12-30,1.2548940182,1.7786,107,1.2425999641,1.3036,0.7482,0.6535,8.266699791,45.57
2003-12-29,1.2483927011,1.7705,106.93,1.2496000528,1.3103,0.7422,0.6487,8.2669000626,45.66
2003-12-26,1.2431935072,1.7725,107.18,1.2548999786,1.3067,0.7415,0.6481,,45.5
2003-12-25,1.2448029518,,,1.247699976,,,,,
2003-12-24,1.2452989817,1.7748,107.29,1.2477999926,1.3109,0.743,0.6475,,45.5
2003-12-23,1.2400025129,1.765,107.44,1.2567000389,1.3244,0.7361,0.641,8.2667999268,45.52
2003-12-22,1.2398948669,1.7635,107.4,1.2575000525,1.332,0.734,0.6425,8.2669000626,45.52
2003-12-19,1.2384973764,1.7675,107.94,1.254799962,1.3405,0.7365,0.644,8.2670001984,45.54
2003-12-18,1.2422977686,1.7673,107.92,1.25,1.3295,0.7374,0.645,8.2669000626,45.5
2003-12-17,1.2402024269,1.7615,107.42,1.2538000345,1.325,0.7408,0.6481,8.2669000626,45.55
2003-12-16,1.2321947813,1.751,107.6,1.2594000101,1.3185,0.7436,0.6506,8.2671003342,45.5
2003-12-15,1.2319974899,1.745,107.52,1.2604999542,1.3129,0.7429,0.6486,8.2672014236,45.55
2003-12-12,1.2278977633,1.7466,107.73,1.2618999481,1.315,0.7425,0.6482,8.2671003342,45.55
2003-12-11,1.2224042416,1.7445,108.23,1.2689000368,1.3272,0.7355,0.6445,8.2671003342,45.55
2003-12-10,1.2190959454,1.7446,108.4,1.2690000534,1.3078,0.7398,0.6485,8.2670001984,45.55
2003-12-09,1.2249947786,1.743,107.3,1.2632000446,1.3092,0.7398,0.6463,8.2671003342,45.55
2003-12-08,1.2220009565,1.7334,107.23,1.2674000263,1.2967,0.7402,0.6473,8.2671003342,45.55
2003-12-05,1.2186946869,1.727,107.78,1.2724000216,1.3045,0.7358,0.6448,8.2669000626,45.66
2003-12-04,1.2080942392,1.72,108.19,1.2884999514,1.3125,0.7336,0.6452,8.2670001984,45.66
2003-12-03,1.2122975588,1.7248,108.17,1.2851999998,1.3,0.7358,0.6486,8.2671003342,45.63
2003-12-02,1.2088974714,1.7291,108.82,1.2871999741,1.2988,0.7318,0.6466,8.2672014236,45.7
2003-12-01,1.1965013742,1.7209,109.61,1.2980999947,1.3023,0.7265,0.6438,8.2672014236,45.77
2003-11-28,,1.7219,109.53,1.2911000252,1.2973,0.7236,0.6395,,45.82
2003-11-27,,,,1.2989000082,,,,,
2003-11-26,,1.709,109.11,1.2941000462,1.3045,0.7237,0.6418,,45.88
2003-11-25,,1.6983,109.72,1.3193999529,1.3135,0.7186,0.6371,,45.95
2003-11-24,,1.695,109.39,1.318500042,1.321,0.7176,0.6379,,45.88
2003-11-21,,1.7025,108.87,1.2983000278,1.3042,0.7227,0.6406,,45.75
2003-11-20,,1.7024,108.99,1.3006999493,1.3031,0.7238,0.6425,,45.78
2003-11-19,,1.6982,109.06,1.3056000471,1.304,0.7229,0.6385,,45.63
2003-11-18,,1.6998,108.11,1.2936999798,1.3025,0.7212,0.6339,,45.62
2003-11-17,,1.6885,108.98,1.3251999617,1.3143,0.7105,0.6257,,45.55
2003-11-14,,1.6841,108.43,1.3266999722,1.3034,0.7179,0.6297,,45.44
2003-11-13,,1.688,108.33,1.3351999521,1.3,0.7196,0.6297,,45.39
2003-11-12,,1.677,108.55,1.3494000435,1.3007,0.718,0.6265,,45.36
2003-11-11,,,,1.3623000383,,,,,
2003-11-10,,1.6737,107.98,1.3740999699,1.3108,0.7167,0.6216,,45.33
2003-11-07,,1.6708,109.29,1.3668999672,1.3237,0.7092,0.6161,,45.33
2003-11-06,,1.6693,110.15,1.3779000044,1.3362,0.7075,0.6136,,45.3
2003-11-05,,1.678,109.91,1.3708000183,1.3312,0.71,0.618,,45.34
2003-11-04,,1.6802,109.6,1.3643000126,1.3321,0.7017,0.6112,,45.31
2003-11-03,,1.6786,111.2,1.3597999811,1.3323,0.6986,0.609,,45.32
2003-10-31,,1.6956,110.1,1.3381999731,1.3195,0.7077,0.6118,,45.33
2003-10-30,,1.7025,108.27,1.3336000443,1.3069,0.7075,0.6132,,45.35
2003-10-29,,1.6988,108.18,1.3305000067,1.3098,0.7047,0.6124,,45.36
2003-10-28,,1.6956,108.33,1.3312000036,1.3108,0.7051,0.612,,45.31
2003-10-27,,1.6952,108.38,1.3178999424,1.3107,0.7038,0.6097,,45.4
2003-10-24,,1.6972,109.23,1.3123999834,1.3072,0.7009,0.6102,,45.32
2003-10-23,,1.6943,109.59,1.3090000153,1.3087,0.6999,0.6093,,45.33
2003-10-22,,1.6935,108.95,1.3114999533,1.3043,0.7067,0.607,,45.35
2003-10-21,,1.6746,109.69,1.3301999569,1.316,0.6996,0.6023,,45.33
2003-10-20,,1.6749,110.22,1.3320000172,1.32,0.6935,0.5969,,45.36
2003-10-17,,1.6721,109.57,1.3265999556,1.3145,0.6918,0.5957,,45.33
2003-10-16,,1.676,109.36,1.3345999718,1.3162,0.6912,0.5947,,45.33
2003-10-15,,1.6698,109.56,1.3309999704,1.3243,0.6898,0.5946,,45.7
2003-10-14,,1.6737,109.29,1.3164000511,1.3234,0.6889,0.5957,,45.66
2003-10-13,,,,1.3228000402,,,,,
2003-10-10,,1.6654,108.57,1.3131999969,1.321,0.6916,0.5993,,45.42
2003-10-09,,1.6609,109.34,1.3178999424,1.3401,0.688,0.5985,,45.29
2003-10-08,,1.6598,109.55,1.3108999729,1.3332,0.6903,0.5973,,45.43
2003-10-07,,1.6628,109.81,1.3142000437,1.3295,0.6908,0.598,,45.33
2003-10-06,,1.6742,110.81,1.3193999529,1.3413,0.6848,0.5941,,45.49
2003-10-03,,1.663,110.9,1.3366999626,1.3418,0.6814,0.5935,,45.33
2003-10-02,,1.675,110.59,1.3180999756,1.3388,0.6846,0.5992,,45.43
2003-10-01,,1.6667,110.61,1.3151999712,1.3481,0.683,0.5981,,45.7
2003-09-30,,1.662,111.43,1.3174999952,1.3507,0.6797,0.595,,45.78
2003-09-29,,1.6642,111.07,1.3236000538,1.3552,0.6745,0.591,,45.85
2003-09-26,,1.6597,111.8,1.3424999714,1.3547,0.6745,0.5879,,45.77
2003-09-25,,1.6587,111.86,1.3446999788,1.3477,0.6796,0.594,,45.88
2003-09-24,,1.6558,111.7,1.3519999981,1.3543,0.6784,0.595,,45.88
2003-09-23,,1.656,111.65,1.358700037,1.3561,0.6789,0.5949,,45.77
2003-09-22,,1.6472,111.95,1.3528000116,1.3474,0.681,0.5973,,45.77
2003-09-19,,1.6315,113.99,1.3668999672,1.3469,0.6727,0.5899,,45.98
2003-09-18,,1.6155,115.27,1.385800004,1.3644,0.6659,0.5834,,46
2003-09-17,,1.6044,115.99,1.3806999922,1.3667,0.6642,0.5813,,45.95
2003-09-16,,1.5871,116.27,,1.369,0.6618,0.584,,45.9
2003-09-15,,1.6018,117.41,,1.366,0.6665,0.5862,,45.8
2003-09-12,,1.6062,117.38,,1.363,0.6638,0.5833,,45.8
2003-09-11,,1.5937,117.07,,1.3709,0.6595,0.583,,45.72
2003-09-10,,1.5897,117.13,,1.3659,0.6575,0.5816,,45.82
2003-09-09,,1.5909,116.33,,1.3668,0.658,0.5839,,45.8
2003-09-08,,1.5858,116.48,,1.371,0.6502,0.5782,,45.85
2003-09-05,,1.5891,117.06,,1.3714,0.6468,0.5743,,45.88
2003-09-04,,1.5785,116.77,,1.3735,0.6395,0.5691,,45.8
2003-09-03,,1.5732,116.04,,1.3816,0.6405,0.5694,,45.9
2003-09-02,,1.574,116.15,,1.3876,0.6402,0.5672,,45.88
2003-08-29,,1.5773,116.71,,1.385,0.649,0.5785,,45.88
2003-08-28,,1.577,117.44,,1.3973,0.639,0.5695,,45.88
2003-08-27,,1.5746,117.74,,1.4022,0.6406,0.5715,,45.88
2003-08-26,,1.5732,117.49,,1.3933,0.6455,0.5773,,45.88
2003-08-25,,1.5728,117.43,,1.3985,0.6513,0.583,,45.9
2003-08-22,,1.5755,117.58,,1.41,0.6506,0.5848,,45.88
2003-08-21,,1.5845,117.58,,1.4067,0.6535,0.5848,,45.8
2003-08-20,,1.5922,118.23,,1.4028,0.6593,0.589,,45.88
2003-08-19,,1.5872,119.26,,1.401,0.6563,0.5851,,45.85
2003-08-18,,1.5891,119.43,,1.3913,0.6562,0.5862,,45.9
2003-08-15,,1.5958,119.24,,1.3873,0.6583,0.5898,,46
2003-08-14,,1.6,119.14,,1.3937,0.6562,0.5863,,46
2003-08-13,,1.6082,119.07,,1.3836,0.6572,0.588,,45.95
2003-08-12,,1.6028,118.53,,1.3852,0.6568,0.5874,,45.89
2003-08-11,,1.6068,118.36,,1.384,0.6586,0.5879,,45.99
2003-08-08,,1.608,119.02,,1.3935,0.6535,0.5827,,46.01
2003-08-07,,1.617,118.91,,1.3933,0.651,0.5815,,45.98
2003-08-06,,1.6081,120.33,,1.406,0.6465,0.5806,,46.05
2003-08-05,,1.6085,119.95,,1.4045,0.6466,0.5807,,46.14
2003-08-04,,1.608,120.47,,1.4065,0.6472,0.5816,,46.15
2003-08-01,,1.6045,120,,1.396,0.6538,0.5857,,46.18
2003-07-31,,1.609,120.42,,1.4074,0.6474,0.5789,,46.15
2003-07-30,,1.6167,120.55,,1.4002,0.6525,0.5834,,46.15
2003-07-29,,1.6225,119.78,,1.3857,0.6653,0.5911,,46.13
2003-07-28,,1.6272,119.42,,1.3827,0.6639,0.5872,,46.15
2003-07-25,,1.6198,118.82,,1.3813,0.6642,0.5882,,46.15
2003-07-24,,1.611,119.25,,1.3964,0.6648,0.5867,,46.15
2003-07-23,,1.609,118.77,,1.399,0.6597,0.5811,,46.16
2003-07-22,,1.5978,119.34,,1.4106,0.6505,0.575,,46.15
2003-07-21,,1.601,118.35,,1.4052,0.6518,0.5744,,46.27
2003-07-18,,1.5867,118.4,,1.4114,0.6454,0.5728,,46.29
2003-07-17,,1.5893,118.87,,1.3973,0.6517,0.582,,46.23
2003-07-16,,1.5952,118.24,,1.3874,0.6565,0.5855,,46.23
2003-07-15,,1.5986,117.24,,1.3927,0.6518,0.5831,,46.13
2003-07-14,,1.6238,117.54,,1.3739,0.66,0.5903,,46.06
2003-07-11,,1.6323,117.8,,1.3762,0.6607,0.5937,,46.1
2003-07-10,,1.6326,117.69,,1.3822,0.6587,0.5897,,46.21
2003-07-09,,1.6306,117.85,,1.3748,0.6545,0.5856,,46.24
2003-07-08,,1.6326,118.58,,1.3702,0.657,0.5862,,46.3
2003-07-07,,1.6515,118.08,,1.3486,0.6806,0.5992,,46.34
2003-07-03,,1.6718,118.24,,1.3368,0.6823,0.5958,,46.4
2003-07-02,,1.6646,118.63,,1.3368,0.6809,0.5958,,46.36
2003-07-01,,1.6626,119.45,,1.3492,0.676,0.5947,,46.49
2003-06-30,,1.6529,119.87,,1.3558,0.6713,0.5866,,46.4
2003-06-27,,1.6492,119.72,,1.3494,0.6655,0.5825,,46.4
2003-06-26,,1.664,119.32,,1.3542,0.6651,0.5825,,46.57
2003-06-25,,1.6787,117.54,,1.3428,0.6723,0.5881,,46.58
2003-06-24,,1.6607,117.96,,1.3614,0.6622,0.5846,,46.57
2003-06-23,,1.6682,117.55,,1.3561,0.6643,0.5854,,46.66
2003-06-20,,1.6644,118.39,,1.359,0.6675,0.5845,,46.57
2003-06-19,,1.674,118.74,,1.3508,0.6696,0.5825,,46.61
2003-06-18,,1.6798,118.4,,1.3348,0.6729,0.584,,46.62
2003-06-17,,1.684,118.2,,1.3393,0.6717,0.5851,,46.59
2003-06-16,,1.6815,117.79,,1.3397,0.6676,0.582,,46.66
2003-06-13,,1.6676,117.46,,1.3362,0.6671,0.5803,,46.7
2003-06-12,,1.6682,117.66,,1.3492,0.6652,0.579,,46.73
2003-06-11,,1.6675,117.69,,1.3523,0.6642,0.578,,46.7
2003-06-10,,1.6523,117.68,,1.3649,0.6565,0.5739,,46.79
2003-06-09,,1.6452,118.11,,1.3585,0.6583,0.5748,,46.87
2003-06-06,,1.6622,118.83,,1.354,0.6591,0.5772,,46.88
2003-06-05,,1.6597,117.61,,1.3404,0.6674,0.581,,46.84
2003-06-04,,1.6333,118.6,,1.3575,0.6657,0.5803,,46.85
2003-06-03,,1.6278,119.27,,1.3768,0.6599,0.579,,46.95
2003-06-02,,1.6372,118.52,,1.3696,0.6564,0.5802,,47.15
2003-05-30,,1.6393,119.5,,1.3712,0.6513,0.5759,,47.07
2003-05-29,,1.6484,118.45,,1.3769,0.6477,0.5758,,47.05
2003-05-28,,1.635,118.73,,1.3867,0.6479,0.5744,,46.98
2003-05-27,,1.64,117.12,,1.3754,0.6585,0.5834,,46.85
2003-05-23,,1.6376,116.89,,1.3783,0.6575,0.5825,,46.87
2003-05-22,,1.6346,117.25,,1.3679,0.6585,0.5829,,46.91
2003-05-21,,1.6415,117.23,,1.3498,0.6563,0.5835,,46.9
2003-05-20,,1.6393,116.77,,1.3446,0.6572,0.586,,46.95
2003-05-19,,1.6352,116.58,,1.3604,0.656,0.5855,,46.99
2003-05-16,,1.6241,116.01,,1.3672,0.6502,0.5775,,47.12
2003-05-15,,1.6262,115.94,,1.3757,0.6425,0.5726,,47.13
2003-05-14,,1.6163,116.16,,1.3786,0.6474,0.5755,,47.15
2003-05-13,,1.6092,116.56,,1.3898,0.6458,0.575,,47.15
2003-05-12,,1.6095,116.94,,1.3885,0.6482,0.5802,,47.18
2003-05-09,,1.6045,117.2,,1.393,0.6448,0.5764,,47.2
2003-05-08,,1.6034,116.65,,1.395,0.6424,0.5739,,47.25
2003-05-07,,1.593,116.51,,1.401,0.6362,0.5655,,47.28
2003-05-06,,1.614,117.94,,1.4085,0.6383,0.5705,,47.28
2003-05-05,,1.606,118.64,,1.4134,0.6343,0.5665,,47.3
2003-05-02,,1.602,119.1,,1.4221,0.6298,0.5627,,47.35
2003-05-01,,1.6103,118.56,,1.4191,0.6318,0.5616,,47.35
2003-04-30,,1.6,119.07,,1.4336,0.6262,0.56,,47.37
2003-04-29,,1.5904,120.14,,1.446,0.62,0.5567,8.2770004272,47.37
2003-04-28,,1.5906,120.34,,1.4504,0.6192,0.5564,8.2770004272,47.35
2003-04-25,,1.5915,120.25,,1.4535,0.6152,0.5535,8.2770004272,47.37
2003-04-24,,1.5971,119.83,,1.4579,0.6205,0.5553,8.2771997452,47.36
2003-04-23,,1.5815,120.33,,1.4512,0.6173,0.5575,8.2771997452,47.35
2003-04-22,,1.5768,119.68,,1.4473,0.6212,0.5612,8.2770004272,47.34
2003-04-21,,1.5592,120.55,,1.4547,0.614,0.5555,8.2769002914,47.38
2003-04-18,,1.5733,119.72,,1.45,0.6144,0.5565,,47.34
2003-04-17,,1.5748,119.3,,1.449,0.6147,0.5569,8.2770996094,47.34
2003-04-16,,1.574,120.04,,1.4563,0.6115,0.5575,8.2771997452,47.38
2003-04-15,,1.5705,120.2,,1.4515,0.6056,0.5514,8.2771997452,47.36
2003-04-14,,1.5713,120.3,,1.4533,0.6031,0.5467,8.2774000168,47.44
2003-04-11,,1.5713,120.47,,1.4519,0.6047,0.545,8.2771997452,47.38
2003-04-10,,1.5719,119.58,,1.457,0.6061,0.5464,8.277299881,47.4
2003-04-09,,1.5562,120.55,,1.4678,0.6032,0.5456,8.2774000168,47.45
2003-04-08,,1.5507,119.91,,1.4677,0.6004,0.5448,8.2771997452,47.46
2003-04-07,,1.55,120.41,,1.4843,0.597,0.5375,8.2771997452,47.44
2003-04-04,,1.5597,120.05,,1.472,0.601,0.5416,8.2770004272,47.44
2003-04-03,,1.5718,119.55,,1.476,0.5996,0.5483,8.2770004272,47.43
2003-04-02,,1.5659,119.17,,1.4762,0.5997,0.5497,8.2770004272,47.4
2003-04-01,,1.5767,118.25,,1.4729,0.6045,0.5545,8.2774000168,47.45
2003-03-31,,1.579,118.07,,1.4695,0.6045,0.5538,8.2774000168,47.53
2003-03-28,,1.5673,120.18,,1.468,0.6003,0.5497,8.2770996094,47.55
2003-03-27,,1.5676,119.78,,1.4673,0.6,0.5495,8.2771997452,47.59
2003-03-26,,1.5742,120.13,,1.4711,0.5972,0.5468,8.2774000168,47.64
2003-03-25,,1.5707,120.03,,1.477,0.5968,0.5512,8.2770996094,47.64
2003-03-24,,1.5748,120.69,,1.4805,0.5947,0.5514,8.277299881,47.68
2003-03-21,,1.566,121.42,,1.4905,0.5905,0.5482,8.2774000168,47.66
2003-03-20,,1.567,120.05,,1.4788,0.5935,0.5535,8.2770996094,47.75
2003-03-19,,1.5648,120.13,,1.4804,0.5913,0.5505,8.2771997452,47.72
2003-03-18,,1.5624,118.9,,1.4788,0.5927,0.548,8.2771997452,47.68
2003-03-17,,1.5682,118.45,,1.4835,0.5922,0.5486,8.2770996094,47.68
2003-03-14,,1.5821,118.59,,1.4822,0.5966,0.5511,8.2770996094,47.66
2003-03-13,,1.6057,118.31,,1.4855,0.5941,0.5467,8.2770004272,47.66
2003-03-12,,1.6129,117.18,,1.4728,0.5959,0.5504,8.2770004272,47.65
2003-03-11,,1.6038,117.07,,1.4725,0.604,0.5533,8.2770004272,47.64
2003-03-10,,1.6007,116.55,,1.4659,0.6157,0.5614,8.2771997452,47.7
2003-03-07,,1.602,116.47,,1.4665,0.6137,0.5612,8.277299881,47.8
2003-03-06,,1.6049,117.22,,1.4714,0.6142,0.5655,8.2775001526,47.63
2003-03-05,,1.6003,117.32,,1.4727,0.6161,0.5648,8.2777004242,47.8
2003-03-04,,1.582,117.96,,1.4775,0.6137,0.5612,,47.85
2003-03-03,,1.5755,117.93,,1.4853,0.6136,0.561,8.277299881,47.7
2003-02-28,,1.5737,118.22,,1.488,0.6075,0.558,8.2775001526,47.66
2003-02-27,,1.5798,117.58,,1.4954,0.6054,0.562,8.2774000168,47.66
2003-02-26,,1.5806,117.19,,1.4939,0.6075,0.5652,8.2777996063,47.67
2003-02-25,,1.5727,117.14,,1.4928,0.6053,0.5657,8.2777004242,47.74
2003-02-24,,1.586,117.78,,1.4944,0.6057,0.5654,8.2776002884,47.74
2003-02-21,,1.5864,118.78,,1.5052,0.5972,0.5582,8.2775001526,47.65
2003-02-20,,1.5925,118.18,,1.5047,0.5985,0.5577,8.2775001526,47.65
2003-02-19,,1.5957,118.65,,1.514,0.5943,0.5525,8.2776002884,47.7
2003-02-18,,1.5921,118.93,,1.515,0.5912,0.5507,8.2771997452,47.75
2003-02-17,,,,,,,,8.2774000168,
2003-02-14,,1.6105,120.41,,1.5191,0.5921,0.5517,8.2771997452,47.92
2003-02-13,,1.6209,120.49,,1.5199,0.596,0.5537,8.277299881,47.87
2003-02-12,,1.6155,121.3,,1.529,0.59,0.5492,,47.89
2003-02-11,,1.6193,121.19,,1.5303,0.5893,0.5489,8.2775001526,47.7
2003-02-10,,1.6275,121.25,,1.5315,0.5894,0.5488,8.277299881,47.69
2003-02-07,,1.6284,120.4,,1.5215,0.5903,0.5477,8.2769002914,47.72
2003-02-06,,1.6354,119.93,,1.5213,0.591,0.5484,8.2769002914,47.8
2003-02-05,,1.6455,119.78,,1.5195,0.5902,0.5487,8.2769002914,47.77
2003-02-04,,1.648,119.75,,1.5146,0.5906,0.5485,8.2769002914,47.82
2003-02-03,,1.6405,120.47,,1.5207,0.5843,0.5439,8.2769002914,47.8
2003-01-31,,1.6448,119.96,,1.5286,0.586,0.544,8.2769002914,47.83
2003-01-30,,1.6482,119.22,,1.531,0.5872,0.5449,8.276599884,47.85
2003-01-29,,1.6457,118.13,,1.5235,0.5908,0.5492,8.2767000198,47.83
2003-01-28,,1.64,118.67,,1.5359,0.5887,0.5472,8.2767000198,47.92
2003-01-27,,1.6351,118.64,,1.5246,0.5896,0.5492,8.2768001556,48.1
2003-01-24,,1.632,117.8,,1.522,0.5922,0.5502,8.2768001556,47.9
2003-01-23,,1.6233,117.83,,1.524,0.5908,0.5477,8.2770004272,47.92
2003-01-22,,1.6162,118.15,,1.5324,0.5862,0.5437,8.2770004272,47.93
2003-01-21,,1.6123,118.57,,1.5332,0.5867,0.5437,8.2770004272,47.97
2003-01-20,,,,,,,,8.2771997452,
2003-01-17,,1.6173,117.88,,1.5355,0.5909,0.5511,8.2770004272,47.96
2003-01-16,,1.6073,118.02,,1.5366,0.587,0.5431,8.2770004272,47.96
2003-01-15,,1.6029,117.91,,1.5353,0.5848,0.538,8.2770004272,47.97
2003-01-14,,1.607,117.96,,1.5396,0.5832,0.5382,8.2768001556,47.95
2003-01-13,,1.603,119.03,,1.5423,0.5833,0.5382,8.2768001556,47.96
2003-01-10,,1.6079,119.44,,1.5502,0.582,0.5359,8.276599884,48
2003-01-09,,1.6035,119.57,,1.5541,0.5765,0.5306,8.276599884,47.96
2003-01-08,,1.6063,119.35,,1.5613,0.5749,0.5301,8.276599884,48
2003-01-07,,1.6055,120.18,,1.559,0.5753,0.5312,8.2767000198,48
2003-01-06,,1.608,119.06,,1.5598,0.5762,0.5331,8.2768001556,48.01
2003-01-03,,1.6045,119.85,,1.5665,0.5655,0.5246,8.2768001556,48.03
2003-01-02,,1.5975,119.86,,1.575,0.5629,0.5222,8.2770004272,48.05
2002-12-31,,1.6095,118.75,,1.58,0.5625,0.5239,8.2770004272,48
2002-12-30,,1.6044,118.38,,1.5792,0.5636,0.5255,8.2774000168,47.96
2002-12-27,,1.6022,119.92,,1.5683,0.5608,0.5182,8.2771997452,48.01
2002-12-26,,1.5978,120.12,,1.5532,0.5627,0.5174,,48.05
2002-12-24,,1.5958,120.27,,1.5482,0.563,0.5167,,48.04
2002-12-23,,1.587,120.77,,1.5508,0.5613,0.5152,8.2775001526,48.03
2002-12-20,,1.6015,120.52,,1.5525,0.5618,0.515,8.2775001526,48.03
2002-12-19,,1.5986,120.86,,1.5478,0.565,0.5165,8.277299881,48.11
2002-12-18,,1.6,121.12,,1.5538,0.565,0.5143,8.277299881,48.15
2002-12-17,,1.5963,121.27,,1.551,0.566,0.5174,8.277299881,48.16
2002-12-16,,1.5905,121.28,,1.5627,0.566,0.5135,8.2771997452,48.18
2002-12-13,,1.5896,120.71,,1.5603,0.5646,0.5136,8.2770004272,48.2
2002-12-12,,1.58,122.75,,1.555,0.5651,0.5095,8.2771997452,48.22
2002-12-11,,1.5744,123.46,,1.5562,0.5607,0.5022,8.2771997452,48.18
2002-12-10,,1.5699,123.66,,1.5612,0.5595,0.5033,8.2770004272,48.24
2002-12-09,,1.5785,123.36,,1.5615,0.563,0.5036,8.2775001526,48.24
2002-12-06,,1.573,123.69,,1.566,0.5603,0.5015,8.2771997452,48.24
2002-12-05,,1.5708,124.99,,1.5612,0.5614,0.5018,8.2770004272,48.27
2002-12-04,,1.5682,124.84,,1.5579,0.5604,0.5007,8.2771997452,48.23
2002-12-03,,1.5687,124.42,,1.5573,0.5589,0.4986,8.2770996094,48.28
2002-12-02,,1.5555,124.61,,1.5595,0.5591,0.4975,8.2771997452,48.32
2002-11-29,,1.5553,122.72,,1.5658,0.5601,0.498,8.2771997452,48.36
2002-11-28,,,,,,,,8.2771997452,
2002-11-27,,1.544,122.21,,1.575,0.5563,0.4925,8.2770996094,48.27
2002-11-26,,1.5485,121.89,,1.572,0.5597,0.495,8.2770004272,48.24
2002-11-25,,1.5667,122.32,,1.5735,0.559,0.4993,8.277299881,48.23
2002-11-22,,1.5778,122.84,,1.5804,0.5638,0.5025,8.277299881,48.22
2002-11-21,,1.5753,122.92,,1.5783,0.5622,0.503,8.2770004272,48.21
2002-11-20,,1.575,122.52,,1.584,0.5595,0.4974,8.2770004272,48.25
2002-11-19,,1.588,121.65,,1.5853,0.5583,0.4962,8.2771997452,48.23
2002-11-18,,1.579,121.15,,1.5903,0.5635,0.4975,8.277299881,48.23
2002-11-15,,1.579,120.37,,1.5815,0.5628,0.4998,8.277299881,48.23
2002-11-14,,1.5788,120.45,,1.5748,0.5626,0.4995,8.2771997452,48.29
2002-11-13,,1.585,120.28,,1.5765,0.5598,0.4956,8.2774000168,48.3
2002-11-12,,1.5879,119.57,,1.5739,0.561,0.4945,8.2770996094,48.3
2002-11-11,,,,,,,,8.2770004272,
2002-11-08,,1.5915,119.72,,1.5644,0.5658,0.498,8.2771997452,48.29
2002-11-07,,1.5796,121.26,,1.5528,0.566,0.4993,8.2770996094,48.34
2002-11-06,,1.559,122.22,,1.5586,0.5615,0.4951,8.2770996094,48.36
2002-11-05,,1.5625,121.84,,1.5563,0.5615,0.4962,8.2770004272,48.35
2002-11-04,,1.5545,122.46,,1.5562,0.561,0.4966,8.277299881,48.36
2002-11-01,,1.5638,122.16,,1.558,0.5595,0.492,8.2770996094,48.36
2002-10-31,,1.563,122.78,,1.561,0.5548,0.4856,8.2770004272,48.39
2002-10-30,,1.5568,122.91,,1.5677,0.5528,0.4825,8.2770996094,48.35
2002-10-29,,1.5585,122.55,,1.5632,0.5561,0.4853,8.2771997452,48.41
2002-10-28,,1.5602,123.64,,1.5607,0.5585,0.4893,8.277299881,48.45
2002-10-25,,1.5533,124.14,,1.5676,0.5545,0.4868,8.2771997452,48.41
2002-10-24,,1.5478,124.77,,1.561,0.555,0.4857,8.2770004272,48.42
2002-10-23,,1.5499,124.17,,1.5685,0.5526,0.4841,8.2769002914,48.35
2002-10-22,,1.5463,125.09,,1.568,0.5527,0.4847,8.2770004272,48.39
2002-10-21,,1.5418,124.71,,1.5682,0.553,0.4837,8.2768001556,48.38
2002-10-18,,1.5461,125.52,,1.5723,0.5498,0.4811,8.2767000198,48.44
2002-10-17,,1.5525,124.8,,1.5725,0.55,0.4812,8.2768001556,48.42
2002-10-16,,1.5543,124.3,,1.584,0.5487,0.4808,8.2767000198,48.41
2002-10-15,,1.5542,124.66,,1.5857,0.5467,0.4795,8.2767000198,48.36
2002-10-14,,,,,,,,8.2768001556,
2002-10-11,,1.5605,124.04,,1.5888,0.5485,0.4807,8.2769002914,48.36
2002-10-10,,1.5625,123.64,,1.5916,0.5473,0.4795,8.2770004272,48.38
2002-10-09,,1.5595,123.55,,1.5933,0.5485,0.4809,8.2770996094,48.34
2002-10-08,,1.5569,124.26,,1.5935,0.547,0.482,8.2669000626,48.39
2002-10-07,,1.5643,124.44,,1.5922,0.5497,0.4844,8.2669000626,48.35
2002-10-04,,1.569,123.02,,1.5943,0.5461,0.4784,8.2669000626,48.38
2002-10-03,,1.5704,123.04,,1.5903,0.5465,0.4777,,48.38
2002-10-02,,1.5655,123.21,,1.5855,0.5442,0.4743,8.2669000626,48.39
2002-10-01,,1.5708,122.73,,1.5863,0.5422,0.471,8.2669000626,48.39
2002-09-30,,1.57,121.74,,1.5863,0.5429,0.4698,8.2669000626,48.4
2002-09-27,,1.5548,122.86,,1.5777,0.544,0.4706,8.2669000626,48.4
2002-09-26,,1.5563,122.59,,1.5769,0.5443,0.4703,8.2669000626,48.43
2002-09-25,,1.5625,122.72,,1.5812,0.5445,0.4702,8.2669000626,48.43
2002-09-24,,1.5565,123.38,,1.5856,0.5445,0.4708,8.2669000626,48.42
2002-09-23,,1.5575,123.93,,1.5845,0.5447,0.4697,8.2669000626,48.44
2002-09-20,,1.5558,123.16,,1.573,0.5464,0.4707,8.2669000626,48.46
2002-09-19,,1.5545,121.48,,1.5727,0.551,0.4748,8.2669000626,48.44
2002-09-18,,1.5525,121.49,,1.5835,0.5485,0.4704,8.2669000626,48.43
2002-09-17,,1.5343,122.64,,1.5791,0.5474,0.4695,8.2769002914,48.45
2002-09-16,,1.544,122.17,,1.583,0.5487,0.471,8.2768001556,48.43
2002-09-13,,1.5585,121.5,,1.5858,0.5504,0.474,8.2768001556,48.47
2002-09-12,,1.5549,120.68,,1.5848,0.5518,0.474,8.2768001556,48.48
2002-09-11,,1.5492,120.64,,1.577,0.5476,0.4703,8.2770004272,48.48
2002-09-10,,1.5544,119.78,,1.5737,0.5468,0.47,8.2770004272,48.52
2002-09-09,,1.5585,118.85,,1.5662,0.5467,0.4692,8.2770004272,48.52
2002-09-06,,1.5597,118.48,,1.5637,0.5467,0.4702,8.2770004272,48.57
2002-09-05,,1.566,118.34,,1.5672,0.5419,0.4664,8.2771997452,48.5
2002-09-04,,1.5642,118.01,,1.5663,0.5443,0.4655,8.2770996094,48.48
2002-09-03,,1.5625,117.12,,1.5545,0.5465,0.4665,8.2770004272,48.5
2002-09-02,,,,,,,,8.2769002914,
2002-08-30,,1.5476,118.76,,1.5585,0.5495,0.4679,8.2768001556,48.52
2002-08-29,,1.5484,118.34,,1.5598,0.5517,0.4682,8.2767000198,48.54
2002-08-28,,1.5363,118.31,,1.5599,0.551,0.469,8.2768001556,48.6
2002-08-27,,1.5305,118.31,,1.5523,0.5534,0.4718,8.2767000198,48.53
2002-08-26,,1.5236,119.54,,1.5575,0.5442,0.4673,8.276599884,48.55
2002-08-23,,1.5215,119.53,,1.5563,0.5433,0.4662,8.2767000198,48.55
2002-08-22,,1.5192,119.85,,1.5566,0.5398,0.4639,8.276599884,48.55
2002-08-21,,1.5295,118.54,,1.5586,0.5444,0.4649,8.276599884,48.56
2002-08-20,,1.5266,118.84,,1.5716,0.5464,0.469,8.2768001556,48.59
2002-08-19,,1.5272,118.53,,1.5715,0.5422,0.4663,8.2767000198,48.61
2002-08-16,,1.5372,117.51,,1.5609,0.544,0.4667,8.2768001556,48.6
2002-08-15,,1.536,117.28,,1.5583,0.5443,0.4668,8.2768001556,48.63
2002-08-14,,1.5442,116.53,,1.5657,0.5375,0.4622,8.276599884,48.63
2002-08-13,,1.531,119.08,,1.5658,0.5381,0.4612,8.2767000198,48.62
2002-08-12,,1.5317,118.85,,1.5739,0.5392,0.4629,8.2768001556,48.64
2002-08-09,,1.5235,120.15,,1.5725,0.5354,0.4578,8.276599884,48.67
2002-08-08,,1.5278,121.04,,1.5818,0.5331,0.455,8.2767000198,48.68
2002-08-07,,1.5354,120.37,,1.5807,0.5363,0.4546,8.2769002914,48.7
2002-08-06,,1.5382,121.14,,1.5935,0.528,0.4505,8.2768001556,48.73
2002-08-05,,1.5665,119.26,,1.5963,0.5292,0.4573,8.2767000198,48.67
2002-08-02,,1.5709,118.98,,1.5885,0.5396,0.464,8.2768001556,48.68
2002-08-01,,1.5578,119.1,,1.5867,0.5387,0.4642,8.276599884,48.68
2002-07-31,,1.5625,119.77,,1.5845,0.5445,0.4685,8.2767000198,48.69
2002-07-30,,1.5725,119.9,,1.5735,0.5445,0.4701,8.276599884,48.74
2002-07-29,,1.557,119.87,,1.5725,0.541,0.4685,8.2767000198,48.76
2002-07-26,,1.5635,118.78,,1.588,0.537,0.463,8.2768001556,48.71
2002-07-25,,1.5754,116.87,,1.5725,0.5416,0.4672,8.2769002914,48.71
2002-07-24,,1.5745,116.33,,1.5765,0.5405,0.467,8.2769002914,48.7
2002-07-23,,1.5657,117.35,,1.5779,0.5454,0.4772,8.2770004272,48.72
2002-07-22,,1.58,116.22,,1.5562,0.5517,0.4838,8.2770004272,48.73
2002-07-19,,1.5785,115.73,,1.5386,0.5555,0.487,8.2769002914,48.75
2002-07-18,,1.5685,117.02,,1.544,0.552,0.4822,8.2768001556,48.82
2002-07-17,,1.5682,116.24,,1.5399,0.5516,0.4824,8.2769002914,48.81
2002-07-16,,1.5693,115.71,,1.5347,0.5583,0.486,8.2768001556,48.83
2002-07-15,,1.5656,116.06,,1.5365,0.5599,0.485,8.2768001556,48.85
2002-07-12,,1.55,116.73,,1.5299,0.5595,0.4842,8.2767000198,48.8
2002-07-11,,1.5545,116.62,,1.5223,0.5593,0.4855,8.2768001556,48.81
2002-07-10,,1.5483,117.94,,1.5203,0.5672,0.4903,8.276599884,48.82
2002-07-09,,1.5465,117.85,,1.5145,0.5688,0.4927,8.276599884,48.82
2002-07-08,,1.5348,118.66,,1.5208,0.5644,0.4905,8.2767000198,48.84
2002-07-05,,1.5206,120.19,,1.5247,0.5568,0.4858,8.276599884,48.86
2002-07-04,,,,,,,,8.2767000198,
2002-07-03,,1.5268,119.77,,1.529,0.5603,0.4895,8.2768001556,48.83
2002-07-02,,1.53,120.13,,1.5263,0.5623,0.4878,,48.87
2002-07-01,,1.5307,120.04,,1.519,0.5615,0.486,8.2770004272,48.86
2002-06-28,,1.5245,119.85,,1.519,0.5628,0.486,8.2770996094,48.91
2002-06-27,,1.5285,119.38,,1.5108,0.564,0.4897,8.2770996094,48.86
2002-06-26,,1.5217,119.83,,1.5211,0.5614,0.4842,8.2771997452,48.87
2002-06-25,,1.4999,121.9,,1.5218,0.5683,0.49,8.2770996094,48.93
2002-06-24,,1.5056,121.28,,1.5166,0.5737,0.495,8.2770004272,48.91
2002-06-21,,1.4987,121.23,,1.5232,0.5743,0.4962,8.2770996094,48.95
2002-06-20,,1.4982,123.33,,1.5319,0.5709,0.4908,8.2771997452,48.94
2002-06-19,,1.4873,124.04,,1.5415,0.5655,0.4873,8.2774000168,48.94
2002-06-18,,1.4868,124.56,,1.5443,0.5618,0.4862,8.2775001526,48.99
2002-06-17,,1.4782,124.37,,1.5474,0.5583,0.4834,8.277299881,49.02
2002-06-14,,1.4735,124.25,,1.5499,0.5603,0.4843,8.2769002914,49.03
2002-06-13,,1.4709,125.12,,1.5398,0.5688,0.4906,8.2769002914,49.04
2002-06-12,,1.4705,125.64,,1.5365,0.5715,0.4927,8.2769002914,49
2002-06-11,,1.4686,125.56,,1.5383,0.5683,0.4868,8.2768001556,49
2002-06-10,,1.461,124.6,,1.5385,0.5693,0.4874,8.2770004272,49.02
2002-06-07,,1.4604,124.49,,1.5321,0.5711,0.4882,8.2770004272,49.05
2002-06-06,,1.4593,124.34,,1.5325,0.5748,0.4897,8.2770004272,49.03
2002-06-05,,1.4574,124.4,,1.535,0.5722,0.4865,8.2769002914,49.05
2002-06-04,,1.4605,123.95,,1.5284,0.5744,0.4901,8.2768001556,49.07
2002-06-03,,1.4622,123.69,,1.5282,0.5714,0.486,8.2767000198,49.07
2002-05-31,,1.4625,124.13,,1.5275,0.566,0.479,8.2764997482,49.06
2002-05-30,,1.4655,123.08,,1.534,0.5645,0.4774,8.276599884,49.03
2002-05-29,,1.46,124.35,,1.5345,0.5625,0.476,8.276599884,49.01
2002-05-28,,1.4618,124.38,,1.5305,0.5615,0.4762,8.276599884,49.02
2002-05-27,,,,,,,,8.2769002914,
2002-05-24,,1.4577,124.71,,1.535,0.5558,0.4707,8.2770996094,49.02
2002-05-23,,1.4545,124.84,,1.5338,0.5585,0.4761,8.2770004272,49.07
2002-05-22,,1.4589,124.16,,1.5361,0.5584,0.4715,8.2770004272,49.01
2002-05-21,,1.4568,123.83,,1.5387,0.5553,0.467,8.2769002914,49.01
2002-05-20,,1.4588,125.64,,1.5415,0.5524,0.4655,8.2768001556,49.06
2002-05-17,,1.4602,126.03,,1.542,0.5522,0.4635,8.2769002914,49.04
2002-05-16,,1.4567,128.19,,1.555,0.5492,0.4612,8.2768001556,49.05
2002-05-15,,1.4558,127.92,,1.5563,0.548,0.4575,8.2769002914,49.04
2002-05-14,,1.4474,128.66,,1.559,0.5462,0.4554,8.2770004272,49.02
2002-05-13,,1.4588,127.69,,1.5585,0.546,0.4551,8.2769002914,49.03
2002-05-10,,1.4606,127.89,,1.5575,0.5445,0.4525,8.2770996094,49.02
2002-05-09,,1.4585,128.36,,1.5687,0.5424,0.4512,,48.99
2002-05-08,,1.4533,128.64,,1.5708,0.539,0.4479,8.2776002884,48.97
2002-05-07,,1.4675,127.8,,1.5705,0.5411,0.449,8.2775001526,48.99
2002-05-06,,1.4676,127.27,,1.5685,0.5393,0.4475,8.2775001526,48.97
2002-05-03,,1.4664,127.21,,1.565,0.5381,0.4475,8.277299881,49
2002-05-02,,1.4645,128.02,,1.5621,0.5365,0.4455,8.277299881,48.98
2002-05-01,,1.4621,127.45,,1.5579,0.5387,0.4478,,48.98
2002-04-30,,1.4565,128.45,,1.5681,0.5372,0.4472,8.277299881,48.98
2002-04-29,,1.4592,128.13,,1.5663,0.538,0.447,8.2770004272,49.01
2002-04-26,,1.4545,128.18,,1.5632,0.5427,0.4497,8.277299881,48.99
2002-04-25,,1.454,128.4,,1.5636,0.5442,0.4506,8.2774000168,49
2002-04-24,,1.448,129.76,,1.5685,0.5424,0.448,8.2774000168,49
2002-04-23,,1.4486,129.89,,1.5753,0.5392,0.4467,8.277299881,49.01
2002-04-22,,1.4488,129.9,,1.573,0.539,0.4463,8.2771997452,48.95
2002-04-19,,1.4472,130.5,,1.5723,0.539,0.4467,8.2775001526,48.92
2002-04-18,,1.4479,129.84,,1.5747,0.5387,0.4454,8.2771997452,48.93
2002-04-17,,1.4438,130.7,,1.5745,0.537,0.444,8.2771997452,48.96
2002-04-16,,1.4396,131.19,,1.5798,0.532,0.4397,8.2771997452,48.96
2002-04-15,,1.4372,131.95,,1.5892,0.5313,0.4403,8.2770996094,48.96
2002-04-12,,1.4371,132.09,,1.5879,0.5337,0.4422,8.2771997452,48.94
2002-04-11,,1.4382,131.55,,1.5879,0.5342,0.4426,8.277299881,48.93
2002-04-10,,1.4365,130.75,,1.593,0.5303,0.437,8.2770996094,48.91
2002-04-09,,1.4345,131.03,,1.5964,0.5274,0.4345,8.2769002914,48.92
2002-04-08,,1.431,131.27,,1.5941,0.527,0.4326,8.2770996094,48.91
2002-04-05,,1.435,131.73,,1.59,0.5306,0.4377,8.2770004272,48.86
2002-04-04,,1.4349,132.3,,1.593,0.5305,0.4397,8.2770996094,48.92
2002-04-03,,1.435,132.65,,1.589,0.5314,0.4394,,48.91
2002-04-02,,1.4358,133.4,,1.5934,0.5347,0.442,8.2771997452,48.85
2002-04-01,,1.4407,133.32,,1.5995,0.5347,0.4427,,48.83
2002-03-29,,1.425,132.7,,1.5958,0.5333,0.4405,,48.83
2002-03-28,,1.4242,132.61,,1.594,0.5336,0.4406,8.2774000168,48.83
2002-03-27,,1.4238,132.61,,1.5938,0.5275,0.4355,8.2771997452,48.83
2002-03-26,,1.427,132.78,,1.5925,0.5287,0.4365,8.2770996094,48.78
2002-03-25,,1.4255,133.46,,1.5858,0.5305,0.4387,8.2769002914,48.8
2002-03-22,,1.4263,132.88,,1.5767,0.5326,0.4397,8.2770004272,48.8
2002-03-21,,1.4287,131.86,,1.5808,0.5322,0.4408,8.2771997452,48.78
2002-03-20,,1.426,131.6,,1.5793,0.5308,0.4413,8.2774000168,48.76
2002-03-19,,1.4213,132.3,,1.5842,0.5235,0.4335,8.2775001526,48.76
2002-03-18,,1.4256,131.27,,1.588,0.5245,0.4355,8.277299881,48.74
2002-03-15,,1.4238,129.1,,1.5863,0.5257,0.4367,8.2775001526,48.73
2002-03-14,,1.42,128.94,,1.5943,0.5229,0.43,8.2770996094,48.77
2002-03-13,,1.4157,129.43,,1.5935,0.52,0.4295,,48.74
2002-03-12,,1.4146,128.67,,1.5858,0.5206,0.4293,8.2767000198,48.76
2002-03-11,,1.422,128.08,,1.5843,0.5212,0.428,8.2769002914,48.76
2002-03-08,,1.4227,128.21,,1.5857,0.5235,0.4305,8.2770996094,48.76
2002-03-07,,1.4245,127.07,,1.5823,0.5253,0.4301,8.2770996094,48.76
2002-03-06,,1.4238,130.85,,1.5835,0.5216,0.4285,8.276599884,48.71
2002-03-05,,1.4212,132.31,,1.5905,0.5207,0.426,8.2764997482,48.72
2002-03-04,,1.4228,132.2,,1.59,0.5202,0.4262,,48.72
2002-03-01,,1.419,133.35,,1.5955,0.5177,0.4225,8.276599884,48.76
2002-02-28,,1.4129,133.96,,1.6049,0.5167,0.4213,8.2764997482,48.76
2002-02-27,,1.4165,134.63,,1.6084,0.5158,0.4191,8.276599884,48.76
2002-02-26,,1.4225,134.35,,1.6112,0.5146,0.4185,8.2767000198,48.75
2002-02-25,,1.4263,133.89,,1.601,0.5132,0.4178,8.2764997482,48.82
2002-02-22,,1.4301,133.85,,1.5945,0.5133,0.4186,,48.79
2002-02-21,,1.4253,134.27,,1.5914,0.5169,0.4186,8.276599884,48.69
2002-02-20,,1.4269,133.76,,1.5905,0.5171,0.4204,8.2768001556,48.64
2002-02-19,,1.4302,133.45,,1.5885,0.5177,0.4209,8.2770004272,48.67
2002-02-18,,,,,,,,8.2768001556,
2002-02-15,,1.4315,132.76,,1.5908,0.5167,0.4223,8.2768001556,48.71
2002-02-14,,1.4285,132.26,,1.5919,0.5167,0.4205,8.2768001556,48.71
2002-02-13,,1.4298,133.23,,1.591,0.5087,0.4179,8.2768001556,48.9
2002-02-12,,1.4322,132.82,,1.5919,0.5087,0.4182,8.2768001556,48.69
2002-02-11,,1.4237,133.62,,1.5895,0.5125,0.4201,8.2768001556,48.75
2002-02-08,,1.4176,134.77,,1.597,0.5104,0.4179,8.2767000198,48.7
2002-02-07,,1.4117,133.49,,1.6037,0.507,0.4149,8.276599884,48.72
2002-02-06,,1.4138,133.72,,1.6042,0.5094,0.4183,8.2767000198,48.71
2002-02-05,,1.417,133.9,,1.5985,0.5087,0.4164,8.2764997482,48.69
2002-02-04,,1.4197,132.71,,1.5919,0.5105,0.417,8.276599884,48.61
2002-02-01,,1.4158,133.77,,1.5908,0.508,0.4173,8.276599884,48.55
2002-01-31,,1.412,134.06,,1.5915,0.5072,0.4167,8.2764997482,48.56
2002-01-30,,1.416,132.84,,1.591,0.506,0.4156,8.2764997482,48.53
2002-01-29,,1.4132,133.51,,1.5903,0.514,0.4228,8.276599884,48.43
2002-01-28,,1.4074,133.43,,1.6126,0.5166,0.422,8.2767000198,48.37
2002-01-25,,1.4096,134.47,,1.6083,0.5167,0.4235,8.2764997482,48.38
2002-01-24,,1.4229,134.64,,1.602,0.5195,0.4275,,48.35
2002-01-23,,1.4273,134.25,,1.604,0.5198,0.4288,8.2764997482,48.35
2002-01-22,,1.4295,133.98,,1.6084,0.5186,0.4299,,48.3
2002-01-21,,,,,,,,8.2768001556,
2002-01-18,,1.4365,132.64,,1.6128,0.515,0.4235,8.2767000198,48.27
2002-01-17,,1.4348,132.13,,1.611,0.5135,0.421,8.2768001556,48.31
2002-01-16,,1.4375,131.77,,1.5945,0.5155,0.4204,8.2767000198,48.3
2002-01-15,,1.445,131.14,,1.5899,0.5189,0.424,,48.31
2002-01-14,,1.4482,131.83,,1.5974,0.518,0.423,8.2767000198,48.36
2002-01-11,,1.4448,132.17,,1.5975,0.521,0.4238,,48.44
2002-01-10,,1.4433,132.61,,1.6012,0.5229,0.4264,8.276599884,48.41
2002-01-09,,1.4373,132.62,,1.5965,0.5237,0.4285,8.2767000198,48.32
2002-01-08,,1.4426,132.53,,1.5949,0.5238,0.4317,8.2767000198,48.3
2002-01-07,,1.4385,130.93,,1.5981,0.5183,0.4276,8.2768001556,48.28
2002-01-04,,1.4455,131.02,,1.5977,0.5194,0.4292,8.276599884,48.3
2002-01-03,,1.44,131.76,,1.597,0.5146,0.4253,,48.28
2002-01-02,,1.4451,132.02,,1.5974,0.5145,0.4229,8.276599884,48.27
2001-12-31,,1.4543,131.04,,1.5925,0.5117,0.4161,,48.27
2001-12-28,,1.4475,131.3,,1.5956,0.5112,0.4146,8.2767000198,48.29
2001-12-27,,1.454,131.47,,1.5954,0.5075,0.4143,8.276599884,48.21
2001-12-26,,1.449,130.79,,1.599,0.508,0.4157,,47.95
2001-12-24,,1.4385,129.9,,1.5945,0.5086,0.4155,,47.95
2001-12-21,,1.4385,129.48,,1.585,0.5075,0.4148,8.2767000198,47.85
2001-12-20,,1.4464,128.55,,1.5782,0.5047,0.4115,,47.83
2001-12-19,,1.4508,128.2,,1.5743,0.5132,0.4152,8.2767000198,47.8
2001-12-18,,1.4565,127.97,,1.5729,0.5157,0.4175,8.2768001556,47.86
2001-12-17,,1.4588,127.54,,1.5646,0.5176,0.4172,8.2769002914,47.86
2001-12-14,,1.4547,127.24,,1.5635,0.5186,0.4175,8.2768001556,47.86
2001-12-13,,1.4454,126.32,,1.5675,0.5179,0.419,8.2767000198,47.84
2001-12-12,,1.444,126.52,,1.5654,0.5201,0.42,,47.84
2001-12-11,,1.4365,126.23,,1.5781,0.5148,0.417,8.2768001556,47.85
2001-12-10,,1.4342,126.27,,1.5787,0.515,0.4148,8.2770004272,47.87
2001-12-07,,1.4315,125.66,,1.5725,0.5156,0.4146,8.2771997452,47.86
2001-12-06,,1.425,124.83,,1.5767,0.5182,0.4163,,47.9
2001-12-05,,1.4164,124.4,,1.5716,0.517,0.4145,8.2771997452,47.94
2001-12-04,,1.4216,124.28,,1.5729,0.5155,0.412,8.2770996094,47.93
2001-12-03,,1.4217,123.9,,1.5762,0.5183,0.4154,8.2770004272,47.93
2001-11-30,,1.4255,123.22,,1.5717,0.5203,0.4163,,47.98
2001-11-29,,1.4232,123.82,,1.5828,0.5176,0.4126,8.2774000168,48.01
2001-11-28,,1.4235,123.29,,1.5853,0.5213,0.4135,,47.99
2001-11-27,,1.4137,124.17,,1.5948,0.5217,0.4135,8.2770004272,48.08
2001-11-26,,1.4125,124.2,,1.6005,0.519,0.4126,8.2769002914,48.05
2001-11-23,,1.4095,124.44,,1.5981,0.517,0.4101,8.2769002914,48.1
2001-11-21,,1.4154,123.19,,1.6018,0.5162,0.4103,8.2769002914,48.03
2001-11-20,,1.418,122.62,,1.5933,0.5188,0.4147,8.2770004272,48.03
2001-11-19,,1.4107,123.27,,1.5849,0.5205,0.4148,8.2770996094,48
2001-11-16,,1.4278,122.67,,1.587,0.5203,0.414,8.2770996094,48.03
2001-11-15,,1.431,122.4,,1.587,0.518,0.4171,,48.03
2001-11-14,,1.4429,121.67,,1.5923,0.5186,0.4204,8.2767000198,48.11
2001-11-13,,1.4425,121.45,,1.5982,0.5199,0.4226,,48.11
2001-11-12,,,,,,,,8.2764997482,
2001-11-09,,1.4574,120.25,,1.6023,0.5145,0.4196,8.276599884,48.05
2001-11-08,,1.454,119.98,,1.598,0.5147,0.419,,48.07
2001-11-07,,1.465,121.05,,1.5935,0.5152,0.42,,48.04
2001-11-06,,1.4591,121.15,,1.5938,0.5131,0.4201,8.2767000198,48.04
2001-11-05,,1.457,121.72,,1.5958,0.5076,0.415,8.2768001556,48.02
2001-11-02,,1.4615,121.68,,1.5925,0.5077,0.4149,,48.04
2001-11-01,,1.462,121.87,,1.5913,0.5086,0.4142,8.2769002914,48.05
2001-10-31,,1.4534,122.54,,1.5905,0.503,0.4125,,48.04
2001-10-30,,1.4546,122.07,,1.5785,0.5058,0.4145,,48.03
2001-10-29,,1.4525,122.08,,1.575,0.5056,0.414,8.2770004272,48.02
2001-10-26,,1.4348,122.99,,1.575,0.5017,0.4123,8.2770004272,48.02
2001-10-25,,1.4306,122.72,,1.5775,0.5047,0.414,,48
2001-10-24,,1.4263,122.86,,1.5745,0.5076,0.4173,,48.08
2001-10-23,,1.4214,122.83,,1.5723,0.5087,0.4187,,48.03
2001-10-22,,1.4265,122.45,,1.5787,0.5073,0.4145,8.2770004272,48.05
2001-10-19,,1.4372,121.15,,1.5756,0.508,0.416,8.2768001556,48.08
2001-10-18,,1.444,121.18,,1.5763,0.5087,0.4169,8.2770004272,48.08
2001-10-17,,1.4505,121.05,,1.5687,0.5139,0.4205,,48.05
2001-10-16,,1.4478,121.27,,1.5621,0.5136,0.4187,8.2767000198,48.05
2001-10-15,,1.447,120.94,,1.5582,0.5135,0.4203,8.276599884,48.07
2001-10-12,,1.4518,120.93,,1.5659,0.5015,0.4138,,48.07
2001-10-11,,1.4415,121.57,,1.568,0.4985,0.413,,48.09
2001-10-10,,1.449,120.43,,1.5679,0.5016,0.4135,8.2768001556,48.09
2001-10-09,,1.4605,120.2,,1.5638,0.5009,0.4126,8.2769002914,48.17
2001-10-08,,,,,,,,8.2767000198,
2001-10-05,,1.4795,120.37,,1.5626,0.506,0.4135,8.2768001556,48.05
2001-10-04,,1.4774,120.63,,1.568,0.4975,0.4084,,48.04
2001-10-03,,1.4756,120.67,,1.5688,0.4971,0.4093,,47.96
2001-10-02,,1.4618,120.78,,1.5696,0.4953,0.4055,8.2768001556,48.03
2001-10-01,,1.4785,120.27,,1.5794,0.4923,0.4068,,48.03
2001-09-28,,1.4691,119.23,,1.5797,0.4946,0.4067,,47.9
2001-09-27,,1.4733,119.69,,1.5791,0.4866,0.3996,,47.91
2001-09-26,,1.4745,117.89,,1.5734,0.4891,0.4045,8.2769002914,47.91
2001-09-25,,1.4692,117.78,,1.5705,0.4939,0.4086,,48.91
2001-09-24,,1.4616,117.52,,1.5686,0.49,0.4032,8.2770004272,48.08
2001-09-21,,1.4547,116.73,,1.5707,0.4841,0.404,,48.08
2001-09-20,,1.4642,115.89,,1.5708,0.492,0.4112,,48.03
2001-09-19,,1.4714,117.3,,1.5711,0.4929,0.4108,,47.96
2001-09-18,,1.4635,117.32,,1.5708,0.4954,0.4108,,48.05
2001-09-17,,1.4661,117.59,,1.5686,0.5021,0.4123,8.2767000198,47.77
2001-09-14,,1.4678,117.38,,1.5641,0.5156,0.4244,,47.75
2001-09-13,,1.4697,118.81,,1.5681,0.5158,0.4228,,47.49
2001-09-12,,1.4666,119.53,,1.561,0.5161,0.4271,8.2769002914,47.39
2001-09-10,,1.4585,121.08,,1.5656,0.5135,0.4312,8.2767000198,47.38
2001-09-07,,1.4626,120.07,,1.568,0.5199,0.4349,,47.27
2001-09-06,,1.4561,120.95,,1.559,0.523,0.4355,8.2768001556,47.22
2001-09-05,,1.4553,120.76,,1.5603,0.5198,0.4321,,47.2
2001-09-04,,1.4444,119.49,,1.5535,0.5212,0.4315,8.2768001556,47.22
2001-09-03,,,,,,,,8.2770004272,
2001-08-31,,1.451,118.75,,1.5478,0.5277,0.4375,,47.17
2001-08-30,,1.4577,119.4,,1.546,0.533,0.442,,47.18
2001-08-29,,1.4515,119.79,,1.5462,0.53,0.4405,8.2769002914,47.16
2001-08-28,,1.4501,120.48,,1.5401,0.5292,0.4393,,47.19
2001-08-27,,1.443,120.12,,1.5423,0.5285,0.438,8.2770004272,47.19
2001-08-24,,1.4443,120.13,,1.5414,0.5311,0.4393,,47.17
2001-08-23,,1.4478,119.84,,1.5423,0.5338,0.4412,8.2768001556,47.17
2001-08-22,,1.4538,119.91,,1.5438,0.5362,0.4438,,47.18
2001-08-21,,1.4468,119.91,,1.549,0.5297,0.435,,47.18
2001-08-20,,1.4445,120.72,,1.5461,0.5323,0.437,8.2768001556,47.18
2001-08-17,,1.4465,120.37,,1.5428,0.5354,0.4405,8.2770004272,47.17
2001-08-16,,1.4438,120.11,,1.5314,0.5274,0.4353,8.2770996094,47.16
2001-08-15,,1.4379,119.92,,1.529,0.5268,0.4338,8.2770996094,47.16
2001-08-14,,1.4285,121.6,,1.5413,0.5196,0.43,8.2770996094,47.15
2001-08-13,,1.4217,122.46,,1.539,0.5174,0.4282,8.2768001556,47.17
2001-08-10,,1.4273,121.97,,1.5405,0.513,0.4252,8.2768001556,47.17
2001-08-09,,1.4218,123.03,,1.5395,0.5103,0.4228,8.277299881,47.18
2001-08-08,,1.4135,123.2,,1.5333,0.5185,0.4236,,47.19
2001-08-07,,1.4169,123.83,,1.5343,0.5155,0.4187,,47.11
2001-08-06,,1.4175,123.85,,1.5275,0.5166,0.4185,8.2770004272,47.16
2001-08-03,,1.4268,123.46,,1.5356,0.5176,0.419,,47.17
2001-08-02,,1.4295,123.72,,1.5417,0.519,0.4176,,47.11
2001-08-01,,1.433,124.87,,1.5358,0.5167,0.415,8.2769002914,47.16
2001-07-31,,1.4252,125,,1.531,0.508,0.4119,,47.18
2001-07-30,,1.426,125.18,,1.5305,0.5057,0.412,8.2767000198,47.19
2001-07-27,,1.4256,123.29,,1.5352,0.5064,0.4115,,47.19
2001-07-26,,1.4265,123.83,,1.5335,0.5072,0.4115,,47.2
2001-07-25,,1.428,123.64,,1.5381,0.5073,0.4117,,47.19
2001-07-24,,1.4223,124,,1.5383,0.508,0.4103,,47.11
2001-07-23,,1.4185,124.19,,1.545,0.5079,0.4091,8.2770004272,47.17
2001-07-20,,1.429,122.85,,1.545,0.5055,0.409,,47.17
2001-07-19,,1.419,123.61,,1.5418,0.5126,0.413,,47.16
2001-07-18,,1.416,124.35,,1.535,0.5142,0.4105,,47.12
2001-07-17,,1.4037,124.89,,1.54,0.5065,0.4055,,47.16
2001-07-16,,1.4011,125.44,,1.54,0.508,0.407,8.2767000198,47.2
2001-07-13,,1.3995,124.75,,1.5398,0.5074,0.4065,8.2767000198,47.21
2001-07-12,,1.4065,124.1,,1.528,0.5048,0.4048,,47.2
2001-07-11,,1.4121,124.06,,1.5255,0.507,0.4057,8.2769002914,47.21
2001-07-10,,1.4098,125.53,,1.5213,0.5106,0.406,,47.19
2001-07-09,,1.4081,125.43,,1.5203,0.5096,0.4049,8.2767000198,47.19
2001-07-06,,1.4106,125.85,,1.52,0.5083,0.4036,,47.17
2001-07-05,,1.3998,125.77,,1.5102,0.5147,0.4047,,47.18
2001-07-03,,1.4058,124.48,,1.5128,0.5162,0.407,,47.17
2001-07-02,,1.4168,124.22,,1.5153,0.5106,0.4047,8.2770004272,47.18
2001-06-29,,1.4077,124.73,,1.5175,0.51,0.4047,,47.09
2001-06-28,,1.407,124.63,,1.5233,0.511,0.4103,,47.06
2001-06-27,,1.419,124.25,,1.5176,0.5178,0.417,,47.04
2001-06-26,,1.4154,123.82,,1.5142,0.5198,0.4158,8.2768001556,47.07
2001-06-25,,1.413,124.02,,1.5195,0.5157,0.4137,8.2768001556,47.06
2001-06-22,,1.414,124.25,,1.5293,0.5168,0.4127,,47.04
2001-06-21,,1.4167,124.4,,1.5265,0.5178,0.4131,,47.05
2001-06-20,,1.3952,123.3,,1.531,0.5182,0.413,,47.01
2001-06-19,,1.4008,122.97,,1.5337,0.521,0.4137,,47.02
2001-06-18,,1.4034,123.2,,1.5336,0.5238,0.4151,,47.02
2001-06-15,,1.4056,122.97,,1.522,0.5257,0.4177,,47.05
2001-06-14,,1.4005,121.42,,1.5208,0.5261,0.4148,,47
2001-06-13,,1.3909,121.89,,1.5183,0.5276,0.4221,,47.09
2001-06-12,,1.3781,121.74,,1.5246,0.5237,0.4185,,47.08
2001-06-11,,1.373,122.02,,1.5162,0.5223,0.4176,,47.04
2001-06-08,,1.3817,120.6,,1.5215,0.5243,0.4182,,47.03
2001-06-07,,1.39,119.91,,1.521,0.5191,0.4179,,47
2001-06-06,,1.3906,120.35,,1.5248,0.5141,0.4112,,47.03
2001-06-05,,1.4113,120.27,,1.5328,0.5093,0.4103,,47
2001-06-04,,1.4123,119.5,,1.5347,0.5062,0.4085,,47.06
2001-06-01,,1.416,119.13,,1.5324,0.5084,0.4102,,47.05
2001-05-31,,1.4175,118.88,,1.5461,0.5068,0.4083,,47
2001-05-30,,1.4251,120.27,,1.5464,0.513,0.417,,47
2001-05-29,,1.4187,120.1,,1.5376,0.5166,0.4225,,47.02
2001-05-25,,1.4207,120.75,,1.5455,0.5193,0.4242,,47.02
2001-05-24,,1.4103,120.15,,1.5474,0.5175,0.4225,,47.02
2001-05-23,,1.4245,120.39,,1.5452,0.5188,0.4205,,47.02
2001-05-22,,1.4278,122.79,,1.5415,0.5231,0.4241,,47.06
2001-05-21,,1.438,122.91,,1.5325,0.529,0.427,,47
2001-05-18,,1.4333,123.67,,1.5328,0.5251,0.426,,46.98
2001-05-17,,1.431,122.68,,1.536,0.5273,0.426,,46.99
2001-05-16,,1.4293,123.59,,1.5405,0.5233,0.4222,,46.97
2001-05-15,,1.4236,123.26,,1.5493,0.5193,0.4187,,47.03
2001-05-14,,1.4176,123.12,,1.5541,0.518,0.4185,,47
2001-05-11,,1.4177,122.5,,1.5503,0.5207,0.4217,,46.85
2001-05-10,,1.4186,122.71,,1.5391,0.5241,0.4263,,46.88
2001-05-09,,1.4209,122.25,,1.5407,0.5222,0.4245,,46.85
2001-05-08,,1.4315,121.66,,1.5445,0.5182,0.421,,46.83
2001-05-07,,1.44,121.34,,1.5405,0.5186,0.421,,46.84
2001-05-04,,1.4362,121.05,,1.5353,0.5189,0.4216,,46.87
2001-05-03,,1.4322,121.19,,1.533,0.5187,0.4225,,46.87
2001-05-02,,1.4345,121.72,,1.531,0.5213,0.4235,,46.87
2001-05-01,,1.434,121.92,,1.5338,0.5177,0.4198,,46.87
2001-04-30,,1.4306,123.57,,1.536,0.5096,0.4128,,46.88
2001-04-27,,1.4362,123.76,,1.5417,0.5102,0.4125,,46.88
2001-04-26,,1.4378,123.13,,1.546,0.5065,0.4105,,46.78
2001-04-25,,1.4397,122.21,,1.5474,0.5045,0.4095,,46.88
2001-04-24,,1.4365,122.08,,1.549,0.5035,0.408,,46.88
2001-04-23,,1.4377,121.68,,1.546,0.5061,0.4105,,46.82
2001-04-20,,1.4428,122.52,,1.5425,0.5178,0.4158,,46.88
2001-04-19,,1.4366,121.87,,1.547,0.5085,0.4058,,46.88
2001-04-18,,1.4257,122.35,,1.5692,0.499,0.4045,,46.95
2001-04-17,,1.4287,123.67,,1.5575,0.5055,0.4053,,46.95
2001-04-16,,1.436,124.64,,1.5625,0.5105,0.409,,47.07
2001-04-13,,1.4354,124.15,,1.5627,0.5081,0.408,,46.89
2001-04-12,,1.4391,123.51,,1.56,0.5082,0.4073,,46.75
2001-04-11,,1.434,124.82,,1.5626,0.5025,0.4035,,46.75
2001-04-10,,1.436,124.48,,1.5555,0.4945,0.403,,46.6
2001-04-09,,1.447,124.85,,1.5635,0.4948,0.4043,,46.58
2001-04-06,,1.4383,124.03,,1.5615,0.4958,0.4046,,46.58
2001-04-05,,1.4266,124.33,,1.5788,0.4898,0.4038,,46.64
2001-04-04,,1.435,125.38,,1.5697,0.4893,0.4045,,46.6
2001-04-03,,1.4305,125.41,,1.579,0.486,0.403,,46.67
2001-04-02,,1.42,126.75,,1.575,0.4828,0.3993,,46.65
2001-03-30,,1.419,125.54,,1.5784,0.4881,0.4033,,46.85
2001-03-29,,1.4302,123.45,,1.5725,0.4921,0.4065,,46.66
2001-03-28,,1.4352,122.62,,1.5668,0.4936,0.4093,,46.65
2001-03-27,,1.429,122.99,,1.5693,0.4963,0.411,,46.65
2001-03-26,,1.4345,122.81,,1.5545,0.499,0.4145,,46.69
2001-03-23,,1.4292,122.64,,1.5667,0.4963,0.4167,,46.72
2001-03-22,,1.4223,123.84,,1.5742,0.4913,0.4137,,46.74
2001-03-21,,1.431,123.62,,1.573,0.4936,0.4145,,46.71
2001-03-20,,1.4285,122.73,,1.5611,0.4997,0.4182,,46.71
2001-03-19,,1.4237,122.57,,1.5698,0.4984,0.418,,46.72
2001-03-16,,1.4265,122.85,,1.5669,0.494,0.4135,,46.69
2001-03-15,,1.4436,122.23,,1.5595,0.4944,0.4119,,46.66
2001-03-14,,1.4497,120.97,,1.5528,0.4981,0.4162,,46.69
2001-03-13,,1.4513,120.2,,1.5477,0.5031,0.4157,,46.7
2001-03-12,,1.467,120.63,,1.5505,0.5096,0.4204,,46.57
2001-03-09,,1.4675,119.71,,1.548,0.5085,0.4195,,46.55
2001-03-08,,1.4667,119.51,,1.5497,0.5089,0.421,,46.56
2001-03-07,,1.4612,119.86,,1.5492,0.509,0.423,,46.57
2001-03-06,,1.4655,118.87,,1.5388,0.517,0.4308,,46.53
2001-03-05,,1.4687,119.08,,1.5475,0.5218,0.4327,,46.57
2001-03-02,,1.4725,119.06,,1.5489,0.5292,0.4375,,46.59
2001-03-01,,1.4553,117.33,,1.5465,0.5262,0.433,,46.59
2001-02-28,,1.4433,117.28,,1.532,0.5248,0.4303,,46.59
2001-02-27,,1.4405,116.2,,1.5261,0.5236,0.4318,,46.68
2001-02-26,,1.444,116.63,,1.5314,0.5213,0.4271,,46.66
2001-02-23,,1.447,116.15,,1.5378,0.5218,0.4305,,46.65
2001-02-22,,1.4447,116.53,,1.5378,0.5246,0.4302,,46.63
2001-02-21,,1.4385,116.45,,1.537,0.5234,0.4295,,46.65
2001-02-20,,1.4436,115.57,,1.5399,0.5224,0.4278,,46.66
2001-02-16,,1.4505,115.46,,1.5368,0.5305,0.4303,,46.55
2001-02-15,,1.449,115.67,,1.5275,0.524,0.425,,46.63
2001-02-14,,1.4578,116.65,,1.5287,0.5282,0.4287,,46.65
2001-02-13,,1.451,117.3,,1.5214,0.5337,0.434,,46.6
2001-02-12,,1.4513,117.62,,1.5205,0.5381,0.4364,,46.56
2001-02-09,,1.449,117.57,,1.509,0.5367,0.4385,,46.54
2001-02-08,,1.444,116.3,,1.5117,0.5361,0.4341,,46.46
2001-02-07,,1.4633,116.21,,1.511,0.5462,0.4436,,46.46
2001-02-06,,1.4585,114.88,,1.508,0.549,0.4431,,46.42
2001-02-05,,1.475,114.99,,1.505,0.5508,0.4422,,46.43
2001-02-02,,1.4692,115.65,,1.4933,0.5521,0.445,,46.44
2001-02-01,,1.4775,115.33,,1.4948,0.554,0.4477,,46.41
2001-01-31,,1.4613,116.39,,1.4995,0.548,0.4425,,46.44
2001-01-30,,1.4615,115.75,,1.4985,0.5474,0.441,,46.46
2001-01-29,,1.457,116.67,,1.501,0.5432,0.434,,46.5
2001-01-26,,1.459,117.16,,1.5066,0.5432,0.4354,,46.53
2001-01-25,,1.4605,116.91,,1.508,0.5451,0.4345,,46.54
2001-01-24,,1.4616,118.18,,1.5126,0.5449,0.4392,,46.42
2001-01-23,,1.4715,116.95,,1.5073,0.5528,0.4456,,46.39
2001-01-22,,1.465,116.62,,1.5072,0.5544,0.4467,,46.43
2001-01-19,,1.4683,117.23,,1.5155,0.557,0.4482,,46.43
2001-01-18,,1.4755,117.78,,1.5162,0.5562,0.4472,,46.45
2001-01-17,,1.4723,118.35,,1.5123,0.5514,0.444,,46.48
2001-01-16,,1.4675,117.28,,1.5037,0.5549,0.445,,46.55
2001-01-12,,1.4778,117.76,,1.4967,0.5557,0.4452,,47.47
2001-01-11,,1.4965,117.56,,1.4978,0.5595,0.4495,,46.68
2001-01-10,,1.491,116.26,,1.4993,0.5572,0.4447,,46.68
2001-01-09,,1.49,116.64,,1.4973,0.5628,0.4475,,46.68
2001-01-08,,1.4969,115.97,,1.4944,0.566,0.4505,,46.73
2001-01-05,,1.499,116.19,,1.5003,0.5712,0.4518,,46.76
2001-01-04,,1.493,115.47,,1.4985,0.5655,0.4457,,46.78
2001-01-03,,1.5045,114.26,,1.4982,0.5635,0.4463,,46.75
2001-01-02,,1.4977,114.73,,1.4963,0.5592,0.4432,,46.74
2000-12-29,,1.4955,114.35,,1.4995,0.556,0.4423,,46.75
2000-12-28,,1.4907,114.62,,1.5073,0.5522,0.4398,,46.75
2000-12-27,,1.4912,114.2,,1.511,0.559,0.4435,,46.73
2000-12-26,,1.48,113.62,,1.5099,0.5588,0.442,,46.75
2000-12-22,,1.4783,112.75,,1.5168,0.555,0.4405,,46.77
2000-12-21,,1.4707,112.18,,1.5185,0.5533,0.4384,,46.74
2000-12-20,,1.4737,112.58,,1.5215,0.5491,0.4356,,46.75
2000-12-19,,1.462,112.55,,1.522,0.5435,0.4292,,46.75
2000-12-18,,1.4677,112.06,,1.5254,0.5416,0.431,,46.79
2000-12-15,,1.4763,112.55,,1.5174,0.5458,0.4279,,46.8
2000-12-14,,1.4665,112.42,,1.5165,0.5397,0.4211,,46.8
2000-12-13,,1.451,112.4,,1.5205,0.538,0.4205,,46.8
2000-12-12,,1.448,111.5,,1.5249,0.542,0.4214,,46.78
2000-12-11,,1.4554,110.77,,1.5227,0.54,0.4227,,46.78
2000-12-08,,1.4442,111.29,,1.5205,0.5445,0.4274,,46.8
2000-12-07,,1.44,110.7,,1.5223,0.547,0.4272,,46.8
2000-12-06,,1.4365,110.42,,1.5323,0.5448,0.425,,46.78
2000-12-05,,1.441,111,,1.5438,0.5405,0.4209,,46.8
2000-12-04,,1.4523,111.07,,1.5458,0.5431,0.4216,,46.88
2000-12-01,,1.4373,111.15,,1.5389,0.5372,0.415,,46.89
2000-11-30,,1.421,110.93,,1.5355,0.5262,0.4092,,46.87
2000-11-29,,1.4209,111.28,,1.5405,0.5228,0.4042,,46.95
2000-11-28,,1.4182,110.23,,1.5371,0.5223,0.4057,,46.93
2000-11-27,,1.4155,110.7,,1.5348,0.5261,0.406,,46.9
2000-11-24,,1.3997,111.38,,1.5396,0.5215,0.3993,,46.91
2000-11-22,,1.4077,110.16,,1.5473,0.5194,0.3993,,46.86
2000-11-21,,1.416,110.29,,1.5553,0.5112,0.3932,,46.85
2000-11-20,,1.4222,109.79,,1.5592,0.5134,0.3972,,46.9
2000-11-17,,1.423,108.86,,1.56,0.519,0.4005,,46.82
2000-11-16,,1.4228,109.08,,1.5523,0.5183,0.397,,46.85
2000-11-15,,1.4257,108.75,,1.551,0.5203,0.3985,,46.83
2000-11-14,,1.4306,108.15,,1.5445,0.519,0.3958,,46.85
2000-11-13,,1.4388,107.7,,1.5472,0.5205,0.3958,,46.77
2000-11-10,,1.4305,107.83,,1.546,0.522,0.397,,46.78
2000-11-09,,1.4242,107.41,,1.5455,0.5252,0.3995,,46.75
2000-11-08,,1.4236,107.57,,1.5432,0.5264,0.3975,,46.72
2000-11-07,,1.431,107.3,,1.5315,0.528,0.3985,,46.7
2000-11-06,,1.432,107.34,,1.5305,0.528,0.3993,,46.64
2000-11-03,,1.4484,107.58,,1.5348,0.5249,0.396,,46.7
2000-11-02,,1.444,108.39,,1.5333,0.5208,0.3942,,46.85
2000-11-01,,1.4452,108.48,,1.5263,0.5227,0.3955,,46.82
2000-10-31,,1.4505,109.15,,1.5273,0.5181,0.3962,,46.9
2000-10-30,,1.453,108.99,,1.5311,0.5235,0.4035,,46.78
2000-10-27,,1.4517,108.75,,1.5275,0.5233,0.4025,,46.78
2000-10-26,,1.4313,108.36,,1.5187,0.5185,0.4,,46.7
2000-10-25,,1.4335,108.05,,1.5164,0.5191,0.3998,,46.7
2000-10-24,,1.449,108.08,,1.5118,0.5256,0.4027,,46.48
2000-10-23,,1.455,108.45,,1.508,0.5274,0.4015,,46.45
2000-10-20,,1.4448,109.04,,1.5119,0.528,0.4008,,46.4
2000-10-19,,1.4422,108.55,,1.5112,0.521,0.3945,,46.4
2000-10-18,,1.4464,107.78,,1.52,0.5187,0.392,,46.45
2000-10-17,,1.4426,108.15,,1.5184,0.5188,0.3937,,46.35
2000-10-16,,1.4455,108.3,,1.5195,0.523,0.395,,46.4
2000-10-13,,1.4597,107.67,,1.5135,0.5297,0.3982,,46.45
2000-10-12,,1.4735,107.58,,1.5085,0.532,0.3978,,46.3
2000-10-11,,1.462,107.63,,1.5043,0.536,0.4061,,46.35
2000-10-10,,1.4484,107.9,,1.5014,0.5339,0.4032,,46.25
2000-10-06,,1.4445,108.81,,1.5013,0.5339,0.402,,46.17
2000-10-05,,1.4502,109.3,,1.4954,0.535,0.401,,46.17
2000-10-04,,1.4558,109.29,,1.499,0.5365,0.403,,46.17
2000-10-03,,1.4565,108.66,,1.506,0.54,0.4047,,46.18
2000-10-02,,1.4675,108.81,,1.5108,0.545,0.4035,,46.1
2000-09-29,,1.4787,107.9,,1.507,0.5415,0.4075,,46.06
2000-09-28,,1.4635,107.59,,1.503,0.549,0.414,,46.05
2000-09-27,,1.4607,107.44,,1.4962,0.551,0.4147,,46.15
2000-09-26,,1.46,107.63,,1.488,0.5506,0.4142,,46.1
2000-09-25,,1.454,107.63,,1.489,0.549,0.4111,,46.16
2000-09-22,,1.4568,107.94,,1.4892,0.5455,0.4115,,46.18
2000-09-21,,1.428,106.5,,1.4873,0.5428,0.406,,46.09
2000-09-20,,1.4107,106.77,,1.4833,0.5372,0.4047,,46.3
2000-09-19,,1.408,107.02,,1.488,0.542,0.413,,46.45
2000-09-18,,1.4015,106.87,,1.4905,0.5417,0.4112,,46.15
2000-09-15,,1.4005,107.33,,1.4844,0.545,0.418,,45.85
2000-09-14,,1.406,107.25,,1.4869,0.549,0.4231,,45.8
2000-09-13,,1.4125,107.11,,1.4838,0.555,0.422,,45.7
2000-09-12,,1.402,106.93,,1.4825,0.5586,0.4262,,45.7
2000-09-11,,1.4123,105.97,,1.48,0.559,0.429,,45.65
2000-09-08,,1.4196,106.03,,1.4781,0.5557,0.4186,,45.73
2000-09-07,,1.438,105.1,,1.4777,0.5579,0.4172,,46.05
2000-09-06,,1.4455,106.08,,1.4843,0.5655,0.425,,45.65
2000-09-05,,1.4522,105.88,,1.4752,0.5699,0.4262,,45.74
2000-09-01,,1.4605,105.78,,1.4742,0.5765,0.4283,,45.8
2000-08-31,,1.4515,106.66,,1.472,0.5764,0.4268,,45.9
2000-08-30,,1.456,106.47,,1.4805,0.572,0.4267,,45.9
2000-08-29,,1.4616,106.2,,1.4868,0.5713,0.4295,,46
2000-08-28,,1.4716,106.45,,1.4845,0.5715,0.434,,45.83
2000-08-25,,1.4745,107.17,,1.4828,0.5737,0.4357,,46.05
2000-08-24,,1.4806,106.89,,1.4871,0.5725,0.4338,,46.05
2000-08-23,,1.4813,107.02,,1.4877,0.5708,0.4283,,45.9
2000-08-22,,1.4797,108.34,,1.4756,0.5802,0.4435,,45.75
2000-08-21,,1.49,108.53,,1.4765,0.589,0.45,,45.73
2000-08-18,,1.4895,108.43,,1.4747,0.5905,0.4498,,45.9
2000-08-17,,1.4992,108.48,,1.4759,0.5935,0.453,,45.95
2000-08-16,,1.4988,108.55,,1.4774,0.5897,0.451,,45.8
2000-08-15,,1.5056,109,,1.487,0.5831,0.4483,,45.8
2000-08-14,,1.506,109.52,,1.4847,0.581,0.4507,,45.85
2000-08-11,,1.504,108.68,,1.4839,0.5795,0.4486,,45.9
2000-08-10,,1.498,108.7,,1.4826,0.5818,0.4518,,45.9
2000-08-09,,1.4992,107.99,,1.4848,0.5786,0.4511,,45.7
2000-08-08,,1.5022,108.64,,1.4889,0.5868,0.4538,,45.8
2000-08-07,,1.507,108.99,,1.4875,0.5862,0.4542,,45.62
2000-08-04,,1.5022,108.54,,1.4889,0.5832,0.4545,,45.4
2000-08-03,,1.4947,108.36,,1.4844,0.5844,0.4548,,45.4
2000-08-02,,1.4926,108.77,,1.4813,0.583,0.4542,,45.4
2000-08-01,,1.4992,109.47,,1.4892,0.5805,0.4546,,45.15
2000-07-31,,1.4983,109.68,,1.488,0.5787,0.454,,45.15
2000-07-28,,1.5025,109.63,,1.4776,0.5872,0.4573,,44.96
2000-07-27,,1.5116,109.15,,1.4713,0.5891,0.4584,,44.95
2000-07-26,,1.5154,109.28,,1.4665,0.5904,0.4607,,44.98
2000-07-25,,1.519,109.3,,1.4653,0.5849,0.4597,,44.95
2000-07-24,,1.514,108.92,,1.4639,0.586,0.4597,,44.77
2000-07-21,,1.5167,109.08,,1.4715,0.5865,0.463,,44.8
2000-07-20,,1.5094,107.89,,1.4748,0.5816,0.4609,,45.02
2000-07-19,,1.4942,108.2,,1.4758,0.575,0.454,,44.85
2000-07-18,,1.4945,108.3,,1.4783,0.5844,0.4576,,44.83
2000-07-17,,1.492,108.53,,1.4813,0.5855,0.4579,,44.74
2000-07-14,,1.499,107.88,,1.4845,0.5847,0.4612,,44.78
2000-07-13,,1.499,108.27,,1.4809,0.5855,0.4597,,44.78
2000-07-12,,1.5068,108.36,,1.4815,0.589,0.4595,,44.75
2000-07-11,,1.514,106.93,,1.4785,0.5891,0.4597,,44.75
2000-07-10,,1.5137,107.1,,1.4798,0.5912,0.4611,,44.75
2000-07-07,,1.5143,107.81,,1.481,0.5901,0.4605,,44.78
2000-07-06,,1.512,107.37,,1.485,0.5909,0.4605,,44.81
2000-07-05,,1.512,106.91,,1.4909,0.5907,0.4608,,44.69
2000-07-03,,1.5135,105.64,,1.4793,0.5996,0.4675,,44.72
2000-06-30,,1.513,106.14,,1.4798,0.5971,0.469,,44.7
2000-06-29,,1.5194,105.09,,1.482,0.6029,0.4692,,44.73
2000-06-28,,1.5107,105.51,,1.4838,0.6023,0.465,,44.72
2000-06-27,,1.5,105.53,,1.4825,0.6012,0.472,,44.7
2000-06-26,,1.499,105.66,,1.483,0.5965,0.4695,,44.75
2000-06-23,,1.501,104.59,,1.4793,0.5964,0.4715,,44.75
2000-06-22,,1.511,104.4,,1.4725,0.5993,0.4728,,44.7
2000-06-21,,1.497,105.5,,1.4729,0.6026,0.4752,,44.7
2000-06-20,,1.51,105.42,,1.4708,0.6037,0.4751,,44.75
2000-06-19,,1.5154,105.74,,1.4657,0.6024,0.473,,44.85
2000-06-16,,1.5165,106.22,,1.4708,0.6083,0.4785,,44.83
2000-06-15,,1.5103,106.52,,1.4758,0.6015,0.469,,44.8
2000-06-14,,1.5023,106.89,,1.4695,0.6007,0.4757,,44.72
2000-06-13,,1.513,106.79,,1.4697,0.5973,0.472,,44.8
2000-06-12,,1.512,106.65,,1.4765,0.5912,0.4707,,44.85
2000-06-09,,1.5079,106.78,,1.4765,0.5864,0.468,,44.85
2000-06-08,,1.506,105.86,,1.48,0.5878,0.4685,,44.85
2000-06-07,,1.5225,105.5,,1.4785,0.59,0.472,,44.83
2000-06-06,,1.5235,105.64,,1.478,0.5887,0.4738,,44.75
2000-06-05,,1.5135,107.44,,1.4779,0.5812,0.4675,,44.75
2000-06-02,,1.5079,108.15,,1.4785,0.579,0.4664,,44.7
2000-06-01,,1.4915,108.74,,1.491,0.5721,0.4561,,44.65
2000-05-31,,1.4968,107.74,,1.4977,0.5708,0.4572,,44.65
2000-05-30,,1.495,106.44,,1.5036,0.5768,0.4601,,44.65
2000-05-26,,1.4875,107.18,,1.5045,0.5716,0.4585,,44.4
2000-05-25,,1.4705,107.48,,1.5057,0.57,0.4566,,44.2
2000-05-24,,1.4755,107.58,,1.5085,0.5713,0.454,,44.25
2000-05-23,,1.4728,106.72,,1.5036,0.5747,0.4587,,44.15
2000-05-22,,1.4907,107.02,,1.4983,0.574,0.4593,,44.02
2000-05-19,,1.4855,106.89,,1.4963,0.5728,0.4565,,44
2000-05-18,,1.4818,108.7,,1.5007,0.5703,0.4527,,44.03
2000-05-17,,1.4905,109.53,,1.4992,0.5685,0.461,,44.02
2000-05-16,,1.5008,109.75,,1.4862,0.5773,0.473,,44.05
2000-05-15,,1.5075,109.48,,1.4897,0.5739,0.4741,,44.44
2000-05-12,,1.5172,108.74,,1.4872,0.581,0.4795,,44.15
2000-05-11,,1.4997,108.47,,1.49,0.579,0.4777,,44.44
2000-05-10,,1.5153,109.33,,1.4955,0.5815,0.4775,,44.3
2000-05-09,,1.5315,109.61,,1.4945,0.5828,0.479,,43.7
2000-05-08,,1.531,109.03,,1.4927,0.587,0.4847,,43.7
2000-05-05,,1.5288,108.53,,1.498,0.5935,0.4893,,43.7
2000-05-04,,1.5435,108.17,,1.498,0.5914,0.4908,,43.67
2000-05-03,,1.5605,109.14,,1.4923,0.59,0.489,,43.73
2000-05-02,,1.559,108.63,,1.4857,0.5857,0.4859,,43.75
2000-05-01,,1.5558,108.89,,1.4783,0.58,0.4835,,43.67
2000-04-28,,1.556,107.98,,1.4818,0.5837,0.4855,,43.7
2000-04-27,,1.5748,106.36,,1.4792,0.5875,0.4858,,43.7
2000-04-26,,1.5795,106.46,,1.4758,0.589,0.4865,,43.7
2000-04-25,,1.5787,105.71,,1.4699,0.5956,0.4955,,43.7
2000-04-24,,1.58,105.66,,1.4763,0.5945,0.4946,,43.655
2000-04-21,,1.5785,105.88,,1.475,0.5925,0.4935,,43.7
2000-04-20,,1.5801,105.45,,1.4725,0.5931,0.495,,43.687
2000-04-19,,1.5777,104.94,,1.4761,0.5957,0.4985,,43.7
2000-04-18,,1.5764,104.59,,1.4837,0.5946,0.4953,,43.7
2000-04-17,,1.5853,104.19,,1.4855,0.5913,0.4945,,43.68
2000-04-14,,1.586,105.12,,1.4767,0.5972,0.4976,,43.75
2000-04-13,,1.5881,105.76,,1.4661,0.5963,0.4978,,43.7
2000-04-12,,1.5882,105.86,,1.4623,0.597,0.4975,,43.7
2000-04-11,,1.5873,106.95,,1.4635,0.5957,0.4984,,43.68
2000-04-10,,1.5828,106.37,,1.4615,0.5991,0.4985,,43.66
2000-04-07,,1.583,105.33,,1.4574,0.6003,0.5003,,43.67
2000-04-06,,1.58,104.78,,1.4515,0.6016,0.501,,43.65
2000-04-05,,1.59,105,,1.4548,0.6053,0.5033,,43.68
2000-04-04,,1.5965,105.33,,1.4531,0.6032,0.5007,,43.65
2000-04-03,,1.598,104.82,,1.4548,0.6073,0.4998,,43.632
2000-03-31,,1.5922,102.73,,1.4538,0.6062,0.496,,43.65
2000-03-30,,1.5922,105.53,,1.4557,0.6125,0.499,,43.65
2000-03-29,,1.587,105.6,,1.4555,0.6124,0.5015,,43.65
2000-03-28,,1.5872,105.9,,1.4541,0.6141,0.5025,,43.65
2000-03-27,,1.5855,107.13,,1.4605,0.6114,0.4932,,43.62
2000-03-24,,1.591,107.25,,1.465,0.6064,0.4883,,43.65
2000-03-23,,1.583,107.45,,1.4727,0.6041,0.4875,,43.65
2000-03-22,,1.5705,106.77,,1.472,0.6056,0.4876,,43.65
2000-03-21,,1.5725,106.91,,1.4662,0.61,0.4903,,43.59
2000-03-20,,1.5686,106.5,,1.4703,0.6065,0.4835,,43.63
2000-03-17,,1.5705,106.1,,1.4728,0.6067,0.4845,,43.65
2000-03-16,,1.5747,105.63,,1.4724,0.6107,0.4878,,43.58
2000-03-15,,1.573,105.58,,1.468,0.6125,0.4885,,43.65
2000-03-14,,1.5725,104.85,,1.4632,0.614,0.4904,,43.64
2000-03-13,,1.5782,105.32,,1.4614,0.6165,0.4933,,43.65
2000-03-10,,1.5793,106.27,,1.4575,0.6136,0.495,,43.65
2000-03-09,,1.5815,106.45,,1.457,0.6155,0.4917,,43.63
2000-03-08,,1.5855,106.89,,1.4592,0.6094,0.4875,,43.65
2000-03-07,,1.5772,106.2,,1.4527,0.6035,0.4836,,43.63
2000-03-06,,1.5732,107.74,,1.4555,0.6016,0.481,,43.63
2000-03-03,,1.581,107.8,,1.451,0.6082,0.4878,,43.65
2000-03-02,,1.5765,107.37,,1.4543,0.6077,0.4878,,43.65
2000-03-01,,1.5849,107.1,,1.447,0.6067,0.4853,,43.63
2000-02-29,,1.578,109.88,,1.4505,0.6155,0.4865,,43.65
2000-02-28,,1.5935,109.17,,1.4538,0.6116,0.4846,,43.68
2000-02-25,,1.5908,110.98,,1.4505,0.6175,0.4882,,43.65
2000-02-24,,1.5981,110.95,,1.4587,0.6144,0.4867,,43.65
2000-02-23,,1.6047,111.11,,1.4651,0.6196,0.4855,,43.68
2000-02-22,,1.6165,111.04,,1.4595,0.6257,0.4917,,43.65
2000-02-18,,1.5984,110.88,,1.4512,0.6292,0.4909,,43.68
2000-02-17,,1.605,110.27,,1.4522,0.632,0.4937,,43.68
2000-02-16,,1.604,109.38,,1.452,0.6301,0.4899,,43.75
2000-02-15,,1.595,108.75,,1.4585,0.63,0.487,,43.64
2000-02-14,,1.589,108.65,,1.4547,0.6279,0.4868,,43.65
2000-02-11,,1.5923,108.99,,1.4515,0.6282,0.4915,,43.65
2000-02-10,,1.6057,108.74,,1.45,0.632,0.4935,,43.58
2000-02-09,,1.6115,109.11,,1.4443,0.6345,0.492,,43.65
2000-02-08,,1.6105,109.59,,1.4473,0.6353,0.494,,43.63
2000-02-07,,1.5917,108.75,,1.4457,0.6339,0.4936,,43.64
2000-02-04,,1.5915,107.54,,1.4467,0.6315,0.493,,43.65
2000-02-03,,1.6025,107.92,,1.4417,0.6387,0.4967,,43.65
2000-02-02,,1.606,108.4,,1.4435,0.636,0.4898,,43.65
2000-02-01,,1.615,107.67,,1.4468,0.6315,0.4904,,43.62
2000-01-31,,1.6182,107.33,,1.4517,0.6382,0.4953,,43.65
2000-01-28,,1.621,107.15,,1.4495,0.6265,0.487,,43.65
2000-01-27,,1.6363,104.91,,1.435,0.655,0.5072,,43.63
2000-01-26,,1.6395,105.85,,1.4379,0.6505,0.506,,43.65
2000-01-25,,1.6482,105.87,,1.4389,0.6542,0.5068,,43.59
2000-01-24,,1.652,105.52,,1.44,0.6544,0.5061,,43.62
2000-01-21,,1.6504,104.96,,1.442,0.6621,0.5104,,43.6
2000-01-20,,1.6538,105.45,,1.4484,0.6666,0.5132,,43.6
2000-01-19,,1.6438,105.39,,1.4527,0.6634,0.5155,,43.6
2000-01-18,,1.638,105.49,,1.4502,0.664,0.517,,43.6
2000-01-14,,1.6353,105.86,,1.4497,0.6665,0.5212,,43.55
2000-01-13,,1.6482,106.09,,1.4495,0.6687,0.524,,43.55
2000-01-12,,1.6465,105.76,,1.455,0.6578,0.5185,,43.6
2000-01-11,,1.648,106.09,,1.457,0.6575,0.5164,,43.6
2000-01-10,,1.6374,105.28,,1.4568,0.6561,0.5168,,43.55
2000-01-07,,1.6384,105.17,,1.4505,0.6548,0.516,,43.55
2000-01-06,,1.6475,105.19,,1.4571,0.654,0.5145,,43.55
2000-01-05,,1.6415,103.77,,1.4518,0.655,0.5171,,43.55
2000-01-04,,1.637,103.09,,1.4518,0.6562,0.5198,,43.55
2000-01-03,,1.627,101.7,,1.4465,0.6591,0.5254,,43.55
1999-12-31,,1.615,102.16,,1.444,0.656,0.5234,,43.51
1999-12-30,,1.613,102.33,,1.4533,0.6539,0.5217,,43.55
1999-12-29,,1.6168,102.05,,1.4507,0.6503,0.5209,,43.55
1999-12-28,,1.6165,102.19,,1.4545,0.645,0.5171,,43.55
1999-12-27,,1.6173,102.1,,1.4623,0.6448,0.5175,,43.55
1999-12-24,,1.6154,102.95,,1.4685,0.6427,0.514,,43.55
1999-12-23,,1.6161,101.73,,1.4735,0.6453,0.516,,43.55
1999-12-22,,1.606,101.53,,1.4769,0.6436,0.5128,,43.55
1999-12-21,,1.6103,102.06,,1.4796,0.6433,0.5137,,43.55
1999-12-20,,1.6035,102.72,,1.48,0.6416,0.5048,,43.55
1999-12-17,,1.607,103.27,,1.4778,0.6426,0.507,,43.55
1999-12-16,,1.6123,103.04,,1.4785,0.6425,0.508,,43.55
1999-12-15,,1.6085,103.54,,1.4837,0.6357,0.4926,,43.54
1999-12-14,,1.611,103.47,,1.4823,0.6352,0.4948,,43.6
1999-12-13,,1.6232,103.26,,1.4796,0.633,0.4908,,43.57
1999-12-10,,1.6225,102.4,,1.4787,0.6365,0.4935,,43.5
1999-12-09,,1.623,102.57,,1.4745,0.6396,0.5071,,43.5
1999-12-08,,1.6255,102.97,,1.4794,0.638,0.5086,,43.5
1999-12-07,,1.6233,102.39,,1.475,0.6362,0.5068,,43.5
1999-12-06,,1.623,103.1,,1.4742,0.6348,0.5064,,43.43
1999-12-03,,1.6015,102.55,,1.4793,0.6332,0.5047,,43.45
1999-12-02,,1.5972,102.69,,1.4795,0.633,0.5078,,43.45
1999-12-01,,1.596,102.37,,1.475,0.6354,0.5101,,43.45
1999-11-30,,1.5935,101.8,,1.472,0.6371,0.5103,,43.48
1999-11-29,,1.6024,102.43,,1.4752,0.6368,0.512,,43.43
1999-11-26,,1.6062,102.19,,1.4685,0.6345,0.511,,43.48
1999-11-24,,1.609,104.62,,1.4685,0.6323,0.5102,,43.45
1999-11-23,,1.6236,104.2,,1.465,0.6356,0.511,,43.45
1999-11-22,,1.6205,104.87,,1.462,0.6376,0.5104,,43.45
1999-11-19,,1.616,106.13,,1.4628,0.639,0.5092,,43.46
1999-11-18,,1.615,105.85,,1.4635,0.6395,0.513,,43.45
1999-11-17,,1.6231,105.47,,1.4675,0.6394,0.5142,,43.45
1999-11-16,,1.6164,105.83,,1.4698,0.6417,0.5182,,43.47
1999-11-15,,1.623,104.88,,1.465,0.6467,0.5212,,43.45
1999-11-12,,1.6131,105.34,,1.462,0.6431,0.5156,,43.45
1999-11-10,,1.625,104.58,,1.4708,0.6402,0.5112,,43.45
1999-11-09,,1.621,104.86,,1.4735,0.6375,0.509,,43.46
1999-11-08,,1.615,105.77,,1.4683,0.6365,0.51,,43.46
1999-11-05,,1.6205,106.33,,1.463,0.6385,0.5125,,43.45
1999-11-04,,1.6375,104.48,,1.465,0.6383,0.5145,,43.45
1999-11-03,,1.644,105,,1.4688,0.6437,0.512,,43.46
1999-11-02,,1.6445,104.15,,1.469,0.6405,0.5095,,43.45
1999-11-01,,1.6404,104.19,,1.4684,0.6382,0.508,,43.51
1999-10-29,,1.6425,104.29,,1.472,0.6376,0.5068,,43.51
1999-10-28,,1.64,105.13,,1.4722,0.6457,0.5106,,43.51
1999-10-27,,1.6477,104.24,,1.4709,0.6436,0.5075,,43.52
1999-10-26,,1.6525,104.83,,1.4715,0.6503,0.5136,,43.4
1999-10-25,,1.6631,105.35,,1.4748,0.6508,0.515,,43.385
1999-10-22,,1.6584,105.81,,1.4759,0.6503,0.5156,,43.5
1999-10-21,,1.6765,105.96,,1.486,0.647,0.5147,,43.5
1999-10-20,,1.6643,106.16,,1.4905,0.6463,0.5133,,43.5
1999-10-19,,1.6708,105.5,,1.491,0.6486,0.511,,43.4
1999-10-18,,1.672,104.93,,1.4952,0.644,0.508,,43.52
1999-10-15,,1.6684,105.43,,1.4853,0.6475,0.5113,,43.56
1999-10-14,,1.6575,106.96,,1.4822,0.65,0.5108,,43.55
1999-10-13,,1.6532,107.45,,1.4815,0.649,0.5116,,43.56
1999-10-12,,1.6535,106.28,,1.4748,0.6555,0.5167,,43.55
1999-10-08,,1.652,107.38,,1.4739,0.654,0.5142,,43.55
1999-10-07,,1.652,107.67,,1.4725,0.6602,0.5187,,43.65
1999-10-06,,1.656,107.54,,1.4695,0.6605,0.5213,,43.7
1999-10-05,,1.6525,106.96,,1.4695,0.6633,0.5235,,43.73
1999-10-04,,1.6555,106.35,,1.4705,0.6607,0.5222,,43.73
1999-10-01,,1.655,105.08,,1.4725,0.654,0.5167,,43.73
1999-09-30,,1.6457,106.82,,1.4695,0.6528,0.517,,43.59
1999-09-29,,1.6425,106.8,,1.4645,0.653,0.5177,,43.7
1999-09-28,,1.6485,106.14,,1.4645,0.6555,0.513,,43.68
1999-09-27,,1.6455,106.07,,1.4713,0.6525,0.5155,,43.59
1999-09-24,,1.6428,104.14,,1.4739,0.6525,0.518,,43.59
1999-09-23,,1.6375,104.18,,1.4754,0.6482,0.5205,,43.59
1999-09-22,,1.6363,104.03,,1.4685,0.6513,0.5245,,43.58
1999-09-21,,1.631,104.85,,1.4725,0.647,0.5252,,43.63
1999-09-20,,1.623,106.42,,1.4785,0.6414,0.5215,,43.61
1999-09-17,,1.6222,106.94,,1.4742,0.6481,0.5272,,43.61
1999-09-16,,1.625,105.1,,1.478,0.6462,0.5241,,43.61
1999-09-15,,1.611,103.78,,1.4754,0.6487,0.5239,,43.6
1999-09-14,,1.6085,105.33,,1.4745,0.6545,0.5295,,43.6
1999-09-13,,1.609,106.19,,1.4703,0.6573,0.5355,,43.58
1999-09-10,,1.6183,109,,1.4747,0.652,0.533,,43.55
1999-09-09,,1.6332,108,,1.48,0.652,0.5315,,43.58
1999-09-08,,1.6185,110.99,,1.487,0.6486,0.5277,,43.57
1999-09-07,,1.6057,110.92,,1.4937,0.6465,0.527,,43.58
1999-09-03,,1.6028,110.09,,1.4909,0.6467,0.5186,,43.57
1999-09-02,,1.6091,109.24,,1.495,0.6447,0.5185,,43.6
1999-09-01,,1.6023,109.35,,1.4858,0.639,0.514,,43.55
1999-08-31,,1.6086,109.3,,1.4965,0.638,0.5168,,43.55
1999-08-30,,1.5875,111.13,,1.4925,0.6326,0.5128,,43.56
1999-08-27,,1.5885,111.68,,1.492,0.632,0.513,,43.53
1999-08-26,,1.5876,111.83,,1.5026,0.63,0.512,,43.55
1999-08-25,,1.5865,111.18,,1.496,0.6334,0.5158,,43.55
1999-08-24,,1.5946,111.53,,1.4955,0.637,0.527,,43.65
1999-08-23,,1.6076,111.73,,1.4955,0.6359,0.531,,43.53
1999-08-20,,1.6133,111.44,,1.4942,0.6393,0.5339,,43.59
1999-08-19,,1.618,111.14,,1.494,0.6365,0.5318,,43.59
1999-08-18,,1.6004,112.3,,1.4832,0.6468,0.5328,,43.55
1999-08-17,,1.6036,114.18,,1.4794,0.6485,0.5245,,43.54
1999-08-16,,1.6011,114.83,,1.4815,0.6497,0.5262,,43.5
1999-08-13,,1.6057,115.66,,1.478,0.6517,0.5302,,43.52
1999-08-12,,1.609,115.76,,1.4853,0.6495,0.5298,,43.5
1999-08-11,,1.6107,115.1,,1.4908,0.6485,0.5282,,43.47
1999-08-10,,1.618,114.44,,1.5,0.6512,0.5273,,43.45
1999-08-09,,1.6,115.37,,1.5026,0.65,0.52,,43.35
1999-08-06,,1.6147,114.6,,1.5035,0.6531,0.529,,43.48
1999-08-05,,1.6198,113.98,,1.4947,0.6545,0.5315,,43.45
1999-08-04,,1.62,114.2,,1.4898,0.6585,0.536,,43.4
1999-08-03,,1.6185,115.1,,1.4948,0.6535,0.5331,,43.38
1999-08-02,,1.6145,114.51,,1.5079,0.65,0.527,,43.38
1999-07-30,,1.6207,114.7,,1.507,0.6522,0.5308,,43.45
1999-07-29,,1.613,115.19,,1.5085,0.6495,0.5278,,43.43
1999-07-28,,1.5935,116.17,,1.511,0.6442,0.5235,,43.33
1999-07-27,,1.5895,116.23,,1.5135,0.6443,0.5233,,43.4
1999-07-26,,1.5905,116.66,,1.5102,0.6473,0.5265,,43.28
1999-07-23,,1.578,116.51,,1.5076,0.648,0.5305,,43.28
1999-07-22,,1.5835,117.27,,1.5025,0.6466,0.5268,,43.35
1999-07-21,,1.5766,118.25,,1.5011,0.6475,0.5276,,43.35
1999-07-20,,1.57,118.94,,1.4915,0.6483,0.5215,,43.26
1999-07-19,,1.563,119.18,,1.4918,0.6515,0.5203,,43.25
1999-07-16,,1.5622,120.98,,1.482,0.6602,0.5236,,43.35
1999-07-15,,1.5665,120.49,,1.4826,0.6626,0.5253,,43.26
1999-07-14,,1.5635,120.58,,1.4811,0.6592,0.5225,,43.35
1999-07-13,,1.5566,121.38,,1.4828,0.6593,0.5225,,43.35
1999-07-12,,1.5558,122.22,,1.4812,0.662,0.5245,,43.3
1999-07-09,,1.5515,122.37,,1.4735,0.6645,0.5265,,43.35
1999-07-08,,1.5577,122.57,,1.4698,0.6655,0.5243,,43.5
1999-07-07,,1.5602,122.19,,1.47,0.664,0.5255,,43.45
1999-07-06,,1.5688,121.94,,1.4685,0.6657,0.5295,,43.4
1999-07-02,,1.5792,121.13,,1.4645,0.6703,0.5335,,43.45
1999-07-01,,1.5765,120.99,,1.4693,0.6665,0.5325,,43.35
1999-06-30,,1.5765,120.94,,1.4735,0.6611,0.5295,,43.45
1999-06-29,,1.5781,120.81,,1.476,0.658,0.5309,,43.5
1999-06-28,,1.5822,121.3,,1.4695,0.658,0.533,,43.45
1999-06-25,,1.5893,121.28,,1.4642,0.6618,0.5349,,43.45
1999-06-24,,1.5833,121.83,,1.471,0.6582,0.5363,,43.45
1999-06-23,,1.5787,122.05,,1.4735,0.6568,0.5338,,43.27
1999-06-22,,1.5895,121.68,,1.4705,0.6535,0.531,,43.3
1999-06-21,,1.589,122.28,,1.4727,0.6508,0.5303,,43.17
1999-06-18,,1.5924,120.48,,1.4645,0.6533,0.5312,,43.16
1999-06-17,,1.5925,119.47,,1.461,0.6575,0.5348,,43.2
1999-06-16,,1.5862,120.03,,1.4585,0.6565,0.534,,43.2
1999-06-15,,1.595,120.63,,1.4653,0.658,0.5335,,43.45
1999-06-14,,1.6075,120.4,,1.4608,0.663,0.5385,,43.25
1999-06-11,,1.6085,118.14,,1.46,0.6643,0.5404,,43.06
1999-06-10,,1.6002,118.85,,1.462,0.6625,0.5355,,43.15
1999-06-09,,1.6001,119.2,,1.4723,0.6585,0.5328,,43.07
1999-06-08,,1.605,119.88,,1.47,0.6586,0.5305,,43.05
1999-06-07,,1.601,121.31,,1.4735,0.6583,0.5318,,43.05
1999-06-04,,1.6074,121.99,,1.4696,0.6555,0.532,,43
1999-06-03,,1.6055,121.5,,1.4768,0.6477,0.5248,,43
1999-06-02,,1.6075,121.14,,1.4805,0.6445,0.5256,,43
1999-06-01,,1.615,120.75,,1.483,0.6415,0.5292,,43
1999-05-28,,1.602,120.88,,1.4725,0.6528,0.5355,,43.17
1999-05-27,,1.5957,121.27,,1.4755,0.6485,0.5344,,43.45
1999-05-26,,1.5963,122.03,,1.472,0.6492,0.5335,,42.95
1999-05-25,,1.6021,122.88,,1.4603,0.658,0.5435,,42.8
1999-05-24,,1.5978,123.57,,1.4559,0.6595,0.5465,,42.8
1999-05-21,,1.602,123.9,,1.4595,0.6595,0.5449,,42.8
1999-05-20,,1.6122,124.15,,1.4658,0.661,0.548,,42.8
1999-05-19,,1.6175,124.45,,1.4661,0.6633,0.5519,,42.8
1999-05-18,,1.6203,123.24,,1.4607,0.6705,0.5618,,42.77
1999-05-17,,1.6193,123.27,,1.4605,0.6662,0.5592,,42.76
1999-05-14,,1.6175,122.64,,1.4635,0.6648,0.5578,,42.83
1999-05-13,,1.619,121.67,,1.4598,0.6679,0.5595,,42.8
1999-05-12,,1.6193,120.86,,1.4608,0.667,0.56,,42.8
1999-05-11,,1.6215,120.96,,1.4538,0.6712,0.5621,,42.8
1999-05-10,,1.63,120.68,,1.4605,0.6688,0.56,,42.8
1999-05-07,,1.635,120.78,,1.4585,0.6709,0.5599,,42.8
1999-05-06,,1.6377,120.77,,1.4555,0.669,0.5635,,42.8
1999-05-05,,1.6337,120.91,,1.4558,0.6614,0.5575,,42.8
1999-05-04,,1.621,120.94,,1.454,0.6625,0.5587,,42.8
1999-05-03,,1.6083,120.14,,1.4512,0.664,0.561,,42.85
1999-04-30,,1.6085,119.43,,1.4578,0.662,0.5605,,42.84
1999-04-29,,1.6105,119.26,,1.467,0.6583,0.5555,,42.86
1999-04-28,,1.6148,119.13,,1.477,0.6539,0.5512,,42.9
1999-04-27,,1.6177,120.23,,1.4788,0.6505,0.549,,42.91
1999-04-26,,1.6113,119.13,,1.4792,0.6488,0.5474,,42.9
1999-04-23,,1.617,119.26,,1.477,0.6516,0.548,,42.85
1999-04-22,,1.6117,119.84,,1.481,0.6507,0.5475,,42.81
1999-04-21,,1.6074,119.76,,1.4895,0.6469,0.5469,,42.9
1999-04-20,,1.6135,118.18,,1.492,0.6475,0.5485,,42.9
1999-04-19,,1.6075,117.99,,1.4833,0.6518,0.5483,,42.95
1999-04-16,,1.6112,117.86,,1.4865,0.6466,0.5455,,42.75
1999-04-15,,1.6103,119.04,,1.4908,0.6359,0.5398,,42.9
1999-04-14,,1.6124,118.89,,1.4929,0.6378,0.542,,42.85
1999-04-13,,1.6135,120.04,,1.4898,0.6365,0.5408,,42.9
1999-04-12,,1.6127,120.14,,1.4945,0.6343,0.5425,,42.77
1999-04-09,,1.6068,121.09,,1.5023,0.6296,0.5353,,42.78
1999-04-08,,1.6083,120.85,,1.4985,0.6244,0.53,,42.76
1999-04-07,,1.5975,121.34,,1.5005,0.6272,0.5311,,42.75
1999-04-06,,1.592,120.74,,1.5035,0.628,0.53,,42.75
1999-04-05,,1.6015,122,,1.4972,0.6315,0.5325,,42.5
1999-04-02,,1.6023,120.6,,1.4968,0.6345,0.5335,,42.5
1999-04-01,,1.6063,120.19,,1.5023,0.6354,0.5345,,42.5
1999-03-31,,1.614,118.43,,1.5092,0.634,0.534,,42.5
1999-03-30,,1.6115,120.1,,1.5125,0.627,0.5308,,42.5
1999-03-29,,1.614,119.78,,1.5125,0.6323,0.5336,,42.48
1999-03-26,,1.6205,120.3,,1.5135,0.6352,0.536,,42.5
1999-03-25,,1.6314,118.05,,1.5105,0.6363,0.5373,,42.5
1999-03-24,,1.641,117.35,,1.504,0.6394,0.5404,,42.5
1999-03-23,,1.6372,118.02,,1.5065,0.6382,0.5365,,42.5
1999-03-22,,1.628,118.14,,1.5078,0.6336,0.5334,,42.5
1999-03-19,,1.6303,117.05,,1.5158,0.6304,0.5307,,42.5
1999-03-18,,1.629,117.53,,1.5186,0.6301,0.532,,42.5
1999-03-17,,1.6302,118.15,,1.5222,0.6273,0.527,,42.5
1999-03-16,,1.624,117.74,,1.5285,0.626,0.5291,,42.5
1999-03-15,,1.6223,117.7,,1.5286,0.6315,0.5325,,42.5
1999-03-12,,1.6335,118.99,,1.5235,0.636,0.534,,42.52
1999-03-11,,1.627,119.57,,1.522,0.6365,0.534,,42.48
1999-03-10,,1.6267,119.84,,1.524,0.635,0.5352,,42.5
1999-03-09,,1.6148,121.4,,1.5169,0.6357,0.5346,,42.53
1999-03-08,,1.6085,121.73,,1.5145,0.6305,0.5325,,42.56
1999-03-05,,1.6073,122.57,,1.5167,0.6285,0.5315,,42.55
1999-03-04,,1.6065,123.5,,1.5255,0.6242,0.5278,,42.55
1999-03-03,,1.6134,121.68,,1.5268,0.623,0.5287,,42.58
1999-03-02,,1.6135,120.47,,1.52,0.6205,0.5281,,42.58
1999-03-01,,1.6058,119.79,,1.524,0.6179,0.5237,,42.54
1999-02-26,,1.6027,118.7,,1.509,0.6205,0.525,,42.83
1999-02-25,,1.606,119.26,,1.505,0.6272,0.5268,,42.6
1999-02-24,,1.598,121.9,,1.499,0.6315,0.531,,42.6
1999-02-23,,1.6138,121.45,,1.4975,0.6392,0.5373,,42.48
1999-02-22,,1.6238,120.35,,1.4972,0.64,0.542,,42.43
1999-02-19,,1.6255,121,,1.4905,0.6375,0.5412,,42.47
1999-02-18,,1.6338,119.82,,1.4873,0.635,0.5388,,42.51
1999-02-17,,1.6338,119.03,,1.4995,0.6336,0.5373,,42.5
1999-02-16,,1.6317,118.08,,1.5,0.638,0.5382,,42.51
1999-02-12,,1.6311,114.32,,1.4925,0.6463,0.5493,,42.6
1999-02-11,,1.6244,114.7,,1.4889,0.6495,0.5511,,42.51
1999-02-10,,1.629,114.45,,1.4943,0.6453,0.551,,42.45
1999-02-09,,1.6355,114.42,,1.4935,0.6468,0.5546,,42.5
1999-02-08,,1.638,114.38,,1.4875,0.652,0.5597,,42.5
1999-02-05,,1.637,113.14,,1.488,0.6517,0.5508,,42.5
1999-02-04,,1.6395,112.03,,1.493,0.649,0.5535,,42.52
1999-02-03,,1.6375,112.46,,1.5135,0.6415,0.55,,42.5
1999-02-02,,1.643,112.12,,1.5124,0.6401,0.545,,42.54
1999-02-01,,1.641,115.09,,1.5085,0.6336,0.543,,42.55
1999-01-29,,1.6457,116,,1.5095,0.6297,0.5387,,42.54
1999-01-28,,1.647,116.36,,1.5263,0.6258,0.5342,,42.55
1999-01-27,,1.6485,115.62,,1.5215,0.6273,0.536,,42.52
1999-01-26,,1.6585,114.03,,1.52,0.6305,0.5357,,42.52
1999-01-25,,1.6563,113.8,,1.5153,0.6309,0.5341,,42.55
1999-01-22,,1.656,114.65,,1.519,0.6348,0.5365,,42.55
1999-01-21,,1.6516,113.75,,1.5155,0.6396,0.5417,,42.54
1999-01-20,,1.6467,113.45,,1.5226,0.6398,0.54,,42.55
1999-01-19,,1.655,113.76,,1.5302,0.6385,0.5363,,42.55
1999-01-15,,1.65,114.19,,1.529,0.634,0.5405,,42.5
1999-01-14,,1.653,113.25,,1.5285,0.6315,0.539,,42.55
1999-01-13,,1.6493,113.46,,1.53,0.631,0.541,,42.53
1999-01-12,,1.6308,112.07,,1.5095,0.6401,0.5474,,42.55
1999-01-11,,1.6375,108.83,,1.5072,0.6395,0.5468,,42.55
1999-01-08,,1.6405,111.52,,1.5145,0.6326,0.54,,42.55
1999-01-07,,1.6495,111.69,,1.5117,0.634,0.5405,,42.55
1999-01-06,,1.6547,112.78,,1.511,0.6285,0.5385,,42.55
1999-01-05,,1.6566,111.15,,1.5213,0.6217,0.537,,42.56
1999-01-04,,1.6581,112.15,,1.5268,0.6182,0.534,,42.6
1998-12-31,,1.6628,113.08,,1.5375,0.6123,0.527,,42.52
1998-12-30,,1.6665,114.88,,1.5492,0.6129,0.5262,,42.58
1998-12-29,,1.6836,115.42,,1.552,0.6114,0.5243,,42.6
1998-12-28,,1.6745,115.88,,1.5525,0.607,0.52,,42.58
1998-12-24,,1.6723,116.24,,1.5515,0.611,0.5235,,42.6
1998-12-23,,1.6767,116.02,,1.5516,0.6114,0.5237,,42.55
1998-12-22,,1.6775,116.85,,1.553,0.6145,0.5183,,42.58
1998-12-21,,1.68,116.08,,1.5494,0.617,0.52,,42.58
1998-12-18,,1.6803,115.67,,1.5448,0.6211,0.5215,,42.6
1998-12-17,,1.675,116.33,,1.5422,0.6231,0.5248,,42.62
1998-12-16,,1.6765,115.68,,1.539,0.6187,0.522,,42.6
1998-12-15,,1.6853,116.73,,1.542,0.6235,0.5222,,42.6
1998-12-14,,1.6885,115.08,,1.5405,0.6204,0.521,,42.6
1998-12-11,,1.6835,116.78,,1.5422,0.6208,0.5225,,42.61
1998-12-10,,1.667,117.07,,1.5414,0.6195,0.5214,,42.61
1998-12-09,,1.658,118.08,,1.5435,0.6165,0.5155,,42.6
1998-12-08,,1.654,119.55,,1.5437,0.6155,0.5185,,42.62
1998-12-07,,1.653,119.63,,1.5374,0.6204,0.5214,,42.59
1998-12-04,,1.6615,119.35,,1.535,0.6175,0.5213,,42.58
1998-12-03,,1.6645,118.79,,1.5338,0.6245,0.5232,,42.56
1998-12-02,,1.6625,120.17,,1.5368,0.631,0.5275,,42.61
1998-12-01,,1.654,122.2,,1.533,0.6305,0.5245,,42.61
1998-11-30,,1.6485,123.21,,1.5235,0.628,0.527,,42.65
1998-11-27,,1.6522,123.24,,1.5366,0.6339,0.5285,,42.6
1998-11-25,,1.6613,121.8,,1.544,0.64,0.5315,,42.43
1998-11-24,,1.6582,120.85,,1.5486,0.6417,0.5338,,42.48
1998-11-23,,1.654,120.93,,1.5472,0.641,0.5325,,42.44
1998-11-20,,1.6542,120.32,,1.5452,0.6436,0.537,,42.45
1998-11-19,,1.6677,119.65,,1.55,0.6437,0.5412,,42.5
1998-11-18,,1.672,121.44,,1.5557,0.6457,0.539,,42.5
1998-11-17,,1.6775,121.3,,1.5487,0.6343,0.5345,,42.5
1998-11-16,,1.6755,119.7,,1.555,0.6385,0.5385,,42.41
1998-11-13,,1.6635,122.68,,1.5525,0.6392,0.5378,,42.39
1998-11-12,,1.6568,122.77,,1.5493,0.632,0.5295,,42.37
1998-11-10,,1.658,122.88,,1.546,0.6223,0.528,,42.33
1998-11-09,,1.6585,121.98,,1.535,0.6348,0.536,,42.32
1998-11-06,,1.658,118.73,,1.5315,0.634,0.5385,,42.3
1998-11-05,,1.663,117.45,,1.5175,0.632,0.5395,,42.39
1998-11-04,,1.6588,116.55,,1.5247,0.6286,0.5331,,42.33
1998-11-03,,1.6577,115.5,,1.524,0.6254,0.5303,,42.4
1998-11-02,,1.6652,114.52,,1.5325,0.6252,0.5305,,42.35
1998-10-30,,1.6735,116.45,,1.5432,0.625,0.5295,,42.45
1998-10-29,,1.6758,117.3,,1.5497,0.6231,0.5258,,42.45
1998-10-28,,1.672,117.56,,1.542,0.616,0.522,,42.35
1998-10-27,,1.6722,118.6,,1.5395,0.6154,0.5202,,42.4
1998-10-26,,1.683,118.84,,1.545,0.6165,0.5225,,42.4
1998-10-23,,1.69,118.06,,1.5445,0.6184,0.5253,,42.35
1998-10-22,,1.695,117.88,,1.5433,0.6253,0.5255,,42.32
1998-10-21,,1.7005,116.85,,1.555,0.6275,0.526,,42.34
1998-10-20,,1.706,118.09,,1.539,0.6285,0.5263,,42.34
1998-10-19,,1.6995,114.46,,1.549,0.6328,0.535,,42.35
1998-10-16,,1.703,115.45,,1.543,0.6327,0.5357,,42.35
1998-10-15,,1.7028,117.5,,1.5463,0.631,0.5312,,42.33
1998-10-14,,1.7055,119.27,,1.5465,0.6294,0.5395,,42.35
1998-10-13,,1.7015,118.85,,1.5485,0.6273,0.541,,42.4
1998-10-09,,1.703,117,,1.546,0.6162,0.5205,,42.4
1998-10-08,,1.7222,118.85,,1.5435,0.6183,0.5195,,42.4
1998-10-07,,1.6968,123.97,,1.5288,0.6178,0.5113,,42.4
1998-10-06,,1.6833,131.15,,1.552,0.5887,0.493,,42.45
1998-10-05,,1.6901,134.54,,1.557,0.594,0.4968,,42.5
1998-10-02,,1.7026,135.6,,1.5505,0.594,0.4987,,42.45
1998-10-01,,1.7045,135.75,,1.5364,0.597,0.503,,42.5
1998-09-30,,1.6995,136.59,,1.5262,0.593,0.5,,42.48
1998-09-29,,1.7068,133.9,,1.5012,0.5975,0.5025,,42.55
1998-09-28,,1.704,135.7,,1.5106,0.5863,0.4935,,42.56
1998-09-25,,1.7023,135.1,,1.5128,0.5911,0.4968,,42.55
1998-09-24,,1.6945,135.33,,1.512,0.5836,0.4939,,42.55
1998-09-23,,1.6798,136.45,,1.528,0.5781,0.4905,,42.63
1998-09-22,,1.6837,135.2,,1.5295,0.5855,0.496,,42.6
1998-09-21,,1.6845,133.4,,1.5267,0.5835,0.5005,,42.55
1998-09-18,,1.6835,132.63,,1.5295,0.5875,0.504,,42.585
1998-09-17,,1.684,131.88,,1.5255,0.5937,0.5093,,42.55
1998-09-16,,1.6758,134.92,,1.5038,0.5935,0.5075,,42.55
1998-09-15,,1.6742,133.05,,1.502,0.5945,0.514,,42.55
1998-09-14,,1.6775,133.22,,1.5164,0.5929,0.5136,,42.6
1998-09-11,,1.6847,131.05,,1.513,0.601,0.521,,42.57
1998-09-10,,1.6816,134.32,,1.5145,0.5966,0.5155,,42.6
1998-09-09,,1.662,136.45,,1.521,0.5875,0.5075,,42.6
1998-09-08,,1.6581,132.1,,1.5263,0.5897,0.5097,,42.6
1998-09-04,,1.672,133.99,,1.5265,0.5861,0.5062,,42.655
1998-09-03,,1.6762,134.82,,1.5395,0.581,0.5005,,42.6
1998-09-02,,1.6686,137.76,,1.5385,0.583,0.5035,,42.58
1998-09-01,,1.674,136.23,,1.5535,0.5805,0.5073,,42.65
1998-08-31,,1.676,140.9,,1.5745,0.572,0.495,,42.65
1998-08-28,,1.672,142.55,,1.5692,0.565,0.4928,,42.7
1998-08-27,,1.6405,142.2,,1.577,0.555,0.4838,,42.65
1998-08-26,,1.6385,144.43,,1.563,0.5682,0.4885,,42.55
1998-08-25,,1.6395,144.94,,1.5507,0.576,0.4912,,42.56
1998-08-24,,1.641,143.96,,1.5493,0.5792,0.491,,42.6
1998-08-21,,1.6363,144.94,,1.542,0.583,0.4925,,42.7
1998-08-20,,1.6275,142.6,,1.5305,0.5897,0.4985,,42.9
1998-08-19,,1.6227,143.85,,1.5335,0.594,0.5038,,43.6
1998-08-18,,1.6162,145.02,,1.5285,0.5938,0.5027,,43.4
1998-08-17,,1.6162,145.78,,1.5243,0.5925,0.5038,,43.28
1998-08-14,,1.6184,146.37,,1.5186,0.594,0.5038,,43.23
1998-08-13,,1.6265,145.05,,1.517,0.5975,0.5038,,43.05
1998-08-12,,1.629,146.09,,1.5152,0.5945,0.5027,,43.05
1998-08-11,,1.6295,147.14,,1.5213,0.5921,0.5013,,43
1998-08-10,,1.6328,146.54,,1.5177,0.5985,0.5069,,42.75
1998-08-07,,1.629,146.3,,1.5219,0.5991,0.509,,42.7
1998-08-06,,1.6332,144.6,,1.5282,0.604,0.5135,,42.56
1998-08-05,,1.636,144.38,,1.5155,0.609,0.5165,,42.6
1998-08-04,,1.633,144.84,,1.514,0.605,0.5135,,42.57
1998-08-03,,1.6245,145.8,,1.5155,0.6035,0.5095,,42.6
1998-07-31,,1.6349,144.65,,1.5112,0.607,0.5115,,42.6
1998-07-30,,1.6415,142.51,,1.5085,0.6145,0.5173,,42.62
1998-07-29,,1.644,142.46,,1.5039,0.6105,0.5135,,42.55
1998-07-28,,1.6485,141.75,,1.5023,0.6115,0.5138,,42.65
1998-07-27,,1.6565,142.24,,1.504,0.609,0.511,,42.6
1998-07-24,,1.6594,140.93,,1.4979,0.6196,0.5195,,42.632
1998-07-23,,1.6474,141.54,,1.4953,0.6168,0.517,,42.55
1998-07-22,,1.642,141.1,,1.4957,0.6211,0.5206,,42.47
1998-07-21,,1.643,140.39,,1.4923,0.6263,0.5251,,42.49
1998-07-20,,1.648,138.85,,1.488,0.6301,0.527,,42.55
1998-07-17,,1.6427,139.6,,1.4885,0.6267,0.527,,42.55
1998-07-16,,1.6387,140.25,,1.489,0.629,0.5267,,42.75
1998-07-15,,1.6337,140.67,,1.485,0.6234,0.5225,,42.75
1998-07-14,,1.6355,139.84,,1.479,0.6245,0.5255,,42.65
1998-07-13,,1.6412,140.98,,1.4786,0.6165,0.5173,,42.7
1998-07-10,,1.6325,141.05,,1.48,0.614,0.514,,42.6
1998-07-09,,1.6315,141.3,,1.4768,0.6125,0.5128,,42.75
1998-07-08,,1.6369,139.6,,1.4745,0.6165,0.5166,,42.75
1998-07-07,,1.6375,138.78,,1.4732,0.6195,0.5205,,42.6
1998-07-06,,1.6442,140.18,,1.473,0.6165,0.516,,42.56
1998-07-03,,1.6471,139.35,,1.4675,0.6185,0.5195,,42.6
1998-07-02,,1.6565,141.44,,1.4686,0.6115,0.5125,,42.75
1998-07-01,,1.6616,138.65,,1.4658,0.619,0.5175,,42.35
1998-06-30,,1.6695,138.29,,1.4717,0.6208,0.52,,42.5
1998-06-29,,1.6645,141.92,,1.4721,0.6075,0.5063,,42.59
1998-06-26,,1.6608,142.75,,1.4693,0.603,0.506,,42.9
1998-06-25,,1.6722,141.67,,1.4668,0.6054,0.5139,,42.85
1998-06-24,,1.6683,140.75,,1.47,0.6074,0.5166,,42.85
1998-06-23,,1.6641,139.13,,1.4698,0.6078,0.5085,,42.95
1998-06-22,,1.672,137.9,,1.4713,0.611,0.5176,,42.8
1998-06-19,,1.6735,134.2,,1.4695,0.627,0.5298,,42.6
1998-06-18,,1.6705,137.61,,1.469,0.6067,0.5175,,42.3
1998-06-17,,1.662,137.68,,1.4635,0.6081,0.5173,,42.25
1998-06-16,,1.6525,144.05,,1.4708,0.5925,0.4963,,42.35
1998-06-15,,1.6315,146.42,,1.474,0.5894,0.496,,42.4
1998-06-12,,1.6315,144.36,,1.4685,0.5925,0.5013,,42.2
1998-06-11,,1.6292,143.25,,1.4701,0.5867,0.4973,,42.45
1998-06-10,,1.6277,141.52,,1.4669,0.587,0.496,,42.45
1998-06-09,,1.6347,140.25,,1.4602,0.5955,0.508,,42.45
1998-06-08,,1.6324,140.58,,1.4592,0.5995,0.509,,41.86
1998-06-05,,1.6351,139.66,,1.4586,0.6005,0.513,,41.85
1998-06-04,,1.6395,138.4,,1.4558,0.611,0.5245,,41.95
1998-06-03,,1.6385,138.34,,1.453,0.6115,0.5245,,41.8
1998-06-02,,1.6388,138.97,,1.4543,0.6145,0.5235,,41.87
1998-06-01,,1.6392,139.57,,1.4568,0.615,0.528,,41.85
1998-05-29,,1.6308,138.5,,1.4571,0.626,0.5358,,41.75
1998-05-28,,1.6277,138.91,,1.4556,0.6219,0.5325,,42.35
1998-05-27,,1.6322,137.36,,1.4568,0.6215,0.533,,41.45
1998-05-26,,1.6365,137.38,,1.4549,0.6225,0.5335,,41.3
1998-05-22,,1.6318,135.77,,1.4496,0.6315,0.5355,,40.7
1998-05-21,,1.6305,135.65,,1.4475,0.6304,0.535,,40.546
1998-05-20,,1.6332,135.99,,1.4498,0.6255,0.5323,,40.53
1998-05-19,,1.6232,136.34,,1.4502,0.6236,0.5312,,40.572
1998-05-18,,1.6235,135.95,,1.4497,0.6221,0.5324,,40.57
1998-05-15,,1.6278,134.39,,1.4508,0.627,0.5352,,40.65
1998-05-14,,1.6306,134.23,,1.448,0.627,0.533,,40.65
1998-05-13,,1.6308,134.18,,1.4448,0.6276,0.5345,,39.85
1998-05-12,,1.6347,134,,1.4323,0.633,0.5365,,39.85
1998-05-11,,1.63,132.84,,1.4335,0.6371,0.541,,39.79
1998-05-08,,1.638,132.88,,1.4367,0.6355,0.5448,,39.805
1998-05-07,,1.6485,133.09,,1.44,0.6373,0.5437,,39.8
1998-05-06,,1.661,132.73,,1.4391,0.637,0.545,,39.84
1998-05-05,,1.6605,131.74,,1.439,0.6412,0.5515,,39.8
1998-05-04,,1.666,132.98,,1.435,0.645,0.5535,,39.75
1998-05-01,,1.6675,133.01,,1.434,0.652,0.5552,,39.82
1998-04-30,,1.6727,132.37,,1.4302,0.652,0.5555,,39.74
1998-04-29,,1.6702,132.05,,1.4376,0.6485,0.553,,39.78
1998-04-28,,1.6673,132.19,,1.439,0.644,0.5513,,39.805
1998-04-27,,1.6733,132.09,,1.4385,0.6473,0.5539,,39.75
1998-04-24,,1.6678,130.9,,1.436,0.6507,0.5595,,39.72
1998-04-23,,1.6665,130.19,,1.4345,0.6535,0.5615,,39.78
1998-04-22,,1.6718,130.77,,1.4327,0.6515,0.5593,,39.75
1998-04-21,,1.6762,131.33,,1.431,0.6487,0.5597,,39.8
1998-04-20,,1.6757,132.23,,1.428,0.6455,0.5545,,39.71
1998-04-17,,1.684,131.85,,1.4295,0.649,0.558,,39.73
1998-04-16,,1.691,131.78,,1.4369,0.65,0.5533,,39.74
1998-04-15,,1.683,129.45,,1.4395,0.649,0.5518,,39.72
1998-04-14,,1.684,129.35,,1.4345,0.647,0.549,,39.65
1998-04-13,,1.6668,129.52,,1.432,0.6553,0.552,,39.7
1998-04-10,,1.6718,128.96,,1.4266,0.6565,0.5536,,39.9
1998-04-09,,1.6725,130.21,,1.4251,0.655,0.5525,,39.8
1998-04-08,,1.6683,132.64,,1.4246,0.657,0.548,,39.409
1998-04-07,,1.6658,133.68,,1.4223,0.6597,0.5485,,39.74
1998-04-06,,1.6635,134.71,,1.4185,0.6595,0.5502,,39.58
1998-04-03,,1.6575,135.05,,1.421,0.6568,0.5512,,39.56
1998-04-02,,1.6665,133.5,,1.4195,0.6553,0.5493,,39.55
1998-04-01,,1.674,133.76,,1.4175,0.659,0.549,,39.55
1998-03-31,,1.6765,133.29,,1.418,0.6613,0.5524,,39.53
1998-03-30,,1.6775,132.16,,1.4225,0.6631,0.5536,,39.55
1998-03-27,,1.6825,130.17,,1.4147,0.674,0.562,,39.51
1998-03-26,,1.686,128.71,,1.412,0.6742,0.5637,,39.55
1998-03-25,,1.6739,128.76,,1.4103,0.67,0.5626,,39.6
1998-03-24,,1.6751,130.25,,1.4198,0.6716,0.5622,,39.58
1998-03-23,,1.679,130.28,,1.422,0.6655,0.561,,39.54
1998-03-20,,1.6643,130.34,,1.4182,0.6645,0.563,,39.55
1998-03-19,,1.6678,130.43,,1.418,0.6626,0.5633,,39.68
1998-03-18,,1.6711,130.17,,1.4189,0.6637,0.566,,39.65
1998-03-17,,1.6743,129.41,,1.4165,0.6715,0.5823,,39.55
1998-03-16,,1.6682,129.4,,1.4138,0.67,0.5825,,39.575
1998-03-13,,1.6658,128.23,,1.41,0.676,0.5862,,39.8
1998-03-12,,1.6561,129.25,,1.4113,0.6695,0.5807,,39.55
1998-03-11,,1.6467,129.3,,1.4075,0.667,0.5785,,39.53
1998-03-10,,1.6381,127.63,,1.414,0.668,0.5832,,39.55
1998-03-09,,1.6364,127.78,,1.4143,0.6672,0.5796,,39.455
1998-03-06,,1.6325,128.42,,1.4185,0.6675,0.578,,39.55
1998-03-05,,1.645,127.61,,1.4185,0.668,0.579,,39.54
1998-03-04,,1.646,126.79,,1.4222,0.6745,0.583,,39.54
1998-03-03,,1.6525,126.05,,1.4187,0.6796,0.587,,39.53
1998-03-02,,1.6472,125.38,,1.425,0.6825,0.5875,,39.6
1998-02-27,,1.6453,126.12,,1.4236,0.6785,0.584,,39.45
1998-02-26,,1.6448,127.72,,1.4205,0.6713,0.5772,,39.3
1998-02-25,,1.6484,128.62,,1.4232,0.6655,0.5761,,39.26
1998-02-24,,1.6455,128.15,,1.4218,0.6659,0.5762,,39.35
1998-02-23,,1.647,128.92,,1.4246,0.667,0.576,,39.3
1998-02-20,,1.6363,127.73,,1.4205,0.6716,0.5786,,39.39
1998-02-19,,1.6355,126.25,,1.4235,0.676,0.5852,,38.9
1998-02-18,,1.6395,126.35,,1.4355,0.6702,0.5793,,38.9
1998-02-17,,1.6312,126.87,,1.4405,0.6685,0.5795,,38.95
1998-02-13,,1.6345,125.37,,1.4431,0.6725,0.5824,,38.85
1998-02-12,,1.6379,123.78,,1.4383,0.677,0.5842,,38.85
1998-02-11,,1.6324,123.53,,1.4363,0.678,0.587,,38.79
1998-02-10,,1.623,123.47,,1.4295,0.6814,0.591,,38.9
1998-02-09,,1.6338,124.28,,1.4354,0.6725,0.5837,,38.56
1998-02-06,,1.6475,124.26,,1.4285,0.67,0.5823,,38.85
1998-02-05,,1.6545,123.31,,1.4388,0.6765,0.5863,,38.85
1998-02-04,,1.658,123.78,,1.4471,0.6812,0.5875,,38.85
1998-02-03,,1.6423,126.02,,1.4512,0.6825,0.5863,,38.9
1998-02-02,,1.638,126.65,,1.4529,0.6868,0.5915,,38.95
1998-01-30,,1.6325,127.1,,1.4562,0.6852,0.5865,,38.8
1998-01-29,,1.64,125.38,,1.4637,0.675,0.588,,38.8
1998-01-28,,1.643,125.26,,1.4568,0.681,0.594,,38.9
1998-01-27,,1.6474,126.02,,1.4545,0.6748,0.5933,,38.45
1998-01-26,,1.6525,126.64,,1.4498,0.6694,0.586,,38.41
1998-01-23,,1.6687,125.78,,1.4556,0.663,0.581,,38.85
1998-01-22,,1.6498,127.22,,1.4508,0.6596,0.5822,,38.9
1998-01-21,,1.6264,127.5,,1.4437,0.6595,0.5815,,38.9
1998-01-20,,1.6271,128.8,,1.439,0.6657,0.585,,39.2
1998-01-16,,1.6337,128.88,,1.4366,0.6614,0.5883,,40
1998-01-15,,1.63,130.41,,1.4369,0.6503,0.5787,,40.4
1998-01-14,,1.6301,131.43,,1.4348,0.647,0.577,,40.3
1998-01-13,,1.6345,131.72,,1.4362,0.6465,0.573,,40
1998-01-12,,1.6221,132.83,,1.4345,0.643,0.5705,,39.97
1998-01-09,,1.6165,131.52,,1.4255,0.647,0.5725,,39.95
1998-01-08,,1.6114,132.49,,1.4317,0.6353,0.5668,,39.8
1998-01-07,,1.6253,131.7,,1.4297,0.6415,0.5692,,39.76
1998-01-06,,1.6335,133.88,,1.431,0.6347,0.5655,,39.55
1998-01-05,,1.633,133.99,,1.4264,0.6418,0.569,,39.48
1998-01-02,,1.6417,132.4,,1.4255,0.65,0.577,,39.4
1997-12-31,,1.6427,130.45,,1.4288,0.6515,0.5803,,39.3
1997-12-30,,1.6552,130.05,,1.4365,0.6517,0.5823,,39.35
1997-12-29,,1.6683,130.05,,1.4398,0.654,0.5835,,39.16
1997-12-26,,1.6695,130.3,,1.4356,0.6559,0.584,,39.3
1997-12-24,,1.6675,130.06,,1.4355,0.6558,0.5848,,39
1997-12-23,,1.668,130,,1.4364,0.6565,0.5835,,39.01
1997-12-22,,1.6617,130.38,,1.4345,0.6523,0.5788,,39.06
1997-12-19,,1.6684,129.1,,1.4328,0.653,0.581,,40
1997-12-18,,1.6635,128.53,,1.4245,0.6565,0.5843,,40
1997-12-17,,1.6507,127,,1.4229,0.6605,0.587,,40
1997-12-16,,1.6326,130.87,,1.4237,0.649,0.579,,40
1997-12-15,,1.6333,131.08,,1.4212,0.6566,0.591,,39.575
1997-12-12,,1.6501,130.73,,1.4208,0.663,0.596,,39.6
1997-12-11,,1.6552,129.92,,1.4241,0.666,0.5955,,39.6
1997-12-10,,1.6495,129.09,,1.4242,0.6665,0.6,,39.15
1997-12-09,,1.6528,129.8,,1.4224,0.6675,0.597,,39.15
1997-12-08,,1.6472,130.5,,1.4223,0.6705,0.5986,,38.995
1997-12-05,,1.6585,130.2,,1.423,0.6712,0.6,,39
1997-12-04,,1.6705,129.4,,1.4227,0.6732,0.6027,,39.15
1997-12-03,,1.684,128.72,,1.418,0.676,0.605,,39.45
1997-12-02,,1.6817,128.77,,1.4218,0.677,0.6067,,39.5
1997-12-01,,1.6825,129.15,,1.4245,0.677,0.6092,,39.45
1997-11-28,,1.6885,127.74,,1.4245,0.6825,0.6164,,39.1
1997-11-26,,1.6735,127.51,,1.4245,0.6835,0.6182,,38.75
1997-11-25,,1.6805,127.45,,1.418,0.6865,0.619,,38.265
1997-11-24,,1.69,127.07,,1.421,0.6938,0.6233,,38.32
1997-11-21,,1.6892,125.85,,1.417,0.699,0.6255,,37.83
1997-11-20,,1.6925,126.81,,1.421,0.6882,0.6207,,37.54
1997-11-19,,1.6911,127.22,,1.4155,0.6892,0.622,,37.6
1997-11-18,,1.6955,125.85,,1.4145,0.699,0.628,,37.6
1997-11-17,,1.6931,125.85,,1.4149,0.6989,0.6274,,36.94
1997-11-14,,1.6931,126.78,,1.4127,0.696,0.6245,,36.8
1997-11-13,,1.701,125.93,,1.4082,0.6962,0.6255,,36.8
1997-11-12,,1.7035,126.1,,1.409,0.6935,0.6245,,36.76
1997-11-10,,1.6893,124.15,,1.4071,0.697,0.6275,,36.64
1997-11-07,,1.6905,123.97,,1.4095,0.694,0.624,,36.55
1997-11-06,,1.692,123.16,,1.4025,0.6978,0.6245,,36.5
1997-11-05,,1.6775,122.56,,1.4005,0.703,0.625,,36.4
1997-11-04,,1.6832,121.83,,1.4039,0.7045,0.6268,,36.4
1997-11-03,,1.6763,121.04,,1.4065,0.712,0.6328,,36.405
1997-10-31,,1.6786,120.39,,1.4099,0.703,0.6225,,36.39
1997-10-30,,1.6655,120.68,,1.4075,0.7008,0.6235,,36.32
1997-10-29,,1.6721,120.53,,1.4015,0.704,0.6265,,36.345
1997-10-28,,1.6756,119.7,,1.409,0.7025,0.627,,36.3
1997-10-27,,1.6548,121.87,,1.3981,0.691,0.6233,,36.34
1997-10-24,,1.6347,121.73,,1.392,0.7,0.621,,36.3
1997-10-23,,1.6317,121.67,,1.3895,0.7015,0.6225,,36.3
1997-10-22,,1.6338,120.71,,1.3915,0.706,0.6255,,36.2
1997-10-21,,1.6338,120.66,,1.389,0.723,0.6365,,36.25
1997-10-20,,1.6297,121.4,,1.385,0.7295,0.641,,36.25
1997-10-17,,1.6145,120.19,,1.386,0.7325,0.6412,,36.237
1997-10-16,,1.6187,119.87,,1.387,0.7386,0.645,,36.235
1997-10-15,,1.6235,121.31,,1.3865,0.7325,0.6445,,36.257
1997-10-14,,1.6197,121.75,,1.3826,0.7364,0.6459,,36.3
1997-10-10,,1.6207,120.13,,1.3795,0.736,0.646,,36.25
1997-10-09,,1.6245,121.18,,1.3747,0.7356,0.6443,,36.22
1997-10-08,,1.6208,121.09,,1.3727,0.7285,0.6415,,36.25
1997-10-07,,1.6195,122.01,,1.373,0.725,0.641,,36.25
1997-10-06,,1.613,121.93,,1.3718,0.7235,0.637,,36.2
1997-10-03,,1.613,121.93,,1.3713,0.7275,0.6415,,36.25
1997-10-02,,1.6135,121.8,,1.3747,0.7283,0.6427,,37
1997-10-01,,1.6145,120.8,,1.3791,0.728,0.6425,,36.2
1997-09-30,,1.6117,120.71,,1.3824,0.725,0.6398,,36.19
1997-09-29,,1.6142,121,,1.3848,0.719,0.6375,,36.227
1997-09-26,,1.61,120.87,,1.3839,0.7227,0.6412,,36.25
1997-09-25,,1.6279,121.3,,1.3842,0.7255,0.6413,,36.25
1997-09-24,,1.6103,120.4,,1.3875,0.7206,0.6385,,36.3
1997-09-23,,1.6115,121.53,,1.3903,0.7195,0.636,,36.4
1997-09-22,,1.6025,122.25,,1.389,0.7195,0.6347,,36.4
1997-09-19,,1.6112,121.93,,1.3902,0.7203,0.6335,,36.5
1997-09-18,,1.6137,121.98,,1.3911,0.7165,0.6305,,36.4
1997-09-17,,1.5985,120.99,,1.3888,0.7163,0.6363,,36.46
1997-09-16,,1.5941,121.1,,1.3914,0.7165,0.6337,,36.65
1997-09-15,,1.6042,120.4,,1.3922,0.7199,0.636,,36.46
1997-09-12,,1.6085,120.93,,1.3935,0.7215,0.634,,36.6
1997-09-11,,1.5968,119.58,,1.392,0.72,0.633,,36.65
1997-09-10,,1.589,119.26,,1.3852,0.727,0.6358,,36.47
1997-09-09,,1.5882,119.05,,1.3845,0.73,0.636,,36.66
1997-09-08,,1.5827,121.02,,1.383,0.73,0.6374,,36.56
1997-09-05,,1.592,121.09,,1.3824,0.7308,0.6361,,37
1997-09-04,,1.5855,120.72,,1.3858,0.7321,0.6378,,36.51
1997-09-03,,1.5846,121.03,,1.3837,0.7258,0.6342,,36.48
1997-09-02,,1.5897,121.55,,1.3845,0.7265,0.6335,,36.57
1997-08-29,,1.6203,120.65,,1.389,0.7345,0.6385,,36.48
1997-08-28,,1.6158,118.75,,1.3878,0.7365,0.6433,,36.45
1997-08-27,,1.6103,118.88,,1.3917,0.74,0.6435,,36.5
1997-08-26,,1.6121,118.32,,1.3951,0.7465,0.646,,36.5
1997-08-25,,1.6052,118.73,,1.3917,0.7463,0.6465,,36.6
1997-08-22,,1.6081,117.26,,1.3948,0.7482,0.647,,36.4
1997-08-21,,1.5905,117.78,,1.3955,0.7483,0.6403,,36.3
1997-08-20,,1.5923,118.08,,1.3939,0.7422,0.6403,,36.2
1997-08-19,,1.6035,118.45,,1.3951,0.7415,0.6443,,35.73
1997-08-18,,1.6088,117.81,,1.3887,0.7387,0.6435,,35.74
1997-08-15,,1.609,117.8,,1.3903,0.7428,0.6421,,35.81
1997-08-14,,1.5865,117.75,,1.3907,0.7427,0.6415,,35.74
1997-08-13,,1.5825,115.78,,1.3926,0.7445,0.6414,,35.732
1997-08-12,,1.5775,116.21,,1.3932,0.7381,0.638,,35.73
1997-08-11,,1.5902,115.85,,1.3933,0.7368,0.6418,,35.727
1997-08-08,,1.585,115.3,,1.3928,0.7337,0.6373,,35.74
1997-08-07,,1.5875,118.4,,1.3875,0.7333,0.6385,,35.727
1997-08-06,,1.6008,118.65,,1.3871,0.736,0.6393,,35.735
1997-08-05,,1.625,119.26,,1.3815,0.7392,0.6448,,35.737
1997-08-04,,1.6283,118.34,,1.3798,0.7385,0.643,,35.8
1997-08-01,,1.6348,118.47,,1.3891,0.7393,0.6433,,35.8
1997-07-31,,1.6388,118.37,,1.382,0.7451,0.6498,,35.72
1997-07-30,,1.621,118.33,,1.3813,0.7447,0.6502,,35.72
1997-07-29,,1.6275,118,,1.3855,0.745,0.6495,,35.737
1997-07-28,,1.6292,117.76,,1.3865,0.7345,0.641,,35.75
1997-07-25,,1.6628,116.75,,1.3848,0.7372,0.6525,,35.705
1997-07-24,,1.6729,115.95,,1.3832,0.7375,0.653,,35.71
1997-07-23,,1.6779,115.85,,1.3812,0.7366,0.6497,,35.71
1997-07-22,,1.6744,115.68,,1.3818,0.7396,0.6478,,35.71
1997-07-21,,1.6776,115.88,,1.3746,0.741,0.6534,,35.72
1997-07-18,,1.6761,115.46,,1.3746,0.743,0.6523,,35.71
1997-07-17,,1.675,116.13,,1.3781,0.7357,0.6557,,35.72
1997-07-16,,1.6745,116.28,,1.3736,0.7355,0.6592,,35.73
1997-07-15,,1.6765,115.87,,1.3708,0.7343,0.663,,35.73
1997-07-14,,1.6882,113.76,,1.369,0.736,0.6655,,35.75
1997-07-11,,1.6935,113.88,,1.3705,0.7404,0.6697,,35.73
1997-07-10,,1.6881,113.08,,1.3736,0.743,0.6724,,35.77
1997-07-09,,1.684,112.97,,1.373,0.745,0.673,,35.78
1997-07-08,,1.6885,112.76,,1.3745,0.747,0.6757,,35.8
1997-07-07,,1.687,112.6,,1.3762,0.7435,0.6745,,35.82
1997-07-03,,1.6885,113.46,,1.3736,0.7537,0.6775,,35.79
1997-07-02,,1.667,114.52,,1.377,0.7525,0.678,,35.8
1997-07-01,,1.6574,114.93,,1.3803,0.7529,0.678,,35.83
1997-06-30,,1.665,114.61,,1.381,0.755,0.679,,35.85
1997-06-27,,1.662,114.67,,1.3815,0.7455,0.6789,,35.83
1997-06-26,,1.666,113.23,,1.3817,0.7495,0.6872,,35.83
1997-06-25,,1.6625,113.95,,1.3948,0.7513,0.6848,,35.82
1997-06-24,,1.6643,114.8,,1.3916,0.7508,0.684,,35.84
1997-06-23,,1.6688,115.3,,1.3895,0.752,0.6827,,35.83
1997-06-20,,1.6537,114.62,,1.3925,0.7525,0.685,,35.83
1997-06-19,,1.648,114.09,,1.3882,0.7497,0.6867,,35.845
1997-06-18,,1.6384,113.5,,1.3873,0.7505,0.6895,,35.79
1997-06-17,,1.6385,113.35,,1.386,0.75,0.6894,,35.82
1997-06-16,,1.6357,113.49,,1.3845,0.7485,0.69,,35.83
1997-06-13,,1.637,113.5,,1.3804,0.7513,0.6895,,35.83
1997-06-12,,1.6352,113.98,,1.3825,0.7524,0.6907,,35.85
1997-06-11,,1.637,111.42,,1.387,0.7579,0.6905,,35.827
1997-06-10,,1.6382,112.6,,1.3862,0.7616,0.6915,,35.8
1997-06-09,,1.6355,112.63,,1.3865,0.7614,0.6902,,35.8
1997-06-06,,1.628,115.4,,1.384,0.7608,0.6885,,35.8
1997-06-05,,1.6328,115.67,,1.3764,0.761,0.6865,,35.755
1997-06-04,,1.6272,116.3,,1.376,0.7587,0.6887,,35.797
1997-06-03,,1.6342,116.15,,1.374,0.7603,0.6885,,35.82
1997-06-02,,1.6343,116.74,,1.3781,0.758,0.6879,,35.83
1997-05-30,,1.636,116.4,,1.3798,0.763,0.6895,,35.8
1997-05-29,,1.6405,116.21,,1.3817,0.7644,0.6902,,35.82
1997-05-28,,1.6382,115.52,,1.3843,0.7635,0.6896,,35.82
1997-05-27,,1.629,116.45,,1.3823,0.764,0.6908,,35.84
1997-05-23,,1.6324,115.8,,1.3751,0.765,0.6902,,35.76
1997-05-22,,1.6235,115.96,,1.3717,0.7795,0.6935,,35.79
1997-05-21,,1.6465,114.08,,1.3667,0.784,0.6953,,35.81
1997-05-20,,1.6438,113.8,,1.375,0.7742,0.692,,35.795
1997-05-19,,1.638,116.05,,1.372,0.7743,0.6917,,35.82
1997-05-16,,1.6335,115.43,,1.3705,0.7748,0.693,,35.84
1997-05-15,,1.6385,116.28,,1.3791,0.7765,0.6962,,35.84
1997-05-14,,1.64,118.33,,1.3856,0.778,0.6956,,35.855
1997-05-13,,1.6319,118.75,,1.3862,0.7767,0.6945,,35.86
1997-05-12,,1.6235,118.95,,1.39,0.7787,0.695,,35.86
1997-05-09,,1.621,120.73,,1.391,0.7784,0.6877,,35.86
1997-05-08,,1.62,123.85,,1.3835,0.78,0.6858,,35.872
1997-05-07,,1.6364,125.09,,1.3817,0.7764,0.6847,,35.889
1997-05-06,,1.6375,125.45,,1.3781,0.7772,0.687,,35.86
1997-05-05,,1.62,126.7,,1.3813,0.78,0.6885,,35.8
1997-05-02,,1.6215,126.57,,1.3833,0.784,0.6905,,35.76
1997-05-01,,1.6238,126.64,,1.3895,0.7845,0.689,,35.77
1997-04-30,,1.62,127.03,,1.3971,0.7795,0.693,,35.78
1997-04-29,,1.6312,126.81,,1.3979,0.7804,0.694,,35.77
1997-04-28,,1.6232,126.68,,1.3995,0.7797,0.6949,,35.77
1997-04-25,,1.6235,125.88,,1.3966,0.7768,0.6935,,35.782
1997-04-24,,1.625,125.96,,1.3928,0.7755,0.692,,35.77
1997-04-23,,1.6213,126.16,,1.3942,0.7765,0.6928,,35.76
1997-04-22,,1.6362,126.25,,1.3957,0.778,0.6938,,35.79
1997-04-21,,1.6353,125.66,,1.3978,0.776,0.6938,,35.78
1997-04-18,,1.6315,125.88,,1.3994,0.774,0.6915,,35.8
1997-04-17,,1.631,126.05,,1.3975,0.7735,0.6893,,35.83
1997-04-16,,1.6225,125.75,,1.3978,0.7716,0.687,,35.8
1997-04-15,,1.6255,126.35,,1.3967,0.7755,0.6873,,35.837
1997-04-14,,1.6225,126.48,,1.3985,0.779,0.692,,35.85
1997-04-11,,1.6245,126.04,,1.3976,0.786,0.6938,,35.88
1997-04-10,,1.623,125.95,,1.3916,0.7814,0.6916,,35.85
1997-04-09,,1.622,126.86,,1.3882,0.7838,0.6935,,35.86
1997-04-08,,1.6233,126.08,,1.388,0.781,0.6886,,35.89
1997-04-07,,1.6277,125.67,,1.3894,0.7762,0.6892,,35.88
1997-04-04,,1.6389,124.27,,1.3923,0.7755,0.6905,,35.88
1997-04-03,,1.646,122.8,,1.3887,0.779,0.6927,,35.87
1997-04-02,,1.6425,122.72,,1.3877,0.7845,0.6963,,35.9
1997-04-01,,1.6485,122.7,,1.3865,0.7876,0.6973,,35.89
1997-03-31,,1.6448,123.72,,1.3835,0.784,0.6947,,35.88
1997-03-28,,1.6315,123.9,,1.381,0.7835,0.6945,,35.91
1997-03-27,,1.6312,123.65,,1.377,0.7816,0.6943,,35.9
1997-03-26,,1.6276,124.23,,1.3746,0.783,0.6934,,35.9
1997-03-25,,1.6172,123.9,,1.3779,0.7817,0.6955,,35.9
1997-03-24,,1.6171,122.93,,1.378,0.787,0.6974,,35.885
1997-03-21,,1.6015,122.82,,1.3802,0.7841,0.6921,,35.9
1997-03-20,,1.5948,123.59,,1.3795,0.7871,0.6914,,35.91
1997-03-19,,1.5968,122.8,,1.379,0.786,0.6903,,35.9
1997-03-18,,1.589,122.45,,1.3746,0.786,0.6937,,35.89
1997-03-17,,1.59,123.65,,1.3694,0.7935,0.6948,,35.89
1997-03-14,,1.6022,123.46,,1.3636,0.7978,0.6987,,35.85
1997-03-13,,1.5965,123.24,,1.3633,0.7923,0.6995,,35.87
1997-03-12,,1.5932,122.68,,1.364,0.794,0.704,,35.85
1997-03-11,,1.6058,121.77,,1.3667,0.7927,0.7045,,35.86
1997-03-10,,1.6005,121.7,,1.371,0.7875,0.7026,,35.9
1997-03-07,,1.6032,121.88,,1.368,0.788,0.704,,35.87
1997-03-06,,1.6131,121.28,,1.3649,0.7873,0.7031,,35.88
1997-03-05,,1.6117,121.5,,1.3683,0.7841,0.7025,,35.88
1997-03-04,,1.6155,121.95,,1.37,0.7894,0.704,,35.895
1997-03-03,,1.6175,121.15,,1.3675,0.7863,0.7007,,35.86
1997-02-28,,1.6287,120.83,,1.367,0.7765,0.6924,,35.91
1997-02-27,,1.6265,120.8,,1.3671,0.7778,0.6908,,35.9
1997-02-26,,1.633,121.9,,1.366,0.7742,0.6942,,35.86
1997-02-25,,1.6323,121.93,,1.3612,0.7768,0.6965,,35.9
1997-02-24,,1.6333,122.18,,1.3623,0.777,0.697,,35.9
1997-02-21,,1.6155,123.28,,1.3625,0.777,0.694,,35.9
1997-02-20,,1.6107,122.83,,1.3597,0.7702,0.6938,,35.88
1997-02-19,,1.6138,124.3,,1.359,0.7663,0.69,,35.9
1997-02-18,,1.6022,123.92,,1.3575,0.7653,0.6894,,35.9
1997-02-14,,1.6207,124.06,,1.3502,0.7655,0.6935,,35.89
1997-02-13,,1.623,124.35,,1.3531,0.7676,0.6946,,35.95
1997-02-12,,1.6338,124.02,,1.3557,0.759,0.687,,35.84
1997-02-11,,1.644,123.17,,1.3558,0.7583,0.6876,,35.89
1997-02-10,,1.639,122.74,,1.3518,0.7572,0.6842,,35.89
1997-02-07,,1.6228,124.54,,1.3493,0.7611,0.6835,,35.88
1997-02-06,,1.6355,123.82,,1.3484,0.7648,0.6885,,35.9
1997-02-05,,1.638,123.59,,1.343,0.7613,0.6909,,35.88
1997-02-04,,1.6207,122.34,,1.3431,0.763,0.6898,,35.87
1997-02-03,,1.6135,121.68,,1.3434,0.767,0.6882,,35.88
1997-01-31,,1.6012,121.25,,1.3474,0.7625,0.6885,,35.9
1997-01-30,,1.6183,121.55,,1.3482,0.7657,0.69,,35.83
1997-01-29,,1.6207,121.98,,1.3455,0.77,0.6883,,35.9
1997-01-28,,1.6155,121.19,,1.3407,0.769,0.6874,,35.9
1997-01-27,,1.624,119.45,,1.3443,0.7722,0.69,,35.9
1997-01-24,,1.6283,119.06,,1.3486,0.772,0.6935,,35.82
1997-01-23,,1.6285,119.65,,1.3417,0.7716,0.6967,,35.88
1997-01-22,,1.6534,118.92,,1.3357,0.7756,0.7042,,35.9
1997-01-21,,1.6632,117.8,,1.3385,0.7774,0.7041,,35.9
1997-01-17,,1.6602,117.11,,1.3399,0.78,0.7085,,35.89
1997-01-16,,1.6762,116.54,,1.3392,0.7791,0.7064,,35.88
1997-01-15,,1.6785,117.24,,1.3421,0.7767,0.7037,,35.88
1997-01-14,,1.6695,116.9,,1.3505,0.781,0.703,,35.9
1997-01-13,,1.6713,116.41,,1.349,0.7783,0.7035,,35.9
1997-01-10,,1.6814,116.1,,1.348,0.7818,0.705,,35.9
1997-01-09,,1.6945,116.19,,1.3522,0.778,0.7065,,35.897
1997-01-08,,1.6871,115.86,,1.3533,0.7796,0.7067,,35.95
1997-01-07,,1.695,115.34,,1.357,0.7891,0.7097,,35.97
1997-01-06,,1.685,115.8,,1.3686,0.7882,0.7081,,35.93
1997-01-03,,1.69,116.33,,1.3742,0.7914,0.7075,,35.95
1997-01-02,,1.687,115.49,,1.3736,0.7895,0.7072,,36
1996-12-31,,1.7123,115.77,,1.3697,0.7944,0.7065,,35.95
1996-12-30,,1.6908,115.88,,1.3683,0.7957,0.7055,,35.95
1996-12-27,,1.6917,116.13,,1.3697,0.795,0.7065,,35.85
1996-12-26,,1.6726,114.92,,1.3637,0.795,0.706,,35.85
1996-12-24,,1.6715,114.5,,1.3657,0.796,0.7072,,35.85
1996-12-23,,1.6715,114.12,,1.3675,0.797,0.7075,,35.88
1996-12-20,,1.667,114.25,,1.3675,0.7943,0.7083,,35.89
1996-12-19,,1.6525,114,,1.3685,0.794,0.7073,,35.92
1996-12-18,,1.6722,113.65,,1.3671,0.7905,0.7055,,35.95
1996-12-17,,1.672,113.63,,1.3665,0.7959,0.7077,,35.85
1996-12-16,,1.6622,114.24,,1.3662,0.793,0.698,,35.89
1996-12-13,,1.6603,113.8,,1.3625,0.7915,0.7015,,35.9
1996-12-12,,1.657,113.55,,1.3569,0.7925,0.7006,,35.9
1996-12-11,,1.658,112.9,,1.3625,0.792,0.6955,,35.9
1996-12-10,,1.6505,113.28,,1.3569,0.8018,0.6985,,35.91
1996-12-09,,1.6475,113.27,,1.3555,0.8031,0.707,,35.922
1996-12-06,,1.6415,112.84,,1.3595,0.7961,0.7032,,35.9
1996-12-05,,1.6268,112.35,,1.3585,0.798,0.703,,35.87
1996-12-04,,1.6387,113.13,,1.3525,0.798,0.712,,35.83
1996-12-03,,1.642,113.59,,1.3486,0.797,0.7065,,35.75
1996-12-02,,1.684,113.8,,1.3515,0.818,0.7113,,35.8
1996-11-29,,1.682,113.88,,1.3489,0.8137,0.7108,,35.747
1996-11-27,,1.676,113.33,,1.3466,0.8111,0.7082,,35.74
1996-11-26,,1.673,112.66,,1.3423,0.8113,0.7088,,35.9
1996-11-25,,1.6695,112.69,,1.3413,0.8116,0.7123,,35.85
1996-11-22,,1.68,111.41,,1.3393,0.812,0.7148,,35.75
1996-11-21,,1.6887,111.42,,1.3393,0.811,0.712,,35.75
1996-11-20,,1.678,111.25,,1.342,0.7995,0.7098,,35.7
1996-11-19,,1.676,111.55,,1.3426,0.794,0.7113,,35.757
1996-11-18,,1.67,111.31,,1.3419,0.7916,0.7088,,35.85
1996-11-15,,1.6646,111.3,,1.3368,0.79,0.7058,,35.95
1996-11-14,,1.6653,111.29,,1.3343,0.7905,0.712,,36
1996-11-13,,1.655,111.41,,1.3337,0.7876,0.71,,35.9
1996-11-12,,1.647,111.5,,1.3352,0.7894,0.7068,,35.9
1996-11-08,,1.647,111.63,,1.332,0.7885,0.7091,,36.12
1996-11-07,,1.6475,111.54,,1.3322,0.783,0.7062,,35.85
1996-11-06,,1.64,113.98,,1.331,0.7921,0.7113,,35.85
1996-11-05,,1.645,114.22,,1.333,0.787,0.7105,,35.74
1996-11-04,,1.6435,113.97,,1.3359,0.7868,0.7085,,35.75
1996-11-01,,1.6358,113.28,,1.3348,0.7892,0.7083,,35.84
1996-10-31,,1.6278,113.79,,1.3409,0.793,0.707,,35.9
1996-10-30,,1.6326,113.97,,1.3417,0.7918,0.7058,,35.85
1996-10-29,,1.6099,114.11,,1.3454,0.7909,0.7055,,35.85
1996-10-28,,1.6122,114.12,,1.3448,0.7904,0.7054,,35.8
1996-10-25,,1.6062,113.33,,1.3445,0.7918,0.703,,35.75
1996-10-24,,1.5918,112.85,,1.3457,0.7927,0.7008,,35.75
1996-10-23,,1.5968,112.97,,1.3439,0.7945,0.7102,,35.65
1996-10-22,,1.5953,112.86,,1.3448,0.7957,0.7098,,35.85
1996-10-21,,1.5916,112.76,,1.3475,0.7967,0.7131,,35.85
1996-10-18,,1.5903,112.54,,1.3493,0.7962,0.7065,,35.73
1996-10-17,,1.5863,112.22,,1.3522,0.792,0.7002,,35.8
1996-10-16,,1.5835,112.14,,1.3555,0.7914,0.6965,,35.75
1996-10-15,,1.5823,112.28,,1.3539,0.7907,0.6965,,35.75
1996-10-11,,1.5755,111.66,,1.3526,0.7905,0.6932,,35.7
1996-10-10,,1.5651,111.28,,1.3516,0.79,0.6922,,35.85
1996-10-09,,1.5642,111.47,,1.3548,0.7894,0.6894,,35.85
1996-10-08,,1.5631,111.31,,1.3549,0.789,0.6915,,35.85
1996-10-07,,1.5635,111.27,,1.3538,0.7867,0.6922,,35.85
1996-10-04,,1.5623,111.63,,1.3553,0.7895,0.6994,,35.8
1996-10-03,,1.5661,111.48,,1.3609,0.79,0.6987,,35.8
1996-10-02,,1.5685,111.66,,1.362,0.795,0.6992,,35.85
1996-10-01,,1.564,111.37,,1.3624,0.7915,0.6995,,35.85
1996-09-30,,1.5653,111.65,,1.362,0.7912,0.699,,35.85
1996-09-27,,1.563,110.85,,1.3632,0.7911,0.6996,,35.85
1996-09-26,,1.5613,110.45,,1.3678,0.793,0.6995,,35.85
1996-09-25,,1.5633,110.38,,1.367,0.7906,0.6986,,35.85
1996-09-24,,1.558,109.82,,1.3679,0.7875,0.6978,,35.85
1996-09-23,,1.5568,109.86,,1.3665,0.7918,0.6981,,35.85
1996-09-20,,1.5555,109.87,,1.368,0.7903,0.6916,,35.9
1996-09-19,,1.5515,109.38,,1.3713,0.7895,0.6995,,35.85
1996-09-18,,1.5602,109.21,,1.3716,0.7886,0.7021,,35.9
1996-09-17,,1.5545,110.39,,1.3711,0.79,0.6988,,35.9
1996-09-16,,1.5566,110.15,,1.3705,0.787,0.6945,,35.9
1996-09-13,,1.5544,110.44,,1.3703,0.7927,0.6955,,35.85
1996-09-12,,1.5538,110.3,,1.371,0.796,0.6947,,35.95
1996-09-11,,1.555,110.25,,1.3718,0.8004,0.697,,35.85
1996-09-10,,1.5569,109.84,,1.371,0.7991,0.6944,,35.85
1996-09-09,,1.5582,109.19,,1.373,0.8012,0.6953,,35.85
1996-09-06,,1.5607,109.37,,1.3737,0.7975,0.6941,,35.85
1996-09-05,,1.5667,109.09,,1.3703,0.7942,0.6939,,35.95
1996-09-04,,1.567,108.85,,1.3699,0.7921,0.6922,,35.95
1996-09-03,,1.5671,109.28,,1.3698,0.792,0.6918,,35.75
1996-08-30,,1.5612,108.7,,1.3685,0.791,0.69,,35.85
1996-08-29,,1.5563,108.5,,1.3666,0.791,0.6928,,35.85
1996-08-28,,1.5593,108.44,,1.3665,0.7905,0.692,,35.85
1996-08-27,,1.553,107.78,,1.3676,0.7868,0.692,,35.85
1996-08-26,,1.5553,107.7,,1.3709,0.7905,0.6943,,35.85
1996-08-23,,1.553,108.4,,1.37,0.7903,0.694,,35.8
1996-08-22,,1.5508,108.23,,1.3718,0.791,0.6913,,35.8
1996-08-21,,1.5497,108.34,,1.374,0.7898,0.692,,35.7
1996-08-20,,1.5473,108.3,,1.3735,0.7862,0.6899,,35.8
1996-08-19,,1.5444,107.87,,1.3735,0.79,0.689,,35.8
1996-08-16,,1.5468,107.96,,1.3741,0.7837,0.689,,35.8
1996-08-15,,1.5504,108.01,,1.3775,0.7827,0.6871,,35.8
1996-08-14,,1.5483,107.94,,1.3745,0.779,0.6855,,35.8
1996-08-13,,1.5499,107.59,,1.3748,0.7792,0.6842,,35.8
1996-08-12,,1.5505,107.72,,1.3715,0.7776,0.6857,,35.8
1996-08-09,,1.549,108.12,,1.3723,0.7785,0.6882,,35.9
1996-08-08,,1.5497,108.14,,1.3723,0.7782,0.6873,,35.95
1996-08-07,,1.5418,107.95,,1.3722,0.7772,0.6872,,35.8
1996-08-06,,1.5375,106.92,,1.3745,0.7758,0.6875,,35.8
1996-08-05,,1.5442,106.64,,1.3757,0.7729,0.6836,,35.8
1996-08-02,,1.5418,107.05,,1.3755,0.773,0.6833,,35.55
1996-08-01,,1.5572,106.75,,1.3715,0.7721,0.6832,,35.65
1996-07-31,,1.5556,106.77,,1.3747,0.7735,0.6892,,35.7
1996-07-30,,1.5558,108.08,,1.3737,0.7825,0.6942,,36.85
1996-07-29,,1.557,109.2,,1.3724,0.7871,0.6949,,35.8
1996-07-26,,1.5545,108.33,,1.3746,0.7873,0.697,,35.8
1996-07-25,,1.5572,108.38,,1.3726,0.788,0.697,,35.85
1996-07-24,,1.5525,108.29,,1.372,0.7912,0.696,,35.75
1996-07-23,,1.5515,108.09,,1.3715,0.7911,0.693,,35.8
1996-07-22,,1.5512,107.5,,1.3676,0.7917,0.6952,,35.75
1996-07-19,,1.5466,108.22,,1.3674,0.7906,0.693,,35.8
1996-07-18,,1.5479,107.93,,1.3678,0.792,0.6889,,35.83
1996-07-17,,1.5432,108.62,,1.3726,0.7875,0.6885,,36
1996-07-16,,1.5585,109.15,,1.3717,0.7912,0.6884,,35.95
1996-07-15,,1.55,110.45,,1.3695,0.7948,0.6854,,35.7
1996-07-12,,1.5525,110.69,,1.3695,0.7973,0.6875,,35.6
1996-07-11,,1.5555,110.18,,1.3704,0.7982,0.6885,,35.6
1996-07-10,,1.5504,110.18,,1.369,0.7975,0.688,,35.45
1996-07-09,,1.5495,110.28,,1.3695,0.7922,0.6875,,35.4
1996-07-08,,1.553,110.94,,1.3711,0.7934,0.6888,,35.45
1996-07-05,,1.5522,110.95,,1.3683,0.796,0.688,,35.2
1996-07-03,,1.5587,110.31,,1.361,0.7813,0.6823,,35.15
1996-07-02,,1.5583,110.1,,1.3637,0.7827,0.6843,,35.15
1996-07-01,,1.5545,109.56,,1.3635,0.7872,0.6846,,35.1
1996-06-28,,1.5529,109.48,,1.3657,0.7856,0.686,,35.43
1996-06-27,,1.5462,109.45,,1.3628,0.789,0.683,,35.2
1996-06-26,,1.5414,109.5,,1.3613,0.7911,0.6823,,35.1
1996-06-25,,1.5405,109.03,,1.36,0.7906,0.6798,,35.1
1996-06-24,,1.54,108.94,,1.3618,0.7903,0.677,,35.1
1996-06-21,,1.5383,109.1,,1.3655,0.7905,0.6787,,35.05
1996-06-20,,1.5418,108.1,,1.3676,0.7885,0.6786,,35.1
1996-06-19,,1.5433,108.05,,1.3682,0.7876,0.6773,,35.1
1996-06-18,,1.5435,108.04,,1.369,0.7892,0.6749,,35.15
1996-06-17,,1.545,108.85,,1.3664,0.792,0.6748,,35.1
1996-06-14,,1.5358,108.87,,1.3665,0.7921,0.6742,,35.1
1996-06-13,,1.532,108.85,,1.369,0.792,0.6724,,35.1
1996-06-12,,1.5345,109.47,,1.3668,0.7905,0.6727,,35.05
1996-06-11,,1.5355,109.5,,1.3656,0.7919,0.6731,,35.05
1996-06-10,,1.5322,109.07,,1.364,0.7935,0.6728,,35
1996-06-07,,1.541,109.23,,1.3669,0.7914,0.6693,,35
1996-06-06,,1.5405,109.26,,1.3646,0.7855,0.6678,,35
1996-06-05,,1.5474,108.84,,1.366,0.793,0.6767,,35.06
1996-06-04,,1.5485,109.2,,1.3691,0.799,0.678,,35.1
1996-06-03,,1.5515,108.37,,1.3692,0.801,0.6805,,35.1
1996-05-31,,1.5495,107.99,,1.3704,0.798,0.6795,,35.23
1996-05-30,,1.5345,107.65,,1.3685,0.7957,0.6831,,35.24
1996-05-29,,1.5211,108.77,,1.3718,0.7983,0.6848,,35.25
1996-05-28,,1.5127,108.7,,1.3765,0.7945,0.6854,,35.18
1996-05-24,,1.511,107.9,,1.3746,0.7914,0.6833,,35.25
1996-05-23,,1.5134,106.78,,1.3753,0.7935,0.6842,,35.1
1996-05-22,,1.5103,107.04,,1.3726,0.7943,0.6832,,35.05
1996-05-21,,1.5115,107,,1.3725,0.7928,0.6825,,35.2
1996-05-20,,1.513,107.14,,1.3737,0.7945,0.6823,,35.1
1996-05-17,,1.515,106.53,,1.37,0.8,0.686,,35.1
1996-05-16,,1.5133,106.67,,1.368,0.8015,0.6872,,35
1996-05-15,,1.513,106.85,,1.3685,0.8007,0.6872,,34.9
1996-05-14,,1.5149,105.8,,1.3692,0.8017,0.6887,,35
1996-05-13,,1.5145,104.96,,1.3686,0.8012,0.6875,,35.4
1996-05-10,,1.5223,105.5,,1.3666,0.8026,0.6905,,35.35
1996-05-09,,1.522,104.8,,1.368,0.7983,0.6875,,35.2
1996-05-08,,1.5215,105.15,,1.3682,0.8005,0.688,,34.7
1996-05-07,,1.5125,104.97,,1.3665,0.7984,0.6886,,34.45
1996-05-06,,1.5072,104.93,,1.3658,0.7958,0.6866,,34.65
1996-05-03,,1.5042,104.83,,1.3631,0.7955,0.6855,,34.65
1996-05-02,,1.503,104.49,,1.3625,0.7951,0.689,,34.75
1996-05-01,,1.4948,105.08,,1.3626,0.7896,0.6849,,34.8
1996-04-30,,1.505,104.63,,1.3615,0.7854,0.6869,,35
1996-04-29,,1.5094,104.52,,1.3628,0.787,0.6865,,34.28
1996-04-26,,1.5103,105.54,,1.363,0.7883,0.684,,34.35
1996-04-25,,1.5127,106.47,,1.3645,0.7885,0.6825,,34.35
1996-04-24,,1.5138,106.77,,1.362,0.7845,0.6818,,34.25
1996-04-23,,1.5161,106.59,,1.3623,0.7894,0.6828,,34.3
1996-04-22,,1.5112,106.7,,1.3624,0.7865,0.6865,,34.2
1996-04-19,,1.5168,107.1,,1.3619,0.7815,0.6855,,34.25
1996-04-18,,1.51,107.1,,1.3615,0.7815,0.6842,,34.3
1996-04-17,,1.507,108.27,,1.3565,0.7852,0.6819,,34.25
1996-04-16,,1.5071,108.28,,1.3575,0.7875,0.6785,,34.4
1996-04-15,,1.5085,108.36,,1.3563,0.7902,0.6783,,34.5
1996-04-12,,1.5123,108.67,,1.3565,0.79,0.677,,34.25
1996-04-11,,1.5125,108.52,,1.3566,0.7897,0.6763,,34.3
1996-04-10,,1.5115,108.56,,1.3573,0.7883,0.681,,34.25
1996-04-09,,1.5243,108.18,,1.3588,0.7861,0.682,,34.15
1996-04-08,,1.531,107.42,,1.3582,0.783,0.6833,,34.15
1996-04-05,,1.5287,107.67,,1.3569,0.7838,0.6825,,34.2
1996-04-04,,1.5295,107.09,,1.3579,0.781,0.6813,,34.5
1996-04-03,,1.526,106.94,,1.357,0.781,0.6813,,34.2
1996-04-02,,1.5248,107.48,,1.3559,0.7822,0.6842,,34.35
1996-04-01,,1.5244,107.53,,1.3548,0.784,0.685,,34.25
1996-03-29,,1.5262,107,,1.3635,0.7815,0.6807,,34.35
1996-03-28,,1.5239,106.34,,1.3635,0.7821,0.6783,,34.2
1996-03-27,,1.5181,106.64,,1.3635,0.7779,0.6828,,34.55
1996-03-26,,1.524,106.39,,1.3636,0.7725,0.6825,,34.1
1996-03-25,,1.523,106.19,,1.3627,0.7735,0.6868,,34.1
1996-03-22,,1.5334,106.8,,1.3622,0.7769,0.6869,,34.6
1996-03-21,,1.536,106.72,,1.3613,0.778,0.6869,,35
1996-03-20,,1.5376,106.44,,1.3599,0.775,0.6857,,35.5
1996-03-19,,1.5327,106.26,,1.3591,0.7742,0.6821,,35.35
1996-03-18,,1.53,106.02,,1.3596,0.7734,0.681,,35.2
1996-03-15,,1.525,105.87,,1.364,0.7734,0.683,,34.48
1996-03-14,,1.5231,105.48,,1.3678,0.774,0.689,,34.15
1996-03-13,,1.5225,105.29,,1.368,0.7737,0.6835,,34.21
1996-03-12,,1.5213,105.54,,1.3679,0.77,0.6835,,34.13
1996-03-11,,1.5238,105.35,,1.367,0.768,0.6792,,34.25
1996-03-08,,1.524,105.94,,1.3668,0.7678,0.6755,,34.2
1996-03-07,,1.53,105.25,,1.3708,0.7625,0.6726,,34.25
1996-03-06,,1.529,105.37,,1.3717,0.7622,0.675,,34.12
1996-03-05,,1.529,105.1,,1.3721,0.76,0.675,,34.3
1996-03-04,,1.5284,105.05,,1.3716,0.7602,0.6729,,34.55
1996-03-01,,1.5273,105.7,,1.371,0.7618,0.6736,,34.6
1996-02-29,,1.532,105.12,,1.3728,0.7643,0.6731,,34.85
1996-02-28,,1.5335,104.47,,1.3745,0.7637,0.6697,,35.29
1996-02-27,,1.5398,104.37,,1.3745,0.7581,0.6739,,35.57
1996-02-26,,1.54,104.33,,1.3752,0.7564,0.6763,,35.92
1996-02-23,,1.541,104.73,,1.3772,0.756,0.6765,,36.28
1996-02-22,,1.5435,104.95,,1.3757,0.7545,0.6745,,36.8
1996-02-21,,1.5425,105.25,,1.3788,0.751,0.6762,,36.63
1996-02-20,,1.5445,106.1,,1.3815,0.7553,0.6782,,36.56
1996-02-16,,1.5487,105.35,,1.382,0.755,0.6783,,36.55
1996-02-15,,1.5385,106.18,,1.3792,0.7555,0.676,,36.53
1996-02-14,,1.5371,106.77,,1.3789,0.7559,0.6747,,36.52
1996-02-13,,1.534,106.93,,1.3722,0.7532,0.673,,36.76
1996-02-12,,1.5308,106.67,,1.3728,0.7543,0.6733,,36.97
1996-02-09,,1.5318,107.1,,1.3725,0.7545,0.6745,,36.95
1996-02-08,,1.5374,106.9,,1.3697,0.7575,0.674,,37.2
1996-02-07,,1.5365,106.2,,1.3667,0.7535,0.6727,,37.3
1996-02-06,,1.5402,105.54,,1.3735,0.7547,0.6763,,37.75
1996-02-05,,1.5352,105.02,,1.378,0.7549,0.6763,,38.05
1996-02-02,,1.519,106.7,,1.3749,0.7557,0.6764,,36.8
1996-02-01,,1.5132,107.08,,1.3738,0.7474,0.675,,36.61
1996-01-31,,1.5096,106.95,,1.3743,0.7443,0.6722,,36.46
1996-01-30,,1.5037,107.29,,1.3775,0.7417,0.667,,36.14
1996-01-29,,1.5063,106.8,,1.3815,0.74,0.6672,,35.99
1996-01-26,,1.503,106.6,,1.3822,0.7382,0.6668,,36.07
1996-01-25,,1.5075,106.9,,1.3768,0.737,0.6668,,36.06
1996-01-24,,1.5092,106.92,,1.3705,0.7359,0.6654,,35.84
1996-01-23,,1.5135,105.8,,1.371,0.735,0.662,,35.76
1996-01-22,,1.5135,105.76,,1.369,0.7318,0.6645,,35.85
1996-01-19,,1.5093,105.4,,1.3652,0.7355,0.6652,,35.91
1996-01-18,,1.5228,105.44,,1.364,0.7389,0.6622,,35.895
1996-01-17,,1.5255,105.38,,1.369,0.74,0.6622,,35.86
1996-01-16,,1.538,105.88,,1.3667,0.7431,0.663,,35.91
1996-01-12,,1.5487,105.07,,1.3625,0.7445,0.6622,,35.78
1996-01-11,,1.5445,104.8,,1.3645,0.7465,0.6585,,35.81
1996-01-10,,1.5456,105.28,,1.3649,0.7469,0.658,,35.8
1996-01-09,,1.5475,104.9,,1.3616,0.7447,0.6585,,35.87
1996-01-08,,1.5495,105.8,,1.3609,0.7473,0.6594,,35.85
1996-01-05,,1.552,105.13,,1.3573,0.7475,0.6575,,35.44
1996-01-04,,1.5463,106.41,,1.3541,0.7453,0.6544,,35.32
1996-01-03,,1.5517,104.35,,1.353,0.7485,0.6544,,35.22
1996-01-02,,1.5565,103.92,,1.3577,0.7433,0.6535,,35.21
1995-12-29,,1.5535,103.28,,1.3655,0.7432,0.6537,,35.18
1995-12-28,,1.539,102.87,,1.3605,0.745,0.6536,,35.14
1995-12-27,,1.56,102.8,,1.3601,0.7478,0.6544,,35.07
1995-12-26,,1.5555,102.38,,1.3613,0.74,0.6515,,35.01
1995-12-22,,1.5425,102.6,,1.3637,0.7395,0.6508,,34.99
1995-12-21,,1.5388,101.81,,1.362,0.7415,0.6523,,35.03
1995-12-20,,1.5373,102,,1.3675,0.741,0.6523,,34.98
1995-12-19,,1.542,101.85,,1.377,0.7408,0.6525,,34.98
1995-12-18,,1.539,101.7,,1.3761,0.7405,0.6525,,34.99
1995-12-15,,1.5395,102.14,,1.3745,0.741,0.6518,,34.97
1995-12-14,,1.541,101.5,,1.3745,0.7379,0.653,,34.975
1995-12-13,,1.5325,101.75,,1.3764,0.7444,0.6465,,34.96
1995-12-12,,1.5313,101.85,,1.3774,0.7405,0.6451,,34.88
1995-12-11,,1.5348,101.07,,1.3802,0.736,0.6463,,34.84
1995-12-08,,1.5329,100.95,,1.3756,0.7377,0.646,,34.93
1995-12-07,,1.5353,101.4,,1.3685,0.739,0.647,,34.84
1995-12-06,,1.5422,101.37,,1.3658,0.7395,0.6468,,34.84
1995-12-05,,1.541,101.42,,1.3672,0.7384,0.6465,,34.87
1995-12-04,,1.536,101.05,,1.3662,0.7396,0.648,,34.92
1995-12-01,,1.536,101.2,,1.366,0.7372,0.6485,,34.93
1995-11-30,,1.5302,101.8,,1.3587,0.7424,0.6527,,34.91
1995-11-29,,1.5383,101.46,,1.3585,0.7485,0.6553,,34.91
1995-11-28,,1.548,101.12,,1.3565,0.75,0.6555,,34.93
1995-11-27,,1.5505,101.8,,1.3523,0.7405,0.6509,,34.93
1995-11-24,,1.56,101.5,,1.3542,0.74,0.6513,,34.88
1995-11-22,,1.565,100.5,,1.353,0.7411,0.6525,,34.83
1995-11-21,,1.5583,101.63,,1.353,0.7456,0.6532,,34.82
1995-11-20,,1.5495,101.35,,1.3515,0.7434,0.6511,,34.82
1995-11-17,,1.5505,102.03,,1.3521,0.7405,0.6475,,34.71
1995-11-16,,1.5558,102.15,,1.356,0.7405,0.6472,,34.81
1995-11-15,,1.558,100.9,,1.3557,0.735,0.6469,,34.58
1995-11-14,,1.5605,101.68,,1.3537,0.7402,0.6502,,34.59
1995-11-13,,1.5555,101.7,,1.351,0.738,0.6508,,34.57
1995-11-10,,1.5753,100.95,,1.3523,0.7378,0.653,,34.56
1995-11-09,,1.5794,100.75,,1.356,0.7358,0.6515,,34.53
1995-11-08,,1.5805,102.5,,1.3575,0.7503,0.653,,34.35
1995-11-07,,1.5778,103.18,,1.359,0.7528,0.654,,34.61
1995-11-06,,1.5793,103.2,,1.3515,0.753,0.655,,34.77
1995-11-03,,1.5805,103.88,,1.3477,0.758,0.6545,,34.7
1995-11-02,,1.5813,103.59,,1.3428,0.7585,0.656,,34.5
1995-11-01,,1.5778,103.07,,1.3478,0.7603,0.655,,34.6
1995-10-31,,1.5807,102.26,,1.3401,0.7615,0.66,,34.3
1995-10-30,,1.5775,101.65,,1.362,0.761,0.66,,34.9
1995-10-27,,1.5795,101.71,,1.3704,0.754,0.6565,,35.5
1995-10-26,,1.574,101.8,,1.366,0.7553,0.6566,,35.6
1995-10-25,,1.5795,101.27,,1.3665,0.7485,0.6555,,35.6
1995-10-24,,1.581,100.17,,1.3705,0.7471,0.659,,35.6
1995-10-23,,1.58,99.7,,1.3685,0.748,0.661,,35.65
1995-10-20,,1.5759,100.25,,1.35,0.7497,0.6603,,35.65
1995-10-19,,1.5725,100.59,,1.337,0.752,0.658,,35.09
1995-10-18,,1.5695,100.62,,1.3391,0.7545,0.6575,,34.91
1995-10-17,,1.574,100.33,,1.3387,0.757,0.658,,34.85
1995-10-16,,1.575,100.45,,1.3375,0.756,0.6605,,34.6
1995-10-13,,1.5725,100.8,,1.3374,0.759,0.6608,,34.35
1995-10-12,,1.5735,100.28,,1.3388,0.7603,0.6614,,33.965
1995-10-11,,1.573,100.9,,1.3375,0.7628,0.6605,,33.87
1995-10-10,,1.5778,100.64,,1.3358,0.7582,0.6591,,33.89
1995-10-06,,1.5812,100.85,,1.3318,0.7612,0.6618,,33.91
1995-10-05,,1.584,100.25,,1.3355,0.7598,0.66,,33.91
1995-10-04,,1.5837,100.73,,1.3312,0.7631,0.6583,,33.82
1995-10-03,,1.5808,101.65,,1.3285,0.7658,0.656,,33.9
1995-10-02,,1.5909,100.72,,1.3394,0.762,0.6579,,33.92
1995-09-29,,1.5795,99.1,,1.3445,0.7555,0.658,,33.94
1995-09-28,,1.5805,99.73,,1.351,0.7525,0.655,,33.99
1995-09-27,,1.5722,100.17,,1.3495,0.7485,0.6559,,33.91
1995-09-26,,1.5708,100.83,,1.346,0.7474,0.6574,,33.92
1995-09-25,,1.5715,99.88,,1.3464,0.7493,0.6603,,34
1995-09-22,,1.5795,98.5,,1.3525,0.7455,0.663,,33.82
1995-09-21,,1.5695,100.1,,1.3575,0.7538,0.6634,,34
1995-09-20,,1.5525,103.25,,1.361,0.7565,0.6605,,33.84
1995-09-19,,1.546,104.2,,1.3588,0.7601,0.6578,,33.89
1995-09-18,,1.546,103.55,,1.3635,0.755,0.656,,33.78
1995-09-15,,1.552,103.52,,1.366,0.7594,0.6576,,33.9
1995-09-14,,1.5505,102.55,,1.3693,0.762,0.6578,,34.05
1995-09-13,,1.548,102.5,,1.3545,0.7628,0.6558,,32.89
1995-09-12,,1.5545,100.87,,1.3455,0.76,0.6535,,32.71
1995-09-11,,1.5483,99.78,,1.3433,0.7525,0.651,,32.47
1995-09-08,,1.5482,99.75,,1.3446,0.7515,0.6505,,32.26
1995-09-07,,1.55,98.58,,1.339,0.751,0.6515,,32.21
1995-09-06,,1.5501,98.79,,1.3393,0.7505,0.6507,,32.29
1995-09-05,,1.5565,97.77,,1.343,0.751,0.6525,,32.4
1995-09-01,,1.5533,97.49,,1.3435,0.7494,0.6531,,31.925
1995-08-31,,1.5515,97.75,,1.3432,0.7517,0.6502,,31.87
1995-08-30,,1.544,98.95,,1.3373,0.7546,0.65,,31.83
1995-08-29,,1.5453,97.63,,1.3395,0.751,0.6525,,31.85
1995-08-28,,1.5525,96.6,,1.3405,0.7434,0.6526,,31.85
1995-08-25,,1.5418,96.64,,1.3461,0.7435,0.6505,,31.72
1995-08-24,,1.5432,96.55,,1.3565,0.7408,0.6435,,31.82
1995-08-23,,1.5415,96.5,,1.3585,0.7405,0.6475,,31.7
1995-08-22,,1.5355,96.73,,1.3578,0.74,0.6486,,31.63
1995-08-21,,1.5405,96.55,,1.3592,0.7368,0.6505,,31.62
1995-08-18,,1.543,96.95,,1.3593,0.7355,0.648,,31.59
1995-08-17,,1.5345,97.85,,1.359,0.7315,0.646,,31.595
1995-08-16,,1.5515,97.8,,1.359,0.732,0.6503,,31.62
1995-08-15,,1.5553,96.68,,1.3607,0.7363,0.6555,,31.49
1995-08-14,,1.574,93.61,,1.3632,0.7415,0.6638,,31.495
1995-08-11,,1.5776,93.77,,1.359,0.742,0.6613,,31.457
1995-08-10,,1.5888,92.83,,1.358,0.7398,0.6573,,31.45
1995-08-09,,1.6002,91.57,,1.3605,0.742,0.662,,31.47
1995-08-08,,1.601,91.77,,1.3565,0.7436,0.6655,,31.45
1995-08-07,,1.6018,91.3,,1.3574,0.7414,0.6687,,31.44
1995-08-04,,1.6073,91.25,,1.3562,0.7425,0.6695,,31.42
1995-08-03,,1.6068,90.45,,1.3589,0.7402,0.6705,,31.417
1995-08-02,,1.5995,90.82,,1.357,0.7405,0.6706,,31.42
1995-08-01,,1.5992,88.43,,1.3667,0.7403,0.6732,,31.42
1995-07-31,,1.598,88.34,,1.3695,0.7387,0.6738,,31.43
1995-07-28,,1.6003,88.18,,1.3644,0.7363,0.671,,31.395
1995-07-27,,1.5964,87.95,,1.3608,0.7365,0.6697,,31.387
1995-07-26,,1.5956,87.95,,1.358,0.7381,0.6745,,31.39
1995-07-25,,1.5879,87.88,,1.3558,0.7385,0.6762,,31.377
1995-07-24,,1.5976,87.55,,1.359,0.7375,0.676,,31.38
1995-07-21,,1.594,88.55,,1.3598,0.735,0.6746,,31.37
1995-07-20,,1.597,87.76,,1.3635,0.7348,0.6763,,31.38
1995-07-19,,1.5955,87.75,,1.3602,0.732,0.6755,,31.39
1995-07-18,,1.5962,88.35,,1.3605,0.7324,0.6753,,31.38
1995-07-17,,1.5945,88.65,,1.3561,0.7323,0.6745,,31.38
1995-07-14,,1.5945,87.89,,1.3593,0.7303,0.6763,,31.37
1995-07-13,,1.6005,87.4,,1.3592,0.7327,0.6756,,31.372
1995-07-12,,1.5915,87.51,,1.3555,0.7215,0.6728,,31.37
1995-07-11,,1.588,87.45,,1.3541,0.72,0.6735,,31.402
1995-07-10,,1.5905,87.09,,1.3518,0.7146,0.6727,,31.372
1995-07-07,,1.5945,86.77,,1.364,0.7157,0.6774,,31.39
1995-07-06,,1.5985,85.18,,1.3693,0.7115,0.6757,,31.38
1995-07-05,,1.595,84.94,,1.3703,0.71,0.6714,,31.38
1995-07-03,,1.5972,84.8,,1.3723,0.71,0.6705,,31.41
1995-06-30,,1.5905,84.78,,1.3738,0.7108,0.6685,,31.41
1995-06-29,,1.5915,84.7,,1.3765,0.7155,0.6685,,31.43
1995-06-28,,1.574,85.7,,1.3755,0.7142,0.6682,,31.407
1995-06-27,,1.5845,84.08,,1.376,0.7142,0.6713,,31.375
1995-06-26,,1.5855,84.34,,1.3725,0.7185,0.672,,31.377
1995-06-23,,1.6045,84.5,,1.3743,0.7208,0.67,,31.39
1995-06-22,,1.5998,84.65,,1.3763,0.7207,0.6705,,31.38
1995-06-21,,1.6049,84.38,,1.376,0.7255,0.6725,,31.39
1995-06-20,,1.603,84.65,,1.3798,0.7243,0.6722,,31.4
1995-06-19,,1.5995,84.95,,1.3813,0.7267,0.6712,,31.4
1995-06-16,,1.607,84.66,,1.3825,0.7281,0.6691,,31.4
1995-06-15,,1.5955,84.82,,1.377,0.7275,0.6687,,31.4
1995-06-14,,1.6085,84.4,,1.3815,0.7215,0.6712,,31.4
1995-06-13,,1.5955,84.33,,1.3843,0.7193,0.6693,,31.4
1995-06-12,,1.595,83.92,,1.3798,0.7175,0.6675,,31.42
1995-06-09,,1.5945,84.4,,1.3769,0.72,0.668,,31.42
1995-06-08,,1.592,84.9,,1.3738,0.7227,0.6703,,31.41
1995-06-07,,1.5942,84.24,,1.3805,0.7205,0.672,,31.412
1995-06-06,,1.59,85.1,,1.381,0.7165,0.6703,,31.4
1995-06-05,,1.5955,84.63,,1.3772,0.7143,0.668,,31.4
1995-06-02,,1.586,84.9,,1.3757,0.7165,0.6678,,31.44
1995-06-01,,1.5945,84.95,,1.373,0.7154,0.6613,,31.42
1995-05-31,,1.5865,84.65,,1.3698,0.719,0.6647,,31.43
1995-05-30,,1.601,83,,1.3707,0.7203,0.6673,,31.3725
1995-05-26,,1.604,82.85,,1.373,0.719,0.669,,31.4
1995-05-25,,1.6037,85.05,,1.3695,0.7192,0.664,,31.41
1995-05-24,,1.5755,87.15,,1.3653,0.717,0.6588,,31.4
1995-05-23,,1.566,87.38,,1.365,0.7187,0.6604,,31.387
1995-05-22,,1.575,87.47,,1.365,0.7181,0.6576,,31.407
1995-05-19,,1.5735,86.77,,1.357,0.715,0.656,,31.42
1995-05-18,,1.5625,87.43,,1.357,0.7175,0.661,,31.44
1995-05-17,,1.5685,86.73,,1.3572,0.7305,0.6666,,31.44
1995-05-16,,1.569,86.2,,1.3562,0.7273,0.6628,,31.45
1995-05-15,,1.5652,86.86,,1.3592,0.7333,0.6616,,31.45
1995-05-12,,1.571,87,,1.3535,0.7407,0.662,,31.44
1995-05-11,,1.5576,85.8,,1.352,0.7328,0.6695,,31.38
1995-05-10,,1.5815,83.87,,1.3568,0.7286,0.6713,,31.435
1995-05-09,,1.5885,82.95,,1.3578,0.7292,0.6752,,31.39
1995-05-08,,1.608,83,,1.3581,0.7385,0.6755,,31.4
1995-05-05,,1.599,84.03,,1.354,0.7417,0.6753,,31.42
1995-05-04,,1.6185,83.62,,1.3645,0.7405,0.6785,,31.42
1995-05-03,,1.6172,83.45,,1.3645,0.733,0.6762,,31.43
1995-05-02,,1.6125,83.69,,1.3576,0.7292,0.675,,31.432
1995-05-01,,1.618,83.53,,1.3555,0.7285,0.6744,,31.44
1995-04-28,,1.6091,84.04,,1.3597,0.7272,0.6718,,31.45
1995-04-27,,1.6162,83.58,,1.3633,0.7278,0.6737,,31.39
1995-04-26,,1.6105,83.98,,1.363,0.7262,0.6663,,31.38
1995-04-25,,1.6135,81.95,,1.365,0.727,0.6737,,31.38
1995-04-24,,1.6055,83.26,,1.3655,0.7298,0.6721,,31.4
1995-04-21,,1.61,82.92,,1.3683,0.7325,0.672,,31.425
1995-04-20,,1.6127,82.95,,1.3708,0.7345,0.6716,,31.44
1995-04-19,,1.616,81.12,,1.3711,0.7351,0.6695,,31.4
1995-04-18,,1.614,81.4,,1.3697,0.7411,0.6718,,31.395
1995-04-17,,1.6195,82.1,,1.3663,0.7418,0.6751,,31.41
1995-04-14,,1.602,83.35,,1.369,0.74,0.672,,31.36
1995-04-13,,1.6068,83.59,,1.3737,0.7397,0.6728,,31.36
1995-04-12,,1.59,84,,1.3777,0.7427,0.667,,31.39
1995-04-11,,1.5945,83.8,,1.3796,0.7405,0.6628,,31.4
1995-04-10,,1.594,83.1,,1.3841,0.741,0.6645,,31.4
1995-04-07,,1.6015,84.32,,1.3918,0.741,0.663,,31.41
1995-04-06,,1.6058,85.47,,1.3998,0.7402,0.658,,31.43
1995-04-05,,1.6065,86.25,,1.3923,0.7393,0.657,,31.445
1995-04-04,,1.6015,86.36,,1.3943,0.7327,0.655,,31.41
1995-04-03,,1.616,86.25,,1.399,0.7327,0.6548,,31.47
1995-03-31,,1.619,86.85,,1.3993,0.7325,0.6549,,31.43
1995-03-30,,1.5985,89.53,,1.3987,0.728,0.6497,,31.455
1995-03-29,,1.608,88.31,,1.4037,0.7239,0.6491,,31.5
1995-03-28,,1.61,89.22,,1.4033,0.7273,0.6482,,31.55
1995-03-27,,1.5955,89.07,,1.4015,0.7252,0.6481,,31.615
1995-03-24,,1.588,89.1,,1.4015,0.7285,0.6505,,31.62
1995-03-23,,1.5923,88.31,,1.4065,0.7253,0.6482,,31.6
1995-03-22,,1.586,88.92,,1.4026,0.725,0.647,,31.565
1995-03-21,,1.5855,89.38,,1.402,0.7264,0.6465,,31.505
1995-03-20,,1.5805,89.42,,1.4085,0.7238,0.6447,,31.5
1995-03-17,,1.582,89.19,,1.4178,0.734,0.6463,,31.405
1995-03-16,,1.586,90.3,,1.4142,0.746,0.6415,,31.455
1995-03-15,,1.603,89.4,,1.4158,0.7455,0.6505,,31.385
1995-03-14,,1.5855,90.97,,1.417,0.744,0.6504,,31.835
1995-03-13,,1.5968,90.5,,1.4121,0.7462,0.6507,,31.8005
1995-03-10,,1.5802,91.23,,1.4091,0.7445,0.6465,,31.78
1995-03-09,,1.6152,90.57,,1.4132,0.741,0.646,,31.685
1995-03-08,,1.619,91.27,,1.4088,0.7391,0.6442,,31.81
1995-03-07,,1.644,90.85,,1.4215,0.7385,0.6452,,31.9
1995-03-06,,1.633,92.6,,1.4179,0.7393,0.6432,,31.83
1995-03-03,,1.621,94.4,,1.4015,0.7381,0.6383,,31.365
1995-03-02,,1.591,95.81,,1.404,0.737,0.6345,,31.485
1995-03-01,,1.5843,96.75,,1.3965,0.7348,0.6333,,31.415
1995-02-28,,1.584,96.6,,1.3937,0.738,0.6335,,31.425
1995-02-27,,1.5835,96.75,,1.3965,0.7395,0.6358,,31.395
1995-02-24,,1.5885,97.1,,1.394,0.7373,0.6321,,31.4
1995-02-23,,1.593,96.8,,1.3943,0.7365,0.6323,,31.3825
1995-02-22,,1.586,97.03,,1.3987,0.738,0.635,,31.3775
1995-02-21,,1.5815,97.3,,1.3995,0.7415,0.6355,,31.3875
1995-02-17,,1.5765,97.48,,1.4055,0.7375,0.6395,,31.37
1995-02-16,,1.5775,97.55,,1.41,0.7455,0.6347,,31.365
1995-02-15,,1.5605,98.52,,1.4047,0.747,0.6343,,31.375
1995-02-14,,1.5575,98.65,,1.3995,0.744,0.6328,,31.37
1995-02-13,,1.5635,98.66,,1.4028,0.7442,0.6335,,31.3725
1995-02-10,,1.5627,98.86,,1.402,0.7452,0.6342,,31.375
1995-02-09,,1.5565,98.85,,1.3988,0.744,0.6327,,31.375
1995-02-08,,1.5523,98.98,,1.395,0.7441,0.6302,,31.3675
1995-02-07,,1.557,99.42,,1.3955,0.7464,0.6311,,31.3725
1995-02-06,,1.56,99.3,,1.3985,0.7511,0.6315,,31.37
1995-02-03,,1.5643,99.75,,1.4029,0.7525,0.637,,31.3825
1995-02-02,,1.583,99.5,,1.4065,0.7585,0.6405,,31.375
1995-02-01,,1.5805,99.4,,1.4109,0.759,0.639,,31.3725
1995-01-31,,1.5815,99.43,,1.4092,0.7575,0.6388,,31.3775
1995-01-30,,1.5935,98.4,,1.4193,0.759,0.639,,31.38
1995-01-27,,1.5885,99.35,,1.4152,0.762,0.6401,,31.38
1995-01-26,,1.5908,99.31,,1.4148,0.7655,0.642,,31.375
1995-01-25,,1.5932,99.6,,1.4149,0.7643,0.6443,,31.39
1995-01-24,,1.596,99.64,,1.4148,0.77,0.6453,,31.3775
1995-01-23,,1.5955,99.75,,1.4195,0.7673,0.6433,,31.375
1995-01-20,,1.5877,99.4,,1.4238,0.7685,0.6415,,31.3725
1995-01-19,,1.575,99.43,,1.422,0.7655,0.6417,,31.3725
1995-01-18,,1.5707,99.55,,1.4217,0.7603,0.6395,,31.37
1995-01-17,,1.568,99,,1.4215,0.7585,0.6392,,31.375
1995-01-13,,1.567,98.77,,1.4112,0.757,0.638,,31.3675
1995-01-12,,1.5715,98.8,,1.4165,0.7665,0.641,,31.37
1995-01-11,,1.5592,99.9,,1.414,0.7703,0.6413,,31.3675
1995-01-10,,1.5585,100.4,,1.4123,0.767,0.6405,,31.37
1995-01-09,,1.5573,100.33,,1.406,0.762,0.6365,,31.3725
1995-01-06,,1.5518,101.37,,1.4008,0.766,0.6368,,31.37
1995-01-05,,1.5635,100.97,,1.4005,0.7675,0.637,,31.3675
1995-01-04,,1.5605,101.4,,1.403,0.7688,0.6381,,31.37
1995-01-03,,1.5624,100.52,,1.4035,0.7703,0.6396,,31.3725
1994-12-30,,1.5665,99.6,,1.403,0.7753,0.6402,,31.3725
1994-12-29,,1.5602,99.65,,1.4078,0.7761,0.6425,,31.3925
1994-12-28,,1.5435,100.33,,1.4035,0.7775,0.6428,,31.41
1994-12-27,,1.545,100.46,,1.4005,0.7765,0.6425,,31.4125
1994-12-23,,1.5445,100.22,,1.3991,0.777,0.6425,,31.3925
1994-12-22,,1.5462,100.45,,1.3985,0.7755,0.6405,,31.405
1994-12-21,,1.5595,100.23,,1.3945,0.775,0.6382,,31.4025
1994-12-20,,1.56,100.32,,1.3946,0.7753,0.6384,,31.41
1994-12-19,,1.5622,100.15,,1.3941,0.7765,0.64,,31.405
1994-12-16,,1.563,100.28,,1.3885,0.775,0.639,,31.375
1994-12-15,,1.563,100.26,,1.3875,0.7778,0.641,,31.3725
1994-12-14,,1.5612,100.3,,1.3875,0.7755,0.6385,,31.37
1994-12-13,,1.5605,100.32,,1.3872,0.775,0.637,,31.3725
1994-12-12,,1.5637,100.04,,1.386,0.774,0.6352,,31.3725
1994-12-09,,1.5602,100.22,,1.3848,0.7742,0.6346,,31.3725
1994-12-08,,1.5632,100.41,,1.3835,0.7695,0.6328,,31.3725
1994-12-07,,1.5641,100.13,,1.3799,0.7697,0.6343,,31.375
1994-12-06,,1.561,100.35,,1.3732,0.769,0.6325,,31.385
1994-12-05,,1.559,100.32,,1.3732,0.77,0.63,,31.395
1994-12-02,,1.5602,100.39,,1.372,0.7693,0.63,,31.39
1994-12-01,,1.5652,99.4,,1.3754,0.7679,0.6299,,31.4225
1994-11-30,,1.567,98.91,,1.3752,0.7689,0.6278,,31.4
1994-11-29,,1.5643,98.95,,1.3777,0.7634,0.6233,,31.39
1994-11-28,,1.563,98.59,,1.3785,0.762,0.6227,,31.375
1994-11-25,,1.563,98.75,,1.3761,0.7596,0.6207,,31.3775
1994-11-23,,1.5725,98.27,,1.3735,0.76,0.6225,,31.3725
1994-11-22,,1.5695,98.19,,1.3762,0.763,0.623,,31.3675
1994-11-21,,1.566,98.41,,1.3669,0.7618,0.622,,31.37
1994-11-18,,1.568,98.5,,1.3675,0.7575,0.624,,31.3725
1994-11-17,,1.577,98.1,,1.3654,0.7535,0.6223,,31.3725
1994-11-16,,1.5715,98.37,,1.365,0.751,0.6195,,31.3725
1994-11-15,,1.584,98.28,,1.3632,0.753,0.62,,31.375
1994-11-14,,1.588,98.07,,1.3578,0.7515,0.62,,31.385
1994-11-10,,1.5992,97.92,,1.3588,0.755,0.6215,,31.435
1994-11-09,,1.605,97.78,,1.3535,0.7565,0.6225,,31.425
1994-11-08,,1.621,96.93,,1.3575,0.7525,0.6215,,31.42
1994-11-07,,1.616,97.24,,1.3556,0.7545,0.6203,,31.435
1994-11-04,,1.6105,97.65,,1.3576,0.749,0.6185,,31.41
1994-11-03,,1.6125,98.2,,1.3573,0.7424,0.6147,,31.405
1994-11-02,,1.6345,97,,1.3555,0.7423,0.6165,,31.43
1994-11-01,,1.632,96.77,,1.3545,0.741,0.6152,,31.39
1994-10-31,,1.635,96.9,,1.3527,0.742,0.615,,31.38
1994-10-28,,1.623,97.4,,1.3502,0.7427,0.6152,,31.37
1994-10-27,,1.6368,96.95,,1.349,0.7433,0.614,,31.385
1994-10-26,,1.632,97.05,,1.3475,0.742,0.613,,31.3725
1994-10-25,,1.6365,96.95,,1.3495,0.7363,0.6123,,31.37
1994-10-24,,1.6275,97.2,,1.3525,0.7363,0.6125,,31.37
1994-10-21,,1.6255,97.37,,1.3543,0.7315,0.612,,31.3725
1994-10-20,,1.6215,97.2,,1.355,0.7366,0.6125,,31.3725
1994-10-19,,1.618,97.3,,1.3548,0.7355,0.6113,,31.3725
1994-10-18,,1.6135,97.79,,1.355,0.7373,0.6113,,31.3725
1994-10-17,,1.61,97.68,,1.3565,0.735,0.6107,,31.37
1994-10-14,,1.591,98.43,,1.354,0.735,0.6061,,31.3725
1994-10-13,,1.5815,99.75,,1.3488,0.7375,0.6055,,31.37
1994-10-12,,1.581,99.95,,1.3477,0.7358,0.6054,,31.37
1994-10-11,,1.578,100.5,,1.3438,0.7355,0.605,,31.37
1994-10-07,,1.5865,100.37,,1.3485,0.7377,0.6045,,31.3725
1994-10-06,,1.5875,99.65,,1.3477,0.7395,0.6047,,31.375
1994-10-05,,1.586,99.47,,1.3472,0.7392,0.6029,,31.37
1994-10-04,,1.5783,99.65,,1.345,0.7382,0.603,,31.375
1994-10-03,,1.5785,99.5,,1.3457,0.7406,0.6027,,31.37
1994-09-30,,1.577,99.05,,1.341,0.74,0.6025,,31.3675
1994-09-29,,1.58,98.67,,1.3425,0.74,0.603,,31.3675
1994-09-28,,1.576,98.77,,1.341,0.7403,0.6017,,31.37
1994-09-27,,1.5775,98.37,,1.3478,0.7391,0.6022,,31.3725
1994-09-26,,1.5745,98.65,,1.3473,0.7397,0.6023,,31.37
1994-09-23,,1.5813,97.7,,1.3458,0.7393,0.6022,,31.3725
1994-09-22,,1.576,98.05,,1.3433,0.7357,0.5992,,31.375
1994-09-21,,1.578,97.92,,1.343,0.7467,0.6002,,31.375
1994-09-20,,1.5745,97.79,,1.3443,0.7426,0.603,,31.37
1994-09-19,,1.566,98.58,,1.3517,0.7427,0.6032,,31.3725
1994-09-16,,1.584,98.72,,1.3515,0.7442,0.604,,31.37
1994-09-15,,1.563,99.45,,1.354,0.7435,0.6037,,31.375
1994-09-14,,1.5673,99.05,,1.3516,0.7415,0.6027,,31.3725
1994-09-13,,1.5623,98.96,,1.3537,0.7442,0.6022,,31.3725
1994-09-12,,1.5696,99,,1.3662,0.7436,0.6021,,31.3725
1994-09-09,,1.5503,99.2,,1.3674,0.745,0.604,,31.375
1994-09-08,,1.5436,99.48,,1.371,0.745,0.6046,,31.3725
1994-09-07,,1.5462,99.25,,1.3685,0.7435,0.6067,,31.375
1994-09-06,,1.5487,98.77,,1.368,0.7404,0.6041,,31.3725
1994-09-02,,1.5475,99.2,,1.3665,0.742,0.6047,,31.3725
1994-09-01,,1.5445,99.63,,1.3682,0.743,0.604,,31.375
1994-08-31,,1.5362,100.11,,1.3712,0.7444,0.6018,,31.3725
1994-08-30,,1.535,99.63,,1.3673,0.743,0.6015,,31.3725
1994-08-29,,1.534,100.05,,1.3693,0.742,0.601,,31.3775
1994-08-26,,1.5355,100.4,,1.37,0.7445,0.6035,,31.3725
1994-08-25,,1.5535,99.71,,1.373,0.7442,0.603,,31.3725
1994-08-24,,1.5535,98.62,,1.3746,0.7405,0.6025,,31.3775
1994-08-23,,1.5535,98.4,,1.3775,0.7355,0.6,,31.3675
1994-08-22,,1.551,98.01,,1.3755,0.7352,0.599,,31.3675
1994-08-19,,1.549,98.57,,1.3757,0.7382,0.599,,31.375
1994-08-18,,1.545,98.85,,1.3792,0.7398,0.6007,,31.3725
1994-08-17,,1.54,100.31,,1.3768,0.7415,0.5978,,31.37
1994-08-16,,1.5427,100.31,,1.3796,0.7402,0.6002,,31.3725
1994-08-15,,1.5422,100.1,,1.3802,0.7405,0.6032,,31.375
1994-08-12,,1.545,100.27,,1.3819,0.7415,0.5992,,31.3725
1994-08-11,,1.5395,100.85,,1.378,0.7455,0.6,,31.37
1994-08-10,,1.5393,101.2,,1.3753,0.743,0.5987,,31.3725
1994-08-09,,1.5385,101.2,,1.3747,0.741,0.6002,,31.3725
1994-08-08,,1.5422,101.33,,1.38,0.7403,0.6043,,31.37
1994-08-05,,1.5425,100.37,,1.3882,0.7415,0.604,,31.375
1994-08-04,,1.5387,100.2,,1.3869,0.7355,0.6025,,31.375
1994-08-03,,1.5395,100.42,,1.3883,0.7325,0.6003,,31.375
1994-08-02,,1.5378,100.37,,1.3896,0.7345,0.6025,,31.3725
1994-08-01,,1.5368,99.35,,1.3885,0.7375,0.6025,,31.3725
1994-07-29,,1.5415,100.05,,1.3835,0.7389,0.6015,,31.3725
1994-07-28,,1.5317,99.18,,1.3808,0.736,0.6,,31.37
1994-07-27,,1.5306,98.18,,1.3797,0.7388,0.6012,,31.3675
1994-07-26,,1.5244,98.03,,1.3807,0.7433,0.6045,,31.37
1994-07-25,,1.532,98.95,,1.3787,0.7432,0.6045,,31.37
1994-07-22,,1.531,98.55,,1.378,0.7395,0.605,,31.45
1994-07-21,,1.5395,98.55,,1.3785,0.735,0.6038,,31.3775
1994-07-20,,1.5493,98.55,,1.3815,0.735,0.6007,,31.3725
1994-07-19,,1.5513,99.2,,1.38,0.7325,0.5993,,31.3725
1994-07-18,,1.5622,98.51,,1.378,0.7308,0.597,,31.37
1994-07-15,,1.5574,98.1,,1.379,0.7332,0.5983,,31.3675
1994-07-14,,1.5615,98.4,,1.382,0.7343,0.5972,,31.3725
1994-07-13,,1.5675,97.9,,1.3814,0.737,0.6051,,31.37
1994-07-12,,1.5725,96.81,,1.3837,0.7348,0.6055,,31.37
1994-07-11,,1.5645,97.37,,1.391,0.7315,0.603,,31.375
1994-07-08,,1.5445,98.1,,1.3903,0.729,0.602,,31.375
1994-07-07,,1.5421,98.86,,1.3885,0.7278,0.5973,,31.3775
1994-07-06,,1.5505,98.23,,1.3849,0.7263,0.596,,31.3825
1994-07-05,,1.5415,98.87,,1.3891,0.726,0.5931,,31.3725
1994-07-01,,1.539,98.51,,1.3822,0.7288,0.5975,,31.3725
1994-06-30,,1.5483,98.51,,1.3825,0.731,0.595,,31.37
1994-06-29,,1.5462,98.82,,1.384,0.7247,0.5928,,31.3725
1994-06-28,,1.5512,100.03,,1.3864,0.722,0.5918,,31.37
1994-06-27,,1.5495,100.05,,1.3875,0.721,0.5897,,31.37
1994-06-24,,1.5519,100.5,,1.3898,0.7278,0.588,,31.37
1994-06-23,,1.5415,101.1,,1.3853,0.7328,0.591,,31.3725
1994-06-22,,1.5315,101.17,,1.385,0.739,0.5936,,31.37
1994-06-21,,1.5405,101.78,,1.3805,0.7438,0.5953,,31.3725
1994-06-20,,1.5385,101.9,,1.394,0.738,0.595,,31.37
1994-06-17,,1.5307,102.75,,1.3925,0.732,0.591,,31.37
1994-06-16,,1.52,103.28,,1.3928,0.7305,0.5876,,31.37
1994-06-15,,1.5194,102.78,,1.3882,0.7312,0.587,,31.37
1994-06-14,,1.5192,102.5,,1.386,0.7288,0.5864,,31.3725
1994-06-13,,1.5202,103,,1.3812,0.7355,0.5887,,31.3725
1994-06-10,,1.5084,103.7,,1.3745,0.734,0.5886,,31.37
1994-06-09,,1.5067,104.45,,1.374,0.7345,0.5887,,31.3725
1994-06-08,,1.5063,104.05,,1.3756,0.7338,0.5905,,31.37
1994-06-07,,1.508,104.9,,1.371,0.7335,0.591,,31.3725
1994-06-06,,1.5083,105.25,,1.3745,0.7345,0.593,,31.37
1994-06-03,,1.5055,105.38,,1.3831,0.7378,0.5943,,31.66
1994-06-02,,1.5082,104.98,,1.3855,0.7377,0.5933,,31.3725
1994-06-01,,1.5172,104.7,,1.386,0.7401,0.5942,,31.38
1994-05-31,,1.512,104.74,,1.3845,0.7385,0.5945,,31.3725
1994-05-27,,1.5095,104.3,,1.3864,0.7327,0.5877,,31.375
1994-05-26,,1.5108,104.45,,1.3865,0.7323,0.5877,,31.3725
1994-05-25,,1.5095,104.5,,1.3825,0.7345,0.5882,,31.3725
1994-05-24,,1.5058,104.9,,1.3786,0.7352,0.5877,,31.375
1994-05-23,,1.5055,104.33,,1.379,0.734,0.5885,,31.3725
1994-05-20,,1.5098,103.97,,1.3768,0.7288,0.5868,,31.3725
1994-05-19,,1.508,104.25,,1.3738,0.7288,0.5855,,31.42
1994-05-18,,1.5085,103.55,,1.3778,0.728,0.5855,,31.375
1994-05-17,,1.5065,104.37,,1.379,0.7275,0.5855,,31.3725
1994-05-16,,1.5025,104.8,,1.3756,0.726,0.5863,,31.38
1994-05-13,,1.4985,104.9,,1.3785,0.7224,0.5835,,31.37
1994-05-12,,1.4995,104.23,,1.3808,0.7175,0.5817,,31.3725
1994-05-11,,1.4911,104.42,,1.3781,0.7221,0.5805,,31.37
1994-05-10,,1.4905,104,,1.3784,0.7242,0.5815,,31.37
1994-05-09,,1.4975,102.7,,1.3797,0.719,0.579,,31.37
1994-05-06,,1.4935,102.72,,1.3836,0.7155,0.5765,,31.38
1994-05-05,,1.498,102.7,,1.3847,0.7148,0.5776,,31.37
1994-05-04,,1.4995,102,,1.3863,0.7117,0.5765,,31.37
1994-05-03,,1.513,101.2,,1.384,0.706,0.5755,,31.37
1994-05-02,,1.5187,101.79,,1.383,0.7115,0.5767,,31.38
1994-04-29,,1.5118,102.05,,1.3818,0.7135,0.577,,31.37
1994-04-28,,1.5075,101.77,,1.3805,0.712,0.574,,31.37
1994-04-27,,1.5055,102.35,,1.3753,0.716,0.574,,31.42
1994-04-26,,1.5037,102.95,,1.3733,0.7203,0.5743,,31.37
1994-04-25,,1.4915,103.26,,1.3815,0.7168,0.573,,31.42
1994-04-22,,1.488,103.6,,1.3785,0.7185,0.5725,,31.37
1994-04-21,,1.4948,103.65,,1.3812,0.7135,0.5682,,31.37
1994-04-20,,1.4858,103.3,,1.3858,0.7162,0.5672,,31.42
1994-04-19,,1.4775,103.23,,1.3865,0.715,0.5653,,31.37
1994-04-18,,1.4725,103.4,,1.3887,0.7175,0.5665,,31.37
1994-04-15,,1.4729,103.6,,1.3851,0.723,0.5685,,31.37
1994-04-14,,1.4765,104.15,,1.3797,0.723,0.568,,31.42
1994-04-13,,1.477,103.57,,1.3763,0.7215,0.5657,,31.42
1994-04-12,,1.4745,103.62,,1.3795,0.7235,0.569,,31.42
1994-04-11,,1.4715,103.45,,1.388,0.7227,0.5703,,31.42
1994-04-08,,1.4763,105.02,,1.3817,0.724,0.5713,,31.37
1994-04-07,,1.4684,104.85,,1.3865,0.7125,0.5682,,31.37
1994-04-06,,1.4686,104.45,,1.384,0.7045,0.566,,31.37
1994-04-05,,1.4621,103.85,,1.3841,0.7033,0.5637,,31.37
1994-04-04,,1.468,103.3,,1.3954,0.705,0.5633,,31.42
1994-04-01,,1.4735,103.75,,1.389,0.7063,0.5647,,31.42
1994-03-31,,1.488,102.4,,1.3838,0.7015,0.5613,,31.37
1994-03-30,,1.4823,103.07,,1.3794,0.699,0.5593,,31.42
1994-03-29,,1.485,103.45,,1.3775,0.7047,0.5663,,31.37
1994-03-28,,1.4965,104.12,,1.3748,0.7113,0.5688,,31.37
1994-03-25,,1.4975,104.85,,1.3753,0.711,0.5663,,31.37
1994-03-24,,1.4948,105.52,,1.3726,0.7095,0.5665,,31.42
1994-03-23,,1.4937,106.4,,1.364,0.7103,0.5702,,31.42
1994-03-22,,1.4865,106,,1.3665,0.7095,0.569,,31.4
1994-03-21,,1.4838,106.25,,1.3642,0.7088,0.5693,,31.38
1994-03-18,,1.4925,106.05,,1.3695,0.7127,0.5728,,31.43
1994-03-17,,1.4947,105.82,,1.3656,0.7125,0.5735,,31.37
1994-03-16,,1.4927,105.85,,1.3623,0.713,0.575,,31.375
1994-03-15,,1.4925,105.97,,1.364,0.718,0.576,,31.37
1994-03-14,,1.4943,106,,1.36,0.7183,0.5755,,31.44
1994-03-11,,1.501,105.05,,1.3617,0.7102,0.5725,,31.44
1994-03-10,,1.5008,105.7,,1.3577,0.709,0.572,,31.3725
1994-03-09,,1.4915,105.88,,1.3522,0.7142,0.5743,,31.44
1994-03-08,,1.4877,105.3,,1.3573,0.717,0.576,,31.44
1994-03-07,,1.492,105.73,,1.3569,0.719,0.577,,31.38
1994-03-04,,1.4895,105.6,,1.3575,0.714,0.5735,,31.4
1994-03-03,,1.4964,103.73,,1.3561,0.706,0.5697,,31.44
1994-03-02,,1.4944,103.7,,1.3534,0.7058,0.5701,,31.4
1994-03-01,,1.4854,104.8,,1.3498,0.7147,0.5765,,31.72
1994-02-28,,1.4875,104.22,,1.3522,0.712,0.575,,31.37
1994-02-25,,1.4875,104.63,,1.3516,0.7212,0.5777,,31.44
1994-02-24,,1.4847,105.15,,1.3475,0.7245,0.5785,,31.75
1994-02-23,,1.4755,105.8,,1.34,0.7245,0.5785,,31.44
1994-02-22,,1.4784,105.27,,1.3425,0.7195,0.578,,31.44
1994-02-18,,1.4791,104.15,,1.3387,0.7135,0.5735,,31.37
1994-02-17,,1.477,104.2,,1.3406,0.715,0.575,,31.44
1994-02-16,,1.4755,103.8,,1.3508,0.7115,0.574,,31.44
1994-02-15,,1.475,103.95,,1.3546,0.7085,0.572,,31.44
1994-02-14,,1.4708,104.08,,1.3536,0.7115,0.5725,,31.44
1994-02-11,,1.4648,107.67,,1.343,0.7148,0.5728,,31.44
1994-02-10,,1.4622,108.45,,1.3416,0.718,0.575,,31.44
1994-02-09,,1.4615,107.89,,1.3447,0.7175,0.5755,,31.44
1994-02-08,,1.4718,108.66,,1.3423,0.718,0.5755,,31.44
1994-02-07,,1.4825,108.56,,1.3418,0.715,0.572,,31.44
1994-02-04,,1.479,108.98,,1.3343,0.7145,0.571,,31.44
1994-02-03,,1.493,108.18,,1.3278,0.715,0.5715,,31.44
1994-02-02,,1.4953,108.03,,1.3277,0.715,0.5723,,31.44
1994-02-01,,1.503,108.05,,1.3308,0.7165,0.5725,,31.44
1994-01-31,,1.5005,108.72,,1.327,0.7085,0.5673,,31.44
1994-01-28,,1.4995,109.45,,1.324,0.7086,0.5675,,31.44
1994-01-27,,1.493,109.62,,1.3115,0.709,0.5683,,31.44
1994-01-26,,1.494,110.28,,1.3133,0.7085,0.5685,,31.44
1994-01-25,,1.493,111.15,,1.3117,0.708,0.567,,31.44
1994-01-24,,1.4905,111.8,,1.311,0.703,0.5658,,31.44
1994-01-21,,1.4948,111.25,,1.3115,0.7025,0.5657,,31.44
1994-01-20,,1.5,111.6,,1.3103,0.7034,0.5648,,31.44
1994-01-19,,1.491,110.85,,1.311,0.701,0.565,,31.44
1994-01-18,,1.4965,110.75,,1.3157,0.696,0.563,,31.44
1994-01-14,,1.4913,111.24,,1.3205,0.69,0.558,,31.44
1994-01-13,,1.4957,111.92,,1.3209,0.6908,0.5573,,31.44
1994-01-12,,1.5018,112.4,,1.3208,0.6902,0.5587,,31.44
1994-01-11,,1.4905,112.35,,1.3219,0.6905,0.5595,,31.44
1994-01-10,,1.4923,112.38,,1.3181,0.6865,0.5584,,31.44
1994-01-07,,1.49,111.97,,1.3235,0.6865,0.5568,,31.44
1994-01-06,,1.4855,112.75,,1.3215,0.684,0.5557,,31.44
1994-01-05,,1.487,113.1,,1.318,0.686,0.5613,,31.44
1994-01-04,,1.484,112.75,,1.3173,0.6845,0.562,,31.44
1994-01-03,,1.476,112.5,,1.3155,0.684,0.562,,31.44
1993-12-31,,1.4775,111.7,,1.3255,0.6783,0.559,,31.44
1993-12-30,,1.4763,112,,1.329,0.6762,0.5575,,31.44
1993-12-29,,1.491,111.6,,1.3335,0.674,0.5583,,31.44
1993-12-28,,1.5072,111.35,,1.329,0.6788,0.5595,,31.44
1993-12-27,,1.5035,111.53,,1.328,0.6785,0.5585,,31.44
1993-12-24,,1.503,110.95,,1.3265,0.6783,0.558,,31.44
1993-12-23,,1.5043,110.55,,1.3265,0.6771,0.5593,,31.44
1993-12-22,,1.4945,110.57,,1.3345,0.68,0.561,,31.44
1993-12-21,,1.4887,111.08,,1.3442,0.6792,0.5613,,31.44
1993-12-20,,1.4855,110.55,,1.3443,0.6785,0.561,,31.44
1993-12-17,,1.491,110.1,,1.3387,0.679,0.5613,,31.44
1993-12-16,,1.4885,109.72,,1.3317,0.674,0.561,,31.44
1993-12-15,,1.4831,109.66,,1.3332,0.6727,0.559,,31.44
1993-12-14,,1.4882,109.38,,1.334,0.6728,0.5561,,31.44
1993-12-13,,1.4903,108.98,,1.3292,0.6715,0.554,,31.44
1993-12-10,,1.4945,109.18,,1.3293,0.6712,0.5557,,31.44
1993-12-09,,1.4945,108.75,,1.3248,0.671,0.555,,31.44
1993-12-08,,1.495,108.62,,1.323,0.672,0.5555,,31.44
1993-12-07,,1.4915,107.6,,1.3227,0.6665,0.5505,,31.44
1993-12-06,,1.4985,108.23,,1.3267,0.671,0.5502,,31.44
1993-12-03,,1.49,108.46,,1.329,0.669,0.5495,,31.44
1993-12-02,,1.4823,108.74,,1.3309,0.666,0.5477,,31.44
1993-12-01,,1.4805,108.7,,1.3333,0.658,0.5463,,31.44
1993-11-30,,1.4852,109.08,,1.3372,0.6584,0.5455,,31.44
1993-11-29,,1.488,109.27,,1.3349,0.6598,0.545,,31.44
1993-11-26,,1.4795,108.75,,1.3288,0.662,0.5468,,31.44
1993-11-24,,1.488,108.15,,1.3293,0.6645,0.5486,,31.44
1993-11-23,,1.487,108.45,,1.327,0.663,0.5475,,31.44
1993-11-22,,1.4745,108.27,,1.33,0.6608,0.5472,,31.44
1993-11-19,,1.4712,108.3,,1.3278,0.6615,0.548,,31.44
1993-11-18,,1.4775,107.1,,1.3227,0.6618,0.55,,31.43
1993-11-17,,1.4765,107,,1.3163,0.663,0.55,,31.43
1993-11-16,,1.483,106.73,,1.319,0.6568,0.5387,,31.43
1993-11-15,,1.4907,106.9,,1.3207,0.6537,0.5382,,31.43
1993-11-12,,1.4818,106.3,,1.3135,0.6583,0.5385,,31.43
1993-11-10,,1.4753,107.28,,1.3086,0.6625,0.5393,,31.43
1993-11-09,,1.4682,108.26,,1.3073,0.6675,0.5455,,31.43
1993-11-08,,1.4808,108.07,,1.2963,0.67,0.5531,,31.43
1993-11-05,,1.4865,108.2,,1.2935,0.6737,0.5572,,31.43
1993-11-04,,1.4788,108.27,,1.3048,0.6727,0.5545,,31.43
1993-11-03,,1.4805,107.3,,1.3092,0.676,0.5545,,31.43
1993-11-02,,1.4825,107.57,,1.3058,0.673,0.5547,,31.43
1993-11-01,,1.4807,108.28,,1.316,0.674,0.5545,,31.43
1993-10-29,,1.4882,108.35,,1.322,0.6655,0.554,,31.43
1993-10-28,,1.48,108.5,,1.3227,0.667,0.554,,31.43
1993-10-27,,1.4783,108.47,,1.3184,0.6661,0.5545,,31.43
1993-10-26,,1.477,108.14,,1.3207,0.6671,0.5556,,31.43
1993-10-25,,1.4863,108.36,,1.3095,0.6693,0.556,,31.43
1993-10-22,,1.4725,108.16,,1.305,0.669,0.5568,,31.53
1993-10-21,,1.4863,108.35,,1.317,0.67,0.556,,31.53
1993-10-20,,1.4893,107.31,,1.322,0.668,0.5557,,31.53
1993-10-19,,1.4924,107.07,,1.3253,0.6642,0.555,,31.53
1993-10-18,,1.498,107.47,,1.3275,0.661,0.5515,,31.53
1993-10-15,,1.512,107.08,,1.3317,0.662,0.55,,31.53
1993-10-14,,1.5127,107.43,,1.3267,0.663,0.5516,,31.53
1993-10-13,,1.5223,106.02,,1.3293,0.6613,0.5518,,31.53
1993-10-12,,1.532,105.95,,1.3312,0.659,0.5521,,31.53
1993-10-08,,1.5352,105.57,,1.3317,0.658,0.5515,,31.53
1993-10-07,,1.522,105.15,,1.333,0.655,0.5495,,31.53
1993-10-06,,1.5257,105.6,,1.3355,0.6545,0.5476,,31.53
1993-10-05,,1.5165,105.57,,1.3386,0.6465,0.548,,31.53
1993-10-04,,1.514,105.8,,1.339,0.646,0.5503,,31.53
1993-10-01,,1.5048,106.05,,1.339,0.6475,0.5505,,31.53
1993-09-30,,1.496,106.05,,1.336,0.645,0.5504,,31.53
1993-09-29,,1.512,105.2,,1.3289,0.645,0.55,,31.53
1993-09-28,,1.5152,105.25,,1.3237,0.6475,0.552,,31.53
1993-09-27,,1.5123,105.9,,1.3243,0.65,0.5545,,31.53
1993-09-24,,1.5013,106.05,,1.3195,0.6542,0.5547,,31.53
1993-09-23,,1.5055,106.07,,1.3225,0.651,0.5536,,31.53
1993-09-22,,1.5198,106.5,,1.319,0.655,0.5541,,31.53
1993-09-21,,1.503,106.5,,1.3232,0.654,0.5537,,31.53
1993-09-20,,1.5317,104.31,,1.322,0.6496,0.5525,,31.53
1993-09-17,,1.5345,104.5,,1.314,0.6512,0.5515,,31.53
1993-09-16,,1.533,104.45,,1.3147,0.6508,0.5515,,31.53
1993-09-15,,1.5512,106.3,,1.313,0.6497,0.5527,,31.63
1993-09-14,,1.5463,105.85,,1.3218,0.646,0.5528,,31.63
1993-09-13,,1.542,106.3,,1.3162,0.651,0.5512,,31.63
1993-09-10,,1.5495,106.2,,1.3145,0.6494,0.551,,31.63
1993-09-09,,1.55,105.2,,1.3163,0.6555,0.5522,,31.63
1993-09-08,,1.5395,105.64,,1.319,0.658,0.5525,,31.63
1993-09-07,,1.5425,104.05,,1.3243,0.6498,0.5483,,31.63
1993-09-03,,1.5262,105.05,,1.3284,0.6483,0.5425,,31.63
1993-09-02,,1.5012,106,,1.327,0.656,0.5478,,31.63
1993-09-01,,1.5075,105.7,,1.3227,0.668,0.5535,,31.63
1993-08-31,,1.4868,104.73,,1.3208,0.671,0.552,,31.63
1993-08-30,,1.4905,103.94,,1.3204,0.6707,0.551,,31.63
1993-08-27,,1.5005,104,,1.3218,0.666,0.552,,31.63
1993-08-26,,1.499,104.4,,1.316,0.6702,0.555,,31.63
1993-08-25,,1.4818,104.95,,1.3145,0.671,0.5565,,31.63
1993-08-24,,1.4962,103.73,,1.3194,0.669,0.5528,,31.63
1993-08-23,,1.5013,103.12,,1.32,0.6665,0.5505,,31.48
1993-08-20,,1.512,104.85,,1.32,0.6771,0.5535,,31.63
1993-08-19,,1.505,103.95,,1.3185,0.6747,0.555,,31.63
1993-08-18,,1.5112,101.6,,1.32,0.6747,0.555,,31.63
1993-08-17,,1.4885,101.55,,1.3143,0.6732,0.554,,31.63
1993-08-16,,1.484,101.1,,1.3152,0.6795,0.553,,31.63
1993-08-13,,1.4595,102.18,,1.315,0.678,0.5515,,31.63
1993-08-12,,1.463,103.17,,1.3099,0.678,0.551,,31.63
1993-08-11,,1.4737,103.68,,1.3008,0.6823,0.5493,,31.6
1993-08-10,,1.4802,104.67,,1.2918,0.686,0.5489,,31.6
1993-08-09,,1.4927,104.93,,1.2914,0.6805,0.5572,,31.6
1993-08-06,,1.4985,104.45,,1.2908,0.6795,0.55,,31.6
1993-08-05,,1.491,104.25,,1.2895,0.6866,0.5535,,31.6
1993-08-04,,1.5005,104.8,,1.2879,0.688,0.5515,,31.6
1993-08-03,,1.5045,104.43,,1.291,0.69,0.5521,,31.6
1993-08-02,,1.4897,104.35,,1.2873,0.6895,0.5521,,31.6
1993-07-30,,1.485,105.05,,1.2844,0.688,0.554,,31.6
1993-07-29,,1.4861,106.3,,1.2875,0.6771,0.5515,,31.6
1993-07-28,,1.4945,105.33,,1.2836,0.6758,0.5512,,31.6
1993-07-27,,1.489,106.35,,1.284,0.6773,0.5524,,31.6
1993-07-26,,1.5015,106.9,,1.2814,0.679,0.5525,,31.6
1993-07-23,,1.4964,106.8,,1.2799,0.678,0.551,,31.6
1993-07-22,,1.5085,106.9,,1.2795,0.677,0.5505,,31.6
1993-07-21,,1.5155,108.5,,1.2772,0.6775,0.5495,,31.6
1993-07-20,,1.501,108.4,,1.2784,0.677,0.547,,31.6
1993-07-19,,1.4985,108.5,,1.2784,0.677,0.547,,31.6
1993-07-16,,1.4795,107.8,,1.2798,0.6787,0.5492,,31.6
1993-07-15,,1.4883,108.25,,1.2819,0.68,0.5492,,31.6
1993-07-14,,1.5012,107.5,,1.2834,0.6775,0.5503,,31.6
1993-07-13,,1.4929,108.34,,1.2783,0.6775,0.5483,,31.6
1993-07-12,,1.478,109.65,,1.279,0.6795,0.5495,,31.6
1993-07-09,,1.4779,109.67,,1.2765,0.6824,0.55,,31.6
1993-07-08,,1.4948,108.75,,1.2804,0.6848,0.551,,31.6
1993-07-07,,1.4935,107.7,,1.2847,0.6792,0.5465,,31.6
1993-07-06,,1.5097,108.28,,1.2857,0.6766,0.5443,,31.6
1993-07-02,,1.5075,108.7,,1.2887,0.6692,0.5428,,31.6
1993-07-01,,1.5065,107.85,,1.2886,0.6663,0.5412,,31.6
1993-06-30,,1.493,106.8,,1.2823,0.6663,0.5366,,31.6
1993-06-29,,1.503,107.13,,1.2815,0.6695,0.5378,,31.6
1993-06-28,,1.493,106.05,,1.2836,0.6677,0.5373,,31.6
1993-06-25,,1.4778,106.15,,1.283,0.6694,0.5372,,31.6
1993-06-24,,1.4675,109.25,,1.2825,0.6698,0.5366,,31.6
1993-06-23,,1.4717,109.15,,1.2807,0.6738,0.5383,,31.6
1993-06-22,,1.4772,111.35,,1.2785,0.6838,0.54,,31.6
1993-06-21,,1.488,111.05,,1.2738,0.685,0.5425,,31.7
1993-06-18,,1.496,109.5,,1.2749,0.6775,0.5412,,31.7
1993-06-17,,1.5145,106.75,,1.2771,0.6743,0.5423,,31.7
1993-06-16,,1.5035,106.6,,1.2804,0.6765,0.5445,,31.7
1993-06-15,,1.522,105.6,,1.2796,0.6765,0.5438,,31.7
1993-06-14,,1.527,105.15,,1.2815,0.675,0.5422,,31.7
1993-06-11,,1.5245,106.1,,1.28,0.6795,0.542,,31.7
1993-06-10,,1.519,106.16,,1.2791,0.6763,0.5371,,31.7
1993-06-09,,1.515,106.55,,1.2806,0.6745,0.5356,,31.7
1993-06-08,,1.5175,106.3,,1.283,0.6683,0.5339,,31.7
1993-06-07,,1.5225,107.36,,1.2785,0.6733,0.5363,,31.7
1993-06-04,,1.517,107.75,,1.2775,0.675,0.5376,,31.7
1993-06-03,,1.5393,107.4,,1.2746,0.6812,0.5426,,31.7
1993-06-02,,1.541,107.68,,1.2714,0.678,0.5422,,31.7
1993-06-01,,1.551,107.23,,1.2722,0.677,0.5411,,31.7
1993-05-28,,1.5605,107.17,,1.2707,0.6862,0.542,,31.7
1993-05-27,,1.5545,107.8,,1.2637,0.6933,0.5449,,31.7
1993-05-26,,1.546,108.65,,1.2645,0.6984,0.5469,,31.6
1993-05-25,,1.542,109.5,,1.2606,0.7001,0.5473,,31.6
1993-05-24,,1.535,110.35,,1.2622,0.6941,0.5438,,31.6
1993-05-21,,1.5415,110.43,,1.2665,0.6948,0.5442,,31.6
1993-05-20,,1.5563,110.5,,1.2683,0.6934,0.5411,,31.6
1993-05-19,,1.5408,110.52,,1.2675,0.6925,0.5392,,31.6
1993-05-18,,1.5314,111.59,,1.273,0.6912,0.537,,31.6
1993-05-17,,1.5322,111.4,,1.2757,0.7021,0.5432,,31.6
1993-05-14,,1.5385,110.85,,1.2743,0.7021,0.543,,31.6
1993-05-13,,1.5255,111.7,,1.2727,0.7055,0.5438,,31.6
1993-05-12,,1.534,111.5,,1.2747,0.7005,0.5425,,31.6
1993-05-11,,1.542,111.05,,1.2749,0.6993,0.5415,,31.6
1993-05-10,,1.535,111.75,,1.2685,0.7026,0.5438,,31.6
1993-05-07,,1.5715,110.35,,1.2711,0.7083,0.547,,31.6
1993-05-06,,1.57,110.3,,1.2707,0.7038,0.5451,,31.6
1993-05-05,,1.566,110.25,,1.2763,0.6992,0.541,,31.6
1993-05-04,,1.5703,110.3,,1.2727,0.6982,0.5398,,31.6
1993-05-03,,1.561,110.9,,1.2675,0.7061,0.5409,,31.65
1993-04-30,,1.5695,111.27,,1.2702,0.7045,0.541,,31.65
1993-04-29,,1.5705,111.75,,1.2724,0.7133,0.5433,,31.65
1993-04-28,,1.571,112.4,,1.2732,0.713,0.5433,,31.65
1993-04-27,,1.5775,111.25,,1.2715,0.717,0.545,,31.65
1993-04-26,,1.59,110.45,,1.2585,0.721,0.5463,,31.6
1993-04-23,,1.5755,110.62,,1.2615,0.7132,0.5433,,31.6
1993-04-22,,1.548,110.05,,1.262,0.7117,0.54,,31.6
1993-04-21,,1.5363,111.1,,1.258,0.715,0.5399,,31.6
1993-04-20,,1.5424,110.8,,1.2567,0.7157,0.5402,,31.6
1993-04-19,,1.5379,111.03,,1.2562,0.7192,0.5413,,31.6
1993-04-16,,1.5255,112.63,,1.259,0.7164,0.5382,,31.6
1993-04-15,,1.543,113.4,,1.261,0.7209,0.5407,,31.6
1993-04-14,,1.552,113.9,,1.2634,0.7213,0.5423,,31.7
1993-04-13,,1.5585,113.4,,1.2613,0.7175,0.5415,,31.6
1993-04-12,,1.5478,112.75,,1.2607,0.7115,0.54,,
1993-04-09,,1.5282,113.2,,1.2597,0.7085,0.538,,31.6
1993-04-08,,1.5253,113.45,,1.258,0.7092,0.538,,31.6
1993-04-07,,1.5138,113.7,,1.2614,0.7055,0.5352,,31.6
1993-04-06,,1.5127,114,,1.2595,0.7037,0.5324,,31.6
1993-04-05,,1.52,113.6,,1.262,0.7019,0.5325,,31.6
1993-04-02,,1.513,114.2,,1.2605,0.697,0.5288,,31.6
1993-04-01,,1.526,114.1,,1.2585,0.697,0.5276,,31.5
1993-03-31,,1.509,114.9,,1.2573,0.7044,0.5316,,31.5
1993-03-30,,1.495,116.62,,1.2514,0.7108,0.5345,,31.5
1993-03-29,,1.4904,116.77,,1.2468,0.7078,0.5341,,31.5
1993-03-26,,1.4905,116.4,,1.2449,0.709,0.534,,31.75
1993-03-25,,1.4743,117.3,,1.244,0.7089,0.5323,,31.75
1993-03-24,,1.482,116.88,,1.2446,0.7052,0.5321,,31.75
1993-03-23,,1.4832,115.7,,1.2483,0.7035,0.5292,,31.75
1993-03-22,,1.4876,115.67,,1.2453,0.7147,0.5365,,31.75
1993-03-19,,1.4892,115.95,,1.2455,0.7157,0.5336,,31.75
1993-03-18,,1.4755,116.88,,1.2472,0.7137,0.5347,,31.8
1993-03-17,,1.451,117.25,,1.2518,0.7096,0.5335,,31.8
1993-03-16,,1.4445,116.9,,1.2505,0.7051,0.5275,,31.9
1993-03-15,,1.434,118.45,,1.2465,0.7031,0.5266,,31.8
1993-03-12,,1.433,117.8,,1.2435,0.7108,0.5278,,31.8
1993-03-11,,1.4349,117.57,,1.2446,0.7067,0.5271,,31.9
1993-03-10,,1.432,118.12,,1.2458,0.7044,0.5271,,31.8
1993-03-09,,1.4345,117.4,,1.2462,0.701,0.528,,31.8
1993-03-08,,1.4455,116.62,,1.2435,0.7062,0.5265,,32
1993-03-05,,1.447,117.65,,1.2475,0.7077,0.5275,,32.1
1993-03-04,,1.4535,116.8,,1.2428,0.7125,0.53,,32.3
1993-03-03,,1.449,117.25,,1.2469,0.7053,0.5268,,32.3
1993-03-02,,1.4475,117.77,,1.248,0.707,0.528,,32.8
1993-03-01,,1.4363,118.75,,1.2498,0.7052,0.5269,,33.5
1993-02-26,,1.4215,118.1,,1.2498,0.6955,0.5233,,30.27
1993-02-25,,1.43,117.5,,1.2535,0.694,0.5225,,30.38
1993-02-24,,1.4375,116.9,,1.2619,0.6961,0.5252,,30.18
1993-02-23,,1.4585,116.65,,1.255,0.696,0.5252,,30.28
1993-02-22,,1.4544,116.45,,1.262,0.6909,0.5184,,30.28
1993-02-19,,1.4525,119.11,,1.257,0.69,0.5168,,30.18
1993-02-18,,1.446,119.6,,1.26,0.6878,0.516,,30.18
1993-02-17,,1.4439,119.4,,1.2617,0.6864,0.5157,,30.05
1993-02-16,,1.4475,119.8,,1.2564,0.6871,0.5158,,30.2
1993-02-12,,1.4175,120.9,,1.2554,0.6774,0.512,,30.4
1993-02-11,,1.418,120.5,,1.2563,0.6764,0.513,,30.5
1993-02-10,,1.4255,120.97,,1.2659,0.6705,0.5115,,30.2
1993-02-09,,1.431,121.38,,1.2682,0.67,0.5095,,30.05
1993-02-08,,1.4395,124.02,,1.2641,0.6694,0.5091,,29.9
1993-02-05,,1.4475,124.43,,1.2611,0.6762,0.5133,,29.9
1993-02-04,,1.4452,124.58,,1.263,0.6786,0.514,,29.6
1993-02-03,,1.4345,124.33,,1.2663,0.6798,0.5147,,29.55
1993-02-02,,1.446,124.86,,1.2627,0.6782,0.5145,,29.35
1993-02-01,,1.454,124.95,,1.264,0.6755,0.514,,29.35
1993-01-29,,1.4855,124.97,,1.27,0.6793,0.5162,,29.2
1993-01-28,,1.5165,124.23,,1.2709,0.6812,0.518,,29.3
1993-01-27,,1.5145,124.1,,1.2701,0.6735,0.5156,,29.2
1993-01-26,,1.5385,123.63,,1.2712,0.675,0.518,,29.05
1993-01-25,,1.5585,123.28,,1.2789,0.672,0.5168,,29.05
1993-01-22,,1.532,124.85,,1.2822,0.672,0.5147,,29
1993-01-21,,1.5175,125,,1.2875,0.6655,0.5117,,29
1993-01-20,,1.5416,124.9,,1.2805,0.669,0.5125,,29
1993-01-19,,1.548,125.55,,1.2769,0.6723,0.5135,,29
1993-01-15,,1.53,126.1,,1.2822,0.674,0.5135,,29
1993-01-14,,1.539,125.75,,1.2785,0.6698,0.5123,,29
1993-01-13,,1.54,126.03,,1.2821,0.6694,0.5118,,29
1993-01-12,,1.54,125.3,,1.2783,0.6736,0.5127,,29
1993-01-11,,1.5535,125.05,,1.2755,0.6736,0.5129,,29.02
1993-01-08,,1.54,125.27,,1.2825,0.672,0.5101,,29
1993-01-07,,1.536,125.25,,1.2798,0.669,0.508,,29
1993-01-06,,1.5413,125.1,,1.2782,0.67,0.5055,,29
1993-01-05,,1.545,125.11,,1.2768,0.6735,0.5053,,29
1993-01-04,,1.501,125.4,,1.2782,0.6818,0.5121,,29
1992-12-31,,1.513,124.85,,1.2714,0.689,0.5135,,29
1992-12-30,,1.512,124.59,,1.2687,0.6894,0.5134,,29
1992-12-29,,1.5125,124.7,,1.266,0.6895,0.5138,,29
1992-12-28,,1.5115,124.75,,1.2617,0.6885,0.5148,,29
1992-12-24,,1.523,123.9,,1.2612,0.6912,0.5152,,29
1992-12-23,,1.526,123.85,,1.2605,0.6904,0.5139,,29
1992-12-22,,1.5385,123.52,,1.2613,0.691,0.5154,,29
1992-12-21,,1.564,122.97,,1.2675,0.693,0.5175,,29
1992-12-18,,1.566,123.28,,1.2756,0.6916,0.5171,,29
1992-12-17,,1.574,123.1,,1.2748,0.6894,0.5188,,28.98
1992-12-16,,1.5772,122.9,,1.2787,0.6888,0.518,,29
1992-12-15,,1.5665,124.1,,1.2772,0.6881,0.5144,,29
1992-12-14,,1.565,123.85,,1.2746,0.6873,0.5155,,29.06
1992-12-11,,1.5578,123.89,,1.2765,0.6902,0.5167,,29.16
1992-12-10,,1.557,123.73,,1.2718,0.6893,0.5151,,29.1
1992-12-09,,1.5695,124.1,,1.2735,0.6942,0.5183,,29.08
1992-12-08,,1.5975,124,,1.2749,0.6934,0.5175,,29.05
1992-12-07,,1.586,124.44,,1.276,0.6924,0.5186,,29.05
1992-12-04,,1.557,124.9,,1.2782,0.6916,0.5171,,28.95
1992-12-03,,1.565,124.67,,1.277,0.6887,0.516,,28.75
1992-12-02,,1.548,124.41,,1.2815,0.6829,0.5127,,28.75
1992-12-01,,1.535,124.4,,1.2857,0.6843,0.512,,28.6
1992-11-30,,1.5135,124.42,,1.2861,0.6822,0.5109,,28.54
1992-11-27,,1.5095,124.4,,1.2855,0.6893,0.515,,28.53
1992-11-25,,1.525,123.93,,1.2832,0.6896,0.5163,,28.5
1992-11-24,,1.519,124.1,,1.2885,0.6848,0.5155,,28.45
1992-11-23,,1.5175,124.18,,1.285,0.6833,0.5145,,28.48
1992-11-20,,1.521,124.22,,1.2785,0.6843,0.5148,,28.48
1992-11-19,,1.532,123.55,,1.273,0.6839,0.5165,,28.48
1992-11-18,,1.5205,124.38,,1.2755,0.6881,0.517,,28.48
1992-11-17,,1.519,124.55,,1.275,0.6842,0.515,,28.48
1992-11-16,,1.518,124.85,,1.27,0.6881,0.5205,,28.45
1992-11-13,,1.549,123.85,,1.264,0.6936,0.5248,,28.45
1992-11-12,,1.523,124.12,,1.2635,0.6935,0.523,,28.45
1992-11-10,,1.513,124.4,,1.2643,0.689,0.5237,,28.47
1992-11-09,,1.52,123.9,,1.2595,0.699,0.5257,,28.48
1992-11-06,,1.5365,123.2,,1.2523,0.7003,0.5295,,28.45
1992-11-05,,1.538,122.67,,1.248,0.6968,0.5252,,28.45
1992-11-04,,1.5535,122.8,,1.246,0.6909,0.5245,,28.45
1992-11-03,,1.5479,122.25,,1.2418,0.695,0.525,,28.45
1992-11-02,,1.533,123.95,,1.2415,0.691,0.5218,,28.48
1992-10-30,,1.5625,123.3,,1.2405,0.6952,0.525,,28.48
1992-10-29,,1.57,123.36,,1.2425,0.6935,0.5272,,28.48
1992-10-28,,1.578,122.5,,1.24,0.6963,0.531,,28.48
1992-10-27,,1.5775,122.48,,1.2372,0.7045,0.534,,28.48
1992-10-26,,1.5865,122.03,,1.2495,0.7143,0.5399,,28.48
1992-10-23,,1.613,121.77,,1.2469,0.7184,0.5412,,28.58
1992-10-22,,1.6195,120.75,,1.2425,0.7201,0.54,,28.48
1992-10-21,,1.6135,121.8,,1.238,0.7184,0.5391,,28.48
1992-10-20,,1.6235,121.95,,1.238,0.715,0.5389,,28.5
1992-10-19,,1.63,119.85,,1.2467,0.7187,0.5405,,28.5
1992-10-16,,1.6555,119.85,,1.2474,0.7196,0.542,,28.48
1992-10-15,,1.7,120.4,,1.2495,0.7224,0.5425,,28.45
1992-10-14,,1.7098,121.02,,1.2485,0.7223,0.5431,,28.45
1992-10-13,,1.714,121.5,,1.2455,0.7222,0.543,,28.45
1992-10-09,,1.6975,122,,1.2505,0.7176,0.5412,,28.45
1992-10-08,,1.6895,120.97,,1.2466,0.7208,0.5432,,28.45
1992-10-07,,1.7175,120.02,,1.2487,0.7194,0.5425,,28.45
1992-10-06,,1.7125,119.92,,1.2474,0.7212,0.545,,28.45
1992-10-05,,1.701,119.65,,1.2469,0.7205,0.545,,28.48
1992-10-02,,1.706,119.35,,1.255,0.7165,0.5433,,28.48
1992-10-01,,1.734,120,,1.2436,0.7141,0.5404,,28.48
1992-09-30,,1.779,120,,1.248,0.7139,0.5372,,28.48
1992-09-29,,1.769,119.75,,1.254,0.713,0.5358,,28.45
1992-09-28,,1.7295,119.58,,1.2465,0.7165,0.5365,,28.48
1992-09-25,,1.714,120.5,,1.2396,0.7225,0.538,,28.48
1992-09-24,,1.709,120.7,,1.2415,0.7233,0.5379,,28.48
1992-09-23,,1.7085,120.15,,1.2424,0.722,0.5385,,28.48
1992-09-22,,1.7082,121.2,,1.2312,0.7235,0.538,,28.48
1992-09-21,,1.7125,123.72,,1.231,0.7257,0.5352,,28.48
1992-09-18,,1.737,124.63,,1.2165,0.7325,0.5431,,28.48
1992-09-17,,1.7815,124.43,,1.2176,0.7317,0.5465,,28.48
1992-09-16,,1.811,124.95,,1.222,0.7302,0.5465,,28.48
1992-09-15,,1.8715,124.38,,1.219,0.7311,0.545,,28.48
1992-09-14,,1.8915,124.25,,1.2118,0.7331,0.5537,,28.48
1992-09-11,,1.9235,124.23,,1.2218,0.7254,0.5472,,28.45
1992-09-10,,1.976,122.98,,1.22,0.7225,0.5436,,28.45
1992-09-09,,1.975,123.23,,1.216,0.7183,0.5405,,28.48
1992-09-08,,2.003,122.68,,1.2043,0.7128,0.5383,,28.48
1992-09-04,,1.9945,123.22,,1.199,0.72,0.542,,28.48
1992-09-03,,1.983,124,,1.1985,0.72,0.5402,,28.48
1992-09-02,,2.0035,123,,1.197,0.7181,0.5401,,28.48
1992-09-01,,1.996,122.95,,1.1943,0.7174,0.5398,,28.48
1992-08-31,,1.9893,122.95,,1.1952,0.7156,0.5392,,
1992-08-28,,1.9825,123.26,,1.1965,0.717,0.5408,,28.63
1992-08-27,,1.9762,124.9,,1.195,0.7165,0.5417,,28.5
1992-08-26,,1.9865,124.95,,1.1909,0.7149,0.5415,,28.48
1992-08-25,,1.988,124.9,,1.1899,0.7112,0.5408,,28.48
1992-08-24,,1.9945,124.68,,1.1904,0.7137,0.5383,,28.48
1992-08-21,,1.9475,126.07,,1.1923,0.7207,0.5384,,28.48
1992-08-20,,1.939,126.32,,1.1927,0.722,0.5401,,28.48
1992-08-19,,1.935,126.3,,1.1978,0.7255,0.5398,,28.48
1992-08-18,,1.9295,126.25,,1.1973,0.7203,0.5381,,28.45
1992-08-17,,1.9257,125.75,,1.195,0.7229,0.5387,,28.45
1992-08-14,,1.916,126.25,,1.1933,0.7211,0.538,,28.45
1992-08-13,,1.931,127.27,,1.1919,0.7187,0.5371,,28.45
1992-08-12,,1.928,127.72,,1.1912,0.7182,0.5343,,28.4
1992-08-11,,1.9215,128.05,,1.1859,0.7287,0.5426,,28.45
1992-08-10,,1.927,128.05,,1.1883,0.7375,0.5427,,28.42
1992-08-07,,1.929,127.5,,1.183,0.7372,0.5435,,28.42
1992-08-06,,1.907,127.75,,1.1865,0.7372,0.5434,,28.42
1992-08-05,,1.913,127.4,,1.183,0.7363,0.544,,28.45
1992-08-04,,1.9215,127.25,,1.1854,0.7414,0.5443,,28.45
1992-08-03,,1.9237,127.28,,1.1842,0.7439,0.5446,,28.45
1992-07-31,,1.92,127.35,,1.1845,0.7443,0.5453,,28.48
1992-07-30,,1.9195,127.65,,1.1831,0.7441,0.5457,,28.48
1992-07-29,,1.9175,127.93,,1.1875,0.7437,0.5453,,28.48
1992-07-28,,1.929,127.58,,1.1884,0.7438,0.5457,,28.48
1992-07-27,,1.916,127.73,,1.189,0.7437,0.5461,,28.5
1992-07-24,,1.8985,127.67,,1.1915,0.746,0.5482,,28.52
1992-07-23,,1.913,126.63,,1.1885,0.7481,0.5488,,28.45
1992-07-22,,1.9035,126.9,,1.1905,0.748,0.5481,,28.5
1992-07-21,,1.9095,125.3,,1.1928,0.7465,0.5475,,28.55
1992-07-20,,1.918,125.25,,1.1893,0.7455,0.5483,,28.55
1992-07-17,,1.9495,124.55,,1.19,0.7443,0.5482,,28.55
1992-07-16,,1.9355,125.45,,1.1909,0.7432,0.546,,28.65
1992-07-15,,1.9257,125,,1.1928,0.7441,0.546,,28.65
1992-07-14,,1.913,126,,1.1936,0.7469,0.5474,,28.65
1992-07-13,,1.929,124.95,,1.1928,0.7456,0.5467,,28.65
1992-07-10,,1.921,125.4,,1.1922,0.7463,0.5458,,28.65
1992-07-09,,1.896,125.8,,1.194,0.7441,0.5455,,28.65
1992-07-08,,1.9195,124.85,,1.1915,0.7466,0.5448,,28.65
1992-07-07,,1.9248,124.42,,1.1965,0.7436,0.5438,,28.6
1992-07-06,,1.9102,124.55,,1.1998,0.7447,0.5441,,28.58
1992-07-03,,1.9085,124.8,,1.2025,0.7444,0.5448,,28.5
1992-07-02,,1.918,124.6,,1.2025,0.7421,0.544,,28.55
1992-07-01,,1.911,124.92,,1.2011,0.7469,0.544,,28.65
1992-06-30,,1.9035,125.87,,1.1972,0.7477,0.5442,,28.7
1992-06-29,,1.907,125.25,,1.1935,0.7471,0.5438,,28.8
1992-06-26,,1.891,125.72,,1.193,0.7465,0.5435,,28.45
1992-06-25,,1.891,125.45,,1.1943,0.75,0.5447,,28.4
1992-06-24,,1.877,126.68,,1.1967,0.7518,0.545,,28.3
1992-06-23,,1.8635,127.23,,1.197,0.7518,0.5443,,28.35
1992-06-22,,1.8615,127.1,,1.1948,0.7495,0.5445,,28.3
1992-06-19,,1.8595,126.93,,1.1981,0.7522,0.546,,28.38
1992-06-18,,1.8655,126.65,,1.1975,0.7545,0.5435,,28.45
1992-06-17,,1.853,127.05,,1.1963,0.7525,0.542,,28.45
1992-06-16,,1.86,126.7,,1.196,0.7534,0.5423,,28.45
1992-06-15,,1.856,126.8,,1.1925,0.7535,0.5417,,28.45
1992-06-12,,1.8515,126.65,,1.1916,0.7586,0.5436,,28.45
1992-06-11,,1.846,126.75,,1.1933,0.7616,0.5433,,28.45
1992-06-10,,1.833,127.65,,1.195,0.7617,0.5434,,28.45
1992-06-09,,1.8325,127.55,,1.1935,0.7631,0.5442,,28.45
1992-06-08,,1.834,127.2,,1.194,0.764,0.5407,,28.7
1992-06-05,,1.836,126.8,,1.1926,0.763,0.5385,,28.68
1992-06-04,,1.825,127.57,,1.1975,0.7629,0.5369,,28.7
1992-06-03,,1.8178,127.8,,1.2003,0.763,0.5373,,28.7
1992-06-02,,1.8245,127.53,,1.2035,0.7575,0.5356,,28.65
1992-06-01,,1.8227,127.45,,1.2048,0.7574,0.5351,,28.7
1992-05-29,,1.829,127.75,,1.2048,0.7568,0.5352,,28.75
1992-05-28,,1.8065,129.62,,1.204,0.7582,0.536,,28.75
1992-05-27,,1.801,129.95,,1.202,0.758,0.5358,,28.82
1992-05-26,,1.828,129.33,,1.2019,0.7585,0.5355,,28.78
1992-05-22,,1.8142,129.4,,1.1955,0.7573,0.5348,,28.65
1992-05-21,,1.817,130.25,,1.196,0.7582,0.5336,,28.53
1992-05-20,,1.8308,129.58,,1.196,0.7566,0.5326,,28.25
1992-05-19,,1.8395,129.1,,1.1959,0.7575,0.5333,,28.2
1992-05-18,,1.8355,128.8,,1.1978,0.7583,0.534,,28.45
1992-05-15,,1.8185,130.25,,1.2028,0.7574,0.534,,28.4
1992-05-14,,1.822,130.2,,1.2025,0.7574,0.5347,,28.3
1992-05-13,,1.813,130.4,,1.2052,0.7525,0.533,,28.35
1992-05-12,,1.813,130.5,,1.2045,0.7523,0.532,,28.45
1992-05-11,,1.7927,133.17,,1.2063,0.7503,0.5337,,28.35
1992-05-08,,1.7875,133.4,,1.2,0.7541,0.5371,,28.7
1992-05-07,,1.7965,132.7,,1.1988,0.7513,0.5368,,28.7
1992-05-06,,1.7945,132.5,,1.1967,0.7552,0.5374,,28.7
1992-05-05,,1.7815,133.07,,1.1915,0.7582,0.5382,,28.7
1992-05-04,,1.783,132.7,,1.1905,0.7538,0.537,,28.6
1992-05-01,,1.786,132.75,,1.1888,0.7555,0.538,,28.4
1992-04-30,,1.775,133.3,,1.196,0.7565,0.5372,,28.7
1992-04-29,,1.7698,133.5,,1.1941,0.7589,0.5386,,28.7
1992-04-28,,1.775,133.33,,1.1954,0.7552,0.5376,,28.7
1992-04-27,,1.78,133.13,,1.194,0.7562,0.5348,,28.8
1992-04-24,,1.772,134.53,,1.1856,0.754,0.534,,28.75
1992-04-23,,1.764,134.53,,1.1858,0.757,0.533,,28.78
1992-04-22,,1.7625,134.15,,1.1863,0.7625,0.5377,,28.85
1992-04-21,,1.747,134.23,,1.18,0.7645,0.5413,,28.7
1992-04-20,,1.7425,134.5,,1.18,0.7681,0.5428,,
1992-04-17,,1.745,134,,1.182,0.767,0.543,,28.99
1992-04-16,,1.7477,133.9,,1.1823,0.7667,0.5438,,28.98
1992-04-15,,1.756,133.39,,1.1799,0.765,0.5445,,28.97
1992-04-14,,1.771,132.79,,1.1818,0.7661,0.5453,,28.95
1992-04-13,,1.762,133.28,,1.1863,0.7638,0.5447,,29.05
1992-04-10,,1.7652,132.9,,1.1867,0.7637,0.5435,,29
1992-04-09,,1.764,132.23,,1.1884,0.7628,0.5437,,29
1992-04-08,,1.7485,132.6,,1.1893,0.7595,0.5421,,29.05
1992-04-07,,1.7495,133.28,,1.188,0.7628,0.5423,,28.9
1992-04-06,,1.75,132.72,,1.1878,0.7632,0.5439,,29
1992-04-03,,1.743,133.25,,1.1893,0.7665,0.547,,29
1992-04-02,,1.7295,133.83,,1.193,0.7663,0.5446,,28.95
1992-04-01,,1.7265,134.5,,1.1915,0.7666,0.545,,29
1992-03-31,,1.7363,132.92,,1.1902,0.77,0.5463,,29.1
1992-03-30,,1.733,133.06,,1.1907,0.767,0.5483,,28.7
1992-03-27,,1.7395,133.12,,1.1888,0.7659,0.549,,29.05
1992-03-26,,1.722,133.95,,1.1898,0.7645,0.5504,,29
1992-03-25,,1.732,133.35,,1.1891,0.7638,0.5495,,29
1992-03-24,,1.72,133.69,,1.192,0.7614,0.5484,,29.25
1992-03-23,,1.715,133.7,,1.193,0.7605,0.5489,,29.25
1992-03-20,,1.706,134.15,,1.1985,0.7593,0.5492,,28.75
1992-03-19,,1.711,133.27,,1.1968,0.7599,0.5497,,28.6
1992-03-18,,1.733,132.05,,1.1933,0.7602,0.548,,28.6
1992-03-17,,1.731,133.45,,1.197,0.7573,0.5463,,28.48
1992-03-16,,1.715,133.98,,1.2002,0.7549,0.5456,,28.58
1992-03-13,,1.7115,133.6,,1.199,0.7547,0.5472,,28.2
1992-03-12,,1.707,134.25,,1.1948,0.7536,0.5479,,28.1
1992-03-11,,1.7253,133.45,,1.1943,0.7547,0.5481,,27.85
1992-03-10,,1.714,132.88,,1.1954,0.7571,0.5483,,27.8
1992-03-09,,1.7225,131.92,,1.1928,0.7567,0.5473,,27.95
1992-03-06,,1.718,131.76,,1.1885,0.7552,0.5477,,27.9
1992-03-05,,1.716,131.85,,1.1905,0.7542,0.547,,28.05
1992-03-04,,1.723,132.11,,1.1923,0.7521,0.5453,,27.9
1992-03-03,,1.739,130.84,,1.1907,0.7527,0.5482,,27.9
1992-03-02,,1.7543,129.63,,1.1847,0.7545,0.5471,,26.3
1992-02-28,,1.756,129.15,,1.182,0.7538,0.5466,,26.2
1992-02-27,,1.754,129.41,,1.1795,0.7533,0.5463,,25.75
1992-02-26,,1.7455,129.68,,1.1808,0.7487,0.541,,25.75
1992-02-25,,1.756,129.45,,1.1859,0.7525,0.5414,,25.85
1992-02-24,,1.748,129.1,,1.1873,0.751,0.5401,,25.9
1992-02-21,,1.7465,128.72,,1.1842,0.7534,0.5422,,26.4
1992-02-20,,1.75,128.65,,1.185,0.7558,0.5439,,26.55
1992-02-19,,1.752,128.4,,1.1879,0.7572,0.5412,,27
1992-02-18,,1.751,128,,1.1895,0.7541,0.5412,,25.91
1992-02-14,,1.7685,127.93,,1.187,0.754,0.5415,,25.9
1992-02-13,,1.7725,127.68,,1.1852,0.7535,0.5407,,25.92
1992-02-12,,1.787,127.68,,1.1822,0.7514,0.5397,,25.94
1992-02-11,,1.8013,126.93,,1.1825,0.751,0.5408,,25.91
1992-02-10,,1.8255,126.7,,1.1767,0.7481,0.5412,,25.82
1992-02-07,,1.8375,125.22,,1.1788,0.751,0.5423,,25.8
1992-02-06,,1.8205,125.65,,1.179,0.748,0.5416,,25.8
1992-02-05,,1.8062,125.83,,1.1793,0.7457,0.5405,,25.8
1992-02-04,,1.8015,126.15,,1.1808,0.749,0.5415,,25.81
1992-02-03,,1.7995,125.95,,1.1731,0.7524,0.54,,25.84
1992-01-31,,1.789,125.55,,1.1752,0.7521,0.5402,,25.95
1992-01-30,,1.773,126,,1.178,0.748,0.5399,,25.91
1992-01-29,,1.806,125.45,,1.1723,0.7431,0.5406,,25.92
1992-01-28,,1.7945,125.62,,1.1743,0.7443,0.5409,,25.94
1992-01-27,,1.776,125.4,,1.1731,0.7383,0.5365,,25.95
1992-01-24,,1.8055,123.42,,1.1675,0.7398,0.5405,,25.98
1992-01-23,,1.7951,123.9,,1.1583,0.7449,0.5403,,25.88
1992-01-22,,1.8065,123.22,,1.1549,0.7513,0.5405,,25.86
1992-01-21,,1.807,123.2,,1.1538,0.7504,0.5422,,25.88
1992-01-17,,1.777,127.45,,1.1532,0.743,0.5415,,25.94
1992-01-16,,1.7605,128.28,,1.1533,0.7419,0.5397,,25.84
1992-01-15,,1.753,128.4,,1.1563,0.7415,0.5385,,25.86
1992-01-14,,1.789,126.8,,1.1488,0.7458,0.5435,,25.81
1992-01-13,,1.8015,126.85,,1.149,0.742,0.5443,,25.8
1992-01-10,,1.792,127.05,,1.1543,0.7365,0.5417,,25.81
1992-01-09,,1.831,125.4,,1.149,0.7465,0.5442,,25.82
1992-01-08,,1.871,124.9,,1.1428,0.7564,0.5494,,25.79
1992-01-07,,1.871,124.4,,1.142,0.7551,0.5515,,25.79
1992-01-06,,1.877,124.1,,1.1433,0.7641,0.5495,,25.79
1992-01-03,,1.845,124.8,,1.1473,0.7572,0.5379,,25.81
1992-01-02,,1.868,124.5,,1.1515,0.7565,0.5375,,25.79
1991-12-31,,1.866,124.9,,1.1558,0.7593,0.5403,,25.76
1991-12-30,,1.8665,125.75,,1.1584,0.7597,0.5405,,25.79
1991-12-27,,1.8768,125.57,,1.1603,0.7624,0.5435,,25.8
1991-12-26,,1.884,126.78,,1.1613,0.7608,0.5445,,
1991-12-24,,1.8705,127.55,,1.1609,0.7601,0.544,,25.85
1991-12-23,,1.8765,126.55,,1.1601,0.7604,0.5435,,25.82
1991-12-20,,1.86,127.57,,1.155,0.767,0.543,,25.79
1991-12-19,,1.8325,128.33,,1.1573,0.7715,0.5507,,25.79
1991-12-18,,1.8252,128.45,,1.1468,0.7731,0.5496,,25.81
1991-12-17,,1.822,128.6,,1.1455,0.7737,0.554,,25.83
1991-12-16,,1.821,128.47,,1.1437,0.773,0.557,,25.84
1991-12-13,,1.8185,128.8,,1.1424,0.7705,0.5576,,25.83
1991-12-12,,1.8075,129.24,,1.1421,0.7711,0.5588,,25.86
1991-12-11,,1.8085,129.15,,1.1407,0.772,0.5552,,25.86
1991-12-10,,1.808,128.7,,1.1364,0.7728,0.5562,,25.86
1991-12-09,,1.806,128.4,,1.1361,0.7735,0.5566,,25.83
1991-12-06,,1.81,128.2,,1.1368,0.7784,0.56,,25.86
1991-12-05,,1.7915,128.77,,1.137,0.7818,0.5618,,25.81
1991-12-04,,1.7725,129.55,,1.1354,0.7851,0.5623,,25.79
1991-12-03,,1.7715,129.55,,1.1342,0.7855,0.5619,,25.8
1991-12-02,,1.776,129.95,,1.1335,0.784,0.5627,,25.78
1991-11-29,,1.7655,130.08,,1.135,0.7844,0.561,,25.8
1991-11-27,,1.767,130.28,,1.137,0.7868,0.564,,25.82
1991-11-26,,1.7978,128.1,,1.136,0.7888,0.567,,25.8
1991-11-25,,1.7985,127.77,,1.1396,0.7918,0.5682,,25.77
1991-11-22,,1.7975,129.53,,1.1378,0.7915,0.569,,25.8
1991-11-21,,1.7975,129.62,,1.1358,0.7911,0.5673,,25.78
1991-11-20,,1.796,129.77,,1.1359,0.789,0.566,,25.79
1991-11-19,,1.7955,129.95,,1.1287,0.7883,0.5667,,25.8
1991-11-18,,1.791,129.3,,1.128,0.7866,0.5654,,25.79
1991-11-15,,1.769,130.05,,1.1307,0.7851,0.5611,,25.8
1991-11-14,,1.775,129.87,,1.1321,0.7863,0.5618,,25.8
1991-11-13,,1.7707,130.12,,1.1318,0.786,0.5608,,25.8
1991-11-12,,1.7725,129.65,,1.1316,0.7868,0.5626,,25.8
1991-11-08,,1.768,130.32,,1.126,0.7854,0.5585,,25.84
1991-11-07,,1.7797,129.7,,1.1212,0.7843,0.5588,,25.82
1991-11-06,,1.7705,129.9,,1.124,0.784,0.56,,25.79
1991-11-05,,1.7697,129.8,,1.1208,0.7836,0.5633,,25.79
1991-11-04,,1.781,128.9,,1.121,0.7845,0.564,,25.8
1991-11-01,,1.7498,130.3,,1.1203,0.781,0.5613,,25.85
1991-10-31,,1.7425,130.6,,1.123,0.7791,0.5566,,25.84
1991-10-30,,1.7425,131.08,,1.1228,0.7845,0.5563,,25.9
1991-10-29,,1.723,130.75,,1.1232,0.7871,0.5551,,25.79
1991-10-28,,1.7047,132.25,,1.1235,0.7842,0.5548,,25.8
1991-10-25,,1.711,131.4,,1.1256,0.7855,0.5565,,25.79
1991-10-24,,1.711,131.18,,1.1254,0.7854,0.5565,,25.79
1991-10-23,,1.7065,131.55,,1.1275,0.784,0.5526,,25.8
1991-10-22,,1.7145,131.2,,1.1267,0.795,0.5628,,25.84
1991-10-21,,1.7185,130.73,,1.127,0.7968,0.566,,25.8
1991-10-18,,1.725,129.77,,1.128,0.798,0.5658,,25.8
1991-10-17,,1.7096,129.83,,1.1289,0.797,0.5668,,25.8
1991-10-16,,1.7105,130.02,,1.1307,0.7955,0.5661,,25.82
1991-10-15,,1.702,130.22,,1.1298,0.8,0.5679,,25.82
1991-10-11,,1.719,129.73,,1.1294,0.797,0.5635,,25.78
1991-10-10,,1.7145,130.35,,1.1305,0.7943,0.5654,,25.8
1991-10-09,,1.7165,130.25,,1.129,0.7955,0.568,,25.8
1991-10-08,,1.714,130.1,,1.1285,0.7934,0.5673,,25.83
1991-10-07,,1.7352,129.3,,1.1295,0.796,0.5671,,25.75
1991-10-04,,1.739,130.03,,1.1319,0.794,0.5665,,25.72
1991-10-03,,1.75,130.77,,1.1313,0.7953,0.568,,25.76
1991-10-02,,1.751,132.68,,1.131,0.8004,0.5699,,25.74
1991-10-01,,1.7485,133.2,,1.1315,0.7971,0.5678,,25.77
1991-09-30,,1.752,132.85,,1.1318,0.7995,0.5667,,25.77
1991-09-27,,1.737,133.4,,1.1343,0.7965,0.5693,,25.87
1991-09-26,,1.7325,133.67,,1.1352,0.7935,0.5643,,25.8
1991-09-25,,1.7333,133.3,,1.1345,0.7961,0.5737,,25.83
1991-09-24,,1.738,133.08,,1.134,0.8002,0.5856,,25.87
1991-09-23,,1.744,133.05,,1.1345,0.8011,0.5845,,25.89
1991-09-20,,1.7285,134.37,,1.1355,0.7974,0.5843,,25.92
1991-09-19,,1.7275,134.5,,1.1365,0.7957,0.5839,,25.89
1991-09-18,,1.7307,134.17,,1.1369,0.8,0.5856,,25.89
1991-09-17,,1.742,133.82,,1.1365,0.7995,0.587,,25.96
1991-09-16,,1.739,133.65,,1.1358,0.7991,0.5876,,25.85
1991-09-13,,1.7325,133.98,,1.1361,0.7963,0.5863,,25.8
1991-09-12,,1.7335,134.06,,1.1371,0.7958,0.5843,,25.78
1991-09-11,,1.7252,134.95,,1.1378,0.7896,0.582,,25.79
1991-09-10,,1.7295,134.85,,1.1406,0.7878,0.5822,,25.77
1991-09-09,,1.73,134.95,,1.1391,0.7905,0.5825,,25.79
1991-09-06,,1.6975,136.15,,1.1395,0.7867,0.5814,,25.82
1991-09-05,,1.692,135.87,,1.141,0.7856,0.5798,,25.79
1991-09-04,,1.6935,135.3,,1.1417,0.7848,0.5745,,25.76
1991-09-03,,1.691,136.02,,1.1407,0.7781,0.5723,,25.83
1991-08-30,,1.68,136.85,,1.1422,0.7852,0.5744,,25.82
1991-08-29,,1.6805,137,,1.1406,0.7842,0.575,,25.74
1991-08-28,,1.69,136.6,,1.1408,0.7845,0.5741,,25.87
1991-08-27,,1.68,137,,1.1417,0.7841,0.573,,25.94
1991-08-26,,1.6795,137,,1.1445,0.7845,0.5735,,
1991-08-23,,1.6715,137.1,,1.144,0.7855,0.5742,,25.94
1991-08-22,,1.697,136.43,,1.1435,0.7871,0.5755,,25.95
1991-08-21,,1.6765,136.8,,1.1438,0.784,0.5753,,25.94
1991-08-20,,1.6377,137.45,,1.1421,0.7815,0.575,,26
1991-08-19,,1.63,138.3,,1.1443,0.779,0.5705,,26
1991-08-16,,1.662,137.25,,1.1443,0.7776,0.5732,,25.96
1991-08-15,,1.688,136.47,,1.1434,0.7785,0.5731,,25.99
1991-08-14,,1.6875,136.61,,1.1444,0.7821,0.573,,26.02
1991-08-13,,1.6935,136.52,,1.146,0.7825,0.5738,,25.82
1991-08-12,,1.6983,136.54,,1.1469,0.7839,0.5717,,25.89
1991-08-09,,1.695,136.9,,1.1468,0.7835,0.5711,,25.74
1991-08-08,,1.7,136.47,,1.1467,0.7825,0.5735,,25.57
1991-08-07,,1.7128,135.85,,1.1475,0.7835,0.5741,,25.64
1991-08-06,,1.712,135.73,,1.1487,0.7822,0.574,,25.57
1991-08-05,,1.7095,136.68,,1.1498,0.7802,0.5757,,25.72
1991-08-02,,1.6945,136.74,,1.151,0.779,0.5725,,25.9
1991-08-01,,1.6735,137.67,,1.1503,0.7765,0.5714,,25.74
1991-07-31,,1.6845,137.42,,1.1519,0.778,0.5708,,25.76
1991-07-30,,1.6798,137.93,,1.1513,0.7792,0.5711,,25.72
1991-07-29,,1.6743,138.18,,1.1491,0.7761,0.5712,,25.76
1991-07-26,,1.6875,137.9,,1.1498,0.7758,0.571,,25.72
1991-07-25,,1.675,138.85,,1.152,0.771,0.5673,,25.69
1991-07-24,,1.6938,137.38,,1.1525,0.7751,0.5664,,25.75
1991-07-23,,1.6835,136.98,,1.1568,0.7738,0.565,,25.78
1991-07-22,,1.681,137.45,,1.1567,0.7755,0.5667,,25.77
1991-07-19,,1.691,136.45,,1.16,0.7785,0.5674,,25.87
1991-07-18,,1.666,136.8,,1.1545,0.773,0.563,,25.87
1991-07-17,,1.6525,136.8,,1.1474,0.776,0.5648,,25.96
1991-07-16,,1.644,137.15,,1.1463,0.7755,0.5645,,25.96
1991-07-15,,1.6515,136.7,,1.1465,0.7738,0.5627,,25.9
1991-07-12,,1.6505,136.75,,1.1483,0.77,0.5624,,25.88
1991-07-11,,1.607,138.58,,1.1493,0.7664,0.5618,,25.89
1991-07-10,,1.621,138.53,,1.148,0.7664,0.5632,,25.92
1991-07-09,,1.622,138.65,,1.1475,0.765,0.5667,,25.86
1991-07-08,,1.628,138.73,,1.1445,0.7665,0.5686,,25.86
1991-07-05,,1.615,138.35,,1.1438,0.7651,0.5665,,26.07
1991-07-03,,1.6057,139.5,,1.1428,0.7642,0.5685,,26.28
1991-07-02,,1.6015,138.78,,1.1433,0.7643,0.568,,23.12
1991-07-01,,1.614,138.4,,1.143,0.7651,0.5723,,23.09
1991-06-28,,1.618,137.9,,1.1424,0.767,0.5754,,21.13
1991-06-27,,1.632,138.1,,1.1426,0.7675,0.5773,,21.08
1991-06-26,,1.6395,138.3,,1.1418,0.767,0.5763,,21.09
1991-06-25,,1.6281,138.82,,1.1419,0.765,0.5755,,21.12
1991-06-24,,1.642,138.9,,1.143,0.7645,0.575,,21.15
1991-06-21,,1.631,139,,1.1427,0.765,0.5752,,21.08
1991-06-20,,1.6312,138.74,,1.1418,0.7641,0.576,,21.09
1991-06-19,,1.6325,140.08,,1.1424,0.7631,0.5753,,21.14
1991-06-18,,1.6115,140.9,,1.1425,0.763,0.575,,21.16
1991-06-17,,1.6252,140.97,,1.143,0.7598,0.576,,21.16
1991-06-14,,1.639,140.55,,1.1431,0.7545,0.573,,20.99
1991-06-13,,1.6377,141.33,,1.1445,0.754,0.5712,,21
1991-06-12,,1.6445,141.9,,1.1445,0.7548,0.5718,,20.94
1991-06-11,,1.6615,141.2,,1.1452,0.755,0.574,,21.03
1991-06-10,,1.6688,141.9,,1.1474,0.752,0.5763,,21.01
1991-06-07,,1.671,140.31,,1.1475,0.7515,0.5797,,21.06
1991-06-06,,1.6875,139.18,,1.1465,0.7507,0.5795,,21
1991-06-05,,1.6937,139.13,,1.1455,0.7603,0.5824,,21.01
1991-06-04,,1.703,138.66,,1.1445,0.76,0.583,,21
1991-06-03,,1.6969,139.08,,1.1451,0.7575,0.5811,,21
1991-05-31,,1.698,138.45,,1.1453,0.7594,0.581,,20.89
1991-05-30,,1.7155,137.85,,1.1468,0.7565,0.5828,,20.77
1991-05-29,,1.734,138.2,,1.1472,0.7605,0.5834,,20.69
1991-05-28,,1.7453,137.8,,1.1464,0.7603,0.5825,,20.69
1991-05-24,,1.731,138.4,,1.1495,0.759,0.582,,20.7
1991-05-23,,1.7345,137.73,,1.1509,0.7565,0.5785,,20.67
1991-05-22,,1.727,138.05,,1.1492,0.7715,0.5875,,20.66
1991-05-21,,1.7365,137.5,,1.1488,0.7765,0.5888,,20.65
1991-05-20,,1.719,138.22,,1.1496,0.7824,0.5882,,20.7
1991-05-17,,1.7135,138.5,,1.1507,0.7825,0.5902,,20.49
1991-05-16,,1.7455,137.55,,1.149,0.7834,0.5912,,20.48
1991-05-15,,1.7478,137.99,,1.1501,0.7835,0.5896,,20.44
1991-05-14,,1.7383,138.15,,1.1511,0.7788,0.5881,,20.48
1991-05-13,,1.7315,139.42,,1.1503,0.7791,0.5875,,20.48
1991-05-10,,1.719,138.75,,1.1514,0.7838,0.5892,,20.46
1991-05-09,,1.704,139.3,,1.153,0.783,0.5899,,20.46
1991-05-08,,1.7175,138.35,,1.152,0.7838,0.5887,,20.35
1991-05-07,,1.7215,137.95,,1.1508,0.7807,0.5876,,20.38
1991-05-06,,1.705,138.47,,1.1515,0.7795,0.5875,,20.35
1991-05-03,,1.695,138.55,,1.1515,0.7764,0.5848,,20.21
1991-05-02,,1.717,138.1,,1.1497,0.778,0.5853,,20.21
1991-05-01,,1.7265,137.6,,1.152,0.7788,0.588,,20.2
1991-04-30,,1.7225,136.38,,1.152,0.7814,0.5877,,20.18
1991-04-29,,1.6765,137.7,,1.1534,0.7792,0.5847,,20.24
1991-04-26,,1.686,138.13,,1.1519,0.7795,0.585,,20.23
1991-04-25,,1.6935,138.05,,1.153,0.7768,0.5843,,20.25
1991-04-24,,1.694,138.05,,1.155,0.7741,0.5843,,20.2
1991-04-23,,1.712,137.94,,1.1563,0.775,0.5885,,20.23
1991-04-22,,1.69,139.45,,1.1595,0.7703,0.5841,,20.25
1991-04-19,,1.719,138.58,,1.155,0.7728,0.5885,,20.07
1991-04-18,,1.771,136.8,,1.1525,0.7776,0.5909,,19.9
1991-04-17,,1.783,136.35,,1.1509,0.779,0.5908,,19.72
1991-04-16,,1.7885,134.85,,1.1488,0.7799,0.5921,,19.73
1991-04-15,,1.7875,134.48,,1.1498,0.7803,0.5896,,19.77
1991-04-12,,1.7775,136.3,,1.1508,0.7844,0.5895,,19.8
1991-04-11,,1.79,135.95,,1.1498,0.7818,0.5898,,19.8
1991-04-10,,1.7793,136.35,,1.1522,0.7871,0.591,,19.75
1991-04-09,,1.791,135.1,,1.1527,0.7857,0.5905,,19.73
1991-04-08,,1.7675,137.25,,1.154,0.7846,0.5917,,19.82
1991-04-05,,1.7705,136.9,,1.1538,0.786,0.5943,,19.7
1991-04-04,,1.788,135.97,,1.1557,0.7842,0.5925,,19.68
1991-04-03,,1.777,137.4,,1.1557,0.7786,0.5928,,19.62
1991-04-02,,1.7705,138.3,,1.156,0.775,0.59,,19.66
1991-04-01,,1.7585,140.2,,1.1585,0.775,0.5873,,19.61
1991-03-29,,1.7485,140.6,,1.1595,0.773,0.5865,,19.61
1991-03-28,,1.7365,141.2,,1.1588,0.775,0.5865,,19.57
1991-03-27,,1.7395,139.1,,1.1608,0.7742,0.5865,,19.59
1991-03-26,,1.7533,138.35,,1.1598,0.7713,0.5865,,19.59
1991-03-25,,1.764,138.43,,1.1605,0.771,0.5891,,19.38
1991-03-22,,1.7895,137.2,,1.1576,0.773,0.5945,,19.21
1991-03-21,,1.792,137.6,,1.156,0.7712,0.5957,,19.3
1991-03-20,,1.7765,138.6,,1.1584,0.7683,0.5953,,19.35
1991-03-19,,1.765,138.15,,1.1558,0.7696,0.594,,19.3
1991-03-18,,1.791,138.15,,1.1533,0.7679,0.593,,19.23
1991-03-15,,1.8305,137.2,,1.1553,0.7713,0.5965,,19.16
1991-03-14,,1.8555,135.95,,1.1538,0.7688,0.5968,,19.14
1991-03-13,,1.856,136.4,,1.1542,0.7651,0.596,,19.12
1991-03-12,,1.858,136.3,,1.1551,0.7673,0.5979,,19.1
1991-03-11,,1.8505,138.1,,1.1557,0.7669,0.598,,19.11
1991-03-08,,1.8718,136.25,,1.1619,0.7678,0.5967,,19.09
1991-03-07,,1.8865,135.8,,1.1602,0.7682,0.5927,,19.04
1991-03-06,,1.889,136.25,,1.1599,0.7687,0.593,,19.03
1991-03-05,,1.9017,135.39,,1.1549,0.7727,0.5977,,19.04
1991-03-04,,1.8965,135.55,,1.1557,0.7763,0.5977,,19.06
1991-03-01,,1.898,134.55,,1.1531,0.7848,0.601,,19.08
1991-02-28,,1.91,132.95,,1.1499,0.7853,0.5995,,19.06
1991-02-27,,1.9155,132.27,,1.1518,0.7836,0.5988,,19.08
1991-02-26,,1.9205,132.85,,1.1516,0.784,0.6002,,19.06
1991-02-25,,1.923,133.35,,1.1521,0.7833,0.5974,,19.08
1991-02-22,,1.9437,132.2,,1.152,0.7838,0.5972,,19.05
1991-02-21,,1.9571,131.4,,1.1515,0.788,0.5992,,19.08
1991-02-20,,1.947,131.8,,1.1534,0.7873,0.5993,,19.1
1991-02-19,,1.9515,131.55,,1.154,0.788,0.6045,,19.1
1991-02-15,,1.9705,130.45,,1.1545,0.7886,0.6058,,18.9
1991-02-14,,1.98,129.8,,1.154,0.7869,0.6062,,18.83
1991-02-13,,1.9918,129.08,,1.1533,0.7875,0.6071,,18.75
1991-02-12,,1.9915,128.3,,1.1534,0.7809,0.6032,,18.72
1991-02-11,,1.997,127.72,,1.1568,0.7793,0.601,,18.71
1991-02-08,,1.987,127.9,,1.1585,0.7796,0.6007,,18.76
1991-02-07,,1.9965,127.95,,1.1597,0.7816,0.603,,18.69
1991-02-06,,1.999,128.35,,1.158,0.7787,0.6003,,18.58
1991-02-05,,1.983,129.73,,1.1595,0.7765,0.5995,,18.6
1991-02-04,,1.9772,131.08,,1.1582,0.7817,0.6002,,18.59
1991-02-01,,1.9763,131.45,,1.1608,0.782,0.5997,,18.6
1991-01-31,,1.965,131.45,,1.1629,0.7826,0.5987,,18.61
1991-01-30,,1.961,131.6,,1.1605,0.785,0.5995,,18.6
1991-01-29,,1.9695,131.53,,1.1597,0.7836,0.6002,,18.49
1991-01-28,,1.9642,132.2,,1.1621,0.7812,0.5975,,18.45
1991-01-25,,1.9575,132.27,,1.1645,0.776,0.5966,,18.4
1991-01-24,,1.96,132.23,,1.1589,0.7787,0.5968,,18.42
1991-01-23,,1.955,132.41,,1.1588,0.7841,0.596,,18.42
1991-01-22,,1.9477,131.7,,1.1615,0.782,0.596,,18.41
1991-01-18,,1.9416,132.8,,1.1588,0.7778,0.5947,,18.37
1991-01-17,,1.9228,132.88,,1.1554,0.7817,0.5943,,18.37
1991-01-16,,1.9047,136.85,,1.1486,0.7889,0.5972,,18.38
1991-01-15,,1.904,135.9,,1.1485,0.781,0.594,,18.39
1991-01-14,,1.9045,135.05,,1.1485,0.7765,0.593,,18.34
1991-01-11,,1.907,134.25,,1.153,0.7728,0.5937,,18.29
1991-01-10,,1.905,134.6,,1.1526,0.7733,0.5905,,18.24
1991-01-09,,1.9258,134.05,,1.1559,0.7728,0.5906,,18.2
1991-01-08,,1.906,136.45,,1.1515,0.7785,0.5923,,18.22
1991-01-07,,1.905,136.7,,1.1533,0.7775,0.592,,18.17
1991-01-04,,1.932,135.1,,1.1513,0.7793,0.5911,,18.13
1991-01-03,,1.9465,133.05,,1.153,0.7784,0.5935,,18.12
1991-01-02,,1.9425,134.6,,1.1574,0.7735,0.5918,,18.1
1990-12-31,,1.9285,135.75,,1.1605,0.772,0.5865,,18.13
1990-12-28,,1.921,135.12,,1.1612,0.77,0.5855,,18.12
1990-12-27,,1.887,136.45,,1.1612,0.7675,0.585,,
1990-12-26,,1.885,136.05,,1.16,0.774,0.586,,
1990-12-24,,1.867,136.05,,1.1604,0.774,0.5855,,18.2
1990-12-21,,1.885,135.6,,1.16,0.773,0.586,,18.2
1990-12-20,,1.906,134.85,,1.159,0.7734,0.59,,18.18
1990-12-19,,1.931,134.15,,1.1593,0.771,0.5997,,18.16
1990-12-18,,1.935,133.23,,1.1566,0.7701,0.5872,,18.15
1990-12-17,,1.9285,133.25,,1.1575,0.766,0.5913,,18.14
1990-12-14,,1.9391,132.95,,1.1599,0.7675,0.5985,,18.11
1990-12-13,,1.9435,132.13,,1.16,0.7581,0.596,,18.09
1990-12-12,,1.944,131.82,,1.1602,0.766,0.6011,,18.06
1990-12-11,,1.939,132.1,,1.1589,0.7677,0.6005,,18.08
1990-12-10,,1.9425,131.9,,1.157,0.7667,0.6043,,18.09
1990-12-07,,1.95,131.05,,1.159,0.7735,0.6025,,18.1
1990-12-06,,1.938,132.35,,1.1623,0.77,0.6008,,18.12
1990-12-05,,1.922,134.53,,1.163,0.7692,0.609,,18.09
1990-12-04,,1.926,134.05,,1.1638,0.7773,0.6093,,18.11
1990-12-03,,1.9195,134.4,,1.1655,0.7768,0.61,,18.16
1990-11-30,,1.9392,133.1,,1.1658,0.774,0.609,,18.17
1990-11-29,,1.9515,132.45,,1.1648,0.7722,0.6092,,18.12
1990-11-28,,1.972,129.85,,1.1652,0.7691,0.61,,18.13
1990-11-27,,1.976,128.33,,1.1635,0.7684,0.6113,,18.1
1990-11-26,,1.9658,128.75,,1.16,0.7663,0.6119,,18.08
1990-11-23,,1.967,127.35,,1.1593,0.7658,0.6137,,18.05
1990-11-21,,1.9685,127.65,,1.1592,0.7635,0.6125,,18.02
1990-11-20,,1.9698,128.95,,1.16,0.7653,0.6118,,18.07
1990-11-19,,1.9707,129,,1.1631,0.7635,0.6095,,18.07
1990-11-16,,1.966,129.43,,1.164,0.7695,0.6094,,18.09
1990-11-15,,1.9595,129.27,,1.1621,0.772,0.6095,,18.08
1990-11-14,,1.961,129.62,,1.1645,0.7707,0.61,,18.1
1990-11-13,,1.9642,129.6,,1.1658,0.7725,0.6125,,18.14
1990-11-09,,1.9665,129.73,,1.17,0.7794,0.6105,,18.13
1990-11-08,,1.967,129.9,,1.169,0.7781,0.612,,18.13
1990-11-07,,1.976,128.15,,1.1628,0.7785,0.6135,,18.09
1990-11-06,,1.973,127.3,,1.1611,0.787,0.6145,,18.1
1990-11-05,,1.9695,126.8,,1.1587,0.782,0.6145,,18.1
1990-11-02,,1.9515,128.6,,1.1655,0.7765,0.6071,,18.08
1990-11-01,,1.95,130.48,,1.1652,0.7837,0.6115,,18.1
1990-10-31,,1.944,129.95,,1.1678,0.7848,0.6145,,18.16
1990-10-30,,1.9475,129.1,,1.167,0.7821,0.6141,,18.14
1990-10-29,,1.953,128.4,,1.1642,0.7835,0.613,,18.15
1990-10-26,,1.956,128,,1.1655,0.7812,0.6098,,18.1
1990-10-25,,1.954,127.3,,1.168,0.7833,0.609,,18.1
1990-10-24,,1.9565,128.05,,1.1688,0.7804,0.6063,,18.12
1990-10-23,,1.9464,127.5,,1.171,0.778,0.6048,,18.1
1990-10-22,,1.948,126.05,,1.1733,0.782,0.607,,18.08
1990-10-19,,1.9595,125.75,,1.167,0.782,0.605,,18.1
1990-10-18,,1.9535,125.05,,1.1748,0.769,0.6,,18.08
1990-10-17,,1.965,125.27,,1.1647,0.7775,0.598,,18.07
1990-10-16,,1.957,127.25,,1.1555,0.787,0.604,,18.05
1990-10-15,,1.9535,128.15,,1.1523,0.7888,0.6065,,18
1990-10-12,,1.9732,128.65,,1.1472,0.8183,0.6167,,17.99
1990-10-11,,1.964,129.95,,1.1514,0.814,0.6155,,18
1990-10-10,,1.9675,129.97,,1.15,0.8265,0.6168,,18.05
1990-10-09,,1.97,130.33,,1.151,0.8337,0.6193,,18.04
1990-10-05,,1.9465,132.4,,1.1545,0.8351,0.6163,,18.07
1990-10-04,,1.9118,133.9,,1.1489,0.833,0.6165,,18.07
1990-10-03,,1.898,136.13,,1.1517,0.832,0.6183,,18.01
1990-10-02,,1.8885,136.95,,1.153,0.8298,0.618,,18.08
1990-10-01,,1.889,136.9,,1.1529,0.8311,0.619,,18.06
1990-09-28,,1.8735,138.27,,1.1565,0.8254,0.615,,18
1990-09-27,,1.871,138.37,,1.1553,0.8267,0.616,,18.08
1990-09-26,,1.864,137.27,,1.1534,0.831,0.6183,,18.09
1990-09-25,,1.8768,137.38,,1.1495,0.8303,0.6204,,18.08
1990-09-24,,1.884,136.1,,1.1503,0.8315,0.6215,,18.06
1990-09-21,,1.846,136.9,,1.1532,0.8288,0.613,,18.12
1990-09-20,,1.8683,136.93,,1.1546,0.8266,0.619,,18
1990-09-19,,1.8847,137.5,,1.1575,0.8291,0.6225,,17.85
1990-09-18,,1.918,137.5,,1.1575,0.8335,0.625,,17.83
1990-09-17,,1.9025,137,,1.1594,0.8316,0.623,,17.86
1990-09-14,,1.8985,136.67,,1.1647,0.8267,0.6275,,17.85
1990-09-13,,1.8767,137.35,,1.1644,0.821,0.624,,17.8
1990-09-12,,1.864,137.7,,1.1628,0.8187,0.6215,,17.76
1990-09-11,,1.8485,139.85,,1.163,0.817,0.6185,,17.77
1990-09-10,,1.8555,139.2,,1.1705,0.8123,0.6202,,17.76
1990-09-07,,1.894,140.1,,1.1635,0.8208,0.6233,,17.68
1990-09-06,,1.908,141.05,,1.1579,0.8237,0.6255,,17.56
1990-09-05,,1.899,141.68,,1.1529,0.8278,0.624,,17.54
1990-09-04,,1.8758,143.55,,1.1615,0.8147,0.6165,,17.64
1990-08-31,,1.892,143.93,,1.1545,0.816,0.6153,,17.52
1990-08-30,,1.9225,144.3,,1.1455,0.8168,0.6132,,17.48
1990-08-29,,1.9465,143.62,,1.1378,0.8325,0.6303,,17.38
1990-08-28,,1.9483,143.48,,1.1422,0.8302,0.6313,,17.36
1990-08-27,,1.9443,144.45,,1.1372,0.8311,0.628,,17.39
1990-08-24,,1.9453,146.55,,1.1338,0.833,0.6295,,17.3
1990-08-23,,1.9515,146.6,,1.1316,0.8293,0.6308,,17.27
1990-08-22,,1.9275,145.75,,1.1365,0.8205,0.6258,,17.32
1990-08-21,,1.921,146.4,,1.1395,0.8162,0.622,,17.32
1990-08-20,,1.9198,146.87,,1.1438,0.808,0.6197,,17.28
1990-08-17,,1.919,147.57,,1.1445,0.807,0.619,,17.26
1990-08-16,,1.898,148.38,,1.1482,0.8045,0.6173,,17.37
1990-08-15,,1.8998,147.45,,1.1435,0.8071,0.618,,17.28
1990-08-14,,1.8925,149.48,,1.1454,0.8061,0.6075,,17.34
1990-08-13,,1.884,150.35,,1.147,0.8025,0.6085,,17.35
1990-08-10,,1.8713,150.15,,1.1475,0.7977,0.6015,,17.39
1990-08-09,,1.8717,149.82,,1.147,0.7992,0.601,,17.35
1990-08-08,,1.8655,150.15,,1.149,0.7953,0.6018,,17.34
1990-08-07,,1.877,149.8,,1.1503,0.7925,0.6017,,17.29
1990-08-06,,1.872,149.75,,1.1485,0.79,0.5987,,17.28
1990-08-03,,1.8565,149.9,,1.1515,0.785,0.5936,,17.35
1990-08-02,,1.8492,149.6,,1.1523,0.7859,0.589,,17.38
1990-08-01,,1.855,147.25,,1.1535,0.794,0.594,,17.37
1990-07-31,,1.86,146.13,,1.153,0.7938,0.5918,,17.35
1990-07-30,,1.8438,148.2,,1.1523,0.7916,0.591,,17.35
1990-07-27,,1.8335,149.6,,1.1522,0.7897,0.5888,,17.4
1990-07-26,,1.8135,150.45,,1.1517,0.7792,0.5894,,17.43
1990-07-25,,1.812,148.88,,1.152,0.7859,0.5918,,17.42
1990-07-24,,1.8248,148.35,,1.156,0.7858,0.5942,,17.42
1990-07-23,,1.8205,148.45,,1.157,0.7839,0.5937,,17.42
1990-07-20,,1.8143,148.97,,1.1573,0.7838,0.595,,17.4
1990-07-19,,1.8146,148.05,,1.1538,0.7819,0.5923,,17.42
1990-07-18,,1.8205,147.3,,1.153,0.7915,0.5928,,17.39
1990-07-17,,1.8112,148.35,,1.1563,0.7899,0.5918,,17.44
1990-07-16,,1.804,148.05,,1.1589,0.7815,0.5892,,17.45
1990-07-13,,1.806,147.5,,1.1579,0.7804,0.5918,,17.42
1990-07-12,,1.7985,148.6,,1.1593,0.7913,0.5881,,17.47
1990-07-11,,1.798,148.68,,1.1597,0.7965,0.5938,,17.39
1990-07-10,,1.815,148.9,,1.1572,0.8066,0.5933,,17.36
1990-07-09,,1.8058,151.1,,1.1592,0.8025,0.5912,,17.38
1990-07-06,,1.7865,151.03,,1.1632,0.7974,0.5903,,17.42
1990-07-05,,1.7805,150.77,,1.1632,0.799,0.59,,17.42
1990-07-03,,1.7795,151.2,,1.1625,0.7974,0.5902,,17.45
1990-07-02,,1.7634,151.27,,1.1619,0.7964,0.5903,,17.45
1990-06-29,,1.745,152.35,,1.1665,0.7916,0.5883,,17.43
1990-06-28,,1.7393,153.17,,1.1698,0.7853,0.5872,,17.45
1990-06-27,,1.7428,154.38,,1.1705,0.7875,0.5872,,17.42
1990-06-26,,1.7355,155.15,,1.1732,0.7846,0.5873,,17.4
1990-06-25,,1.7305,155.37,,1.1794,0.7851,0.5852,,17.44
1990-06-22,,1.733,154.75,,1.1822,0.7852,0.586,,17.45
1990-06-21,,1.725,154.82,,1.1749,0.7901,0.5875,,17.42
1990-06-20,,1.723,154,,1.1724,0.7833,0.5825,,17.42
1990-06-19,,1.7205,153.65,,1.1741,0.784,0.583,,17.42
1990-06-18,,1.713,153.7,,1.1727,0.7792,0.5823,,17.42
1990-06-15,,1.7055,154.2,,1.172,0.7756,0.5816,,17.43
1990-06-14,,1.7052,154.07,,1.1705,0.775,0.5823,,17.42
1990-06-13,,1.707,154.79,,1.1722,0.7743,0.5806,,17.38
1990-06-12,,1.7025,154.44,,1.1715,0.774,0.5783,,17.42
1990-06-11,,1.6858,154.52,,1.1711,0.7751,0.5785,,17.46
1990-06-08,,1.6848,153.53,,1.175,0.7725,0.5812,,17.44
1990-06-07,,1.6883,152.53,,1.1683,0.7775,0.5828,,17.38
1990-06-06,,1.6882,152.55,,1.1728,0.7718,0.5819,,17.4
1990-06-05,,1.683,152.65,,1.1757,0.771,0.5776,,17.42
1990-06-04,,1.675,151.6,,1.1766,0.7676,0.5768,,17.44
1990-06-01,,1.6838,151.39,,1.1726,0.7693,0.5752,,17.38
1990-05-31,,1.6765,152.64,,1.1745,0.7678,0.5768,,17.36
1990-05-30,,1.693,151.32,,1.178,0.772,0.5757,,17.35
1990-05-29,,1.6946,150.88,,1.1818,0.766,0.5741,,17.37
1990-05-25,,1.6892,149.69,,1.1841,0.7668,0.5733,,17.3
1990-05-24,,1.6895,151.55,,1.1855,0.7623,0.5739,,17.31
1990-05-23,,1.694,151.23,,1.1836,0.7653,0.5737,,17.29
1990-05-22,,1.6915,151.6,,1.1922,0.764,0.5735,,17.3
1990-05-21,,1.6912,153.53,,1.1795,0.764,0.5735,,17.29
1990-05-18,,1.6908,152.85,,1.1783,0.7605,0.5725,,17.25
1990-05-17,,1.6917,152.35,,1.1738,0.7617,0.5735,,17.33
1990-05-16,,1.68,151.43,,1.1757,0.7625,0.5728,,17.31
1990-05-15,,1.677,151.4,,1.181,0.7645,0.5725,,17.31
1990-05-14,,1.684,152.77,,1.177,0.7669,0.5708,,17.31
1990-05-11,,1.6813,152.73,,1.1785,0.76,0.57,,17.29
1990-05-10,,1.6763,157,,1.1653,0.7587,0.5739,,17.3
1990-05-09,,1.678,156.45,,1.1662,0.7585,0.5721,,17.32
1990-05-08,,1.6695,157.9,,1.1635,0.7577,0.5747,,17.35
1990-05-07,,1.668,158,,1.1625,0.7565,0.5726,,17.33
1990-05-04,,1.66,158.35,,1.1633,0.7546,0.5726,,17.33
1990-05-03,,1.6422,158.15,,1.167,0.7552,0.5727,,17.37
1990-05-02,,1.643,158.3,,1.1673,0.752,0.5708,,17.39
1990-05-01,,1.6405,158.85,,1.1648,0.7457,0.5685,,17.38
1990-04-30,,1.6389,158.85,,1.1654,0.75,0.5748,,17.39
1990-04-27,,1.636,158.9,,1.1634,0.7503,0.5735,,17.39
1990-04-26,,1.6335,158.75,,1.1602,0.756,0.5755,,17.39
1990-04-25,,1.637,158.73,,1.1608,0.766,0.5817,,17.34
1990-04-24,,1.6341,158.72,,1.1593,0.7663,0.5818,,17.35
1990-04-23,,1.6357,157.7,,1.161,0.7655,0.5828,,17.36
1990-04-20,,1.6353,157.85,,1.1628,0.7705,0.5827,,17.34
1990-04-19,,1.6435,156.5,,1.1619,0.7732,0.5815,,17.29
1990-04-18,,1.638,159.1,,1.1623,0.77,0.5788,,17.3
1990-04-17,,1.6338,159.9,,1.1683,0.7653,0.5777,,17.33
1990-04-16,,1.631,159.37,,1.167,0.7654,0.5796,,17.25
1990-04-13,,1.6385,158.75,,1.165,0.765,0.5795,,17.25
1990-04-12,,1.642,158.19,,1.1631,0.7663,0.5796,,17.25
1990-04-11,,1.6425,158.28,,1.1652,0.7663,0.5792,,17.25
1990-04-10,,1.6343,158.58,,1.1615,0.7643,0.5783,,17.28
1990-04-09,,1.6385,157.5,,1.1617,0.763,0.5784,,17.24
1990-04-06,,1.6385,157.65,,1.1655,0.765,0.578,,17.24
1990-04-05,,1.6415,157.68,,1.1686,0.765,0.5782,,17.24
1990-04-04,,1.6415,158.6,,1.1673,0.7669,0.579,,17.23
1990-04-03,,1.6355,159.13,,1.1662,0.7605,0.577,,17.24
1990-04-02,,1.6315,158.9,,1.1695,0.7561,0.5778,,17.23
1990-03-30,,1.648,157.82,,1.1705,0.7548,0.579,,17.22
1990-03-29,,1.634,156.75,,1.1743,0.7523,0.5783,,17.17
1990-03-28,,1.6275,158.75,,1.1762,0.7471,0.5767,,17.18
1990-03-27,,1.6261,157.4,,1.176,0.7452,0.5808,,17.21
1990-03-26,,1.618,156.5,,1.1759,0.7469,0.5805,,17.22
1990-03-23,,1.604,153.9,,1.175,0.7474,0.5785,,17.16
1990-03-22,,1.601,155.1,,1.1767,0.7504,0.581,,17.16
1990-03-21,,1.5945,154.16,,1.1768,0.752,0.5793,,17.13
1990-03-20,,1.6105,153.88,,1.1793,0.7565,0.5832,,17.09
1990-03-19,,1.6103,153.5,,1.1837,0.7549,0.5855,,17.11
1990-03-16,,1.6235,152.38,,1.1803,0.7536,0.588,,17.08
1990-03-15,,1.6175,152.55,,1.178,0.7563,0.5898,,17.07
1990-03-14,,1.609,152.24,,1.1745,0.7635,0.5874,,17.09
1990-03-13,,1.6003,152.55,,1.1778,0.761,0.5863,,17.1
1990-03-12,,1.6103,152.38,,1.179,0.758,0.5892,,17.09
1990-03-09,,1.6181,151.34,,1.1793,0.7607,0.5907,,17.1
1990-03-08,,1.6425,150.83,,1.1795,0.7607,0.5879,,17.06
1990-03-07,,1.639,151.22,,1.1851,0.7596,0.5889,,17.05
1990-03-06,,1.649,149.8,,1.187,0.7611,0.5891,,17.07
1990-03-05,,1.6388,149.78,,1.1906,0.7585,0.5878,,17.05
1990-03-02,,1.651,150.28,,1.194,0.7596,0.5884,,17.08
1990-03-01,,1.665,149.67,,1.1902,0.7635,0.5872,,17.07
1990-02-28,,1.6892,148.82,,1.1923,0.7601,0.588,,17.07
1990-02-27,,1.692,148.63,,1.1948,0.7605,0.5877,,17.07
1990-02-26,,1.693,148.85,,1.198,0.765,0.5882,,17.05
1990-02-23,,1.71,146.92,,1.197,0.7652,0.5902,,17.02
1990-02-22,,1.7147,145.89,,1.1945,0.7646,0.5897,,17
1990-02-21,,1.715,145.32,,1.2013,0.7586,0.5887,,17.03
1990-02-20,,1.704,145.45,,1.202,0.7595,0.5898,,17
1990-02-16,,1.6955,144.15,,1.199,0.7567,0.5883,,16.96
1990-02-15,,1.693,144.4,,1.206,0.75,0.585,,16.97
1990-02-14,,1.696,144.27,,1.2068,0.7457,0.5815,,16.97
1990-02-13,,1.6905,144.4,,1.1999,0.7521,0.5925,,16.98
1990-02-12,,1.695,144.2,,1.2024,0.7521,0.5926,,16.99
1990-02-09,,1.6925,145.2,,1.1956,0.7493,0.593,,16.96
1990-02-08,,1.687,145.4,,1.1971,0.7545,0.5915,,16.96
1990-02-07,,1.699,145.47,,1.1935,0.7575,0.5936,,16.95
1990-02-06,,1.702,145.13,,1.1879,0.7665,0.601,,16.95
1990-02-05,,1.695,145.39,,1.1899,0.7655,0.5998,,16.95
1990-02-02,,1.6817,145.38,,1.1887,0.7735,0.6003,,16.96
1990-02-01,,1.6815,144.9,,1.1864,0.7702,0.5983,,16.96
1990-01-31,,1.6794,144.55,,1.1858,0.7685,0.602,,16.97
1990-01-30,,1.6818,144.1,,1.1906,0.766,0.597,,16.96
1990-01-29,,1.678,143.13,,1.1885,0.7635,0.595,,16.97
1990-01-26,,1.657,143.35,,1.1939,0.7605,0.5928,,16.97
1990-01-25,,1.6572,144.42,,1.1905,0.7583,0.5945,,16.99
1990-01-24,,1.655,145.32,,1.1855,0.7622,0.5915,,16.98
1990-01-23,,1.649,146.09,,1.178,0.7751,0.6052,,17
1990-01-22,,1.639,146.43,,1.183,0.7954,0.6118,,17.03
1990-01-19,,1.6465,145.65,,1.179,0.7935,0.6106,,16.97
1990-01-18,,1.6445,146.12,,1.1713,0.7941,0.614,,16.98
1990-01-17,,1.6495,145.49,,1.164,0.7917,0.612,,16.97
1990-01-16,,1.657,145.48,,1.165,0.7894,0.609,,16.97
1990-01-12,,1.6695,145.4,,1.1571,0.7939,0.6115,,16.94
1990-01-11,,1.6568,145.4,,1.157,0.791,0.6084,,16.93
1990-01-10,,1.662,145.25,,1.1589,0.7886,0.607,,16.92
1990-01-09,,1.6537,145.2,,1.1614,0.7866,0.604,,16.93
1990-01-08,,1.653,144.1,,1.1601,0.7849,0.5985,,16.93
1990-01-05,,1.637,143.82,,1.16,0.786,0.597,,16.93
1990-01-04,,1.6293,143.37,,1.1614,0.7867,0.5973,,16.94
1990-01-03,,1.61,145.7,,1.1613,0.7818,0.594,,16.99
1990-01-02,,1.611,146.25,,1.1605,0.7855,0.593,,16.96
1989-12-29,,1.6145,143.8,,1.158,0.7893,0.5937,,16.96
1989-12-28,,1.6133,143.35,,1.157,0.7936,0.5965,,16.89
1989-12-27,,1.6245,142.1,,1.1589,0.7987,0.5977,,16.88
1989-12-26,,1.6255,142.15,,1.1598,0.7915,0.5965,,16.9
1989-12-22,,1.621,142.88,,1.1595,0.7885,0.596,,16.9
1989-12-21,,1.6125,143.7,,1.1607,0.7864,0.5962,,16.93
1989-12-20,,1.603,144.02,,1.162,0.787,0.5965,,16.94
1989-12-19,,1.6,143.85,,1.1612,0.7853,0.594,,16.93
1989-12-18,,1.6018,144.1,,1.1611,0.7835,0.594,,16.94
1989-12-15,,1.6045,144.15,,1.1605,0.7837,0.5925,,16.92
1989-12-14,,1.5975,144.1,,1.163,0.785,0.5968,,16.93
1989-12-13,,1.5945,144.17,,1.1595,0.7852,0.5985,,16.92
1989-12-12,,1.603,143.9,,1.163,0.7863,0.5985,,16.93
1989-12-11,,1.5892,144.5,,1.1635,0.7836,0.5937,,16.93
1989-12-08,,1.5742,144.28,,1.1617,0.7825,0.5935,,16.94
1989-12-07,,1.575,144.32,,1.1627,0.7816,0.5938,,16.94
1989-12-06,,1.5765,143.85,,1.1607,0.7831,0.5925,,16.95
1989-12-05,,1.5706,143.8,,1.1631,0.7815,0.5917,,16.96
1989-12-04,,1.5635,143.58,,1.1646,0.7809,0.5895,,16.98
1989-12-01,,1.566,143.1,,1.1663,0.78,0.5895,,16.97
1989-11-30,,1.5695,142.91,,1.1633,0.7825,0.5895,,16.96
1989-11-29,,1.5665,142.65,,1.166,0.7806,0.589,,16.98
1989-11-28,,1.562,143.72,,1.1678,0.7863,0.5885,,16.98
1989-11-27,,1.56,143.4,,1.1675,0.7846,0.588,,17.03
1989-11-24,,1.562,143.5,,1.1675,0.7832,0.5875,,16.92
1989-11-22,,1.565,143.85,,1.1705,0.7761,0.5834,,16.91
1989-11-21,,1.567,143.75,,1.1703,0.7773,0.5872,,16.92
1989-11-20,,1.559,144.5,,1.1715,0.7813,0.5897,,16.95
1989-11-17,,1.5675,144.4,,1.1697,0.7825,0.5884,,16.92
1989-11-16,,1.577,143.8,,1.1698,0.7808,0.591,,16.9
1989-11-15,,1.5816,143.75,,1.173,0.7834,0.588,,16.92
1989-11-14,,1.5815,143.68,,1.1705,0.7871,0.588,,16.89
1989-11-13,,1.58,143.88,,1.1678,0.7893,0.5862,,16.93
1989-11-10,,1.5763,143.3,,1.1697,0.7859,0.586,,16.93
1989-11-09,,1.5862,142.86,,1.1678,0.7891,0.5873,,16.9
1989-11-08,,1.5865,143.14,,1.1698,0.7853,0.5885,,16.88
1989-11-07,,1.5812,143.44,,1.171,0.7846,0.5885,,16.88
1989-11-06,,1.5785,143.7,,1.1714,0.7814,0.587,,16.91
1989-11-03,,1.5705,143.18,,1.1725,0.7797,0.587,,16.91
1989-11-02,,1.564,143.7,,1.1727,0.7798,0.586,,16.91
1989-11-01,,1.5818,143.11,,1.1743,0.7812,0.5873,,16.89
1989-10-31,,1.5775,142.73,,1.1741,0.7826,0.5881,,16.88
1989-10-30,,1.5783,142.15,,1.1747,0.7831,0.587,,16.9
1989-10-27,,1.575,142,,1.1754,0.7775,0.5925,,16.85
1989-10-26,,1.612,141.65,,1.1752,0.7782,0.5922,,16.82
1989-10-25,,1.6088,141.65,,1.1747,0.7739,0.592,,16.81
1989-10-24,,1.606,141.55,,1.1723,0.7651,0.5885,,16.77
1989-10-23,,1.5935,142.35,,1.1725,0.7704,0.59,,16.82
1989-10-20,,1.59,142.3,,1.1735,0.7717,0.59,,16.81
1989-10-19,,1.594,141.95,,1.1743,0.7755,0.5923,,16.81
1989-10-18,,1.5878,141.7,,1.1739,0.7707,0.5886,,16.8
1989-10-17,,1.5815,141.5,,1.1759,0.7678,0.5865,,16.78
1989-10-16,,1.5745,141.8,,1.1767,0.7618,0.5838,,16.8
1989-10-13,,1.564,143.2,,1.1745,0.7683,0.5835,,16.86
1989-10-12,,1.5515,144.2,,1.1755,0.7682,0.5812,,16.86
1989-10-11,,1.5445,144.8,,1.1758,0.7755,0.5842,,16.9
1989-10-10,,1.5575,143.95,,1.1734,0.7764,0.585,,16.85
1989-10-06,,1.6025,142.8,,1.1765,0.7823,0.5888,,16.8
1989-10-05,,1.61,142.4,,1.1753,0.7775,0.582,,16.77
1989-10-04,,1.604,141.05,,1.1749,0.7768,0.578,,16.78
1989-10-03,,1.6055,141.13,,1.1764,0.7778,0.5875,,16.86
1989-10-02,,1.6178,139.48,,1.1776,0.7773,0.588,,16.67
1989-09-29,,1.6145,139.6,,1.1789,0.7748,0.5895,,16.69
1989-09-28,,1.6077,140.55,,1.1805,0.7758,0.5902,,16.74
1989-09-27,,1.613,140.6,,1.1777,0.7825,0.5955,,16.7
1989-09-26,,1.6215,141.88,,1.1745,0.79,0.598,,16.69
1989-09-25,,1.608,142.7,,1.1775,0.7905,0.5965,,16.69
1989-09-22,,1.5755,145.6,,1.1808,0.7833,0.594,,16.8
1989-09-21,,1.5805,145.35,,1.1845,0.7723,0.591,,16.77
1989-09-20,,1.5815,145.05,,1.1828,0.775,0.5927,,16.77
1989-09-19,,1.5735,145.65,,1.1836,0.7752,0.5917,,16.8
1989-09-18,,1.5685,145.85,,1.184,0.7756,0.591,,16.8
1989-09-15,,1.538,148.75,,1.1882,0.7725,0.587,,16.82
1989-09-14,,1.5595,146.55,,1.185,0.7752,0.5888,,16.77
1989-09-13,,1.553,146.95,,1.1859,0.7763,0.5928,,16.7
1989-09-12,,1.547,147.15,,1.1893,0.7643,0.5878,,16.74
1989-09-11,,1.546,146.82,,1.1874,0.7637,0.5878,,16.77
1989-09-08,,1.548,146.3,,1.1878,0.7665,0.5925,,16.74
1989-09-07,,1.546,146.9,,1.1843,0.7615,0.5887,,16.76
1989-09-06,,1.553,146.25,,1.18,0.7619,0.5892,,16.72
1989-09-05,,1.5375,147.05,,1.1814,0.7579,0.589,,16.74
1989-09-01,,1.557,145.85,,1.182,0.7593,0.595,,16.69
1989-08-31,,1.573,144.6,,1.1763,0.7647,0.594,,16.65
1989-08-30,,1.5822,143.73,,1.1765,0.7665,0.591,,16.66
1989-08-29,,1.5835,143.13,,1.1727,0.7669,0.5922,,16.67
1989-08-28,,1.5665,144.2,,1.1723,0.7604,0.5885,,16.7
1989-08-25,,1.572,143.3,,1.1735,0.758,0.587,,16.64
1989-08-24,,1.5697,143.34,,1.1768,0.76,0.591,,16.62
1989-08-23,,1.5705,143.23,,1.1762,0.7655,0.5927,,16.62
1989-08-22,,1.5845,142.58,,1.1729,0.7657,0.5913,,16.55
1989-08-21,,1.578,142.42,,1.1745,0.7613,0.5913,,16.62
1989-08-18,,1.5685,145.85,,1.184,0.7756,0.591,,16.8
1989-08-17,,1.559,143.8,,1.1825,0.7555,0.5845,,16.68
1989-08-16,,1.5785,142.15,,1.179,0.7573,0.5862,,16.62
1989-08-15,,1.5725,142.19,,1.1826,0.7546,0.5855,,16.62
1989-08-14,,1.5835,141.7,,1.178,0.7604,0.587,,16.65
1989-08-11,,1.585,141.94,,1.176,0.759,0.591,,16.63
1989-08-10,,1.6275,139.08,,1.1724,0.7641,0.5964,,16.57
1989-08-09,,1.6177,139.25,,1.1713,0.768,0.598,,16.57
1989-08-08,,1.6255,138.8,,1.1722,0.7696,0.5985,,16.56
1989-08-07,,1.6073,139.5,,1.174,0.7648,0.5985,,16.62
1989-08-04,,1.6145,139.45,,1.177,0.7649,0.5965,,16.57
1989-08-03,,1.6415,136.95,,1.1718,0.7661,0.5993,,16.5
1989-08-02,,1.6628,136.15,,1.1757,0.7694,0.5995,,16.43
1989-08-01,,1.6545,136.82,,1.1747,0.7611,0.589,,16.46
1989-07-31,,1.666,136.95,,1.1809,0.7563,0.5855,,16.44
1989-07-28,,1.6445,139.58,,1.185,0.748,0.581,,16.45
1989-07-27,,1.6598,138.95,,1.1832,0.7567,0.5849,,16.41
1989-07-26,,1.6495,140.65,,1.187,0.7546,0.584,,16.47
1989-07-25,,1.6258,142.55,,1.188,0.7487,0.578,,16.55
1989-07-24,,1.6173,143.18,,1.1888,0.7465,0.5773,,16.57
1989-07-21,,1.62,141.92,,1.188,0.7493,0.574,,16.52
1989-07-20,,1.6265,141.45,,1.1876,0.7503,0.5743,,16.49
1989-07-19,,1.619,141.95,,1.1892,0.747,0.5653,,16.49
1989-07-18,,1.625,141.3,,1.1911,0.756,0.5702,,16.44
1989-07-17,,1.6138,141.55,,1.191,0.757,0.5695,,16.5
1989-07-14,,1.6125,140.5,,1.1918,0.7557,0.5704,,16.38
1989-07-13,,1.6235,139.45,,1.193,0.7552,0.567,,16.38
1989-07-12,,1.625,139.85,,1.1901,0.7611,0.5747,,16.39
1989-07-11,,1.6265,140.3,,1.1903,0.7584,0.5748,,16.33
1989-07-10,,1.6405,139,,1.1886,0.7643,0.5755,,16.32
1989-07-07,,1.6235,139.8,,1.191,0.7663,0.573,,16.24
1989-07-06,,1.6215,139.4,,1.1919,0.765,0.5775,,16.3
1989-07-05,,1.619,138.9,,1.1915,0.7696,0.5785,,16.29
1989-07-03,,1.5774,141.25,,1.1948,0.7655,0.572,,16.36
1989-06-30,,1.549,144,,1.1985,0.7557,0.5733,,16.49
1989-06-29,,1.552,143.4,,1.1953,0.7558,0.576,,16.43
1989-06-28,,1.5555,142.8,,1.1967,0.7573,0.5748,,16.47
1989-06-27,,1.566,141.1,,1.1942,0.7651,0.5795,,16.44
1989-06-26,,1.5448,140.82,,1.194,0.772,0.5835,,16.49
1989-06-23,,1.567,138.5,,1.1913,0.772,0.5867,,16.46
1989-06-22,,1.553,141.07,,1.1923,0.776,0.5865,,16.43
1989-06-21,,1.547,143.85,,1.197,0.769,0.5757,,16.47
1989-06-20,,1.5495,144.07,,1.1994,0.7573,0.572,,16.42
1989-06-19,,1.548,144.45,,1.199,0.754,0.569,,16.42
1989-06-16,,1.534,145.55,,1.1975,0.7527,0.5689,,16.43
1989-06-15,,1.5195,149.62,,1.1993,0.748,0.559,,16.51
1989-06-14,,1.5145,149.05,,1.1992,0.7422,0.562,,16.49
1989-06-13,,1.5155,149.2,,1.201,0.7423,0.5607,,16.5
1989-06-12,,1.5251,148.8,,1.2027,0.7395,0.557,,16.49
1989-06-09,,1.554,146.15,,1.2,0.745,0.5675,,16.42
1989-06-08,,1.573,143.4,,1.1976,0.7518,0.5707,,16.34
1989-06-07,,1.5815,142.5,,1.1973,0.7574,0.5715,,16.29
1989-06-06,,1.571,142.95,,1.2018,0.7528,0.5775,,16.35
1989-06-05,,1.5807,141.82,,1.2005,0.756,0.5838,,16.29
1989-06-02,,1.592,141.75,,1.2066,0.7585,0.5825,,16.28
1989-06-01,,1.573,142.73,,1.207,0.753,0.5847,,16.32
1989-05-31,,1.5715,142.33,,1.2062,0.7522,0.5845,,16.28
1989-05-30,,1.558,143.48,,1.2102,0.747,0.5835,,16.33
1989-05-26,,1.588,141.43,,1.2055,0.752,0.593,,16.18
1989-05-25,,1.5803,142,,1.208,0.7565,0.5935,,16.26
1989-05-24,,1.5695,142.8,,1.2005,0.747,0.593,,16.31
1989-05-23,,1.5678,142,,1.198,0.7475,0.5948,,16.24
1989-05-22,,1.5806,142.05,,1.1958,0.7435,0.593,,16.28
1989-05-19,,1.619,138.8,,1.1911,0.7628,0.6025,,16.12
1989-05-18,,1.6175,138.65,,1.1928,0.7595,0.5995,,16.12
1989-05-17,,1.6125,139.25,,1.1925,0.7586,0.601,,16.09
1989-05-16,,1.6393,137.3,,1.1893,0.7714,0.6072,,16.05
1989-05-15,,1.6394,137.24,,1.191,0.7781,0.6085,,16.06
1989-05-12,,1.6593,135.95,,1.187,0.7825,0.619,,16.04
1989-05-11,,1.667,135.3,,1.1867,0.7921,0.6203,,16.09
1989-05-10,,1.6715,134.43,,1.185,0.7927,0.6203,,16.05
1989-05-09,,1.6605,134.83,,1.1877,0.7952,0.621,,16.05
1989-05-08,,1.6692,134.8,,1.1858,0.7995,0.6255,,16.02
1989-05-05,,1.6732,134.33,,1.1838,0.799,0.6265,,16.02
1989-05-04,,1.6833,133.95,,1.1842,0.8003,0.6205,,15.93
1989-05-03,,1.683,134.2,,1.1836,0.7962,0.6195,,15.94
1989-05-02,,1.685,133.81,,1.1839,0.7935,0.6163,,15.92
1989-05-01,,1.68,134.07,,1.1867,0.792,0.615,,15.86
1989-04-28,,1.689,132.85,,1.1865,0.794,0.6152,,15.86
1989-04-27,,1.6905,132.19,,1.1935,0.7945,0.6147,,15.84
1989-04-26,,1.6885,132.25,,1.1902,0.7936,0.615,,15.86
1989-04-25,,1.701,131.39,,1.189,0.7921,0.6125,,15.8
1989-04-24,,1.7049,131.6,,1.189,0.7913,0.6133,,15.76
1989-04-21,,1.714,131.45,,1.1865,0.795,0.613,,15.7
1989-04-20,,1.717,131.35,,1.1845,0.802,0.6122,,15.72
1989-04-19,,1.71,132.34,,1.187,0.8001,0.611,,15.72
1989-04-18,,1.718,131.52,,1.1847,0.8001,0.6123,,15.7
1989-04-17,,1.716,131.95,,1.1853,0.8128,0.6125,,15.71
1989-04-14,,1.6988,132.15,,1.1876,0.8094,0.6105,,15.69
1989-04-13,,1.6975,132.2,,1.1883,0.8065,0.6095,,15.71
1989-04-12,,1.6905,132.98,,1.189,0.8071,0.6095,,15.74
1989-04-11,,1.689,132.75,,1.1895,0.807,0.6077,,15.69
1989-04-10,,1.6975,132.63,,1.1902,0.8068,0.6077,,15.71
1989-04-07,,1.697,132.45,,1.193,0.8057,0.6095,,15.67
1989-04-06,,1.704,131.93,,1.1941,0.8068,0.606,,15.64
1989-04-05,,1.6997,131.8,,1.1899,0.7982,0.6112,,15.64
1989-04-04,,1.7068,130.9,,1.1875,0.8221,0.616,,15.58
1989-04-03,,1.686,132.05,,1.1899,0.825,0.6142,,15.62
1989-03-31,,1.6852,132.77,,1.1936,0.819,0.6141,,15.63
1989-03-30,,1.6875,132.95,,1.1945,0.8173,0.615,,15.64
1989-03-29,,1.6886,132.83,,1.1953,0.8173,0.6157,,15.64
1989-03-28,,1.688,133.08,,1.1949,0.816,0.6175,,15.66
1989-03-27,,1.71,132.7,,1.1935,0.8235,0.617,,15.6
1989-03-24,,1.719,131.5,,1.192,0.827,0.6185,,15.5
1989-03-23,,1.7218,131.2,,1.1895,0.8276,0.619,,15.54
1989-03-22,,1.7228,131.15,,1.1898,0.8208,0.6148,,15.52
1989-03-21,,1.72,131.28,,1.1922,0.822,0.615,,15.53
1989-03-20,,1.7103,131.7,,1.1946,0.8239,0.6142,,15.53
1989-03-17,,1.713,131.6,,1.197,0.8213,0.6147,,15.52
1989-03-16,,1.7179,131.22,,1.1965,0.8185,0.6144,,15.49
1989-03-15,,1.719,130.6,,1.1949,0.8053,0.6117,,15.43
1989-03-14,,1.7272,129.68,,1.1945,0.8113,0.6132,,15.47
1989-03-13,,1.7115,129.88,,1.1982,0.8219,0.615,,15.38
1989-03-10,,1.7155,129.5,,1.1988,0.8216,0.6167,,15.35
1989-03-09,,1.7175,129.05,,1.201,0.8181,0.6145,,15.34
1989-03-08,,1.7197,128.7,,1.2014,0.8133,0.6128,,15.32
1989-03-07,,1.7217,128.74,,1.1987,0.8087,0.6135,,15.34
1989-03-06,,1.722,128.85,,1.1935,0.8138,0.6133,,15.32
1989-03-03,,1.723,127.7,,1.196,0.8128,0.6175,,15.31
1989-03-02,,1.7238,127.88,,1.1935,0.804,0.6188,,15.34
1989-03-01,,1.724,128.1,,1.1997,0.8036,0.619,,15.35
1989-02-28,,1.744,126.87,,1.199,0.7988,0.6223,,15.35
1989-02-27,,1.7448,126.53,,1.2035,0.7965,0.6245,,15.33
1989-02-24,,1.753,126.32,,1.1987,0.8237,0.6248,,15.3
1989-02-23,,1.76,126.2,,1.1958,0.8275,0.6265,,15.3
1989-02-22,,1.7505,126.58,,1.1958,0.8203,0.614,,15.35
1989-02-21,,1.7502,126.75,,1.1899,0.8103,0.6138,,15.29
1989-02-17,,1.776,125.9,,1.1895,0.823,0.616,,15.19
1989-02-16,,1.7708,126.32,,1.186,0.8375,0.6142,,15.23
1989-02-15,,1.7733,126.4,,1.1805,0.8731,0.617,,15.2
1989-02-14,,1.7685,126.73,,1.184,0.8838,0.6207,,15.22
1989-02-13,,1.7495,128.4,,1.1865,0.8874,0.6175,,15.24
1989-02-10,,1.7543,128.49,,1.186,0.8855,0.6175,,15.19
1989-02-09,,1.7548,128.58,,1.184,0.888,0.6124,,15.19
1989-02-08,,1.7433,129.6,,1.185,0.8915,0.615,,15.2
1989-02-07,,1.7425,129.29,,1.1822,0.8874,0.6132,,15.2
1989-02-06,,1.7327,129.65,,1.1832,0.8815,0.6123,,15.23
1989-02-03,,1.7415,129.65,,1.1858,0.8767,0.614,,15.18
1989-02-02,,1.7508,129.15,,1.1881,0.8905,0.6055,,15.18
1989-02-01,,1.7535,129.6,,1.1894,0.8885,0.6083,,15.2
1989-01-31,,1.75,130.5,,1.1835,0.8874,0.6015,,15.18
1989-01-30,,1.7618,129.35,,1.181,0.8817,0.6068,,15.17
1989-01-27,,1.758,129.24,,1.1877,0.8745,0.608,,15.12
1989-01-26,,1.7735,128.15,,1.1823,0.8781,0.6109,,15.09
1989-01-25,,1.771,127.73,,1.1857,0.876,0.6065,,15.13
1989-01-24,,1.7677,127.65,,1.187,0.8808,0.6117,,15.12
1989-01-23,,1.774,127.8,,1.1885,0.8782,0.6225,,15.11
1989-01-20,,1.7685,128.27,,1.1879,0.872,0.63,,15.1
1989-01-19,,1.75,129.7,,1.1895,0.8667,0.6278,,15.11
1989-01-18,,1.7545,128.5,,1.194,0.8622,0.6252,,15.09
1989-01-17,,1.768,127.75,,1.198,0.8579,0.6255,,15.09
1989-01-13,,1.7787,126.7,,1.1988,0.8665,0.63,,15.04
1989-01-12,,1.784,126.17,,1.1967,0.8673,0.632,,15.06
1989-01-11,,1.781,126.13,,1.2008,0.8629,0.632,,15.05
1989-01-10,,1.7637,126.3,,1.2009,0.8664,0.631,,15.07
1989-01-09,,1.7636,126.45,,1.197,0.8637,0.635,,15.1
1989-01-06,,1.78,126.62,,1.1952,0.8625,0.6365,,15.07
1989-01-05,,1.797,125.59,,1.1895,0.8679,0.638,,15.05
1989-01-04,,1.807,125.05,,1.1921,0.8698,0.6365,,15.08
1989-01-03,,1.8225,123.6,,1.1907,0.868,0.635,,15.02
1988-12-30,,1.8085,125.05,,1.1928,0.8535,0.629,,14.99
1988-12-29,,1.7895,125.85,,1.1925,0.8545,0.628,,15.02
1988-12-28,,1.789,125.58,,1.195,0.8545,0.6265,,15.09
1988-12-27,,1.804,124.85,,1.1965,0.859,0.6345,,15.03
1988-12-23,,1.8,124.85,,1.1965,0.8505,0.6345,,15.03
1988-12-22,,1.798,124.71,,1.1958,0.852,0.6365,,15.04
1988-12-21,,1.807,124.35,,1.2006,0.8515,0.637,,15.03
1988-12-20,,1.8015,125.1,,1.2008,0.852,0.6285,,15.06
1988-12-19,,1.8226,124.1,,1.2001,0.854,0.6245,,15.01
1988-12-16,,1.811,124.5,,1.205,0.8465,0.623,,15.06
1988-12-15,,1.8278,123.37,,1.2056,0.8538,0.621,,15.03
1988-12-14,,1.8295,122.71,,1.2003,0.8547,0.617,,15.04
1988-12-13,,1.828,123.15,,1.1997,0.8471,0.6385,,15.09
1988-12-12,,1.842,122.85,,1.1985,0.8573,0.6393,,15.05
1988-12-09,,1.849,122.35,,1.1972,0.8677,0.644,,15.05
1988-12-08,,1.85,122.57,,1.1936,0.8275,0.646,,15
1988-12-07,,1.841,123.5,,1.2005,0.864,0.6443,,15.09
1988-12-06,,1.8654,121.75,,1.1896,0.8815,0.6552,,14.97
1988-12-05,,1.87,121.5,,1.1858,0.8786,0.6553,,14.95
1988-12-02,,1.856,121.47,,1.1875,0.8708,0.6505,,14.87
1988-12-01,,1.8525,121.6,,1.1873,0.8715,0.6473,,14.9
1988-11-30,,1.8493,121.9,,1.1878,0.875,0.655,,14.95
1988-11-29,,1.8516,121.5,,1.1941,0.8768,0.6542,,14.95
1988-11-28,,1.837,122.22,,1.1915,0.8732,0.6538,,14.98
1988-11-25,,1.844,121.1,,1.1907,0.8731,0.657,,14.99
1988-11-23,,1.837,121.3,,1.2,0.8696,0.6515,,15
1988-11-22,,1.8318,121.35,,1.202,0.8635,0.649,,15.02
1988-11-21,,1.8235,121.95,,1.2117,0.8592,0.646,,15.06
1988-11-18,,1.816,122.65,,1.2345,0.8552,0.649,,15.06
1988-11-17,,1.821,122.73,,1.2339,0.8585,0.6465,,14.95
1988-11-16,,1.822,122.55,,1.231,0.8555,0.6438,,14.94
1988-11-15,,1.807,123.42,,1.235,0.8535,0.642,,14.97
1988-11-14,,1.808,123.43,,1.2298,0.8495,0.6412,,14.96
1988-11-10,,1.7955,123.98,,1.2258,0.8435,0.6385,,14.96
1988-11-09,,1.7908,124.25,,1.2324,0.8424,0.6363,,14.94
1988-11-08,,1.7702,125.57,,1.2352,0.83,0.6262,,14.98
1988-11-07,,1.775,124.72,,1.2372,0.8312,0.623,,14.99
1988-11-04,,1.765,125.32,,1.2227,0.8281,0.619,,14.95
1988-11-03,,1.782,124.2,,1.2213,0.83,0.63,,14.9
1988-11-02,,1.777,124.6,,1.227,0.8251,0.6269,,14.89
1988-11-01,,1.7668,125.3,,1.2282,0.8206,0.6245,,14.88
1988-10-31,,1.769,125.5,,1.2197,0.82,0.626,,14.97
1988-10-28,,1.768,125.85,,1.2039,0.8221,0.6276,,14.87
1988-10-27,,1.768,125.9,,1.2041,0.8191,0.6278,,14.88
1988-10-26,,1.761,125.7,,1.1991,0.8245,0.628,,14.82
1988-10-25,,1.7535,126.7,,1.2,0.8198,0.6208,,14.8
1988-10-24,,1.7515,126.83,,1.1975,0.8171,0.6202,,14.78
1988-10-21,,1.762,126.35,,1.202,0.8208,0.623,,14.75
1988-10-20,,1.763,127.2,,1.1991,0.8205,0.6175,,14.75
1988-10-19,,1.7505,127.3,,1.2,0.82,0.6188,,14.76
1988-10-18,,1.752,126.67,,1.1998,0.8093,0.6185,,14.74
1988-10-17,,1.748,127.28,,1.2049,0.8075,0.6255,,14.73
1988-10-14,,1.7555,127.15,,1.205,0.8133,0.6277,,14.72
1988-10-13,,1.7455,128.03,,1.2086,0.81,0.6305,,14.67
1988-10-12,,1.731,128.96,,1.2105,0.8052,0.6235,,14.7
1988-10-11,,1.716,131.07,,1.209,0.8024,0.6228,,14.62
1988-10-07,,1.698,133.3,,1.2077,0.7988,0.6165,,14.56
1988-10-06,,1.694,133.41,,1.2115,0.7964,0.613,,14.57
1988-10-05,,1.6955,133.5,,1.2075,0.791,0.6101,,14.59
1988-10-04,,1.6945,133.26,,1.2099,0.7891,0.6136,,14.56
1988-10-03,,1.6985,133.65,,1.2105,0.7844,0.6113,,14.56
1988-09-30,,1.691,133.9,,1.2173,0.783,0.6122,,14.55
1988-09-29,,1.6822,134.36,,1.2176,0.7841,0.616,,14.54
1988-09-28,,1.6868,134.23,,1.2207,0.7837,0.618,,14.56
1988-09-27,,1.6788,134.45,,1.2186,0.7834,0.6184,,14.57
1988-09-26,,1.6665,134.65,,1.2215,0.7796,0.6145,,14.6
1988-09-23,,1.6715,134.47,,1.222,0.784,0.615,,14.58
1988-09-22,,1.6675,134.63,,1.2186,0.7839,0.6153,,14.6
1988-09-21,,1.675,134.25,,1.2183,0.7787,0.6113,,14.56
1988-09-20,,1.6865,133.9,,1.2205,0.7864,0.613,,14.49
1988-09-19,,1.6788,133.55,,1.2195,0.7863,0.6055,,14.52
1988-09-16,,1.6754,134.3,,1.2235,0.7954,0.609,,14.51
1988-09-15,,1.68,133.67,,1.2238,0.8005,0.6125,,14.48
1988-09-14,,1.6745,134.6,,1.2227,0.7933,0.6148,,14.44
1988-09-13,,1.696,133.3,,1.231,0.7968,0.618,,14.43
1988-09-12,,1.6957,133.5,,1.2385,0.7998,0.6192,,14.4
1988-09-09,,1.6968,133.62,,1.2398,0.8047,0.625,,14.43
1988-09-08,,1.697,133.87,,1.2391,0.804,0.6215,,14.4
1988-09-07,,1.708,133.67,,1.239,0.8019,0.621,,14.38
1988-09-06,,1.7033,135.3,,1.2338,0.8037,0.6227,,14.39
1988-09-02,,1.683,136.1,,1.2372,0.7956,0.603,,14.44
1988-09-01,,1.669,136.35,,1.237,0.7937,0.605,,14.41
1988-08-31,,1.6825,136.52,,1.24,0.8038,0.6135,,14.36
1988-08-30,,1.69,134.47,,1.2388,0.8048,0.605,,14.32
1988-08-29,,1.685,134.13,,1.24,0.8073,0.597,,14.28
1988-08-26,,1.6908,133.66,,1.2373,0.8111,0.6268,,14.28
1988-08-25,,1.699,133.35,,1.2345,0.817,0.639,,14.23
1988-08-24,,1.6785,134.25,,1.232,0.816,0.637,,14.29
1988-08-23,,1.679,133.85,,1.2305,0.8149,0.6365,,14.3
1988-08-22,,1.6763,134.1,,1.2293,0.8138,0.638,,14.35
1988-08-19,,1.7025,133.45,,1.2272,0.8144,0.6415,,14.22
1988-08-18,,1.6985,133.35,,1.2302,0.8062,0.6538,,14.2
1988-08-17,,1.6898,134.07,,1.2324,0.803,0.648,,14.19
1988-08-16,,1.719,132.92,,1.2278,0.8025,0.656,,14.12
1988-08-15,,1.7138,133.25,,1.2236,0.8006,0.6583,,14.15
1988-08-12,,1.7155,133.15,,1.2198,0.8005,0.665,,14.14
1988-08-11,,1.691,133.86,,1.223,0.8029,0.6685,,14.17
1988-08-10,,1.6905,134.45,,1.226,0.7988,0.672,,14.19
1988-08-09,,1.6863,134.75,,1.2155,0.7965,0.67,,14.17
1988-08-08,,1.697,133.75,,1.2105,0.7984,0.6657,,14.16
1988-08-05,,1.6928,133.68,,1.2055,0.803,0.663,,14.19
1988-08-04,,1.709,133.02,,1.203,0.8045,0.6645,,14.17
1988-08-03,,1.7105,132.87,,1.203,0.8041,0.6645,,14.17
1988-08-02,,1.71,132.92,,1.2065,0.803,0.6618,,14.16
1988-08-01,,1.713,132.8,,1.2077,0.803,0.662,,14.18
1988-07-29,,1.71,133.05,,1.2107,0.8025,0.663,,14.17
1988-07-28,,1.722,132.4,,1.2089,0.8039,0.6685,,14.14
1988-07-27,,1.726,131.7,,1.2074,0.8102,0.669,,14.1
1988-07-26,,1.7133,132.55,,1.209,0.807,0.6665,,14.11
1988-07-25,,1.725,132.1,,1.2075,0.8098,0.6705,,14.06
1988-07-22,,1.74,130.7,,1.1985,0.8119,0.667,,14.06
1988-07-21,,1.7265,132.25,,1.1975,0.8121,0.6645,,14.04
1988-07-20,,1.7095,133.18,,1.1956,0.8093,0.6595,,14.06
1988-07-19,,1.6935,133.9,,1.2014,0.8022,0.6605,,14.06
1988-07-18,,1.67,134.75,,1.2097,0.7955,0.6505,,14.08
1988-07-15,,1.663,135.3,,1.212,0.7865,0.6385,,14.1
1988-07-14,,1.689,133.13,,1.2085,0.7975,0.6625,,14.09
1988-07-13,,1.6917,132.9,,1.2086,0.7957,0.674,,14.06
1988-07-12,,1.6955,132.63,,1.2102,0.7935,0.675,,14.07
1988-07-11,,1.689,132.9,,1.2085,0.7907,0.6707,,14.07
1988-07-08,,1.7015,133.23,,1.2097,0.7965,0.681,,14.02
1988-07-07,,1.7173,131.77,,1.2053,0.8048,0.6933,,14.02
1988-07-06,,1.7115,133.6,,1.2071,0.7968,0.683,,14.02
1988-07-05,,1.707,134.29,,1.2136,0.7835,0.673,,14.12
1988-07-01,,1.701,134.1,,1.221,0.7899,0.676,,14.14
1988-06-30,,1.7085,133.53,,1.213,0.7945,0.673,,14.07
1988-06-29,,1.7063,133.75,,1.2176,0.7863,0.6663,,14.14
1988-06-28,,1.718,130.95,,1.21,0.8053,0.6845,,14.08
1988-06-27,,1.7029,130.88,,1.2076,0.816,0.691,,14.17
1988-06-24,,1.725,130.6,,1.2028,0.8236,0.707,,13.98
1988-06-23,,1.7566,128.67,,1.2041,0.8203,0.7087,,13.97
1988-06-22,,1.7677,128.63,,1.2105,0.8164,0.7153,,13.9
1988-06-21,,1.7855,126.47,,1.2082,0.824,0.7216,,13.82
1988-06-20,,1.7845,126.25,,1.2096,0.8205,0.7234,,13.82
1988-06-17,,1.7825,125.87,,1.213,0.814,0.716,,13.85
1988-06-16,,1.786,125.78,,1.2138,0.807,0.7075,,13.76
1988-06-15,,1.786,126.27,,1.2158,0.8059,0.7053,,13.77
1988-06-14,,1.785,126.4,,1.218,0.7993,0.7008,,13.68
1988-06-13,,1.8165,125.2,,1.2207,0.8023,0.7045,,13.61
1988-06-10,,1.817,124.92,,1.2195,0.808,0.7007,,13.62
1988-06-09,,1.8145,125.2,,1.2214,0.8063,0.6981,,13.59
1988-06-08,,1.8171,125.25,,1.2228,0.8055,0.698,,13.58
1988-06-07,,1.8112,125.72,,1.2307,0.7977,0.6953,,13.6
1988-06-06,,1.8017,126.18,,1.2325,0.795,0.6923,,13.6
1988-06-03,,1.794,125.97,,1.231,0.8065,0.699,,13.58
1988-06-02,,1.7995,126.55,,1.233,0.8024,0.6932,,13.59
1988-06-01,,1.8235,125.2,,1.2325,0.8109,0.6977,,13.51
1988-05-31,,1.8382,125.11,,1.2339,0.8021,0.693,,13.47
1988-05-27,,1.8555,125,,1.24,0.805,0.6976,,13.39
1988-05-26,,1.8625,124.44,,1.2375,0.7973,0.6974,,13.39
1988-05-25,,1.863,124.35,,1.2433,0.789,0.6975,,13.39
1988-05-24,,1.867,124.35,,1.2415,0.7838,0.6937,,13.34
1988-05-23,,1.869,124.55,,1.2431,0.786,0.6952,,13.36
1988-05-20,,1.8618,124.84,,1.2423,0.7831,0.6823,,13.37
1988-05-19,,1.8668,124.87,,1.2434,0.775,0.6897,,13.33
1988-05-18,,1.864,125.4,,1.2409,0.7704,0.6864,,13.31
1988-05-17,,1.8638,125.73,,1.236,0.7661,0.686,,13.33
1988-05-16,,1.889,124.95,,1.2335,0.7727,0.69,,13.26
1988-05-13,,1.891,124.68,,1.2338,0.7733,0.6918,,13.25
1988-05-12,,1.8845,124.39,,1.2313,0.771,0.6887,,13.28
1988-05-11,,1.886,124.25,,1.2322,0.773,0.6873,,13.24
1988-05-10,,1.8813,124.44,,1.2384,0.775,0.6905,,13.26
1988-05-09,,1.8797,124.82,,1.2396,0.7709,0.6871,,13.25
1988-05-06,,1.862,124.88,,1.2379,0.768,0.6835,,13.28
1988-05-05,,1.8665,124.65,,1.2332,0.7676,0.6842,,13.27
1988-05-04,,1.8645,125,,1.2355,0.7694,0.6895,,13.28
1988-05-03,,1.8712,124.88,,1.2347,0.766,0.6813,,13.28
1988-05-02,,1.8715,124.95,,1.2314,0.7606,0.674,,13.3
1988-04-29,,1.8785,124.92,,1.2292,0.7576,0.6727,,13.21
1988-04-28,,1.874,124.6,,1.2315,0.7579,0.672,,13.22
1988-04-27,,1.877,125.1,,1.2285,0.7547,0.6683,,13.27
1988-04-26,,1.875,124.79,,1.229,0.755,0.666,,13.2
1988-04-25,,1.8748,124.82,,1.2318,0.7547,0.671,,13.23
1988-04-22,,1.889,124.7,,1.233,0.7563,0.6748,,13.2
1988-04-21,,1.898,124.15,,1.2337,0.7511,0.667,,13.16
1988-04-20,,1.893,123.98,,1.2285,0.7512,0.6633,,13.16
1988-04-19,,1.8925,124.18,,1.234,0.7479,0.6588,,13.17
1988-04-18,,1.905,124.06,,1.2324,0.7496,0.6573,,13.1
1988-04-15,,1.8885,123.88,,1.2335,0.7475,0.6603,,13.12
1988-04-14,,1.8756,123.65,,1.2365,0.7479,0.6625,,13.2
1988-04-13,,1.839,126.33,,1.2384,0.7439,0.6599,,13.26
1988-04-12,,1.8505,126.56,,1.237,0.743,0.6592,,13.22
1988-04-11,,1.8544,126.68,,1.2396,0.7452,0.6586,,13.17
1988-04-08,,1.8752,125.55,,1.248,0.7409,0.6555,,13.12
1988-04-07,,1.871,125.82,,1.245,0.7377,0.6521,,13.16
1988-04-06,,1.875,125.5,,1.2406,0.7403,0.6509,,13.09
1988-04-05,,1.879,125.18,,1.2395,0.7419,0.6538,,13.09
1988-04-04,,1.888,124.4,,1.2366,0.7415,0.6535,,12.96
1988-04-01,,1.89,124,,1.2348,0.7415,0.6525,,13
1988-03-31,,1.8865,124.1,,1.2342,0.7412,0.654,,12.96
1988-03-30,,1.877,124.84,,1.2364,0.7388,0.65,,13.05
1988-03-29,,1.868,124.65,,1.236,0.7354,0.6528,,12.96
1988-03-28,,1.8588,124.2,,1.2373,0.7327,0.6458,,13
1988-03-25,,1.836,125.35,,1.2437,0.7385,0.643,,13.03
1988-03-24,,1.843,125.75,,1.2428,0.7423,0.6563,,13.02
1988-03-23,,1.835,126.8,,1.2437,0.741,0.6638,,13.02
1988-03-22,,1.8294,127.12,,1.2472,0.7392,0.6638,,13.02
1988-03-21,,1.8263,127.08,,1.2492,0.7386,0.6636,,13
1988-03-18,,1.8205,128.35,,1.249,0.7381,0.6688,,13
1988-03-17,,1.8325,128.65,,1.2495,0.734,0.6661,,12.94
1988-03-16,,1.8475,127.43,,1.2515,0.7345,0.6705,,12.93
1988-03-15,,1.8542,127.15,,1.2562,0.7314,0.6708,,12.92
1988-03-14,,1.8528,126.92,,1.2575,0.7292,0.6696,,12.89
1988-03-11,,1.8525,127.38,,1.2563,0.7314,0.6713,,12.9
1988-03-10,,1.8422,128.1,,1.2568,0.7287,0.6694,,12.93
1988-03-09,,1.8475,128.02,,1.2535,0.7285,0.671,,12.87
1988-03-08,,1.8415,128.09,,1.2536,0.731,0.6718,,12.85
1988-03-07,,1.818,128.17,,1.256,0.7288,0.6662,,12.97
1988-03-04,,1.774,128.75,,1.2559,0.7262,0.665,,13.07
1988-03-03,,1.768,129.25,,1.2535,0.7245,0.6625,,13.07
1988-03-02,,1.7705,129.2,,1.2558,0.7228,0.661,,13.06
1988-03-01,,1.7775,128.27,,1.257,0.7203,0.658,,13.06
1988-02-29,,1.7735,128.45,,1.2606,0.7186,0.6645,,13.06
1988-02-26,,1.7732,128.19,,1.2634,0.719,0.6666,,13.02
1988-02-25,,1.7635,128.8,,1.2645,0.7169,0.6628,,13.03
1988-02-24,,1.764,128.8,,1.2647,0.7167,0.6627,,13.03
1988-02-23,,1.7663,128.78,,1.2706,0.7191,0.6655,,13.03
1988-02-22,,1.764,129.28,,1.2738,0.7198,0.663,,13.03
1988-02-19,,1.749,130.05,,1.2708,0.7185,0.6618,,13.07
1988-02-18,,1.7435,130.23,,1.2684,0.7153,0.6635,,13.07
1988-02-17,,1.748,130.3,,1.2656,0.7145,0.6693,,13.08
1988-02-16,,1.7475,130.25,,1.2682,0.714,0.668,,13.09
1988-02-12,,1.7395,131.15,,1.2625,0.7066,0.6575,,13.11
1988-02-11,,1.7585,129.14,,1.2665,0.7135,0.663,,13.04
1988-02-10,,1.7608,129.02,,1.2695,0.7116,0.6613,,13.06
1988-02-09,,1.7462,129.18,,1.2664,0.7098,0.6547,,13.11
1988-02-08,,1.754,128.6,,1.2659,0.7112,0.6625,,13.11
1988-02-05,,1.755,129.05,,1.2676,0.7105,0.665,,13.06
1988-02-04,,1.7628,128.5,,1.2712,0.7106,0.6663,,13.07
1988-02-03,,1.767,127.9,,1.275,0.7113,0.6683,,13.03
1988-02-02,,1.77,128.28,,1.275,0.7135,0.6677,,13.1
1988-02-01,,1.758,129.38,,1.2741,0.7092,0.6632,,13.1
1988-01-29,,1.7691,127.75,,1.276,0.708,0.6595,,13.08
1988-01-28,,1.782,127.17,,1.2768,0.7138,0.6695,,13.05
1988-01-27,,1.7798,127.6,,1.2789,0.7136,0.6702,,13.05
1988-01-26,,1.774,127.88,,1.2805,0.7139,0.6705,,13.04
1988-01-25,,1.772,127.78,,1.2802,0.7152,0.668,,13.05
1988-01-22,,1.7823,127.85,,1.2798,0.714,0.6653,,13.03
1988-01-21,,1.796,127.2,,1.2827,0.7155,0.6632,,12.99
1988-01-20,,1.7923,127.75,,1.2825,0.7145,0.6647,,13.04
1988-01-19,,1.7785,128.6,,1.287,0.7115,0.6607,,13.08
1988-01-15,,1.7755,130.5,,1.2862,0.702,0.65,,13.13
1988-01-14,,1.8125,126.73,,1.2911,0.7098,0.6597,,13.06
1988-01-13,,1.825,126.65,,1.2888,0.7105,0.6587,,12.99
1988-01-12,,1.821,127.38,,1.286,0.71,0.6546,,13.03
1988-01-11,,1.8219,128.2,,1.2897,0.7095,0.6508,,13.02
1988-01-08,,1.806,129.15,,1.2854,0.7058,0.6457,,13.09
1988-01-07,,1.816,128.58,,1.2878,0.7069,0.6456,,13.05
1988-01-06,,1.806,129.65,,1.2894,0.705,0.6442,,13.1
1988-01-05,,1.8305,126.9,,1.2965,0.7095,0.6478,,12.99
1988-01-04,,1.8773,122.7,,1.299,0.7212,0.6568,,12.88
1987-12-31,,1.886,121.25,,1.3002,0.722,0.6602,,12.75
1987-12-30,,1.858,123.4,,1.3033,0.7191,0.658,,12.86
1987-12-29,,1.861,123.5,,1.3053,0.7215,0.658,,12.82
1987-12-28,,1.86,123.15,,1.3037,0.718,0.657,,12.92
1987-12-24,,1.8315,126.12,,1.307,0.7145,0.649,,13
1987-12-23,,1.8232,126.75,,1.3068,0.7129,0.6485,,13
1987-12-22,,1.8305,126.55,,1.3058,0.7135,0.649,,12.96
1987-12-21,,1.827,127.08,,1.3074,0.7125,0.646,,12.94
1987-12-18,,1.8258,127.1,,1.3065,0.7125,0.6465,,12.9
1987-12-17,,1.8355,126.25,,1.306,0.7168,0.6485,,12.9
1987-12-16,,1.8315,127.28,,1.3086,0.7155,0.6452,,12.95
1987-12-15,,1.8315,127.6,,1.3074,0.7127,0.6444,,12.91
1987-12-14,,1.837,128.02,,1.3077,0.718,0.645,,12.89
1987-12-11,,1.838,128.5,,1.3056,0.7137,0.6402,,12.94
1987-12-10,,1.83,129.4,,1.3055,0.7068,0.6395,,12.94
1987-12-09,,1.802,132.4,,1.3075,0.7024,0.6402,,12.99
1987-12-08,,1.7962,132.72,,1.3097,0.6983,0.6378,,13.05
1987-12-07,,1.794,132.8,,1.3112,0.6972,0.637,,13
1987-12-04,,1.798,132.85,,1.3108,0.6963,0.6375,,12.95
1987-12-03,,1.8065,132.9,,1.3117,0.7014,0.646,,12.98
1987-12-02,,1.812,132.7,,1.3134,0.7026,0.6435,,12.97
1987-12-01,,1.818,133,,1.3138,0.705,0.649,,12.94
1987-11-30,,1.8256,132.42,,1.3081,0.705,0.6475,,12.89
1987-11-27,,1.8105,133.7,,1.3091,0.6942,0.6309,,12.93
1987-11-25,,1.7925,134.8,,1.31,0.6921,0.6278,,13
1987-11-24,,1.7725,135.52,,1.315,0.6885,0.6223,,13.02
1987-11-23,,1.7905,134.73,,1.3115,0.6827,0.6162,,12.95
1987-11-20,,1.779,135.45,,1.3137,0.6895,0.619,,12.92
1987-11-19,,1.7802,135.15,,1.3107,0.6942,0.6175,,12.96
1987-11-18,,1.77,135.55,,1.315,0.6945,0.62,,13
1987-11-17,,1.764,135.72,,1.3172,0.6967,0.621,,13.04
1987-11-16,,1.75,136.6,,1.3177,0.6863,0.6113,,13.14
1987-11-13,,1.768,135.85,,1.319,0.6858,0.6133,,13.01
1987-11-12,,1.7575,136.45,,1.3175,0.6825,0.6165,,13.04
1987-11-10,,1.7865,134.55,,1.32,0.6795,0.6245,,12.86
1987-11-09,,1.793,134.3,,1.3204,0.683,0.626,,12.88
1987-11-06,,1.7825,135.4,,1.3205,0.6838,0.625,,12.9
1987-11-05,,1.783,134.7,,1.3315,0.6755,0.614,,12.93
1987-11-04,,1.7482,137.28,,1.3236,0.6732,0.61,,12.99
1987-11-03,,1.74,137.38,,1.322,0.6702,0.6005,,13.01
1987-11-02,,1.739,137,,1.3145,0.6762,0.6005,,13
1987-10-30,,1.7215,138.4,,1.3162,0.67,0.593,,12.99
1987-10-29,,1.719,138.25,,1.318,0.6695,0.588,,13
1987-10-28,,1.71,139.18,,1.3185,0.687,0.59,,12.99
1987-10-27,,1.6965,141.58,,1.3183,0.6982,0.6195,,12.99
1987-10-26,,1.688,142.2,,1.3155,0.7065,0.6407,,12.99
1987-10-23,,1.675,142.85,,1.314,0.7162,0.6492,,13.02
1987-10-22,,1.6495,144.68,,1.3167,0.7154,0.644,,13.04
1987-10-21,,1.6515,144.2,,1.3145,0.7135,0.646,,13.06
1987-10-20,,1.6545,143.9,,1.3192,0.7155,0.6468,,13.03
1987-10-19,,1.68,141.83,,1.2966,0.7223,0.652,,12.99
1987-10-16,,1.6645,142.75,,1.2985,0.721,0.6495,,13.07
1987-10-15,,1.664,142.15,,1.3009,0.7276,0.6467,,13.05
1987-10-14,,1.653,142.75,,1.306,0.7232,0.639,,13.05
1987-10-13,,1.647,143.75,,1.306,0.7221,0.6602,,13.08
1987-10-09,,1.6507,143.85,,1.307,0.7244,0.6593,,13.06
1987-10-08,,1.6425,144.89,,1.304,0.7235,0.6658,,13.08
1987-10-07,,1.6403,145.65,,1.3052,0.7237,0.6623,,13.06
1987-10-06,,1.632,146.71,,1.3049,0.7177,0.6541,,13.06
1987-10-05,,1.6238,146.85,,1.309,0.7142,0.648,,13.1
1987-10-02,,1.6212,146.4,,1.3085,0.7138,0.6488,,13.08
1987-10-01,,1.6165,146.9,,1.307,0.71,0.6436,,13.11
1987-09-30,,1.6248,146.5,,1.3095,0.7088,0.6468,,13.11
1987-09-29,,1.628,146.2,,1.31,0.717,0.6505,,13.13
1987-09-28,,1.642,144.07,,1.3114,0.7279,0.649,,13.07
1987-09-25,,1.6417,143.67,,1.3123,0.7245,0.645,,13.07
1987-09-24,,1.637,143.73,,1.316,0.7285,0.6435,,13.03
1987-09-23,,1.6422,143.9,,1.3174,0.7322,0.643,,13.04
1987-09-22,,1.641,144.15,,1.3178,0.7325,0.6445,,13
1987-09-21,,1.6478,143.55,,1.315,0.7363,0.6446,,12.96
1987-09-18,,1.6553,142.67,,1.3136,0.7347,0.6403,,12.95
1987-09-17,,1.6462,143.4,,1.3155,0.7334,0.6376,,12.98
1987-09-16,,1.6452,144.36,,1.3178,0.7329,0.637,,12.99
1987-09-15,,1.6423,144.05,,1.3153,0.7294,0.633,,13
1987-09-14,,1.637,144.5,,1.3184,0.7276,0.6336,,13
1987-09-11,,1.65,142.8,,1.3183,0.7305,0.6225,,12.95
1987-09-10,,1.6447,142.57,,1.3215,0.727,0.6215,,12.96
1987-09-09,,1.651,141.6,,1.3204,0.7287,0.6215,,12.92
1987-09-08,,1.6595,141.75,,1.313,0.7278,0.6208,,12.9
1987-09-04,,1.6538,141.75,,1.3142,0.7234,0.6233,,12.93
1987-09-03,,1.657,141.03,,1.3142,0.7221,0.6198,,12.94
1987-09-02,,1.6497,141.03,,1.3155,0.7208,0.6165,,12.95
1987-09-01,,1.6401,141.83,,1.3173,0.7178,0.6096,,12.98
1987-08-31,,1.6328,141.75,,1.3196,0.7145,0.607,,13.05
1987-08-28,,1.6325,142,,1.3183,0.7115,0.6049,,13.05
1987-08-27,,1.629,142.05,,1.317,0.7118,0.606,,13.05
1987-08-26,,1.6165,143.05,,1.3223,0.712,0.599,,13.09
1987-08-25,,1.6182,143.22,,1.3195,0.7135,0.6057,,13.07
1987-08-24,,1.63,142,,1.3213,0.7154,0.6051,,13.06
1987-08-21,,1.629,142.75,,1.325,0.7123,0.6048,,13.06
1987-08-20,,1.622,144.15,,1.3271,0.7088,0.6015,,13.07
1987-08-19,,1.615,145.1,,1.3308,0.7093,0.599,,13.08
1987-08-18,,1.617,146.07,,1.3317,0.7161,0.5942,,13.04
1987-08-17,,1.5908,149.92,,1.3311,0.7108,0.5903,,13.09
1987-08-14,,1.589,150,,1.3312,0.7084,0.5835,,13.1
1987-08-13,,1.5797,151.45,,1.3294,0.7048,0.5747,,13.09
1987-08-12,,1.579,151.25,,1.3315,0.7025,0.5802,,13.1
1987-08-11,,1.5697,151.77,,1.3298,0.7017,0.583,,13.11
1987-08-10,,1.5667,151.12,,1.3287,0.6975,0.5713,,13.11
1987-08-07,,1.5667,151.57,,1.3262,0.6994,0.5733,,13.12
1987-08-06,,1.576,151.45,,1.3231,0.6993,0.5721,,13.09
1987-08-05,,1.5783,150.75,,1.3251,0.7018,0.5736,,13.09
1987-08-04,,1.57,152.1,,1.3258,0.6989,0.5693,,13.15
1987-08-03,,1.5835,150.5,,1.3241,0.7003,0.5754,,13.12
1987-07-31,,1.591,149.9,,1.328,0.6982,0.5697,,13.11
1987-07-30,,1.594,149.65,,1.3326,0.6985,0.565,,13.11
1987-07-29,,1.6,150.78,,1.3325,0.698,0.5798,,13.08
1987-07-28,,1.5985,150.38,,1.3334,0.6995,0.584,,13.11
1987-07-27,,1.5975,150.45,,1.3348,0.7035,0.599,,13.09
1987-07-24,,1.603,149.95,,1.3388,0.7076,0.5992,,13.08
1987-07-23,,1.6037,150.78,,1.3292,0.7099,0.6085,,13.05
1987-07-22,,1.595,152.34,,1.3212,0.7103,0.6094,,13.1
1987-07-21,,1.5955,152.66,,1.3213,0.7085,0.607,,13.11
1987-07-20,,1.6018,152.85,,1.3189,0.7067,0.6058,,13.1
1987-07-17,,1.6075,152.76,,1.3188,0.7098,0.607,,13.04
1987-07-16,,1.6305,150.55,,1.3217,0.7116,0.6044,,12.99
1987-07-15,,1.6315,148.65,,1.3236,0.71,0.6026,,12.96
1987-07-14,,1.6108,151.08,,1.3179,0.707,0.5986,,13.03
1987-07-13,,1.6175,150.98,,1.3199,0.7075,0.6038,,12.99
1987-07-10,,1.6135,150.65,,1.3211,0.7077,0.6005,,13
1987-07-09,,1.6175,149.98,,1.3235,0.7097,0.6025,,12.94
1987-07-08,,1.6178,150.57,,1.3245,0.7059,0.595,,12.94
1987-07-07,,1.62,149.7,,1.3232,0.7,0.5996,,12.9
1987-07-06,,1.6185,149.13,,1.3282,0.7121,0.596,,12.9
1987-07-03,,1.61,148.82,,1.3279,0.7185,0.595,,12.89
1987-07-02,,1.6155,147.3,,1.3303,0.72,0.5928,,12.9
1987-07-01,,1.6155,146.85,,1.3305,0.7209,0.593,,12.87
1987-06-30,,1.6128,146.8,,1.3315,0.7209,0.5923,,12.89
1987-06-29,,1.6008,146.7,,1.3337,0.7208,0.591,,12.94
1987-06-26,,1.6105,146.3,,1.3327,0.7191,0.5922,,12.88
1987-06-25,,1.6121,146.33,,1.3303,0.7202,0.5871,,12.87
1987-06-24,,1.622,145.08,,1.3337,0.7173,0.584,,12.82
1987-06-23,,1.599,146.03,,1.334,0.7165,0.5853,,12.93
1987-06-22,,1.595,145.9,,1.3353,0.7213,0.5941,,12.91
1987-06-19,,1.616,145.05,,1.3393,0.7211,0.595,,12.85
1987-06-18,,1.6298,144.6,,1.3415,0.722,0.5948,,12.84
1987-06-17,,1.6342,144.65,,1.3407,0.7231,0.595,,12.85
1987-06-16,,1.634,144.45,,1.341,0.7192,0.5911,,12.85
1987-06-15,,1.632,144.8,,1.3412,0.7167,0.592,,12.86
1987-06-12,,1.652,143.85,,1.3398,0.7182,0.592,,12.75
1987-06-11,,1.6613,142.55,,1.3423,0.7162,0.5862,,12.72
1987-06-10,,1.6585,142.45,,1.3394,0.7186,0.587,,12.72
1987-06-09,,1.661,142.5,,1.3427,0.7147,0.582,,12.75
1987-06-08,,1.6385,143.45,,1.3433,0.714,0.5803,,12.81
1987-06-05,,1.631,143.8,,1.3437,0.7139,0.5783,,12.83
1987-06-04,,1.6232,144.3,,1.3414,0.714,0.5766,,12.84
1987-06-03,,1.643,142.8,,1.3435,0.7168,0.5792,,12.81
1987-06-02,,1.6435,142.25,,1.3422,0.7152,0.578,,12.8
1987-06-01,,1.6242,145.45,,1.338,0.7147,0.5775,,12.89
1987-05-29,,1.6295,144.1,,1.3388,0.7122,0.575,,12.84
1987-05-28,,1.6255,143.4,,1.344,0.7122,0.5743,,12.85
1987-05-27,,1.613,143.52,,1.3467,0.7149,0.5745,,12.89
1987-05-26,,1.634,143.3,,1.3445,0.7128,0.5743,,12.74
1987-05-22,,1.673,140.6,,1.3482,0.7203,0.5772,,12.63
1987-05-21,,1.679,140.45,,1.348,0.7213,0.5791,,12.63
1987-05-20,,1.683,139.78,,1.346,0.7236,0.5795,,12.59
1987-05-19,,1.6825,140,,1.3406,0.7211,0.579,,12.59
1987-05-18,,1.6838,139.95,,1.3406,0.722,0.5815,,12.61
1987-05-15,,1.6783,139.8,,1.3403,0.7176,0.578,,12.62
1987-05-14,,1.6778,139.5,,1.3391,0.7142,0.577,,12.65
1987-05-13,,1.6715,139.76,,1.3393,0.712,0.5747,,12.7
1987-05-12,,1.6692,139.6,,1.3358,0.7161,0.577,,12.7
1987-05-11,,1.658,139.5,,1.335,0.7131,0.576,,12.66
1987-05-08,,1.6745,139.6,,1.337,0.7117,0.573,,12.59
1987-05-07,,1.679,139.4,,1.3365,0.7111,0.5715,,12.59
1987-05-06,,1.6843,139.2,,1.3363,0.7103,0.576,,12.57
1987-05-05,,1.6885,138.67,,1.342,0.7103,0.578,,12.61
1987-05-04,,1.68,139.1,,1.3447,0.7046,0.577,,12.63
1987-05-01,,1.6685,140.35,,1.338,0.7018,0.5752,,12.63
1987-04-30,,1.6605,140.67,,1.3371,0.702,0.578,,12.65
1987-04-29,,1.6597,140.2,,1.3363,0.7063,0.5815,,12.72
1987-04-28,,1.6545,139.9,,1.3354,0.7035,0.5802,,12.69
1987-04-27,,1.6675,138.4,,1.338,0.713,0.586,,12.63
1987-04-24,,1.657,139.75,,1.3363,0.7094,0.5848,,12.7
1987-04-23,,1.637,141.2,,1.3317,0.7115,0.5832,,12.8
1987-04-22,,1.6275,142.35,,1.3305,0.7057,0.579,,12.82
1987-04-21,,1.6332,142.35,,1.322,0.7081,0.5728,,12.8
1987-04-20,,1.6317,142.4,,1.3183,0.7122,0.578,,12.86
1987-04-17,,1.63,143.2,,1.32,0.712,0.578,,12.84
1987-04-16,,1.631,143,,1.3185,0.7153,0.578,,12.86
1987-04-15,,1.633,141.75,,1.3247,0.7258,0.5828,,12.83
1987-04-14,,1.633,141.13,,1.3195,0.7224,0.5802,,12.8
1987-04-13,,1.6235,142.65,,1.3028,0.7229,0.5804,,12.86
1987-04-10,,1.625,142.55,,1.3023,0.7182,0.576,,12.82
1987-04-09,,1.6177,144.7,,1.3028,0.7145,0.5765,,12.85
1987-04-08,,1.6128,146.6,,1.3077,0.7091,0.575,,12.87
1987-04-07,,1.6183,145.35,,1.3057,0.7084,0.5705,,12.85
1987-04-06,,1.617,146.1,,1.3077,0.711,0.5727,,12.85
1987-04-03,,1.6095,146.2,,1.308,0.7097,0.5722,,12.88
1987-04-02,,1.607,146.5,,1.3073,0.7042,0.5695,,13
1987-04-01,,1.602,146.82,,1.3097,0.7057,0.5705,,12.94
1987-03-31,,1.607,145.68,,1.3053,0.7045,0.5697,,12.94
1987-03-30,,1.6075,146.4,,1.3087,0.7025,0.5655,,12.85
1987-03-27,,1.603,147.72,,1.3065,0.698,0.5642,,12.89
1987-03-26,,1.606,149.2,,1.3085,0.6954,0.564,,12.9
1987-03-25,,1.6058,149.15,,1.3114,0.695,0.567,,12.82
1987-03-24,,1.61,149.32,,1.3078,0.6929,0.5632,,12.79
1987-03-23,,1.617,150.25,,1.3085,0.6884,0.5585,,12.8
1987-03-20,,1.6022,151.7,,1.3088,0.6857,0.5568,,12.88
1987-03-19,,1.6033,151.48,,1.3155,0.6857,0.5595,,12.86
1987-03-18,,1.6058,151.95,,1.3133,0.687,0.5655,,12.85
1987-03-17,,1.5975,151.95,,1.3129,0.6876,0.5665,,12.92
1987-03-16,,1.583,151.65,,1.3165,0.6793,0.563,,12.99
1987-03-13,,1.575,152.65,,1.3213,0.6775,0.555,,12.99
1987-03-12,,1.5885,153.63,,1.3211,0.6895,0.572,,12.93
1987-03-11,,1.591,153.82,,1.327,0.6877,0.5695,,12.92
1987-03-10,,1.5842,153.65,,1.3352,0.6835,0.567,,12.97
1987-03-09,,1.588,153.8,,1.3348,0.6795,0.5637,,12.95
1987-03-06,,1.589,153.47,,1.333,0.6775,0.5565,,12.98
1987-03-05,,1.5778,153.2,,1.3342,0.6788,0.558,,13.02
1987-03-04,,1.5642,153.71,,1.3328,0.6802,0.5642,,13.03
1987-03-03,,1.56,153.65,,1.3327,0.6786,0.5605,,13.02
1987-03-02,,1.5638,153.5,,1.3316,0.6813,0.5635,,13.02
1987-02-27,,1.546,153.27,,1.3332,0.677,0.5605,,13.05
1987-02-26,,1.5395,153.15,,1.3324,0.6743,0.5582,,13.05
1987-02-25,,1.537,153.6,,1.3305,0.6742,0.5545,,13.04
1987-02-24,,1.5395,153.78,,1.331,0.6695,0.553,,13.04
1987-02-23,,1.542,153.68,,1.3324,0.6678,0.55,,13.03
1987-02-20,,1.5283,153.65,,1.3303,0.6648,0.5503,,13.08
1987-02-19,,1.526,154.13,,1.3325,0.6652,0.5505,,13.09
1987-02-18,,1.5312,153.85,,1.3308,0.6665,0.5472,,13.04
1987-02-17,,1.5305,153.22,,1.33,0.6618,0.5452,,13.04
1987-02-13,,1.52,153.7,,1.3425,0.6643,0.544,,13.05
1987-02-12,,1.519,154.1,,1.3455,0.6666,0.5425,,13.03
1987-02-11,,1.523,153.7,,1.3438,0.668,0.546,,13.04
1987-02-10,,1.535,152.4,,1.336,0.6674,0.5468,,13.05
1987-02-09,,1.519,152.55,,1.336,0.665,0.5433,,13.13
1987-02-06,,1.5065,154.45,,1.3341,0.6693,0.546,,13.19
1987-02-05,,1.515,153.63,,1.3315,0.6682,0.5455,,13.12
1987-02-04,,1.5228,152.8,,1.326,0.6693,0.5458,,13.03
1987-02-03,,1.5275,152.5,,1.333,0.6655,0.544,,13.02
1987-02-02,,1.5241,152.57,,1.334,0.661,0.5415,,13.06
1987-01-30,,1.514,153.65,,1.339,0.6618,0.541,,13.04
1987-01-29,,1.5368,152.1,,1.342,0.6614,0.542,,12.97
1987-01-28,,1.536,151.75,,1.3382,0.6603,0.5395,,12.95
1987-01-27,,1.5357,151.65,,1.3436,0.6617,0.539,,13.04
1987-01-26,,1.527,152.65,,1.3521,0.6625,0.544,,13.02
1987-01-23,,1.5205,153.08,,1.359,0.6615,0.5383,,13.04
1987-01-22,,1.532,151.9,,1.3573,0.6593,0.5373,,13.02
1987-01-21,,1.517,153.95,,1.357,0.6617,0.5385,,13.07
1987-01-20,,1.52,152.68,,1.3589,0.6631,0.5375,,13.05
1987-01-16,,1.5155,153.4,,1.3633,0.6521,0.53,,13
1987-01-15,,1.5042,153.55,,1.363,0.6498,0.5255,,13.01
1987-01-14,,1.5055,152.8,,1.3635,0.644,0.5325,,13.02
1987-01-13,,1.4903,155.75,,1.3661,0.6552,0.5245,,13.04
1987-01-12,,1.4918,156.77,,1.3662,0.667,0.538,,13.02
1987-01-09,,1.478,158.2,,1.3702,0.667,0.5363,,13.05
1987-01-08,,1.475,158.23,,1.3711,0.6665,0.5412,,13.08
1987-01-07,,1.4705,158.05,,1.3718,0.6635,0.542,,13.05
1987-01-06,,1.4762,158.78,,1.3744,0.6642,0.5353,,13.05
1987-01-05,,1.4728,159.4,,1.3758,0.6692,0.5332,,13.05
1987-01-02,,1.49,158.25,,1.3785,0.6658,0.5255,,13.02
1986-12-31,,1.4825,158.3,,1.381,0.6653,0.5305,,13.12
1986-12-30,,1.4685,159.9,,1.3831,0.6638,0.5242,,13.13
1986-12-29,,1.4683,159.05,,1.3816,0.6628,0.5238,,13.13
1986-12-26,,1.458,159.75,,1.382,0.661,0.5225,,13.13
1986-12-24,,1.4585,161.45,,1.3784,0.661,0.5225,,13.13
1986-12-23,,1.4525,162.7,,1.3776,0.6645,0.5215,,13.12
1986-12-22,,1.4415,162.75,,1.378,0.6752,0.5275,,13.13
1986-12-19,,1.4325,162.2,,1.3794,0.6694,0.5215,,13.16
1986-12-18,,1.4307,163,,1.3797,0.6645,0.5205,,13.15
1986-12-17,,1.4298,163.65,,1.379,0.6645,0.5165,,13.18
1986-12-16,,1.4295,163.95,,1.3793,0.6637,0.5142,,13.17
1986-12-15,,1.432,163.25,,1.3795,0.661,0.516,,13.14
1986-12-12,,1.4273,163.05,,1.3785,0.6586,0.511,,13.17
1986-12-11,,1.423,162.7,,1.3809,0.6582,0.5065,,13.18
1986-12-10,,1.4252,162.75,,1.3793,0.6527,0.503,,13.16
1986-12-09,,1.4235,162.6,,1.3775,0.6511,0.4974,,13.18
1986-12-08,,1.4195,162.4,,1.3775,0.653,0.5015,,13.18
1986-12-05,,1.4285,162.42,,1.3792,0.6535,0.5045,,13.16
1986-12-04,,1.429,162.77,,1.3813,0.654,0.5062,,13.14
1986-12-03,,1.432,162.26,,1.3836,0.6515,0.5075,,13.14
1986-12-02,,1.4343,162,,1.3828,0.6493,0.498,,13.14
1986-12-01,,1.4375,162.25,,1.3825,0.65,0.4978,,13.13
1986-11-28,,1.4335,162.05,,1.384,0.6504,0.5108,,13.1
1986-11-26,,1.4315,162.95,,1.3853,0.6505,0.5208,,13.11
1986-11-25,,1.4222,162.55,,1.3858,0.6475,0.52,,13.12
1986-11-24,,1.4165,164.18,,1.3859,0.6452,0.5175,,13.14
1986-11-21,,1.423,164.05,,1.387,0.6442,0.5178,,13.16
1986-11-20,,1.4107,162.75,,1.3852,0.6436,0.5185,,13.15
1986-11-19,,1.418,162.4,,1.3836,0.6441,0.5168,,13.15
1986-11-18,,1.4225,162.8,,1.3832,0.6428,0.5145,,13.15
1986-11-17,,1.428,162.82,,1.3852,0.6415,0.5135,,13.11
1986-11-14,,1.4303,161.45,,1.3843,0.6453,0.5165,,13.1
1986-11-13,,1.4245,160.9,,1.3844,0.645,0.5165,,13.13
1986-11-12,,1.4265,160.62,,1.3858,0.6451,0.518,,13.09
1986-11-10,,1.4354,162.85,,1.3879,0.646,0.517,,13.01
1986-11-07,,1.4258,163.2,,1.3885,0.6438,0.5118,,13.01
1986-11-06,,1.431,163.3,,1.3876,0.6421,0.507,,12.99
1986-11-05,,1.423,164.5,,1.3885,0.6428,0.5043,,12.94
1986-11-04,,1.4148,163.92,,1.3905,0.6413,0.503,,12.96
1986-11-03,,1.4113,164,,1.3913,0.6402,0.5045,,12.95
1986-10-31,,1.4055,163.4,,1.3905,0.6408,0.507,,12.98
1986-10-30,,1.3973,161.78,,1.3884,0.6418,0.5055,,12.95
1986-10-29,,1.4115,160.5,,1.3886,0.6425,0.506,,12.93
1986-10-28,,1.4155,160.1,,1.3884,0.6431,0.5065,,12.92
1986-10-27,,1.4065,160.7,,1.3878,0.6412,0.507,,12.97
1986-10-24,,1.4125,161.35,,1.3881,0.6415,0.508,,12.96
1986-10-23,,1.424,158.13,,1.3887,0.6467,0.5065,,12.91
1986-10-22,,1.431,155.8,,1.3904,0.6377,0.506,,12.86
1986-10-21,,1.436,155.16,,1.391,0.637,0.5005,,12.84
1986-10-20,,1.4298,154.75,,1.3917,0.637,0.5015,,12.83
1986-10-17,,1.4315,154.23,,1.3903,0.6378,0.497,,12.84
1986-10-16,,1.4375,154.2,,1.3893,0.64,0.5015,,12.81
1986-10-15,,1.4395,154.2,,1.3893,0.6409,0.501,,12.79
1986-10-14,,1.437,153.97,,1.3887,0.6357,0.503,,12.76
1986-10-10,,1.4335,154.45,,1.387,0.6385,0.5105,,12.81
1986-10-09,,1.4215,154.95,,1.387,0.6385,0.511,,12.78
1986-10-08,,1.4202,154.35,,1.3863,0.6365,0.5015,,12.81
1986-10-07,,1.432,154.07,,1.387,0.6345,0.5043,,12.77
1986-10-06,,1.4385,154.06,,1.3855,0.6351,0.506,,12.77
1986-10-03,,1.4425,154.17,,1.3865,0.6343,0.5053,,12.77
1986-10-02,,1.434,153.92,,1.388,0.631,0.5025,,12.81
1986-10-01,,1.444,154.15,,1.388,0.6308,0.4882,,12.8
1986-09-30,,1.4468,154.35,,1.3888,0.6279,0.4882,,12.77
1986-09-29,,1.433,153.65,,1.3884,0.6275,0.4915,,12.78
1986-09-26,,1.4365,154.35,,1.3888,0.6292,0.484,,12.78
1986-09-25,,1.4345,154.55,,1.3896,0.6306,0.4782,,12.74
1986-09-24,,1.4465,154.57,,1.388,0.6305,0.4805,,12.72
1986-09-23,,1.4487,154.66,,1.3875,0.6325,0.481,,12.75
1986-09-22,,1.456,153.6,,1.387,0.6306,0.4745,,12.73
1986-09-19,,1.4755,152,,1.388,0.6283,0.4735,,12.68
1986-09-18,,1.472,153.65,,1.3865,0.6253,0.474,,12.67
1986-09-17,,1.475,154.8,,1.3907,0.6233,0.4755,,12.72
1986-09-16,,1.4755,156.35,,1.3874,0.6247,0.4768,,12.7
1986-09-15,,1.4808,155.18,,1.386,0.626,0.4775,,12.7
1986-09-12,,1.476,155.35,,1.3865,0.6196,0.481,,12.67
1986-09-11,,1.4695,156.4,,1.3885,0.6175,0.4755,,12.64
1986-09-10,,1.4815,154.8,,1.3871,0.6075,0.4695,,12.62
1986-09-09,,1.484,155.7,,1.3815,0.6131,0.4745,,12.62
1986-09-08,,1.4865,156.15,,1.385,0.6155,0.4785,,12.61
1986-09-05,,1.495,155.4,,1.3862,0.6161,0.4785,,12.57
1986-09-04,,1.504,154.9,,1.3879,0.6162,0.4815,,12.57
1986-09-03,,1.4995,154.7,,1.3867,0.6124,0.488,,12.58
1986-09-02,,1.4892,154.25,,1.3862,0.6093,0.4873,,12.57
1986-08-29,,1.488,154.55,,1.3881,0.609,0.4865,,12.54
1986-08-28,,1.4805,156.05,,1.3925,0.6085,0.495,,12.55
1986-08-27,,1.484,154.68,,1.3965,0.609,0.4945,,12.58
1986-08-26,,1.4835,154.95,,1.3957,0.6069,0.49,,12.56
1986-08-25,,1.4778,153.84,,1.394,0.6052,0.4855,,12.57
1986-08-22,,1.4865,153.45,,1.391,0.607,0.4875,,12.57
1986-08-21,,1.4981,153.25,,1.39,0.6115,0.4855,,12.59
1986-08-20,,1.504,153.4,,1.391,0.6118,0.501,,12.57
1986-08-19,,1.5015,153.5,,1.3945,0.63,0.505,,12.61
1986-08-18,,1.493,154.2,,1.394,0.6251,0.4985,,12.59
1986-08-15,,1.494,154.2,,1.3892,0.6233,0.495,,12.55
1986-08-14,,1.493,153.73,,1.3856,0.6213,0.5015,,12.57
1986-08-13,,1.486,154.3,,1.3885,0.6136,0.5015,,12.58
1986-08-12,,1.4845,154.7,,1.39,0.6083,0.4955,,12.55
1986-08-11,,1.4857,153.77,,1.3858,0.6068,0.495,,12.54
1986-08-08,,1.473,154.15,,1.386,0.6084,0.5065,,12.56
1986-08-07,,1.4765,153.8,,1.3813,0.6106,0.5185,,12.57
1986-08-06,,1.479,154.4,,1.3825,0.62,0.5193,,12.55
1986-08-05,,1.485,154.95,,1.38,0.616,0.5165,,12.53
1986-08-04,,1.47,154,,1.382,0.6014,0.517,,12.59
1986-08-01,,1.485,153.85,,1.3807,0.6052,0.519,,12.58
1986-07-31,,1.4915,153.85,,1.3795,0.5959,0.5205,,12.58
1986-07-30,,1.4895,156.1,,1.3839,0.6104,0.518,,12.57
1986-07-29,,1.488,155.7,,1.3875,0.6093,0.529,,12.56
1986-07-28,,1.4805,155.95,,1.388,0.6105,0.527,,12.58
1986-07-25,,1.4825,157.7,,1.3872,0.6015,0.521,,12.54
1986-07-24,,1.4935,156.7,,1.3885,0.6126,0.5305,,12.53
1986-07-23,,1.492,157.45,,1.3898,0.6263,0.5368,,12.57
1986-07-22,,1.49,156.8,,1.3839,0.6372,0.5405,,12.56
1986-07-21,,1.499,155.05,,1.3762,0.6413,0.5405,,12.59
1986-07-18,,1.5045,156.45,,1.3753,0.6382,0.534,,12.59
1986-07-17,,1.515,157.35,,1.375,0.6368,0.534,,12.53
1986-07-16,,1.514,158.4,,1.376,0.6371,0.533,,12.47
1986-07-15,,1.494,159.5,,1.3745,0.641,0.532,,12.54
1986-07-14,,1.4805,160.25,,1.3769,0.6419,0.5325,,12.62
1986-07-11,,1.504,161.35,,1.3782,0.6381,0.53,,12.51
1986-07-10,,1.5155,160.5,,1.3779,0.632,0.5335,,12.48
1986-07-09,,1.524,161.08,,1.3817,0.632,0.534,,12.45
1986-07-08,,1.531,161,,1.3817,0.6239,0.5285,,12.37
1986-07-07,,1.5342,160.7,,1.38,0.637,0.535,,12.35
1986-07-03,,1.5455,161.4,,1.378,0.6345,0.5305,,12.36
1986-07-02,,1.537,163.35,,1.3785,0.6469,0.539,,12.42
1986-07-01,,1.5495,162.7,,1.3802,0.6549,0.539,,12.4
1986-06-30,,1.532,163.8,,1.387,0.6735,0.549,,12.42
1986-06-27,,1.529,165.45,,1.3885,0.6703,0.5405,,12.54
1986-06-26,,1.5195,166.1,,1.3945,0.6673,0.5322,,12.56
1986-06-25,,1.5165,166.1,,1.386,0.668,0.528,,12.52
1986-06-24,,1.5165,166.65,,1.3862,0.679,0.5355,,12.58
1986-06-23,,1.4995,167.9,,1.388,0.6825,0.5305,,12.71
1986-06-20,,1.499,167.7,,1.3875,0.6906,0.529,,12.65
1986-06-19,,1.5035,166.88,,1.3947,0.6925,0.5315,,12.62
1986-06-18,,1.5,167.65,,1.3917,0.692,0.537,,12.62
1986-06-17,,1.5015,167.8,,1.3908,0.6931,0.535,,12.62
1986-06-16,,1.523,165.5,,1.386,0.6951,0.5355,,12.53
1986-06-13,,1.5235,165.25,,1.384,0.6927,0.544,,12.59
1986-06-12,,1.523,165.85,,1.3872,0.6903,0.55,,12.48
1986-06-11,,1.527,166.35,,1.3888,0.6885,0.5602,,12.44
1986-06-10,,1.5165,166.9,,1.3898,0.695,0.5635,,12.55
1986-06-09,,1.498,167.87,,1.3927,0.6967,0.56,,12.63
1986-06-06,,1.5045,167.7,,1.3967,0.699,0.5605,,12.58
1986-06-05,,1.4955,168.9,,1.393,0.6922,0.555,,12.69
1986-06-04,,1.4835,171.53,,1.393,0.7003,0.5595,,12.67
1986-06-03,,1.493,171.6,,1.3928,0.7006,0.564,,12.7
1986-06-02,,1.474,174.9,,1.3893,0.707,0.5625,,12.87
1986-05-30,,1.4723,174.5,,1.3797,0.7148,0.563,,12.77
1986-05-29,,1.491,171.6,,1.3765,0.72,0.5605,,12.69
1986-05-28,,1.502,169,,1.3755,0.7212,0.555,,12.63
1986-05-27,,1.5055,169.2,,1.3747,0.7204,0.553,,12.69
1986-05-23,,1.494,169.6,,1.368,0.7173,0.554,,12.64
1986-05-22,,1.4928,169.3,,1.364,0.7138,0.553,,12.57
1986-05-21,,1.5165,168.77,,1.3665,0.7203,0.555,,12.5
1986-05-20,,1.5182,168.6,,1.3715,0.7232,0.558,,12.42
1986-05-19,,1.5177,168.15,,1.377,0.7262,0.556,,12.46
1986-05-16,,1.5255,165.4,,1.376,0.7208,0.5505,,12.43
1986-05-15,,1.535,163.6,,1.3755,0.7148,0.5595,,12.36
1986-05-14,,1.5395,163.3,,1.378,0.711,0.563,,12.38
1986-05-13,,1.5348,163,,1.379,0.7307,0.561,,12.32
1986-05-12,,1.546,161.15,,1.3802,0.7465,0.589,,12.32
1986-05-09,,1.5425,162.35,,1.38,0.7448,0.5892,,12.36
1986-05-08,,1.543,163.62,,1.3775,0.7435,0.5845,,12.3
1986-05-07,,1.5415,165.1,,1.38,0.7375,0.5833,,12.34
1986-05-06,,1.534,166.25,,1.378,0.7355,0.5813,,12.37
1986-05-05,,1.541,165.62,,1.3755,0.7388,0.5795,,12.44
1986-05-02,,1.522,169.9,,1.3795,0.7347,0.575,,12.44
1986-05-01,,1.5292,169.65,,1.3775,0.7353,0.5765,,12.35
1986-04-30,,1.551,167.6,,1.3738,0.7407,0.5843,,12.3
1986-04-29,,1.552,167.85,,1.3795,0.7401,0.5837,,12.27
1986-04-28,,1.555,167.15,,1.3785,0.738,0.5845,,12.25
1986-04-25,,1.544,168.1,,1.384,0.7307,0.5795,,12.28
1986-04-24,,1.5338,169,,1.3871,0.7306,0.5832,,12.22
1986-04-23,,1.5235,169.35,,1.3952,0.73,0.576,,12.29
1986-04-22,,1.5215,170.15,,1.3895,0.7297,0.5695,,12.3
1986-04-21,,1.5112,172,,1.3852,0.7205,0.573,,12.36
1986-04-18,,1.518,173.8,,1.3864,0.7175,0.558,,12.28
1986-04-17,,1.5285,175.15,,1.3908,0.7161,0.5498,,12.34
1986-04-16,,1.5065,176.5,,1.39,0.7176,0.5538,,12.41
1986-04-15,,1.48,178.25,,1.3923,0.7141,0.5533,,12.49
1986-04-14,,1.4822,179.12,,1.4,0.7168,0.5528,,12.45
1986-04-11,,1.476,178.35,,1.391,0.716,0.5525,,12.48
1986-04-10,,1.4615,178.8,,1.3885,0.7142,0.5485,,12.55
1986-04-09,,1.461,180.05,,1.3829,0.7181,0.5502,,12.56
1986-04-08,,1.4605,180.05,,1.384,0.72,0.5465,,12.5
1986-04-07,,1.4555,182.85,,1.3863,0.7176,0.5518,,12.54
1986-04-04,,1.451,180.35,,1.3903,0.717,0.5515,,12.49
1986-04-03,,1.4595,179.9,,1.393,0.7153,0.55,,12.44
1986-04-02,,1.4645,179.5,,1.3925,0.7199,0.5535,,12.42
1986-04-01,,1.471,178.15,,1.3923,0.722,0.542,,12.43
1986-03-31,,1.4735,177.6,,1.397,0.7116,0.5352,,12.31
1986-03-28,,1.474,179.85,,1.3969,0.7125,0.533,,12.31
1986-03-27,,1.4837,179.52,,1.397,0.7121,0.5345,,12.31
1986-03-26,,1.475,179.8,,1.4025,0.7124,0.533,,12.33
1986-03-25,,1.4618,180.2,,1.4025,0.721,0.534,,12.33
1986-03-24,,1.4875,178.9,,1.4007,0.7181,0.533,,12.19
1986-03-21,,1.5015,175.8,,1.3978,0.7137,0.536,,12.17
1986-03-20,,1.4875,176.37,,1.397,0.7131,0.5335,,12.17
1986-03-19,,1.479,177.1,,1.389,0.71,0.5305,,12.24
1986-03-18,,1.4767,175,,1.3885,0.7128,0.529,,12.23
1986-03-17,,1.464,175.73,,1.3895,0.7083,0.531,,12.24
1986-03-14,,1.461,177.15,,1.3895,0.7032,0.528,,12.25
1986-03-13,,1.4593,179.9,,1.3969,0.7045,0.529,,12.3
1986-03-12,,1.467,180.2,,1.398,0.704,0.5295,,12.2
1986-03-11,,1.4555,179.9,,1.3995,0.705,0.525,,12.35
1986-03-10,,1.443,180.7,,1.397,0.7016,0.521,,12.25
1986-03-07,,1.4525,179.45,,1.4075,0.7021,0.5205,,12.83
1986-03-06,,1.4575,179.3,,1.4138,0.7006,0.518,,12.27
1986-03-05,,1.451,181.45,,1.411,0.7028,0.5175,,12.22
1986-03-04,,1.463,179,,1.423,0.701,0.5195,,12.23
1986-03-03,,1.4415,179.65,,1.4245,0.6963,0.5215,,12.34
1986-02-28,,1.446,180.55,,1.423,0.6993,0.523,,12.27
1986-02-27,,1.4815,180.15,,1.41,0.697,0.518,,12.14
1986-02-26,,1.489,181.15,,1.3951,0.7086,0.5302,,12.13
1986-02-25,,1.492,180.95,,1.3925,0.7083,0.5285,,12.12
1986-02-24,,1.463,182.15,,1.3878,0.7039,0.525,,12.26
1986-02-21,,1.4465,182.98,,1.3882,0.7025,0.5205,,12.37
1986-02-20,,1.4515,181.1,,1.3895,0.705,0.5305,,12.24
1986-02-19,,1.45,179.4,,1.3922,0.709,0.5395,,12.29
1986-02-18,,1.4283,181.05,,1.3963,0.7048,0.5408,,12.4
1986-02-14,,1.4183,182,,1.397,0.7018,0.536,,12.44
1986-02-13,,1.4175,182.3,,1.4025,0.6912,0.5342,,12.43
1986-02-12,,1.4095,186.72,,1.399,0.6849,0.544,,12.44
1986-02-11,,1.412,187.45,,1.3985,0.6893,0.5425,,12.49
1986-02-10,,1.4085,188.15,,1.396,0.694,0.5415,,12.52
1986-02-07,,1.399,191.35,,1.4068,0.6943,0.532,,12.53
1986-02-06,,1.3975,190.48,,1.409,0.7007,0.533,,12.47
1986-02-05,,1.3905,190.65,,1.428,0.6943,0.531,,12.49
1986-02-04,,1.377,192.05,,1.438,0.6927,0.52,,12.55
1986-02-03,,1.386,191.55,,1.432,0.7048,0.5335,,12.45
1986-01-31,,1.412,192.3,,1.4233,0.7138,0.5355,,12.34
1986-01-30,,1.409,193.05,,1.4208,0.715,0.539,,12.3
1986-01-29,,1.4025,194.1,,1.4156,0.7151,0.529,,12.33
1986-01-28,,1.408,195.65,,1.4206,0.7143,0.527,,12.34
1986-01-27,,1.3915,195.75,,1.4155,0.7128,0.5315,,12.44
1986-01-24,,1.394,196.05,,1.4133,0.7115,0.5225,,12.37
1986-01-23,,1.3835,202.05,,1.4059,0.7136,0.5125,,12.38
1986-01-22,,1.3943,201.7,,1.4048,0.7121,0.5185,,12.38
1986-01-21,,1.4075,202.35,,1.4059,0.7003,0.515,,12.31
1986-01-17,,1.4367,202.52,,1.4007,0.6988,0.52,,12.22
1986-01-16,,1.438,202.55,,1.404,0.7015,0.522,,12.2
1986-01-15,,1.442,202.5,,1.4067,0.6935,0.5115,,12.21
1986-01-14,,1.4398,202.6,,1.403,0.6911,0.5045,,12.2
1986-01-13,,1.442,202.7,,1.4025,0.6938,0.503,,12.18
1986-01-10,,1.4545,202.35,,1.3937,0.6956,0.505,,12.09
1986-01-09,,1.45,202.1,,1.398,0.6965,0.507,,12.19
1986-01-08,,1.4433,202.1,,1.4015,0.6886,0.498,,12.16
1986-01-07,,1.4395,201.7,,1.3993,0.6885,0.52,,12.13
1986-01-06,,1.4355,201.9,,1.407,0.6807,0.524,,12.17
1986-01-03,,1.438,202.53,,1.4035,0.681,0.5005,,12.12
1986-01-02,,1.4505,199.15,,1.401,0.682,0.502,,12.05
1985-12-31,,1.445,200.25,,1.3985,0.6818,0.5005,,12.11
1985-12-30,,1.439,201.05,,1.3995,0.681,0.5005,,12.1
1985-12-27,,1.436,202.2,,1.4,0.6822,0.5015,,12.19
1985-12-26,,1.429,202.8,,1.401,0.682,0.502,,12.21
1985-12-24,,1.427,202.75,,1.4,0.682,0.502,,12.21
1985-12-23,,1.429,202.45,,1.3983,0.68,0.5,,12.19
1985-12-20,,1.425,202.7,,1.3962,0.6827,0.496,,12.19
1985-12-19,,1.421,202.97,,1.398,0.6828,0.504,,12.2
1985-12-18,,1.4195,203.15,,1.3957,0.6796,0.5035,,12.19
1985-12-17,,1.437,201.95,,1.3955,0.6798,0.501,,12.15
1985-12-16,,1.4375,202.6,,1.3936,0.6826,0.4795,,12.17
1985-12-13,,1.4365,202.8,,1.3905,0.6853,0.521,,12.17
1985-12-12,,1.4395,202.05,,1.3893,0.6847,0.5355,,12.18
1985-12-11,,1.415,203.9,,1.3922,0.684,0.5495,,12.2
1985-12-10,,1.435,203.6,,1.398,0.6785,0.563,,12.2
1985-12-09,,1.4575,203.5,,1.3985,0.6786,0.565,,12.19
1985-12-06,,1.4785,203.4,,1.3957,0.681,0.5645,,12.1
1985-12-05,,1.4795,203,,1.3943,0.6815,0.5665,,12.07
1985-12-04,,1.486,202.65,,1.389,0.6808,0.564,,12.07
1985-12-03,,1.479,204.75,,1.3912,0.677,0.5615,,12.07
1985-12-02,,1.4875,204.03,,1.3895,0.676,0.572,,12.04
1985-11-29,,1.489,202.1,,1.384,0.6859,0.573,,12.05
1985-11-27,,1.4738,201.05,,1.3781,0.6876,0.5765,,12.02
1985-11-26,,1.4705,201,,1.3778,0.6913,0.574,,12.07
1985-11-25,,1.4628,200.8,,1.3776,0.6916,0.5745,,12.03
1985-11-22,,1.455,201.35,,1.3758,0.6883,0.572,,12.08
1985-11-21,,1.4415,202.1,,1.3769,0.6822,0.5755,,12.07
1985-11-20,,1.434,203.45,,1.3778,0.6787,0.5625,,12.13
1985-11-19,,1.4345,203,,1.3756,0.677,0.5575,,12.12
1985-11-18,,1.4255,203.45,,1.3764,0.6735,0.5545,,12.18
1985-11-15,,1.4217,204.3,,1.3769,0.673,0.559,,12.14
1985-11-14,,1.4273,203.35,,1.3782,0.6698,0.572,,12.16
1985-11-13,,1.4235,204,,1.3798,0.6632,0.569,,12.16
1985-11-12,,1.411,205.85,,1.379,0.661,0.57,,12.17
1985-11-08,,1.4167,205.85,,1.3769,0.673,0.585,,12.19
1985-11-07,,1.4165,205.6,,1.3747,0.6645,0.5855,,12.08
1985-11-06,,1.4353,205.25,,1.3763,0.6615,0.586,,12.08
1985-11-05,,1.4325,208,,1.3745,0.6683,0.5725,,12.06
1985-11-04,,1.4405,207.9,,1.3695,0.683,0.5825,,12.06
1985-11-01,,1.441,209,,1.367,0.6975,,,12.07
1985-10-31,,1.4405,211.55,,1.3668,0.699,,,12.05
1985-10-30,,1.441,211.5,,1.3663,0.701,0.576,,12.06
1985-10-29,,1.4352,212.43,,1.3651,0.6997,0.566,,12.07
1985-10-28,,1.4275,213.5,,1.3665,0.7,0.5615,,12.02
1985-10-25,,1.422,214.9,,1.3672,0.6992,0.559,,12.04
1985-10-24,,1.421,216.7,,1.366,0.6987,0.564,,12
1985-10-23,,1.4335,215.9,,1.3642,0.6965,0.56,,12.01
1985-10-22,,1.4305,216.1,,1.3652,0.7013,0.5635,,12.04
1985-10-21,,1.4335,215.7,,1.3634,0.703,0.5815,,12.03
1985-10-18,,1.428,215.15,,1.3651,0.7047,0.582,,12.09
1985-10-17,,1.414,215.15,,1.3664,0.7031,0.579,,12.08
1985-10-16,,1.4075,217.3,,1.371,0.699,0.5785,,12.1
1985-10-15,,1.4128,215.45,,1.3703,0.7,0.588,,12.09
1985-10-11,,1.4115,214.65,,1.3674,0.7033,0.5815,,12.09
1985-10-10,,1.411,215.4,,1.3684,0.7022,0.5765,,12.08
1985-10-09,,1.414,214.8,,1.3651,0.6962,0.5745,,12.06
1985-10-08,,1.413,216,,1.367,0.7035,0.5685,,12.05
1985-10-07,,1.4125,215.45,,1.368,0.7038,0.565,,12.06
1985-10-04,,1.4155,213.45,,1.3675,0.7077,0.559,,11.95
1985-10-03,,1.425,212.79,,1.366,0.712,0.563,,11.97
1985-10-02,,1.4135,214.1,,1.3643,0.7092,0.552,,11.87
1985-10-01,,1.4105,215,,1.3707,0.711,0.5565,,11.92
1985-09-30,,1.4085,216.5,,1.371,0.702,0.5475,,11.97
1985-09-27,,1.4025,220.1,,1.3643,0.711,0.543,,11.7
1985-09-26,,1.437,220.3,,1.359,0.7195,0.5395,,11.7
1985-09-25,,1.4375,226.9,,1.3603,0.713,0.538,,11.88
1985-09-24,,1.4315,229.8,,1.361,0.707,0.5415,,11.85
1985-09-23,,1.427,231.9,,1.3665,0.7035,0.544,,11.8
1985-09-20,,1.367,240.1,,1.3759,0.6985,0.533,,12.22
1985-09-19,,1.34,242.05,,1.38,0.6815,0.5265,,12.3
1985-09-18,,1.335,242.25,,1.3787,0.682,0.5275,,12.31
1985-09-17,,1.3395,241.7,,1.3761,0.6827,0.5275,,12.28
1985-09-16,,1.342,241.35,,1.3743,0.6805,0.525,,12.3
1985-09-13,,1.34,242,,1.3726,0.678,0.5242,,12.25
1985-09-12,,1.3185,243.2,,1.3734,0.6729,0.524,,12.44
1985-09-11,,1.3085,243.55,,1.3726,0.672,0.5172,,12.32
1985-09-10,,1.313,242.75,,1.3716,0.6747,0.5185,,12.33
1985-09-09,,1.3045,243.45,,1.3711,0.6675,0.532,,12.4
1985-09-06,,1.325,243.6,,1.3702,0.6843,0.535,,12.22
1985-09-05,,1.365,239.95,,1.3689,0.6898,0.5392,,12.1
1985-09-04,,1.3728,239.6,,1.3688,0.6845,0.536,,12.08
1985-09-03,,1.369,239.5,,1.3704,0.687,0.538,,12.06
1985-08-30,,1.391,239,,1.3659,0.7015,0.5425,,11.96
1985-08-29,,1.3995,237.12,,1.3621,0.703,0.539,,11.9
1985-08-28,,1.4015,237,,1.3601,0.703,0.5335,,11.88
1985-08-27,,1.393,237.38,,1.3613,0.699,0.5325,,11.87
1985-08-26,,1.4073,236.89,,1.3578,0.7025,0.533,,11.92
1985-08-23,,1.401,236.5,,1.3547,0.704,0.539,,11.92
1985-08-22,,1.4075,235.85,,1.3547,0.706,0.539,,11.83
1985-08-21,,1.3923,237,,1.355,0.7065,0.539,,11.92
1985-08-20,,1.389,237.4,,1.3552,0.709,0.536,,11.88
1985-08-19,,1.399,236.85,,1.356,0.706,0.524,,11.83
1985-08-16,,1.3995,236.85,,1.3537,0.7028,0.535,,11.82
1985-08-15,,1.3965,237.15,,1.3545,0.6965,0.5405,,11.89
1985-08-14,,1.384,238,,1.3571,0.7052,0.5488,,11.96
1985-08-13,,1.388,237.35,,1.3578,0.7125,0.556,,11.9
1985-08-12,,1.3835,237.3,,1.3588,0.7153,0.5446,,11.94
1985-08-09,,1.3575,238.55,,1.361,0.708,0.5335,,12.02
1985-08-08,,1.3555,238.5,,1.361,0.7045,0.531,,12
1985-08-07,,1.338,238.4,,1.3618,0.7055,0.5265,,12.08
1985-08-06,,1.346,238.45,,1.3582,0.7115,0.528,,11.98
1985-08-05,,1.3675,237.5,,1.3526,0.7185,0.5298,,11.95
1985-08-02,,1.371,237.45,,1.3523,0.7175,0.526,,11.44
1985-08-01,,1.381,237.65,,1.354,0.716,0.527,,11.86
1985-07-31,,1.411,236.45,,1.354,0.7226,0.5263,,11.8
1985-07-30,,1.4215,237.4,,1.3511,0.711,0.5275,,11.84
1985-07-29,,1.4278,237.15,,1.3493,0.7187,0.5218,,11.86
1985-07-26,,1.409,239.25,,1.3522,0.707,0.517,,11.98
1985-07-25,,1.4105,238.9,,1.3512,0.7075,0.5155,,11.92
1985-07-24,,1.3978,239.75,,1.353,0.7065,0.5235,,11.98
1985-07-23,,1.41,238,,1.3482,0.7148,0.515,,11.86
1985-07-22,,1.3885,240.05,,1.3514,0.712,0.505,,12.02
1985-07-19,,1.399,238.75,,1.3481,0.7165,0.5063,,11.9
1985-07-18,,1.4045,238.2,,1.3485,0.7127,0.501,,11.82
1985-07-17,,1.4112,236.5,,1.3473,0.7138,0.4975,,11.83
1985-07-16,,1.387,237.9,,1.3519,0.7098,0.4995,,11.94
1985-07-15,,1.389,237.65,,1.3505,0.7048,0.4915,,11.97
1985-07-12,,1.385,240.95,,1.3525,0.7004,0.4835,,12.02
1985-07-11,,1.381,243,,1.3537,0.701,0.4835,,12.02
1985-07-10,,1.386,243.45,,1.3525,0.6918,0.4795,,12.02
1985-07-09,,1.365,244.25,,1.3546,0.682,0.4755,,12.17
1985-07-08,,1.3435,246.05,,1.3574,0.6788,0.4735,,12.32
1985-07-05,,1.327,247,,1.3575,0.675,0.473,,12.37
1985-07-03,,1.3127,248.05,,1.3568,0.6688,0.477,,12.37
1985-07-02,,1.304,248.35,,1.3575,0.6662,0.4816,,12.38
1985-07-01,,1.305,247.95,,1.3575,0.6678,0.4872,,12.3
1985-06-28,,1.3095,248.4,,1.3592,0.6685,0.484,,12.4
1985-06-27,,1.292,249,,1.364,0.6665,0.4738,,12.4
1985-06-26,,1.298,248.45,,1.3628,0.6703,0.4745,,12.4
1985-06-25,,1.285,249,,1.3648,0.6665,0.472,,12.39
1985-06-24,,1.287,248.8,,1.3653,0.6645,0.469,,12.45
1985-06-21,,1.287,248.15,,1.3662,0.6655,0.4665,,12.42
1985-06-20,,1.2769,248.35,,1.3645,0.6648,0.465,,12.32
1985-06-19,,1.3065,247.7,,1.3645,0.6673,0.4712,,12.32
1985-06-18,,1.299,247.55,,1.367,0.666,0.46,,12.44
1985-06-17,,1.279,248.7,,1.371,0.6642,0.457,,12.49
1985-06-14,,1.28,248.75,,1.3678,0.666,0.4537,,12.48
1985-06-13,,1.265,249.8,,1.3722,0.665,0.4498,,12.54
1985-06-12,,1.2665,249.85,,1.3695,0.6705,0.4495,,12.53
1985-06-11,,1.2623,249.9,,1.3713,0.6643,0.4485,,12.54
1985-06-10,,1.257,250,,1.3738,0.6618,0.448,,12.51
1985-06-07,,1.268,249.55,,1.372,0.6643,0.449,,12.47
1985-06-06,,1.271,247.7,,1.3705,0.662,0.4495,,12.46
1985-06-05,,1.2565,249.45,,1.3707,0.6585,0.4483,,12.44
1985-06-04,,1.276,249.1,,1.3685,0.662,0.449,,12.42
1985-06-03,,1.2945,248.6,,1.3663,0.6635,0.4515,,12.39
1985-05-31,,1.286,251.2,,1.3745,0.6632,0.4507,,12.47
1985-05-30,,1.2735,251.6,,1.3775,0.6633,0.4493,,12.44
1985-05-29,,1.2665,251.75,,1.3815,0.664,0.4498,,12.53
1985-05-28,,1.2515,251.6,,1.3787,0.6635,0.45,,12.52
1985-05-24,,1.2585,251.1,,1.3759,0.6815,0.4513,,12.42
1985-05-23,,1.259,251.3,,1.3717,0.678,0.451,,12.47
1985-05-22,,1.2635,250.75,,1.3695,0.692,0.452,,12.42
1985-05-21,,1.2715,250.25,,1.3717,0.6905,0.4522,,12.36
1985-05-20,,1.2825,249.65,,1.3677,0.695,0.4525,,12.24
1985-05-17,,1.265,250.7,,1.3717,0.6838,0.45,,12.48
1985-05-16,,1.259,251.5,,1.3721,0.679,0.448,,12.46
1985-05-15,,1.2625,251,,1.3735,0.6863,0.4535,,12.39
1985-05-14,,1.2735,249.6,,1.3745,0.692,0.454,,12.49
1985-05-13,,1.2535,251.35,,1.3746,0.698,0.454,,12.55
1985-05-10,,1.2335,252.4,,1.3772,0.6925,0.453,,12.55
1985-05-09,,1.2378,251.55,,1.3788,0.6915,0.454,,12.54
1985-05-08,,1.2075,253.75,,1.3855,0.6827,0.453,,12.64
1985-05-07,,1.218,252.9,,1.3812,0.6705,0.4525,,12.6
1985-05-06,,1.188,254.55,,1.3815,0.664,0.4525,,12.62
1985-05-03,,1.207,253.85,,1.3815,0.66,0.4535,,12.62
1985-05-02,,1.2205,252.95,,1.3735,0.653,0.453,,12.65
1985-05-01,,1.2235,252.75,,1.3688,0.646,0.4535,,12.55
1985-04-30,,1.241,251.5,,1.367,0.6445,0.454,,12.43
1985-04-29,,1.23,252.7,,1.3683,0.6545,0.4545,,12.5
1985-04-26,,1.216,252.95,,1.366,0.665,0.4545,,12.5
1985-04-25,,1.2035,252.35,,1.3668,0.673,0.453,,12.45
1985-04-24,,1.23,251.3,,1.3685,0.658,0.452,,12.43
1985-04-23,,1.252,250,,1.358,0.642,0.454,,12.32
1985-04-22,,1.278,248.8,,1.3525,0.6335,0.455,,12.22
1985-04-19,,1.293,247.4,,1.3509,0.644,0.4575,,12.17
1985-04-18,,1.2935,247.6,,1.3525,0.647,0.46,,12.37
1985-04-17,,1.2738,249.55,,1.3575,0.6415,0.456,,12.17
1985-04-16,,1.2775,249.55,,1.36,0.666,0.4565,,12.2
1985-04-15,,1.2755,249.95,,1.363,0.67,0.4565,,12.25
1985-04-12,,1.2545,251.35,,1.3645,0.6695,0.4565,,12.3
1985-04-11,,1.251,251.7,,1.3665,0.6725,0.456,,12.45
1985-04-10,,1.215,254.25,,1.3743,0.6705,0.4515,,12.6
1985-04-09,,1.21,254.9,,1.372,0.6675,0.4505,,12.57
1985-04-08,,1.201,255.5,,1.3725,0.6525,0.4525,,12.4
1985-04-05,,1.1985,254.85,,1.3745,0.652,0.4525,,12.57
1985-04-04,,1.1935,254.5,,1.3775,0.65,0.45,,12.57
1985-04-03,,1.2165,253.15,,1.372,0.66,0.46,,12.4
1985-04-02,,1.205,254.3,,1.3742,0.6745,0.4605,,12.56
1985-04-01,,1.2215,252.45,,1.368,0.677,0.461,,12.38
1985-03-29,,1.236,251,,1.3675,0.7,0.463,,12.2
1985-03-28,,1.227,253,,1.3705,0.703,0.458,,12.5
1985-03-27,,1.2375,251.95,,1.365,0.7095,0.467,,12.4
1985-03-26,,1.182,255.4,,1.377,0.699,0.459,,12.81
1985-03-25,,1.171,256.65,,1.383,0.6965,0.456,,12.77
1985-03-22,,1.1725,255.65,,1.3775,0.7,0.4585,,12.66
1985-03-21,,1.187,254.1,,1.369,0.706,0.459,,12.65
1985-03-20,,1.151,256.4,,1.376,0.695,0.4525,,12.6
1985-03-19,,1.1355,256.3,,1.3752,0.6975,0.447,,12.77
1985-03-18,,1.106,259.9,,1.382,0.692,0.4465,,13
1985-03-15,,1.084,260.55,,1.3875,0.6888,0.443,,13.1
1985-03-14,,1.0805,260.55,,1.3895,0.6902,0.444,,13.06
1985-03-13,,1.086,260.25,,1.3885,0.6945,0.445,,13.02
1985-03-12,,1.0885,260.1,,1.3865,0.696,0.445,,12.92
1985-03-11,,1.0885,259.25,,1.3885,0.703,0.4735,,13.04
1985-03-08,,1.064,261.63,,1.4004,0.69,0.46,,13.16
1985-03-07,,1.0674,261,,1.398,0.6907,0.45,,13.06
1985-03-06,,1.072,261.2,,1.4005,0.6812,0.4665,,13.16
1985-03-05,,1.0545,261,,1.3982,0.6915,0.451,,13.15
1985-03-04,,1.0677,260.1,,1.395,0.7035,0.4335,,13.08
1985-03-01,,1.072,260.35,,1.3885,0.7085,0.43,,12.98
1985-02-28,,1.079,259.45,,1.3835,0.71,0.4445,,12.93
1985-02-27,,1.0875,259.3,,1.382,0.717,0.446,,13
1985-02-26,,1.052,261.05,,1.3985,0.703,0.441,,13.22
1985-02-25,,1.0545,262.65,,1.4025,0.694,0.4402,,13.1
1985-02-22,,1.0765,262.8,,1.3875,0.704,0.443,,13.07
1985-02-21,,1.0815,261.8,,1.368,0.7175,0.4468,,13.01
1985-02-20,,1.0865,261.3,,1.352,0.682,0.442,,12.98
1985-02-19,,1.0929,260.7,,1.3469,0.677,0.4435,,12.96
1985-02-15,,1.102,257.85,,1.3398,0.738,0.4566,,12.89
1985-02-14,,1.092,260.5,,1.3407,0.7459,0.4537,,12.97
1985-02-13,,1.0875,262.8,,1.3408,0.737,0.4515,,12.95
1985-02-11,,1.097,261.65,,1.3391,0.7587,0.4559,,12.85
1985-02-08,,1.109,260.7,,1.336,0.77,0.4595,,12.84
1985-02-07,,1.116,260.65,,1.3363,0.758,0.4591,,12.81
1985-02-06,,1.1135,259.53,,1.335,0.7806,0.4619,,12.81
1985-02-05,,1.1112,259.7,,1.335,0.7785,0.4618,,12.77
1985-02-04,,1.114,259.42,,1.3333,0.7933,0.464,,12.75
1985-02-01,,1.124,256.75,,1.3279,0.8082,0.4692,,12.68
1985-01-31,,1.1305,254.8,,1.3272,0.8138,0.47,,12.67
1985-01-30,,1.126,254.5,,1.3271,0.8162,0.4699,,12.71
1985-01-29,,1.1138,254.35,,1.3268,0.816,0.469,,12.65
1985-01-28,,1.111,254.18,,1.326,0.8162,0.4685,,12.65
1985-01-25,,1.11,253.95,,1.3249,0.8155,0.4688,,12.65
1985-01-24,,1.118,253.7,,1.3241,0.8158,0.4695,,12.7
1985-01-23,,1.11,254.4,,1.326,0.8113,0.4685,,12.64
1985-01-22,,1.1235,254,,1.3242,0.8133,0.4695,,12.64
1985-01-18,,1.1195,254.58,,1.3273,0.8148,0.4702,,12.67
1985-01-17,,1.1187,254.55,,1.3272,0.8182,0.4701,,12.67
1985-01-16,,1.117,254.95,,1.3246,0.8184,0.4699,,12.67
1985-01-15,,1.1195,254.7,,1.3246,0.8151,0.4699,,12.7
1985-01-14,,1.111,255.4,,1.3248,0.8171,0.4691,,12.63
1985-01-11,,1.1245,253.83,,1.3214,0.822,0.4715,,12.65
1985-01-10,,1.134,253.7,,1.3212,0.8185,0.4719,,12.62
1985-01-09,,1.141,255.1,,1.3202,0.8145,0.4715,,12.58
1985-01-08,,1.1475,253.75,,1.3209,0.8118,0.4725,,12.56
1985-01-07,,1.1415,255.95,,1.3217,0.8042,0.47,,12.53
1985-01-04,,1.1535,253.2,,1.3209,0.8123,0.4725,,12.5
1985-01-03,,1.1505,252.45,,1.3209,0.8149,0.4726,,12.38
1985-01-02,,1.148,251.8,,1.3227,0.8164,0.473,,12.38
1984-12-31,,1.158,251.6,,1.3217,0.825,0.4755,,12.38
1984-12-28,,1.163,250.45,,1.3207,0.8283,0.4765,,12.4
1984-12-27,,1.1625,250.2,,1.3206,0.829,0.4767,,12.38
1984-12-26,,1.171,249.05,,1.317,0.8335,0.479,,12.32
1984-12-24,,1.173,248.1,,1.3164,0.8365,0.48,,12.32
1984-12-21,,1.173,247.95,,1.3158,0.8337,0.48,,12.32
1984-12-20,,1.1645,248.1,,1.3184,0.8318,0.4795,,12.26
1984-12-19,,1.1748,247.76,,1.3194,0.8326,0.4818,,12.26
1984-12-18,,1.186,246.75,,1.3176,0.836,0.4835,,12.26
1984-12-17,,1.191,247.55,,1.3202,0.8387,0.483,,12.26
1984-12-14,,1.1935,247.75,,1.3207,0.8365,0.4831,,12.26
1984-12-13,,1.1895,247.55,,1.3214,0.8421,0.4844,,12.26
1984-12-12,,1.1987,247.25,,1.3206,0.8463,0.4857,,12.26
1984-12-11,,1.199,247,,1.319,0.8436,0.4855,,12.26
1984-12-10,,1.203,246.82,,1.322,0.8415,0.4847,,12.26
1984-12-07,,1.2035,247.4,,1.3211,0.8488,0.4866,,12.26
1984-12-06,,1.207,246.55,,1.3208,0.852,0.4866,,12.26
1984-12-05,,1.208,246.8,,1.3216,0.8545,0.4875,,12.29
1984-12-04,,1.2085,246.45,,1.3218,0.8555,0.4876,,12.29
1984-12-03,,1.1943,248.2,,1.3251,0.8542,0.4848,,12.29
1984-11-30,,1.197,247.5,,1.3242,0.8572,0.487,,12.29
1984-11-29,,1.2015,245.8,,1.3223,0.8607,0.488,,12.15
1984-11-28,,1.201,245.45,,1.3236,0.8589,0.4877,,12.15
1984-11-27,,1.2087,245.4,,1.3211,0.8565,0.4885,,12.15
1984-11-26,,1.1995,246.15,,1.3194,0.8533,0.4873,,12.15
1984-11-23,,1.22,245.4,,1.3178,0.8568,0.49,,12.15
1984-11-21,,1.2272,245.53,,1.3176,0.8533,0.4903,,12.15
1984-11-20,,1.2375,244.8,,1.3186,0.8564,0.4924,,12.09
1984-11-19,,1.2487,243.65,,1.3168,0.8579,0.4936,,12.06
1984-11-16,,1.254,242.8,,1.3153,0.8599,0.4964,,12.06
1984-11-15,,1.261,242.5,,1.3162,0.859,0.4955,,12.04
1984-11-14,,1.2605,242.45,,1.3166,0.8608,0.4958,,12.04
1984-11-13,,1.2715,240.45,,1.3153,0.8636,0.4978,,12
1984-11-09,,1.2605,241,,1.3163,0.86,0.4964,,12
1984-11-08,,1.2697,240.95,,1.3143,0.864,0.4965,,12.01
1984-11-07,,1.272,240.8,,1.3113,0.8633,0.498,,12.01
1984-11-05,,1.2685,242.05,,1.3092,0.862,0.495,,11.97
1984-11-02,,1.251,242,,1.312,0.8584,0.4958,,11.97
1984-11-01,,1.235,244.3,,1.312,0.856,0.4909,,12.05
1984-10-31,,1.2185,245.7,,1.315,0.8502,0.4881,,12.12
1984-10-30,,1.2125,245.6,,1.3177,0.8467,0.4875,,12.15
1984-10-29,,1.2085,246.65,,1.3189,0.8416,0.486,,12.13
1984-10-26,,1.222,245.5,,1.318,0.848,0.489,,12.08
1984-10-25,,1.2275,244.05,,1.3152,0.8496,0.4896,,12.02
1984-10-24,,1.222,244.12,,1.3157,0.849,0.4894,,12.02
1984-10-23,,1.2085,244.6,,1.317,0.837,0.4863,,12.06
1984-10-22,,1.199,247.3,,1.321,0.8345,0.4836,,12.1
1984-10-19,,1.1915,247.25,,1.3228,0.8336,0.4832,,12.04
1984-10-18,,1.187,248.9,,1.3284,0.8314,0.4818,,12.1
1984-10-17,,1.2004,249.1,,1.3272,0.8309,0.4828,,12.11
1984-10-16,,1.2035,248.98,,1.3264,0.8292,0.4827,,12.1
1984-10-15,,1.2095,248.8,,1.3237,0.8293,0.4828,,12.02
1984-10-12,,1.223,248.1,,1.3195,0.8315,0.4855,,12.02
1984-10-11,,1.225,248,,1.3176,0.8311,0.4855,,11.99
1984-10-10,,1.233,247.05,,1.3167,0.8309,0.485,,11.99
1984-10-09,,1.228,247.6,,1.3195,0.833,0.4863,,11.98
1984-10-05,,1.2375,246.95,,1.3187,0.833,0.4879,,11.92
1984-10-04,,1.247,246.2,,1.3143,0.8323,0.488,,11.9
1984-10-03,,1.2495,245.75,,1.3119,0.8337,0.4895,,11.87
1984-10-02,,1.24,246,,1.3146,0.832,0.4875,,11.92
1984-10-01,,1.2375,246.4,,1.3172,0.832,0.487,,11.95
1984-09-28,,1.234,246.9,,1.3183,0.829,0.487,,11.92
1984-09-27,,1.246,245.1,,1.318,0.8345,0.4897,,11.94
1984-09-26,,1.241,245.15,,1.3178,0.8304,0.4873,,11.96
1984-09-25,,1.2315,246,,1.3178,0.8293,0.4873,,11.9
1984-09-24,,1.2455,244.2,,1.3159,0.8325,0.4898,,11.84
1984-09-21,,1.245,244.4,,1.3166,0.833,0.489,,11.96
1984-09-20,,1.221,246.9,,1.3199,0.8265,0.4845,,11.96
1984-09-19,,1.237,245.75,,1.3173,0.8294,0.4863,,11.98
1984-09-18,,1.232,246.18,,1.318,0.8275,0.4858,,12
1984-09-17,,1.242,247.2,,1.3185,0.8259,0.4874,,11.82
1984-09-14,,1.266,245.65,,1.3142,0.8315,0.4903,,11.82
1984-09-13,,1.2675,245.8,,1.3161,0.8305,0.4905,,11.79
1984-09-12,,1.2795,244.95,,1.3141,0.8331,0.4921,,11.78
1984-09-11,,1.275,245.55,,1.3163,0.8335,0.4918,,11.8
1984-09-10,,1.276,245.6,,1.3125,0.83,0.491,,11.79
1984-09-07,,1.273,245.8,,1.3155,0.828,0.4908,,11.78
1984-09-06,,1.285,244.1,,1.3055,0.8335,0.4929,,11.78
1984-09-05,,1.281,244.7,,1.3044,0.827,0.4925,,11.77
1984-09-04,,1.292,243.75,,1.2995,0.8395,0.495,,11.72
1984-08-31,,1.3075,241.9,,1.2974,0.8488,0.4995,,11.6
1984-08-30,,1.311,241.25,,1.2991,0.849,0.4993,,11.58
1984-08-29,,1.315,240.6,,1.2989,0.8535,0.5003,,11.56
1984-08-28,,1.3105,241.2,,1.301,0.8512,0.4997,,11.58
1984-08-27,,1.3075,241.6,,1.2995,0.8552,0.5005,,11.55
1984-08-24,,1.305,241.2,,1.2976,0.8555,0.5006,,11.55
1984-08-23,,1.3125,240.6,,1.2991,0.857,0.5008,,11.55
1984-08-22,,1.3095,241.3,,1.3004,0.8545,0.4995,,11.58
1984-08-21,,1.3135,242.15,,1.3022,0.8528,0.5002,,11.57
1984-08-20,,1.319,241.05,,1.3018,0.8557,0.501,,11.55
1984-08-17,,1.322,241.1,,1.3045,0.8525,0.502,,11.54
1984-08-16,,1.3275,240.8,,1.304,0.8552,0.5012,,11.56
1984-08-15,,1.3203,241.9,,1.3043,0.8445,0.5,,11.52
1984-08-14,,1.319,241.7,,1.3064,0.842,0.5,,11.56
1984-08-13,,1.305,244.08,,1.3069,0.8415,0.497,,11.57
1984-08-10,,1.3125,242.5,,1.3081,0.843,0.4985,,11.52
1984-08-09,,1.3115,243.35,,1.3095,0.8408,0.4968,,11.57
1984-08-08,,1.3145,243.1,,1.3039,0.8427,0.497,,11.56
1984-08-07,,1.306,244.5,,1.3056,0.841,0.4962,,11.55
1984-08-06,,1.317,243.15,,1.3083,0.8412,0.499,,11.5
1984-08-03,,1.327,241.8,,1.3073,0.843,0.5,,11.55
1984-08-02,,1.3095,245.42,,1.306,0.8363,0.4963,,11.56
1984-08-01,,1.301,245.75,,1.3089,0.8315,0.4943,,11.56
1984-07-31,,1.3073,245.3,,1.3115,0.8265,0.4945,,11.55
1984-07-30,,1.3075,246.05,,1.3154,0.829,0.4943,,11.52
1984-07-27,,1.311,245.4,,1.3146,0.828,0.496,,11.5
1984-07-26,,1.3308,243.65,,1.312,0.833,0.4995,,11.45
1984-07-25,,1.3325,245.6,,1.3141,0.8339,0.498,,11.47
1984-07-24,,1.324,246.18,,1.3193,0.8255,0.4947,,11.46
1984-07-23,,1.3185,246.95,,1.3254,0.8188,0.4938,,11.49
1984-07-20,,1.3232,245.2,,1.3278,0.8273,0.4955,,11.4
1984-07-19,,1.328,243.15,,1.3285,0.83,0.4985,,11.4
1984-07-18,,1.314,243.85,,1.3316,0.8257,0.501,,11.37
1984-07-17,,1.3175,242.35,,1.3305,0.831,,,11.35
1984-07-16,,1.3265,240.7,,1.3271,0.8375,,,11.32
1984-07-13,,1.3235,241.45,,1.3273,0.8355,0.6155,,11.32
1984-07-12,,1.3065,242.68,,1.3348,0.829,0.6185,,11.32
1984-07-11,,1.312,242.1,,1.3338,0.832,0.6208,,11.32
1984-07-10,,1.3095,241.45,,1.3277,0.836,0.6212,,11.29
1984-07-09,,1.306,242.63,,1.3287,0.8302,0.6195,,11.29
1984-07-06,,1.3162,241.25,,1.3265,0.842,0.624,,11.27
1984-07-05,,1.318,240.35,,1.327,0.847,0.624,,11.25
1984-07-03,,1.337,239.63,,1.3192,0.8617,0.6285,,11.24
1984-07-02,,1.3508,238.5,,1.3165,0.8583,0.6322,,11.22
1984-06-29,,1.3575,237.3,,1.3199,0.8615,0.634,,11.22
1984-06-28,,1.3525,237.3,,1.316,0.8668,0.634,,11.21
1984-06-27,,1.349,238,,1.3154,0.8605,0.6328,,11.16
1984-06-26,,1.3532,237.08,,1.3117,0.861,0.633,,11.18
1984-06-25,,1.351,237.95,,1.3104,0.855,0.6315,,11.17
1984-06-22,,1.3633,235.95,,1.3076,0.8685,0.6358,,11.12
1984-06-21,,1.362,234.85,,1.3033,0.8685,0.6377,,11.14
1984-06-20,,1.366,234.55,,1.301,0.8755,0.6385,,11.07
1984-06-19,,1.378,232.95,,1.3005,0.8833,0.6424,,11.05
1984-06-18,,1.3748,233.45,,1.3008,0.882,0.6415,,11.04
1984-06-15,,1.3785,233,,1.3,0.8855,0.6405,,11.02
1984-06-14,,1.385,231.65,,1.3007,0.892,0.647,,11.02
1984-06-13,,1.3855,232.4,,1.301,0.8923,0.6458,,11.02
1984-06-12,,1.3835,232.65,,1.301,0.8937,0.6455,,11
1984-06-11,,1.388,231.93,,1.3018,0.8968,0.6476,,10.99
1984-06-08,,1.3935,231.72,,1.3009,0.897,0.648,,10.99
1984-06-07,,1.3968,231.35,,1.3006,0.896,0.6485,,10.97
1984-06-06,,1.4015,230.5,,1.2995,0.8972,0.649,,10.98
1984-06-05,,1.3945,230.45,,1.301,0.8937,0.6495,,10.99
1984-06-04,,1.4,229.7,,1.2961,0.9035,0.6515,,10.98
1984-06-01,,1.4035,230.15,,1.294,0.9033,0.649,,11.02
1984-05-31,,1.3855,231.58,,1.2946,0.899,0.6471,,11.05
1984-05-30,,1.384,231.48,,1.2944,0.8986,0.6467,,11.04
1984-05-29,,1.3855,231.8,,1.2954,0.8987,0.6465,,11.07
1984-05-25,,1.383,231.7,,1.2948,0.898,0.6468,,11.05
1984-05-24,,1.382,231.83,,1.2972,0.9015,0.6465,,11.06
1984-05-23,,1.3765,232.37,,1.2952,0.9035,0.648,,11.04
1984-05-22,,1.389,233.25,,1.295,0.8981,0.6465,,11.04
1984-05-21,,1.3905,233,,1.2943,0.8958,0.6464,,11.04
1984-05-18,,1.3867,233.35,,1.2956,0.8941,0.6455,,11.03
1984-05-17,,1.394,232.33,,1.2942,0.898,0.6475,,11.02
1984-05-16,,1.394,231.1,,1.2943,0.9033,0.6488,,11.02
1984-05-15,,1.3875,231.75,,1.294,0.899,0.647,,11.04
1984-05-14,,1.388,231.2,,1.2943,0.8955,0.6465,,11.06
1984-05-11,,1.3835,230.3,,1.2942,0.9006,0.647,,11.02
1984-05-10,,1.383,229.2,,1.2975,0.9034,0.6465,,11.1
1984-05-09,,1.389,228.87,,1.2951,0.9102,0.65,,11
1984-05-08,,1.3825,229.15,,1.2964,0.9112,0.6495,,11
1984-05-07,,1.3855,229,,1.2944,0.915,0.6505,,10.98
1984-05-04,,1.408,226.85,,1.2917,0.9263,0.6557,,10.93
1984-05-03,,1.413,226.4,,1.2888,0.933,0.6572,,10.92
1984-05-02,,1.399,227.05,,1.2943,0.9287,0.6555,,10.94
1984-05-01,,1.3975,226.95,,1.2903,0.9235,0.6546,,10.92
1984-04-30,,1.398,227,,1.2845,0.919,0.654,,10.93
1984-04-27,,1.4015,226.55,,1.281,0.919,0.6545,,10.91
1984-04-26,,1.4038,225.75,,1.2789,0.9195,0.6558,,10.89
1984-04-25,,1.4115,225.6,,1.2792,0.9195,0.6562,,10.88
1984-04-24,,1.4072,225.85,,1.2811,0.918,0.656,,10.87
1984-04-23,,1.4155,224.75,,1.2812,0.922,0.655,,10.82
1984-04-20,,1.416,225.1,,1.2809,0.9225,0.653,,10.82
1984-04-19,,1.4177,225.1,,1.2813,0.9221,0.654,,10.82
1984-04-18,,1.4192,224.8,,1.2805,0.9222,0.6588,,10.81
1984-04-17,,1.4211,225.05,,1.2799,0.9208,0.6585,,10.82
1984-04-16,,1.4215,225.42,,1.2804,0.9175,0.658,,10.82
1984-04-13,,1.429,224.7,,1.2787,0.9177,0.6595,,10.8
1984-04-12,,1.429,224.1,,1.2785,0.9188,0.6605,,10.8
1984-04-11,,1.436,222.7,,1.2778,0.9265,0.664,,10.8
1984-04-10,,1.437,225.18,,1.2785,0.9185,0.659,,10.8
1984-04-09,,1.425,225.5,,1.2797,0.913,0.6585,,10.78
1984-04-06,,1.43,225.35,,1.2791,0.9208,0.6595,,10.77
1984-04-05,,1.426,225.6,,1.2788,0.928,0.66,,10.77
1984-04-04,,1.4325,225.35,,1.2799,0.9403,0.663,,10.77
1984-04-03,,1.4315,225.1,,1.2778,0.9405,0.6633,,10.78
1984-04-02,,1.433,224.65,,1.2745,0.938,0.664,,10.76
1984-03-30,,1.4375,224.75,,1.2766,0.9362,0.6638,,10.76
1984-03-29,,1.451,224.05,,1.2792,0.9387,0.6665,,10.7
1984-03-28,,1.4465,224.7,,1.2793,0.9378,0.665,,10.74
1984-03-27,,1.447,224.45,,1.2791,0.9485,0.6675,,10.73
1984-03-26,,1.4475,224.67,,1.2774,0.952,0.6665,,10.75
1984-03-23,,1.436,225.63,,1.2773,0.942,0.6638,,10.77
1984-03-22,,1.4303,226.45,,1.2743,0.9405,0.6612,,10.79
1984-03-21,,1.4313,226.8,,1.2767,0.951,0.663,,10.78
1984-03-20,,1.439,226,,1.2767,0.9565,0.666,,10.77
1984-03-19,,1.443,225.8,,1.2762,0.9554,0.6665,,10.76
1984-03-16,,1.445,225.85,,1.2697,0.9635,0.668,,10.72
1984-03-15,,1.461,224.1,,1.2735,0.964,0.67,,10.68
1984-03-14,,1.4665,223.7,,1.2748,0.9648,0.6725,,10.66
1984-03-13,,1.4675,223.15,,1.2675,0.963,0.6721,,10.7
1984-03-12,,1.4532,224.83,,1.2784,0.9552,0.668,,10.69
1984-03-09,,1.4625,224.8,,1.271,0.9542,0.6692,,10.69
1984-03-08,,1.458,224.55,,1.2651,0.9529,0.6685,,10.67
1984-03-07,,1.4755,223.25,,1.2602,0.954,0.6722,,10.67
1984-03-06,,1.484,223.35,,1.2558,0.9553,0.6728,,10.67
1984-03-05,,1.4845,223.35,,1.2523,0.955,0.6628,,10.67
1984-03-02,,1.481,228.2,,1.2511,0.9439,0.6662,,10.67
1984-03-01,,1.478,233.43,,1.2416,0.9442,0.665,,10.68
1984-02-29,,1.4905,233.43,,1.2519,0.9435,0.6662,,10.69
1984-02-28,,1.4915,233.52,,1.2521,0.9441,0.6663,,10.7
1984-02-27,,1.473,233.3,,1.2535,0.9428,0.6628,,10.74
1984-02-24,,1.4725,233.2,,1.2502,0.9435,0.6635,,10.71
1984-02-23,,1.4575,233.6,,1.2494,0.9443,0.6623,,10.75
1984-02-22,,1.4515,233.2,,1.2479,0.9415,0.6615,,10.74
1984-02-21,,1.441,234.1,,1.2498,0.94,0.66,,10.74
1984-02-17,,1.451,233.2,,1.2476,0.9454,0.6613,,10.73
1984-02-16,,1.446,232.85,,1.2465,0.9442,0.6604,,10.74
1984-02-15,,1.4445,233.2,,1.245,0.939,0.6593,,10.75
1984-02-14,,1.428,233.95,,1.2476,0.9347,0.6548,,10.76
1984-02-10,,1.4143,234.6,,1.2463,0.9303,0.6535,,10.77
1984-02-09,,1.421,233.88,,1.2461,0.9315,0.653,,10.76
1984-02-08,,1.4128,234.15,,1.2463,0.9278,0.653,,10.76
1984-02-07,,1.4107,234.5,,1.2477,0.9218,0.6515,,10.76
1984-02-06,,1.4225,233.1,,1.2453,0.9215,0.6543,,10.76
1984-02-03,,1.431,232.7,,1.2464,0.9215,0.6538,,10.75
1984-02-02,,1.4225,233.6,,1.246,0.9232,0.6532,,10.76
1984-02-01,,1.41,234.25,,1.2473,0.921,0.6513,,10.76
1984-01-31,,1.4012,234.67,,1.2493,0.9172,0.6493,,10.76
1984-01-30,,1.4074,234.58,,1.2486,0.9172,0.6498,,10.74
1984-01-27,,1.4035,234.28,,1.2482,0.9158,0.6493,,10.75
1984-01-26,,1.406,234.1,,1.2466,0.911,0.6495,,10.74
1984-01-25,,1.4007,234.2,,1.2479,0.9085,0.6482,,10.75
1984-01-24,,1.399,234.35,,1.2475,0.9055,0.6473,,10.74
1984-01-23,,1.4039,233.85,,1.2458,0.9035,0.648,,10.74
1984-01-20,,1.4005,234.5,,1.2472,0.9022,0.647,,10.7
1984-01-19,,1.418,233.35,,1.2466,0.9008,0.6495,,10.73
1984-01-18,,1.414,233.6,,1.2485,0.9005,0.6482,,10.72
1984-01-17,,1.4105,234.28,,1.2481,0.903,0.6485,,10.69
1984-01-16,,1.4195,233.3,,1.2448,0.9055,0.65,,10.7
1984-01-13,,1.41,233.4,,1.2473,0.9075,0.649,,10.75
1984-01-12,,1.3981,234.87,,1.2499,0.9035,0.646,,10.72
1984-01-11,,1.3963,234.45,,1.2523,0.9013,0.6465,,10.7
1984-01-10,,1.4024,233.45,,1.2518,0.9087,0.6482,,10.72
1984-01-09,,1.4028,233.3,,1.2523,0.9108,0.6485,,10.74
1984-01-06,,1.407,232.7,,1.2497,0.9095,0.6494,,10.74
1984-01-05,,1.4125,232.7,,1.2496,0.8995,0.649,,10.69
1984-01-04,,1.4173,233.42,,1.249,0.8975,0.6485,,10.63
1984-01-03,,1.4287,232.45,,1.2461,0.8975,0.651,,10.57
1983-12-30,,1.4515,231.7,,1.2445,0.8965,0.6545,,10.49
1983-12-29,,1.4475,232.2,,1.245,0.8965,0.6527,,10.51
1983-12-28,,1.436,233.4,,1.2461,0.8988,0.651,,10.52
1983-12-27,,1.432,233.8,,1.2451,0.9,0.65,,10.57
1983-12-23,,1.4315,233.9,,1.246,0.9,0.6505,,10.6
1983-12-22,,1.427,234.05,,1.2477,0.9015,0.6505,,10.53
1983-12-21,,1.4225,234.7,,1.2491,0.886,0.6468,,10.55
1983-12-20,,1.419,234.8,,1.2488,0.8775,0.6455,,10.55
1983-12-19,,1.4182,236.1,,1.2501,0.879,0.6447,,10.52
1983-12-16,,1.415,235.5,,1.2511,0.893,0.6475,,10.52
1983-12-15,,1.4215,234.9,,1.2493,0.898,0.6485,,10.48
1983-12-14,,1.415,235.08,,1.2508,0.892,0.6475,,10.46
1983-12-13,,1.4165,236.25,,1.2507,0.9015,0.6495,,10.44
1983-12-12,,1.4307,236.65,,1.2481,0.91,0.6515,,10.44
1983-12-09,,1.435,236.9,,1.2492,0.909,0.65,,10.45
1983-12-08,,1.4415,234.3,,1.2449,0.8985,0.6525,,10.46
1983-12-07,,1.439,234.05,,1.2445,0.9077,0.6542,,10.47
1983-12-06,,1.4505,234.3,,1.2438,0.9085,0.6543,,10.46
1983-12-05,,1.4455,235.2,,1.2457,0.9084,0.6536,,10.44
1983-12-02,,1.4572,233.4,,1.2444,0.917,0.658,,10.41
1983-12-01,,1.4578,232.53,,1.24,0.93,0.662,,10.41
1983-11-30,,1.463,232.5,,1.2392,0.9147,0.658,,10.42
1983-11-29,,1.46,234.6,,1.2406,0.9114,0.6555,,10.45
1983-11-28,,1.4587,234.85,,1.2402,0.9135,0.6564,,10.45
1983-11-25,,1.4595,235.1,,1.2401,0.9152,0.6555,,10.43
1983-11-23,,1.4675,235.05,,1.2377,0.9205,0.6584,,10.4
1983-11-22,,1.474,234.5,,1.2367,0.9209,0.6585,,10.41
1983-11-21,,1.465,235.2,,1.2382,0.9189,0.6571,,10.45
1983-11-18,,1.4695,235.95,,1.2381,0.9178,0.6577,,10.41
1983-11-17,,1.4783,236.25,,1.2375,0.917,0.6586,,10.4
1983-11-16,,1.483,235.4,,1.2367,0.9196,0.6597,,10.38
1983-11-15,,1.4851,234.45,,1.2365,0.9215,0.6607,,10.38
1983-11-14,,1.484,234.65,,1.2357,0.9186,0.6606,,10.36
1983-11-10,,1.491,234.45,,1.2347,0.9169,0.6602,,10.34
1983-11-09,,1.4845,235.4,,1.2355,0.9125,0.659,,10.36
1983-11-07,,1.4855,237,,1.2355,0.9108,0.6576,,10.32
1983-11-04,,1.488,236.65,,1.2344,0.911,0.6582,,10.31
1983-11-03,,1.487,234.35,,1.2332,0.9149,0.6607,,10.31
1983-11-02,,1.4871,234.45,,1.233,0.9135,0.6595,,10.31
1983-11-01,,1.4855,234.77,,1.2333,0.9133,0.6603,,10.3
1983-10-31,,1.4952,234.05,,1.2326,0.9135,0.6615,,10.29
1983-10-28,,1.495,232.7,,1.2325,0.9186,0.6627,,10.28
1983-10-27,,1.4942,232.6,,1.2325,0.9178,0.6625,,10.29
1983-10-26,,1.498,232.95,,1.2326,0.9175,0.6625,,10.29
1983-10-25,,1.4997,232.45,,1.2325,0.9193,0.6635,,10.27
1983-10-24,,1.4975,233.5,,1.2326,0.919,0.6629,,10.25
1983-10-21,,1.5018,232.38,,1.2312,0.9216,0.664,,10.24
1983-10-20,,1.4978,232.5,,1.2315,0.9165,0.6628,,10.22
1983-10-19,,1.5003,232.65,,1.2313,0.9166,0.6626,,10.2
1983-10-18,,1.5005,232.3,,1.2313,0.9171,0.6638,,10.21
1983-10-17,,1.5005,232.95,,1.232,0.9172,0.6635,,10.2
1983-10-14,,1.4994,232.8,,1.2329,0.9113,0.662,,10.21
1983-10-13,,1.4995,233.15,,1.2326,0.9112,0.6625,,10.21
1983-10-12,,1.504,234.28,,1.233,0.912,0.6619,,10.2
1983-10-11,,1.508,232.05,,1.232,0.9156,0.6646,,10.19
1983-10-07,,1.509,230.85,,1.2299,0.9142,0.664,,10.21
1983-10-06,,1.4903,232.4,,1.2304,0.9129,0.6517,,10.2
1983-10-05,,1.489,232.9,,1.2313,0.9052,0.6586,,10.2
1983-10-04,,1.475,234.1,,1.2327,0.8997,0.6567,,10.22
1983-10-03,,1.4835,234.15,,1.2325,0.8979,0.6582,,10.2
1983-09-30,,1.4977,235.65,,1.233,0.8971,0.658,,10.2
1983-09-29,,1.4995,236.8,,1.2328,0.897,0.658,,10.21
1983-09-28,,1.4992,236.9,,1.2331,0.8977,0.6575,,10.2
1983-09-27,,1.4975,237.9,,1.233,0.8969,0.6566,,10.2
1983-09-26,,1.5032,238.05,,1.2324,0.8984,0.658,,10.21
1983-09-23,,1.5027,239.6,,1.2319,0.8948,0.6555,,10.2
1983-09-22,,1.4975,242.8,,1.2337,0.8931,0.6535,,10.18
1983-09-21,,1.506,242.25,,1.2324,0.892,0.6547,,10.19
1983-09-20,,1.508,242.5,,1.2328,0.8899,0.6547,,10.19
1983-09-19,,1.509,241.7,,1.2325,0.8885,0.654,,10.2
1983-09-16,,1.502,243.55,,1.2338,0.8861,0.6525,,10.2
1983-09-15,,1.497,244.65,,1.234,0.8875,0.6515,,10.21
1983-09-14,,1.49,245.3,,1.2338,0.8859,0.651,,10.2
1983-09-13,,1.4935,244.2,,1.2323,0.8874,0.652,,10.2
1983-09-12,,1.501,243.42,,1.2309,0.8861,0.6528,,10.18
1983-09-09,,1.494,244.55,,1.2317,0.8796,0.6498,,10.19
1983-09-08,,1.4922,244.6,,1.2308,0.8764,0.6493,,10.2
1983-09-07,,1.4905,245.7,,1.2318,0.8766,0.649,,10.22
1983-09-06,,1.4985,245.85,,1.2308,0.8775,0.65,,10.21
1983-09-02,,1.495,246.8,,1.2329,0.8762,0.649,,10.22
1983-09-01,,1.4974,246.5,,1.2334,0.8768,0.649,,10.2
1983-08-31,,1.494,246.45,,1.234,0.8782,0.6485,,10.22
1983-08-30,,1.4988,246.25,,1.2322,0.8792,0.6502,,10.21
1983-08-29,,1.501,246.15,,1.2313,0.8802,0.65,,10.25
1983-08-26,,1.5045,245.65,,1.2305,0.8824,0.651,,10.22
1983-08-25,,1.506,243.2,,1.2295,0.8882,0.654,,10.19
1983-08-24,,1.5198,242.9,,1.2299,0.886,0.6547,,10.19
1983-08-23,,1.5308,243.25,,1.2305,0.8884,0.6568,,10.15
1983-08-22,,1.528,243.1,,1.2323,0.886,0.6555,,10.17
1983-08-19,,1.517,244,,1.234,0.8834,0.653,,10.19
1983-08-18,,1.5233,242.98,,1.2336,0.8845,0.6547,,10.17
1983-08-17,,1.5145,243.6,,1.2331,0.8814,0.6524,,10.16
1983-08-16,,1.5075,243.15,,1.2333,0.8806,0.6522,,10.18
1983-08-15,,1.4925,246.9,,1.2358,0.8742,0.6475,,10.16
1983-08-12,,1.4815,247.05,,1.2372,0.8715,0.6462,,10.23
1983-08-11,,1.4792,246.35,,1.2375,0.8716,0.6464,,10.2
1983-08-10,,1.481,245.8,,1.2369,0.8738,0.647,,10.19
1983-08-09,,1.494,243.98,,1.2353,0.8762,0.6496,,10.19
1983-08-08,,1.491,244.25,,1.2363,0.8745,0.6485,,10.2
1983-08-05,,1.485,243.9,,1.2362,0.8746,0.6485,,10.21
1983-08-04,,1.4875,243.6,,1.2338,0.8758,0.6495,,10.17
1983-08-03,,1.5058,243.25,,1.2334,0.8763,0.6518,,10.16
1983-08-02,,1.5072,243.15,,1.2355,0.8778,0.652,,10.16
1983-08-01,,1.509,243.7,,1.2344,0.879,0.653,,10.14
1983-07-29,,1.52,241.75,,1.234,0.8801,0.653,,10.14
1983-07-28,,1.5253,240.8,,1.232,0.8812,0.6535,,10.12
1983-07-27,,1.5275,240.87,,1.2332,0.8801,0.6535,,10.1
1983-07-26,,1.525,240.6,,1.2328,0.879,0.654,,10.09
1983-07-25,,1.5215,240.55,,1.2339,0.8803,0.6535,,10.09
1983-07-22,,1.5205,240.25,,1.2343,0.8793,0.6544,,10.09
1983-07-21,,1.525,239.6,,1.2334,0.8798,0.6545,,10.08
1983-07-20,,1.524,239.3,,1.2327,0.875,0.654,,10.07
1983-07-19,,1.5179,240.8,,1.233,0.8733,0.6525,,10.07
1983-07-18,,1.5197,240.8,,1.2328,0.871,0.6525,,10.09
1983-07-15,,1.5165,241.25,,1.2341,0.8705,0.652,,10.12
1983-07-14,,1.528,240.1,,1.2327,0.8725,0.6535,,10.11
1983-07-13,,1.5298,239.8,,1.2327,0.8718,0.654,,10.12
1983-07-12,,1.5315,240.65,,1.2319,0.8725,0.6535,,10.11
1983-07-11,,1.534,241.65,,1.2316,0.873,0.654,,10.07
1983-07-08,,1.5415,241.35,,1.2313,0.8733,0.6547,,10.05
1983-07-07,,1.539,240.85,,1.2317,0.8723,0.655,,10.04
1983-07-06,,1.5395,239.5,,1.2309,0.8735,0.655,,10.05
1983-07-05,,1.5285,240.7,,1.2308,0.8737,0.654,,10.05
1983-07-01,,1.531,239.15,,1.227,0.8762,0.6555,,10.09
1983-06-30,,1.533,239.28,,1.2276,0.8753,0.6555,,10.09
1983-06-29,,1.5277,239.35,,1.2287,0.875,0.6555,,10.1
1983-06-28,,1.5325,238.8,,1.2295,0.8758,0.6535,,10.09
1983-06-27,,1.5375,239.4,,1.2304,0.8752,0.6572,,10.08
1983-06-24,,1.5455,237.3,,1.2325,0.8787,0.6585,,10.09
1983-06-23,,1.541,237.5,,1.232,0.8783,0.6575,,10.1
1983-06-22,,1.5305,237.4,,1.2277,0.8777,0.6565,,10.09
1983-06-21,,1.526,239.6,,1.2293,0.8761,0.6555,,10.08
1983-06-20,,1.532,239.25,,1.2311,0.8758,0.655,,10.08
1983-06-17,,1.523,239.9,,1.232,0.8753,0.6545,,10.07
1983-06-16,,1.527,240.55,,1.235,0.876,0.6535,,10.07
1983-06-15,,1.522,242.45,,1.2375,0.8747,0.6515,,10.06
1983-06-14,,1.5225,243.05,,1.2364,0.8743,0.653,,10.04
1983-06-13,,1.5522,242.55,,1.235,0.8774,0.6565,,10.02
1983-06-10,,1.5705,242.18,,1.2339,0.8767,0.6575,,10.01
1983-06-09,,1.5788,242.7,,1.2343,0.8762,0.6578,,10
1983-06-08,,1.5696,241.38,,1.2357,0.878,0.658,,10.01
1983-06-07,,1.572,240.35,,1.2354,0.879,0.6585,,10
1983-06-06,,1.576,240.5,,1.2344,0.88,0.6585,,9.99
1983-06-03,,1.565,239,,1.2323,0.8806,0.659,,10.01
1983-06-02,,1.5816,238.35,,1.2296,0.882,0.6615,,10
1983-06-01,,1.59,239.85,,1.231,0.8802,0.6605,,10
1983-05-31,,1.6005,238.85,,1.23,0.8811,0.6628,,9.98
1983-05-27,,1.6018,237.97,,1.2306,0.883,0.664,,10.02
1983-05-26,,1.602,236.55,,1.233,0.8825,0.6637,,9.97
1983-05-25,,1.5854,236.3,,1.2325,0.882,0.662,,10
1983-05-24,,1.5677,236.6,,1.2351,0.8815,0.6629,,10
1983-05-23,,1.5562,235.4,,1.2344,0.8814,0.6605,,10.01
1983-05-20,,1.5562,234.1,,1.2335,0.8821,0.662,,10.01
1983-05-19,,1.5528,234.4,,1.233,0.8816,0.6612,,10.03
1983-05-18,,1.5585,232.75,,1.2311,0.8835,0.6628,,10.01
1983-05-17,,1.554,233.4,,1.231,0.8835,0.663,,10
1983-05-16,,1.5605,233.3,,1.2288,0.8859,0.6633,,9.9
1983-05-13,,1.5665,231.3,,1.2271,0.885,0.664,,9.99
1983-05-12,,1.5681,231.5,,1.2265,0.8821,0.6642,,9.99
1983-05-11,,1.568,230.9,,1.2257,0.8782,0.6645,,9.97
1983-05-10,,1.5645,232.5,,1.2268,0.8728,0.6622,,9.99
1983-05-09,,1.568,232.65,,1.2265,0.8728,0.663,,9.99
1983-05-06,,1.579,234.7,,1.227,0.8712,0.6625,,9.99
1983-05-05,,1.578,235.2,,1.2243,0.8715,0.662,,9.98
1983-05-04,,1.5787,236.25,,1.2256,0.8711,0.6615,,9.97
1983-05-03,,1.5782,237.65,,1.226,0.8685,0.6605,,9.98
1983-05-02,,1.5707,237.6,,1.2239,0.868,0.659,,10
1983-04-29,,1.5573,238.3,,1.2262,0.8671,0.6592,,10
1983-04-28,,1.5592,238.2,,1.2271,0.8676,0.6583,,9.97
1983-04-27,,1.568,236.25,,1.2276,0.8692,0.66,,9.98
1983-04-26,,1.57,237.35,,1.228,0.8682,0.6608,,9.98
1983-04-25,,1.568,236.25,,1.2258,0.87,0.661,,9.99
1983-04-22,,1.543,236.85,,1.227,0.8688,0.659,,10.01
1983-04-21,,1.5475,236.4,,1.2293,0.8693,0.659,,10
1983-04-20,,1.542,237.38,,1.2344,0.8683,0.6585,,9.98
1983-04-19,,1.5495,237.05,,1.2376,0.8694,0.659,,9.94
1983-04-18,,1.561,237.8,,1.2368,0.8691,0.6586,,9.95
1983-04-15,,1.5488,237.6,,1.233,0.869,0.6585,,9.99
1983-04-14,,1.5402,238.25,,1.2333,0.868,0.6575,,9.99
1983-04-13,,1.5365,238.5,,1.2343,0.8668,0.6565,,9.96
1983-04-12,,1.5425,238.05,,1.2318,0.8676,0.657,,9.96
1983-04-11,,1.5263,237.95,,1.233,0.8675,0.6565,,9.96
1983-04-08,,1.505,239.3,,1.2352,0.8655,0.6535,,10.01
1983-04-07,,1.5035,237.9,,1.236,0.8662,0.6545,,9.96
1983-04-06,,1.517,237.05,,1.2346,0.8668,0.655,,9.96
1983-04-05,,1.5063,237.65,,1.2362,0.866,0.6545,,9.99
1983-04-04,,1.4885,239,,1.2379,0.8652,0.653,,10.03
1983-04-01,,1.478,239.6,,1.2367,0.8645,0.6525,,10.02
1983-03-31,,1.4825,239,,1.2341,0.8642,0.6525,,10.02
1983-03-30,,1.4665,239.8,,1.2306,0.8658,0.6505,,10.05
1983-03-29,,1.4543,240.05,,1.2305,0.8652,0.649,,10.01
1983-03-28,,1.4545,240.1,,1.2313,0.8653,0.649,,10.02
1983-03-25,,1.46,237.1,,1.2272,0.8674,0.6515,,10
1983-03-24,,1.4618,237.25,,1.2271,0.869,0.651,,9.97
1983-03-23,,1.458,238.8,,1.2276,0.867,0.65,,9.95
1983-03-22,,1.473,239.4,,1.2243,0.8671,0.651,,9.96
1983-03-21,,1.4705,240.85,,1.2241,0.867,0.651,,9.96
1983-03-18,,1.4875,240.3,,1.2258,0.868,0.6535,,9.95
1983-03-17,,1.5023,239.1,,1.2231,0.873,0.6555,,9.94
1983-03-16,,1.51,237.25,,1.2223,0.874,0.6565,,9.93
1983-03-15,,1.514,237.25,,1.2243,0.8746,0.659,,9.92
1983-03-14,,1.509,237.5,,1.2272,0.8753,0.6675,,9.95
1983-03-11,,1.5027,238.45,,1.2265,0.858,0.653,,9.94
1983-03-10,,1.5117,237.05,,1.2254,0.8583,0.653,,9.94
1983-03-09,,1.5025,237.7,,1.2276,0.8528,0.6535,,9.95
1983-03-08,,1.4995,238.7,,1.2246,0.8535,0.6535,,9.95
1983-03-07,,1.5168,235.7,,1.2229,0.9485,0.715,,9.94
1983-03-04,,1.511,235.8,,1.2232,0.9465,0.714,,9.95
1983-03-03,,1.5125,236.4,,1.2228,0.949,0.7135,,9.95
1983-03-02,,1.505,237.3,,1.2254,0.9502,0.712,,9.97
1983-03-01,,1.5045,239,,1.2279,0.9495,0.7126,,9.98
1983-02-28,,1.5115,237.85,,1.229,0.9545,0.7155,,9.96
1983-02-25,,1.527,235.05,,1.2282,0.961,0.719,,9.94
1983-02-24,,1.5275,234.2,,1.2282,0.9615,0.7185,,9.94
1983-02-23,,1.533,235.05,,1.2301,0.9621,0.718,,9.96
1983-02-22,,1.5215,233.8,,1.2259,0.964,0.7185,,9.93
1983-02-18,,1.5435,233.6,,1.2247,0.9683,0.7215,,9.91
1983-02-17,,1.5435,233.2,,1.2246,0.9689,0.7225,,9.87
1983-02-16,,1.551,232.6,,1.2235,0.971,0.7225,,9.87
1983-02-15,,1.541,234.1,,1.2241,0.9699,0.7225,,9.87
1983-02-14,,1.5385,234.8,,1.2245,0.9697,0.72,,9.92
1983-02-11,,1.5405,234.7,,1.2252,0.9706,0.722,,9.86
1983-02-10,,1.549,235.1,,1.2272,0.9702,0.7218,,9.85
1983-02-09,,1.541,236.6,,1.226,0.9702,0.721,,9.9
1983-02-08,,1.5365,237.45,,1.2247,0.969,0.7207,,9.93
1983-02-07,,1.534,237.45,,1.2248,0.9665,0.7165,,9.98
1983-02-04,,1.5245,240.3,,1.2285,0.964,0.714,,9.96
1983-02-03,,1.5245,238.85,,1.2334,0.9655,0.7155,,9.94
1983-02-02,,1.5135,242.2,,1.2384,0.9635,0.7135,,9.94
1983-02-01,,1.5235,239.4,,1.2353,0.9678,0.7165,,9.92
1983-01-31,,1.5202,239.85,,1.2367,0.9677,0.721,,9.91
1983-01-28,,1.5362,236.4,,1.236,0.9732,0.721,,9.9
1983-01-27,,1.5365,235.85,,1.2356,0.975,0.721,,9.89
1983-01-26,,1.548,235.35,,1.2373,0.975,0.7235,,9.85
1983-01-25,,1.5388,235.85,,1.236,0.979,0.722,,9.88
1983-01-24,,1.5405,240.2,,1.2322,0.9733,0.729,,9.86
1983-01-21,,1.5675,236.35,,1.2283,0.9785,0.725,,9.85
1983-01-20,,1.572,235.3,,1.225,0.9798,0.7255,,9.86
1983-01-19,,1.574,234.95,,1.2252,0.981,0.726,,9.85
1983-01-18,,1.576,232.15,,1.2265,0.9846,0.729,,9.81
1983-01-17,,1.589,229.6,,1.2223,0.9893,0.7325,,9.82
1983-01-14,,1.581,230.5,,1.2224,0.9886,0.731,,9.8
1983-01-13,,1.578,229.1,,1.2194,0.9905,0.732,,9.79
1983-01-12,,1.575,230.55,,1.223,0.989,0.7315,,9.78
1983-01-11,,1.584,228.8,,1.2231,0.9895,0.7325,,9.77
1983-01-10,,1.5895,226.75,,1.2253,0.9895,0.7355,,9.72
1983-01-07,,1.61,229.1,,1.2267,0.9876,0.7345,,9.73
1983-01-06,,1.6065,229.8,,1.2313,0.9866,0.7345,,9.7
1983-01-05,,1.621,229.1,,1.2297,0.9875,0.7355,,9.64
1983-01-04,,1.621,229.8,,1.2298,0.9852,0.7375,,9.64
1983-01-03,,1.6235,232,,1.23,0.984,0.7335,,9.62
1982-12-31,,1.618,234.7,,1.2297,0.98,0.7325,,9.62
1982-12-30,,1.6165,234.5,,1.2356,0.981,0.733,,9.62
1982-12-29,,1.627,232.8,,1.2395,0.9821,0.7335,,9.62
1982-12-28,,1.619,234.65,,1.242,0.9805,0.73,,9.72
1982-12-27,,1.605,237.5,,1.243,0.9747,0.7275,,9.72
1982-12-24,,1.6,238.1,,1.2408,0.974,0.727,,9.72
1982-12-23,,1.595,238.1,,1.2388,0.9717,0.7267,,9.72
1982-12-22,,1.607,240.5,,1.2376,0.9718,0.727,,9.73
1982-12-21,,1.6045,242.1,,1.2374,0.9698,0.7255,,9.73
1982-12-20,,1.6105,244.45,,1.2361,0.9672,0.7237,,9.73
1982-12-17,,1.6,244.15,,1.237,0.9648,0.7235,,9.67
1982-12-16,,1.62,243.3,,1.2396,0.965,0.7265,,9.7
1982-12-15,,1.614,244.95,,1.2381,0.9624,0.7223,,9.73
1982-12-14,,1.6165,244.3,,1.2366,0.9611,0.722,,9.74
1982-12-13,,1.607,247.3,,1.2371,0.9592,0.7205,,9.75
1982-12-10,,1.61,244.25,,1.235,0.9633,0.7225,,9.73
1982-12-09,,1.612,245.7,,1.2387,0.9622,0.723,,9.71
1982-12-08,,1.627,242.15,,1.241,0.9651,0.7248,,9.67
1982-12-07,,1.632,242.75,,1.2447,0.9645,0.725,,9.68
1982-12-06,,1.62,245.1,,1.2411,0.9649,0.7245,,9.69
1982-12-03,,1.641,246.6,,1.2359,0.9626,0.725,,9.63
1982-12-02,,1.6365,248.1,,1.2407,0.9617,0.7235,,9.65
1982-12-01,,1.6285,248.6,,1.2393,0.959,0.7215,,9.65
1982-11-30,,1.632,249.2,,1.2373,0.9579,0.719,,9.74
1982-11-29,,1.6062,250.35,,1.2398,0.9555,0.718,,9.77
1982-11-26,,1.5925,250.2,,1.2382,0.9538,0.715,,9.82
1982-11-24,,1.5955,250.7,,1.2286,0.9506,0.715,,9.85
1982-11-23,,1.5972,257.05,,1.2263,0.9465,0.712,,9.86
1982-11-22,,1.594,254.65,,1.2253,0.9484,0.7135,,9.85
1982-11-19,,1.6195,257.85,,1.2211,0.9454,0.713,,9.81
1982-11-18,,1.603,262.7,,1.2251,0.9413,0.7095,,9.85
1982-11-17,,1.6015,263.3,,1.2259,0.9414,0.708,,9.85
1982-11-16,,1.6205,263.7,,1.2258,0.9418,0.7115,,9.84
1982-11-15,,1.6315,267.35,,1.2249,0.9392,0.709,,9.82
1982-11-12,,1.6518,268.5,,1.2234,0.9394,0.71,,9.8
1982-11-10,,1.6625,268.1,,1.221,0.9415,0.711,,9.75
1982-11-09,,1.6603,271.15,,1.2194,0.9366,0.7075,,9.78
1982-11-08,,1.6505,276,,1.2226,0.934,0.706,,9.78
1982-11-05,,1.6625,275.8,,1.223,0.9342,0.707,,9.75
1982-11-04,,1.6665,277.65,,1.2229,0.9333,0.706,,9.75
1982-11-03,,1.6795,276.52,,1.2219,0.9352,0.7085,,9.71
1982-11-01,,1.6825,276.9,,1.2245,0.9358,0.708,,9.76
1982-10-29,,1.677,277.1,,1.2261,0.9358,0.708,,9.71
1982-10-28,,1.678,277.45,,1.2272,0.9344,0.708,,9.71
1982-10-27,,1.6848,276.05,,1.2282,0.9362,0.7085,,9.74
1982-10-26,,1.686,276.05,,1.2272,0.936,0.7094,,9.74
1982-10-25,,1.6805,276.55,,1.2274,0.9375,0.7085,,9.74
1982-10-22,,1.698,273.45,,1.2262,0.9402,0.712,,9.69
1982-10-21,,1.6957,273,,1.2262,0.941,0.7125,,9.7
1982-10-20,,1.6973,270.4,,1.2279,0.9421,0.7145,,9.71
1982-10-19,,1.707,268.3,,1.2248,0.9455,0.7165,,9.69
1982-10-18,,1.708,268.55,,1.228,0.9453,0.7175,,9.68
1982-10-15,,1.704,269.7,,1.23,0.9452,0.7165,,9.69
1982-10-14,,1.706,268.5,,1.2288,0.9486,0.719,,9.65
1982-10-13,,1.7085,266.65,,1.2289,0.95,0.72,,9.65
1982-10-12,,1.724,262.6,,1.225,0.9528,0.7225,,9.63
1982-10-08,,1.7045,267.7,,1.2328,0.9515,0.721,,9.66
1982-10-07,,1.7035,270.1,,1.235,0.947,0.7148,,9.72
1982-10-06,,1.6925,273.95,,1.2386,0.9433,0.7124,,9.72
1982-10-05,,1.6865,273.8,,1.2403,0.9433,0.712,,9.73
1982-10-04,,1.6833,273.5,,1.2382,0.9458,0.7137,,9.73
1982-10-01,,1.698,268.9,,1.2353,0.9486,0.719,,9.72
1982-09-30,,1.6945,268.3,,1.2363,0.9495,0.717,,9.71
1982-09-29,,1.6955,268.85,,1.2337,0.9495,0.7178,,9.69
1982-09-28,,1.6905,270,,1.2364,0.9492,0.7185,,9.7
1982-09-27,,1.6958,269.8,,1.2348,0.951,0.718,,9.7
1982-09-24,,1.7085,266.25,,1.2324,0.954,0.7215,,9.67
1982-09-23,,1.7105,264.95,,1.2278,0.9563,0.7225,,9.64
1982-09-22,,1.7215,262.65,,1.2285,0.9568,0.7245,,9.63
1982-09-21,,1.71,265.1,,1.2286,0.9554,0.7225,,9.65
1982-09-20,,1.7105,264.5,,1.2321,0.9566,0.7236,,9.65
1982-09-17,,1.713,263.2,,1.234,0.9581,0.724,,9.66
1982-09-16,,1.7075,263.4,,1.2338,0.9553,0.7225,,9.68
1982-09-15,,1.7065,263.4,,1.2354,0.9568,0.7238,,9.65
1982-09-14,,1.7075,263.25,,1.2359,0.9568,0.7235,,9.66
1982-09-13,,1.7053,264,,1.2374,0.9555,0.7215,,9.69
1982-09-10,,1.7125,262.65,,1.2385,0.9608,0.725,,9.65
1982-09-09,,1.728,258.65,,1.233,0.9652,0.7285,,9.62
1982-09-08,,1.721,259.5,,1.2369,0.964,0.7275,,9.61
1982-09-07,,1.7278,257.45,,1.241,0.9673,0.7318,,9.61
1982-09-03,,1.7305,257.8,,1.24,0.967,0.7322,,9.54
1982-09-02,,1.735,256.2,,1.2366,0.9698,0.7328,,9.58
1982-09-01,,1.7205,259.1,,1.2374,0.9665,0.729,,9.65
1982-08-31,,1.7205,261.1,,1.2392,0.9642,0.7273,,9.63
1982-08-30,,1.7085,260.95,,1.2435,0.9657,0.729,,9.63
1982-08-27,,1.736,256.6,,1.2398,0.972,0.7335,,9.55
1982-08-26,,1.76,253.2,,1.2336,0.979,0.7405,,9.51
1982-08-25,,1.7605,251,,1.2335,0.9823,0.741,,9.51
1982-08-24,,1.7665,251.5,,1.2336,0.9811,0.74,,9.52
1982-08-23,,1.744,254.6,,1.2373,0.977,0.7353,,9.56
1982-08-20,,1.7415,254.75,,1.2355,0.9757,0.7345,,9.53
1982-08-19,,1.7235,258.35,,1.242,0.9708,0.731,,9.54
1982-08-18,,1.724,259.2,,1.2398,0.974,0.7297,,9.53
1982-08-17,,1.707,264.05,,1.2392,0.9704,0.734,,9.62
1982-08-16,,1.7025,264.05,,1.2515,0.9719,0.725,,9.6
1982-08-13,,1.702,262.1,,1.252,0.9747,0.726,,9.57
1982-08-12,,1.698,263.2,,1.2599,0.9745,0.7265,,9.64
1982-08-11,,1.698,263.4,,1.2535,0.9779,0.7265,,9.61
1982-08-10,,1.6975,263.9,,1.2534,0.9797,0.728,,9.6
1982-08-09,,1.7,262.3,,1.2549,0.9803,0.7277,,9.66
1982-08-06,,1.714,260.1,,1.2482,0.9848,0.7301,,9.62
1982-08-05,,1.7155,259.85,,1.2481,0.9869,0.7315,,9.6
1982-08-04,,1.7278,260.35,,1.2531,0.989,0.7325,,9.58
1982-08-03,,1.7485,257.85,,1.2528,0.9953,0.7382,,9.51
1982-08-02,,1.7535,256.6,,1.25,0.9965,0.74,,9.51
1982-07-30,,1.738,258.1,,1.2556,0.989,0.73,,9.56
1982-07-29,,1.738,256.6,,1.2617,0.997,0.738,,9.56
1982-07-28,,1.7435,254.8,,1.2601,1.001,0.7418,,9.54
1982-07-27,,1.7562,252.3,,1.2623,1.0044,0.743,,9.52
1982-07-26,,1.764,250.95,,1.2636,1.008,0.7441,,9.48
1982-07-23,,1.7665,249.2,,1.2565,1.004,0.7427,,9.47
1982-07-22,,1.7475,251.85,,1.2603,1.0091,0.7427,,9.53
1982-07-21,,1.756,252.05,,1.2537,1.0109,0.7426,,9.54
1982-07-20,,1.739,253.75,,1.257,1.0115,0.7422,,9.56
1982-07-19,,1.735,254.65,,1.2607,1.0132,0.743,,9.53
1982-07-16,,1.724,254.05,,1.2637,1.0124,0.739,,9.61
1982-07-15,,1.7215,255.95,,1.2665,1.0121,0.7388,,9.58
1982-07-14,,1.723,256.35,,1.2712,1.0118,0.74,,9.59
1982-07-13,,1.7225,257.5,,1.2736,1.0113,0.7375,,9.57
1982-07-12,,1.7325,254.25,,1.2717,1.0157,0.7418,,9.55
1982-07-09,,1.7245,255.8,,1.2792,1.0158,0.738,,9.61
1982-07-08,,1.7105,257.85,,1.29,1.0333,0.736,,9.65
1982-07-07,,1.7105,259,,1.2962,1.013,0.735,,9.66
1982-07-06,,1.7238,257.7,,1.2919,1.0161,0.739,,9.59
1982-07-02,,1.731,257,,1.2875,1.0199,0.7416,,9.56
1982-07-01,,1.735,255.95,,1.286,1.0201,0.7412,,9.57
1982-06-30,,1.7355,255,,1.2929,1.0221,0.7425,,9.53
1982-06-29,,1.735,255.55,,1.2995,1.0205,0.7394,,9.57
1982-06-28,,1.7185,258.95,,1.2984,1.0168,0.738,,9.6
1982-06-25,,1.719,257.7,,1.2874,1.0205,0.7392,,9.57
1982-06-24,,1.733,252.4,,1.2865,1.0227,0.743,,9.53
1982-06-23,,1.7295,256,,1.299,1.0218,0.7397,,9.57
1982-06-22,,1.7365,254.5,,1.2981,1.0231,0.744,,9.54
1982-06-21,,1.727,257.15,,1.3002,1.0211,0.74,,9.56
1982-06-18,,1.7385,255.15,,1.294,1.0238,0.7454,,9.56
1982-06-17,,1.743,254.5,,1.2892,1.0266,0.747,,9.52
1982-06-16,,1.748,252.85,,1.2827,1.0303,0.7498,,9.46
1982-06-15,,1.7612,251.65,,1.2751,1.0333,0.7515,,9.45
1982-06-14,,1.758,250.65,,1.2718,1.0337,0.7515,,9.46
1982-06-11,,1.7745,247.55,,1.2619,1.04,0.755,,9.4
1982-06-10,,1.764,249.3,,1.2612,1.0383,0.753,,9.39
1982-06-09,,1.7745,248.95,,1.2639,1.0401,0.754,,9.37
1982-06-08,,1.782,247,,1.2584,1.0427,0.7565,,9.37
1982-06-07,,1.79,245.65,,1.254,1.0456,0.759,,9.37
1982-06-04,,1.795,243.65,,1.2499,1.0477,0.761,,9.34
1982-06-03,,1.7962,243.2,,1.2438,1.0479,0.7603,,9.35
1982-06-02,,1.7915,244.7,,1.2455,1.0456,0.7585,,9.38
1982-06-01,,1.7875,244.3,,1.2491,1.046,0.761,,9.38
1982-05-28,,1.791,243.3,,1.244,1.0503,0.7615,,9.39
1982-05-27,,1.7895,242.9,,1.2423,1.051,0.7635,,9.34
1982-05-26,,1.8,240.4,,1.2366,1.0539,0.765,,9.33
1982-05-25,,1.8048,240.2,,1.2376,1.055,0.7685,,9.31
1982-05-24,,1.8045,238.4,,1.2362,1.0578,0.769,,9.32
1982-05-21,,1.7975,237.6,,1.2355,1.0578,0.768,,9.28
1982-05-20,,1.7795,238.3,,1.2327,1.0548,0.768,,9.38
1982-05-19,,1.7965,238.95,,1.2366,1.054,0.768,,9.37
1982-05-18,,1.8135,237.25,,1.2392,1.0572,0.768,,9.29
1982-05-17,,1.8165,236.85,,1.2392,1.0585,0.772,,9.27
1982-05-14,,1.8235,235.25,,1.2375,1.0616,0.7705,,9.3
1982-05-13,,1.824,235.2,,1.2388,1.0618,0.7735,,9.26
1982-05-12,,1.837,233.8,,1.2396,1.065,0.7765,,9.21
1982-05-11,,1.833,232.85,,1.2323,1.0663,0.7755,,9.22
1982-05-10,,1.836,233.3,,1.2254,1.066,0.777,,9.22
1982-05-07,,1.8262,232.92,,1.2231,1.068,0.776,,9.25
1982-05-06,,1.821,233.55,,1.2213,1.066,0.7745,,9.26
1982-05-05,,1.805,234.1,,1.2231,1.0614,0.771,,9.31
1982-05-04,,1.7945,237.55,,1.2268,1.0595,0.7685,,9.3
1982-05-03,,1.8135,236.6,,1.2245,1.0613,0.7705,,9.32
1982-04-30,,1.7945,235.85,,1.2197,1.0614,0.772,,9.35
1982-04-29,,1.794,235.9,,1.2223,1.061,0.7692,,9.38
1982-04-28,,1.7855,237.25,,1.2255,1.0588,0.7696,,9.37
1982-04-27,,1.7745,238,,1.2253,1.0565,0.768,,9.39
1982-04-26,,1.7775,238.4,,1.2223,1.0552,0.7676,,9.38
1982-04-23,,1.772,241.15,,1.2242,1.0541,0.7678,,9.41
1982-04-22,,1.7775,242.8,,1.225,1.0535,0.7675,,9.4
1982-04-21,,1.777,243.2,,1.2226,1.0527,0.767,,9.42
1982-04-20,,1.7705,243.15,,1.2224,1.0522,0.774,,9.4
1982-04-19,,1.773,245,,1.2185,1.0505,0.765,,9.42
1982-04-16,,1.76,247.8,,1.2207,1.0478,0.7615,,9.43
1982-04-15,,1.7598,248.4,,1.2218,1.0474,0.762,,9.44
1982-04-14,,1.76,247.45,,1.2248,1.0478,0.7625,,9.41
1982-04-13,,1.769,246.7,,1.2244,1.0482,0.763,,9.39
1982-04-12,,1.768,248,,1.2307,1.0473,0.7627,,9.42
1982-04-09,,1.754,248.05,,1.2316,1.045,0.761,,9.39
1982-04-08,,1.753,248.75,,1.2328,1.0435,0.7618,,9.39
1982-04-07,,1.763,245.9,,1.2326,1.0497,0.7635,,9.39
1982-04-06,,1.7505,248.4,,1.2289,1.0478,0.7595,,9.39
1982-04-05,,1.7722,248.4,,1.2265,1.0485,0.7635,,9.37
1982-04-02,,1.7875,245.6,,1.2259,1.0511,0.7672,,9.34
1982-04-01,,1.79,246.2,,1.2267,1.052,0.7678,,9.35
1982-03-31,,1.781,248.25,,1.2305,1.0494,0.765,,9.35
1982-03-30,,1.7835,245.3,,1.2277,1.0515,0.7678,,9.35
1982-03-29,,1.7775,247.2,,1.2323,1.0505,0.767,,9.35
1982-03-26,,1.79,247.1,,1.2282,1.0532,0.7705,,9.36
1982-03-25,,1.7955,245.35,,1.2266,1.054,0.7725,,9.31
1982-03-24,,1.8045,243.6,,1.2239,1.057,0.775,,9.31
1982-03-23,,1.802,244.9,,1.2207,1.055,0.774,,9.31
1982-03-22,,1.7978,245.3,,1.2203,1.055,0.7744,,9.31
1982-03-19,,1.799,244,,1.2204,1.0565,0.775,,9.3
1982-03-18,,1.8095,242.1,,1.2154,1.0588,0.777,,9.29
1982-03-17,,1.8092,241.4,,1.2154,1.0602,0.777,,9.29
1982-03-16,,1.802,241.6,,1.2169,1.0599,0.7765,,9.27
1982-03-15,,1.807,240.5,,1.218,1.0586,0.778,,9.27
1982-03-12,,1.7975,240.1,,1.2155,1.0595,0.7785,,9.29
1982-03-11,,1.805,239.4,,1.2118,1.0608,0.7793,,9.27
1982-03-10,,1.81,237.25,,1.2127,1.0635,0.78,,9.27
1982-03-09,,1.8035,237.55,,1.2123,1.064,0.78,,9.27
1982-03-08,,1.825,234.3,,1.2136,1.069,0.785,,9.26
1982-03-05,,1.8375,233.9,,1.2126,1.0698,0.7855,,9.23
1982-03-04,,1.8275,236.55,,1.2191,1.069,0.7836,,9.25
1982-03-03,,1.823,236.6,,1.2249,1.0705,0.783,,9.28
1982-03-02,,1.8125,237.7,,1.2253,1.0701,0.7825,,9.27
1982-03-01,,1.8217,238.3,,1.2278,1.07,0.7835,,9.29
1982-02-26,,1.82,237.25,,1.229,1.0735,0.785,,9.31
1982-02-25,,1.8327,236.05,,1.2216,1.0753,0.7857,,9.27
1982-02-24,,1.8295,234.45,,1.2203,1.0777,0.7865,,9.27
1982-02-23,,1.831,234.9,,1.2207,1.0775,0.7905,,9.26
1982-02-22,,1.8475,232.1,,1.2164,1.0822,0.7936,,9.23
1982-02-19,,1.8525,233.6,,1.2168,1.0813,0.794,,9.23
1982-02-18,,1.8515,235.5,,1.2146,1.08,0.7905,,9.25
1982-02-17,,1.8355,240.35,,1.2182,1.0763,0.7875,,9.26
1982-02-16,,1.8322,240.65,,1.2185,1.087,0.7875,,9.26
1982-02-11,,1.849,235.75,,1.2098,1.087,0.7941,,9.17
1982-02-10,,1.8475,236.35,,1.2144,1.0872,0.794,,9.18
1982-02-09,,1.842,236.5,,1.2168,1.0862,0.7935,,9.19
1982-02-08,,1.8625,234.75,,1.2087,1.0908,0.7984,,9.16
1982-02-05,,1.8605,233.5,,1.2058,1.0915,0.798,,9.15
1982-02-04,,1.87,233.15,,1.2048,1.0938,0.8005,,9.15
1982-02-03,,1.8585,234.8,,1.2074,1.092,0.799,,9.15
1982-02-02,,1.8625,233.25,,1.2067,1.0947,0.8003,,9.18
1982-02-01,,1.8605,232.6,,1.2016,1.0957,0.8,,9.19
1982-01-29,,1.879,228.3,,1.1967,1.093,0.805,,9.14
1982-01-28,,1.8745,231,,1.198,1.099,0.802,,9.15
1982-01-27,,1.866,229.6,,1.1969,1.1027,0.804,,9.17
1982-01-26,,1.8705,228.25,,1.1949,1.1052,0.8058,,9.2
1982-01-25,,1.8545,229.4,,1.1984,1.1045,0.805,,9.2
1982-01-22,,1.8705,227.4,,1.1945,1.109,0.8095,,9.18
1982-01-21,,1.88,225.65,,1.191,1.1125,0.8107,,9.15
1982-01-20,,1.8832,225.5,,1.1946,1.1128,0.8105,,9.17
1982-01-19,,1.894,224.5,,1.1938,1.1142,0.8135,,9.14
1982-01-18,,1.8835,225.35,,1.1956,1.114,0.811,,9.14
1982-01-15,,1.87,224.5,,1.1946,1.114,0.822,,9.15
1982-01-14,,1.8635,224.5,,1.1941,1.114,0.8105,,9.17
1982-01-13,,1.868,224.35,,1.1908,1.117,0.8152,,9.18
1982-01-12,,1.873,223.05,,1.1912,1.119,0.816,,9.17
1982-01-11,,1.887,223.3,,1.1897,1.1195,0.8175,,9.17
1982-01-08,,1.92,221.4,,1.1863,1.124,0.8228,,9.14
1982-01-07,,1.92,222,,1.1876,1.1237,0.823,,9.15
1982-01-06,,1.9253,219.6,,1.1863,1.1275,0.824,,9.11
1982-01-05,,1.912,219.7,,1.1895,1.1277,0.8248,,9.1
1982-01-04,,1.926,218.75,,1.1866,1.129,0.827,,9.07
1981-12-31,,1.915,219.8,,1.1863,1.128,0.823,,9.13
1981-12-30,,1.9125,219.8,,1.1839,1.1285,0.8233,,9.11
1981-12-29,,1.8905,222.3,,1.1857,1.1257,0.821,,9.11
1981-12-28,,1.89,222.8,,1.181,1.125,0.8215,,9.13
1981-12-24,,1.893,222.1,,1.1836,1.126,0.8225,,9.12
1981-12-23,,1.8865,220.7,,1.1816,1.1275,0.823,,9.12
1981-12-22,,1.886,219.35,,1.1822,1.1295,0.8225,,9.13
1981-12-21,,1.8715,220.05,,1.1863,1.1289,0.8237,,9.16
1981-12-18,,1.8775,219,,1.1884,1.1295,0.8227,,9.12
1981-12-17,,1.8865,218.45,,1.1898,1.132,0.8255,,9.12
1981-12-16,,1.8865,218.3,,1.1921,1.131,0.8255,,9.13
1981-12-15,,1.8855,217.5,,1.1934,1.133,0.8265,,9.11
1981-12-14,,1.8655,220.75,,1.196,1.1305,0.823,,9.15
1981-12-11,,1.8775,219.3,,1.1894,1.1333,0.825,,9.15
1981-12-10,,1.8928,218.6,,1.1863,1.135,0.83,,9.17
1981-12-09,,1.9225,218.4,,1.1834,1.139,0.8325,,9.12
1981-12-08,,1.9265,218,,1.1836,1.1385,0.8345,,9.16
1981-12-07,,1.935,217.55,,1.1836,1.143,0.8364,,9.13
1981-12-04,,1.9415,216.5,,1.1783,1.1443,0.8355,,9.13
1981-12-03,,1.933,216.65,,1.1813,1.1431,0.837,,9.13
1981-12-02,,1.9525,214.7,,1.1776,1.1472,0.8395,,9.15
1981-12-01,,1.9455,216.4,,1.1784,1.148,0.8385,,9.09
1981-11-30,,1.955,214.2,,1.1766,1.1518,0.8365,,9.12
1981-11-27,,1.956,215.65,,1.1768,1.1507,0.8365,,9.11
1981-11-25,,1.928,216.6,,1.1799,1.1497,0.835,,9.16
1981-11-24,,1.9185,215.9,,1.1803,1.1482,0.835,,9.13
1981-11-23,,1.9037,217.6,,1.1829,1.1468,0.833,,9.17
1981-11-20,,1.897,218.65,,1.1846,1.1455,0.8335,,9.14
1981-11-19,,1.911,220.3,,1.1838,1.1472,0.8325,,9.08
1981-11-18,,1.9115,222.2,,1.1794,1.1461,0.8315,,9.17
1981-11-17,,1.893,224.25,,1.1879,1.144,0.8295,,9.12
1981-11-16,,1.913,225.7,,1.1866,1.1442,0.8315,,9.09
1981-11-13,,1.907,227.35,,1.1889,1.144,0.829,,9.1
1981-11-12,,1.8945,227.25,,1.1901,1.1435,0.8295,,9.1
1981-11-10,,1.867,229.85,,1.1939,1.1408,0.8255,,9.14
1981-11-09,,1.892,226.78,,1.1918,1.1439,0.83,,9.1
1981-11-06,,1.875,229.05,,1.1929,1.143,0.8265,,9.17
1981-11-05,,1.8725,228.5,,1.1973,1.1436,0.829,,9.18
1981-11-04,,1.878,227.3,,1.1968,1.1433,0.8273,,9.18
1981-11-02,,1.8725,229.15,,1.1991,1.1426,0.8275,,9.17
1981-10-30,,1.862,232.8,,1.203,1.137,0.821,,9.13
1981-10-29,,1.8315,234.35,,1.2057,1.1355,0.818,,9.13
1981-10-28,,1.8245,234.05,,1.2074,1.1348,0.815,,9.17
1981-10-27,,1.8108,234.75,,1.2084,1.1336,0.815,,9.18
1981-10-26,,1.805,236.15,,1.2081,1.1329,0.813,,9.24
1981-10-23,,1.8205,232.3,,1.2045,1.1385,0.8192,,9.2
1981-10-22,,1.8148,233.65,,1.2061,1.1358,0.8175,,9.21
1981-10-21,,1.8212,233.7,,1.2056,1.137,0.819,,9.21
1981-10-20,,1.819,232.7,,1.2019,1.141,0.82,,9.21
1981-10-19,,1.84,232.35,,1.2021,1.1427,0.8248,,9.2
1981-10-16,,1.831,230.6,,1.2031,1.1421,0.8228,,9.18
1981-10-15,,1.847,230.6,,1.2003,1.146,0.8271,,9.1
1981-10-14,,1.853,228.75,,1.2011,1.1493,0.8295,,9.17
1981-10-13,,1.855,228.6,,1.1978,1.152,0.831,,9.18
1981-10-09,,1.901,226.55,,1.1975,1.1552,0.8355,,8.93
1981-10-08,,1.8985,228.35,,1.1992,1.1535,0.835,,8.96
1981-10-07,,1.869,228.5,,1.1989,1.1532,0.8325,,9.08
1981-10-06,,1.847,230.4,,1.2004,1.1485,0.825,,9.11
1981-10-05,,1.8545,227.6,,1.1991,1.15,0.8293,,9.05
1981-10-02,,1.818,232.05,,1.2045,1.145,0.8218,,9.09
1981-10-01,,1.831,233.1,,1.2054,1.143,0.8225,,9.1
1981-09-30,,1.803,232.3,,1.2069,1.1428,0.82,,9.12
1981-09-29,,1.7945,231.9,,1.2029,1.1441,0.8185,,9.12
1981-09-28,,1.779,232.45,,1.2042,1.1417,0.8178,,9.2
1981-09-25,,1.7855,229.7,,1.1983,1.1456,0.82,,9.22
1981-09-24,,1.7885,229.1,,1.1976,1.1475,0.823,,9.24
1981-09-23,,1.8115,227.9,,1.1986,1.1512,0.8281,,9.13
1981-09-22,,1.831,226.8,,1.1982,1.1575,0.833,,9.11
1981-09-21,,1.854,224.2,,1.1961,1.1575,0.8346,,9.11
1981-09-18,,1.834,226.3,,1.2001,1.1566,0.835,,9.07
1981-09-17,,1.832,226.3,,1.2025,1.1565,0.8355,,9.04
1981-09-16,,1.8475,226.95,,1.2025,1.1557,0.832,,9.06
1981-09-15,,1.833,225.7,,1.1999,1.1535,0.8335,,9.08
1981-09-14,,1.795,230.2,,1.202,1.1468,0.822,,9.17
1981-09-11,,1.779,231.35,,1.2043,1.1425,0.822,,9.14
1981-09-10,,1.804,230.9,,1.2017,1.144,0.8244,,9.15
1981-09-09,,1.781,233.8,,1.2086,1.1409,0.819,,9.18
1981-09-08,,1.7935,232.5,,1.2008,1.1438,0.821,,9.17
1981-09-04,,1.843,229.7,,1.1982,1.1495,0.8303,,9.01
1981-09-03,,1.8445,230.4,,1.1944,1.149,0.83,,9.01
1981-09-02,,1.8415,229.7,,1.1959,1.1485,0.8285,,9.04
1981-09-01,,1.832,230.95,,1.2041,1.146,0.827,,9.05
1981-08-31,,1.845,230.5,,1.202,1.1495,0.8285,,9.05
1981-08-28,,1.849,229.1,,1.2021,1.1495,0.8283,,9.05
1981-08-27,,1.8425,230.95,,1.2112,1.147,0.8278,,9.06
1981-08-26,,1.845,230.1,,1.2138,1.1468,0.828,,9.05
1981-08-25,,1.8235,230.6,,1.2142,1.146,0.826,,9.07
1981-08-24,,1.849,228.4,,1.2087,1.1518,0.8303,,8.93
1981-08-21,,1.8765,227.25,,1.2061,1.152,0.8298,,8.93
1981-08-20,,1.8595,228.9,,1.2124,1.149,0.8291,,8.97
1981-08-19,,1.8315,230.35,,1.2113,1.1452,0.8256,,8.97
1981-08-18,,1.829,229.2,,1.2157,1.144,0.8281,,8.94
1981-08-17,,1.8225,229.8,,1.2227,1.141,0.824,,8.99
1981-08-14,,1.802,233.75,,1.2263,1.1373,0.8187,,9.07
1981-08-13,,1.804,231.7,,1.2303,1.137,0.821,,9.07
1981-08-12,,1.8115,230.2,,1.2297,1.1384,0.8245,,9.11
1981-08-11,,1.776,235.75,,1.2323,1.1298,0.815,,9.24
1981-08-10,,1.771,236.1,,1.2397,1.132,0.8165,,9.26
1981-08-07,,1.7905,234.9,,1.2421,1.1343,0.819,,9.16
1981-08-06,,1.798,239.9,,1.2383,1.13,0.817,,9.1
1981-08-05,,1.8055,240.9,,1.2425,1.1278,0.8167,,9.09
1981-08-04,,1.7935,246.1,,1.2425,1.1225,0.8152,,9.09
1981-08-03,,1.8015,245.4,,1.2426,1.1263,0.8205,,9.07
1981-07-31,,1.84,240.4,,1.2339,1.1352,0.8275,,9
1981-07-30,,1.857,238.8,,1.225,1.1368,0.826,,9.02
1981-07-29,,1.858,237.85,,1.227,1.1395,0.8306,,8.98
1981-07-28,,1.8635,237.25,,1.2267,1.1388,0.831,,8.98
1981-07-27,,1.86,236.1,,1.2238,1.1409,0.8363,,8.92
1981-07-24,,1.8622,234.52,,1.2083,1.1405,0.8321,,8.98
1981-07-23,,1.8545,234.9,,1.2195,1.1398,0.833,,8.97
1981-07-22,,1.8607,234.5,,1.2129,1.1415,0.8335,,9
1981-07-21,,1.845,234.35,,1.2125,1.1395,0.8335,,8.98
1981-07-20,,1.867,233,,1.2068,1.144,0.8385,,8.97
1981-07-17,,1.8815,231.97,,1.2057,1.1456,0.8409,,8.93
1981-07-16,,1.8825,231.28,,1.2042,1.1453,0.8406,,8.93
1981-07-15,,1.89,230.6,,1.2039,1.146,0.8386,,8.93
1981-07-14,,1.862,231,,1.2056,1.143,0.8374,,8.95
1981-07-13,,1.8805,228.3,,1.2032,1.145,0.8425,,8.84
1981-07-10,,1.8925,228.3,,1.2031,1.144,0.842,,8.83
1981-07-09,,1.877,228.85,,1.206,1.143,0.84,,8.87
1981-07-08,,1.879,229.45,,1.2058,1.144,0.841,,8.85
1981-07-07,,1.9025,228.75,,1.2027,1.1455,0.8445,,8.77
1981-07-06,,1.9,229.83,,1.2022,1.1447,0.844,,8.85
1981-07-03,,1.893,228.5,,1.2018,1.1451,0.843,,8.84
1981-07-02,,1.884,226.75,,1.2023,1.148,0.844,,8.81
1981-07-01,,1.9025,228.25,,1.2035,1.1468,0.8468,,8.65
1981-06-30,,1.93,226.85,,1.2006,1.1478,0.85,,8.62
1981-06-29,,1.9435,225.85,,1.1998,1.1483,0.8525,,8.62
1981-06-26,,1.949,224.85,,1.2027,1.148,0.854,,8.59
1981-06-25,,1.953,225.45,,1.2008,1.1475,0.8565,,8.56
1981-06-24,,1.979,222.8,,1.1995,1.1507,0.8608,,8.54
1981-06-23,,1.9982,221.8,,1.1991,1.1505,0.8625,,8.51
1981-06-22,,1.9918,222.52,,1.2018,1.1471,0.86,,8.52
1981-06-19,,1.972,223.35,,1.206,1.146,0.8556,,8.53
1981-06-18,,1.976,222.1,,1.2059,1.1477,0.86,,8.51
1981-06-17,,1.997,220.9,,1.2051,1.1491,0.862,,8.49
1981-06-16,,1.9948,220.15,,1.204,1.1465,0.866,,8.49
1981-06-15,,2.002,219.7,,1.2019,1.1435,0.8635,,8.55
1981-06-12,,1.957,224.15,,1.2047,1.135,0.8531,,8.61
1981-06-11,,1.949,226.1,,1.2054,1.1323,0.853,,8.58
1981-06-10,,1.9705,225.45,,1.2026,1.1325,0.8555,,8.6
1981-06-09,,1.9405,228.1,,1.2062,1.127,0.8526,,8.62
1981-06-08,,1.94,227.9,,1.2057,1.127,0.8516,,8.6
1981-06-05,,1.93,227.8,,1.2069,1.126,0.8495,,8.6
1981-06-04,,1.94,226.4,,1.2105,1.128,0.8532,,8.57
1981-06-03,,2.016,223.4,,1.207,1.1373,0.8655,,8.53
1981-06-02,,2.036,223.85,,1.2079,1.1375,0.8712,,8.5
1981-06-01,,2.0575,222.5,,1.206,1.1411,0.8725,,8.5
1981-05-29,,2.07,223.9,,1.2037,1.1387,0.8709,,8.48
1981-05-28,,2.068,224,,1.2018,1.1388,0.8718,,8.5
1981-05-27,,2.06,224.95,,1.2023,1.1355,0.871,,8.5
1981-05-26,,2.066,224.35,,1.2011,1.1384,0.875,,8.5
1981-05-22,,2.0725,222.5,,1.2011,1.1408,0.8768,,8.43
1981-05-21,,2.068,222.5,,1.202,1.1419,0.8778,,8.41
1981-05-20,,2.081,220.8,,1.2016,1.1425,0.8784,,8.42
1981-05-19,,2.0765,221,,1.2015,1.1402,0.8798,,8.4
1981-05-18,,2.0882,221.97,,1.199,1.1383,0.8792,,8.39
1981-05-15,,2.0745,223.05,,1.2017,1.1352,0.877,,8.45
1981-05-14,,2.0663,222.35,,1.2018,1.1354,0.8802,,8.43
1981-05-13,,2.0775,220.45,,1.2013,1.1395,0.8825,,8.37
1981-05-12,,2.0875,219.75,,1.2019,1.1409,0.8845,,8.36
1981-05-11,,2.101,217.95,,1.2013,1.1427,0.887,,8.34
1981-05-08,,2.1155,217.6,,1.1996,1.1435,0.8888,,8.33
1981-05-07,,2.1035,217.9,,1.1993,1.141,0.8865,,8.34
1981-05-06,,2.1168,216.9,,1.199,1.1428,0.8885,,8.33
1981-05-05,,2.1135,217.8,,1.2026,1.142,0.8878,,8.38
1981-05-04,,2.118,217.1,,1.2008,1.1451,0.89,,8.38
1981-05-01,,2.143,215.75,,1.1963,1.1487,0.8965,,8.35
1981-04-30,,2.1395,215.78,,1.1962,1.1492,0.897,,8.33
1981-04-29,,2.143,214.7,,1.1973,1.1512,0.8985,,8.31
1981-04-28,,2.156,212.3,,1.195,1.1537,0.901,,8.26
1981-04-27,,2.163,212.1,,1.1933,1.154,0.9025,,8.25
1981-04-24,,2.167,214.3,,1.193,1.1517,0.901,,8.25
1981-04-23,,2.1745,215.2,,1.1946,1.1528,0.9015,,8.23
1981-04-22,,2.1865,216.85,,1.1934,1.1526,0.901,,8.27
1981-04-21,,2.1617,218.35,,1.1938,1.148,0.8984,,8.31
1981-04-20,,2.1575,218.2,,1.1956,1.1465,0.895,,8.32
1981-04-17,,2.154,217.5,,1.1963,1.149,0.899,,8.32
1981-04-16,,2.154,216.8,,1.1949,1.1485,0.8974,,8.32
1981-04-15,,2.153,216.7,,1.197,1.149,0.8985,,8.33
1981-04-14,,2.1758,215.22,,1.1917,1.1523,0.903,,8.32
1981-04-13,,2.163,216.25,,1.192,1.1511,0.901,,8.32
1981-04-10,,2.185,215.17,,1.1867,1.1543,0.9055,,8.26
1981-04-09,,2.19,214.1,,1.1853,1.1555,0.9065,,8.26
1981-04-08,,2.196,213.45,,1.1838,1.1565,0.908,,8.23
1981-04-07,,2.203,213.1,,1.1846,1.1558,0.908,,8.33
1981-04-06,,2.175,214,,1.188,1.154,0.9022,,8.35
1981-04-03,,2.195,213.2,,1.1838,1.1587,0.907,,8.31
1981-04-02,,2.218,213.8,,1.1819,1.1617,0.912,,8.27
1981-04-01,,2.246,212.4,,1.1835,1.1638,0.916,,8.27
1981-03-31,,2.2325,211.25,,1.1873,1.1669,0.9155,,8.27
1981-03-30,,2.2375,211.4,,1.1868,1.1627,0.9164,,8.31
1981-03-27,,2.226,211.8,,1.1882,1.1605,0.9157,,8.31
1981-03-26,,2.245,211.45,,1.1837,1.165,0.92,,8.26
1981-03-25,,2.2625,208.85,,1.1833,1.1692,0.9248,,8.27
1981-03-24,,2.2655,208.55,,1.183,1.171,0.9253,,8.26
1981-03-23,,2.2495,208.6,,1.1827,1.1702,0.9235,,8.28
1981-03-20,,2.263,208.25,,1.1809,1.1732,0.925,,8.23
1981-03-19,,2.2805,208.75,,1.1818,1.1717,0.928,,8.23
1981-03-18,,2.2785,207.6,,1.1823,1.1702,0.9265,,8.21
1981-03-17,,2.249,207.7,,1.1864,1.166,0.9245,,8.2
1981-03-16,,2.2365,207.27,,1.1906,1.1648,0.9232,,8.23
1981-03-13,,2.217,207.55,,1.1926,1.1622,0.9198,,8.23
1981-03-12,,2.219,207.6,,1.198,1.1612,0.92,,8.18
1981-03-11,,2.2165,207.6,,1.1986,1.1611,0.9203,,8.16
1981-03-10,,2.228,207,,1.1972,1.162,0.921,,8.23
1981-03-09,,2.215,206,,1.1977,1.1569,0.915,,8.26
1981-03-06,,2.1925,209,,1.1996,1.155,0.9135,,8.23
1981-03-05,,2.204,208.9,,1.201,1.1552,0.9145,,8.23
1981-03-04,,2.198,208.6,,1.203,1.1562,0.9182,,8.19
1981-03-03,,2.205,208.6,,1.2034,1.1512,0.9145,,8.25
1981-03-02,,2.1805,211.1,,1.2036,1.1515,0.9145,,8.33
1981-02-27,,2.204,209.7,,1.2013,1.155,0.92,,8.33
1981-02-26,,2.2265,207.9,,1.1996,1.1585,0.9236,,8.32
1981-02-25,,2.228,207.3,,1.1977,1.161,0.9245,,8.33
1981-02-24,,2.233,207,,1.1985,1.1625,0.929,,8.31
1981-02-23,,2.244,208.05,,1.1967,1.1665,0.932,,8.29
1981-02-20,,2.31,206.8,,1.1956,1.167,0.9315,,8.23
1981-02-19,,2.284,206.8,,1.1993,1.1593,0.9307,,8.22
1981-02-18,,2.266,206.55,,1.2034,1.1595,0.93,,8.22
1981-02-17,,2.263,206.8,,1.2061,1.1555,0.928,,8.24
1981-02-13,,2.2845,207.45,,1.2011,1.1556,0.9325,,8.21
1981-02-11,,2.3375,203.9,,1.1967,1.1652,0.9415,,8.18
1981-02-10,,2.337,203.9,,1.1989,1.1653,0.943,,8.16
1981-02-09,,2.3405,203.9,,1.1972,1.1656,0.9437,,8.16
1981-02-06,,2.34,203.8,,1.1961,1.1656,0.9436,,8.16
1981-02-05,,2.3405,202.95,,1.1971,1.1656,0.9453,,8.15
1981-02-04,,2.356,202.9,,1.1954,1.1666,0.9455,,8.12
1981-02-03,,2.3505,204.05,,1.1971,1.1642,0.9232,,8.15
1981-02-02,,2.349,203.15,,1.1941,1.169,0.947,,8.2
1981-01-30,,2.3655,206.7,,1.1943,1.1784,0.9488,,8.1
1981-01-29,,2.3968,204.6,,1.198,1.174,0.953,,8.07
1981-01-28,,2.4083,204.5,,1.1943,1.1755,0.957,,8.05
1981-01-27,,2.402,202.5,,1.1916,1.177,0.959,,8.03
1981-01-26,,2.416,203.55,,1.19,1.188,0.9585,,7.98
1981-01-23,,2.407,202.75,,1.1906,1.1802,0.9606,,7.98
1981-01-22,,2.403,200.85,,1.1911,1.1826,0.964,,7.93
1981-01-21,,2.427,199.2,,1.1894,1.1865,0.9647,,7.93
1981-01-20,,2.4185,200.65,,1.1904,1.1817,0.9615,,7.9
1981-01-19,,2.405,202.3,,1.1901,1.181,0.961,,7.97
1981-01-16,,2.3935,202.9,,1.1919,1.1788,0.9597,,7.97
1981-01-15,,2.4005,201.75,,1.1898,1.1815,0.961,,7.96
1981-01-14,,2.4025,203.05,,1.1909,1.1808,0.96,,7.97
1981-01-13,,2.388,203.3,,1.1903,1.1793,0.96,,7.99
1981-01-12,,2.397,204.1,,1.1894,1.18,0.9625,,7.93
1981-01-09,,2.395,203,,1.1883,1.1852,0.9648,,7.95
1981-01-08,,2.4035,201.7,,1.1879,1.1865,0.9665,,7.95
1981-01-07,,2.4115,201.05,,1.188,1.189,0.9698,,7.86
1981-01-06,,2.4225,199.7,,1.1882,1.189,0.9695,,7.89
1981-01-05,,2.4155,199.05,,1.1886,1.1847,0.9654,,7.81
1981-01-02,,2.382,202.5,,1.1948,1.1802,0.9615,,7.89
1980-12-31,,2.389,203.1,,1.1945,1.1814,0.9618,,7.94
1980-12-30,,2.39,203.1,,1.1887,1.18,0.961,,7.94
1980-12-29,,2.366,206.65,,1.1881,1.175,0.9575,,7.94
1980-12-26,,2.379,208.4,,1.192,1.176,0.9565,,7.91
1980-12-24,,2.36,208,,1.1924,1.175,0.9575,,7.91
1980-12-23,,2.368,207.9,,1.1923,1.1735,0.956,,7.91
1980-12-22,,2.351,207.65,,1.1942,1.1689,0.953,,7.95
1980-12-19,,2.341,208.2,,1.1929,1.167,0.949,,7.97
1980-12-18,,2.324,209.5,,1.2027,1.1653,0.9475,,7.98
1980-12-17,,2.33,208.9,,1.2087,1.1646,0.948,,7.99
1980-12-16,,2.309,208.75,,1.2109,1.1646,0.949,,7.98
1980-12-15,,2.3275,209.4,,1.2046,1.1663,0.9525,,7.92
1980-12-12,,2.3235,210.5,,1.2038,1.1633,0.9485,,7.95
1980-12-11,,2.3145,210.45,,1.201,1.163,0.95,,7.97
1980-12-10,,2.34,210.1,,1.2,1.1679,0.954,,7.92
1980-12-09,,2.3355,209.1,,1.1986,1.167,0.954,,7.92
1980-12-08,,2.3435,208.5,,1.1954,1.1695,0.9585,,7.91
1980-12-05,,2.339,211.6,,1.1959,1.1658,0.9545,,7.92
1980-12-04,,2.3442,211,,1.1917,1.1657,0.955,,7.92
1980-12-03,,2.346,213.55,,1.1945,1.1634,0.955,,7.92
1980-12-02,,2.3415,216.55,,1.1932,1.164,0.955,,7.86
1980-12-01,,2.3485,217.85,,1.1929,1.1622,0.955,,7.86
1980-11-28,,2.3575,216.6,,1.1899,1.164,0.9575,,7.82
1980-11-26,,2.3695,216.45,,1.1878,1.1652,0.9624,,7.82
1980-11-25,,2.355,213.65,,1.1882,1.1669,0.9617,,7.85
1980-11-24,,2.339,213.35,,1.1909,1.1673,0.9615,,7.85
1980-11-21,,2.3585,213.8,,1.1855,1.1662,0.9625,,7.8
1980-11-20,,2.385,213.7,,1.1872,1.1674,0.966,,7.8
1980-11-19,,2.376,212.65,,1.1867,1.1682,0.9653,,7.8
1980-11-18,,2.39,213.3,,1.1882,1.166,0.9655,,7.8
1980-11-17,,2.394,213.6,,1.189,1.1672,0.977,,7.8
1980-11-14,,2.403,212.9,,1.1865,1.1682,0.97,,7.71
1980-11-13,,2.4175,212.3,,1.1849,1.1705,0.9715,,7.74
1980-11-12,,2.413,213.1,,1.1827,1.168,0.9675,,7.75
1980-11-10,,2.3965,209.5,,1.1836,1.1644,0.966,,7.73
1980-11-07,,2.418,213.1,,1.187,1.1658,0.97,,7.72
1980-11-06,,2.438,212.65,,1.1882,1.1701,0.9745,,7.7
1980-11-05,,2.446,211.35,,1.1843,1.1711,0.975,,7.7
1980-11-03,,2.443,210.8,,1.179,1.1708,0.977,,7.72
1980-10-31,,2.4365,211.05,,1.1753,1.172,0.9755,,7.72
1980-10-30,,2.438,210.5,,1.1779,1.1735,0.9775,,7.72
1980-10-29,,2.441,210,,1.1745,1.1711,0.9775,,7.72
1980-10-28,,2.4345,213.25,,1.1752,1.1694,0.9752,,7.72
1980-10-27,,2.438,213.75,,1.1718,1.17,0.9795,,7.68
1980-10-24,,2.44,212.75,,1.167,1.1728,0.981,,7.68
1980-10-23,,2.442,210.4,,1.1691,1.173,0.98,,7.72
1980-10-22,,2.4345,209.35,,1.1678,1.1743,0.9802,,7.72
1980-10-21,,2.435,207.95,,1.1672,1.1747,0.9838,,7.72
1980-10-20,,2.4295,208.65,,1.1671,1.1753,0.9805,,7.72
1980-10-17,,2.413,208.2,,1.1669,1.1753,0.9814,,7.73
1980-10-16,,2.4165,208.15,,1.1663,1.1754,0.982,,7.73
1980-10-15,,2.407,207.3,,1.165,1.1762,0.9812,,7.73
1980-10-14,,2.4078,206.5,,1.1643,1.1777,0.9848,,7.73
1980-10-10,,2.4028,209,,1.165,1.176,0.9821,,7.75
1980-10-09,,2.3972,208.95,,1.1659,1.1758,0.9801,,7.76
1980-10-08,,2.393,208.35,,1.1681,1.1759,0.9812,,7.76
1980-10-07,,2.3925,208.85,,1.1676,1.1747,0.9804,,7.76
1980-10-06,,2.3978,207.9,,1.1665,1.1763,0.9846,,7.75
1980-10-03,,2.3883,207.6,,1.1684,1.175,0.982,,7.77
1980-10-02,,2.386,208.15,,1.1718,1.175,0.9823,,7.77
1980-10-01,,2.391,208.5,,1.171,1.1749,0.9825,,7.75
1980-09-30,,2.387,210.85,,1.1705,1.171,0.9805,,7.75
1980-09-29,,2.3905,212.4,,1.1723,1.1692,0.9794,,7.75
1980-09-26,,2.3915,211.7,,1.1677,1.17,0.9798,,7.75
1980-09-25,,2.3992,215,,1.1664,1.1702,0.9805,,7.75
1980-09-24,,2.399,214.45,,1.1659,1.1677,0.979,,7.75
1980-09-23,,2.402,218.15,,1.1619,1.1674,0.9796,,7.75
1980-09-22,,2.403,214.8,,1.1665,1.1712,0.9823,,7.75
1980-09-19,,2.3855,210.8,,1.1667,1.1722,0.9822,,7.75
1980-09-18,,2.384,212.98,,1.1682,1.1719,0.983,,7.75
1980-09-17,,2.3923,211.95,,1.1706,1.173,0.9852,,7.8
1980-09-16,,2.3865,211.47,,1.1661,1.1717,0.9835,,7.8
1980-09-15,,2.396,212.65,,1.1646,1.1725,0.9845,,7.77
1980-09-12,,2.4135,213.2,,1.1614,1.1726,0.9862,,7.73
1980-09-11,,2.4115,214.47,,1.1624,1.1711,0.987,,7.72
1980-09-10,,2.402,216.55,,1.1618,1.1697,0.9842,,7.77
1980-09-09,,2.4005,216.8,,1.1626,1.1697,0.9855,,7.74
1980-09-08,,2.4175,216.7,,1.1643,1.1696,0.9854,,7.74
1980-09-05,,2.413,218,,1.1629,1.1685,0.9835,,7.73
1980-09-04,,2.418,217.2,,1.1621,1.1707,0.9865,,7.73
1980-09-03,,2.4155,216.7,,1.1581,1.1695,0.9855,,7.73
1980-09-02,,2.418,215.93,,1.1555,1.1686,0.9815,,7.73
1980-08-29,,2.396,219.1,,1.1576,1.1648,0.9809,,7.75
1980-08-28,,2.389,218,,1.1559,1.165,0.9806,,7.75
1980-08-27,,2.3905,219.68,,1.1588,1.1616,0.9795,,7.77
1980-08-26,,2.3795,219.4,,1.1589,1.1618,0.9782,,7.8
1980-08-25,,2.3685,223.2,,1.1586,1.1584,0.9764,,7.8
1980-08-22,,2.3655,223.8,,1.1597,1.1578,0.9748,,7.8
1980-08-21,,2.369,224.75,,1.1605,1.1575,0.9752,,7.8
1980-08-20,,2.3685,224.15,,1.1612,1.1582,0.9758,,7.8
1980-08-19,,2.36,224.38,,1.1646,1.1568,0.9755,,7.83
1980-08-18,,2.369,226.3,,1.1642,1.1557,0.9755,,7.8
1980-08-15,,2.3795,225.75,,1.1595,1.1587,0.9786,,7.77
1980-08-14,,2.3755,224.4,,1.159,1.159,0.979,,7.77
1980-08-13,,2.3755,224,,1.1597,1.1596,0.9804,,7.77
1980-08-12,,2.373,222.9,,1.1607,1.1578,0.9787,,7.79
1980-08-11,,2.3718,225.78,,1.1598,1.1556,0.9775,,7.79
1980-08-08,,2.372,226.3,,1.157,1.1552,0.9772,,7.79
1980-08-07,,2.3698,225.7,,1.1583,1.1552,0.978,,7.75
1980-08-06,,2.374,225.3,,1.1564,1.1562,0.9785,,7.75
1980-08-05,,2.3555,226.25,,1.1574,1.1542,0.9765,,7.78
1980-08-04,,2.3425,226.05,,1.1579,1.1515,0.9755,,7.77
1980-08-01,,2.333,227,,1.1585,1.1506,0.9727,,7.8
1980-07-31,,2.3425,227.4,,1.1619,1.1515,0.9748,,7.8
1980-07-30,,2.348,227.05,,1.1668,1.1553,0.9792,,7.76
1980-07-29,,2.371,226.8,,1.164,1.1562,0.982,,7.77
1980-07-28,,2.3862,227.4,,1.1636,1.1577,0.9845,,7.77
1980-07-25,,2.3905,225.4,,1.1569,1.1587,0.9854,,7.73
1980-07-24,,2.3965,223.2,,1.1528,1.1597,0.9859,,7.75
1980-07-23,,2.3845,224.15,,1.1542,1.1578,0.9859,,7.75
1980-07-22,,2.388,221,,1.1531,1.1612,0.9865,,7.76
1980-07-21,,2.3795,220.38,,1.1533,1.1516,0.9882,,7.77
1980-07-18,,2.3742,220.27,,1.1508,1.1603,0.9875,,7.77
1980-07-17,,2.38,218.5,,1.1495,1.1616,0.9888,,7.77
1980-07-16,,2.3715,218.8,,1.1517,1.1611,0.987,,7.75
1980-07-15,,2.3715,219.4,,1.1531,1.1594,0.9875,,7.75
1980-07-14,,2.3755,218.25,,1.1506,1.1612,0.9894,,7.75
1980-07-11,,2.3777,217.7,,1.1501,1.1622,0.99,,7.77
1980-07-10,,2.3755,216.85,,1.1464,1.1617,0.99,,7.77
1980-07-09,,2.3735,218.15,,1.1453,1.1603,0.9895,,7.75
1980-07-08,,2.373,219.1,,1.144,1.1593,0.9885,,7.75
1980-07-07,,2.3825,217.9,,1.1423,1.1605,0.991,,7.8
1980-07-03,,2.3483,219,,1.1438,1.157,0.9848,,7.8
1980-07-02,,2.358,218.8,,1.147,1.1571,0.9875,,7.77
1980-07-01,,2.3615,219.5,,1.1502,1.1557,0.9875,,7.8
1980-06-30,,2.3555,219.9,,1.1512,1.155,0.987,,7.8
1980-06-27,,2.347,217.55,,1.1493,1.156,0.9865,,7.85
1980-06-26,,2.3435,217.2,,1.152,1.1558,0.9855,,7.87
1980-06-25,,2.336,217.95,,1.153,1.1545,0.986,,7.87
1980-06-24,,2.3357,216.6,,1.1493,1.1558,0.987,,7.87
1980-06-23,,2.341,216.07,,1.1497,1.1573,0.9885,,7.85
1980-06-20,,2.335,217.2,,1.1496,1.1552,0.9865,,7.87
1980-06-19,,2.3355,216.35,,1.1484,1.1553,0.989,,7.89
1980-06-18,,2.3323,215.75,,1.1501,1.1565,0.989,,7.85
1980-06-17,,2.3306,216,,1.1521,1.1555,0.989,,7.85
1980-06-16,,2.3405,216,,1.1483,1.1565,0.99,,7.83
1980-06-13,,2.3425,216,,1.1461,1.1565,0.991,,7.82
1980-06-12,,2.3385,216.5,,1.1476,1.1543,0.989,,7.82
1980-06-11,,2.3348,217.75,,1.147,1.154,0.989,,7.85
1980-06-10,,2.3327,215.8,,1.1505,1.1536,0.988,,7.82
1980-06-09,,2.3505,216.35,,1.1509,1.1537,0.9905,,7.82
1980-06-06,,2.3318,219.3,,1.153,1.148,0.9855,,7.86
1980-06-05,,2.3305,220.35,,1.157,1.1448,0.986,,7.86
1980-06-04,,2.3215,221.4,,1.1584,1.144,0.9815,,7.92
1980-06-03,,2.303,222.7,,1.1615,1.143,0.981,,7.77
1980-06-02,,2.3365,223.55,,1.1588,1.1465,0.9875,,7.75
1980-05-30,,2.3425,223,,1.1588,1.1428,0.983,,7.75
1980-05-29,,2.346,223.8,,1.1595,1.146,0.987,,7.75
1980-05-28,,2.359,223.5,,1.1628,1.146,0.987,,7.75
1980-05-27,,2.37,219.2,,1.1589,1.1485,0.9927,,7.71
1980-05-23,,2.344,221.25,,1.1601,1.1405,0.984,,7.82
1980-05-22,,2.3285,224.05,,1.1609,1.1372,0.9825,,7.82
1980-05-21,,2.3305,224.4,,1.1595,1.134,0.98,,7.85
1980-05-20,,2.291,226.75,,1.1741,1.1315,0.9758,,7.9
1980-05-19,,2.2835,229,,1.1755,1.129,0.975,,7.9
1980-05-16,,2.284,229.6,,1.1746,1.127,0.973,,7.9
1980-05-15,,2.3005,227.8,,1.1774,1.129,0.9765,,7.9
1980-05-14,,2.2975,227.2,,1.1749,1.1305,0.9765,,7.9
1980-05-13,,2.279,227.75,,1.1758,1.1295,0.976,,7.9
1980-05-12,,2.281,226.8,,1.1787,1.128,0.9745,,7.88
1980-05-09,,2.267,231.8,,1.1818,1.1244,0.9721,,7.9
1980-05-08,,2.285,233.6,,1.1789,1.1238,0.972,,7.9
1980-05-07,,2.2815,231.85,,1.1842,1.124,0.973,,7.9
1980-05-06,,2.2795,231.8,,1.1875,1.121,0.971,,7.9
1980-05-05,,2.278,237.2,,1.19,1.114,0.965,,7.9
1980-05-02,,2.2555,240.35,,1.1933,1.1134,0.963,,7.9
1980-05-01,,2.259,240.5,,1.1895,1.1142,0.965,,7.9
1980-04-30,,2.2585,239.35,,1.1881,1.115,0.9665,,7.9
1980-04-29,,2.2695,239.3,,1.1895,1.1152,0.9678,,7.9
1980-04-28,,2.283,241.3,,1.1872,1.1105,0.966,,7.9
1980-04-25,,2.2735,246,,1.1855,1.106,0.962,,8
1980-04-24,,2.2635,244.65,,1.1819,1.106,0.9595,,7.97
1980-04-23,,2.269,243.25,,1.1808,1.1,0.9567,,7.97
1980-04-22,,2.2345,250,,1.184,1.0965,0.951,,8
1980-04-21,,2.242,249.8,,1.1822,1.0955,0.954,,8.03
1980-04-18,,2.2185,249.4,,1.1845,1.0968,0.9515,,8.05
1980-04-17,,2.215,248.7,,1.1852,1.0945,0.9495,,8.05
1980-04-16,,2.217,249.1,,1.187,1.0945,0.949,,7.98
1980-04-15,,2.1875,252.7,,1.1875,1.0922,0.9455,,8.05
1980-04-14,,2.2035,251.35,,1.1824,1.093,0.9475,,8.03
1980-04-11,,2.195,252.5,,1.1795,1.091,0.943,,8.08
1980-04-10,,2.1915,249.5,,1.1812,1.085,0.941,,8.08
1980-04-09,,2.186,251.8,,1.1819,1.0805,0.944,,8.2
1980-04-08,,2.179,258.2,,1.1844,1.073,0.928,,8.2
1980-04-07,,2.14,261.4,,1.1882,1.067,0.926,,8.2
1980-04-04,,2.135,258.75,,1.1925,1.07,0.929,,8.2
1980-04-03,,2.139,257.2,,1.193,1.0717,0.931,,8.2
1980-04-02,,2.154,257.15,,1.1904,1.0712,0.9325,,8.25
1980-04-01,,2.1515,254.65,,1.1972,1.0775,0.934,,8.3
1980-03-31,,2.16,249.95,,1.1915,1.0818,0.9405,,8.22
1980-03-28,,2.169,249.65,,1.1868,1.083,0.942,,8.2
1980-03-27,,2.174,249.9,,1.1875,1.0829,0.9447,,8.2
1980-03-26,,2.1855,249.1,,1.1882,1.0865,0.949,,8.15
1980-03-25,,2.1885,249.07,,1.1937,1.0855,0.947,,8.15
1980-03-24,,2.186,249.15,,1.1865,1.0858,0.9455,,8.16
1980-03-21,,2.1835,248.92,,1.1829,1.0863,0.949,,8.16
1980-03-20,,2.194,248.7,,1.1789,1.0875,0.95,,8.16
1980-03-19,,2.1905,248.65,,1.1772,1.0862,0.949,,8.16
1980-03-18,,2.186,249.1,,1.18,1.0875,0.947,,8.2
1980-03-17,,2.1875,248.9,,1.1847,1.0895,0.9495,,8.2
1980-03-14,,2.213,249.05,,1.1786,1.0932,0.957,,8.17
1980-03-13,,2.223,248.1,,1.1695,1.0945,0.96,,8.13
1980-03-12,,2.2335,247.5,,1.1673,1.0962,0.9635,,8.13
1980-03-11,,2.2265,247.3,,1.165,1.0959,0.961,,8.15
1980-03-10,,2.2168,247.93,,1.1637,1.094,0.9615,,8.13
1980-03-07,,2.227,247.85,,1.1576,1.095,0.962,,8.13
1980-03-06,,2.2335,248.1,,1.1533,1.095,0.963,,8.13
1980-03-05,,2.24,246.88,,1.1473,1.097,0.967,,8.1
1980-03-04,,2.235,246.4,,1.1529,1.0975,0.9675,,8.08
1980-03-03,,2.242,247.85,,1.143,1.0963,0.969,,8.08
1980-02-29,,2.273,251.65,,1.145,1.097,0.97,,8.06
1980-02-28,,2.2848,248.4,,1.1464,1.099,0.9735,,8.06
1980-02-27,,2.287,248.45,,1.1459,1.099,0.9725,,8.02
1980-02-26,,2.2767,248.08,,1.1504,1.0985,0.973,,8.05
1980-02-25,,2.276,248.35,,1.1512,1.1,0.973,,8.05
1980-02-22,,2.2745,247.45,,1.1529,1.101,0.975,,8
1980-02-21,,2.2865,246.09,,1.1512,1.1025,0.977,,8
1980-02-20,,2.2794,246.05,,1.1552,1.1028,0.975,,8
1980-02-19,,2.272,245.36,,1.1597,1.1033,0.9785,,7.98
1980-02-15,,2.295,243.2,,1.1621,1.112,0.9825,,7.92
1980-02-14,,2.3131,243.39,,1.1598,1.1065,0.9837,,7.9
1980-02-13,,2.308,242.1,,1.1615,1.1065,0.9825,,7.9
1980-02-11,,2.3047,241.4,,1.1589,1.1068,0.986,,7.9
1980-02-08,,2.298,241.65,,1.159,1.1073,0.9855,,7.85
1980-02-07,,2.3015,240.09,,1.1587,1.1091,0.9885,,7.92
1980-02-06,,2.312,240.1,,1.1597,1.1082,0.9868,,7.96
1980-02-05,,2.2905,240.1,,1.1618,1.1074,0.985,,8
1980-02-04,,2.2865,240.29,,1.1588,1.1062,0.9825,,8.04
1980-02-01,,2.274,240.45,,1.156,1.1053,0.982,,8.04
1980-01-31,,2.2667,239.33,,1.1585,1.1067,0.9835,,8.06
1980-01-30,,2.262,239.5,,1.1617,1.1072,0.982,,8
1980-01-29,,2.2495,239.35,,1.1638,1.1058,0.982,,8
1980-01-28,,2.2475,240.22,,1.1637,1.1076,0.983,,8
1980-01-25,,2.261,239.6,,1.1609,1.1083,0.9875,,8
1980-01-24,,2.2778,239.35,,1.1569,1.1094,0.9865,,8
1980-01-23,,2.2775,237.25,,1.1603,1.1115,0.987,,8
1980-01-22,,2.275,239.7,,1.159,1.1088,0.987,,7.98
1980-01-21,,2.2835,241,,1.1611,1.1095,0.988,,7.93
1980-01-18,,2.2855,239.65,,1.1617,1.1102,0.987,,7.85
1980-01-17,,2.277,239.9,,1.1613,1.11,0.987,,7.96
1980-01-16,,2.271,238.15,,1.1644,1.1105,0.9868,,7.9
1980-01-15,,2.2765,239.65,,1.1658,1.1085,0.987,,7.9
1980-01-14,,2.2755,236.2,,1.1663,1.1108,0.988,,8.03
1980-01-11,,2.257,236.05,,1.165,1.111,0.99,,8.03
1980-01-10,,2.258,235.8,,1.165,1.112,0.989,,8
1980-01-09,,2.266,234.95,,1.1686,1.113,0.991,,8
1980-01-08,,2.262,234.75,,1.1698,1.1125,0.9905,,8.05
1980-01-07,,2.2615,231.55,,1.1694,1.1132,0.99,,8.05
1980-01-04,,2.237,234.8,,1.1687,1.109,0.986,,8.05
1980-01-03,,2.24,238.35,,1.1703,1.1094,0.988,,7.95
1980-01-02,,2.2427,238.45,,1.1658,1.108,0.985,,8
1979-12-31,,2.2185,240.3,,1.1684,1.1057,0.983,,8
1979-12-28,,2.2335,240.55,,1.1726,1.107,0.985,,8
1979-12-27,,2.2455,239.8,,1.1758,1.1058,0.983,,8.1
1979-12-26,,2.214,239.05,,1.1765,1.1055,0.9815,,8.14
1979-12-24,,2.2085,239.8,,1.174,1.1045,0.9805,,8.14
1979-12-21,,2.2015,239.9,,1.1757,1.1045,0.98,,8.14
1979-12-20,,2.1975,236.6,,1.1746,1.1053,0.981,,8.1
1979-12-19,,2.2045,239,,1.1769,1.105,0.9805,,8.14
1979-12-18,,2.198,239.4,,1.1743,1.1043,0.9805,,8.14
1979-12-17,,2.198,240.1,,1.1726,1.1025,0.9805,,8.14
1979-12-14,,2.199,242.55,,1.1731,1.1005,0.98,,8.14
1979-12-13,,2.204,240.7,,1.1678,1.1019,0.9815,,8.13
1979-12-12,,2.191,237.9,,1.1616,1.105,0.9855,,8.04
1979-12-11,,2.189,233.3,,1.1637,1.108,0.985,,8.15
1979-12-10,,2.1685,232.65,,1.1645,1.1053,0.9825,,8.15
1979-12-07,,2.1665,240.2,,1.1646,1.1,0.9785,,8.03
1979-12-06,,2.191,243.6,,1.1669,1.0985,0.979,,8.13
1979-12-05,,2.178,245.7,,1.1663,1.097,0.9765,,8.1
1979-12-04,,2.194,247.5,,1.1627,1.0975,0.9775,,8.08
1979-12-03,,2.213,248.89,,1.1676,1.097,0.9785,,8
1979-11-30,,2.199,249.55,,1.1706,1.0942,0.9765,,8.03
1979-11-29,,2.182,248.85,,1.1699,1.0935,0.9735,,8.1
1979-11-28,,2.174,248.95,,1.1733,1.0923,0.9715,,8.16
1979-11-27,,2.16,249.45,,1.1713,1.0928,0.9715,,8.16
1979-11-26,,2.161,250.85,,1.1716,1.0902,0.968,,8.1
1979-11-23,,2.161,249,,1.1764,1.091,0.9705,,8.12
1979-11-21,,2.1735,248.1,,1.1738,1.093,0.973,,8.15
1979-11-20,,2.1665,246.2,,1.1771,1.0942,0.974,,8.15
1979-11-19,,2.1825,245.25,,1.1798,1.0962,0.955,,8.15
1979-11-16,,2.1595,246.5,,1.1821,1.0912,0.9695,,8.1
1979-11-15,,2.142,247.2,,1.1835,1.091,0.967,,8.1
1979-11-14,,2.1115,243.35,,1.1828,1.0915,0.9635,,8.23
1979-11-13,,2.109,246.6,,1.1844,1.0904,0.9635,,8.28
1979-11-09,,2.091,243.55,,1.1895,1.0918,0.9645,,8.28
1979-11-08,,2.085,241.3,,1.1858,1.094,0.965,,8.25
1979-11-07,,2.1055,240.2,,1.1849,1.095,0.9675,,8.28
1979-11-05,,2.069,237.1,,1.1863,1.0965,0.966,,8.33
1979-11-02,,2.0665,234.55,,1.1871,1.1,0.968,,8.37
1979-11-01,,2.071,238.15,,1.1837,1.0965,0.9665,,8.32
1979-10-31,,2.0745,237.85,,1.1845,1.0972,0.966,,8.4
1979-10-30,,2.0673,238.1,,1.1825,1.098,0.996,,8.4
1979-10-29,,2.0963,235.98,,1.1832,1.1017,0.971,,8.3
1979-10-26,,2.1048,234.3,,1.1811,1.1037,0.974,,8.3
1979-10-25,,2.1135,233.9,,1.1783,1.1045,0.9745,,8.3
1979-10-24,,2.1105,234.5,,1.1838,1.105,0.9745,,8.3
1979-10-23,,2.1125,235.4,,1.186,1.1063,0.9785,,8.34
1979-10-22,,2.1485,233.8,,1.1826,1.11,0.981,,8.26
1979-10-19,,2.1545,230.65,,1.1815,1.112,0.983,,8.26
1979-10-18,,2.1525,232.18,,1.1794,1.1105,0.9815,,8.25
1979-10-17,,2.1445,234.1,,1.1767,1.1086,0.981,,8.18
1979-10-16,,2.1525,232,,1.1745,1.1124,0.9835,,8.18
1979-10-15,,2.157,229.8,,1.1739,1.1145,0.986,,8.18
1979-10-12,,2.1565,227.5,,1.1734,1.1172,0.987,,8.18
1979-10-11,,2.1635,226.4,,1.1743,1.1185,0.9907,,8.18
1979-10-10,,2.1685,225.6,,1.1741,1.1197,0.989,,8.25
1979-10-09,,2.1545,226,,1.1713,1.1172,0.9865,,8.25
1979-10-05,,2.178,224.15,,1.1666,1.1252,0.999,,8.12
1979-10-04,,2.186,223.4,,1.1648,1.1265,1.0005,,8.08
1979-10-03,,2.183,224.45,,1.1634,1.1261,1,,8.08
1979-10-02,,2.1912,225.35,,1.161,1.1258,1.001,,8.09
1979-10-01,,2.1925,225.25,,1.1609,1.1266,1,,8.09
1979-09-28,,2.203,224.5,,1.1606,1.1285,1.0035,,8.07
1979-09-27,,2.202,223.55,,1.1623,1.1285,1.003,,8.06
1979-09-26,,2.186,222.6,,1.1668,1.127,1.0015,,8.24
1979-09-25,,2.1583,222.8,,1.1683,1.1254,0.9975,,8.24
1979-09-24,,2.1565,223.1,,1.1678,1.1265,0.9985,,8.24
1979-09-21,,2.163,222.45,,1.1685,1.1264,0.9985,,8.13
1979-09-20,,2.1605,220.3,,1.1681,1.125,0.9975,,8.24
1979-09-19,,2.1448,223.43,,1.1655,1.1215,0.9935,,8.24
1979-09-18,,2.1535,223.8,,1.1659,1.1223,0.9965,,8.24
1979-09-17,,2.152,223.48,,1.1632,1.1222,0.995,,8.24
1979-09-14,,2.168,223.4,,1.1629,1.1234,0.9995,,8.24
1979-09-13,,2.203,223.6,,1.1626,1.1253,1.0035,,8.14
1979-09-12,,2.222,222.2,,1.162,1.127,1.0065,,8.03
1979-09-11,,2.24,221.55,,1.1614,1.1283,1.01,,8.03
1979-09-10,,2.2447,220.9,,1.1637,1.1298,1.01,,8.03
1979-09-07,,2.2495,220.8,,1.1665,1.1292,1.0115,,8.03
1979-09-06,,2.247,220.85,,1.1672,1.1285,1.0102,,8.03
1979-09-05,,2.242,221.5,,1.1695,1.1272,1.009,,8.03
1979-09-04,,2.2391,221.05,,1.1681,1.1274,1.008,,8.08
1979-08-31,,2.2527,220.4,,1.1663,1.1274,1.0115,,8.03
1979-08-30,,2.249,219.95,,1.1698,1.1272,1.0115,,8.08
1979-08-29,,2.2525,221.93,,1.1719,1.1252,1.0106,,8.08
1979-08-28,,2.249,220.55,,1.1687,1.1265,1.0115,,8.08
1979-08-27,,2.243,220.95,,1.1688,1.1264,1.0115,,8.08
1979-08-24,,2.232,219.25,,1.167,1.1274,1.01,,8.08
1979-08-23,,2.222,219.12,,1.1645,1.1282,1.012,,8
1979-08-22,,2.2179,219.5,,1.1676,1.1256,1.0105,,8
1979-08-21,,2.2105,217.85,,1.1653,1.1274,1.011,,8
1979-08-20,,2.2215,217.38,,1.1694,1.1274,1.0108,,8
1979-08-17,,2.218,217.3,,1.17,1.1272,1.012,,8
1979-08-16,,2.221,216.98,,1.1699,1.1288,1.0118,,7.99
1979-08-15,,2.232,216.85,,1.1734,1.1288,1.0135,,7.99
1979-08-14,,2.232,216.8,,1.1725,1.1289,1.0115,,7.99
1979-08-13,,2.2355,216.58,,1.1723,1.1292,1.017,,7.99
1979-08-10,,2.248,215.9,,1.1724,1.131,1.0187,,8
1979-08-09,,2.2345,216.05,,1.1729,1.1301,1.017,,8.03
1979-08-08,,2.215,216.5,,1.1709,1.1282,1.0138,,7.99
1979-08-07,,2.217,216.5,,1.173,1.1286,1.0157,,7.99
1979-08-06,,2.2385,216.45,,1.1755,1.1299,1.0197,,7.99
1979-08-03,,2.2685,216.9,,1.1749,1.1302,1.021,,7.87
1979-08-02,,2.266,216.55,,1.1754,1.1302,1.02,,8
1979-08-01,,2.2695,216.05,,1.172,1.1307,1.0205,,8
1979-07-31,,2.2475,216.7,,1.1697,1.129,1.015,,7.96
1979-07-30,,2.3132,215.8,,1.1678,1.1326,1.027,,7.94
1979-07-27,,2.313,215.4,,1.1698,1.1346,1.0285,,7.94
1979-07-26,,2.329,215.03,,1.1691,1.1351,1.03,,7.75
1979-07-25,,2.3205,215.25,,1.166,1.1352,1.0288,,7.75
1979-07-24,,2.3255,214.4,,1.1652,1.136,1.03,,7.75
1979-07-23,,2.3015,215.75,,1.1628,1.132,1.0255,,7.8
1979-07-20,,2.274,217.1,,1.1646,1.1297,1.022,,7.84
1979-07-19,,2.2925,216,,1.1652,1.1328,1.0252,,7.84
1979-07-18,,2.278,213.6,,1.1642,1.1317,1.0262,,7.91
1979-07-17,,2.2695,216.45,,1.16,1.1284,1.0225,,7.91
1979-07-16,,2.242,216.8,,1.1607,1.127,1.0188,,8
1979-07-13,,2.229,217.35,,1.1623,1.1252,1.0165,,8
1979-07-12,,2.2275,217.25,,1.159,1.1254,1.0165,,7.96
1979-07-11,,2.2325,217.45,,1.1605,1.1255,1.0167,,7.96
1979-07-10,,2.222,217.68,,1.1592,1.1241,1.0145,,7.96
1979-07-09,,2.201,217.5,,1.1569,1.1228,1.0113,,7.96
1979-07-06,,2.219,217.5,,1.1596,1.1233,1.0145,,7.96
1979-07-05,,2.229,217,,1.1644,1.1238,1.0155,,7.97
1979-07-03,,2.2015,218.4,,1.1656,1.1196,1.011,,7.87
1979-07-02,,2.1885,218.3,,1.1689,1.12,1.0115,,8.01
1979-06-29,,2.181,217.8,,1.168,1.1195,1.0087,,8.06
1979-06-28,,2.1685,216.55,,1.1663,1.1206,1.0095,,8.08
1979-06-27,,2.1559,216.4,,1.1642,1.1188,1.0075,,8.11
1979-06-26,,2.151,215.9,,1.166,1.117,1.0055,,8.1
1979-06-25,,2.1587,213.24,,1.1703,1.1207,1.0085,,8.13
1979-06-22,,2.1418,215.8,,1.1756,1.1144,1.0045,,8.13
1979-06-21,,2.1393,218.95,,1.1753,1.1127,1,,8.06
1979-06-20,,2.132,219,,1.1747,1.1135,1.0548,,8.06
1979-06-19,,2.12,218.65,,1.1771,1.113,1.0525,,8.16
1979-06-18,,2.106,219.9,,1.1717,1.1097,1.0483,,8.16
1979-06-15,,2.106,218.8,,1.1723,1.1099,1.0492,,8.15
1979-06-14,,2.0958,220.18,,1.1719,1.1077,1.0463,,8
1979-06-13,,2.1045,220.15,,1.1724,1.1072,1.0462,,8.06
1979-06-12,,2.09,219.7,,1.1746,1.106,1.045,,8.1
1979-06-11,,2.069,218.83,,1.1753,1.1072,1.043,,8.17
1979-06-08,,2.062,218.6,,1.1755,1.1054,1.042,,8.17
1979-06-07,,2.0645,219.55,,1.178,1.1055,1.0423,,8.16
1979-06-06,,2.0738,220.35,,1.1743,1.1053,1.0438,,8.16
1979-06-05,,2.08,221.15,,1.1749,1.1066,1.0444,,8.16
1979-06-04,,2.0768,219.75,,1.1754,1.107,1.045,,8.16
1979-06-01,,2.074,221.28,,1.1666,1.1055,1.0435,,8.16
1979-05-31,,2.07,220.35,,1.1608,1.106,1.0425,,8.16
1979-05-29,,2.0555,222.05,,1.1585,1.1022,1.039,,8.22
1979-05-28,,2.0525,220.45,,1.1595,1.1048,1.041,,8.22
1979-05-25,,2.0506,219.75,,1.1588,1.1046,1.0412,,8.26
1979-05-24,,2.0525,218.65,,1.1554,1.1051,1.0415,,8.22
1979-05-23,,2.0572,219.15,,1.1569,1.1029,1.0403,,8.22
1979-05-22,,2.044,219.4,,1.1588,1.104,1.0398,,8.22
1979-05-21,,2.0435,218.8,,1.1578,1.104,1.04,,8.22
1979-05-18,,2.0565,218.8,,1.1543,1.1042,1.041,,8.22
1979-05-17,,2.055,216.7,,1.1568,1.1076,1.045,,8.39
1979-05-16,,2.061,214.35,,1.157,1.11,1.0475,,8.39
1979-05-15,,2.0635,214.2,,1.1611,1.1104,1.046,,8.39
1979-05-14,,2.0435,214,,1.1625,1.1108,1.0452,,8.39
1979-05-11,,2.0415,215.13,,1.1596,1.1102,1.0455,,8.39
1979-05-10,,2.0485,214.58,,1.1587,1.1097,1.0455,,8.3
1979-05-09,,2.0665,213.15,,1.1608,1.1106,1.05,,8.26
1979-05-08,,2.0663,215.15,,1.1571,1.1089,1.0475,,8.26
1979-05-07,,2.0826,214.8,,1.151,1.1075,1.05,,8.26
1979-05-04,,2.0775,221.5,,1.1491,1.1032,1.045,,8.26
1979-05-03,,2.0765,224.8,,1.1449,1.0997,1.043,,8.37
1979-05-02,,2.0677,224.95,,1.1423,1.0982,1.042,,8.37
1979-05-01,,2.0595,224.4,,1.1424,1.1004,1.0425,,8.37
1979-04-30,,2.068,221.8,,1.1422,1.1025,1.044,,8.37
1979-04-27,,2.0552,219.9,,1.143,1.1037,1.0445,,8.37
1979-04-26,,2.0473,218.1,,1.1441,1.1056,1.0435,,8.33
1979-04-25,,2.0365,218.2,,1.1416,1.1048,1.0455,,8.33
1979-04-24,,2.0655,218.45,,1.1401,1.106,1.0465,,8.3
1979-04-23,,2.0714,218.35,,1.1419,1.1051,1.0465,,8.3
1979-04-20,,2.0695,218.3,,1.1413,1.1054,1.049,,8.3
1979-04-19,,2.0725,216.18,,1.1432,1.1106,1.0505,,8.2
1979-04-18,,2.0737,215.4,,1.1417,1.1061,1.048,,8.1
1979-04-17,,2.0833,218,,1.1426,1.1057,1.048,,8.1
1979-04-16,,2.0875,216.45,,1.1464,1.1075,1.0495,,8.1
1979-04-13,,2.08,215.9,,1.1452,1.1073,1.049,,8.13
1979-04-12,,2.0745,215.75,,1.1466,1.1092,1.052,,8.2
1979-04-11,,2.09,213.5,,1.1468,1.1115,1.0545,,8.2
1979-04-10,,2.1025,212.75,,1.1458,1.1136,1.0556,,8.2
1979-04-09,,2.0985,213.5,,1.1503,1.113,1.054,,8.2
1979-04-06,,2.0882,214.9,,1.1491,1.1108,1.053,,8.1
1979-04-05,,2.077,215.23,,1.1507,1.1109,1.0518,,8.08
1979-04-04,,2.0671,215.28,,1.1547,1.1115,1.051,,8.14
1979-04-03,,2.067,214.4,,1.1586,1.112,1.0525,,8.14
1979-04-02,,2.0673,211.65,,1.1575,1.115,1.053,,8.14
1979-03-30,,2.0625,209.58,,1.1606,1.1183,1.055,,8.16
1979-03-29,,2.058,208.37,,1.1626,1.118,1.0544,,8.3
1979-03-28,,2.0516,207.88,,1.1642,1.1198,1.0545,,8.3
1979-03-27,,2.051,207.15,,1.1687,1.1198,1.0552,,8.3
1979-03-26,,2.0537,206.8,,1.1675,1.1214,1.0548,,8.3
1979-03-23,,2.039,205.9,,1.1682,1.1208,1.054,,8.3
1979-03-22,,2.0343,205.5,,1.1678,1.12,1.052,,8.29
1979-03-21,,2.0343,206.95,,1.1678,1.1205,1.0535,,8.29
1979-03-20,,2.0323,207.17,,1.1712,1.1211,1.053,,8.29
1979-03-19,,2.0247,207,,1.167,1.1191,1.051,,8.29
1979-03-16,,2.03,207.45,,1.1734,1.1196,1.0525,,8.29
1979-03-15,,2.0357,206.95,,1.1726,1.1207,1.054,,8.18
1979-03-14,,2.0365,207.28,,1.1722,1.1196,1.053,,8.18
1979-03-13,,2.04,208.65,,1.1721,1.119,1.0535,,8.18
1979-03-12,,2.041,205.73,,1.1786,1.1235,1.056,,8.18
1979-03-09,,2.0378,204.7,,1.1818,1.1248,1.057,,8.22
1979-03-08,,2.042,204.18,,1.1809,1.125,1.057,,8.22
1979-03-07,,2.0347,204,,1.1855,1.1243,1.0535,,8.22
1979-03-06,,2.0246,204.5,,1.1867,1.1243,1.0543,,8.22
1979-03-05,,2.0223,204.73,,1.1845,1.1238,1.053,,8.22
1979-03-02,,2.022,204.9,,1.1864,1.1231,1.053,,8.17
1979-03-01,,2.0231,203.75,,1.1865,1.1262,1.0527,,8.22
1979-02-28,,2.0234,202.65,,1.1937,1.128,1.0552,,8.22
1979-02-27,,2.0218,201.9,,1.1961,1.1285,1.0561,,8.22
1979-02-26,,2.0205,202.08,,1.1973,1.1285,1.0535,,8.22
1979-02-23,,2.012,201.4,,1.1972,1.128,1.0535,,8.22
1979-02-22,,2.0095,201.4,,1.1955,1.1302,1.0535,,8.22
1979-02-21,,2.0072,201.85,,1.1957,1.1298,1.0535,,8.22
1979-02-20,,2.004,201.05,,1.1956,1.1302,1.0525,,8.22
1979-02-16,,2.002,200.7,,1.1945,1.132,1.0535,,8.22
1979-02-15,,2.0035,200.25,,1.194,1.131,1.052,,8.22
1979-02-14,,2.005,200.4,,1.1935,1.1323,1.054,,8.22
1979-02-13,,2.0035,199.7,,1.1935,1.132,1.0525,,8.22
1979-02-09,,2.0025,198.8,,1.1952,1.1358,1.056,,8.3
1979-02-08,,2.0045,197.7,,1.194,1.1365,1.057,,8.3
1979-02-07,,2.013,196,,1.1938,1.139,1.058,,8.3
1979-02-06,,1.9952,199.05,,1.1948,1.1315,1.0515,,8.3
1979-02-05,,1.9892,199.85,,1.1973,1.131,1.05,,8.3
1979-02-02,,1.979,201.6,,1.1988,1.1278,1.0475,,8.29
1979-02-01,,1.9805,202.75,,1.201,1.1288,1.047,,8.29
1979-01-31,,1.9896,202.2,,1.2004,1.1336,1.053,,8.29
1979-01-30,,1.996,200.75,,1.1929,1.135,1.052,,8.29
1979-01-29,,1.9952,200.1,,1.1939,1.1347,1.0505,,8.29
1979-01-26,,1.995,199.55,,1.1938,1.136,1.054,,8.29
1979-01-25,,1.993,199,,1.1915,1.1365,1.053,,8.23
1979-01-24,,2,197.7,,1.1902,1.1378,1.0545,,8.23
1979-01-23,,1.9987,197.9,,1.1884,1.1393,1.0545,,8.23
1979-01-22,,1.9987,197.63,,1.1875,1.14,1.056,,8.23
1979-01-19,,2.0035,198.25,,1.1874,1.1402,1.058,,8.23
1979-01-18,,2.0095,196.75,,1.1889,1.1415,1.057,,8.33
1979-01-17,,2.006,196.8,,1.1898,1.1415,1.0575,,8.33
1979-01-16,,2.0015,197.15,,1.1915,1.1395,1.0545,,8.33
1979-01-15,,1.9923,197.8,,1.1886,1.1385,1.0535,,8.33
1979-01-12,,1.9955,197.6,,1.1881,1.1387,1.054,,8.33
1979-01-11,,2.0005,198.25,,1.1876,1.1392,1.0565,,8.08
1979-01-10,,2.007,196.65,,1.1887,1.1415,1.058,,8.08
1979-01-09,,2.0185,196.65,,1.1886,1.1445,1.063,,8.08
1979-01-08,,2.025,195.65,,1.1876,1.1458,1.062,,8.08
1979-01-05,,2.0195,196.65,,1.1844,1.144,1.061,,8.08
1979-01-04,,2.016,196.4,,1.1879,1.144,1.062,,8.08
1979-01-03,,2.026,196.6,,1.1919,1.1455,1.06,,8.08
1979-01-02,,2.03,194.58,,1.1882,1.1518,1.056,,8.08
1978-12-29,,2.0415,194.3,,1.1867,1.15,1.064,,8.23
1978-12-28,,2.029,193.95,,1.1858,1.151,1.068,,8.23
1978-12-27,,2.037,194.5,,1.1882,1.149,1.0645,,8.23
1978-12-26,,2.01,195,,1.1837,1.1465,1.063,,8.23
1978-12-22,,2.004,194.1,,1.1823,1.1465,1.058,,8.23
1978-12-21,,1.997,195.2,,1.1816,1.1415,1.057,,8.16
1978-12-20,,2.01,194.6,,1.1833,1.1495,1.0625,,8.16
1978-12-19,,2.01,193.3,,1.1869,1.1513,1.064,,8.16
1978-12-18,,2.004,193.05,,1.1846,1.148,1.06,,8.16
1978-12-15,,1.979,195.8,,1.1819,1.1403,1.0525,,8.29
1978-12-14,,1.9755,195.55,,1.1819,1.14,1.0525,,8.29
1978-12-13,,1.9765,196.25,,1.1776,1.1395,1.053,,8.29
1978-12-12,,1.9728,196.35,,1.1763,1.1385,1.0505,,8.29
1978-12-11,,1.977,196,,1.178,1.1385,1.051,,8.29
1978-12-08,,1.9605,198.1,,1.1751,1.1342,1.046,,8.18
1978-12-07,,1.9515,198.65,,1.1752,1.1345,1.047,,8.18
1978-12-06,,1.951,197.55,,1.173,1.1368,1.0465,,8.18
1978-12-05,,1.9512,197.5,,1.1716,1.1335,1.0465,,8.18
1978-12-04,,1.947,197.65,,1.1732,1.1345,1.0445,,8.18
1978-12-01,,1.9377,201.7,,1.1688,1.127,1.04,,8.18
1978-11-30,,1.944,199.1,,1.1718,1.1345,1.046,,8.33
1978-11-29,,1.9512,197,,1.1737,1.1355,1.0455,,8.33
1978-11-28,,1.9478,196.75,,1.1749,1.135,1.044,,8.33
1978-11-27,,1.9435,196,,1.1792,1.1345,1.0425,,8.33
1978-11-24,,1.9395,195.05,,1.1779,1.139,1.045,,8.33
1978-11-22,,1.9475,194.2,,1.1728,1.138,1.0455,,8.2
1978-11-21,,1.9435,195,,1.1751,1.138,1.0465,,8.2
1978-11-20,,1.9355,194.8,,1.1744,1.137,1.043,,8.2
1978-11-17,,1.928,195.6,,1.1744,1.1405,1.048,,8.2
1978-11-16,,1.951,194.1,,1.1752,1.1427,1.0535,,8
1978-11-15,,1.9674,191,,1.1785,1.148,1.0585,,8
1978-11-14,,1.9712,188.95,,1.1744,1.15,1.06,,8
1978-11-13,,1.967,188.45,,1.1726,1.151,1.06,,8
1978-11-10,,1.967,188.6,,1.1719,1.1515,1.06,,7.81
1978-11-09,,1.972,187.9,,1.1721,1.1528,1.063,,7.81
1978-11-08,,1.975,187.25,,1.173,1.152,1.062,,7.81
1978-11-06,,1.9765,190.25,,1.167,1.1482,1.0595,,7.81
1978-11-03,,1.9825,189,,1.1693,1.153,1.0655,,7.66
1978-11-02,,1.995,187.85,,1.1677,1.159,1.069,,7.66
1978-11-01,,2.01,186,,1.1662,1.165,1.065,,7.66
1978-10-31,,2.076,179.5,,1.1671,1.181,1.0985,,7.66
1978-10-30,,2.098,177.05,,1.1705,1.186,1.098,,7.66
1978-10-27,,2.0625,179,,1.1747,1.18,1.088,,7.97
1978-10-26,,2.069,178.3,,1.1858,1.1805,1.089,,7.97
1978-10-25,,2.029,179.55,,1.1841,1.1775,1.0795,,7.97
1978-10-24,,2.0065,182.55,,1.1825,1.171,1.0765,,7.97
1978-10-23,,2.007,181.55,,1.1841,1.1737,1.078,,7.97
1978-10-20,,2,181.8,,1.1876,1.1715,1.075,,7.97
1978-10-19,,1.9935,183.25,,1.1851,1.1674,1.07,,7.87
1978-10-18,,1.9955,182.3,,1.1826,1.1715,1.072,,7.87
1978-10-17,,1.996,182.25,,1.1816,1.1687,1.074,,7.87
1978-10-16,,1.989,183.85,,1.1829,1.167,1.07,,7.87
1978-10-13,,1.986,185.9,,1.1848,1.163,1.067,,7.91
1978-10-12,,1.985,186.6,,1.1867,1.1645,1.0685,,7.91
1978-10-11,,1.9922,185.85,,1.185,1.1625,1.068,,7.92
1978-10-10,,1.9835,187.9,,1.1841,1.1595,1.063,,7.92
1978-10-06,,1.981,188.4,,1.1809,1.16,1.0625,,7.97
1978-10-05,,1.9817,187.3,,1.1833,1.1615,1.064,,7.97
1978-10-04,,1.982,187,,1.1862,1.1605,1.0645,,7.97
1978-10-03,,1.9735,187.5,,1.1899,1.1585,1.0615,,7.97
1978-10-02,,1.9715,188.85,,1.1893,1.156,1.06,,7.97
1978-09-29,,1.975,189.19,,1.1836,1.155,1.0605,,7.97
1978-09-28,,1.9725,189.2,,1.1829,1.1553,1.06,,7.97
1978-09-27,,1.9707,189.1,,1.1777,1.1565,1.06,,7.97
1978-09-26,,1.97,189.15,,1.1777,1.156,1.061,,7.97
1978-09-25,,1.975,187.65,,1.1765,1.158,1.0625,,7.97
1978-09-22,,1.972,188.25,,1.1732,1.1555,1.0555,,8.01
1978-09-21,,1.98,187.75,,1.1689,1.1577,1.0625,,8.01
1978-09-20,,1.9785,188.8,,1.1699,1.1555,1.06,,8.01
1978-09-19,,1.961,190.3,,1.1699,1.1517,1.056,,8.01
1978-09-18,,1.9587,190.8,,1.167,1.1508,1.055,,8.01
1978-09-15,,1.9615,189.85,,1.1631,1.1528,1.0565,,8.11
1978-09-14,,1.959,190.15,,1.1608,1.1495,1.053,,8.11
1978-09-13,,1.96,189.9,,1.1617,1.1525,1.0545,,8.11
1978-09-12,,1.9452,191.5,,1.1631,1.1495,1.0525,,8.11
1978-09-11,,1.9425,191.9,,1.1613,1.148,1.0495,,8.11
1978-09-08,,1.9362,192.9,,1.1561,1.149,1.0515,,8.03
1978-09-07,,1.9375,191.05,,1.1575,1.15,1.051,,8.03
1978-09-06,,1.9423,190,,1.1546,1.1523,1.051,,8.03
1978-09-05,,1.943,190.15,,1.1514,1.1535,1.0525,,8.03
1978-09-01,,1.95,190.8,,1.1513,1.1495,1.052,,8.16
1978-08-31,,1.943,190.51,,1.1513,1.15,1.05,,8.16
1978-08-30,,1.941,189.07,,1.1503,1.1495,1.053,,8.16
1978-08-29,,1.9435,189.39,,1.1496,1.149,1.049,,8.16
1978-08-28,,1.922,193.35,,1.1477,1.144,1.0465,,8.16
1978-08-25,,1.9255,192.57,,1.1447,1.144,1.0475,,8.03
1978-08-24,,1.9298,191.02,,1.138,1.146,1.051,,8.03
1978-08-23,,1.926,191.9,,1.1392,1.145,1.048,,8.03
1978-08-22,,1.93,191.31,,1.1403,1.1495,1.051,,8.03
1978-08-21,,1.9278,193.01,,1.1384,1.1445,1.048,,8.03
1978-08-18,,1.94,188.86,,1.1386,1.1535,1.055,,7.9
1978-08-17,,1.939,188.32,,1.1377,1.154,1.055,,7.9
1978-08-16,,1.976,184.64,,1.1386,1.1635,1.0635,,7.9
1978-08-15,,1.972,185.29,,1.1393,1.163,1.068,,7.9
1978-08-14,,1.9805,183.76,,1.1384,1.1635,1.064,,7.9
1978-08-11,,1.964,185.53,,1.1361,1.1615,1.0615,,8.03
1978-08-10,,1.9525,186.67,,1.1338,1.16,1.0585,,8.03
1978-08-09,,1.9485,187.62,,1.1362,1.1595,1.0585,,8.03
1978-08-08,,1.934,187.34,,1.1397,1.158,1.0535,,8.03
1978-08-07,,1.9292,188.79,,1.1383,1.155,1.0525,,8.03
1978-08-04,,1.925,190.19,,1.1379,1.155,1.0525,,7.97
1978-08-03,,1.9295,188.32,,1.1374,1.1575,1.053,,7.97
1978-08-02,,1.928,186.29,,1.1395,1.1583,1.0517,,7.97
1978-08-01,,1.927,186.57,,1.1381,1.1607,1.055,,7.97
1978-07-31,,1.931,189.14,,1.1315,1.1574,1.0515,,7.97
1978-07-28,,1.924,190.59,,1.1307,1.1575,1.048,,8.13
1978-07-27,,1.9072,193.65,,1.127,1.1545,1.0455,,8.13
1978-07-26,,1.9105,194.1,,1.1238,1.1548,1.0475,,8.13
1978-07-25,,1.9255,195.47,,1.1241,1.1527,1.046,,8.13
1978-07-24,,1.924,198.02,,1.125,1.1515,1.046,,8.13
1978-07-21,,1.911,200.94,,1.1241,1.1485,1.041,,8.13
1978-07-20,,1.9035,201.57,,1.1237,1.1455,1.037,,8.13
1978-07-19,,1.895,201.53,,1.1241,1.1455,1.0355,,8.13
1978-07-18,,1.8835,202.55,,1.1254,1.1455,1.0345,,8.13
1978-07-17,,1.8795,203.79,,1.1232,1.1445,1.034,,8.13
1978-07-14,,1.882,202.59,,1.1237,1.1468,1.0345,,8.13
1978-07-13,,1.885,202.65,,1.1252,1.1465,1.035,,8.23
1978-07-12,,1.885,203.29,,1.1226,1.145,1.034,,8.23
1978-07-11,,1.884,202.86,,1.122,1.1475,1.0355,,8.23
1978-07-10,,1.8895,201.69,,1.1226,1.15,1.039,,8.23
1978-07-07,,1.8735,202.35,,1.1249,1.1475,1.0325,,8.23
1978-07-06,,1.8675,203.09,,1.1238,1.1482,1.031,,8.26
1978-07-05,,1.8693,201.61,,1.1215,1.149,1.031,,8.26
1978-07-03,,1.8674,202.43,,1.1231,1.149,1.031,,8.26
1978-06-30,,1.861,203.71,,1.1247,1.1475,1.03,,8.33
1978-06-29,,1.865,205.21,,1.1251,1.147,1.028,,8.33
1978-06-28,,1.8544,205.97,,1.1246,1.146,1.0265,,8.33
1978-06-27,,1.847,205.93,,1.126,1.1455,1.026,,8.33
1978-06-26,,1.8484,206.06,,1.1268,1.1444,1.0265,,8.33
1978-06-23,,1.8485,207.47,,1.1236,1.1445,1.025,,8.44
1978-06-22,,1.838,211.1,,1.1233,1.14,1.023,,8.44
1978-06-21,,1.8497,210.66,,1.1244,1.1412,1.023,,8.44
1978-06-20,,1.84,211.15,,1.1222,1.1405,1.0215,,8.44
1978-06-19,,1.8344,213.49,,1.1199,1.1385,1.019,,8.44
1978-06-16,,1.831,215.89,,1.1192,1.1342,1.0155,,8.44
1978-06-15,,1.83,216.17,,1.1198,1.1365,1.015,,8.44
1978-06-14,,1.833,215.38,,1.1213,1.1375,1.016,,8.44
1978-06-13,,1.8338,216.92,,1.1218,1.136,1.017,,8.44
1978-06-12,,1.838,218.01,,1.1211,1.134,1.016,,8.44
1978-06-09,,1.8264,220.6,,1.1206,1.133,1.013,,8.4
1978-06-08,,1.8247,220.9,,1.1182,1.1335,1.0145,,8.4
1978-06-07,,1.8229,220.99,,1.1216,1.1322,1.013,,8.4
1978-06-06,,1.8245,220.99,,1.1189,1.133,1.014,,8.4
1978-06-05,,1.82,220.99,,1.1192,1.1335,1.012,,8.4
1978-06-02,,1.823,221.24,,1.1179,1.1327,1.012,,8.4
1978-06-01,,1.8257,221.51,,1.1194,1.1315,1.011,,8.44
1978-05-31,,1.8335,221.34,,1.1231,1.1306,1.011,,8.44
1978-05-29,,1.817,225.05,,1.1187,1.1267,1.0065,,8.44
1978-05-26,,1.8124,225.68,,1.114,1.1235,1.005,,8.44
1978-05-25,,1.8125,225.84,,1.1168,1.126,1.0045,,8.67
1978-05-24,,1.8122,228.41,,1.1151,1.1245,1.004,,8.67
1978-05-23,,1.8093,229.04,,1.1136,1.1245,1.0055,,8.67
1978-05-22,,1.8132,228.83,,1.112,1.123,1.0025,,8.67
1978-05-19,,1.807,228,,1.1123,1.1245,1.0055,,8.64
1978-05-18,,1.8173,227.53,,1.1143,1.127,1.0045,,8.64
1978-05-17,,1.812,227.95,,1.1102,1.1238,1.0035,,8.64
1978-05-16,,1.809,228.41,,1.1086,1.1245,1.005,,8.64
1978-05-15,,1.8207,226.22,,1.1123,1.128,1.0075,,8.64
1978-05-12,,1.819,225.63,,1.1154,1.1275,1.0075,,8.55
1978-05-11,,1.818,225.23,,1.1173,1.13,1.0015,,8.55
1978-05-10,,1.8242,224.92,,1.1197,1.129,1.007,,8.55
1978-05-09,,1.811,225.38,,1.1238,1.1275,1.0075,,8.55
1978-05-08,,1.818,225.12,,1.125,1.1305,1.009,,8.55
1978-05-05,,1.8272,224.59,,1.1274,1.1315,1.0115,,8.55
1978-05-04,,1.828,224.77,,1.1266,1.1305,1.0095,,8.58
1978-05-03,,1.825,226.14,,1.128,1.1308,1.0115,,8.58
1978-05-02,,1.8263,226.07,,1.1275,1.131,1.0115,,8.58
1978-05-01,,1.8255,225.78,,1.1283,1.1315,1.011,,8.58
1978-04-28,,1.823,224.97,,1.1312,1.1322,1.015,,8.58
1978-04-27,,1.833,222.22,,1.1343,1.135,1.0105,,8.7
1978-04-26,,1.8166,225.63,,1.1346,1.1314,1.009,,8.7
1978-04-25,,1.8147,227.58,,1.1338,1.128,1.007,,8.7
1978-04-24,,1.8215,228.1,,1.1409,1.1282,1.008,,8.7
1978-04-21,,1.8275,225.89,,1.1448,1.132,1.01,,8.7
1978-04-20,,1.824,226.76,,1.146,1.1328,1.012,,8.4
1978-04-19,,1.8408,221.88,,1.1477,1.1405,1.0185,,8.4
1978-04-18,,1.844,221.53,,1.1447,1.14,1.0195,,8.4
1978-04-17,,1.846,220.6,,1.1416,1.1418,1.02,,8.4
1978-04-14,,1.856,219.4,,1.1541,1.1442,1.0225,,8.4
1978-04-13,,1.863,219.35,,1.1515,1.1442,1.024,,8.38
1978-04-12,,1.875,218.72,,1.148,1.1467,1.027,,8.38
1978-04-11,,1.88,219.33,,1.1432,1.1465,1.027,,8.38
1978-04-10,,1.8753,219.83,,1.1427,1.145,1.025,,8.38
1978-04-07,,1.8746,220.12,,1.1422,1.1441,1.025,,8.38
1978-04-06,,1.8735,218.63,,1.1384,1.1452,1.0265,,8.33
1978-04-05,,1.873,218.96,,1.1407,1.144,1.025,,8.33
1978-04-04,,1.8676,219.3,,1.1358,1.1455,1.023,,8.33
1978-04-03,,1.8645,218.34,,1.1375,1.1472,1.029,,8.33
1978-03-31,,1.862,229.89,,1.1322,1.1416,1.02,,8.33
1978-03-30,,1.864,222.37,,1.1335,1.142,1.0195,,8.33
1978-03-29,,1.8787,222.27,,1.1353,1.1455,1.026,,8.33
1978-03-28,,1.8835,225.02,,1.1342,1.142,1.022,,8.33
1978-03-27,,1.881,225.23,,1.1313,1.14,1.021,,8.33
1978-03-24,,1.875,228,,1.1283,1.138,1.019,,8.33
1978-03-23,,1.8745,230.02,,1.1257,1.1372,1.02,,8.33
1978-03-22,,1.898,230.36,,1.1263,1.1368,1.02,,8.23
1978-03-21,,1.899,230.63,,1.1259,1.137,1.021,,8.1
1978-03-20,,1.9038,231.16,,1.1246,1.1386,1.021,,8.1
1978-03-17,,1.9075,231,,1.1256,1.138,1.0245,,8.23
1978-03-16,,1.914,235.63,,1.1237,1.138,1.021,,8.23
1978-03-15,,1.906,233.05,,1.1233,1.1365,1.024,,8.23
1978-03-14,,1.915,233.05,,1.1251,1.1348,1.0195,,8.23
1978-03-13,,1.909,234.03,,1.1237,1.1355,1.016,,8.23
1978-03-10,,1.9015,235.9,,1.123,1.1325,1.018,,8.1
1978-03-09,,1.926,235.02,,1.1249,1.139,1.0245,,8.1
1978-03-08,,1.9343,234.41,,1.126,1.14,1.026,,8.1
1978-03-07,,1.937,235.57,,1.1242,1.1375,1.0235,,8.1
1978-03-06,,1.937,236.41,,1.1207,1.1375,1.0235,,8.1
1978-03-03,,1.939,237.02,,1.1209,1.1375,1.0247,,8.13
1978-03-02,,1.941,238.41,,1.1188,1.1372,1.025,,8.13
1978-03-01,,1.939,238.27,,1.1171,1.1383,1.0255,,8.13
1978-02-28,,1.941,238.1,,1.115,1.1365,1.022,,8.13
1978-02-27,,1.932,239.23,,1.1159,1.1355,1.022,,8.13
1978-02-24,,1.925,240.21,,1.1159,1.13,1.021,,8.13
1978-02-23,,1.953,238.15,,1.1156,1.139,1.026,,8.13
1978-02-22,,1.9475,238.83,,1.1162,1.137,1.025,,8.13
1978-02-21,,1.9448,238.41,,1.118,1.1363,1.0245,,8.13
1978-02-17,,1.9447,239.81,,1.1177,1.1353,1.0235,,8.13
1978-02-16,,1.9415,240.15,,1.1152,1.1365,1.0205,,8.13
1978-02-15,,1.935,240.67,,1.114,1.1355,1.019,,8.13
1978-02-14,,1.9358,240.7,,1.1119,1.136,1.019,,8.13
1978-02-10,,1.9355,241.58,,1.1106,1.1355,1.0195,,8.13
1978-02-09,,1.9351,241.55,,1.1084,1.1352,1.02,,8.1
1978-02-08,,1.9335,241.49,,1.1102,1.135,1.015,,8.1
1978-02-07,,1.9325,241.43,,1.1116,1.1337,1.0153,,8.1
1978-02-06,,1.9382,241.14,,1.1104,1.1354,1.018,,8.06
1978-02-03,,1.941,241.84,,1.1089,1.136,1.0185,,8.06
1978-02-02,,1.9492,241.81,,1.1093,1.1365,1.022,,8.06
1978-02-01,,1.9481,241.6,,1.1088,1.1365,1.0215,,8.06
1978-01-31,,1.9475,241.6,,1.1078,1.138,1.023,,8.1
1978-01-30,,1.9475,241.78,,1.1071,1.1372,1.022,,8.1
1978-01-27,,1.9465,241.37,,1.108,1.1385,1.024,,8.1
1978-01-26,,1.9519,240.56,,1.1064,1.1395,1.023,,8.1
1978-01-25,,1.9528,241.25,,1.1068,1.1395,1.023,,8.1
1978-01-24,,1.9464,241.66,,1.1035,1.1385,1.023,,8.1
1978-01-23,,1.9417,241.46,,1.1056,1.139,1.021,,8.1
1978-01-20,,1.9315,241.85,,1.105,1.1328,1.0159,,8.16
1978-01-19,,1.9323,242.13,,1.1055,1.137,1.0195,,8.16
1978-01-18,,1.924,242.42,,1.1002,1.1345,1.017,,8.16
1978-01-17,,1.923,242.01,,1.0998,1.1357,1.0185,,8.16
1978-01-16,,1.928,241.6,,1.0989,1.1358,1.018,,8.16
1978-01-13,,1.93,241.49,,1.0989,1.1368,1.0175,,8.16
1978-01-12,,1.925,241.6,,1.0982,1.136,1.0175,,8.23
1978-01-11,,1.9405,240.5,,1.1007,1.1395,1.02,,8.23
1978-01-10,,1.918,241.49,,1.101,1.1365,1.015,,8.23
1978-01-09,,1.9165,241.46,,1.0985,1.136,1.017,,8.23
1978-01-06,,1.93,240.38,,1.0941,1.138,1.0145,,8.23
1978-01-05,,1.8865,241.08,,1.0948,1.1375,1.0033,,8.47
1978-01-04,,1.96,237.42,,1.0933,1.15,1.0335,,8.47
1978-01-03,,1.961,237.59,,1.0918,1.146,1.023,,8.47
1977-12-30,,1.917,239.98,,1.0946,1.138,1.016,,8.23
1977-12-29,,1.91,240.04,,1.0943,1.141,1.0165,,8.47
1977-12-28,,1.894,240.44,,1.0973,1.139,1.0175,,8.47
1977-12-27,,1.878,241.37,,1.0961,1.1345,1.005,,8.47
1977-12-23,,1.8655,241.66,,1.095,1.133,1.004,,8.47
1977-12-22,,1.854,241.55,,1.0952,1.133,1.009,,8.47
1977-12-21,,1.8848,240.38,,1.0937,1.1377,1.0155,,8.47
1977-12-20,,1.8785,240.5,,1.0913,1.138,1.0175,,8.47
1977-12-19,,1.873,241.02,,1.0916,1.135,1.01,,8.47
1977-12-16,,1.854,240.59,,1.0975,1.1325,1.0045,,8.47
1977-12-15,,1.8465,239.12,,1.0971,1.1335,1.006,,8.62
1977-12-14,,1.847,237.81,,1.0973,1.1365,1.007,,8.62
1977-12-13,,1.8403,240.53,,1.0997,1.1325,1.0015,,8.62
1977-12-12,,1.8309,241.78,,1.0955,1.131,1.001,,8.62
1977-12-09,,1.8303,242.37,,1.0922,1.13,1,,8.62
1977-12-08,,1.8273,241.72,,1.0898,1.1307,1.0005,,8.62
1977-12-07,,1.8257,241.43,,1.0989,1.1295,0.999,,8.62
1977-12-06,,1.8215,241.6,,1.1028,1.1317,1.0015,,8.62
1977-12-05,,1.8305,242.01,,1.1072,1.1305,0.999,,8.62
1977-12-02,,1.8205,242.51,,1.1082,1.13,0.997,,8.62
1977-12-01,,1.8168,243.07,,1.1085,1.128,0.9955,,8.62
1977-11-30,,1.817,244.02,,1.1078,1.126,0.9945,,8.62
1977-11-29,,1.8141,243.66,,1.1089,1.1255,0.9955,,8.62
1977-11-28,,1.8186,240.24,,1.109,1.1296,0.998,,8.62
1977-11-25,,1.8185,239.98,,1.1107,1.1303,0.9975,,8.62
1977-11-23,,1.8195,239.75,,1.1111,1.1305,0.9975,,8.61
1977-11-22,,1.817,240.64,,1.1107,1.1303,0.994,,8.61
1977-11-21,,1.817,242.78,,1.109,1.129,0.997,,8.61
1977-11-18,,1.8245,243.49,,1.1099,1.125,0.9935,,8.61
1977-11-17,,1.8187,245.4,,1.1101,1.123,0.9915,,8.7
1977-11-16,,1.818,245.25,,1.1088,1.125,0.992,,8.7
1977-11-15,,1.8159,245.28,,1.1114,1.1245,0.9925,,8.7
1977-11-14,,1.8158,245.1,,1.1123,1.1259,0.992,,8.7
1977-11-10,,1.8195,246.18,,1.1094,1.1258,0.993,,8.7
1977-11-09,,1.809,247.1,,1.1136,1.1265,0.997,,8.7
1977-11-07,,1.8033,248.69,,1.1086,1.125,0.9885,,8.7
1977-11-04,,1.805,249,,1.1091,1.125,0.988,,8.7
1977-11-03,,1.809,247.74,,1.1069,1.125,0.99,,8.55
1977-11-02,,1.8335,248.32,,1.1062,1.1295,0.9955,,8.55
1977-11-01,,1.844,246.73,,1.1035,1.1325,0.997,,8.55
1977-10-31,,1.8395,249.13,,1.1083,1.1275,0.995,,8.55
1977-10-28,,1.7774,250.5,,1.1025,1.1215,0.984,,8.55
1977-10-27,,1.7767,250.31,,1.1102,1.1242,0.9865,,8.58
1977-10-26,,1.778,251.6,,1.1121,1.122,0.9845,,8.58
1977-10-25,,1.7766,252.33,,1.113,1.122,0.985,,8.58
1977-10-24,,1.7743,251.95,,1.1099,1.1235,0.984,,8.58
1977-10-21,,1.7694,254.32,,1.105,1.1212,0.982,,8.58
1977-10-20,,1.7705,254.19,,1.1069,1.1205,0.984,,8.58
1977-10-19,,1.7732,254.45,,1.104,1.1216,0.983,,8.58
1977-10-18,,1.7741,252.21,,1.1095,1.123,0.983,,8.58
1977-10-17,,1.7722,252.53,,1.1061,1.1233,0.983,,8.58
1977-10-14,,1.7677,253,,1.0988,1.121,0.981,,8.58
1977-10-13,,1.7641,254.97,,1.0989,1.1215,0.98,,8.62
1977-10-12,,1.7619,256.81,,1.0909,1.117,0.9775,,8.62
1977-10-11,,1.7591,257.8,,1.0891,1.115,0.9775,,8.62
1977-10-07,,1.7587,257.6,,1.0873,1.1165,0.978,,8.62
1977-10-06,,1.7596,258.55,,1.0855,1.104,0.976,,8.73
1977-10-05,,1.7572,261.1,,1.082,1.1115,0.976,,8.73
1977-10-04,,1.7555,260.82,,1.0806,1.1095,0.9745,,8.73
1977-10-03,,1.7559,260.72,,1.0774,1.1135,0.976,,8.73
1977-09-30,,1.7476,263.71,,1.0737,1.109,0.97,,8.73
1977-09-29,,1.7449,265.11,,1.0741,1.106,0.9685,,8.73
1977-09-28,,1.7443,266.67,,1.0731,1.105,0.9685,,8.73
1977-09-27,,1.7433,266.63,,1.0718,1.104,0.9685,,8.73
1977-09-26,,1.7438,266.7,,1.073,1.1047,0.9685,,8.73
1977-09-23,,1.7428,266.81,,1.0731,1.1038,0.9675,,8.73
1977-09-22,,1.743,266.81,,1.0718,1.105,0.968,,8.73
1977-09-21,,1.7427,266.88,,1.072,1.104,0.968,,8.73
1977-09-20,,1.7414,266.88,,1.0733,1.1035,0.9675,,8.73
1977-09-19,,1.7419,266.92,,1.0742,1.1035,0.9675,,8.73
1977-09-16,,1.7427,267.09,,1.0741,1.1032,0.9685,,8.73
1977-09-15,,1.7437,267.06,,1.073,1.103,0.968,,8.73
1977-09-14,,1.744,267.13,,1.0731,1.1025,0.968,,8.73
1977-09-13,,1.7434,266.84,,1.0724,1.1025,0.968,,8.73
1977-09-12,,1.7432,266.67,,1.0746,1.1025,0.968,,8.73
1977-09-09,,1.7424,266.84,,1.0737,1.1022,0.968,,8.73
1977-09-08,,1.7429,266.88,,1.0728,1.103,0.9685,,8.73
1977-09-07,,1.743,266.81,,1.0744,1.103,0.9675,,8.73
1977-09-06,,1.7411,267.59,,1.0752,1.102,0.9675,,8.73
1977-09-02,,1.7416,267.97,,1.0734,1.103,0.968,,8.73
1977-09-01,,1.7422,268.17,,1.0734,1.1025,0.968,,8.73
1977-08-31,,1.7428,267.5,,1.0748,1.104,0.968,,8.73
1977-08-30,,1.7422,267.4,,1.0763,1.104,0.968,,8.73
1977-08-29,,1.7416,267.06,,1.0758,1.107,0.969,,8.73
1977-08-26,,1.7419,267.09,,1.0756,1.1075,0.9705,,8.73
1977-08-25,,1.7412,267.31,,1.0735,1.1028,0.9685,,8.71
1977-08-24,,1.7407,266.21,,1.0718,1.103,0.9685,,8.71
1977-08-23,,1.7401,266.77,,1.0732,1.102,0.967,,8.71
1977-08-22,,1.7397,266.7,,1.0757,1.1018,0.9675,,8.71
1977-08-19,,1.7403,267.27,,1.0764,1.1008,0.9665,,8.71
1977-08-18,,1.7395,266.74,,1.0765,1.1006,0.967,,8.72
1977-08-17,,1.7407,266.74,,1.0753,1.102,0.967,,8.72
1977-08-16,,1.7403,267.67,,1.0772,1.1,0.967,,8.72
1977-08-15,,1.7391,267.92,,1.0762,1.0998,0.9675,,8.72
1977-08-12,,1.7378,266.38,,1.0784,1.1025,0.968,,8.72
1977-08-11,,1.738,265.96,,1.075,1.1032,0.969,,8.72
1977-08-10,,1.739,266.06,,1.0784,1.1027,0.9685,,8.72
1977-08-09,,1.7381,265.96,,1.076,1.104,0.969,,8.72
1977-08-08,,1.7373,266.24,,1.0735,1.1039,0.97,,8.72
1977-08-05,,1.7387,265.85,,1.0719,1.1045,0.9675,,8.72
1977-08-04,,1.7394,265.53,,1.0734,1.1055,0.9625,,8.73
1977-08-03,,1.7385,265.57,,1.0745,1.1043,0.97,,8.73
1977-08-02,,1.7377,266.52,,1.0737,1.1212,0.9725,,8.73
1977-08-01,,1.7375,267.13,,1.0708,1.12,0.971,,8.73
1977-07-29,,1.7365,266.81,,1.0689,1.1218,0.974,,8.73
1977-07-28,,1.7372,265.96,,1.0662,1.1242,0.9755,,8.81
1977-07-27,,1.737,264.76,,1.0661,1.1253,0.9755,,8.81
1977-07-26,,1.7201,264.41,,1.0654,1.1245,0.9727,,8.81
1977-07-25,,1.7198,264.34,,1.0612,1.125,0.972,,8.81
1977-07-22,,1.7196,264.24,,1.0604,1.1235,0.972,,8.81
1977-07-21,,1.7194,264.76,,1.0626,1.124,0.9725,,8.85
1977-07-20,,1.7203,264.83,,1.0608,1.1233,0.9723,,8.85
1977-07-19,,1.72,264.27,,1.0591,1.1245,0.972,,8.85
1977-07-18,,1.7199,263.99,,1.0589,1.1225,0.971,,8.85
1977-07-15,,1.7195,265.32,,1.0596,1.1203,0.971,,8.85
1977-07-13,,1.7205,264.27,,1.0598,1.123,0.9715,,8.81
1977-07-12,,1.7199,264.48,,1.0581,1.122,0.972,,8.81
1977-07-11,,1.72,263.09,,1.059,1.1224,0.971,,8.81
1977-07-08,,1.7195,264.76,,1.0602,1.1197,0.97,,8.81
1977-07-07,,1.7197,264.69,,1.0604,1.12,0.9695,,8.81
1977-07-06,,1.7206,265.39,,1.059,1.1188,0.97,,8.81
1977-07-05,,1.7202,264.9,,1.0581,1.1188,0.969,,8.81
1977-07-01,,1.7197,267.13,,1.0597,1.1145,0.967,,8.81
1977-06-30,,1.7197,267.59,,1.0599,1.115,0.9665,,8.88
1977-06-29,,1.7209,267.45,,1.0621,1.1145,0.9645,,8.88
1977-06-28,,1.7203,270.86,,1.0622,1.1106,0.9642,,8.88
1977-06-27,,1.7201,271.48,,1.0627,1.11,0.964,,8.88
1977-06-24,,1.7196,272,,1.0598,1.109,0.964,,8.88
1977-06-23,,1.7197,271.81,,1.06,1.1088,0.9635,,8.88
1977-06-22,,1.7196,271.74,,1.0595,1.1088,0.963,,8.88
1977-06-21,,1.7194,272.44,,1.061,1.1083,0.963,,8.88
1977-06-20,,1.7196,272.78,,1.0593,1.108,0.9625,,8.88
1977-06-17,,1.7194,272.7,,1.0579,1.1077,0.963,,8.85
1977-06-16,,1.7192,272.44,,1.0564,1.109,0.963,,8.85
1977-06-15,,1.7196,272.78,,1.0559,1.107,0.963,,8.85
1977-06-14,,1.7192,272.33,,1.0576,1.1086,0.9635,,8.85
1977-06-13,,1.7193,271.81,,1.056,1.1095,0.963,,8.85
1977-06-10,,1.7186,273.67,,1.0561,1.1075,0.9625,,8.85
1977-06-09,,1.7182,273.75,,1.0534,1.1067,0.9615,,8.85
1977-06-08,,1.7184,274.42,,1.0542,1.106,0.961,,8.85
1977-06-07,,1.7185,275.56,,1.0563,1.1052,0.961,,8.85
1977-06-06,,1.7182,275.18,,1.054,1.1046,0.9605,,8.85
1977-06-03,,1.7177,276.28,,1.0544,1.1041,0.9605,,8.85
1977-06-02,,1.7169,276.55,,1.056,1.1037,0.96,,8.83
1977-06-01,,1.719,277.32,,1.0539,1.1035,0.9605,,8.83
1977-05-31,,1.7191,277.28,,1.0513,1.103,0.96,,8.83
1977-05-27,,1.7168,277.28,,1.0492,1.103,0.96,,8.83
1977-05-26,,1.7171,277.12,,1.0491,1.103,0.9605,,8.83
1977-05-25,,1.7193,277.39,,1.0503,1.103,0.96,,8.83
1977-05-24,,1.7165,277.78,,1.0505,1.1023,0.96,,8.83
1977-05-23,,1.7172,277.55,,1.0494,1.1027,0.96,,8.83
1977-05-20,,1.7174,277.24,,1.0505,1.1035,0.96,,8.83
1977-05-19,,1.7178,276.97,,1.0482,1.103,0.9595,,8.81
1977-05-18,,1.7185,277.39,,1.0472,1.103,0.9595,,8.81
1977-05-17,,1.7187,277.55,,1.047,1.103,0.9595,,8.81
1977-05-16,,1.7188,277.7,,1.0487,1.1026,0.9595,,8.81
1977-05-13,,1.7187,277.62,,1.0503,1.1028,0.9595,,8.81
1977-05-12,,1.7189,278.01,,1.0502,1.102,0.96,,8.85
1977-05-11,,1.7196,277.93,,1.0483,1.1024,0.96,,8.85
1977-05-10,,1.719,277.47,,1.0474,1.1035,0.96,,8.85
1977-05-09,,1.7189,278.01,,1.0494,1.1025,0.9605,,8.85
1977-05-06,,1.7181,276.85,,1.0474,1.1045,0.961,,8.85
1977-05-05,,1.7186,275.94,,1.0471,1.105,0.961,,8.85
1977-05-04,,1.7196,276.7,,1.0467,1.104,0.96,,8.85
1977-05-03,,1.7194,278.16,,1.0469,1.1028,0.96,,8.85
1977-05-02,,1.7195,278.01,,1.0455,1.103,0.96,,8.85
1977-04-29,,1.7192,277.78,,1.0476,1.103,0.9595,,8.85
1977-04-28,,1.7192,277.09,,1.0484,1.1045,0.9605,,8.85
1977-04-27,,1.7198,278.01,,1.0482,1.1025,0.96,,8.85
1977-04-26,,1.7191,278.32,,1.0487,1.102,0.96,,8.85
1977-04-25,,1.7188,278.01,,1.0471,1.102,0.96,,8.85
1977-04-22,,1.7182,277.78,,1.0489,1.103,0.9595,,8.85
1977-04-21,,1.7192,276.85,,1.0492,1.1038,0.961,,8.85
1977-04-20,,1.7196,278.78,,1.047,1.1027,0.96,,8.85
1977-04-19,,1.7191,275.79,,1.0496,1.1045,0.9615,,8.85
1977-04-18,,1.7194,275.33,,1.0519,1.1055,0.962,,8.85
1977-04-15,,1.718,273.82,,1.0509,1.1065,0.963,,8.85
1977-04-14,,1.7182,273.37,,1.0494,1.107,0.9635,,8.85
1977-04-13,,1.7196,272.55,,1.0515,1.1095,0.9635,,8.85
1977-04-12,,1.7191,270.71,,1.0533,1.1105,0.9625,,8.85
1977-04-11,,1.7185,271.3,,1.0552,1.108,0.9625,,8.85
1977-04-08,,1.7183,273.22,,1.0563,1.1067,0.962,,8.85
1977-04-07,,1.7187,273.6,,1.0573,1.1067,0.962,,8.82
1977-04-06,,1.7188,273.22,,1.0549,1.1065,0.962,,8.82
1977-04-05,,1.7197,273,,1.056,1.1065,0.9615,,8.82
1977-04-04,,1.7198,274.65,,1.0576,1.105,0.9605,,8.82
1977-04-01,,1.7194,276.17,,1.0525,1.1042,0.96,,8.82
1977-03-31,,1.72,277.55,,1.0571,1.1028,0.96,,8.82
1977-03-30,,1.7206,277.24,,1.0544,1.103,0.96,,8.82
1977-03-29,,1.7191,276.63,,1.0549,1.1038,0.96,,8.82
1977-03-28,,1.7183,276.85,,1.0499,1.104,0.9585,,8.82
1977-03-25,,1.7175,278.32,,1.0507,1.1012,0.9585,,8.82
1977-03-24,,1.7178,278.47,,1.0515,1.1023,0.959,,8.83
1977-03-23,,1.718,277.24,,1.0529,1.1025,0.9585,,8.83
1977-03-22,,1.7164,278.94,,1.0491,1.1002,0.958,,8.83
1977-03-21,,1.7173,279.1,,1.0496,1.1006,0.9565,,8.83
1977-03-18,,1.7168,280.82,,1.0543,1.0987,0.956,,8.83
1977-03-17,,1.7189,281.69,,1.0513,1.0976,0.956,,8.85
1977-03-16,,1.7193,281.85,,1.0517,1.097,0.956,,8.85
1977-03-15,,1.719,281.53,,1.0553,1.0978,0.955,,8.85
1977-03-14,,1.7192,281.21,,1.0515,1.0985,0.9565,,8.85
1977-03-11,,1.718,282.01,,1.0557,1.0968,0.9555,,8.85
1977-03-10,,1.7158,282.01,,1.061,1.097,0.956,,8.85
1977-03-09,,1.7181,282.33,,1.0483,1.0968,0.956,,8.85
1977-03-08,,1.7175,282.09,,1.0467,1.098,0.9565,,8.85
1977-03-07,,1.7171,281.93,,1.0479,1.0975,0.9555,,8.85
1977-03-04,,1.7145,282.09,,1.0505,1.0975,0.9555,,8.85
1977-03-03,,1.7136,281.29,,1.0434,1.0985,0.955,,8.87
1977-03-02,,1.7144,281.53,,1.0431,1.097,0.955,,8.87
1977-03-01,,1.7132,282.49,,1.0481,1.096,0.955,,8.87
1977-02-28,,1.713,282.81,,1.0465,1.096,0.955,,8.87
1977-02-25,,1.7085,282.01,,1.0449,1.0926,0.954,,8.87
1977-02-24,,1.7079,283.53,,1.0398,1.094,0.9535,,8.89
1977-02-23,,1.7077,283.45,,1.0328,1.095,0.954,,8.89
1977-02-22,,1.7072,283.37,,1.031,1.096,0.9537,,8.89
1977-02-18,,1.7043,283.45,,1.0289,1.0945,0.9535,,8.85
1977-02-17,,1.7054,282.97,,1.025,1.0918,0.9535,,8.85
1977-02-16,,1.7066,283.77,,1.0264,1.091,0.954,,8.85
1977-02-15,,1.7035,283.93,,1.0245,1.0913,0.9515,,8.85
1977-02-14,,1.6969,281.69,,1.0243,1.088,0.9489,,8.85
1977-02-11,,1.7123,285.06,,1.0244,1.0905,0.953,,8.85
1977-02-10,,1.7158,285.63,,1.0216,1.0895,0.9535,,8.89
1977-02-09,,1.7177,285.96,,1.0224,1.0895,0.953,,8.89
1977-02-08,,1.7157,287.11,,1.0238,1.0875,0.951,,8.89
1977-02-07,,1.7145,287.94,,1.0224,1.0865,0.9474,,8.89
1977-02-04,,1.7147,288.1,,1.022,1.0863,0.95,,8.89
1977-02-03,,1.7133,288.35,,1.0222,1.0848,0.9475,,8.81
1977-02-02,,1.716,288.27,,1.023,1.0865,0.9515,,8.81
1977-02-01,,1.7153,288.02,,1.0234,1.0856,0.9479,,8.81
1977-01-31,,1.715,288.43,,1.02,1.0868,0.951,,8.81
1977-01-28,,1.713,289.52,,1.023,1.0865,0.95,,8.81
1977-01-27,,1.7162,289.1,,1.0206,1.0853,0.9474,,8.85
1977-01-26,,1.7184,288.18,,1.0165,1.087,0.9478,,8.85
1977-01-25,,1.7195,289.27,,1.0138,1.0841,0.9479,,8.85
1977-01-24,,1.7188,290.11,,1.011,1.0842,0.9474,,8.85
1977-01-21,,1.7162,290.44,,1.0107,1.0865,0.951,,8.85
1977-01-20,,1.7165,290.28,,1.0089,1.0849,0.9481,,8.89
1977-01-19,,1.7185,289.6,,1.0115,1.0822,0.9468,,8.89
1977-01-18,,1.7155,291.21,,1.0139,1.0828,0.9463,,8.89
1977-01-17,,1.7138,291.72,,1.0115,1.0825,0.9455,,8.89
1977-01-14,,1.7108,292.06,,1.0015,1.0852,0.949,,8.89
1977-01-13,,1.711,292.57,,1.0071,1.0853,0.9496,,9.01
1977-01-12,,1.7065,292.4,,1.0049,1.085,0.948,,9.01
1977-01-11,,1.7077,292.48,,1.0097,1.085,0.948,,9.01
1977-01-10,,1.7087,292.48,,1.0095,1.0837,0.9469,,9.01
1977-01-07,,1.706,292.83,,1.0048,1.086,0.95,,8.93
1977-01-06,,1.7055,292.91,,1.0028,1.0856,0.9487,,8.93
1977-01-05,,1.7107,292.31,,1.0019,1.0868,0.9488,,8.93
1977-01-04,,1.7085,291.72,,1.0049,1.085,0.949,,8.93
1977-01-03,,1.704,292.48,,1.0075,1.09,0.949,,8.93
1976-12-31,,1.701,293.08,,1.0094,1.089,0.945,,8.93
1976-12-30,,1.6995,293,,1.012,1.088,0.95,,8.97
1976-12-29,,1.706,292.91,,1.0134,1.0845,0.9445,,8.97
1976-12-28,,1.697,292.14,,1.0125,1.088,0.94,,8.97
1976-12-27,,1.694,292.31,,1.0138,1.087,0.94,,8.97
1976-12-24,,1.6895,293.51,,1.0138,1.085,0.94,,9.01
1976-12-23,,1.6845,293.43,,1.0117,1.0749,0.9393,,8.81
1976-12-22,,1.6852,293.86,,1.0147,1.0694,0.937,,8.81
1976-12-21,,1.679,293.94,,1.0127,1.0644,0.9378,,8.81
1976-12-20,,1.681,293.6,,1.0105,1.0591,0.9327,,8.81
1976-12-17,,1.671,294.64,,1.0156,1.057,0.916,,8.81
1976-12-16,,1.663,295.51,,1.0156,1.0495,0.91,,8.77
1976-12-15,,1.6675,294.72,,1.0162,1.0495,0.9122,,8.77
1976-12-14,,1.675,295.33,,1.0175,1.052,0.9145,,8.77
1976-12-13,,1.6835,294.72,,1.0218,1.0497,0.909,,8.77
1976-12-10,,1.6695,294.81,,1.0245,1.0364,0.9076,,8.77
1976-12-09,,1.67,295.77,,1.025,1.0361,0.909,,8.81
1976-12-08,,1.6705,296.3,,1.0239,1.0353,0.9089,,8.81
1976-12-07,,1.671,296.38,,1.0248,1.0338,0.9014,,8.81
1976-12-06,,1.6567,296.56,,1.0233,1.0054,0.9012,,8.81
1976-12-03,,1.6627,297.89,,1.026,1.0056,0.9017,,8.81
1976-12-02,,1.6635,296.82,,1.0286,1.0095,0.9035,,8.93
1976-12-01,,1.6623,296.91,,1.0344,1.0087,0.8999,,8.93
1976-11-30,,1.651,297.09,,1.0354,1.0099,0.9013,,8.93
1976-11-29,,1.6484,295.68,,1.0239,1.015,0.905,,8.93
1976-11-26,,1.646,295.51,,1.0046,1.2304,0.9688,,8.93
1976-11-24,,1.6475,295.42,,0.9923,1.2314,0.962,,8.93
1976-11-23,,1.6435,295.42,,0.9934,1.2301,0.9621,,8.73
1976-11-22,,1.646,295.07,,0.987,1.2333,0.9711,,8.73
1976-11-19,,1.679,295.42,,0.9845,1.2365,0.9725,,9.01
1976-11-18,,1.665,295.16,,0.9801,1.2333,0.9672,,9.01
1976-11-17,,1.6645,295.07,,0.9792,1.2309,0.9619,,9.01
1976-11-16,,1.6427,295.16,,0.981,1.2302,0.961,,9.01
1976-11-15,,1.64,294.72,,0.976,1.2296,0.9591,,9.01
1976-11-12,,1.628,294.64,,0.9774,1.2281,0.9565,,9.01
1976-11-10,,1.6333,294.38,,0.9762,1.2266,0.9583,,9.05
1976-11-09,,1.6282,294.29,,0.9733,1.2288,0.9539,,9.05
1976-11-08,,1.6155,293.77,,0.9731,1.2274,0.9542,,9.05
1976-11-05,,1.625,294.99,,0.974,1.23,0.962,,9.05
1976-11-04,,1.625,295.33,,0.9748,1.2276,0.9539,,8.97
1976-11-03,,1.6075,295.16,,0.9731,1.2236,0.9479,,8.97
1976-11-01,,1.5875,295.86,,0.9724,1.2227,0.9458,,8.97
1976-10-29,,1.588,294.38,,0.9722,1.228,0.95,,8.97
1976-10-28,,1.5665,293.6,,0.9704,1.2235,0.9456,,8.93
1976-10-27,,1.583,293.17,,0.9714,1.2234,0.9597,,8.93
1976-10-26,,1.604,293.77,,0.9702,1.2281,0.9565,,8.93
1976-10-25,,1.595,293.34,,0.9715,1.2306,0.9545,,8.93
1976-10-22,,1.6482,293.69,,0.9732,1.231,0.968,,8.93
1976-10-21,,1.6465,292.74,,0.9732,1.232,0.9643,,8.93
1976-10-20,,1.6463,292.14,,0.9726,1.2318,0.9636,,8.93
1976-10-19,,1.6477,292.23,,0.9731,1.2304,0.9644,,8.93
1976-10-18,,1.6547,292.48,,0.9729,1.2389,0.9666,,8.93
1976-10-15,,1.65,293,,0.9742,1.2336,0.966,,8.93
1976-10-14,,1.639,292.31,,0.9729,1.2383,0.9728,,8.85
1976-10-13,,1.6541,290.36,,0.9729,1.2358,0.9705,,8.85
1976-10-12,,1.6535,289.86,,0.9742,1.2372,0.9695,,8.85
1976-10-08,,1.662,288.77,,0.9731,1.242,0.9755,,8.85
1976-10-07,,1.6645,288.1,,0.9727,1.2419,0.973,,8.85
1976-10-06,,1.6515,288.02,,0.9747,1.2411,0.9715,,8.85
1976-10-05,,1.6635,287.44,,0.9751,1.2405,0.9765,,8.85
1976-10-04,,1.6705,287.27,,0.9724,1.2362,0.9642,,8.85
1976-10-01,,1.666,287.11,,0.9713,1.2362,0.9642,,8.85
1976-09-30,,1.66,286.86,,0.9732,1.2348,0.9709,,8.85
1976-09-29,,1.6665,287.77,,0.9725,1.2323,0.9625,,8.85
1976-09-28,,1.636,287.52,,0.9714,1.2364,0.9733,,9.17
1976-09-27,,1.6795,287.6,,0.9728,1.2399,0.9813,,9.03
1976-09-24,,1.7054,287.85,,0.9723,1.2418,0.988,,9.03
1976-09-23,,1.7107,287.77,,0.9734,1.2427,0.985,,9.13
1976-09-22,,1.716,287.11,,0.9748,1.241,0.9837,,9.13
1976-09-21,,1.716,288.02,,0.9718,1.2428,0.9877,,9.13
1976-09-20,,1.7222,287.11,,0.9734,1.2439,0.9896,,9.13
1976-09-17,,1.734,287.27,,0.9748,1.2464,0.994,,9.13
1976-09-16,,1.7392,286.7,,0.9771,1.2451,0.9896,,9.13
1976-09-15,,1.7341,286.12,,0.9753,1.2434,0.9904,,9.13
1976-09-14,,1.7395,286.53,,0.9748,1.244,0.9921,,9.13
1976-09-13,,1.748,286.62,,0.9754,1.2442,0.9929,,9.13
1976-09-10,,1.753,286.94,,0.9765,1.246,0.9985,,9.13
1976-09-09,,1.748,286.04,,0.9763,1.2459,0.9967,,9.01
1976-09-08,,1.7715,287.6,,0.9776,1.2449,0.9962,,9.01
1976-09-07,,1.7712,287.77,,0.977,1.2425,0.9962,,9.01
1976-09-03,,1.7725,287.77,,0.9804,1.247,1,,9.01
1976-09-02,,1.773,288.68,,0.9791,1.2448,0.9963,,9.01
1976-09-01,,1.775,288.93,,0.9766,1.2437,0.9976,,9.01
1976-08-31,,1.7775,289.35,,0.9815,1.2437,0.9969,,9.01
1976-08-30,,1.775,288.77,,0.9824,1.2445,0.9948,,9.01
1976-08-27,,1.77,288.6,,0.9841,1.2445,0.999,,9.01
1976-08-26,,1.7723,288.93,,0.9842,1.243,0.9949,,8.97
1976-08-25,,1.7704,288.85,,0.9852,1.2437,0.9958,,8.97
1976-08-24,,1.7755,288.43,,0.9862,1.2429,0.9968,,8.97
1976-08-23,,1.7824,289.77,,0.9864,1.2425,0.9964,,8.97
1976-08-20,,1.7808,289.35,,0.9875,1.2441,0.9975,,8.97
1976-08-19,,1.7815,288.77,,0.986,1.2454,0.9979,,8.97
1976-08-18,,1.783,288.27,,0.9867,1.2461,0.9995,,8.97
1976-08-17,,1.7864,287.85,,0.9888,1.2418,0.9962,,8.97
1976-08-16,,1.7814,290.36,,0.987,1.2403,0.9946,,8.97
1976-08-13,,1.7815,291.12,,0.9873,1.239,0.9943,,8.97
1976-08-12,,1.7852,292.65,,0.9865,1.2396,0.9961,,8.97
1976-08-11,,1.7898,292.57,,0.9876,1.2391,0.9956,,8.97
1976-08-10,,1.7895,292.83,,0.9866,1.2397,0.9974,,8.97
1976-08-09,,1.7925,292.65,,0.989,1.2388,0.9953,,8.97
1976-08-06,,1.7888,293,,0.9888,1.2407,0.999,,8.97
1976-08-05,,1.7885,293,,0.986,1.2403,0.9983,,8.97
1976-08-04,,1.7943,292.83,,0.9834,1.2396,0.9968,,8.97
1976-08-03,,1.788,292.91,,0.9795,1.2402,0.9963,,8.97
1976-08-02,,1.788,292.91,,0.9775,1.2393,0.9951,,8.97
1976-07-30,,1.785,293.26,,0.9752,1.2405,0.997,,8.97
1976-07-29,,1.785,293.6,,0.9747,1.2385,1,,8.9
1976-07-28,,1.7915,293.51,,0.9744,1.2366,0.9896,,8.9
1976-07-27,,1.7815,293.86,,0.9748,1.2379,0.9883,,8.9
1976-07-26,,1.7786,293.51,,0.9746,1.2352,0.9885,,8.9
1976-07-23,,1.7818,293.94,,0.9739,1.2346,0.9883,,8.9
1976-07-22,,1.783,293.69,,0.9746,1.237,0.9895,,8.9
1976-07-21,,1.7834,293.6,,0.9734,1.235,0.9885,,8.9
1976-07-20,,1.7815,293.34,,0.9753,1.2337,0.9866,,8.9
1976-07-19,,1.774,293.69,,0.9752,1.2343,0.9879,,8.9
1976-07-16,,1.776,294.03,,0.9743,1.2352,0.9895,,8.9
1976-07-15,,1.78,293.17,,0.9739,1.2365,0.9884,,8.97
1976-07-14,,1.7805,292.65,,0.9718,1.2385,0.994,,8.97
1976-07-13,,1.787,294.9,,0.9684,1.2339,0.9905,,8.97
1976-07-12,,1.7891,296.38,,0.9686,1.2324,0.987,,8.97
1976-07-09,,1.7795,296.74,,0.9677,1.232,0.99,,8.97
1976-07-08,,1.782,296.47,,0.9682,1.238,0.9932,,8.89
1976-07-07,,1.8025,296.65,,0.969,1.237,0.993,,8.89
1976-07-06,,1.8023,296.38,,0.9696,1.2403,0.992,,8.89
1976-07-02,,1.7911,297.18,,0.9707,1.2338,0.99,,8.89
1976-07-01,,1.79,296.91,,0.9686,1.2331,0.9886,,9.01
1976-06-30,,1.785,297.97,,0.9688,1.2331,0.9874,,9.01
1976-06-29,,1.7795,297,,0.9722,1.2325,0.986,,9.01
1976-06-28,,1.7742,296.03,,0.9689,1.2306,0.9849,,9.01
1976-06-25,,1.7721,297.8,,0.9667,1.231,0.9855,,9.01
1976-06-24,,1.7715,297.27,,0.9628,1.2305,0.9845,,8.97
1976-06-23,,1.7725,296.82,,0.9682,1.2285,0.9831,,8.97
1976-06-22,,1.772,299.22,,0.97,1.2283,0.9835,,8.97
1976-06-21,,1.7739,299.31,,0.9706,1.2286,0.9834,,8.97
1976-06-18,,1.774,299.31,,0.9724,1.2285,0.9844,,8.97
1976-06-17,,1.7755,300.03,,0.9712,1.2284,0.9832,,9.01
1976-06-16,,1.7755,299.85,,0.9737,1.2288,0.9846,,9.01
1976-06-15,,1.7765,299.76,,0.9752,1.2278,0.9813,,9.01
1976-06-14,,1.77,299.94,,0.9767,1.2277,0.9825,,9.01
1976-06-11,,1.7703,300.03,,0.9774,1.2277,0.9828,,9.01
1976-06-10,,1.7705,299.94,,0.9785,1.228,0.983,,9.3
1976-06-09,,1.769,299.94,,0.9783,1.228,0.9825,,9.3
1976-06-08,,1.7696,300.12,,0.9792,1.228,0.983,,9.3
1976-06-07,,1.756,300.3,,0.9782,1.2205,0.9649,,9.3
1976-06-04,,1.7165,300.39,,0.9778,1.2193,0.9649,,9.3
1976-06-03,,1.7089,300.48,,0.9769,1.2224,0.9694,,9.35
1976-06-02,,1.7205,300.3,,0.9768,1.2227,0.976,,9.35
1976-06-01,,1.754,300.39,,0.9789,1.2244,0.9795,,9.3
1976-05-28,,1.7595,300.03,,0.98,1.227,0.9825,,9.3
1976-05-27,,1.7705,299.67,,0.9796,1.227,0.9827,,9.05
1976-05-26,,1.771,299.76,,0.9813,1.229,0.9865,,9.05
1976-05-25,,1.7858,299.58,,0.9797,1.2306,0.991,,9.05
1976-05-24,,1.794,299.58,,0.9798,1.2278,0.9853,,9.05
1976-05-21,,1.78,299.58,,0.981,1.2305,0.9925,,9.05
1976-05-20,,1.8055,299.4,,0.9792,1.2325,0.99,,9.01
1976-05-19,,1.808,299.22,,0.9795,1.232,0.991,,9.01
1976-05-18,,1.8105,299.13,,0.9796,1.2305,0.9895,,9.01
1976-05-17,,1.804,299.31,,0.9815,1.2335,0.9922,,9.01
1976-05-14,,1.8165,298.78,,0.9796,1.2356,0.997,,9.01
1976-05-13,,1.8275,298.95,,0.9792,1.2379,0.9998,,9.01
1976-05-12,,1.8385,298.69,,0.9796,1.2392,0.9988,,9.01
1976-05-11,,1.8335,298.42,,0.9788,1.2392,0.9983,,9.01
1976-05-10,,1.831,298.42,,0.979,1.2375,0.9955,,9.01
1976-05-07,,1.823,298.51,,0.9815,1.2371,1.0025,,9.01
1976-05-06,,1.822,298.24,,0.981,1.2353,0.9956,,8.97
1976-05-05,,1.8246,297.97,,0.9808,1.2385,1.001,,8.97
1976-05-04,,1.8255,297.89,,0.9827,1.2352,0.9959,,8.97
1976-05-03,,1.828,298.95,,0.9802,1.2372,0.9994,,8.97
1976-04-30,,1.84,299.04,,0.9789,1.2365,0.9995,,8.97
1976-04-29,,1.841,299.31,,0.9817,1.2365,0.9975,,8.93
1976-04-28,,1.8315,299.22,,0.9822,1.2333,0.9915,,8.93
1976-04-27,,1.8225,299.31,,0.9826,1.233,0.994,,8.93
1976-04-26,,1.8185,299.85,,0.9836,1.235,0.9926,,8.93
1976-04-23,,1.819,299.76,,0.9853,1.2352,0.9995,,8.93
1976-04-22,,1.829,299.67,,0.9845,1.2362,0.9987,,9.09
1976-04-21,,1.84,299.58,,0.9815,1.2375,1.0014,,9.01
1976-04-20,,1.847,299.49,,0.9845,1.2385,1.0028,,9.01
1976-04-19,,1.854,300.03,,0.9861,1.235,1.0041,,9.01
1976-04-16,,1.854,299.31,,0.987,1.235,1.0041,,9.01
1976-04-15,,1.852,299.4,,0.989,1.235,1.0041,,9.01
1976-04-14,,1.8565,298.06,,0.9885,1.2373,1.0033,,9.01
1976-04-13,,1.853,298.6,,0.9873,1.2357,1.0022,,9.01
1976-04-12,,1.845,298.42,,0.9832,1.2357,0.9983,,9.01
1976-04-09,,1.8365,297.89,,0.9802,1.2372,0.996,,9.01
1976-04-08,,1.834,297.44,,0.9789,1.2394,1.0054,,9.01
1976-04-07,,1.8662,298.86,,0.9806,1.239,1.005,,9.01
1976-04-06,,1.86,299.04,,0.9823,1.2375,1.0045,,9.01
1976-04-05,,1.8645,299.31,,0.9828,1.24,1.008,,9.01
1976-04-02,,1.871,299.31,,0.9839,1.2425,1.011,,9.01
1976-04-01,,1.884,299.49,,0.9845,1.2465,1.0181,,8.97
1976-03-31,,1.9159,299.58,,0.9843,1.2461,1.018,,8.97
1976-03-30,,1.9155,299.85,,0.9845,1.2458,1.0188,,8.97
1976-03-29,,1.917,299.67,,0.9846,1.2462,1.0184,,8.97
1976-03-26,,1.92,299.58,,0.9831,1.2468,1.0198,,8.97
1976-03-25,,1.9234,299.67,,0.9838,1.247,1.0205,,8.93
1976-03-24,,1.9266,299.76,,0.985,1.2465,1.0193,,8.93
1976-03-23,,1.925,299.76,,0.9853,1.2465,1.0189,,8.93
1976-03-22,,1.9217,299.85,,0.9853,1.2445,1.0186,,8.93
1976-03-19,,1.921,299.67,,0.9853,1.244,1.0195,,8.93
1976-03-18,,1.9238,299.94,,0.9852,1.2445,1.0195,,8.93
1976-03-17,,1.921,299.94,,0.9847,1.2415,1.0156,,8.93
1976-03-16,,1.9127,300.57,,0.9839,1.2435,1.0185,,8.93
1976-03-15,,1.922,300.66,,0.986,1.245,1.019,,8.93
1976-03-12,,1.925,300.84,,0.9858,1.2464,1.0208,,8.93
1976-03-11,,1.933,301.3,,0.9846,1.2436,1.0155,,9.09
1976-03-10,,1.9125,301.3,,0.9841,1.2461,1.0224,,9.09
1976-03-09,,1.941,301.11,,0.9849,1.2467,1.0211,,9.09
1976-03-08,,1.9415,300.75,,0.9852,1.2455,1.0266,,9.09
1976-03-05,,1.979,301.57,,0.9916,1.255,1.0391,,8.93
1976-03-04,,2.0135,301.66,,0.9894,1.2578,1.0417,,8.93
1976-03-03,,2.0245,301.57,,0.9884,1.2574,1.0415,,8.93
1976-03-02,,2.0238,301.66,,0.991,1.257,1.0415,,8.93
1976-03-01,,2.0239,301.66,,0.9893,1.2586,1.0415,,8.93
1976-02-27,,2.0252,302.11,,0.9848,1.258,1.0425,,8.93
1976-02-26,,2.026,302.11,,0.9855,1.2585,1.0425,,8.97
1976-02-25,,2.0262,302.02,,0.9884,1.257,1.042,,8.97
1976-02-24,,2.025,302.02,,0.9893,1.257,1.0419,,8.97
1976-02-23,,2.025,302.57,,0.9894,1.2575,1.042,,8.97
1976-02-20,,2.0242,302.11,,0.9916,1.2587,1.0417,,8.97
1976-02-19,,2.0235,301.75,,0.993,1.2582,1.0418,,8.94
1976-02-18,,2.024,301.66,,0.9937,1.2575,1.0413,,8.94
1976-02-17,,2.0224,301.57,,0.9963,1.258,1.0421,,8.94
1976-02-13,,2.0245,300.75,,0.9962,1.261,1.044,,8.94
1976-02-11,,2.0296,300.12,,0.9958,1.2605,1.0435,,8.93
1976-02-10,,2.0265,300.66,,0.9958,1.2602,1.0435,,8.93
1976-02-09,,2.028,300.75,,0.9956,1.2592,1.0423,,8.93
1976-02-06,,2.0265,301.39,,0.9959,1.2595,1.044,,8.93
1976-02-05,,2.028,300.57,,0.9964,1.261,1.044,,8.91
1976-02-04,,2.0311,300.57,,0.998,1.257,1.0419,,8.91
1976-02-03,,2.0276,302.76,,0.9984,1.2575,1.0425,,8.91
1976-02-02,,2.0285,303.21,,0.9994,1.256,1.041,,8.91
1976-01-30,,2.0295,303.67,,1.0011,1.2563,1.0418,,8.91
1976-01-29,,2.03,303.67,,1.0003,1.2565,1.041,,8.97
1976-01-28,,2.0287,303.58,,1,1.2595,1.046,,8.97
1976-01-27,,2.026,303.67,,1.0005,1.256,1.0402,,8.97
1976-01-26,,2.0252,303.77,,0.9992,1.258,1.04,,8.97
1976-01-23,,2.023,304.04,,1.0007,1.2547,1.0396,,8.97
1976-01-22,,2.023,304.14,,1.0019,1.255,1.0395,,8.93
1976-01-21,,2.0235,304.41,,1.0033,1.258,1.0414,,8.93
1976-01-20,,2.0305,303.86,,1.0025,1.2577,1.0414,,8.93
1976-01-19,,2.0325,304.14,,1.0058,1.2568,1.0405,,8.93
1976-01-16,,2.0295,305.25,,1.0064,1.2565,1.0402,,8.93
1976-01-15,,2.0275,305.25,,1.0024,1.2565,1.0404,,8.91
1976-01-14,,2.027,305.34,,1.0069,1.2555,1.0394,,8.93
1976-01-13,,2.025,305.25,,1.0091,1.2565,1.04,,8.93
1976-01-12,,2.031,305.16,,1.012,1.2555,1.04,,8.93
1976-01-09,,2.0305,306,,1.014,1.256,1.041,,8.93
1976-01-08,,2.034,305.62,,1.0127,1.2575,1.0415,,8.97
1976-01-07,,2.0345,305.25,,1.0125,1.2575,1.041,,8.97
1976-01-06,,2.0325,305.06,,1.0131,1.257,1.0405,,8.97
1976-01-05,,2.0325,305.16,,1.015,1.255,1.039,,8.97
1976-01-02,,2.0245,305.06,,1.0166,1.2545,1.0385,,8.97
1975-12-31,,2.0235,305.16,,1.0168,1.2545,1.0385,,8.97
1975-12-30,,2.0235,305.06,,1.0161,1.2545,1.0385,,8.97
1975-12-29,,2.0225,305.25,,1.0154,1.2542,1.0383,,8.97
1975-12-26,,2.023,305.9,,1.0142,1.2545,1.0376,,8.97
1975-12-24,,2.023,305.9,,1.0142,1.2544,1.0376,,8.97
1975-12-23,,2.0215,306,,1.014,1.2538,1.0373,,8.97
1975-12-22,,2.0213,306.09,,1.015,1.2537,1.0372,,8.97
1975-12-19,,2.0214,306.09,,1.0162,1.2536,1.0373,,8.97
1975-12-18,,2.0218,305.62,,1.0137,1.2537,1.0376,,8.97
1975-12-17,,2.0218,305.62,,1.0138,1.2525,1.0366,,8.97
1975-12-16,,2.0185,305.53,,1.0139,1.2518,1.0359,,8.97
1975-12-15,,2.017,306,,1.0152,1.252,1.0361,,8.97
1975-12-12,,2.0185,305.9,,1.0173,1.2525,1.037,,8.97
1975-12-11,,2.022,305.9,,1.0138,1.253,1.0373,,8.93
1975-12-10,,2.023,306.09,,1.0127,1.253,1.0371,,8.93
1975-12-09,,2.0225,306.19,,1.0121,1.253,1.0373,,8.93
1975-12-08,,2.023,306.84,,1.0116,1.2531,1.0373,,8.93
1975-12-05,,2.0235,306.75,,1.0111,1.2558,1.0396,,8.93
1975-12-04,,2.029,304.97,,1.0117,1.2551,1.0391,,9.09
1975-12-03,,2.024,305.06,,1.0127,1.2545,1.038,,9.09
1975-12-02,,2.02,304.41,,1.0138,1.2545,1.0385,,9.09
1975-12-01,,2.021,304.41,,1.0111,1.256,1.0395,,9.09
1975-11-28,,2.02,303.12,,1.0108,1.257,1.0405,,9.09
1975-11-26,,2.032,303.21,,1.0118,1.259,1.043,,8.97
1975-11-25,,2.0373,303.12,,1.0122,1.2595,1.043,,8.97
1975-11-24,,2.0375,302.94,,1.0117,1.2595,1.044,,8.97
1975-11-21,,2.0415,303.12,,1.0128,1.2615,1.0455,,8.97
1975-11-20,,2.046,302.94,,1.0131,1.2605,1.044,,8.93
1975-11-19,,2.0405,303.12,,1.0128,1.2585,1.0425,,8.93
1975-11-18,,2.0355,302.94,,1.0129,1.261,1.045,,8.93
1975-11-17,,2.032,302.66,,1.0158,1.261,1.045,,8.93
1975-11-14,,2.0455,302.57,,1.0156,1.263,1.0475,,8.93
1975-11-13,,2.053,302.21,,1.0121,1.266,1.051,,8.81
1975-11-12,,2.0635,301.93,,1.0127,1.26,1.055,,8.81
1975-11-10,,2.066,302.3,,1.0154,1.266,1.051,,8.81
1975-11-07,,2.0655,301.75,,1.0163,1.2675,1.0515,,8.81
1975-11-06,,2.0685,301.75,,1.0168,1.266,1.0508,,8.81
1975-11-05,,2.0645,301.84,,1.0171,1.2675,1.0525,,8.81
1975-11-03,,2.0745,301.75,,1.0162,1.27,1.055,,8.81
1975-10-31,,2.078,301.75,,1.0175,1.2685,1.053,,8.81
1975-10-30,,2.072,301.66,,1.0218,1.2665,1.051,,8.73
1975-10-29,,2.068,301.57,,1.0206,1.2665,1.051,,8.85
1975-10-28,,2.066,301.48,,1.02,1.2665,1.0515,,8.85
1975-10-27,,2.069,301.57,,1.022,1.267,1.0505,,8.85
1975-10-24,,2.0695,301.66,,1.022,1.266,1.0504,,8.85
1975-10-23,,2.0665,301.84,,1.0234,1.2685,1.053,,8.89
1975-10-22,,2.0745,301.57,,1.0268,1.267,1.0503,,8.89
1975-10-21,,2.061,301.11,,1.0285,1.2645,1.049,,8.89
1975-10-20,,2.061,302.48,,1.0287,1.263,1.048,,8.89
1975-10-17,,2.0575,302.76,,1.0291,1.263,1.048,,8.89
1975-10-16,,2.0555,302.94,,1.029,1.2625,1.048,,8.89
1975-10-15,,2.0555,302.94,,1.0302,1.261,1.046,,8.89
1975-10-14,,2.0475,302.66,,1.0269,1.264,1.0495,,8.89
1975-10-10,,2.058,302.94,,1.0254,1.26,1.045,,8.89
1975-10-09,,2.0475,303.03,,1.026,1.259,1.0435,,8.97
1975-10-08,,2.043,303.12,,1.0265,1.2585,1.043,,8.97
1975-10-07,,2.0415,302.94,,1.0264,1.258,1.043,,8.97
1975-10-06,,2.043,303.12,,1.0257,1.2565,1.042,,8.97
1975-10-03,,2.0375,303.03,,1.0248,1.257,1.043,,8.97
1975-10-02,,2.0385,302.66,,1.0246,1.259,1.043,,8.94
1975-10-01,,2.04,302.57,,1.0253,1.2555,1.042,,8.94
1975-09-30,,2.043,302.85,,1.0252,1.2535,1.041,,8.94
1975-09-29,,2.0365,303.21,,1.0251,1.2555,1.0425,,8.94
1975-09-26,,2.0445,301.75,,1.0248,1.2555,1.043,,8.94
1975-09-25,,2.047,302.66,,1.0248,1.255,1.042,,8.93
1975-09-24,,2.0445,303.12,,1.0234,1.254,1.043,,8.93
1975-09-23,,2.044,303.31,,1.0221,1.258,1.0475,,8.93
1975-09-22,,2.071,302.94,,1.0239,1.2625,1.0519,,8.93
1975-09-19,,2.08,301.57,,1.0245,1.267,1.0525,,8.93
1975-09-18,,2.0785,300.48,,1.0232,1.2685,1.054,,8.81
1975-09-17,,2.081,298.33,,1.0253,1.2705,1.0608,,8.81
1975-09-16,,2.0905,298.06,,1.0254,1.2745,1.0608,,8.81
1975-09-15,,2.1055,298.06,,1.0268,1.275,1.0605,,8.81
1975-09-12,,2.1065,298.06,,1.0267,1.276,1.0615,,8.81
1975-09-11,,2.11,298.06,,1.0287,1.275,1.062,,8.77
1975-09-10,,2.1105,297.97,,1.0275,1.282,1.062,,8.77
1975-09-09,,2.1095,298.06,,1.0263,1.277,1.0625,,8.77
1975-09-08,,2.111,297.97,,1.0276,1.2765,1.062,,8.77
1975-09-05,,2.109,297.97,,1.0289,1.2765,1.061,,8.77
1975-09-04,,2.1085,297.89,,1.0305,1.2775,1.062,,8.93
1975-09-03,,2.112,297.8,,1.0302,1.2765,1.062,,8.93
1975-09-02,,2.109,297.97,,1.0315,1.2755,1.06,,8.93
1975-08-29,,2.11,297.97,,1.0324,1.277,1.062,,8.93
1975-08-28,,2.1095,298.06,,1.0335,1.277,1.0625,,8.85
1975-08-27,,2.1105,297.97,,1.0349,1.277,1.0625,,8.85
1975-08-26,,2.109,298.15,,1.0356,1.276,1.061,,8.85
1975-08-25,,2.1055,298.06,,1.0328,1.277,1.061,,8.85
1975-08-22,,2.106,297.97,,1.035,1.278,1.063,,8.85
1975-08-21,,2.111,297.89,,1.0373,1.279,1.064,,8.81
1975-08-20,,2.119,297.97,,1.0372,1.28,1.0645,,8.81
1975-08-19,,2.1175,298.06,,1.0384,1.2775,1.062,,8.81
1975-08-18,,2.108,298.15,,1.04,1.277,1.0615,,8.81
1975-08-15,,2.108,297.97,,1.0393,1.2775,1.0615,,8.81
1975-08-14,,2.108,297.97,,1.0377,1.277,1.0615,,8.85
1975-08-13,,2.1075,297.97,,1.0371,1.2745,1.06,,8.85
1975-08-12,,2.1035,298.06,,1.0368,1.2745,1.06,,8.85
1975-08-11,,2.102,297.8,,1.0375,1.281,1.0605,,8.85
1975-08-08,,2.104,297.62,,1.0355,1.2865,1.248,,8.85
1975-08-07,,2.104,297.97,,1.0353,1.29,1.259,,8.62
1975-08-06,,2.128,298.06,,1.0325,1.293,1.259,,8.62
1975-08-05,,2.1405,297.97,,1.0317,1.2925,1.2597,,8.62
1975-08-04,,2.1415,297.97,,1.0315,1.2935,1.2605,,8.62
1975-08-01,,2.1475,297.89,,1.0316,1.295,1.263,,8.62
1975-07-31,,2.154,297.71,,1.0318,1.3,1.2635,,8.51
1975-07-30,,2.163,297.44,,1.0304,1.2985,1.268,,8.51
1975-07-29,,2.1755,297.35,,1.0319,1.298,1.268,,8.51
1975-07-28,,2.176,297.8,,1.0325,1.302,1.27,,8.51
1975-07-25,,2.1785,296.65,,1.0322,1.3,1.2695,,8.51
1975-07-24,,2.1785,297.62,,1.0325,1.301,1.271,,8.55
1975-07-23,,2.18,296.82,,1.032,1.3025,1.2705,,8.55
1975-07-22,,2.178,296.47,,1.0311,1.3035,1.272,,8.55
1975-07-21,,2.1755,296.12,,1.031,1.305,1.2725,,8.55
1975-07-18,,2.175,296.21,,1.031,1.3065,1.2745,,8.55
1975-07-17,,2.1792,296.3,,1.0292,1.309,1.2759,,8.47
1975-07-16,,2.185,296.03,,1.0315,1.309,1.2759,,8.47
1975-07-15,,2.1825,295.86,,1.029,1.3135,1.2805,,8.47
1975-07-14,,2.1915,295.86,,1.0295,1.314,1.282,,8.47
1975-07-11,,2.1995,296.12,,1.0304,1.316,1.2825,,8.47
1975-07-10,,2.1985,296.12,,1.0293,1.317,1.2845,,8.4
1975-07-09,,2.206,295.95,,1.031,1.3175,1.282,,8.4
1975-07-08,,2.1945,295.68,,1.0328,1.3165,1.2805,,8.47
1975-07-07,,2.186,295.51,,1.0314,1.3175,1.2825,,8.47
1975-07-03,,2.1945,295.42,,1.0287,1.32,1.2845,,8.47
1975-07-02,,2.1995,295.51,,1.0302,1.3215,1.2885,,8.51
1975-07-01,,2.209,295.68,,1.0299,1.3195,1.301,,8.4
1975-06-30,,2.1935,295.68,,1.0306,1.3235,1.2905,,8.4
1975-06-27,,2.225,296.03,,1.0303,1.3265,1.297,,8.4
1975-06-26,,2.241,295.77,,1.0273,1.3285,1.299,,8.26
1975-06-25,,2.2565,297,,1.0267,1.329,1.2995,,8.26
1975-06-24,,2.257,295.33,,1.0253,1.332,1.304,,8.26
1975-06-23,,2.2715,294.72,,1.0268,1.3335,1.3055,,8.26
1975-06-20,,2.273,293.94,,1.026,1.333,1.3055,,8.26
1975-06-19,,2.2735,294.12,,1.0261,1.334,1.306,,8.23
1975-06-18,,2.2729,294.12,,1.0247,1.3345,1.3065,,8.23
1975-06-17,,2.272,293.43,,1.0259,1.336,1.309,,8.23
1975-06-16,,2.275,294.12,,1.026,1.3365,1.309,,8.23
1975-06-13,,2.2835,292.65,,1.025,1.3365,1.309,,8.1
1975-06-12,,2.2775,292.48,,1.0256,1.336,1.307,,8.1
1975-06-11,,2.2815,291.89,,1.0236,1.338,1.3135,,8.1
1975-06-10,,2.316,291.89,,1.026,1.34,1.316,,8.1
1975-06-09,,2.317,291.8,,1.0269,1.3405,1.316,,8.1
1975-06-06,,2.3197,291.8,,1.0255,1.3415,1.3185,,8.1
1975-06-05,,2.3225,292.23,,1.026,1.3415,1.317,,8.1
1975-06-04,,2.318,291.29,,1.0281,1.342,1.3185,,8.1
1975-06-03,,2.3203,291.04,,1.0275,1.342,1.3165,,8.1
1975-06-02,,2.32,291.46,,1.025,1.341,1.3165,,8.1
1975-05-30,,2.316,291.55,,1.0228,1.3405,1.3165,,8.1
1975-05-29,,2.3165,291.38,,1.027,1.343,1.31,,8.1
1975-05-28,,2.32,290.7,,1.0277,1.3435,1.31,,8.1
1975-05-27,,2.3265,291.29,,1.0279,1.344,1.32,,8.1
1975-05-23,,2.3265,291.04,,1.0279,1.3435,1.3205,,8.16
1975-05-22,,2.327,291.89,,1.0311,1.342,1.317,,8.16
1975-05-21,,2.3145,292.06,,1.0268,1.3385,1.313,,8.16
1975-05-20,,2.3038,292.23,,1.0307,1.3385,1.3135,,8.16
1975-05-19,,2.303,291.8,,1.0327,1.338,1.312,,8.16
1975-05-16,,2.3023,291.55,,1.0336,1.3375,1.315,,8.03
1975-05-15,,2.3005,291.63,,1.0335,1.3405,1.315,,8.03
1975-05-14,,2.308,291.8,,1.0323,1.3405,1.315,,8.03
1975-05-13,,2.3065,291.46,,1.0347,1.3365,1.3125,,8.03
1975-05-12,,2.299,291.29,,1.0347,1.3375,1.315,,8.03
1975-05-09,,2.317,291.46,,1.0285,1.3425,1.322,,8.03
1975-05-08,,2.3408,291.38,,1.0266,1.3415,1.32,,8.03
1975-05-07,,2.3379,291.21,,1.026,1.3405,1.3195,,8.03
1975-05-06,,2.3385,291.38,,1.0266,1.3415,1.321,,8.03
1975-05-05,,2.3405,290.44,,1.0275,1.34,1.3185,,8
1975-05-02,,2.3368,290.36,,1.021,1.34,1.321,,8
1975-05-01,,2.3482,292.14,,1.0208,1.3375,1.321,,8
1975-04-30,,2.351,292.23,,1.0194,1.3385,1.322,,8
1975-04-29,,2.356,293.86,,1.0182,1.336,1.3185,,8
1975-04-28,,2.346,294.55,,1.0188,1.339,1.3205,,8
1975-04-25,,2.352,293.69,,1.017,1.3375,1.3275,,7.91
1975-04-24,,2.3595,292.83,,1.0152,1.343,1.3275,,7.91
1975-04-23,,2.369,292.74,,1.0164,1.3395,1.3215,,7.91
1975-04-22,,2.3545,292.83,,1.014,1.339,1.323,,7.91
1975-04-21,,2.3624,292.83,,1.0147,1.342,1.327,,7.91
1975-04-18,,2.3745,291.8,,1.0171,1.342,1.3265,,7.94
1975-04-17,,2.37,291.72,,1.0152,1.341,1.323,,7.94
1975-04-16,,2.3655,291.38,,1.0112,1.341,1.3235,,7.94
1975-04-15,,2.3665,290.95,,1.0108,1.3295,1.3225,,7.94
1975-04-14,,2.3559,291.29,,1.0093,1.341,1.325,,7.94
1975-04-11,,2.365,291.12,,1.0082,1.34,1.323,,7.84
1975-04-10,,2.3615,291.8,,1.0073,1.343,1.327,,7.84
1975-04-09,,2.3768,291.89,,1.0054,1.344,1.3285,,7.84
1975-04-08,,2.3811,291.89,,1.0075,1.3425,1.3265,,7.84
1975-04-07,,2.3801,291.97,,1.0051,1.343,1.329,,7.84
1975-04-04,,2.3903,292.23,,1.004,1.349,1.336,,7.75
1975-04-03,,2.4022,292.31,,1.003,1.349,1.336,,7.75
1975-04-02,,2.408,291.55,,1.0023,1.35,1.336,,7.75
1975-04-01,,2.408,290.87,,1.0023,1.346,1.335,,7.75
1975-03-31,,2.406,294.03,,1.0035,1.351,1.338,,7.75
1975-03-28,,2.408,292.48,,1.0033,1.351,1.338,,7.75
1975-03-27,,2.404,292.06,,1.0031,1.351,1.338,,7.75
1975-03-26,,2.412,290.53,,1.0017,1.355,1.34,,7.75
1975-03-25,,2.4145,290.02,,1.0017,1.356,1.34,,7.75
1975-03-24,,2.4167,287.77,,1.0004,1.3595,1.345,,7.75
1975-03-21,,2.4215,287.44,,0.9998,1.3595,1.345,,7.75
1975-03-20,,2.4237,287.19,,1.0001,1.3595,1.345,,7.75
1975-03-19,,2.4282,288.18,,0.9994,1.361,1.3455,,7.75
1975-03-18,,2.4255,287.19,,1.0004,1.36,1.343,,7.75
1975-03-17,,2.4187,286.53,,1.0004,1.357,1.3425,,7.75
1975-03-14,,2.418,288.1,,0.9999,1.356,1.3415,,7.75
1975-03-13,,2.415,288.85,,1.0004,1.3565,1.339,,7.75
1975-03-12,,2.409,287.27,,1.0007,1.3605,1.3405,,7.75
1975-03-11,,2.42,286.12,,1.0028,1.3575,1.3405,,7.75
1975-03-10,,2.4055,286.21,,1.0004,1.355,1.3415,,7.75
1975-03-07,,2.411,285.96,,0.9992,1.363,1.347,,7.75
1975-03-06,,2.428,285.71,,0.9982,1.365,1.35,,7.75
1975-03-05,,2.4315,285.23,,0.9978,1.3655,1.348,,7.75
1975-03-04,,2.4285,284.66,,0.9978,1.364,1.349,,7.75
1975-03-03,,2.4318,285.39,,0.9986,1.364,1.349,,7.75
1975-02-28,,2.43,286.45,,0.9982,1.364,1.3485,,7.75
1975-02-27,,2.4305,285.88,,0.9979,1.364,1.3455,,7.94
1975-02-26,,2.426,285.63,,0.9966,1.3605,1.345,,7.94
1975-02-25,,2.416,285.96,,0.9974,1.359,1.345,,7.94
1975-02-24,,2.4195,285.88,,1.0003,1.355,1.3385,,7.94
1975-02-21,,2.4027,289.52,,1.0001,1.352,1.337,,7.94
1975-02-20,,2.4005,291.12,,1.0016,1.35,1.335,,7.94
1975-02-19,,2.398,291.55,,1.0023,1.3475,1.333,,7.94
1975-02-18,,2.3933,293.34,,1.0038,1.3475,1.3325,,7.94
1975-02-14,,2.3905,293.26,,1.0021,1.3475,1.332,,7.94
1975-02-13,,2.3895,292.83,,1.0023,1.3455,1.331,,7.94
1975-02-11,,2.384,291.63,,1.0047,1.3455,1.331,,7.94
1975-02-10,,2.3875,292.4,,1.0026,1.343,1.322,,7.94
1975-02-07,,2.374,295.6,,1.0008,1.337,1.322,,7.94
1975-02-06,,2.371,297,,0.9991,1.3345,1.324,,8.13
1975-02-05,,2.368,297.27,,0.9989,1.3345,1.324,,8.13
1975-02-04,,2.369,297.09,,0.9991,1.3375,1.324,,8.13
1975-02-03,,2.375,297.44,,0.9999,1.34,1.324,,8.13
1975-01-31,,2.3825,297.97,,0.9995,1.336,1.324,,8.13
1975-01-30,,2.3765,297.8,,0.9983,1.3375,1.327,,8.13
1975-01-29,,2.37,297.35,,0.9966,1.3395,1.327,,8.13
1975-01-28,,2.3865,297.44,,0.9962,1.3453,1.3317,,8.13
1975-01-27,,2.4,294.99,,0.9964,1.3325,1.322,,8.13
1975-01-24,,2.3835,295.33,,0.9949,1.335,1.322,,8.13
1975-01-23,,2.3815,299.67,,0.9938,1.333,1.3225,,8.13
1975-01-22,,2.376,300.3,,0.9933,1.33,1.3175,,8.13
1975-01-21,,2.3635,300.84,,0.9925,1.329,1.3165,,8.13
1975-01-20,,2.359,301.02,,0.9911,1.3265,1.3135,,8.13
1975-01-17,,2.3525,300.84,,0.9918,1.3265,1.3135,,8.13
1975-01-16,,2.3535,300.75,,0.9932,1.326,1.314,,8.13
1975-01-15,,2.354,301.02,,0.9953,1.3235,1.3115,,8.13
1975-01-14,,2.3476,300.93,,0.9967,1.326,1.3135,,8.13
1975-01-13,,2.3531,300.93,,0.9978,1.326,1.323,,8.13
1975-01-10,,2.352,300.84,,0.9982,1.3275,1.3125,,8.13
1975-01-09,,2.35,300.84,,0.9966,1.3249,1.3117,,8.13
1975-01-08,,2.347,300.75,,0.9938,1.327,1.315,,8.13
1975-01-07,,2.354,300.93,,0.9937,1.3275,1.3135,,8.13
1975-01-06,,2.3535,301.02,,0.9917,1.3245,1.31,,8.13
1975-01-03,,2.3414,300.84,,0.9919,1.3215,1.307,,8.13
1975-01-02,,2.333,300.66,,0.9917,1.324,1.3105,,8.13
1974-12-31,,2.347,301.02,,0.9914,1.3245,1.3105,,8.13
1974-12-30,,2.346,300.57,,0.9906,1.3215,1.31,,8.13
1974-12-27,,2.3432,300.75,,0.9885,1.315,1.304,,8.13
1974-12-26,,2.332,301.11,,0.9883,1.3175,1.3095,,8.13
1974-12-24,,2.331,301.2,,0.9887,1.3175,1.3095,,8.13
1974-12-23,,2.3295,301.02,,0.9893,1.3175,1.3095,,8.13
1974-12-20,,2.3255,301.11,,0.9893,1.322,1.3095,,8.13
1974-12-19,,2.3295,300.84,,0.9894,1.322,1.3095,,8.13
1974-12-18,,2.3415,300.66,,0.9893,1.322,1.308,,8.13
1974-12-17,,2.3343,300.48,,0.9896,1.317,1.302,,8.13
1974-12-16,,2.3293,300.3,,0.9876,1.317,1.302,,8.13
1974-12-13,,2.313,300.03,,0.9864,1.316,1.2985,,8.13
1974-12-12,,2.306,300.03,,0.9855,1.3165,1.3015,,8
1974-12-11,,2.3157,299.76,,0.9856,1.3165,1.306,,8
1974-12-10,,2.3242,299.76,,0.9867,1.3165,1.306,,8
1974-12-09,,2.335,299.85,,0.9869,1.315,1.3045,,8.1
1974-12-06,,2.3297,299.94,,0.9878,1.314,1.3044,,8.1
1974-12-05,,2.329,300.03,,0.9875,1.3147,1.3031,,8.06
1974-12-04,,2.3275,299.76,,0.9865,1.3125,1.3025,,8.06
1974-12-03,,2.3235,300.03,,0.9894,1.3125,1.302,,8.06
1974-12-02,,2.3245,300.39,,0.9885,1.314,1.305,,8.06
1974-11-29,,2.3255,300.3,,0.9874,1.314,1.305,,8.06
1974-11-27,,2.3247,299.85,,0.9868,1.314,1.305,,8.06
1974-11-26,,2.3245,300.12,,0.9876,1.315,1.305,,8.06
1974-11-25,,2.3222,300.21,,0.9872,1.315,1.305,,8.06
1974-11-22,,2.32,299.85,,0.9881,1.311,1.3,,8.06
1974-11-21,,2.321,299.94,,0.9866,1.311,1.299,,8.1
1974-11-20,,2.3197,299.94,,0.9859,1.314,1.301,,8.1
1974-11-19,,2.3235,299.94,,0.9866,1.3165,1.3045,,8.1
1974-11-18,,2.3325,299.67,,0.9886,1.311,1.308,,8.1
1974-11-15,,2.3145,299.94,,0.9888,1.31,1.308,,8.1
1974-11-14,,2.3135,300.3,,0.9899,1.3055,1.308,,8.03
1974-11-13,,2.303,300.12,,0.9913,1.303,1.308,,8.03
1974-11-12,,2.299,300.3,,0.9899,1.31,1.308,,8.03
1974-11-08,,2.335,299.67,,0.988,1.311,1.308,,8.03
1974-11-07,,2.3464,299.76,,0.9864,1.311,1.3025,,8.06
1974-11-06,,2.3472,300.48,,0.9855,1.3085,1.3,,8.06
1974-11-04,,2.343,300.48,,0.9835,1.3085,1.3,,8.06
1974-11-01,,2.338,300.48,,0.9845,1.3085,1.3,,8.06
1974-10-31,,2.3355,299.94,,0.9846,1.308,1.2995,,8.06
1974-10-30,,2.3352,299.94,,0.9844,1.308,1.295,,8.06
1974-10-29,,2.3342,299.94,,0.9845,1.308,1.295,,8.06
1974-10-28,,2.3323,300.12,,0.9838,1.308,1.295,,8.06
1974-10-25,,2.3332,299.85,,0.9832,1.308,1.295,,8.06
1974-10-24,,2.3315,299.94,,0.9837,1.308,1.295,,8.06
1974-10-23,,2.3325,299.67,,0.9838,1.3064,1.3,,8.06
1974-10-22,,2.3295,299.94,,0.9838,1.3075,1.3025,,8.06
1974-10-21,,2.3299,299.67,,0.9839,1.3077,1.3025,,8.06
1974-10-18,,2.3324,299.31,,0.9822,1.3077,1.3025,,8.06
1974-10-17,,2.3326,298.95,,0.9815,1.3075,1.2982,,8.03
1974-10-16,,2.3337,299.04,,0.9821,1.307,1.2982,,8.03
1974-10-15,,2.331,299.13,,0.982,1.31,1.3,,8.03
1974-10-11,,2.334,299.13,,0.9823,1.3129,1.305,,8.03
1974-10-10,,2.325,298.77,,0.9799,1.311,1.305,,8.06
1974-10-09,,2.341,298.69,,0.9789,1.311,1.305,,8.06
1974-10-08,,2.3343,299.76,,0.9808,1.313,1.305,,8.06
1974-10-07,,2.3357,300.03,,0.983,1.313,1.305,,8.06
1974-10-04,,2.335,299.04,,0.9845,1.314,1.295,,8.03
1974-10-03,,2.327,299.04,,0.9844,1.3025,1.295,,8.03
1974-10-02,,2.3335,297.97,,0.9843,1.3125,1.298,,8.03
1974-10-01,,2.3362,298.15,,0.9848,1.3125,1.298,,8.06
1974-09-30,,2.3325,298.33,,0.9859,1.31,1.298,,8.06
1974-09-27,,2.332,296.74,,0.9856,1.306,1.298,,8.12
1974-09-26,,2.323,296.74,,0.9842,1.3065,1.3,,8.12
1974-09-25,,2.316,296.21,,0.9829,1.3075,1.295,,8.12
1974-09-24,,2.3148,294.81,,0.9838,1.485,1.4225,,8.12
1974-09-23,,2.3165,295.86,,0.9836,1.485,1.4225,,8.12
1974-09-20,,2.3142,295.86,,0.9868,1.485,1.4225,,8.12
1974-09-19,,2.315,296.82,,0.9867,1.4825,1.4225,,8.12
1974-09-18,,2.3195,296.03,,0.9876,1.485,1.4225,,8.12
1974-09-17,,2.317,296.12,,0.9877,1.485,1.4225,,8.12
1974-09-16,,2.3133,299.4,,0.9879,1.487,1.4225,,8.12
1974-09-13,,2.312,299.58,,0.9873,1.485,1.4225,,8.12
1974-09-12,,2.3155,301.2,,0.9877,1.485,1.4225,,8.13
1974-09-11,,2.315,302.11,,0.9877,1.485,1.4225,,8.13
1974-09-10,,2.3165,302.75,,0.9862,1.485,1.4225,,8.13
1974-09-09,,2.313,302.48,,0.9883,1.485,1.4225,,8.13
1974-09-06,,2.3106,302.66,,0.9873,1.485,1.4225,,8.13
1974-09-05,,2.311,302.57,,0.9856,1.48,1.415,,8.13
1974-09-04,,2.3135,302.75,,0.9866,1.48,1.415,,8.13
1974-09-03,,2.31,302.66,,0.9879,1.48,1.415,,8.13
1974-08-30,,2.3162,302.94,,0.9877,1.48,1.425,,8.13
1974-08-29,,2.3165,302.94,,0.987,1.485,1.425,,8.1
1974-08-28,,2.3185,302.48,,0.9883,1.485,1.425,,8.1
1974-08-27,,2.3125,302.11,,0.9847,1.485,1.425,,8.1
1974-08-26,,2.3245,302.85,,0.9815,1.485,1.425,,8.06
1974-08-23,,2.3225,303.12,,0.9811,1.4825,1.4325,,8.06
1974-08-22,,2.313,303.86,,0.9785,1.4825,1.4325,,8.06
1974-08-21,,2.3225,303.49,,0.9777,1.4825,1.4325,,8.06
1974-08-20,,2.32,303.12,,0.9782,1.4825,1.4325,,8.06
1974-08-19,,2.3245,303.12,,0.979,1.4825,1.4325,,8.06
1974-08-16,,2.3385,302.94,,0.9783,1.4825,1.4325,,8.06
1974-08-15,,2.3447,302.75,,0.9773,1.4825,1.445,,7.94
1974-08-14,,2.3565,302.48,,0.977,1.4825,1.445,,7.94
1974-08-13,,2.3585,301.84,,0.9788,1.4825,1.445,,7.94
1974-08-12,,2.3695,302.11,,0.9778,1.4825,1.445,,7.94
1974-08-09,,2.373,302.57,,0.977,1.4825,1.445,,7.94
1974-08-08,,2.3645,302.75,,0.975,1.48,1.44,,7.87
1974-08-07,,2.3762,302.11,,0.977,1.48,1.44,,7.87
1974-08-06,,2.38,300.75,,0.9787,1.48,1.44,,7.87
1974-08-05,,2.384,300.21,,0.979,1.48,1.445,,7.87
1974-08-02,,2.3845,300.12,,0.9791,1.4825,1.455,,7.81
1974-08-01,,2.383,299.58,,0.979,1.4825,1.455,,7.81
1974-07-31,,2.387,298.24,,0.9792,1.4825,1.455,,7.87
1974-07-30,,2.3825,297.53,,0.9788,1.4825,1.455,,7.87
1974-07-29,,2.393,298.24,,0.9773,1.4825,1.455,,7.87
1974-07-26,,2.3923,295.42,,0.9754,1.48,1.455,,7.87
1974-07-25,,2.3905,293.94,,0.9737,1.475,1.4525,,7.84
1974-07-24,,2.394,292.83,,0.9776,1.475,1.4525,,7.84
1974-07-23,,2.39,292.74,,0.9781,1.475,1.4525,,7.87
1974-07-22,,2.3915,291.29,,0.9804,1.475,1.4525,,7.81
1974-07-19,,2.3928,290.7,,0.9815,1.475,1.4525,,7.87
1974-07-18,,2.3925,290.36,,0.979,1.4775,1.45,,7.81
1974-07-17,,2.39,289.94,,0.9788,1.475,1.45,,7.81
1974-07-16,,2.386,288.1,,0.9775,1.4775,1.4525,,7.81
1974-07-15,,2.3875,288.85,,0.9761,1.4775,1.4525,,7.81
1974-07-12,,2.386,289.18,,0.9757,1.4775,1.4525,,7.87
1974-07-11,,2.3825,291.97,,0.9738,1.48,1.45,,7.81
1974-07-10,,2.388,290.7,,0.9737,1.48,1.45,,7.81
1974-07-09,,2.3875,288.43,,0.9734,1.485,1.4475,,7.81
1974-07-08,,2.388,287.94,,0.9746,1.485,1.4475,,7.81
1974-07-05,,2.388,287.36,,0.9742,1.485,1.4475,,7.87
1974-07-03,,2.397,285.88,,0.9737,1.485,1.45,,7.81
1974-07-02,,2.398,286.61,,0.9741,1.485,1.45,,7.81
1974-07-01,,2.386,285.31,,0.973,1.485,1.45,,7.81
1974-06-28,,2.3905,284.25,,0.9723,1.485,1.445,,7.87
1974-06-27,,2.389,283.93,,0.9709,1.485,1.4475,,7.81
1974-06-26,,2.3785,284.09,,0.9692,1.485,1.4475,,7.81
1974-06-25,,2.3705,283.85,,0.969,1.48,1.4475,,7.87
1974-06-24,,2.3555,283.61,,0.9726,1.48,1.4475,,7.87
1974-06-21,,2.377,283.21,,0.969,1.48,1.4475,,7.87
1974-06-20,,2.386,282.89,,0.9669,1.485,1.45,,7.87
1974-06-19,,2.39,282.65,,0.9668,1.485,1.45,,7.87
1974-06-18,,2.3875,282.73,,0.966,1.485,1.45,,7.87
1974-06-17,,2.3895,282.73,,0.9646,1.485,1.455,,7.87
1974-06-14,,2.3925,282.57,,0.9639,1.485,1.455,,7.87
1974-06-13,,2.3905,282.49,,0.965,1.485,1.455,,7.81
1974-06-12,,2.3945,282.97,,0.9667,1.4825,1.455,,7.81
1974-06-11,,2.395,282.25,,0.966,1.4825,1.455,,7.81
1974-06-10,,2.4,282.17,,0.9634,1.4825,1.455,,7.81
1974-06-07,,2.4025,282.65,,0.9633,1.4825,1.455,,7.81
1974-06-06,,2.4075,281.93,,0.9632,1.485,1.46,,7.87
1974-06-05,,2.408,281.85,,0.9631,1.4825,1.46,,7.87
1974-06-04,,2.401,282.89,,0.963,1.4825,1.46,,7.87
1974-06-03,,2.398,283.69,,0.9626,1.4825,1.46,,7.87
1974-05-31,,2.396,281.93,,0.9622,1.4825,1.45,,7.87
1974-05-30,,2.392,280.9,,0.9623,1.4825,1.46,,7.81
1974-05-29,,2.391,279.72,,0.963,1.4825,1.46,,7.81
1974-05-28,,2.393,279.33,,0.9617,1.485,1.4575,,7.81
1974-05-24,,2.401,279.49,,0.9604,1.485,1.4575,,7.81
1974-05-23,,2.4115,279.56,,0.9606,1.485,1.465,,7.81
1974-05-22,,2.4145,279.88,,0.9626,1.485,1.465,,7.81
1974-05-21,,2.406,279.1,,0.9634,1.485,1.465,,7.84
1974-05-20,,2.405,278.24,,0.9632,1.485,1.465,,7.81
1974-05-17,,2.41,277.7,,0.9639,1.48,1.4575,,7.81
1974-05-16,,2.4125,277.62,,0.9624,1.485,1.465,,7.72
1974-05-15,,2.4245,277.39,,0.9622,1.485,1.465,,7.72
1974-05-14,,2.4185,277.78,,0.9622,1.485,1.465,,7.72
1974-05-13,,2.429,277.62,,0.9625,1.485,1.465,,7.72
1974-05-10,,2.43,277.62,,0.962,1.485,1.465,,7.72
1974-05-09,,2.4305,277.62,,0.9644,1.485,1.46,,7.75
1974-05-08,,2.43,277.62,,0.964,1.485,1.46,,7.75
1974-05-07,,2.4155,279.56,,0.9631,1.485,1.46,,7.87
1974-05-06,,2.435,279.41,,0.9638,1.485,1.4575,,7.75
1974-05-03,,2.418,279.8,,0.9612,1.485,1.455,,7.75
1974-05-02,,2.419,279.96,,0.9605,1.485,1.4575,,7.81
1974-05-01,,2.4185,279.41,,0.9596,1.485,1.4575,,7.81
1974-04-30,,2.424,279.64,,0.9606,1.485,1.4575,,7.81
1974-04-29,,2.432,279.33,,0.9615,1.485,1.4575,,7.81
1974-04-26,,2.41,279.8,,0.9614,1.485,1.4575,,7.81
1974-04-25,,2.403,278.16,,0.9577,1.4825,1.4425,,7.87
1974-04-24,,2.409,276.24,,0.9605,1.4825,1.4425,,7.87
1974-04-23,,2.402,275.56,,0.9624,1.4825,1.4425,,7.87
1974-04-22,,2.39,277.39,,0.965,1.4825,1.4425,,7.87
1974-04-19,,2.3845,276.93,,0.9656,1.4825,1.4425,,7.87
1974-04-18,,2.372,276.4,,0.9666,1.4825,1.4425,,7.97
1974-04-17,,2.368,276.4,,0.9687,1.4825,1.445,,7.97
1974-04-16,,2.357,276.93,,0.9695,1.4825,1.445,,8
1974-04-15,,2.3635,278.55,,0.9705,1.485,1.4525,,7.97
1974-04-12,,2.364,278.55,,0.9716,1.485,1.4525,,7.97
1974-04-11,,2.3615,276.78,,0.9714,1.485,1.4525,,7.81
1974-04-10,,2.3555,278.01,,0.9714,1.485,1.4525,,7.81
1974-04-09,,2.383,279.25,,0.9724,1.485,1.4525,,7.84
1974-04-08,,2.3935,278.01,,0.9721,1.485,1.4525,,7.84
1974-04-05,,2.393,279.33,,0.9702,1.485,1.4525,,7.84
1974-04-04,,2.3925,278.32,,0.9705,1.485,1.4625,,7.81
1974-04-03,,2.3985,275.86,,0.9721,1.485,1.46,,7.81
1974-04-02,,2.397,275.48,,0.9722,1.485,1.46,,7.81
1974-04-01,,2.396,280.11,,0.9723,1.485,1.46,,7.81
1974-03-29,,2.393,276.09,,0.9728,1.485,1.445,,7.81
1974-03-28,,2.402,274.42,,0.973,1.485,1.445,,7.97
1974-03-27,,2.375,275.48,,0.9744,1.485,1.445,,7.97
1974-03-26,,2.37,274.88,,0.9723,1.485,1.445,,7.97
1974-03-25,,2.3665,275.18,,0.9713,1.485,1.445,,7.97
1974-03-22,,2.341,276.78,,0.9713,1.485,1.445,,7.97
1974-03-21,,2.36,279.1,,0.9708,1.485,1.435,,8.03
1974-03-20,,2.345,280.19,,0.9711,1.485,1.435,,8.03
1974-03-19,,2.331,280.98,,0.9724,1.485,1.435,,8.03
1974-03-18,,2.3295,281.93,,0.9731,1.485,1.435,,8.03
1974-03-15,,2.334,282.49,,0.973,1.485,1.435,,8.03
1974-03-14,,2.3455,282.89,,0.9723,1.485,1.43,,8.1
1974-03-13,,2.348,282.33,,0.9717,1.485,1.43,,8.1
1974-03-12,,2.327,281.69,,0.9722,1.485,1.43,,8.1
1974-03-11,,2.322,285.71,,0.9723,1.4875,1.43,,8.1
1974-03-08,,2.322,287.19,,0.971,1.4875,1.43,,8.1
1974-03-07,,2.3225,286.86,,0.9726,1.4875,1.44,,8.08
1974-03-06,,2.33,287.03,,0.9737,1.485,1.42,,8.2
1974-03-05,,2.324,289.44,,0.9723,1.485,1.42,,8.2
1974-03-04,,2.2795,292.74,,0.9695,1.485,1.42,,8.2
1974-03-01,,2.286,292.06,,0.9698,1.4875,1.42,,8.2
1974-02-28,,2.3015,288.43,,0.9685,1.4875,1.425,,8.16
1974-02-27,,2.3005,287.03,,0.9693,1.485,1.425,,8.2
1974-02-26,,2.311,286.53,,0.973,1.485,1.425,,8.2
1974-02-25,,2.292,283.37,,0.973,1.4875,1.405,,8.2
1974-02-22,,2.3155,280.58,,0.9719,1.485,1.405,,8.2
1974-02-21,,2.295,282.09,,0.972,1.485,1.405,,8.2
1974-02-20,,2.2875,289.02,,0.9748,1.485,1.405,,8.23
1974-02-19,,2.282,290.11,,0.9745,1.485,1.405,,8.23
1974-02-15,,2.278,293.17,,0.9741,1.4875,1.4,,8.23
1974-02-14,,2.2735,291.55,,0.9726,1.485,1.4,,8.33
1974-02-13,,2.2665,291.89,,0.9768,1.485,1.395,,8.33
1974-02-11,,2.2425,295.51,,0.9791,1.485,1.395,,8.37
1974-02-08,,2.2385,296.3,,0.9817,1.485,1.395,,8.37
1974-02-07,,2.2425,296.82,,0.9804,1.485,1.395,,8.23
1974-02-06,,2.2335,297.62,,0.9817,1.485,1.395,,8.23
1974-02-05,,2.248,293.69,,0.9832,1.4825,1.39,,8.23
1974-02-04,,2.2635,297,,0.9853,1.4825,1.395,,8.23
1974-02-01,,2.2765,298.86,,0.9871,1.4825,1.395,,8.23
1974-01-31,,2.286,298.77,,0.9882,1.485,1.375,,8.55
1974-01-30,,2.255,299.22,,0.9897,1.485,1.375,,8.55
1974-01-29,,2.22,300.03,,0.9879,1.485,1.375,,8.55
1974-01-28,,2.206,299.85,,0.9884,1.4825,1.375,,8.55
1974-01-25,,2.204,299.8,,0.9892,1.485,1.38,,8.62
1974-01-24,,2.2015,300.12,,0.9916,1.485,1.38,,8.62
1974-01-23,,2.185,303.58,,0.9928,1.485,1.38,,8.62
1974-01-22,,2.182,304.88,,0.9921,1.485,1.38,,8.58
1974-01-21,,2.1735,305.34,,0.9924,1.48,1.38,,8.58
1974-01-18,,2.186,300.12,,0.9925,1.48,1.39,,8.58
1974-01-17,,2.18,300.12,,0.9935,1.48,1.39,,8.36
1974-01-16,,2.1775,300.12,,0.993,1.48,1.39,,8.36
1974-01-15,,2.191,300.12,,0.9916,1.48,1.365,,8.36
1974-01-14,,2.231,300.12,,0.9915,1.48,1.365,,8.36
1974-01-11,,2.2485,300.03,,0.992,1.4775,1.385,,8.4
1974-01-10,,2.2375,299.94,,0.9909,1.4825,1.415,,8.4
1974-01-09,,2.241,299.94,,0.9895,1.4825,1.415,,8.4
1974-01-08,,2.2295,299.94,,0.9919,1.4825,1.415,,8.4
1974-01-07,,2.2265,300.3,,0.9926,1.482,1.415,,8.21
1974-01-04,,2.276,282.09,,0.9931,1.482,1.415,,8.21
1974-01-03,,2.2855,283.69,,0.993,1.482,1.415,,8.21
1974-01-02,,2.3045,280.82,,0.9956,1.4825,1.4225,,8.16
1973-12-31,,2.3225,280.27,,0.996,1.4825,1.4225,,8.16
1973-12-28,,2.318,280.43,,0.996,1.4825,1.4225,,8.16
1973-12-27,,2.313,280.66,,0.998,1.48,1.435,,8.16
1973-12-26,,2.3095,280.27,,0.9983,1.4825,1.43,,8.12
1973-12-24,,2.3105,280.35,,0.9983,1.4805,1.43,,8.12
1973-12-21,,2.3075,280.11,,0.9994,1.4825,1.4325,,8.12
1973-12-20,,2.308,280.11,,0.9997,1.4825,1.4325,,8.12
1973-12-19,,2.31,280.11,,0.9999,1.4825,1.4325,,8.12
1973-12-18,,2.3085,280.11,,1.0001,1.4825,1.425,,8.2
1973-12-17,,2.307,280.11,,0.9996,1.4825,1.42,,8.2
1973-12-14,,2.31,280.11,,1,1.484,1.42,,8.13
1973-12-13,,2.3165,280.11,,0.9996,1.484,1.4325,,8.13
1973-12-12,,2.3125,280.03,,1.0002,1.485,1.44,,8.13
1973-12-11,,2.3065,280.11,,1.0002,1.484,1.4375,,8.06
1973-12-10,,2.3125,280.11,,1.0002,1.4885,1.476,,8.06
1973-12-07,,2.326,280.11,,1.001,1.4885,1.476,,8.06
1973-12-06,,2.337,280.11,,1.0004,1.4825,1.476,,8.06
1973-12-05,,2.3375,280.11,,1,1.483,1.476,,8.03
1973-12-04,,2.3345,280.11,,1.0006,1.483,1.476,,8.03
1973-12-03,,2.34,280.11,,1.0009,1.483,1.476,,8.03
1973-11-30,,2.343,280.11,,1.0002,1.482,1.4725,,8.06
1973-11-29,,2.34,280.11,,0.9988,1.48,1.47,,8.06
1973-11-28,,2.336,279.8,,1.0003,1.482,1.47,,8.06
1973-11-27,,2.3575,280.11,,1.0008,1.481,1.47,,8
1973-11-26,,2.343,280.11,,0.9998,1.481,1.47,,8
1973-11-23,,2.346,280.66,,0.9982,1.482,1.47,,8
1973-11-21,,2.3915,280.11,,0.9974,1.483,1.475,,7.83
1973-11-20,,2.391,280.43,,0.9986,1.483,1.475,,7.83
1973-11-19,,2.39,280.11,,0.9976,1.482,1.4725,,7.86
1973-11-16,,2.3855,280.11,,0.9996,1.4825,1.476,,7.86
1973-11-15,,2.397,280.27,,1,1.4825,1.476,,7.69
1973-11-14,,2.397,280.66,,1.002,1.48,1.4725,,7.69
1973-11-13,,2.3925,280.19,,1.0007,1.48,1.4725,,7.69
1973-11-12,,2.388,275.25,,0.9995,1.4825,1.48,,7.69
1973-11-09,,2.4015,275.33,,0.9985,1.4835,1.48,,7.78
1973-11-08,,2.4187,275.25,,0.998,1.4825,1.488,,7.76
1973-11-07,,2.4225,275.18,,0.9984,1.483,1.488,,7.76
1973-11-05,,2.43,275.18,,0.997,1.486,1.49,,7.7
1973-11-02,,2.4345,276.01,,0.9966,1.485,1.49,,7.68
1973-11-01,,2.4345,270.27,,0.9997,1.48,1.49,,7.68
1973-10-31,,2.4385,266.95,,0.999,1.48,1.49,,7.69
1973-10-30,,2.4325,266.95,,0.997,1.485,1.49,,7.69
1973-10-29,,2.4235,266.74,,0.9966,1.485,1.49,,7.69
1973-10-26,,2.4355,266.67,,0.9945,1.48,1.4875,,7.69
1973-10-25,,2.442,266.45,,0.993,1.48,1.4875,,7.69
1973-10-24,,2.4425,266.38,,0.995,1.48,1.4875,,7.69
1973-10-23,,2.4455,266.45,,0.9969,1.48,1.4875,,7.69
1973-10-19,,2.437,266.38,,0.9986,1.485,1.4875,,7.69
1973-10-18,,2.4445,266.31,,0.9999,1.485,1.4875,,7.69
1973-10-17,,2.4525,266.38,,1.001,1.4825,1.4875,,7.69
1973-10-16,,2.438,266.45,,1.0002,1.4825,1.4875,,7.72
1973-10-15,,2.4325,266.45,,1.0014,1.4825,1.485,,7.78
1973-10-12,,2.426,266.24,,1.0028,1.4825,1.485,,7.75
1973-10-11,,2.4255,266.24,,1.0039,1.4825,1.485,,7.75
1973-10-10,,2.4205,266.31,,1.0044,1.4825,1.485,,7.75
1973-10-09,,2.4118,266.31,,1.0056,1.4825,1.485,,7.78
1973-10-05,,2.413,266.17,,1.0073,1.4825,1.485,,7.78
1973-10-04,,2.4128,265.96,,1.0065,1.4825,1.485,,7.78
1973-10-03,,2.4138,265.89,,1.007,1.4825,1.485,,7.78
1973-10-02,,2.4115,265.75,,1.007,1.4825,1.485,,7.78
1973-10-01,,2.4135,265.6,,1.0055,1.48,1.48,,7.72
1973-09-28,,2.4135,265.6,,1.0058,1.48,1.48,,7.75
1973-09-27,,2.4193,265.6,,1.0056,1.48,1.48,,7.75
1973-09-26,,2.423,265.53,,1.0077,1.4825,1.48,,7.75
1973-09-25,,2.4225,265.46,,1.0075,1.4825,1.48,,7.75
1973-09-24,,2.4225,265.39,,1.0083,1.4825,1.475,,7.72
1973-09-21,,2.424,265.25,,1.0077,1.4825,1.475,,7.75
1973-09-20,,2.421,265.39,,1.0079,1.4825,1.475,,7.75
1973-09-19,,2.418,265.46,,1.0104,1.4825,1.475,,7.75
1973-09-18,,2.4165,265.53,,1.011,1.4825,1.475,,7.78
1973-09-17,,2.411,265.53,,1.01,1.4825,1.475,,7.75
1973-09-14,,2.4115,265.6,,1.0093,1.4825,1.475,,7.78
1973-09-13,,2.4135,265.6,,1.0083,1.4825,1.475,,7.78
1973-09-12,,2.4065,265.6,,1.0101,1.486,1.48,,7.75
1973-09-11,,2.4085,265.46,,1.0107,1.486,1.4825,,7.6
1973-09-10,,2.4125,265.39,,1.0082,1.485,1.4815,,7.6
1973-09-07,,2.4185,265.39,,1.0083,1.414,1.35,,7.58
1973-09-06,,2.422,265.39,,1.0078,1.414,1.35,,7.58
1973-09-05,,2.422,265.39,,1.0065,1.414,1.35,,7.55
1973-09-04,,2.441,265.46,,1.006,1.414,1.35,,7.58
1973-08-31,,2.458,265.39,,1.0056,1.416,1.35,,7.58
1973-08-30,,2.457,265.39,,1.005,1.416,1.35,,7.58
1973-08-29,,2.465,265.32,,1.005,1.414,1.35,,7.55
1973-08-28,,2.4575,265.32,,1.0047,1.414,1.35,,7.58
1973-08-27,,2.461,265.32,,1.0046,1.414,1.35,,7.58
1973-08-24,,2.4585,265.25,,1.0044,1.414,1.35,,7.6
1973-08-23,,2.457,265.25,,1.0048,1.414,1.35,,7.6
1973-08-22,,2.4655,265.25,,1.0054,1.4158,1.35,,7.6
1973-08-21,,2.469,265.18,,1.0052,1.415,1.345,,7.66
1973-08-20,,2.477,265.6,,1.0045,1.415,1.345,,7.66
1973-08-17,,2.4635,265.53,,1.0043,1.415,1.3525,,7.66
1973-08-16,,2.459,265.39,,1.0043,1.415,1.356,,7.58
1973-08-15,,2.462,265.46,,1.0061,1.414,1.356,,7.6
1973-08-14,,2.4695,265.46,,1.0046,1.414,1.355,,7.58
1973-08-13,,2.475,265.46,,1.0047,1.414,1.355,,7.62
1973-08-10,,2.475,265.25,,1.0033,1.416,1.359,,7.49
1973-08-09,,2.481,265.11,,1.0025,1.416,1.358,,7.49
1973-08-08,,2.5,265.18,,1.003,1.416,1.359,,7.46
1973-08-07,,2.497,265.25,,1.002,1.415,1.359,,7.52
1973-08-06,,2.4925,265.11,,1.002,1.415,1.36,,7.52
1973-08-03,,2.5085,265.39,,1.0012,1.418,1.367,,7.49
1973-08-02,,2.515,264.76,,1.0018,1.415,1.35,,7.49
1973-08-01,,2.517,263.44,,1.0018,1.41,1.35,,7.49
1973-07-31,,2.499,263.44,,1.0015,1.42,1.35,,7.49
1973-07-30,,2.5035,263.57,,1.001,1.42,1.35,,7.49
1973-07-27,,2.504,264.76,,1.0004,1.42,1.35,,7.49
1973-07-26,,2.485,265.6,,0.9999,1.42,1.35,,7.46
1973-07-25,,2.5035,265.53,,1.0003,1.4115,1.35,,7.46
1973-07-24,,2.5205,265.6,,1.0006,1.4115,1.35,,7.46
1973-07-23,,2.535,266.17,,0.9992,1.4115,1.354,,7.41
1973-07-20,,2.5395,265.6,,0.9992,1.4225,1.36,,7.41
1973-07-19,,2.5335,265.18,,1.0004,1.42,1.367,,7.27
1973-07-18,,2.5445,265.11,,1.0002,1.42,1.37,,7.27
1973-07-17,,2.544,265.25,,1.0005,1.42,1.33,,7.27
1973-07-16,,2.5465,265.11,,0.9995,1.4175,1.36,,7.3
1973-07-13,,2.542,265.04,,0.9987,1.4175,1.3525,,7.3
1973-07-12,,2.5443,264.76,,0.9983,1.4175,1.352,,7.25
1973-07-11,,2.547,264.83,,0.9989,1.4175,1.37,,7.3
1973-07-10,,2.547,263.16,,0.9988,1.42,1.37,,7.3
1973-07-09,,2.558,259.4,,0.9976,1.42,1.377,,7.3
1973-07-06,,2.5575,262.12,,0.9978,1.42,1.33,,7.3
1973-07-05,,2.5735,265.11,,0.9983,1.415,1.3205,,7.27
1973-07-03,,2.579,265.04,,0.9994,1.4125,1.3205,,7.27
1973-07-02,,2.5802,265.25,,0.9993,1.42,1.3205,,7.3
1973-06-29,,2.581,263.16,,0.9985,1.4155,1.3205,,7.3
1973-06-28,,2.583,265.18,,0.998,1.415,1.3205,,7.27
1973-06-27,,2.5805,265.18,,0.9984,1.4175,1.3205,,7.27
1973-06-26,,2.577,265.18,,0.9973,1.419,1.3205,,7.27
1973-06-25,,2.575,265.18,,0.9971,1.419,1.3205,,7.27
1973-06-22,,2.574,265.04,,0.9984,1.421,1.3205,,7.3
1973-06-21,,2.573,265.04,,0.9991,1.415,1.3205,,7.25
1973-06-20,,2.574,264.97,,0.9994,1.415,1.3205,,7.25
1973-06-19,,2.571,264.83,,0.9995,1.415,1.3205,,7.25
1973-06-18,,2.581,264.69,,1,1.415,1.3205,,7.25
1973-06-15,,2.58,264.69,,1.0007,1.415,1.3205,,7.3
1973-06-14,,2.577,264.69,,0.9998,1.415,1.3205,,7.26
1973-06-13,,2.573,264.62,,0.9991,1.415,1.325,,7.33
1973-06-12,,2.5742,264.69,,0.9982,1.415,1.325,,7.33
1973-06-11,,2.5725,264.69,,0.9978,1.415,1.325,,7.3
1973-06-08,,2.574,264.41,,0.9981,1.415,1.325,,7.3
1973-06-07,,2.573,264.27,,0.9986,1.415,1.325,,7.25
1973-06-06,,2.57,264.13,,0.9981,1.415,1.325,,7.27
1973-06-05,,2.58,262.88,,0.9977,1.415,1.335,,7.22
1973-06-04,,2.583,262.88,,0.9966,1.415,1.3375,,7.22
1973-06-01,,2.573,264.06,,0.996,1.415,1.335,,7.25
1973-05-31,,2.5661,264.69,,0.9951,1.415,1.3207,,7.39
1973-05-30,,2.5645,264.83,,0.9976,1.415,1.325,,7.35
1973-05-29,,2.556,264.9,,0.9988,1.415,1.325,,7.4
1973-05-25,,2.5395,264.83,,0.9986,1.415,1.3205,,7.41
1973-05-24,,2.546,264.55,,0.9997,1.415,1.3207,,7.46
1973-05-23,,2.5555,264.2,,0.9998,1.415,1.3207,,7.52
1973-05-22,,2.5605,263.57,,1.0006,1.415,1.3207,,7.52
1973-05-21,,2.5695,262.95,,1.0006,1.415,1.3207,,7.52
1973-05-18,,2.5505,264.27,,1.001,1.415,1.3205,,7.52
1973-05-17,,2.547,264.48,,1.0008,1.415,1.3205,,7.52
1973-05-16,,2.5435,262.95,,1.0008,1.415,1.3205,,7.49
1973-05-15,,2.564,262.47,,0.9995,1.415,1.3207,,7.46
1973-05-14,,2.539,264.76,,0.9996,1.415,1.33,,7.46
1973-05-11,,2.511,265.46,,1.0016,1.415,1.325,,7.52
1973-05-10,,2.5055,265.04,,1.0024,1.415,1.325,,7.52
1973-05-09,,2.5044,265.04,,1.0026,1.415,1.324,,7.52
1973-05-08,,2.4984,265.67,,1.0024,1.415,1.3215,,7.55
1973-05-07,,2.4913,265.53,,1.0024,1.415,1.3205,,7.55
1973-05-04,,2.4896,265.53,,1.0032,1.415,1.325,,7.55
1973-05-03,,2.4893,265.53,,1.0027,1.415,1.321,,7.55
1973-05-02,,2.4935,265.53,,1.0033,1.415,1.332,,7.52
1973-05-01,,2.4883,265.53,,1.0034,1.415,1.334,,7.54
1973-04-30,,2.489,265.53,,1.0032,1.415,1.335,,7.53
1973-04-27,,2.4867,265.6,,1.0032,1.415,1.325,,7.58
1973-04-26,,2.4863,265.6,,1.0027,1.415,1.325,,7.56
1973-04-25,,2.488,265.46,,1.0029,1.415,1.325,,7.55
1973-04-24,,2.4836,265.46,,1.0034,1.415,1.325,,7.56
1973-04-23,,2.4845,265.6,,1.0027,1.415,1.33,,7.55
1973-04-20,,2.4848,265.6,,1.0015,1.415,1.33,,7.55
1973-04-19,,2.4837,265.53,,1.0007,1.415,1.33,,7.55
1973-04-18,,2.4823,265.46,,1.0006,1.415,1.33,,7.55
1973-04-17,,2.4845,265.46,,1.0003,1.415,1.33,,7.55
1973-04-16,,2.4822,265.6,,0.9996,1.415,1.34,,7.52
1973-04-13,,2.4805,265.89,,0.999,1.415,1.34,,7.52
1973-04-12,,2.4834,266.03,,1.0003,1.415,1.34,,7.5
1973-04-11,,2.4878,265.67,,0.9995,1.415,1.34,,7.52
1973-04-10,,2.4867,265.53,,0.9996,1.415,1.327,,7.55
1973-04-09,,2.4837,265.53,,0.9992,1.415,1.326,,7.55
1973-04-06,,2.483,264.76,,1.001,1.415,1.326,,7.55
1973-04-05,,2.4825,264.55,,0.9992,1.415,1.326,,7.55
1973-04-04,,2.4814,264.97,,0.999,1.415,1.326,,7.55
1973-04-03,,2.4762,265.46,,0.9988,1.415,1.3275,,7.55
1973-04-02,,2.4776,266.03,,0.9987,1.415,1.325,,7.58
1973-03-30,,2.4755,265.96,,0.9991,1.415,1.3275,,7.55
1973-03-29,,2.482,265.67,,0.9974,1.415,1.3275,,7.58
1973-03-28,,2.4814,265.6,,0.9976,1.415,1.3296,,7.55
1973-03-27,,2.4814,265.39,,0.9965,1.415,1.325,,7.55
1973-03-26,,2.4767,265.53,,0.9967,1.415,1.32,,7.58
1973-03-23,,2.4737,266.03,,0.9967,1.415,1.32,,7.58
1973-03-22,,2.474,263.5,,0.9966,1.41,1.32,,7.58
1973-03-21,,2.4737,263.16,,0.9973,1.41,1.32,,7.58
1973-03-20,,2.4665,263.16,,0.998,1.41,1.32,,7.58
1973-03-19,,2.46,263.16,,0.9974,1.41,1.32,,7.6
1973-03-16,,2.457,260.08,,0.9965,1.41,1.32,,7.81
1973-03-15,,2.464,255.75,,0.9963,1.41,1.32,,7.52
1973-03-14,,2.464,254.45,,0.9963,1.41,1.32,,7.94
1973-03-13,,2.4685,254.97,,0.9966,1.41,1.32,,7.52
1973-03-12,,2.47,257.07,,0.9967,1.41,1.32,,7.52
1973-03-09,,2.4705,260.42,,0.9967,1.412,1.31,,7.55
1973-03-08,,2.473,261.44,,0.9964,1.41,1.3215,,7.25
1973-03-07,,2.472,261.92,,0.998,1.42,1.33,,7.19
1973-03-06,,2.462,261.78,,0.9965,1.42,1.33,,7.35
1973-03-05,,2.447,259.07,,0.9954,1.4191,,,
1973-03-02,,2.5,262.12,,0.9941,,,,
1973-03-01,,2.5,265.6,,0.994,1.41,1.321,,7.55
1973-02-28,,2.49,265.67,,0.9942,1.41,1.3208,,7.52
1973-02-27,,2.468,265.96,,0.9947,1.41,1.3205,,7.52
1973-02-26,,2.465,265.6,,0.9942,1.415,1.3205,,7.55
1973-02-23,,2.474,264.9,,0.9915,1.41,1.32,,7.58
1973-02-22,,2.461,265.46,,0.9911,1.41,1.3207,,7.58
1973-02-21,,2.442,264.9,,0.9923,1.41,1.3205,,7.58
1973-02-20,,2.4385,265.96,,0.9919,1.417,1.3205,,7.58
1973-02-16,,2.4331,263.85,,0.9924,1.417,1.32,,7.58
1973-02-15,,2.45,263.02,,0.9906,1.417,1.32,,7.58
1973-02-14,,2.47,265.96,,0.9887,1.415,1.32,,
1973-02-13,,2.44,266.67,,0.9941,,,,
1973-02-09,,2.3818,293.26,,1.0002,1.271,1.195,,8.01
1973-02-08,,2.3828,299.4,,1.0003,1.271,1.195,,8.01
1973-02-07,,2.383,299.85,,1.0019,1.271,1.195,,8
1973-02-06,,2.379,299.85,,1.0015,1.271,1.195,,8
1973-02-05,,2.3808,300.75,,1.0012,1.271,1.195,,7.97
1973-02-02,,2.364,299.58,,1.0004,1.271,1.195,,8
1973-02-01,,2.3871,300.93,,1.0003,1.271,1.195,,8
1973-01-31,,2.3817,301.39,,1.0009,1.271,1.195,,8
1973-01-30,,2.379,301.39,,1.0002,1.271,1.195,,8
1973-01-29,,2.371,301.66,,0.9995,1.271,1.195,,8.01
1973-01-26,,2.361,301.75,,0.9993,1.271,1.195,,8
1973-01-25,,2.3605,301.84,,0.9993,1.271,1.195,,8
1973-01-24,,2.3595,302.11,,0.9994,1.271,1.195,,8
1973-01-23,,2.3553,301.66,,0.9996,1.271,1.195,,8
1973-01-22,,2.3535,302.48,,0.9995,1.271,1.197,,8
1973-01-19,,2.3525,302.57,,1,1.271,1.195,,8
1973-01-18,,2.3531,302.21,,1,1.271,1.195,,8.01
1973-01-17,,2.3527,302.11,,0.9994,1.271,1.195,,8.01
1973-01-16,,2.3509,301.93,,0.9989,1.271,1.195,,8.01
1973-01-15,,2.3509,301.66,,0.9998,1.271,1.195,,8
1973-01-12,,2.3518,301.66,,0.9992,1.271,1.195,,8
1973-01-11,,2.3513,301.48,,0.9985,1.271,1.195,,8
1973-01-10,,2.3525,301.84,,0.9997,1.273,1.195,,8
1973-01-09,,2.3514,302.07,,1.0008,1.273,1.195,,8
1973-01-08,,2.351,302.21,,0.9996,1.273,1.198,,8
1973-01-05,,2.3517,301.3,,0.9976,1.273,1.195,,8.01
1973-01-04,,2.3503,301.2,,0.9981,1.273,1.194,,8
1973-01-03,,2.3487,301.43,,0.9986,1.273,1.195,,8.02
1973-01-02,,2.3472,301.39,,0.9964,1.2732,1.195,,8.02
1972-12-29,,2.348,301.66,,0.9956,1.2732,1.195,,
1972-12-28,,2.3476,302.02,,0.995,1.273,1.195,,
1972-12-27,,2.3504,302.02,,0.995,1.273,1.196,,
1972-12-26,,2.3486,301.39,,0.9963,1.2726,1.196,,
1972-12-22,,2.3475,301.11,,0.9944,1.191,1.196,,
1972-12-21,,2.3447,301.11,,0.9923,1.191,1.196,,
1972-12-20,,2.3462,301.11,,0.9933,1.191,1.194,,
1972-12-19,,2.3438,301.11,,0.9961,1.191,1.197,,
1972-12-18,,2.3478,301.11,,0.9971,1.191,1.195,,
1972-12-15,,2.347,301.11,,0.997,1.191,1.196,,
1972-12-14,,2.3415,301.11,,0.9974,1.191,1.196,,
1972-12-13,,2.34,301.11,,0.9968,1.191,1.195,,
1972-12-12,,2.3381,301.11,,0.9988,1.191,1.195,,
1972-12-11,,2.338,301.07,,1.0016,1.191,1.195,,
1972-12-08,,2.3432,301.11,,1.0012,1.191,1.1945,,
1972-12-07,,2.3405,301.11,,1.0017,1.191,1.195,,
1972-12-06,,2.3443,301.11,,0.9985,1.191,1.195,,
1972-12-05,,2.3446,301.11,,0.9961,1.191,1.195,,
1972-12-04,,2.3478,301.11,,0.9958,1.191,1.195,,
1972-12-01,,2.3474,301.11,,0.995,1.191,1.195,,
1972-11-30,,2.3522,301.11,,0.9945,1.191,1.195,,
1972-11-29,,2.3528,301.11,,0.9934,1.191,1.195,,
1972-11-28,,2.3519,301.2,,0.9909,1.191,1.195,,
1972-11-27,,2.3506,301.11,,0.9886,1.191,1.195,,
1972-11-24,,2.3498,301.02,,0.9876,1.19,1.195,,
1972-11-22,,2.3509,301.11,,0.9869,1.191,1.194,,
1972-11-21,,2.3518,301.11,,0.9869,1.191,1.1935,,
1972-11-20,,2.351,301.11,,0.9863,1.19,1.195,,
1972-11-17,,2.3504,301.02,,0.9861,1.191,1.194,,
1972-11-16,,2.3595,301.11,,0.9859,1.191,1.1935,,
1972-11-15,,2.3554,301.11,,0.986,1.191,1.194,,
1972-11-14,,2.3504,301.02,,0.986,1.191,1.192,,
1972-11-13,,2.349,301.02,,0.9857,1.191,1.1925,,
1972-11-10,,2.348,300.93,,0.9862,1.191,1.194,,
1972-11-09,,2.3447,301.02,,0.9865,1.191,1.194,,
1972-11-08,,2.351,301.02,,0.9866,1.191,1.194,,
1972-11-06,,2.3565,301.02,,0.9867,1.191,1.194,,
1972-11-03,,2.345,299.94,,0.9866,1.191,1.194,,
1972-11-02,,2.3532,300.66,,0.9859,1.191,1.198,,
1972-11-01,,2.3565,301.02,,0.9843,1.191,1.199,,
1972-10-31,,2.3405,301.11,,0.9832,1.191,1.194,,
1972-10-30,,2.33,301.02,,0.9825,1.19,1.1925,,
1972-10-27,,2.346,300.48,,0.9822,1.191,1.195,,
1972-10-26,,2.344,300.84,,0.9821,1.191,1.1925,,
1972-10-25,,2.361,301.2,,0.9821,1.191,1.192,,
1972-10-24,,2.3755,301.02,,0.9825,1.191,1.1925,,
1972-10-20,,2.3926,300.75,,0.9825,1.19,1.195,,
1972-10-19,,2.3925,301.02,,0.9825,1.19,1.19,,
1972-10-18,,2.408,301.11,,0.983,1.19,1.19,,
1972-10-17,,2.4074,301.11,,0.982,1.19,1.19,,
1972-10-16,,2.4055,301.11,,0.9821,1.19,1.19,,
1972-10-13,,2.4179,301.11,,0.9819,1.191,1.1925,,
1972-10-12,,2.4185,301.02,,0.9825,1.191,1.1925,,
1972-10-11,,2.4204,301.02,,0.9825,1.191,1.1925,,
1972-10-10,,2.4191,300.93,,0.9825,1.191,1.1925,,
1972-10-06,,2.4217,300.93,,0.9837,1.191,1.1925,,
1972-10-05,,2.4232,301.11,,0.9834,1.191,1.1885,,
1972-10-04,,2.424,301.11,,0.9833,1.191,1.1885,,
1972-10-03,,2.4231,301.11,,0.984,1.191,1.194,,
1972-10-02,,2.4242,301.11,,0.9842,1.191,1.194,,
1972-09-29,,2.4195,301.11,,0.9835,1.191,1.194,,
1972-09-28,,2.4223,301.11,,0.9838,1.191,1.194,,
1972-09-27,,2.4284,301.02,,0.9832,1.191,1.19,,
1972-09-26,,2.4307,301.11,,0.9826,1.191,1.19,,
1972-09-25,,2.4329,301.11,,0.9821,1.191,1.19,,
1972-09-22,,2.434,301.11,,0.9822,1.191,1.194,,
1972-09-21,,2.4432,301.11,,0.9821,1.191,1.1925,,
1972-09-20,,2.444,301.11,,0.9828,1.191,1.192,,
1972-09-19,,2.4429,301.11,,0.9821,1.191,1.1915,,
1972-09-18,,2.4465,301.11,,0.9816,1.191,1.1925,,
1972-09-15,,2.447,301.11,,0.9818,1.191,1.1925,,
1972-09-14,,2.4476,301.11,,0.9828,1.191,1.1925,,
1972-09-13,,2.4472,301.11,,0.983,1.191,1.195,,
1972-09-12,,2.4461,301.11,,0.9838,1.191,1.195,,
1972-09-11,,2.4464,301.2,,0.9843,1.191,1.195,,
1972-09-08,,2.4467,301.11,,0.984,1.191,1.195,,
1972-09-07,,2.4485,301.11,,0.9836,1.191,1.195,,
1972-09-06,,2.4496,301.2,,0.9839,1.191,1.195,,
1972-09-05,,2.4485,301.2,,0.9836,1.191,1.195,,
1972-09-01,,2.4489,301.11,,0.9833,1.191,1.195,,
1972-08-31,,2.4483,301.11,,0.9832,1.191,1.195,,
1972-08-30,,2.4509,301.11,,0.9833,1.191,1.195,,
1972-08-29,,2.4497,301.2,,0.9825,1.191,1.195,,
1972-08-28,,2.4464,301.2,,0.9823,1.191,1.195,,
1972-08-25,,2.4465,301.2,,0.9827,1.191,1.195,,
1972-08-24,,2.446,301.2,,0.9826,1.191,1.195,,
1972-08-23,,2.4476,301.2,,0.9827,1.191,1.195,,
1972-08-22,,2.4461,301.2,,0.9834,1.191,1.195,,
1972-08-21,,2.4498,301.11,,0.9828,1.191,1.195,,
1972-08-18,,2.4509,301.2,,0.9822,1.191,1.194,,
1972-08-17,,2.4523,301.2,,0.982,1.191,1.194,,
1972-08-16,,2.4542,301.2,,0.9819,1.191,1.193,,
1972-08-15,,2.4534,301.2,,0.9816,1.191,1.195,,
1972-08-14,,2.4523,301.11,,0.9818,1.191,1.195,,
1972-08-11,,2.4522,301.11,,0.9818,1.191,1.195,,
1972-08-10,,2.4525,301.11,,0.9815,1.191,1.194,,
1972-08-09,,2.454,301.2,,0.9819,1.191,1.193,,
1972-08-08,,2.4527,301.2,,0.982,1.194,1.195,,
1972-08-07,,2.4505,301.11,,0.9822,1.191,1.194,,
1972-08-04,,2.4505,300.93,,0.9821,1.191,1.195,,
1972-08-03,,2.4497,301.2,,0.9824,1.191,1.194,,
1972-08-02,,2.4505,301.2,,0.9832,1.191,1.194,,
1972-08-01,,2.4485,301.2,,0.9833,1.191,1.194,,
1972-07-31,,2.4498,301.39,,0.9834,1.191,1.195,,
1972-07-28,,2.449,301.2,,0.9827,1.191,1.19,,
1972-07-27,,2.4505,301.2,,0.983,1.191,1.19,,
1972-07-26,,2.4483,301.2,,0.9835,1.191,1.191,,
1972-07-25,,2.4482,300.75,,0.9847,1.191,1.194,,
1972-07-24,,2.4458,301.2,,0.9848,1.191,1.1925,,
1972-07-21,,2.4505,301.11,,0.9843,1.191,1.194,,
1972-07-20,,2.447,300.93,,0.9833,1.191,1.1925,,
1972-07-19,,2.4455,301.2,,0.9835,1.191,1.1925,,
1972-07-18,,2.4445,300.75,,0.9836,1.191,1.195,,
1972-07-17,,2.4445,301.02,,0.9848,1.191,1.195,,
1972-07-14,,2.4465,301.2,,0.9828,1.191,1.192,,
1972-07-13,,2.4537,301.02,,0.9835,1.191,1.1925,,
1972-07-12,,2.4455,301.2,,0.9834,1.191,1.194,,
1972-07-11,,2.441,301.57,,0.9844,1.191,1.193,,
1972-07-10,,2.442,301.3,,0.9853,1.191,1.194,,
1972-07-07,,2.4385,300.93,,0.9855,1.191,1.195,,
1972-07-06,,2.4355,300.57,,0.9843,1.191,1.1935,,
1972-07-05,,2.446,300.03,,0.9836,1.191,1.195,,
1972-07-03,,2.421,300.84,,0.9846,1.191,1.192,,
1972-06-30,,2.441,300.93,,0.9856,1.191,1.19,,
1972-06-29,,2.4635,300.75,,0.9835,1.191,1.19,,
1972-06-28,,2.485,296.74,,0.9815,,,,
1972-06-27,,2.4925,298.51,,0.981,,,,
1972-06-26,,2.5195,298.51,,0.9805,,,,
1972-06-23,,2.5,294.12,,0.9808,,,,
1972-06-22,,2.572,302.07,,0.9813,1.191,1.19,,
1972-06-21,,2.576,302.94,,0.9832,1.191,1.19,,
1972-06-20,,2.585,303.4,,0.9805,1.191,1.19,,
1972-06-19,,2.591,303.86,,0.9783,1.191,1.19,,
1972-06-16,,2.5913,303.95,,0.9759,1.191,1.19,,
1972-06-15,,2.6008,304.04,,0.9744,1.191,1.195,,
1972-06-14,,2.608,303.95,,0.9756,1.191,1.191,,
1972-06-13,,2.6076,304.04,,0.9778,1.191,1.191,,
1972-06-12,,2.607,304.51,,0.9777,1.191,1.19,,
1972-06-09,,2.6112,304.23,,0.9759,1.191,1.19,,
1972-06-08,,2.6112,304.32,,0.9768,1.191,1.19,,
1972-06-07,,2.6115,304.41,,0.979,1.191,1.19,,
1972-06-06,,2.6109,304.51,,0.979,1.191,1.195,,
1972-06-05,,2.6114,304.69,,0.9786,1.191,1.195,,
1972-06-02,,2.6117,304.23,,0.9813,1.191,1.196,,
1972-06-01,,2.6125,304.41,,0.9816,1.191,1.19,,
1972-05-31,,2.613,304.69,,0.9812,1.191,1.195,,
1972-05-30,,2.6125,305.34,,0.9831,1.191,1.191,,
1972-05-26,,2.6126,304.41,,0.9841,1.191,1.191,,
1972-05-25,,2.6116,304.32,,0.9839,1.191,1.191,,
1972-05-24,,2.6133,304.32,,0.9838,1.191,1.194,,
1972-05-23,,2.6128,304.23,,0.9876,1.191,1.194,,
1972-05-22,,2.6133,304.41,,0.9882,1.191,1.195,,
1972-05-19,,2.6132,304.04,,0.9886,1.191,1.195,,
1972-05-18,,2.6135,304.6,,0.9887,1.191,1.194,,
1972-05-17,,2.6136,304.51,,0.9893,1.191,1.195,,
1972-05-16,,2.6113,304.41,,0.9911,1.191,1.195,,
1972-05-15,,2.6122,304.32,,0.9901,1.191,1.195,,
1972-05-12,,2.613,303.86,,0.9899,1.191,1.1925,,
1972-05-11,,2.6128,303.58,,0.9896,1.191,1.1925,,
1972-05-10,,2.6152,303.77,,0.991,1.191,1.195,,
1972-05-09,,2.6139,304.97,,0.9917,1.191,1.195,,
1972-05-08,,2.6107,305.06,,0.9922,1.191,1.195,,
1972-05-05,,2.6105,304.32,,0.9921,1.191,1.195,,
1972-05-04,,2.6112,304.23,,0.992,1.191,1.195,,
1972-05-03,,2.6115,304.32,,0.992,1.191,1.195,,
1972-05-02,,2.6108,304.23,,0.9931,1.191,1.195,,
1972-05-01,,2.611,304.41,,0.9935,1.191,1.195,,
1972-04-28,,2.611,304.88,,0.9924,1.191,1.1925,,
1972-04-27,,2.6116,304.23,,0.9923,1.191,1.193,,
1972-04-26,,2.611,303.77,,0.9917,1.191,1.1925,,
1972-04-25,,2.6111,304.32,,0.992,1.191,1.192,,
1972-04-24,,2.6099,305.16,,0.9933,1.191,1.193,,
1972-04-21,,2.6084,303.21,,0.9945,1.191,1.192,,
1972-04-20,,2.6093,303.03,,0.9961,1.191,1.1925,,
1972-04-19,,2.6068,302.94,,0.9969,1.191,1.193,,
1972-04-18,,2.6068,302.39,,0.997,1.191,1.193,,
1972-04-17,,2.6082,302.57,,0.9967,1.191,1.195,,
1972-04-14,,2.6086,302.94,,0.9972,1.191,1.195,,
1972-04-13,,2.6102,302.57,,0.9968,1.191,1.1925,,
1972-04-12,,2.6125,302.43,,0.997,1.191,1.195,,
1972-04-11,,2.6115,302.3,,0.9969,1.191,1.195,,
1972-04-10,,2.6082,302.11,,0.997,1.191,1.195,,
1972-04-07,,2.6088,303.21,,0.997,1.191,1.192,,
1972-04-06,,2.6093,304.88,,0.9964,1.191,1.192,,
1972-04-05,,2.612,305.16,,0.9969,1.191,1.192,,
1972-04-04,,2.6128,304.97,,0.9979,1.191,1.198,,
1972-04-03,,2.616,304.14,,0.9983,1.191,1.198,,
1972-03-31,,2.6163,304.32,,0.9977,1.191,1.198,,
1972-03-30,,2.6152,303.77,,0.9972,1.191,1.195,,
1972-03-29,,2.616,303.77,,0.9966,1.191,1.192,,
1972-03-28,,2.615,302.85,,0.9961,1.191,1.192,,
1972-03-27,,2.6107,302.57,,0.9966,1.191,1.192,,
1972-03-24,,2.6065,302.3,,0.9987,1.191,1.192,,
1972-03-23,,2.6096,301.93,,0.999,1.191,1.192,,
1972-03-22,,2.6168,302.11,,0.9978,1.191,1.192,,
1972-03-21,,2.6175,302.11,,0.9973,1.191,1.192,,
1972-03-20,,2.6105,302.3,,0.9996,1.191,1.192,,
1972-03-17,,2.61,302.11,,1.0008,1.191,1.19,,
1972-03-16,,2.62,302.02,,1.0006,1.191,1.192,,
1972-03-15,,2.621,302.11,,1.0011,1.191,1.192,,
1972-03-14,,2.629,302.21,,1.0003,1.191,1.192,,
1972-03-13,,2.6387,302.3,,0.9989,1.191,1.195,,
1972-03-10,,2.6409,301.93,,0.9971,1.191,1.19,,
1972-03-09,,2.644,301.66,,0.9962,1.191,1.1925,,
1972-03-08,,2.6257,302.02,,0.9969,1.191,1.192,,
1972-03-07,,2.6213,302.3,,0.9971,1.191,1.1925,,
1972-03-06,,2.6112,302.75,,0.9974,1.191,1.192,,
1972-03-03,,2.6077,302.66,,1.0004,1.191,1.195,,
1972-03-02,,2.6058,303.03,,1.0006,1.191,1.195,,
1972-03-01,,2.6058,303.21,,1.001,1.191,1.195,,
1972-02-29,,2.6059,303.4,,1.0012,1.191,1.195,,
1972-02-28,,2.6057,303.95,,1.0028,1.191,1.195,,
1972-02-25,,2.6054,302.48,,1.0025,1.191,1.1925,,
1972-02-24,,2.607,302.11,,1.0025,1.191,1.195,,
1972-02-23,,2.6062,302.48,,1.0047,1.191,1.1925,,
1972-02-22,,2.605,302.85,,1.0034,1.191,1.195,,
1972-02-18,,2.6055,303.49,,1.004,1.191,1.1925,,
1972-02-17,,2.605,303.95,,1.0045,1.191,1.194,,
1972-02-16,,2.6045,303.95,,1.0047,1.191,1.1925,,
1972-02-15,,2.5937,304.14,,1.005,1.191,1.1925,,
1972-02-14,,2.5952,304.23,,1.0057,1.191,1.1925,,
1972-02-11,,2.6055,304.69,,1.0057,1.191,1.1925,,
1972-02-10,,2.6059,304.69,,1.0057,1.191,1.1925,,
1972-02-09,,2.605,304.79,,1.0058,1.191,1.195,,
1972-02-08,,2.6037,307.69,,1.0065,1.191,1.194,,
1972-02-07,,2.6029,308.17,,1.006,1.191,1.195,,
1972-02-04,,2.6,308.64,,1.0058,1.191,1.195,,
1972-02-03,,2.6046,309.12,,1.0057,1.191,1.195,,
1972-02-02,,2.6067,308.55,,1.0058,1.191,1.195,,
1972-02-01,,2.5998,310.37,,1.0063,1.191,1.195,,
1972-01-31,,2.5937,310.56,,1.0056,1.191,1.195,,
1972-01-28,,2.5914,310.46,,1.0046,1.191,1.195,,
1972-01-27,,2.5903,310.08,,1.0045,1.191,1.193,,
1972-01-26,,2.5894,311.53,,1.0046,1.191,1.194,,
1972-01-25,,2.5903,311.82,,1.0046,1.1915,1.195,,
1972-01-24,,2.5873,312.21,,1.0056,1.1915,1.193,,
1972-01-21,,2.5824,312.3,,1.0063,1.191,1.192,,
1972-01-20,,2.5815,312.01,,1.0065,1.188,1.19,,
1972-01-19,,2.5801,312.79,,1.0061,1.192,1.195,,
1972-01-18,,2.58,312.89,,1.0065,1.192,1.196,,
1972-01-17,,2.585,313.38,,1.0045,1.192,1.196,,
1972-01-14,,2.572,312.99,,1.0061,1.193,1.198,,
1972-01-13,,2.5541,313.97,,1.0071,1.1915,1.195,,
1972-01-12,,2.5504,313.48,,1.0076,1.19,1.19,,
1972-01-11,,2.549,314.47,,1.0085,1.191,1.193,,
1972-01-10,,2.5498,312.99,,1.0093,1.1905,1.1925,,
1972-01-07,,2.5502,312.5,,1.0068,1.1905,1.1925,,
1972-01-06,,2.5502,312.01,,1.005,1.1905,1.192,,
1972-01-05,,2.551,314.86,,1.005,1.1905,1.1925,,
1972-01-04,,2.5505,314.96,,1.0052,1.19,1.1915,,
1972-01-03,,2.552,314.86,,1.0041,1.191,1.195,,
1971-12-31,,2.552,315.01,,1.0024,1.1887,1.1913,,
1971-12-30,,2.5536,315.01,,1.0008,1.1887,1.1893,,
1971-12-29,,2.5474,315.21,,1.0019,1.1888,1.1892,,
1971-12-28,,2.5473,315.01,,1.0014,1.1879,1.189,,
1971-12-27,,2.5482,314.96,,1.0002,1.1882,,,
1971-12-24,,2.5477,315.21,,1.0006,1.1871,,,
1971-12-23,,2.5485,315.01,,1.0004,1.1864,,,
1971-12-22,,2.5538,314.96,,0.9985,1.1871,,,
1971-12-21,,2.5537,314.98,,0.9967,,,,
1971-12-20,,,,,0.9933,,,,
1971-12-17,,2.5292,320.36,,0.9967,1.1756,1.1768,,
1971-12-16,,2.5197,320,,0.9973,1.1712,1.1724,,
1971-12-15,,2.5192,321.54,,0.9969,1.171,1.172,,
1971-12-14,,2.5189,322.58,,0.9971,1.1708,1.1722,,
1971-12-13,,2.519,322.79,,0.9967,1.1708,1.172,,
1971-12-10,,2.5182,323.1,,0.9957,1.1704,1.1717,,
1971-12-09,,2.5175,323.52,,0.9978,1.1702,1.1714,,
1971-12-08,,2.5079,323.5,,0.9997,1.1657,1.1669,,
1971-12-07,,2.5011,323.62,,1.0011,1.1625,1.1638,,
1971-12-06,,2.4978,326.53,,1.001,1.161,1.1621,,
1971-12-03,,2.4985,325.1,,1.0026,1.1613,1.1625,,
1971-12-02,,2.493,326,,1.0027,1.1588,1.1599,,
1971-12-01,,2.4939,327.6,,1.003,1.1592,1.1604,,
1971-11-30,,2.4937,327.44,,1.0036,1.1591,1.1603,,
1971-11-29,,2.4938,327.06,,1.0027,1.1592,1.1603,,
1971-11-26,,2.4937,327.6,,1.0027,1.1591,1.1603,,
1971-11-24,,2.4935,328.04,,1.0026,1.159,1.1602,,
1971-11-23,,2.4939,328.19,,1.0027,1.1592,1.1604,,
1971-11-22,,2.4937,328.41,,1.0027,1.1591,1.1603,,
1971-11-19,,2.4938,328.4,,1.0027,1.1592,1.1603,,
1971-11-18,,2.4935,328.68,,1.0036,1.159,1.1602,,
1971-11-17,,2.4938,328.8,,1.0037,1.1591,1.1603,,
1971-11-16,,2.4929,328.62,,1.0034,1.1587,1.1599,,
1971-11-15,,2.493,328.73,,1.0038,1.1588,1.16,,
1971-11-12,,2.4937,329.49,,1.0045,1.1591,1.1603,,
1971-11-11,,2.4934,329.11,,1.0048,1.1589,1.1601,,
1971-11-10,,2.4925,329.11,,1.0053,1.1586,1.1597,,
1971-11-09,,2.4926,329.16,,1.006,1.1586,1.1597,,
1971-11-08,,2.4931,329.22,,1.0058,1.1588,1.16,,
1971-11-05,,2.4936,329.16,,1.0048,1.159,1.1602,,
1971-11-04,,2.4928,330.87,,1.0042,1.1587,1.1598,,
1971-11-03,,2.493,329.5,,1.0036,1.1587,1.16,,
1971-11-01,,2.4927,329.45,,1.0054,1.1586,1.1598,,
1971-10-29,,2.4914,329.5,,1.0036,1.158,1.1592,,
1971-10-28,,2.4938,329.71,,1.0017,1.1592,1.1603,,
1971-10-27,,2.4945,329.54,,1.0013,1.1595,1.1606,,
1971-10-26,,2.494,329,,1.0019,1.1592,1.1604,,
1971-10-22,,2.4927,330.36,,1.0007,1.1586,1.1598,,
1971-10-21,,2.4921,330.79,,1.0034,1.1584,1.1595,,
1971-10-20,,2.4912,331.07,,1.0034,1.1579,1.1591,,
1971-10-19,,2.4893,330.85,,1.0036,1.1571,1.1582,,
1971-10-18,,2.4894,329.6,,1.0045,1.1571,1.1583,,
1971-10-15,,2.4889,330.58,,1.0051,1.1569,1.1581,,
1971-10-14,,2.4806,330.85,,1.0045,1.1572,1.1584,,
1971-10-13,,2.4891,331.4,,1.0056,1.157,1.1581,,
1971-10-12,,2.4895,330.52,,1.0054,1.1572,1.1583,,
1971-10-08,,2.4802,332.37,,1.0057,1.1574,1.1586,,
1971-10-07,,2.4894,332.61,,1.0062,1.1571,1.1582,,
1971-10-06,,2.4882,332.65,,1.0075,1.1567,1.1577,,
1971-10-05,,2.4894,333.14,,1.0079,1.1571,1.1582,,
1971-10-04,,2.4889,333.17,,1.0082,1.1569,1.158,,
1971-10-01,,2.4892,333.39,,1.0091,1.157,1.1582,,
1971-09-30,,2.4847,335.35,,1.0093,1.1549,1.156,,
1971-09-29,,2.4838,335.57,,1.0098,1.1545,1.1557,,
1971-09-28,,2.4782,336.36,,1.0099,1.1518,1.153,,
1971-09-27,,2.4803,336.25,,1.0098,1.153,1.1541,,
1971-09-24,,2.4825,336.98,,1.0066,1.1539,1.1551,,
1971-09-23,,2.4805,337.27,,1.0092,1.153,1.1541,,
1971-09-22,,2.474,337.44,,1.0119,1.15,1.1511,,
1971-09-21,,2.4733,337.34,,1.0122,1.1496,1.1508,,
1971-09-20,,2.4743,337.27,,1.012,1.15,1.1511,,
1971-09-17,,2.472,337.95,,1.0136,1.149,1.1501,,
1971-09-16,,2.471,337.84,,1.0142,1.1485,1.1497,,
1971-09-15,,2.4709,338.41,,1.0141,1.1485,1.1497,,
1971-09-14,,2.467,338.24,,1.0153,1.1465,1.1476,,
1971-09-13,,2.4602,338.98,,1.0161,1.1435,1.1447,,
1971-09-10,,2.4592,338.81,,1.0159,1.1431,1.1443,,
1971-09-09,,2.4587,339.07,,1.0157,1.1428,1.144,,
1971-09-08,,2.4584,339.39,,1.0161,1.1427,1.1439,,
1971-09-07,,2.4583,339.79,,1.0162,1.1427,1.1438,,
1971-09-03,,2.459,340.14,,1.0146,1.1432,1.1445,,
1971-09-02,,2.4576,338.98,,1.0143,1.1423,1.1434,,
1971-09-01,,2.4541,341.01,,1.0162,1.1409,1.142,,
1971-08-31,,2.4535,339.85,,1.0142,1.1406,1.1417,,
1971-08-30,,2.4677,,,1.0135,1.1471,1.1485,,
1971-08-27,,2.4693,,,1.01,1.1478,1.1489,,
1971-08-26,,2.4723,,,1.0106,1.1492,1.1504,,
1971-08-25,,2.4589,,,1.0121,1.1428,1.144,,
1971-08-24,,2.4447,,,1.0143,1.1363,1.1375,,
1971-08-23,,2.435,,,1.0128,1.1318,1.133,,
1971-08-20,,,,,1.0113,,,,
1971-08-19,,,,,1.0112,,,,
1971-08-18,,,,,1.0087,,,,
1971-08-17,,,,,1.0067,,,,
1971-08-16,,,,,1.0098,,,,
1971-08-13,,2.4195,357.35,,1.0119,1.1246,1.1257,,
1971-08-12,,2.4196,357.4,,1.0132,1.1246,1.1258,,
1971-08-11,,2.4197,357.35,,1.0143,1.1247,1.1258,,
1971-08-10,,2.4187,357.39,,1.0128,1.1242,1.1254,,
1971-08-09,,2.4192,357.35,,1.0063,1.1245,1.1256,,
1971-08-06,,2.4185,357.37,,1.0186,1.1241,1.1253,,
1971-08-05,,2.4183,357.37,,1.0168,1.124,1.1242,,
1971-08-04,,2.4193,357.37,,1.0185,1.1245,1.1256,,
1971-08-03,,2.417,357.37,,1.0195,1.1235,1.1246,,
1971-08-02,,2.4175,357.41,,1.0193,1.1237,1.1248,,
1971-07-30,,2.4184,357.39,,1.0188,1.1241,1.1252,,
1971-07-29,,2.4184,357.4,,1.0207,1.1241,1.1253,,
1971-07-28,,2.4185,357.4,,1.0221,1.1241,1.1253,,
1971-07-27,,2.4178,357.37,,1.0205,1.1238,1.125,,
1971-07-26,,2.418,357.4,,1.0176,1.1239,1.125,,
1971-07-23,,2.419,357.36,,1.0151,1.1243,1.1255,,
1971-07-22,,2.4188,357.37,,1.0175,1.1243,1.1254,,
1971-07-21,,2.4191,357.4,,1.02,1.1244,1.1255,,
1971-07-20,,2.4182,357.39,,1.0203,1.124,1.1251,,
1971-07-19,,2.4183,357.39,,1.0222,1.124,1.1252,,
1971-07-16,,2.4189,357.4,,1.0228,1.1243,1.1255,,
1971-07-15,,2.4187,357.4,,1.0227,1.1242,1.1254,,
1971-07-14,,2.4187,357.4,,1.023,1.1242,1.1254,,
1971-07-13,,2.418,357.44,,1.0231,1.1239,1.1251,,
1971-07-12,,2.4182,357.41,,1.0231,1.124,1.1252,,
1971-07-09,,2.4183,357.4,,1.023,1.1241,1.1252,,
1971-07-08,,2.4185,357.46,,1.023,1.1242,1.1259,,
1971-07-07,,2.4187,357.46,,1.0233,1.1242,1.1254,,
1971-07-06,,2.4181,357.45,,1.023,1.124,1.1251,,
1971-07-02,,2.419,357.4,,1.0226,1.1243,1.1255,,
1971-07-01,,2.419,357.4,,1.0232,1.1243,1.1255,,
1971-06-30,,2.4196,357.4,,1.0235,1.1246,1.1258,,
1971-06-29,,2.419,357.39,,1.023,1.1244,1.1255,,
1971-06-28,,2.4185,357.37,,1.0221,1.1242,1.1253,,
1971-06-25,,2.4191,357.4,,1.0233,1.1244,1.1256,,
1971-06-24,,2.4191,357.4,,1.0242,1.1244,1.1256,,
1971-06-23,,2.4195,357.4,,1.0234,1.1246,1.1258,,
1971-06-22,,2.419,357.4,,1.0243,1.1244,1.1255,,
1971-06-21,,2.4191,357.4,,1.0242,1.1244,1.1256,,
1971-06-18,,2.4191,357.4,,1.0225,1.1244,1.1256,,
1971-06-17,,2.4189,357.46,,1.0242,1.1243,1.1255,,
1971-06-16,,2.4193,357.46,,1.0244,1.1245,1.1256,,
1971-06-15,,2.4187,357.46,,1.0248,1.1242,1.1254,,
1971-06-14,,2.4186,357.4,,1.0232,1.1242,1.1254,,
1971-06-11,,2.4194,357.4,,1.0239,1.1246,1.1257,,
1971-06-10,,2.4193,357.4,,1.0239,1.1245,1.1256,,
1971-06-09,,2.4194,357.4,,1.0186,1.1246,1.1257,,
1971-06-08,,2.4188,357.4,,1.0179,1.1243,1.1254,,
1971-06-07,,2.4192,357.4,,1.0161,1.1245,1.1256,,
1971-06-04,,2.419,357.4,,1.0174,1.1244,1.1255,,
1971-06-03,,2.4188,357.46,,1.0185,1.1243,1.1254,,
1971-06-02,,2.417,357.4,,1.0134,1.1234,1.1246,,
1971-06-01,,2.4162,357.46,,1.0126,1.1231,1.1243,,
1971-05-28,,2.4178,357.4,,1.0101,1.1238,1.125,,
1971-05-27,,2.4187,357.4,,1.0093,1.1243,1.1254,,
1971-05-26,,2.4194,357.44,,1.0086,1.1246,1.1257,,
1971-05-25,,2.419,357.4,,1.0091,1.1244,1.1255,,
1971-05-24,,2.4194,357.4,,1.009,1.1246,1.1257,,
1971-05-21,,2.4194,357.4,,1.0092,1.1246,1.1257,,
1971-05-20,,2.4193,357.46,,1.0093,1.1245,1.1256,,
1971-05-19,,2.4194,357.4,,1.0095,1.1246,1.1257,,
1971-05-18,,2.419,357.44,,1.0089,1.1244,1.1255,,
1971-05-17,,2.4193,357.4,,1.0089,1.1245,1.1256,,
1971-05-14,,2.4186,357.49,,1.0089,1.1242,1.1253,,
1971-05-13,,2.4183,357.49,,1.0089,1.124,1.1252,,
1971-05-12,,2.4183,357.53,,1.0083,1.124,1.1252,,
1971-05-11,,2.417,357.44,,1.0084,1.1235,1.1246,,
1971-05-10,,2.4173,357.14,,1.0084,1.1236,1.1248,,
1971-05-07,,2.4188,357.41,,1.0069,1.1243,1.1255,,
1971-05-06,,2.4185,357.41,,1.0074,1.1242,1.1253,,
1971-05-05,,2.4194,357.4,,1.0074,1.1246,1.1257,,
1971-05-04,,2.4185,357.4,,1.009,1.1242,1.1253,,
1971-05-03,,2.4189,357.41,,1.0089,1.1243,1.1255,,
1971-04-30,,2.4193,357.4,,1.0091,1.1245,1.1257,,
1971-04-29,,2.4192,357.41,,1.0086,1.1245,1.1256,,
1971-04-28,,2.4195,357.5,,1.0089,1.1246,1.1258,,
1971-04-27,,2.419,357.49,,1.0095,1.1244,1.1255,,
1971-04-26,,2.4188,357.5,,1.0092,1.1243,1.1254,,
1971-04-23,,2.4189,357.49,,1.0085,1.1243,1.1255,,
1971-04-22,,2.4187,357.49,,1.0076,1.1242,1.1254,,
1971-04-21,,2.4196,357.49,,1.0073,1.1246,1.1258,,
1971-04-20,,2.4193,357.49,,1.0075,1.1245,1.1257,,
1971-04-19,,2.4193,357.49,,1.0073,1.1245,1.1256,,
1971-04-16,,2.4186,357.54,,1.0068,1.1242,1.1253,,
1971-04-15,,2.4187,357.5,,1.0075,1.1242,1.1254,,
1971-04-14,,2.418,357.58,,1.0081,1.1239,1.125,,
1971-04-13,,2.4167,357.62,,1.0076,1.1233,1.1245,,
1971-04-12,,2.4169,357.5,,1.0069,1.1234,1.1246,,
1971-04-09,,2.4167,357.5,,1.0068,1.1233,1.1245,,
1971-04-08,,2.4167,357.55,,1.0071,1.1233,1.1245,,
1971-04-07,,2.417,357.55,,1.0069,1.1234,1.1246,,
1971-04-06,,2.4189,357.46,,1.0062,1.1243,1.1255,,
1971-04-05,,2.4161,357.5,,1.0071,1.123,1.1242,,
1971-04-02,,2.4125,357.53,,1.0073,1.1213,1.1225,,
1971-04-01,,2.4147,357.49,,1.0076,1.1224,1.1235,,
1971-03-31,,2.4168,357.42,,1.0081,1.1234,1.1245,,
1971-03-30,,2.4181,357.49,,1.0082,1.124,1.1251,,
1971-03-29,,2.4194,357.44,,1.0075,1.1246,1.1257,,
1971-03-26,,2.4188,357.47,,1.0074,1.1243,1.1254,,
1971-03-25,,2.4185,357.47,,1.007,1.1241,1.1253,,
1971-03-24,,2.4194,357.53,,1.0076,1.1246,1.1257,,
1971-03-23,,2.4193,357.53,,1.0078,1.1245,1.1257,,
1971-03-22,,2.4193,357.44,,1.0079,1.1245,1.1257,,
1971-03-19,,2.419,357.56,,1.0077,1.1244,1.1255,,
1971-03-18,,2.419,357.56,,1.0065,1.1244,1.1255,,
1971-03-17,,2.4194,357.53,,1.0056,1.1246,1.1257,,
1971-03-16,,2.4183,357.49,,1.0052,1.1241,1.1252,,
1971-03-15,,2.4193,357.54,,1.0059,1.1245,1.1257,,
1971-03-12,,2.4193,357.58,,1.0056,1.1245,1.1257,,
1971-03-11,,2.4188,357.56,,1.0049,1.1243,1.1254,,
1971-03-10,,2.4192,357.59,,1.0036,1.1245,1.1256,,
1971-03-09,,2.4188,357.46,,1.004,1.1244,1.1256,,
1971-03-08,,2.4192,357.55,,1.003,1.1245,1.1256,,
1971-03-05,,2.4183,357.59,,1.0047,1.1241,1.1252,,
1971-03-04,,2.4179,357.45,,1.0064,1.1239,1.125,,
1971-03-03,,2.4193,357.49,,1.0073,1.1245,1.1257,,
1971-03-02,,2.4184,357.56,,1.0071,1.1241,1.1253,,
1971-03-01,,2.4162,357.63,,1.0076,1.1231,1.1242,,
1971-02-26,,2.416,357.56,,1.007,1.123,1.1241,,
1971-02-25,,2.4177,357.56,,1.0066,1.1238,1.1249,,
1971-02-24,,2.4193,357.6,,1.0075,1.1245,1.1257,,
1971-02-23,,2.4193,357.55,,1.0035,1.1245,1.1257,,
1971-02-22,,2.4192,357.6,,1.0043,1.1245,1.1256,,
1971-02-19,,2.419,357.56,,1.0066,1.1244,1.1255,,
1971-02-18,,2.4191,357.53,,1.0076,1.1244,1.1256,,
1971-02-17,,2.4193,357.53,,1.0087,1.1245,1.1257,,
1971-02-16,,2.4193,357.53,,1.0084,1.1245,1.1257,,
1971-02-11,,2.4158,357.5,,1.0086,1.1229,1.124,,
1971-02-10,,2.4159,357.5,,1.0086,1.1229,1.1241,,
1971-02-09,,2.4151,357.5,,1.0083,1.1226,1.1237,,
1971-02-08,,2.4182,357.49,,1.0083,1.124,1.1252,,
1971-02-05,,2.4147,357.53,,1.0078,1.1224,1.1235,,
1971-02-04,,2.4167,357.51,,1.0078,1.1233,1.1245,,
1971-02-03,,2.4184,357.54,,1.0085,1.1241,1.1253,,
1971-02-02,,2.4181,357.55,,1.0087,1.124,1.1251,,
1971-02-01,,2.4184,357.67,,1.0076,1.1241,1.1253,,
1971-01-29,,2.4174,357.72,,1.008,1.1236,1.1248,,
1971-01-28,,2.4169,357.83,,1.009,1.1234,1.1246,,
1971-01-27,,2.4161,357.79,,1.0101,1.123,1.1242,,
1971-01-26,,2.416,357.78,,1.0107,1.123,1.1241,,
1971-01-25,,2.4147,357.73,,1.0111,1.1224,1.1236,,
1971-01-22,,2.4103,357.9,,1.0117,1.1204,1.1215,,
1971-01-21,,2.4092,358.27,,1.0109,1.1198,1.121,,
1971-01-20,,2.408,358.4,,1.0115,1.1193,1.1204,,
1971-01-19,,2.4081,358.35,,1.0111,1.1193,1.1205,,
1971-01-18,,2.4052,358.29,,1.0126,1.1179,1.1191,,
1971-01-15,,2.4057,358.4,,1.0135,1.1182,1.1193,,
1971-01-14,,2.4071,358.4,,1.0133,1.1189,1.12,,
1971-01-13,,2.4021,358.44,,1.0122,1.1165,1.1177,,
1971-01-12,,2.4001,358.06,,1.013,1.1156,1.1167,,
1971-01-11,,2.3992,357.95,,1.0159,1.1152,1.1163,,
1971-01-08,,2.3972,357.82,,1.0154,1.1124,1.1154,,
1971-01-07,,2.3963,357.87,,1.0148,1.1138,1.115,,
1971-01-06,,2.3967,357.86,,1.0106,1.114,1.1151,,
1971-01-05,,2.3949,357.81,,1.0102,1.1132,1.1143,,
1971-01-04,,2.3938,357.73,,1.0109,1.1127,1.1138,,
