DATE,EURUSD,GBPUSD,USDJPY,USDCHF,USDCAD,AUDUSD,NZDUSD,USDCNY,USDINR
2026-09-14,,,,0.8245000243,1.4007600546,,0.570971787,,95.8629989624
2026-09-07,1.1604,1.3524,153.71,0.8132200241,1.3835300207,0.7174,0.5805616379,6.708,95.6945037842
2026-08-31,1.1618,1.3521,156.11,0.8075100183,1.3789499998,0.7209,0.58856076,6.7108,94.4949035645
2026-08-24,1.1598,1.3555,159.97,0.8037599921,1.3851499557,0.7166,0.5954897404,6.726,95.4703979492
2026-08-17,1.1684,1.3644,158.91,0.7995899916,1.3762999773,0.7178,0.5954011083,6.721,95.7722015381
2026-08-10,1.1581,1.3556,159.21,0.8141199946,1.3927099705,0.7091,0.5854492784,6.7412,95.4011993408
2026-08-03,1.1559,1.3498,157.54,0.812409997,1.4013700485,0.7064,0.5868303776,6.7474,95.3118972778
2026-07-27,1.1519,1.347,159.16,0.80576998,1.4011199474,0.7026,0.5875406265,6.7509,95.6847991943
2026-07-20,1.1385,1.3344,163.71,0.8168699741,1.4084899426,0.6996,0.5774105191,6.7719,96.8768997192
2026-07-13,1.144,1.3446,162.43,0.8083099723,1.4036999941,0.6985,0.5841804147,6.776,96.6521987915
2026-07-06,1.1438,1.3421,161.31,0.8065400124,1.4162399769,0.6959,0.5762293935,6.7766,95.3901977539
2026-06-29,1.1448,1.3364,160.9,0.8044099808,1.4190299511,0.6931,0.5692912936,6.7886,95.5270996094
2026-06-22,1.1403,1.3223,161.67,0.8105199933,1.4200600386,0.6907,0.5643309355,6.798,94.4003982544
2026-06-15,1.147,1.3228,161.37,0.8048999906,1.4140700102,0.7019,0.5754898787,6.7686,94.3398971558
2026-06-08,1.1573,1.3414,160.24,0.795050025,1.3972400427,0.7047,0.5832808614,6.7626,95.7601013184
2026-06-01,1.1533,1.336,160.26,0.7889000177,1.390599966,0.706,0.5869888067,6.7655,95.7902984619
2026-05-25,1.1679,1.3476,159.23,0.7836599946,1.3782900572,0.7191,0.5945692062,6.7662,96.0482025146
2026-05-18,1.1603,1.3439,159.2,0.7864999771,1.3819999695,0.7132,0.5878514647,6.7945,96.1738967896
2026-05-11,1.1627,1.3332,158.69,0.7841799855,1.3723700047,0.7151,0.5903501511,6.8092,95.7098999023
2026-05-04,1.1773,1.3625,156.64,0.7802000046,1.3660700321,0.7242,0.5938488841,6.8005,94.2529983521
2026-04-27,1.1755,1.3621,156.76,0.7814000249,1.3579599857,0.7219,0.5906988978,6.8276,94.7591018677
2026-04-20,1.1718,1.3518,159.35,0.7862399817,1.3698400259,0.7154,0.585380733,6.8359,94.1128997803
2026-04-13,1.1801,1.3556,158.1,0.7832000256,1.3700400591,0.7192,0.5886092186,6.817,93.0478973389
2026-04-06,1.1723,1.346,159.22,0.7908700109,1.3822699785,0.7078,0.5850484967,6.8278,92.4698028564
2026-03-30,1.1523,1.3202,159.64,0.7986299992,1.3917000294,0.6894,0.5717801452,6.8824,92.9736022949
2026-03-23,1.152,1.3293,160.16,0.7946799994,1.3851900101,0.689,0.5761796236,6.9116,94.3095016479
2026-03-16,1.1543,1.3303,159.26,0.7886999846,1.3735799789,0.7033,0.5868303776,6.8857,93.0822982788
2026-03-09,1.1444,1.324,159.54,0.7853400111,1.3632600307,0.7004,0.5852998495,6.8961,92.3899002075
2026-03-02,1.1606,1.3398,157.64,0.7806599736,1.3669899702,0.7022,0.5897687078,6.8965,91.7869033813
2026-02-23,1.1822,1.3455,156.05,0.7732300162,1.3675800562,0.7121,0.5980217457,6.8579,91.0074005127
2026-02-16,1.1781,1.35,154.99,0.7753400207,1.3686800003,0.7082,0.5971004963,6.9031,91.0410995483
2026-02-09,1.187,1.3644,152.77,0.7695500255,1.3610700369,0.7068,0.6032600403,6.908,90.5641021729
2026-02-02,1.1812,1.3606,157.1,0.777700007,1.3712199926,0.7014,0.593891263,6.9388,90.3147964478
2026-01-26,1.1885,1.3729,154.34,0.7644100189,1.3492000103,0.6995,0.6075703502,6.951,91.6409988403
2026-01-19,1.1771,1.359,157.57,0.7889999747,1.3784099817,0.6878,0.5916704535,6.9631,91.5582962036
2026-01-12,1.1599,1.3384,158.02,0.8034200072,1.3888399601,0.6682,0.5743601322,6.9681,90.3616027832
2026-01-05,1.1634,1.3413,158.07,0.7990099788,1.3864099979,0.6684,0.5733287334,6.9772,89.9054031372
2025-12-29,1.1738,1.3481,156.72,0.7920299768,1.3716000319,0.6684,0.5757914186,6.9877,89.9618988037
2025-12-22,1.1766,1.3492,156.63,0.7880499959,1.367200017,0.671,0.5836417079,7.0063,90.1059036255
2025-12-15,1.1721,1.3379,157.43,0.7940099835,1.3776999712,0.6617,0.5776106715,7.0409,90.2557983398
2025-12-08,1.1731,1.3351,155.81,0.7947900295,1.3775700331,0.664,0.5809191465,7.0548,90.2529983521
2025-12-01,1.1635,1.3324,155.3,0.8037800193,1.3815000057,0.6635,0.5777007937,7.0696,89.8364028931
2025-11-24,1.16,1.3239,156.17,0.8046000004,1.40260005,0.6552,0.5731000304,7.0751,89.3647994995
2025-11-17,1.1506,1.31,156.58,0.8054800034,1.4091199636,0.6457,0.5591809154,7.1066,88.692199707
2025-11-10,1.1617,1.3156,154.64,0.7932699919,1.4035500288,0.6549,0.5650898814,7.0992,88.8161010742
2025-11-03,1.1578,1.3165,153.06,0.8058999777,1.4111800194,0.6476,0.5639013052,7.1219,88.672996521
2025-10-27,1.1541,1.3141,154.05,0.8015900254,1.3981100321,0.6546,0.5745310187,7.1169,88.6344985962
2025-10-20,1.1626,1.3298,152.82,0.7950800061,1.3986599445,0.6511,0.575519681,7.1211,87.7789993286
2025-10-13,1.1674,1.3425,150.33,0.7918300033,1.4046000242,0.6486,0.572701633,7.1264,87.9906997681
2025-10-06,1.1613,1.3343,151.94,0.8061699867,1.4018800259,0.6495,0.5752912164,7.134,88.8654022217
2025-09-29,1.1747,1.3481,147.33,0.7970200181,1.3960900307,0.6615,0.5819502473,7.12,88.720199585
2025-09-22,1.1692,1.3404,149.52,0.8000400066,1.3940999508,0.6546,0.5763190389,7.1328,88.7731018066
2025-09-15,1.1753,1.3484,147.83,0.792509973,1.3791799545,0.6597,0.5891293883,7.1142,88.2069015503
2025-09-08,1.1714,1.3547,147.85,0.7959499955,1.3833700418,0.6636,0.5977801085,7.1242,88.2676010132
2025-09-01,1.1759,1.3543,146.84,0.8051300049,1.3815000057,0.657,0.5896574259,7.1323,88.1929016113
2025-08-25,1.1695,1.3511,146.9,0.8015900254,1.3749799728,0.6545,0.5885087848,7.1304,87.5916976929
2025-08-18,1.1713,1.3528,146.82,0.8086699843,1.39004004,0.6485,0.582231462,7.1651,87.2934036255
2025-08-11,1.1708,1.3565,147,0.8075199723,1.3813099861,0.6515,0.5921083689,7.1817,87.6918029785
2025-08-04,1.166,1.3444,147.7,0.8056899905,1.3732500076,0.6528,0.5970113873,7.1839,87.4331970215
2025-07-28,1.1555,1.3259,148.06,0.8138999939,1.3856999874,0.6468,0.5888692141,7.2116,87.489402771
2025-07-21,1.173,1.3429,147.77,0.794870019,1.3640600443,0.6556,0.6037116051,7.1679,86.4302978516
2025-07-14,1.1645,1.3439,148.55,0.8028799891,1.3735899925,0.6527,0.5944314003,7.1776,86.0465011597
2025-07-07,1.1696,1.3503,147.29,0.7967200279,1.3656300306,0.6577,0.6041712165,7.1681,85.7348022461
2025-06-30,1.1758,1.3656,144.96,0.7940999866,1.3573000431,0.6576,0.6080099344,7.1684,85.3190994263
2025-06-23,1.1724,1.372,144.74,0.8008900285,1.3643100262,0.6535,0.6058990359,7.1721,85.6663970947
2025-06-16,1.152,1.3465,145.92,0.8163899779,1.3695499897,0.6455,0.6000816226,7.1785,86.5838012695
2025-06-09,1.1557,1.3594,144.04,0.8090000153,1.3596500158,0.6513,0.6065201163,7.181,85.6884002686
2025-06-02,1.1397,1.3532,144.87,0.8192499876,1.3666700125,0.6496,0.604229629,7.1886,85.8775024414
2025-05-26,1.1347,1.3468,144.18,0.821969986,1.3805700541,0.6434,0.5978608727,7.1991,85.3612976074
2025-05-19,1.135,1.3511,142.61,0.8283799887,1.3737000227,0.6478,0.589761734,7.1798,85.974899292
2025-05-12,1.1141,1.3257,146.02,0.8345999718,1.3954700232,0.6395,0.5873715281,7.209,85.4449005127
2025-05-05,1.127,1.3318,145.15,0.831799984,1.392449975,0.6425,0.5899183154,7.2364,86.0821990967
2025-04-28,1.133,1.3283,144.52,0.8289800286,1.384649992,0.6447,0.5913485289,7.2706,84.6967010498
2025-04-21,1.1381,1.3331,143.75,0.8287400007,1.385800004,0.6396,0.5987988114,7.2864,85.2573013306
2025-04-14,1.139,1.3279,142.22,0.8156099916,1.3846000433,0.6375,0.5943889618,7.2996,85.408996582
2025-04-07,1.1325,1.3051,143.57,0.8207600117,1.3950999975,0.6245,0.57478863,7.2915,86.2603988647
2025-03-31,1.1014,1.2927,145.93,0.8592100143,1.408100009,0.6043,0.5786601901,7.2803,85.2828979492
2025-03-24,1.0826,1.2942,150.26,0.8813999891,1.4307500124,0.63,0.573641181,7.2628,85.6949005127
2025-03-17,1.0806,1.2896,148.98,0.8813769817,1.43227005,0.6266,0.576189518,7.2486,86.3360977173
2025-03-10,1.0872,1.2917,148.51,0.882619977,1.4425799847,0.6318,0.5703107715,7.2377,86.9220962524
2025-03-03,1.0859,1.2918,147.13,0.8792300224,1.4291100502,0.63,0.5736609101,7.234,87.1287994385
2025-02-24,1.0402,1.2591,150.64,0.8999199867,1.4443500042,0.6211,0.5627208352,7.2828,87.327003479
2025-02-17,1.0455,1.2647,149.49,0.8980600238,1.4176000357,0.6376,0.5764286518,7.2501,86.4512023926
2025-02-10,1.0498,1.2609,152.25,0.903249979,1.4192099571,0.6359,0.5680010915,7.253,86.7540969849
2025-02-03,1.0329,1.2396,151.3,0.905099988,1.4306099415,0.6264,0.5674885511,7.2943,87.5883026123
2025-01-27,1.04,1.2447,154.91,0.9093689919,1.4493000507,0.6242,0.5636406541,7.2422,86.6470031738
2025-01-20,1.0515,1.2496,155.58,0.907490015,1.4378399849,0.6322,0.5675497651,7.244,86.4402008057
2025-01-13,1.0287,1.2181,156.3,0.9111700058,1.4395799637,0.621,0.5608084798,7.3249,86.6061019897
2025-01-06,1.0238,1.2215,157.68,0.9120699763,1.4401600361,0.6147,0.5593501329,7.3326,85.9199981689
2024-12-30,1.0292,1.2419,157.2,0.9120100141,1.4402999878,0.6209,0.5615138412,7.3199,85.8040008545
2024-12-23,1.0423,1.2573,157.73,0.8988999724,1.4410400391,0.6208,0.5625594258,7.298,85.2609024048
2024-12-16,1.043,1.2587,156.11,0.8930000067,1.4403100014,0.6266,0.5627499819,7.2953,85.2794036865
2024-12-09,1.0498,1.2629,153.74,0.8920099735,1.4217200279,0.6359,0.5770307183,7.2756,84.8392028809
2024-12-02,1.0563,1.2744,149.78,0.8784199953,1.4021500349,0.6382,0.5882214308,7.27,84.6837997437
2024-11-25,1.0547,1.2699,150.41,0.882340014,1.4007200003,0.6513,0.5896400213,7.2423,84.4716033936
2024-11-18,1.0399,1.2516,154.73,0.8869000077,1.3980000019,0.6495,0.5857407451,7.2455,84.4882965088
2024-11-11,1.0552,1.2629,154.59,0.8904399872,1.4061499834,0.6461,0.5849800706,7.2288,84.4738006592
2024-11-04,1.071,1.2905,152.58,0.872780025,1.3867299557,0.6573,0.6022282243,7.1785,84.3063964844
2024-10-28,1.0848,1.2959,152.94,0.8635399938,1.3935199976,0.6582,0.5971503854,7.1214,84.0914993286
2024-10-21,1.0813,1.2978,152.08,0.8658699989,1.3853299618,0.6621,0.6008387804,7.1199,84.0818023682
2024-10-14,1.0854,1.3022,149.58,0.8659300208,1.3795700073,0.67,0.6060715914,7.1015,84.0538024902
2024-10-07,1.0942,1.307,149.12,0.8565499783,1.3745700121,0.6756,0.6096000075,7.0667,83.9459991455
2024-09-30,1.0961,1.3107,148.69,0.8518099785,1.354820013,0.6797,0.6217281222,7.0175,84.0093994141
2024-09-23,1.1159,1.3394,142.6,0.846239984,1.3475699425,0.6911,0.6331197619,7.0111,83.6171035767
2024-09-16,1.1159,1.3305,143.9,0.8477799892,1.3562699556,0.6806,0.62370193,7.0505,83.6147003174
2024-09-09,1.1085,1.314,140.66,0.8498799801,1.3575799465,0.6712,0.6187008619,7.093,83.9347991943
2024-09-02,1.1086,1.3136,142.13,0.8438100219,1.3500100374,0.6678,0.6224402189,7.0876,83.9835968018
2024-08-26,1.106,1.3132,145.95,0.846939981,1.3489099741,0.6765,0.6263309121,7.09,83.8951034546
2024-08-19,1.1176,1.3197,144.86,0.8517000079,1.3603399992,0.6777,0.6143600345,7.1244,83.9405975342
2024-08-12,1.0996,1.2906,148.13,0.8724899888,1.3733600378,0.6649,0.598089695,7.1644,83.9483032227
2024-08-05,1.0925,1.2766,146.49,0.8668500185,1.3735400438,0.6577,0.6007015705,7.166,83.9889984131
2024-07-29,1.0914,1.2798,146.98,0.8729000092,1.3880599737,0.6528,0.5936197639,7.16,83.7438964844
2024-07-22,1.0859,1.2864,153.86,0.8806399703,1.3819299936,0.6557,0.5889801979,7.2502,83.7376022339
2024-07-15,1.0888,1.2922,157.38,0.8873000145,1.370200038,0.6694,0.6043793559,7.2695,83.6743011475
2024-07-08,1.0902,1.2986,157.88,0.8960300088,1.36243999,0.6788,0.6094588041,7.2495,83.5185012817
2024-07-01,1.0828,1.2807,160.73,0.9002500176,1.361520052,0.6743,0.611340344,7.268,83.4934005737
2024-06-24,1.0711,1.264,160.88,0.8985199928,1.3699300289,0.6677,0.6084686518,7.2672,83.4508972168
2024-06-17,1.0694,1.2645,159.45,0.8914899826,1.3684699535,0.664,0.612279892,7.2609,83.601600647
2024-06-10,1.0699,1.2685,157.28,0.8939300179,1.3740999699,0.6617,0.6161011457,7.2557,83.522102356
2024-06-03,1.0807,1.2727,156.58,0.8897200227,1.3668199778,0.6589,0.6197015643,7.2466,83.4730987549
2024-05-27,1.0846,1.2738,157.19,0.9033100009,1.3683300018,0.664,0.6116507053,7.241,83.3208999634
2024-05-20,1.0852,1.2746,156.9,0.9143300056,1.3732099533,0.6629,0.6097300649,7.2425,83.2863998413
2024-05-13,1.0869,1.2703,155.57,0.9059900045,1.3614599705,0.6686,0.6124201417,7.2233,83.4701004028
2024-05-06,1.0773,1.2528,155.85,0.9058499932,1.3677799702,0.6607,0.6036205292,7.226,83.4593963623
2024-04-29,1.077,1.255,152.85,0.9097700119,1.3666199446,0.6616,0.5963882804,7.2405,83.4063034058
2024-04-22,1.0686,1.2474,157.62,0.9125199914,1.3658000231,0.6528,0.5958410501,7.2464,83.3018035889
2024-04-15,1.0655,1.2397,154.55,0.9121000171,1.3769299984,0.6423,0.5903501511,7.2403,83.5449981689
2024-04-08,1.0647,1.2457,153.12,0.9098299742,1.3686900139,0.6478,0.6001212597,7.2374,83.3492965698
2024-04-01,1.0841,1.2633,151.59,0.9015100002,1.3544499874,0.6584,0.6027800441,7.2339,83.4777984619
2024-03-25,1.0791,1.2637,151.22,0.9010699987,1.3536000252,0.6524,0.5974700451,7.2203,83.3929977417
2024-03-18,1.0817,1.2603,151.35,0.8976799846,1.352699995,0.652,0.6046388149,7.2289,83.226600647
2024-03-11,1.0888,1.2742,149.14,0.8842700124,1.3537700176,0.6569,0.6124786735,7.1953,82.9655990601
2024-03-04,1.0941,1.2852,147.17,0.8770999908,1.3451999426,0.6627,0.6178789139,7.1855,82.7522964478
2024-02-26,1.0832,1.2652,150.2,0.8844000101,1.357370019,0.6529,0.6085797548,7.196,82.9104003906
2024-02-19,1.0828,1.2678,150.36,0.8799499869,1.3481400013,0.6566,0.6195287704,7.197,82.8722991943
2024-02-12,1.0769,1.259,150.34,0.8798000216,1.3465299606,0.6531,0.611119926,7.1928,83.0095977783
2024-02-05,1.0782,1.2628,149.38,0.8734499812,1.3459999561,0.6516,0.6107914448,7.1929,82.9852981567
2024-01-29,1.0787,1.2627,148.54,0.8576200008,1.3382999897,0.651,0.6145714521,7.192,82.9275970459
2024-01-22,1.0866,1.272,147.94,0.8669000268,1.3477699757,0.6589,0.6108884811,7.1763,83.1461029053
2024-01-15,1.0887,1.2677,148.21,0.86808002,1.3486200571,0.6581,0.6120250821,7.1931,83.1605987549
2024-01-08,1.0959,1.2746,144.86,0.8510100245,1.3379900455,0.6692,0.6242314577,7.1665,83.0761032104
2024-01-01,1.0957,1.274,144.52,0.8500000238,1.3355000019,0.6722,0.6231298447,7.145,83.2406005859
2023-12-25,1.1062,1.2743,140.92,0.8433600068,1.3229600191,0.6828,0.6334887743,7.0999,82.3020019531
2023-12-18,1.1008,1.272,142.6,0.8562700152,1.3283900023,0.6803,0.6294692159,7.1315,83.1315994263
2023-12-11,1.0906,1.2709,141.8,0.8671299815,1.3407000303,0.6715,0.621329844,7.1179,83.2966003418
2023-12-04,1.0746,1.2539,144.88,0.8754400015,1.3598599434,0.6569,0.6161581278,7.1645,83.3548965454
2023-11-27,1.0878,1.2682,147,0.8746600151,1.3556499481,0.666,0.6157673001,7.1386,83.3526992798
2023-11-20,1.0934,1.2601,149.57,0.884469986,1.369500041,0.6584,0.6048801541,7.1488,83.34400177
2023-11-13,1.0879,1.243,149.82,0.8884800076,1.3752100468,0.6494,0.5965305567,7.212,83.120300293
2023-11-06,1.071,1.2279,151.04,0.903150022,1.3806999922,0.642,0.5889298916,7.2835,83.3193969727
2023-10-30,1.0733,1.2374,149.36,0.9060999751,1.3746999502,0.6507,0.5895808935,7.3005,83.2472991943
2023-10-23,1.0592,1.2151,149.6,0.8988299966,1.3813999891,0.6352,0.5828898549,7.3171,83.2825012207
2023-10-16,1.0592,1.2153,149.85,0.8917899728,1.371530056,0.6319,0.5842998624,7.3155,83.1222991943
2023-10-09,1.0502,1.2139,149.62,0.9078199863,1.3683799505,0.629,0.5921609998,7.3049,83.2623977661
2023-10-02,1.0596,1.2255,149.08,0.9125900269,1.3705699444,0.6394,0.5966409445,7.296,83.224899292
2023-09-25,1.0584,1.2214,149.43,0.9147599936,1.3490999937,0.6451,0.5964398384,7.296,83.1930007935
2023-09-18,1.066,1.2257,148.24,0.9044700265,1.3477499485,0.6453,0.5931796432,7.298,82.8912963867
2023-09-11,1.0673,1.2392,147.83,0.8963999748,1.3514800072,0.6442,0.5906001329,7.2744,83.0282974243
2023-09-04,1.0709,1.2476,147.7,0.8926699758,1.368350029,0.6386,0.5882000327,7.343,83.2415008545
2023-08-28,1.0787,1.2594,146.2,0.8831999898,1.3509700298,0.6449,0.5976964831,7.2606,82.6824035645
2023-08-21,1.0787,1.257,146.38,0.8851000071,1.3586800098,0.6401,0.5919576883,7.289,82.6414031982
2023-08-14,1.0875,1.2738,145.15,0.8782399893,1.3545199633,0.6413,0.5925890803,7.28,83.0982971191
2023-08-07,1.0957,1.2694,144.94,0.8767899871,1.3444800377,0.6493,0.601333797,7.2367,82.7998962402
2023-07-31,1.1036,1.2775,141.79,0.8742200136,1.3350600004,0.6605,0.6082391739,7.1709,82.7843017578
2023-07-24,1.1039,1.287,140.72,0.8688499928,1.3227000237,0.667,0.6187467575,7.1488,82.3749008179
2023-07-17,1.112,1.2854,141.75,0.8662599921,1.3174200058,0.6737,0.6230296493,7.1861,82.0823974609
2023-07-10,1.1237,1.3113,138.74,0.8591200113,1.3112499714,0.6843,0.6391900182,7.1403,82.0307998657
2023-07-03,1.0964,1.2838,142.21,0.8952800035,1.3365399837,0.6686,0.6163518429,7.2205,82.7684020996
2023-06-26,1.092,1.2709,144.47,0.8991400003,1.3250000477,0.6663,0.6066783071,7.2513,82.0754013062
2023-06-19,1.0887,1.2701,143.78,0.8948799968,1.3145899773,0.6687,0.6182800531,7.1777,81.9192962646
2023-06-12,1.0925,1.2815,141.82,0.8916400075,1.3221900463,0.6865,0.6235386133,7.125,81.9126968384
2023-06-05,1.0749,1.2579,139.35,0.8986999989,1.3361999989,0.674,0.6094402671,7.1273,82.4882965088
2023-05-29,1.0724,1.2468,139.76,0.9055899978,1.3443000317,0.6616,0.6065789461,7.0827,82.2767028809
2023-05-22,1.0713,1.2342,140.53,0.9050499797,1.3643200397,0.6511,0.6053400636,7.063,82.7421035767
2023-05-15,1.0819,1.2464,137.67,0.9048699737,1.3497699499,0.6661,0.6235813498,7.006,82.7250976562
2023-05-08,1.0856,1.2464,135.63,0.8939999938,1.3493000269,0.6649,0.6294216514,6.9575,82.1003036499
2023-05-01,1.1026,1.265,134.85,0.8852000237,1.3523000479,0.6747,0.6290218234,6.9101,81.7161026001
2023-04-24,1.104,1.2582,135.99,0.8938800097,1.3599699736,0.6617,0.614639461,6.911,81.7650985718
2023-04-17,1.0973,1.2419,134.28,0.8923199773,1.348080039,0.6691,0.6179285645,6.892,82.1408996582
2023-04-10,1.098,1.2417,133.74,0.8889999986,1.3339999914,0.6702,0.6303500533,6.869,81.6807022095
2023-04-03,1.0913,1.2422,132.11,0.904399991,1.3494999409,0.6668,0.6245706081,6.875,81.8312988281
2023-03-27,1.0872,1.2369,132.75,0.9133800268,1.3521900177,0.6704,0.6269789338,6.8676,82.1005020142
2023-03-20,1.0762,1.2225,130.64,0.9164000154,1.3717000484,0.6643,0.624691546,6.8675,82.265296936
2023-03-13,1.0647,1.2141,132.01,0.9291700125,1.371909976,0.6683,0.6203396916,6.887,82.6228027344
2023-03-06,1.0659,1.2043,135.05,0.9328500032,1.3831000328,0.661,0.6101207137,6.9025,82.0184020996
2023-02-27,1.0616,1.1996,136.09,0.9418699741,1.3594800234,0.6759,0.622130394,6.9048,82.3556976318
2023-02-20,1.0545,1.1948,136.36,0.9336900115,1.3543200493,0.6735,0.6230801344,6.9545,82.6178970337
2023-02-13,1.0678,1.2012,134.21,0.9264600277,1.3473000526,0.6865,0.6245394349,6.8661,82.6952972412
2023-02-06,1.067,1.2061,131.5,0.9219740033,1.3448699713,0.6919,0.6327512264,6.8106,82.533203125
2023-01-30,1.0825,1.2073,131.07,0.9132000208,1.3316600323,0.6946,0.6477187276,6.7733,82.0458984375
2023-01-23,1.0857,1.2379,129.94,0.9201999903,1.3316099644,0.7102,0.6490893364,6.7899,81.445098877
2023-01-16,1.0831,1.2374,129.97,0.9154999852,1.3463799953,0.6953,0.6395497918,6.7825,81.2397994995
2023-01-09,1.0811,1.2194,127.85,0.9272000194,1.3375999928,0.695,0.6387817264,6.701,81.1156005859
2023-01-02,1.0619,1.2064,132.21,0.9358299971,1.3559900522,0.6864,0.6230801344,6.837,82.6452026367
2022-12-26,1.0698,1.2077,131.81,0.9228500128,1.3552000523,0.6805,0.6345902681,6.8972,82.8350982666
2022-12-19,1.0621,1.2054,132.78,0.9309999943,1.3636800051,0.671,0.6251992583,6.988,82.8749008179
2022-12-12,1.061,1.2168,136.55,0.9276400208,1.3658200502,0.6691,0.6343004107,6.9708,82.8579025269
2022-12-05,1.055,1.2311,136.4,0.9358599782,1.3597700596,0.6809,0.6378608942,6.9559,82.2791976929
2022-11-28,1.0521,1.2292,134.89,0.9363899827,1.3435499668,0.6801,0.6369791627,7.019,81.1622009277
2022-11-21,1.0402,1.2102,139.21,0.9433699846,1.3336600065,0.675,0.6259702444,7.1642,81.6554031372
2022-11-14,1.0349,1.1902,140.03,0.9526799917,1.3321399689,0.6681,0.6128915548,7.1192,81.5249023438
2022-11-07,1.0176,1.1677,141.78,0.9649099708,1.3331500292,0.659,0.6017788649,7.184,80.4829025269
2022-10-31,0.9895,1.1279,147.22,1.0134199858,1.3742400408,0.6435,0.576920867,7.2996,82.6818008423
2022-10-24,0.9934,1.1573,147.68,0.990440011,1.3564499617,0.6396,0.5828015208,7.2499,82.4424972534
2022-10-17,0.9855,1.1292,146.35,1.0038100481,1.3777300119,0.6368,0.566919148,7.2399,82.8256988525
2022-10-10,0.9739,1.1208,148.46,1.0014100075,1.3760099411,0.6219,0.5639108419,7.1895,82.1921005249
2022-10-03,0.9785,1.1116,145.19,0.9899700284,1.3740999699,0.6393,0.5660687089,7.1103,82.3489990234
2022-09-26,0.9783,1.1134,144.71,0.9749299884,1.3674499989,0.6437,0.5742308497,7.1135,81.4805984497
2022-09-19,0.9719,1.0921,143.18,0.9757000208,1.347110033,0.6543,0.5848295093,7.1266,81.0622024536
2022-09-12,1.0013,1.1419,143.04,0.9617999792,1.3246999979,0.6703,0.5957700014,6.9799,79.8490982056
2022-09-05,1.0046,1.16,142.44,0.9686499834,1.308079958,0.6846,0.6070399284,6.924,79.7062988281
2022-08-29,1.003,1.1582,140.03,0.9812899828,1.3144999743,0.6845,0.6084908843,6.8985,79.716796875
2022-08-22,0.9998,1.1778,137.07,0.9636499882,1.2937599421,0.6921,0.6216701865,6.8715,79.8828964233
2022-08-15,1.0039,1.181,137.01,0.9565899968,1.2947100401,0.687,0.6245003939,6.8164,79.7667007446
2022-08-08,1.0257,1.2132,133.57,0.9413200021,1.2762900591,0.7106,0.643421948,6.7425,79.6139984131
2022-08-01,1.017,1.2061,135.33,0.9540799856,1.287019968,0.6901,0.6297110319,6.7607,79.1548995972
2022-07-25,1.0202,1.2183,133.25,0.9544199705,1.2806999683,0.6985,0.6295682788,6.7433,79.5715026855
2022-07-18,1.0225,1.2019,136.12,0.9661999941,1.2877999544,0.6948,0.6243990064,6.75,79.7759017944
2022-07-11,1.0089,1.1857,138.57,0.9829999804,1.3107999563,0.6793,0.6130305529,6.7565,79.8783035278
2022-07-04,1.0178,1.2036,136.16,0.9738000035,1.2965999842,0.6858,0.6179094911,6.6945,79.2216033936
2022-06-27,1.0409,1.2048,135.09,0.9550899863,1.2873699665,0.6789,0.6240288615,6.7,78.9629974365
2022-06-20,1.0539,1.2273,135.22,0.9613599777,1.2987099886,0.6946,0.6286184788,6.6878,78.1424026489
2022-06-13,1.0473,1.2201,135.14,0.9667400122,1.2953799963,0.6923,0.6360716224,6.716,77.9776992798
2022-06-06,1.0521,1.233,134.19,0.9804000258,1.27026999,0.7054,0.6385695934,6.7081,77.8187026978
2022-05-30,1.0721,1.2496,130.71,0.9574400187,1.2569799423,0.7209,0.6560388207,6.6595,77.360496521
2022-05-23,1.0709,1.2613,127.14,0.9585599899,1.2773000002,0.7155,0.6482393742,6.698,77.6302032471
2022-05-16,1.0559,1.2492,127.86,0.9721800089,1.2819600105,0.7032,0.6381499171,6.6921,77.4210968018
2022-05-09,1.041,1.2242,129.23,1.0030499697,1.3023099899,0.6918,0.6247188449,6.788,77.4438018799
2022-05-02,1.0572,1.2344,130.35,0.9851999879,1.2826999426,0.7091,0.6430289149,6.6651,76.5418014526
2022-04-25,1.0537,1.2565,129.84,0.9717000127,1.28046,0.7101,0.6493085027,6.608,76.5889968872
2022-04-18,1.079,1.2848,128.78,0.953700006,1.2589099407,0.7257,0.672449708,6.501,76.2852020264
2022-04-11,1.0812,1.3066,126.31,0.9429100156,1.2603000402,0.7401,0.6783432364,6.3705,76.3087997437
2022-04-04,1.0874,1.3032,124.31,0.9344800115,1.2586699724,0.7461,0.6884918213,6.3643,75.9132003784
2022-03-28,1.1043,1.3114,122.6,0.9231899977,1.2498500347,0.7493,0.6934000254,6.3625,75.9092025757
2022-03-21,1.0985,1.3193,121.98,0.9294899702,1.2520400286,0.7501,0.6965485811,6.3658,76.3235015869
2022-03-14,1.1044,1.3169,119.17,0.9360200167,1.2631599903,0.7402,0.6892321706,6.3609,75.9815979004
2022-03-07,1.0937,1.3063,117.08,0.9293799996,1.2755899429,0.7308,0.6874411702,6.3389,76.3103027344
2022-02-28,1.0912,1.3214,114.65,0.9179000258,1.2670300007,0.7362,0.6809716225,6.3188,75.8917007446
2022-02-21,1.1261,1.3407,115.62,0.9258400202,1.2809499502,0.7218,0.6687889695,6.3169,75.4083023071
2022-02-14,1.1327,1.3585,115.08,0.9196000099,1.2704800367,0.7174,0.6691021919,6.3251,75.06300354
2022-02-07,1.1404,1.3601,115.91,0.9256500006,1.2732000351,0.7177,0.666711092,6.354,75.5383987427
2022-01-31,1.1455,1.3543,115.22,0.9203699827,1.2678500414,0.7067,0.6666400433,6.361,74.6438980103
2022-01-24,1.116,1.3417,115.21,0.9308699965,1.2745699883,0.6998,0.6584405303,6.3605,75.2092971802
2022-01-17,1.1346,1.3562,113.72,0.9168400168,1.2500300407,0.7199,0.6750781536,6.3385,74.4522018433
2022-01-10,1.1414,1.367,113.89,0.9110400081,1.2507799864,0.7222,0.686191082,6.3524,73.9722976685
2022-01-03,1.1358,1.3583,115.61,0.9214000106,1.2730200291,0.7186,0.6740406752,6.3769,74.4192962646
2021-12-27,1.1318,1.35,115.17,0.9136999846,1.2744400501,0.726,0.6830414534,6.3726,74.4311981201
2021-12-20,1.132,1.341,114.42,0.9186000228,1.2823899984,0.724,0.6822212934,6.3696,75.0673980713
2021-12-13,1.1277,1.3269,113.56,0.9188399911,1.2779699564,0.7148,0.6796294451,6.3748,76.1675033569
2021-12-06,1.1312,1.3262,113.36,0.923789978,1.2708400488,0.7177,0.6795694232,6.3685,75.5991973877
2021-11-29,1.1308,1.3234,112.88,0.9197999835,1.2817699909,0.7011,0.6812081933,6.3758,74.9834976196
2021-11-22,1.1302,1.3322,113.46,0.935280025,1.2663700581,0.7124,0.6844392419,6.3924,74.5057983398
2021-11-15,1.1318,1.3474,113.81,0.9255999923,1.2603499889,0.7257,0.7042104602,6.3863,74.1744003296
2021-11-08,1.1443,1.3412,113.9,0.921209991,1.2588499784,0.7322,0.7024001479,6.3787,74.3220977783
2021-11-01,1.1554,1.3491,113.45,0.9126799703,1.2451000214,0.7408,0.7109695673,6.3961,74.4781036377
2021-10-25,1.1552,1.3686,114.03,0.9115399718,1.2346099615,0.751,0.7195124626,6.405,74.797203064
2021-10-18,1.1632,1.3741,113.54,0.918110013,1.2370300293,0.7463,0.7155993581,6.3839,74.8654022217
2021-10-11,1.1594,1.3756,114.31,0.9243699908,1.2374600172,0.7416,0.7035713196,6.434,74.9950027466
2021-10-04,1.1572,1.363,112.15,0.9283999801,1.2546999454,0.7308,0.6938180923,6.4435,74.8300018311
2021-09-27,1.1598,1.3572,110.97,0.9324799776,1.2683999538,0.7271,0.6896799207,6.4434,74.2544021606
2021-09-20,1.1715,1.3681,110.72,0.9244999886,1.2661999464,0.7258,0.7065390348,6.466,73.8399963379
2021-09-13,1.1734,1.3755,109.94,0.9273599982,1.268149972,0.7276,0.7070900202,6.4655,73.5649032593
2021-09-06,1.1821,1.3847,109.93,0.9165099859,1.2662600279,0.7366,0.7105098963,6.444,73.5380020142
2021-08-30,1.1884,1.3862,109.64,0.9144899845,1.2551800013,0.7442,0.7110706568,6.4528,73.0542984009
2021-08-23,1.1794,1.3769,109.84,0.9179400206,1.2684899569,0.7309,0.6945312619,6.4711,74.15599823
2021-08-16,1.169,1.3625,109.77,0.9189199805,1.2831300497,0.7133,0.6820305586,6.5012,74.4292984009
2021-08-09,1.1796,1.3857,109.75,0.9230599999,1.2519999743,0.7377,0.7005204558,6.4768,74.2601013184
2021-08-02,1.1761,1.3873,110.22,0.9064999819,1.2501300573,0.7357,0.7048507929,6.4825,74.0820007324
2021-07-26,1.1864,1.3913,109.7,0.9057199955,1.2449300289,0.7351,0.7011098862,6.4609,74.2519989014
2021-07-19,1.1761,1.3749,110.52,0.9191200137,1.2563999891,0.7364,0.6981095076,6.4808,74.452003479
2021-07-12,1.181,1.3785,110.13,0.9178000093,1.2589000463,0.7409,0.7011492252,6.4785,74.5370025635
2021-07-05,1.1861,1.3842,110.18,0.914740026,1.2527999878,0.748,0.6949077249,6.4788,74.7213973999
2021-06-28,1.1848,1.3795,111.28,0.9258999825,1.2440700531,0.7499,0.6963691115,6.4721,74.5449981689
2021-06-21,1.194,1.3899,110.78,0.9181299806,1.232229948,0.7595,0.7063194513,6.4545,74.1902999878
2021-06-14,1.1872,1.3817,110.21,0.9176499844,1.2345199585,0.7499,0.7015377879,6.4525,74.2538986206
2021-06-07,1.2101,1.4114,109.75,0.8946499825,1.2093000412,0.7696,0.7189486027,6.3967,73.012298584
2021-05-31,1.2173,1.4175,109.42,0.9035000205,1.2107000351,0.7742,0.7148601413,6.3945,73.0441970825
2021-05-24,1.2194,1.4188,109.83,0.8970500231,1.2070200443,0.7706,0.7284275889,6.3674,72.6829986572
2021-05-17,1.2178,1.4158,108.94,0.897300005,1.2062499523,0.7731,0.7196574807,6.4339,73.0218963623
2021-05-10,1.2141,1.4096,109.37,0.9059399962,1.2168300152,0.7776,0.7182979584,6.4367,73.4449005127
2021-05-03,1.2165,1.4,108.52,0.907589972,1.2153999805,0.7861,0.7232906818,6.431,73.615196228
2021-04-26,1.203,1.3838,109.33,0.9089999795,1.2276200056,0.7716,0.7247374654,6.4749,74.105796814
2021-04-19,1.2069,1.3845,107.94,0.9170399904,1.2502900362,0.7739,0.7154299021,6.4945,75.0916976929
2021-04-12,1.198,1.3826,108.78,0.9218930006,1.2543699741,0.7734,0.7175711989,6.5203,74.7274017334
2021-04-05,1.1897,1.3734,109.64,0.9241600037,1.2562199831,0.7631,0.7061498761,6.5522,74.5445022583
2021-03-29,1.1763,1.3825,110.67,0.942110002,1.2546000481,0.7607,0.7024997473,6.5646,73.2873001099
2021-03-22,1.1798,1.3794,109.55,0.9395099878,1.2601799965,0.7629,0.6967815161,6.5412,72.6128005981
2021-03-15,1.1909,1.3872,108.85,0.9273200035,1.2490899563,0.7746,0.7168099284,6.507,72.668800354
2021-03-08,1.1952,1.3925,108.87,0.924660027,1.2531399727,0.7772,0.7227522135,6.5081,72.638999939
2021-03-01,1.1914,1.3817,108.24,0.929279983,1.2677899599,0.7665,0.717828691,6.496,73.1317977905
2021-02-22,1.2093,1.3947,106.64,0.9055699706,1.2609900236,0.772,0.7365506291,6.473,73.1509017944
2021-02-15,1.2136,1.4025,105.58,0.895810008,1.2680900097,0.7873,0.721870482,6.4555,72.6054000854
2021-02-08,1.2126,1.3855,104.94,0.8901200294,1.2700599432,0.7762,0.7231180668,6.4567,72.7095031738
2021-02-01,1.2035,1.3714,105.44,0.904030025,1.2822899818,0.7656,0.7160297632,6.4664,72.9457015991
2021-01-25,1.2135,1.3723,104.64,0.8886089921,1.2830899954,0.7661,0.7174425125,6.4282,72.9387969971
2021-01-18,1.2179,1.3685,103.76,0.8853600025,1.2646700144,0.7728,0.7216001749,6.481,72.9549026489
2021-01-11,1.2099,1.3599,103.8,0.8882499933,1.264770031,0.7723,0.7217714787,6.48,73.087600708
2021-01-04,1.2252,1.3583,103.89,0.8851500154,1.2683800459,0.7778,0.7265488505,6.475,73.4459991455
2020-12-28,1.223,1.3662,103.19,0.8981000185,1.2349900007,0.7709,0.7181999087,6.525,73.0892028809
2020-12-21,1.2194,1.351,103.52,0.8909000158,1.2848199606,0.7587,0.7137498856,6.54,73.557800293
2020-12-14,1.2236,1.3497,103.35,0.8847200274,1.2731000185,0.7615,0.7147911787,6.5395,73.529800415
2020-12-07,1.2112,1.3197,103.88,0.8858579993,1.2739200592,0.7532,0.7094010115,6.5445,73.7266998291
2020-11-30,1.2142,1.3485,104.16,0.8907700181,1.286460042,0.7438,0.7073386312,6.5301,73.8648986816
2020-11-23,1.1908,1.3378,104.39,0.9064199924,1.3020399809,0.736,0.7003389597,6.575,74.0487976074
2020-11-16,1.1857,1.3294,103.81,0.9109429717,1.3085700274,0.7315,0.6906601787,6.5608,74.0996017456
2020-11-09,1.1824,1.3176,104.61,0.9148200154,1.3135999441,0.7256,0.6839009523,6.6039,74.8649978638
2020-11-02,1.1886,1.3162,103.32,0.9041699767,1.3082100153,0.7268,0.6764892936,6.608,74.1200027466
2020-10-26,1.1647,1.2933,104.54,0.9153100252,1.3315299749,0.7023,0.6629716754,6.6919,74.263999939
2020-10-19,1.1844,1.3039,104.78,0.9075999856,1.3136700392,0.7118,0.667159915,6.6861,73.7200012207
2020-10-12,1.1717,1.2931,105.41,0.9143000245,1.322510004,0.7083,0.6598917842,6.6962,73.3710021973
2020-10-05,1.1819,1.3003,105.72,0.9167000055,1.3192100525,0.7237,0.6589394808,6.6933,73.2805023193
2020-09-28,1.1706,1.2928,105.36,0.9189800024,1.3284000158,0.7147,0.6651412845,6.7898,73.2170028687
2020-09-21,1.1618,1.2706,105.59,0.9267399907,1.3351399899,0.7012,0.654990375,6.822,73.6824035645
2020-09-14,1.1857,1.295,104.44,0.9082900286,1.3150199652,0.7311,0.6762696505,6.7675,73.5836029053
2020-09-07,1.1831,1.2788,106.17,0.9102699757,1.318950057,0.7277,0.6646991968,6.833,73.5272979736
2020-08-31,1.182,1.323,106.34,0.9100400209,1.3139699697,0.7264,0.6689102054,6.8409,73.4478988647
2020-08-24,1.1901,1.3341,105.3,0.9089999795,1.3121600151,0.7352,0.6645312905,6.8647,73.7744979858
2020-08-17,1.1775,1.3098,105.88,0.9067000151,1.3172399998,0.7156,0.6542105079,6.9179,74.9999008179
2020-08-10,1.1833,1.3108,106.49,0.9096500278,1.3219599724,0.7168,0.6547288299,6.9501,75.0299987793
2020-08-03,1.1776,1.3043,105.92,0.9099900126,1.3318400383,0.7163,0.6684491634,6.967,74.8998031616
2020-07-27,1.1822,1.3133,105.78,0.9085000157,1.3412799835,0.7159,0.6696891785,6.9744,74.9899978638
2020-07-20,1.1635,1.2791,105.79,0.9252899885,1.3403799534,0.7094,0.6635612249,7.0168,74.8072967529
2020-07-13,1.1438,1.255,107.06,0.9453399777,1.3568899632,0.6994,0.6542105079,6.9912,75.1744995117
2020-07-06,1.1318,1.2654,106.77,0.9403700233,1.3580000401,0.6959,0.6569395661,6.999,75.3399963379
2020-06-29,1.1237,1.2469,107.55,0.9455400109,1.3569699526,0.6921,0.6509187222,7.066,74.7210006714
2020-06-22,1.1215,1.2337,107.19,0.9480999708,1.363499999,0.6861,0.6430785656,7.0768,75.5398025513
2020-06-15,1.1189,1.2362,106.89,0.9516999722,1.3592400551,0.6856,0.6429379582,7.0707,76.4003982544
2020-06-08,1.1253,1.2527,107.36,0.944140017,1.3637900352,0.6854,0.6413010955,7.0825,76.3899993896
2020-06-01,1.1297,1.2703,109.68,0.9556099772,1.3501600027,0.6983,0.646378994,7.0808,75.4908981323
2020-05-25,1.1107,1.232,107.77,0.9639999866,1.3774000406,0.6642,0.6199781895,7.1348,75.9599990845
2020-05-18,1.0894,1.2178,107.5,0.9706799984,1.3947000504,0.6528,0.6123398542,7.1269,75.625
2020-05-11,1.0816,1.2129,107.27,0.9731000066,1.4033000469,0.641,0.6013012528,7.1013,75.4850006104
2020-05-04,1.0854,1.2436,106.5,0.9729499817,1.3969500065,0.6543,0.6095698476,7.0732,76.0800018311
2020-04-27,1.0998,1.2509,106.76,0.9664700031,1.3952900171,0.6424,0.6120288372,7.0622,75.7200012207
2020-04-20,1.0798,1.2335,107.44,0.9763299823,1.4064999819,0.6377,0.6005717516,7.0813,76.4225006104
2020-04-13,1.0883,1.2503,107.52,0.9692000151,1.403949976,0.6357,0.5998692513,7.0711,77.5699996948
2020-04-06,1.0951,1.2485,108.39,0.9668599963,1.3986099958,0.6349,0.6077216864,7.0341,76.6500015259
2020-03-30,1.0797,1.2228,108.53,0.9742199779,1.4129300117,0.6001,0.5914394855,7.0908,77.1399993896
2020-03-23,1.1059,1.236,108.16,0.9616600275,1.4037400484,0.6126,0.5979001522,7.0942,74.7256011963
2020-03-16,1.0682,1.1743,111.3,0.9887199998,1.4498200417,0.5841,0.5684757829,7.095,75.1596984863
2020-03-09,1.1066,1.2406,107.15,0.9446499944,1.3942799568,0.6161,0.6114487648,7.0079,75.3000030518
2020-03-02,1.1319,1.301,105.31,0.9458000064,1.3393800259,0.6634,0.6313091516,6.9298,73.8551025391
2020-02-24,1.1001,1.2778,108.12,0.96875,1.3386199474,0.6495,0.6311696768,6.9906,71.9300003052
2020-02-17,1.0855,1.2966,111.74,0.9837599993,1.325979948,0.6632,0.6332480907,7.0255,72.1100006104
2020-02-10,1.0839,1.3039,109.77,0.9788799882,1.326390028,0.6719,0.6443091631,6.9859,71.2685012817
2020-02-03,1.095,1.2908,109.81,0.9745000005,1.3284000158,0.6679,0.6463000178,7.0003,71.4700012207
2020-01-27,1.1082,1.3195,108.5,0.9694100022,1.3211300373,0.6699,0.6485421062,6.9161,71.6399993896
2020-01-20,1.1026,1.3071,109.31,0.9695000052,1.3127000332,0.6824,0.6614719033,6.9161,71.3209991455
2020-01-13,1.1093,1.3029,110.16,0.9648799896,1.3039000034,0.6877,0.6638211012,6.8589,70.945602417
2020-01-06,1.1119,1.306,109.5,0.9731199741,1.3062499762,0.6903,0.6607987881,6.9178,71.1942977905
2019-12-30,1.1173,1.3091,107.94,0.9711999893,1.2983000278,0.6963,0.6700212359,6.9649,71.4150009155
2019-12-23,1.1174,1.309,109.47,0.9814699888,1.3107999563,0.6978,0.6672716737,6.9954,71.3003005981
2019-12-16,1.1076,1.3036,109.45,0.9782000184,1.3122999668,0.6902,0.6612619758,7.0063,71.2227020264
2019-12-09,1.1128,1.3349,109.28,0.9849900007,1.3152699471,0.6871,0.6620499492,6.9925,70.5598983765
2019-12-02,1.1052,1.3127,108.66,0.9869999886,1.3176000118,0.6836,0.6544117332,7.0348,71.3850021362
2019-11-25,1.1019,1.2939,109.47,0.9983599782,1.3279700279,0.6762,0.6420091987,7.0308,71.5474014282
2019-11-18,1.1029,1.2829,108.67,0.9926999807,1.3278000355,0.6784,0.640699923,7.0389,71.7405014038
2019-11-11,1.1046,1.2901,108.8,0.9887700081,1.3249800205,0.681,0.6381784081,7.0075,71.9558029175
2019-11-04,1.1019,1.279,109.14,0.994599998,1.3227100372,0.6854,0.6380997896,6.9954,71.3765029907
2019-10-28,1.1169,1.295,108.16,0.9864100218,1.3167500496,0.6914,0.6414985061,7.0368,70.9700012207
2019-10-21,1.1081,1.2833,108.75,0.9923499823,1.3070600033,0.6829,0.6377795339,7.0647,71.1900024414
2019-10-14,1.1155,1.2904,108.44,0.9872999787,1.3135800362,0.6846,0.6354814768,7.0805,71.4225006104
2019-10-07,1.1039,1.2683,108.52,0.9961299896,1.3285900354,0.6804,0.6326110959,7.0868,70.9800033569
2019-09-30,1.0974,1.2309,106.91,0.998149991,1.3336700201,0.6764,0.6303898096,7.1473,71.0199966431
2019-09-23,1.0942,1.2312,108.05,0.9933900237,1.3267999887,0.6764,0.6298300028,7.1218,71.2149963379
2019-09-16,1.1004,1.2489,107.95,0.9927399755,1.3257299662,0.677,0.6296594739,7.0909,71.7174987793
2019-09-09,1.1074,1.2462,108.12,0.9905599952,1.3211499453,0.6886,0.6402294636,7.0754,71.2850036621
2019-09-02,1.1042,1.2299,106.8,0.9862300158,1.3229000568,0.6856,0.6372593045,7.1131,72.2200012207
2019-08-26,1.0989,1.2166,106.3,0.9858000278,1.328099966,0.673,0.6317797899,7.1543,71.6801986694
2019-08-19,1.1148,1.2261,105.3,0.9836599827,1.3295300007,0.6749,0.6388307214,7.0928,71.9204025269
2019-08-12,1.1091,1.2152,106.34,0.9763000011,1.3316899538,0.6782,0.6435089111,7.0413,71.7200012207
2019-08-05,1.1222,1.2085,105.3,0.9739300013,1.3228000402,0.6796,0.6485715508,7.0613,70.4709014893
2019-07-29,1.1112,1.2132,106.64,0.9900699854,1.3213900328,0.6806,0.6554496884,6.9387,69.297203064
2019-07-22,1.1121,1.2387,108.69,0.9909800291,1.3157999516,0.6908,0.6660494804,6.8785,69.1504974365
2019-07-15,1.122,1.25,107.78,0.982640028,1.3035600185,0.7042,0.6777317524,6.8812,68.8499984741
2019-07-08,1.1254,1.2553,108,0.9904999733,1.3067500591,0.7007,0.666377902,6.8796,68.6699981689
2019-07-01,1.1216,1.2506,108.55,0.9847199917,1.3048399687,0.6968,0.6691783071,6.8925,68.7399978638
2019-06-24,1.1374,1.2704,107.84,0.9766499996,1.3094300032,0.7009,0.670191884,6.865,69.3249969482
2019-06-17,1.1328,1.2703,107.55,0.9810500145,1.3183100224,0.692,0.6584709287,6.8686,69.7799987793
2019-06-10,1.1217,1.2601,108.44,0.9934999943,1.3327300549,0.6872,0.6558710337,6.9247,69.8000030518
2019-06-03,1.1324,1.274,108.15,0.9911000133,1.3353999853,0.7002,0.6619009972,6.9057,69.3600006104
2019-05-27,1.1149,1.262,108.66,1.0068999529,1.3524899483,0.693,0.6506688595,6.9027,69.9800033569
2019-05-20,1.1197,1.27,109.38,1.0029000044,1.3473600149,0.6914,0.6522603631,6.8997,69.9449996948
2019-05-13,1.1166,1.2723,109.9,1.0099799633,1.3461999893,0.6874,0.6535306573,6.9182,70.2350006104
2019-05-06,1.1241,1.3036,109.56,1.0152000189,1.3465299606,0.6998,0.6587311625,6.8217,70.4100036621
2019-04-29,1.1186,1.3139,111.28,1.0193500519,1.3469200134,0.7018,0.6616294384,6.7337,69.4244003296
2019-04-22,1.1154,1.293,111.6,1.0198999643,1.3478000164,0.7044,0.6633191109,6.7282,70.1600036621
2019-04-15,1.1246,1.3003,111.92,1.0148400068,1.3375999928,0.715,0.6687307954,6.7032,69.3809967041
2019-04-08,1.1304,1.3086,112,1.0027400255,1.3377900124,0.7176,0.6724587679,6.7039,69.4300003052
2019-04-01,1.1217,1.301,111.71,0.9999200106,1.3364700079,0.7099,0.6757989526,6.7182,68.9703979492
2019-03-25,1.1228,1.3032,110.68,0.9948300123,1.3430500031,0.7104,0.6781821847,6.7112,69.5
2019-03-18,1.1282,1.3219,109.76,0.9919000268,1.3365000486,0.7091,0.6882218122,6.7162,68.9300003052
2019-03-11,1.1326,1.3278,111.57,1.003450036,1.3324700594,0.7089,0.683713913,6.7129,69.3373031616
2019-03-04,1.1243,1.301,111.11,1.0106999874,1.3444700241,0.7048,0.6764801145,6.7201,70.4875030518
2019-02-25,1.1376,1.3222,111.89,0.9972599745,1.3164299726,0.708,0.6821980476,6.7048,70.8160018921
2019-02-18,1.1342,1.3067,110.7,1.0008599758,1.3225400448,0.7138,0.6814309955,6.7112,71.1849975586
2019-02-11,1.1268,1.2857,110.54,1.0049500465,1.3296999931,0.7122,0.6832607985,6.768,71.0100021362
2019-02-04,1.1326,1.2933,109.76,1.0024100542,1.3310899734,0.709,0.6747183204,6.7426,71.5800018311
2019-01-28,1.1474,1.3094,109.55,0.9937000275,1.312590003,0.726,0.6914194822,6.7426,71.1999969482
2019-01-21,1.1407,1.3176,109.6,0.9955999851,1.3350499868,0.7172,0.6760091186,6.7448,70.9899978638
2019-01-14,1.1362,1.2898,109.79,0.9937000275,1.3280199766,0.7172,0.6763291359,6.7765,71.0301971436
2019-01-07,1.1479,1.2836,108.34,0.9840099812,1.3238999844,0.7204,0.6785181165,6.7596,70.7200012207
2018-12-31,1.141,1.274,108.29,0.9871000051,1.3478800058,0.7108,0.6688515544,6.8663,70.3000030518
2018-12-24,1.1445,1.2699,110.34,0.986899972,1.361899972,0.7044,0.6700212359,6.8755,69.9899978638
2018-12-17,1.1402,1.2681,111.14,0.9869999886,1.349840045,0.7072,0.6774609089,6.9048,70.3000030518
2018-12-10,1.13,1.257,113.35,0.9936000109,1.3346999884,0.7176,0.6857017875,6.905,71.5469970703
2018-12-03,1.139,1.2749,112.6,0.9932000041,1.3393700123,0.721,0.6882786155,6.8733,70.75
2018-11-26,1.1323,1.2772,113.54,0.9958999753,1.3274999857,0.7311,0.6865820885,6.9558,69.9199981689
2018-11-19,1.1332,1.2804,112.83,0.9943000078,1.319059968,0.7225,0.6808881164,6.9477,70.8349990845
2018-11-12,1.1402,1.2839,112.76,1.0067000389,1.3171999454,0.7312,0.6824913621,6.9367,71.8917007446
2018-11-05,1.1325,1.2978,113.77,1.0055999756,1.3142800331,0.7226,0.6751784682,6.9553,72.9000015259
2018-10-29,1.1378,1.2965,113.09,1.0019999743,1.3090200424,0.7199,0.6651280522,6.8894,73.3099975586
2018-10-22,1.1388,1.2826,111.65,0.9996700287,1.3070700169,0.7088,0.6528608203,6.9425,73.220199585
2018-10-15,1.1513,1.3045,112.52,0.9957299829,1.3078900576,0.7132,0.6538811326,6.9291,74.1600036621
2018-10-08,1.1559,1.3154,112.02,0.9897999763,1.3031200171,0.7116,0.6527585387,6.9182,74.1600036621
2018-10-01,1.1502,1.3101,113.56,0.9913499951,1.2920000553,0.7048,0.6481595635,6.868,74.2200012207
2018-09-24,1.1622,1.3053,113.48,0.9769799709,1.303640008,0.7238,0.6618089676,6.868,72.9499969482
2018-09-17,1.1739,1.3067,112.62,0.958829999,1.2908799648,0.7278,0.6681990623,6.8559,71.7200012207
2018-09-10,1.1656,1.3084,112.09,0.9660000205,1.3005399704,0.7178,0.6573800445,6.8673,72.0274963379
2018-09-03,1.1572,1.2934,111.18,0.9654499888,1.3154799938,0.7135,0.6583191752,6.8419,71.9389038086
2018-08-27,1.1596,1.2964,110.98,0.9685999751,1.2985899448,0.7192,0.6648715138,6.83,71.4049987793
2018-08-20,1.1625,1.2858,111.22,0.9862599969,1.3101400137,0.7332,0.6626027226,6.803,70.2750015259
2018-08-13,1.141,1.2735,110.54,0.9973499775,1.315950036,0.7282,0.658488214,6.874,70.0049972534
2018-08-06,1.1399,1.2769,110.66,0.9939699769,1.3045799732,0.7298,0.660689652,6.8458,69.0999984741
2018-07-30,1.1597,1.3021,111.12,0.9954000115,1.3024499416,0.7406,0.6737681627,6.8309,68.6155014038
2018-07-23,1.166,1.3118,110.94,0.9940199852,1.3069000244,0.741,0.6786194444,6.8097,68.7399978638
2018-07-16,1.1708,1.3114,111.74,0.9987400174,1.3259999752,0.741,0.6748321056,6.7659,68.9350967407
2018-07-09,1.1667,1.3216,112.38,1.0026999712,1.3165199757,0.741,0.6772085428,6.69,68.5400009155
2018-07-02,1.1738,1.3262,110.48,0.9929999709,1.3135999441,0.7421,0.6795509458,6.6396,69.0699996948
2018-06-25,1.1677,1.3197,110.71,0.9975900054,1.3255200386,0.7399,0.6752604842,6.6171,68.7966995239
2018-06-18,1.163,1.3258,109.98,0.9916200042,1.3317400217,0.7424,0.6870963573,6.5027,67.8300018311
2018-06-11,1.1616,1.3283,110.58,0.996909976,1.3116099834,0.7455,0.6961994171,6.4379,68.1299972534
2018-06-04,1.1773,1.3406,109.45,0.9808200002,1.2982000113,0.7601,0.7018824816,6.4031,67.4100036621
2018-05-28,1.1679,1.3358,109.49,0.9847000241,1.2944099903,0.7566,0.7006579041,6.418,67.4349975586
2018-05-21,1.1666,1.3321,109.35,0.9912999868,1.2883000374,0.7558,0.6931399703,6.3903,68.2601013184
2018-05-14,1.1775,1.3476,110.71,1.0015200377,1.283550024,0.7511,0.6884776354,6.3768,68.1399993896
2018-05-07,1.1951,1.3549,109.26,1.0030299425,1.2769800425,0.7544,0.6963788271,6.3333,67.3899993896
2018-04-30,1.1946,1.3535,109.16,0.9973400235,1.2850600481,0.7534,0.7040815353,6.3589,66.6600036621
2018-04-23,1.2108,1.3785,109.12,0.9890300035,1.2870299816,0.7566,0.7065489888,6.3325,66.9000015259
2018-04-16,1.2282,1.4033,107.6,0.9715099931,1.2664899826,0.7671,0.7260001898,6.2945,66.1147994995
2018-04-09,1.2322,1.4255,107.52,0.9623200297,1.2588800192,0.7768,0.73794204,6.2725,65.2757034302
2018-04-02,1.2274,1.4088,107.03,0.9618999958,1.276919961,0.7684,0.726279676,6.3045,64.8615036011
2018-03-26,1.232,1.4027,106.2,0.9559999704,1.2886999846,0.769,0.7229194045,6.2726,65.0299987793
2018-03-19,1.236,1.4151,104.83,0.9463700056,1.293110013,0.7721,0.7216100693,6.311,65.1600036621
2018-03-12,1.228,1.3919,106.1,0.951300025,1.3051700592,0.7733,0.7270876765,6.33,65.0143966675
2018-03-05,1.2326,1.3863,106.74,0.951390028,1.2896100283,0.7849,0.7260476351,6.3285,65.0904006958
2018-02-26,1.2314,1.3769,105.65,0.9414899945,1.2832100391,0.7754,0.7261425853,6.3428,65.1500015259
2018-02-19,1.2298,1.3979,106.64,0.9330599904,1.2711999416,0.7827,0.7324022055,6.3329,64.9514007568
2018-02-12,1.2442,1.4055,106.1,0.9219999909,1.2482000589,0.7925,0.7398912311,6.3438,63.8908996582
2018-02-05,1.2226,1.3794,108.44,0.9350799918,1.2590600252,0.7809,0.7226112485,6.2966,64.4404983521
2018-01-29,1.2446,1.4126,110.4,0.9259799719,1.2260600328,0.7929,0.7397927046,6.2984,63.9749984741
2018-01-22,1.2422,1.4179,108.38,0.9417999983,1.2375999689,0.8105,0.731079638,6.3199,63.5731010437
2018-01-15,1.2238,1.3857,110.56,0.9587699771,1.2411299944,0.8001,0.7296500802,6.399,63.8675994873
2018-01-08,1.213,1.3689,111.23,0.97566998,1.2518999577,0.7886,0.7260793447,6.4607,63.6721000671
2018-01-01,1.2039,1.3562,113.18,0.9743999839,1.249029994,0.7859,0.7155993581,6.4875,63.3695983887
2017-12-25,1.2022,1.3529,112.69,0.9786999822,1.2565499544,0.7815,0.7093405724,6.5063,64.06199646
2017-12-18,1.1839,1.3379,113.3,0.9885399938,1.2735999823,0.7713,0.7014294863,6.575,64.0096969604
2017-12-11,1.1778,1.3316,112.68,0.9886999726,1.2794500589,0.7646,0.6989585757,6.6088,64.2750015259
2017-12-04,1.1761,1.3367,113.55,0.9947100282,1.2857999802,0.7507,0.6827196479,6.6199,64.5423965454
2017-11-27,1.191,1.3505,111.88,0.983799994,1.289139986,0.7624,0.6831814647,6.6137,64.4993972778
2017-11-20,1.1936,1.3336,111.54,0.9815700054,1.2712600231,0.7619,0.6889899373,6.5998,64.5793991089
2017-11-13,1.1799,1.3222,111.98,0.9935200214,1.2757899761,0.7563,0.6855512857,6.6245,65.2099990845
2017-11-06,1.1648,1.3133,113.4,0.9938899875,1.2678300142,0.7668,0.6944589019,6.6378,64.9680023193
2017-10-30,1.1616,1.3067,114.25,0.9992600083,1.2807500362,0.765,0.6912999749,6.636,64.50050354
2017-10-23,1.158,1.3108,113.82,0.9980700016,1.2848000526,0.766,0.6837607026,6.6498,64.5999984741
2017-10-16,1.177,1.3179,113.5,0.9762499928,1.2480700016,0.7812,0.7030519843,6.6185,64.9046020508
2017-10-09,1.1837,1.3304,111.94,0.9747999907,1.2474999428,0.7885,0.7129921317,6.5785,65.0459976196
2017-10-02,1.1732,1.3063,112.68,0.9782000184,1.2568800449,0.7765,0.7113589644,6.6533,65.2099990845
2017-09-25,1.1813,1.3402,112.64,0.9705799818,1.2436300516,0.784,0.7222824097,6.6533,65.3600006104
2017-09-18,1.1969,1.3531,112.01,0.9702000022,1.2323900461,0.7975,0.730012238,6.5899,64.8022994995
2017-09-11,1.1959,1.3578,110.84,0.9614199996,1.2163000107,0.8007,0.722961247,6.55,64.1549987793
2017-09-04,1.2041,1.3211,107.72,0.9494900107,1.2108700275,0.8071,0.724847734,6.4773,63.9500999451
2017-08-28,1.1878,1.2972,110.09,0.9593999982,1.2472000122,0.798,0.7179111242,6.5552,63.9118995667
2017-08-21,1.1874,1.2873,109.24,0.9651600122,1.2512899637,0.7929,0.7207207084,6.6465,64.0350036621
2017-08-14,1.1748,1.2847,109.32,0.9622399807,1.2683999538,0.7933,0.7282685041,6.67,64.1889038086
2017-08-07,1.1811,1.2988,109.06,0.9617000222,1.2739399672,0.788,0.7273890972,6.6612,64.1386032104
2017-07-31,1.1754,1.3036,110.76,0.9677299857,1.256829977,0.7924,0.7447125316,6.7272,63.6969985962
2017-07-24,1.1754,1.3124,110.87,0.9636899829,1.2539800406,0.7991,0.7504127026,6.7362,64.1849975586
2017-07-17,1.1655,1.2968,111.18,0.951399982,1.2596199512,0.7911,0.7403404117,6.7663,64.3249969482
2017-07-10,1.1452,1.3079,112.66,0.9667999744,1.2726800442,0.7813,0.7324290276,6.7741,64.4257965088
2017-07-03,1.1396,1.288,114.1,0.9601299763,1.2978500128,0.7599,0.7284382582,6.8039,64.7133026123
2017-06-26,1.1411,1.2995,112.4,0.9552999735,1.2992600203,0.7676,0.7309620976,6.7793,64.7851028442
2017-06-19,1.1196,1.2727,111.26,0.9718099833,1.3230999708,0.7578,0.7261900306,6.8345,64.591003418
2017-06-12,1.1194,1.2778,110.84,0.9752699733,1.325600028,0.7622,0.7203520536,6.8097,64.5599975586
2017-06-05,1.119,1.2737,110.61,0.9691600204,1.3522100449,0.7532,0.7198698521,6.797,64.2438964844
2017-05-29,1.127,1.2885,110.49,0.9710999727,1.351549983,0.7441,0.7061997056,6.8085,64.3722991943
2017-05-22,1.117,1.2795,111.3,0.9731500149,1.3483400345,0.744,0.7018578053,6.8525,64.5454025269
2017-05-15,1.119,1.3018,111.47,0.979460001,1.3603500128,0.7449,0.6895600557,6.883,64.8711013794
2017-05-08,1.0926,1.288,113.3,1.0078400373,1.3703900576,0.7397,0.6843877435,6.8972,64.3600006104
2017-05-01,1.0996,1.295,112.63,0.986109972,1.3751200438,0.7414,0.6875687838,6.9021,64.1699981689
2017-04-24,1.0895,1.2938,111.44,0.9943699837,1.3627899885,0.7475,0.6883497238,6.89,64.0599975586
2017-04-17,1.0694,1.2783,109.08,0.9987000227,1.3475899696,0.7539,0.6990220547,6.8845,64.6600036621
2017-04-10,1.0625,1.2531,108.63,1.0054600239,1.3336399794,0.7575,0.6995795369,6.8835,64.4499969482
2017-04-03,1.0616,1.2398,110.76,1.0053100586,1.3418400288,0.7516,0.6973792315,6.8978,64.5800018311
2017-03-27,1.0698,1.2537,111.41,1.0004400015,1.3332500458,0.7638,0.7003585696,6.8832,64.7900009155
2017-03-20,1.0806,1.2491,111.03,0.9932199717,1.3348499537,0.7619,0.7029283643,6.8803,65.4443969727
2017-03-13,1.0742,1.2372,112.67,0.9961000085,1.3322600126,0.769,0.6983191371,6.9,65.4045028687
2017-03-06,1.0667,1.2158,115.02,1.0123300552,1.3506799936,0.7531,0.6896598935,6.905,66.6804962158
2017-02-27,1.0552,1.2249,114.6,1.0132299662,1.3392699957,0.7559,0.7062396407,6.8954,66.8451004028
2017-02-20,1.058,1.2499,112.26,1.0061199665,1.3100600243,0.7681,0.7230396867,6.8645,66.682800293
2017-02-13,1.0614,1.2428,112.86,0.9972400069,1.3075200319,0.7657,0.721547544,6.864,67.1648025513
2017-02-06,1.065,1.2502,113.22,1.0013999939,1.3133000135,0.7686,0.719538331,6.8775,66.745300293
2017-01-30,1.0792,1.2504,112.42,0.9924499989,1.303030014,0.7686,0.7285602689,6.865,67.2656021118
2017-01-23,1.069,1.2531,115.16,0.9998999834,1.3090000153,0.7549,0.7245011926,6.8768,68.1490020752
2017-01-16,1.063,1.2319,115.3,1.0063300133,1.3321499825,0.7545,0.7193416953,6.868,68.0903015137
2017-01-09,1.0625,1.2198,115.03,1.0103000402,1.3150600195,0.7481,0.7111869454,6.8985,68.1295013428
2017-01-02,1.056,1.2314,116.85,1.0097899437,1.322939992,0.7305,0.7021485567,6.9176,67.733001709
2016-12-26,1.0552,1.2337,116.78,1.0170999765,1.34781003,0.723,0.6972042322,6.943,67.9329986572
2016-12-19,1.0449,1.2252,117.22,1.0255899429,1.3481400013,0.7174,0.6906077862,6.9432,67.8379974365
2016-12-12,1.0456,1.2478,117.74,1.0297600031,1.333310008,0.7298,0.7049203515,6.958,67.8450012207
2016-12-05,1.0541,1.259,115.17,1.0158900023,1.3194999695,0.7442,0.7180297375,6.9042,67.40599823
2016-11-28,1.0666,1.2685,113.76,1.0105899572,1.3306900263,0.7445,0.709823966,6.883,68.2164993286
2016-11-21,1.0595,1.2462,113.17,1.0166000128,1.3490999937,0.7425,0.7009181976,6.9176,68.7454986572
2016-11-14,1.06,1.2327,110.51,1.0070999861,1.3536299467,0.7345,0.7020993233,6.8873,67.9748001099
2016-11-07,1.0882,1.2523,106.56,0.9872499704,1.3470400572,0.759,0.7218131423,6.7987,67.2145004272
2016-10-31,1.1121,1.2546,103.02,0.9742000103,1.3392100334,0.7669,0.7332453132,6.7534,66.6845016479
2016-10-24,1.0934,1.2155,105.4,0.9937800169,1.3387299776,0.7578,0.712656796,6.776,66.9029998779
2016-10-17,1.0866,1.221,103.96,0.9923999906,1.3227000237,0.7597,0.7191140652,6.7654,66.8413009644
2016-10-10,1.0985,1.2189,104.1,0.9866399765,1.3202300072,0.761,0.7086669803,6.7277,66.783996582
2016-10-03,1.1156,1.2434,103.42,0.9806600213,1.3220000267,0.7556,0.7163836956,6.6685,66.6871032715
2016-09-26,1.1238,1.3015,101.21,0.9660999775,1.3152699471,0.7667,0.7245851755,6.6685,66.8162994385
2016-09-19,1.1223,1.2959,101.04,0.9689000249,1.3046900034,0.7621,0.7313683629,6.669,66.6225967407
2016-09-12,1.116,1.309,102.36,0.9712299705,1.3158999681,0.7489,0.7322788835,6.6707,66.8503036499
2016-09-05,1.1214,1.3257,102.86,0.9718599916,1.2920999527,0.7549,0.7405762076,6.6778,66.4499969482
2016-08-29,1.1158,1.3299,104.18,0.9796000123,1.3093999624,0.7557,0.7293945551,6.679,66.7929992676
2016-08-22,1.1237,1.3168,101.2,0.966989994,1.2912399769,0.7614,0.7302467823,6.669,67.0055999756
2016-08-15,1.1326,1.3061,100.24,0.9545000196,1.2775800228,0.762,0.7283321023,6.6515,66.8199996948
2016-08-08,1.1172,1.2934,101.01,0.9749500155,1.298410058,0.7669,0.7211884856,6.6324,66.7399978638
2016-08-01,1.108,1.3069,101.74,0.9737799764,1.3015400171,0.7615,0.7180812359,6.653,66.841003418
2016-07-25,1.1168,1.327,102.32,0.9795299768,1.3151899576,0.7599,0.7090690136,6.6371,67.0070037842
2016-07-18,1.0968,1.3091,106.22,0.9849399924,1.3073699474,0.7453,0.7007708549,6.676,67.1539993286
2016-07-11,1.1059,1.3194,105.64,0.9813699722,1.2908300161,0.7587,0.7162810564,6.6865,66.8379974365
2016-07-04,1.1038,1.2938,100.65,0.9786999822,1.2997000217,0.7559,0.7234842777,6.6878,67.4970016479
2016-06-27,1.1145,1.3281,102.55,0.9762399793,1.2957999706,0.7485,0.7136231065,6.6547,67.5009994507
2016-06-20,1.1126,1.3639,102.26,0.9617499709,1.2832000256,0.7451,0.719994247,6.615,67.2419967651
2016-06-13,1.1256,1.4285,104.2,0.9649900198,1.291689992,0.7385,0.7062645555,6.5849,67.3069992065
2016-06-06,1.1281,1.4342,107.06,0.9644200206,1.2729400396,0.7395,0.711794436,6.559,66.7409973145
2016-05-30,1.133,1.4521,106.88,0.9903699756,1.3093999624,0.7339,0.68180269,6.5638,67.2919998169
2016-05-23,1.114,1.4644,109.86,0.989199996,1.297530055,0.7205,0.6753106117,6.5615,66.9540023804
2016-05-16,1.1207,1.4513,110.52,0.9902999997,1.3085999489,0.7215,0.6761782765,6.5485,67.4769973755
2016-05-09,1.1294,1.4369,109.14,0.970960021,1.2841000557,0.7273,0.6819886565,6.5285,66.7509994507
2016-05-02,1.1421,1.4439,106.66,0.967869997,1.2851999998,0.7358,0.6893223524,6.497,66.6019973755
2016-04-25,1.1441,1.4625,106.9,0.9661999941,1.255300045,0.7612,0.6963788271,6.4738,66.43800354
2016-04-18,1.1239,1.439,111.5,0.9746299982,1.2724299431,0.7713,0.690703094,6.5004,66.5120010376
2016-04-11,1.1295,1.4217,108.76,0.9663000107,1.2839000225,0.7717,0.6864831448,6.473,66.6370010376
2016-04-04,1.1406,1.4105,108.36,0.956099987,1.3140000105,0.7554,0.678196013,6.4628,66.7789993286
2016-03-28,1.1385,1.4204,112.06,0.9610000253,1.2990599871,0.7672,0.6920893788,6.4776,66.2480010986
2016-03-21,1.1164,1.4131,113.05,0.9759899974,1.3250800371,0.7518,0.6702862382,6.5131,66.9069976807
2016-03-14,1.1292,1.4514,111.38,0.9670500159,1.2984000444,0.7618,0.6839009523,6.4682,66.6119995117
2016-03-07,1.118,1.4426,113.66,0.9844999909,1.3337800503,0.7572,0.6688963175,6.494,67.3089981079
2016-02-29,1.101,1.4226,113.91,0.992299974,1.3406000137,0.7425,0.6724949479,6.5064,67.1429977417
2016-02-22,1.0932,1.3867,113.78,0.9900000095,1.3544000387,0.713,0.6749004722,6.539,68.7969970703
2016-02-15,1.1127,1.4343,112.42,0.9930899739,1.3737900257,0.7125,0.6644960046,6.5202,68.5660018921
2016-02-08,1.1235,1.446,112.96,0.972299993,1.3916300535,0.7098,0.6715014577,6.571,68.4739990234
2016-02-01,1.1131,1.4468,116.99,0.9933900237,1.3755199909,0.7084,0.6729927659,6.571,67.5640029907
2016-01-25,1.0832,1.4184,121.05,1.013800025,1.403429985,0.7071,0.6480041146,6.5752,68.0930023193
2016-01-18,1.0814,1.4308,118.37,1.0078999996,1.4270800352,0.7014,0.654578805,6.5788,67.8079986572
2016-01-11,1.0964,1.4289,116.78,1.0052000284,1.4344600439,0.6864,0.6490135193,6.584,67.3040008545
2016-01-04,1.0885,1.4523,117.74,0.9937000275,1.4101999998,0.6976,0.662558794,6.5932,66.9209976196
2015-12-28,1.0859,1.4746,120.27,1.0013600588,1.389969945,0.7286,0.6841349006,6.4778,66.1930007935
2015-12-21,1.0955,1.4943,120.32,0.9862499833,1.3827500343,0.7269,0.6830601096,6.4758,65.9400024414
2015-12-14,1.0847,1.4914,121.2,0.9944000244,1.3924000263,0.7197,0.6701963544,6.48,66.4589996338
2015-12-07,1.1002,1.5213,120.94,0.9879999757,1.3632999659,0.7214,0.6763154268,6.4538,66.7860031128
2015-11-30,1.0884,1.51,123.1,0.9937000275,1.3346899748,0.7346,0.6675121784,6.3883,66.8030014038
2015-11-23,1.0596,1.504,122.84,1.023630023,1.3294399977,0.7192,0.6575918794,6.3945,66.5579986572
2015-11-16,1.066,1.5199,122.8,1.0134600401,1.3295400143,0.7233,0.6558666825,6.3835,66.0849990845
2015-11-09,1.0722,1.5208,122.93,1.0003600121,1.3281999826,0.7118,0.6547930837,6.3735,66.047996521
2015-11-02,1.0746,1.5071,123.2,0.9951500297,1.3162000179,0.7034,0.6609822512,6.318,65.8600006104
2015-10-26,1.1042,1.5445,120.7,0.9886999726,1.3158999681,0.7133,0.6706008911,6.318,65.4440002441
2015-10-19,1.1016,1.534,121.2,0.9735000134,1.3106000423,0.7215,0.6799020767,6.3488,65.0500030518
2015-10-12,1.136,1.5441,119.6,0.951300025,1.2853000164,0.7261,0.683713913,6.3523,64.783996582
2015-10-05,1.1363,1.5315,120.3,0.9661999941,1.299849987,0.7328,0.6668000221,6.345,64.9950027466
2015-09-28,1.1276,1.5216,119.42,0.9761999846,1.3245699406,0.7025,0.6399999857,6.3559,65.6179962158
2015-09-21,1.1192,1.5172,120.74,0.9779999852,1.3338999748,0.7014,0.6327111721,6.3737,66.2210006714
2015-09-14,1.1358,1.5573,119.85,0.9620699883,1.3174999952,0.7222,0.6375111341,6.3628,66.1220016479
2015-09-07,1.1338,1.5426,120.66,0.9732000232,1.3234100342,0.7074,0.6309944391,6.3735,66.3190002441
2015-08-31,1.1117,1.5195,119.05,0.9738000035,1.3187999725,0.6917,0.6392635703,6.3549,66.1600036621
2015-08-24,1.1172,1.5362,121.32,0.9653000236,1.3190000057,0.7129,0.6477942467,6.389,66.0550003052
2015-08-17,1.1356,1.5698,122.11,0.959100008,1.3076599836,0.7343,0.6623393893,6.3887,65.4609985352
2015-08-10,1.111,1.5625,124.27,0.975399971,1.306499958,0.7376,0.6559957862,6.3908,65.2689971924
2015-08-03,1.0958,1.5467,124.27,0.9809899926,1.3113199472,0.7393,0.6544074416,6.2087,63.733001709
2015-07-27,1.1028,1.5634,123.94,0.9682999849,1.3005599976,0.7332,0.66080755,6.2097,64.1179962158
2015-07-20,1.0976,1.5514,123.74,0.9592999816,1.3018499613,0.7279,0.6619009972,6.2095,63.8479995728
2015-07-13,1.0848,1.5624,124,0.9570999742,1.2968100309,0.7371,0.6524859667,6.2085,63.4819984436
2015-07-06,1.115,1.5503,122.75,0.9478999972,1.2709599733,0.7427,0.6748093963,6.2092,63.3639984131
2015-06-29,1.109,1.5614,123.14,0.9434000254,1.2544000149,0.763,0.6723141074,6.2044,63.3699989319
2015-06-22,1.1156,1.5739,123.92,0.936529994,1.2332099676,0.765,0.6887526512,6.208,63.5110015869
2015-06-15,1.1335,1.5881,122.7,0.921299994,1.2228000164,0.7758,0.6918978691,6.2085,63.6450004578
2015-06-08,1.1278,1.5587,123.23,0.9338999987,1.2293000221,0.7742,0.7016066909,6.2081,63.9990005493
2015-06-01,1.1108,1.5267,125.58,0.9345999956,1.2494000196,0.7622,0.7128092051,6.2024,64.0009994507
2015-05-25,1.0994,1.5286,123.98,0.9430000186,1.2425099611,0.7659,0.7183392048,6.198,63.8250007629
2015-05-18,1.1033,1.5484,121.45,0.9369599819,1.2195999622,0.7828,0.7352941036,6.1972,63.6259994507
2015-05-11,1.1428,1.5772,119.36,0.9125999808,1.198300004,0.8053,0.7492882013,6.2051,63.408000946
2015-05-04,1.1241,1.5455,119.78,0.9217000008,1.2108000517,0.7914,0.7443245053,6.2084,64.0820007324
2015-04-27,1.1194,1.5137,120.21,0.9332000017,1.2078000307,0.7813,0.7605140805,6.2018,63.5229988098
2015-04-20,1.0876,1.5176,118.98,0.9552999735,1.21468997,0.7825,0.7579776645,6.193,63.2869987488
2015-04-13,1.078,1.4942,119.02,0.9564599991,1.2201399803,0.7776,0.7652866244,6.1976,62.3260002136
2015-04-06,1.0598,1.4648,120.29,0.976970017,1.25770998,0.7674,0.7576331496,6.2082,62.313999176
2015-03-30,1.099,1.4916,118.96,0.9599699974,1.2561700344,0.7645,0.7506943941,6.193,62.0600013733
2015-03-23,1.0891,1.4878,119.15,0.9631800056,1.2479399443,0.7754,0.7591862082,6.2145,62.8289985657
2015-03-16,1.0792,1.4923,120.28,0.9897400141,1.2700999975,0.7759,0.7432181239,6.2037,62.483001709
2015-03-09,1.0524,1.4755,121.17,1.0026999712,1.2690800428,0.7631,0.7405762076,6.2585,62.5349998474
2015-03-02,1.0855,1.5063,120.93,0.9736300111,1.2482199669,0.7712,0.7490075231,6.262,62.4430007935
2015-02-23,1.1197,1.5439,119.72,0.9526000023,1.2503000498,0.781,0.7539203763,6.2695,61.7540016174
2015-02-16,1.1372,1.5385,118.68,0.9494299889,1.249029994,0.7833,0.7519361973,6.2546,62.1650009155
2015-02-09,1.1408,1.5394,118.7,0.9299399853,1.2509200573,0.7772,0.7433286309,6.2399,62.1699981689
2015-02-02,1.133,1.5247,119.16,0.9219999909,1.2434999943,0.7807,0.7406858802,6.2417,61.733001709
2015-01-26,1.129,1.5026,117.44,0.9225000143,1.2611999512,0.7762,0.7282790542,6.2495,61.7960014343
2015-01-19,1.1279,1.5022,117.8,0.8716999888,1.2382199764,0.7935,0.7507507205,6.2279,61.5979995728
2015-01-12,1.1517,1.5132,117.45,0.8543999791,1.1957999468,0.8194,0.7840676904,6.2065,62.0579986572
2015-01-05,1.183,1.5151,118.66,1.0182900429,1.1827399731,0.8191,0.7813110948,6.2085,62.6679992676
2014-12-29,1.2015,1.5361,120.2,0.9940999746,1.1613999605,0.8118,0.7791802883,6.2046,63.0279998779
2014-12-22,1.2188,1.5549,120.45,0.9848999977,1.1618000269,0.8109,0.773694396,6.2148,63.5130004883
2014-12-15,1.2235,1.5609,119.56,0.9796000123,1.1583000422,0.8128,0.777725935,6.2196,62.983001709
2014-12-08,1.2484,1.5728,118.22,0.9692500234,1.1528300047,0.8268,0.7790589333,6.1864,62.4729995728
2014-12-01,1.2304,1.56,121.38,0.970600009,1.1387000084,0.833,0.7779073715,6.1497,61.783000946
2014-11-24,1.2438,1.5638,118.7,0.9646400213,1.1339000463,0.8524,0.785916388,6.1429,61.8530006409
2014-11-17,1.2394,1.5672,117.74,0.9582999945,1.1309000254,0.8674,0.7861635685,6.1244,61.9230003357
2014-11-10,1.2494,1.5657,116.52,0.9635999799,1.138100028,0.8737,0.7872155905,6.129,61.5929985046
2014-11-03,1.2422,1.5844,114.73,0.9728000164,1.142629981,0.862,0.7692899108,6.1225,61.4930000305
2014-10-27,1.253,1.5999,112.09,0.956099987,1.1194000244,0.8791,0.7841907144,6.1124,61.4329986572
2014-10-20,1.2675,1.6098,108.06,0.953790009,1.1223000288,0.8812,0.7829627395,6.1168,61.1300010681
2014-10-13,1.2755,1.6086,106.72,0.9427000284,1.1260999441,0.8761,0.7947230935,6.1238,61.7229995728
2014-10-06,1.2636,1.6049,107.83,0.9542499781,1.118260026,0.8719,0.7861017585,6.1308,61.0200004578
2014-09-29,1.2517,1.5962,109.7,0.9538999796,1.1155999899,0.8675,0.7892037034,6.1385,61.4399986267
2014-09-22,1.2686,1.6254,109.32,0.9465900064,1.1103999615,0.8761,0.7946599126,6.1266,61.4900016785
2014-09-15,1.2835,1.6314,108.96,0.9343500137,1.0941900015,0.8935,0.8153281212,6.1403,60.6899986267
2014-09-08,1.2955,1.6243,107.24,0.9359999895,1.1036100388,0.9047,0.8185985088,6.1344,60.8100013733
2014-09-01,1.2956,1.6312,104.94,0.9328100085,1.0884000063,0.9376,0.8282259703,6.14,60.3699989319
2014-08-25,1.315,1.6585,104,0.9150400162,1.0855000019,0.9344,0.8377314806,6.143,60.6100006104
2014-08-18,1.3237,1.6574,103.97,0.9115999937,1.0945600271,0.9309,0.8397716284,6.151,60.4399986267
2014-08-11,1.3392,1.6686,102.19,0.9067400098,1.0906100273,0.9306,0.8482483625,6.147,60.6399993896
2014-08-04,1.3412,1.6778,101.91,0.9089000225,1.0931299925,0.9277,0.8454514146,6.1557,61.2379989624
2014-07-28,1.3436,1.6832,102.45,0.9085000157,1.0905300379,0.9304,0.8505571485,6.1793,60.7700004578
2014-07-21,1.3431,1.6972,101.81,0.9025099874,1.0743999481,0.9404,0.858148098,6.1913,60.0600013733
2014-07-14,1.3515,1.7069,101.37,0.8978099823,1.0761400461,0.9386,0.8670019507,6.2075,60.5999984741
2014-07-07,1.3598,1.7108,101.33,0.8925899863,1.0648299456,0.9383,0.8812125921,6.2034,60.1879997253
2014-06-30,1.361,1.7152,102.19,0.8932700157,1.063650012,0.9358,0.8746610284,6.2115,59.6100006104
2014-06-23,1.3631,1.7016,101.39,0.893419981,1.069149971,0.9413,0.8774238229,6.218,60.0800018311
2014-06-16,1.3586,1.7014,102.14,0.8938000202,1.0816999674,0.9387,0.8709284067,6.224,60.1599998474
2014-06-09,1.3522,1.6953,102.06,0.8980000019,1.0855100155,0.9396,0.8678295612,6.209,59.2879981995
2014-06-02,1.3639,1.6794,102.5,0.8917099833,1.0920799971,0.9328,0.8486082554,6.2498,59.1629981995
2014-05-26,1.364,1.6764,101.77,0.8978999853,1.0837600231,0.9298,0.8495455384,6.2471,58.9000015259
2014-05-19,1.3628,1.6822,101.88,0.8944200277,1.0893000364,0.9235,0.8568246365,6.2363,58.2779998779
2014-05-12,1.3708,1.6827,101.5,0.8905000091,1.0875999928,0.9367,0.8654261827,6.2327,59.3300018311
2014-05-05,1.3763,1.6849,101.74,0.8798000216,1.0830199718,0.9358,0.8647527099,6.227,59.9300003052
2014-04-28,1.3864,1.6865,102.34,0.8791199923,1.0963300467,0.9257,0.8630361557,6.2591,60.1399993896
2014-04-21,1.3838,1.681,102.12,0.8816099763,1.1021000147,0.9272,0.8571918607,6.2534,61.1199989319
2014-04-14,1.3816,1.6792,102.43,0.8828700185,1.1007100344,0.933,0.8579272628,6.224,60.2900009155
2014-04-07,1.3898,1.6736,101.56,0.8759999871,1.0933400393,0.9401,0.8669267893,6.2111,60.2999992371
2014-03-31,1.3704,1.6594,103.39,0.8906999826,1.103399992,0.9292,0.8555783629,6.2118,60.3899993896
2014-03-24,1.3753,1.6637,102.92,0.8865500093,1.1029599905,0.9239,0.8663259149,6.2117,60.2379989624
2014-03-17,1.3783,1.6498,102.38,0.8831999898,1.1240999699,0.909,0.8531695604,6.2248,61.3330001831
2014-03-10,1.3924,1.663,101.46,0.8748300076,1.107730031,0.904,0.8538980484,6.15,61.4599990845
2014-03-03,1.3868,1.6725,103.38,0.8802000284,1.0985699892,0.9071,0.8475294113,6.1258,60.7999992371
2014-02-24,1.3806,1.675,102.08,0.8883000016,1.1123000383,0.8933,0.8366100788,6.1448,62.0200004578
2014-02-17,1.3722,1.663,102.71,0.8893100023,1.1103700399,0.8961,0.8306337595,6.0912,62.1300010681
2014-02-10,1.369,1.6736,101.82,0.8934000134,1.0977300406,0.9023,0.8345852494,6.0666,62.1500015259
2014-02-03,1.3614,1.6395,102.32,0.9006800056,1.1068899632,0.8959,0.824470222,6.0629,62.2299995422
2014-01-27,1.35,1.645,102.28,0.9024699926,1.1155899763,0.8743,0.8175946474,6.059,62.3100013733
2014-01-20,1.368,1.6491,102.41,0.8980200291,1.111289978,0.8715,0.8287063837,6.0486,62.1300010681
2014-01-13,1.3554,1.6429,104.32,0.9047799706,1.0931999683,0.8778,0.834933579,6.05,61.4199981689
2014-01-06,1.3664,1.647,104.06,0.9068300128,1.0844800472,0.8985,0.8247422576,6.0519,61.7799987793
2013-12-30,1.3606,1.6424,104.46,0.8991400003,1.0669100285,0.8976,0.8187325597,6.0505,62.0600013733
2013-12-23,1.3766,1.6491,105.05,0.8961499929,1.064800024,0.8886,0.8160600662,6.0684,61.8899993896
2013-12-16,1.3673,1.6355,104.07,0.8982999921,1.0671099424,0.8918,0.8198737502,6.0711,62.4599990845
2013-12-09,1.3724,1.6294,103.28,0.8893399835,1.0641900301,0.8961,0.8220303655,6.071,62.1599998474
2013-12-02,1.369,1.6327,102.88,0.896600008,1.0647000074,0.9091,0.8218953013,6.0815,61.5800018311
2013-11-25,1.3606,1.6373,102.45,0.9058899879,1.0585000515,0.9125,0.8114906549,6.0922,62.4129981995
2013-11-18,1.3547,1.6211,101.29,0.9139999747,1.0517799854,0.9163,0.822503686,6.0935,62.9900016785
2013-11-11,1.348,1.6107,100.17,0.917840004,1.0468100309,0.9365,0.8274720311,6.092,63.0400009155
2013-11-04,1.3357,1.5995,99.03,0.9166300297,1.0452400446,0.9381,0.8322237134,6.0903,62.8499984741
2013-10-28,1.3488,1.5922,98.78,0.9074599743,1.0428999662,0.9438,0.8265829086,6.0993,62.2200012207
2013-10-21,1.3794,1.6158,97.46,0.8921999931,1.0417100191,0.9578,0.8342370987,6.0838,61.4500007629
2013-10-14,1.3693,1.6184,97.77,0.9031000137,1.0298999548,0.9671,0.8461668491,6.0966,61.0999984741
2013-10-07,1.3559,1.5945,98.42,0.9108099937,1.0409300327,0.9473,0.8276775479,6.1204,61.6100006104
2013-09-30,1.3582,1.6069,97.2,0.8988000154,1.0327700377,0.9443,0.8282259703,6.12,61.9599990845
2013-09-23,1.3537,1.6135,98.3,0.9100999832,1.0311000347,0.9324,0.8279516101,6.1179,61.7299995422
2013-09-16,1.3522,1.6021,99.38,0.9103599787,1.0265799761,0.9397,0.8388557434,6.121,62.1899986267
2013-09-09,1.3276,1.5861,99.38,0.9307900071,1.0322899818,0.9243,0.8132064939,6.1186,63.6199989319
2013-09-02,1.3166,1.5633,99.04,0.9449599981,1.0499999523,0.9205,0.7888923287,6.1202,66.0080032349
2013-08-26,1.3196,1.5468,98.22,0.9312999845,1.0539000034,0.8901,0.7760962844,6.1193,67.3899993896
2013-08-19,1.3392,1.5578,98.57,0.9235900044,1.0516599417,0.9038,0.7843137383,6.12,64.4100036621
2013-08-12,1.3321,1.5621,97.6,0.9253200293,1.030189991,0.9193,0.80742836,6.1145,61.2599983215
2013-08-05,1.3338,1.5507,96.24,0.9200199842,1.0326999426,0.9187,0.8001280427,6.1217,60.7239990234
2013-07-29,1.3268,1.5277,99.04,0.9364299774,1.034700036,0.8901,0.7903888822,6.1293,60.4329986572
2013-07-22,1.3269,1.5368,98.24,0.9298599958,1.0285999775,0.9242,0.8060615659,6.1316,58.9580001831
2013-07-15,1.3142,1.526,100.3,0.9443600178,1.037899971,0.92,0.7903263569,6.1377,59.7379989624
2013-07-08,1.3048,1.5108,99.39,0.9473000169,1.0374100208,0.9049,0.7847445607,6.1373,59.8269996643
2013-07-01,1.2831,1.491,100.94,0.9564999938,1.0522999763,0.907,0.7819830775,6.1324,60.1749992371
2013-06-24,1.301,1.521,99.21,0.9448900223,1.0477999449,0.9165,0.7799704075,6.1374,60.1879997253
2013-06-17,1.3113,1.5373,97.48,0.9261000156,1.0374000072,0.9191,0.7770007849,6.1328,59.5680007935
2013-06-10,1.333,1.5686,94.34,0.922360003,1.0156999826,0.9587,0.8105698228,6.1306,57.9980010986
2013-06-03,1.3242,1.5558,97.2,0.9294800162,1.0275000334,0.9494,0.8003841639,6.1333,56.8380012512
2013-05-27,1.2988,1.5185,100.83,0.953700006,1.0302000046,0.9608,0.8090615273,6.134,56.3779983521
2013-05-20,1.292,1.5126,100.98,0.9700000286,1.0318000317,0.9675,0.8097821474,6.1311,55.7080001831
2013-05-13,1.2818,1.5173,102.98,0.9646000266,1.0184999704,0.9737,0.8169267178,6.141,54.7779998779
2013-05-06,1.2955,1.5334,101.74,0.9493899941,1.0069600344,0.9987,0.8397011161,6.1415,54.2480010986
2013-04-29,1.3112,1.5563,99.1,0.9347000122,1.0106999874,1.0313,0.8506294489,6.1555,53.8079986572
2013-04-22,1.3024,1.5479,97.84,0.9451299906,1.0201499462,1.0275,0.850412488,6.1647,54.2179985046
2013-04-15,1.3066,1.5254,99.28,0.9322999716,1.025570035,1.0297,0.8414674997,6.1772,54.0229988098
2013-04-08,1.3094,1.5373,98.98,0.9301000237,1.0101000071,1.0503,0.8629617095,6.1914,54.2980003357
2013-04-01,1.3027,1.5336,96.86,0.9405500293,1.0129799843,1.0385,0.8413966894,6.2005,54.8829994202
2013-03-25,1.2816,1.5193,94.16,0.9492400289,1.0159000158,1.0409,0.837520957,6.2108,54.3880004883
2013-03-18,1.2996,1.5239,94.48,0.9462000132,1.0242999792,1.0447,0.8322929144,6.212,54.2779998779
2013-03-11,1.3076,1.5124,95.26,0.9469100237,1.0220999718,1.0398,0.8216927052,6.2133,54.3530006409
2013-03-04,1.2992,1.4926,96,0.9422000051,1.029399991,1.0227,0.8284317851,6.2145,54.5579986572
2013-02-25,1.2988,1.5033,93.38,0.9370999932,1.0305999517,1.021,0.8245382309,6.2226,54.3629989624
2013-02-18,1.3166,1.5256,93.35,0.930670023,1.0175000429,1.0318,0.8350033164,6.2346,54.4679985046
2013-02-11,1.3362,1.5518,93.64,0.9221299887,1.0009000301,1.0304,0.8514261246,6.2323,53.9179992676
2013-02-04,1.3366,1.5814,92.72,0.918389976,0.997699976,1.0319,0.833750248,6.2323,53.2179985046
2013-01-28,1.3692,1.5744,92.54,0.9093999863,0.9966999888,1.0412,0.8399125934,6.2265,53.2130012512
2013-01-21,1.3456,1.5799,91.04,0.9294499755,1.002300024,1.0421,0.8366800547,6.2203,53.6780014038
2013-01-14,1.3303,1.5876,89.9,0.9331499934,0.9858000278,1.0495,0.8371703625,6.2152,54.3479995728
2013-01-07,1.3353,1.6128,89.22,0.914049983,0.9832299948,1.0538,0.8441668153,6.2156,54.5579986572
2012-12-31,1.3047,1.6036,88.14,0.9279999733,0.9883999825,1.0454,0.8264462352,6.2303,54.4980010986
2012-12-24,1.322,1.6157,86.12,0.9124000072,0.9947000146,1.0384,0.8212203383,6.2315,54.9420013428
2012-12-17,1.3166,1.6167,84.1,0.9118999839,0.9875000119,1.042,0.8341675401,6.2284,54.8479995728
2012-12-10,1.3134,1.6139,83.52,0.9236400127,0.9842299819,1.0555,0.8435971141,6.241,54.4580001831
2012-12-03,1.2942,1.6031,82.37,0.9326500297,0.9913899899,1.0486,0.8316008449,6.2299,54.1329994202
2012-11-26,1.301,1.6027,82.54,0.9277999997,0.9929999709,1.0429,0.8227744102,6.2265,54.8380012512
2012-11-19,1.2959,1.6032,82.34,0.9352999926,0.9976300001,1.0451,0.8157937527,6.2275,55.2080001831
2012-11-12,1.2715,1.5866,81.28,0.9421799779,1.0006699562,1.0318,0.8105698228,6.2354,54.6980018616
2012-11-05,1.2715,1.5912,79.46,0.9461200237,1.0001900196,1.0395,0.8134048581,6.245,54.358001709
2012-10-29,1.2848,1.6036,80.53,0.9315800071,0.9962999821,1.0367,0.8277460933,6.2411,53.6529998779
2012-10-22,1.2938,1.6098,79.63,0.9350000024,0.9948899746,1.0358,0.8199409842,6.248,53.5480003357
2012-10-15,1.3022,1.6003,79.26,0.9245899916,0.9847000241,1.0328,0.8196721077,6.2533,53.408000946
2012-10-08,1.2946,1.6075,78.31,0.9349700212,0.9778500199,1.0228,0.8163931966,6.267,52.6679992676
2012-10-01,1.3059,1.6196,78.66,0.930859983,0.9803299904,1.0218,0.8220303655,6.284,51.7379989624
2012-09-24,1.2856,1.6132,77.92,0.9372199774,0.980700016,1.0388,0.8306337595,6.2848,53.0079994202
2012-09-17,1.299,1.6251,78.17,0.9323400259,0.9761000276,1.0469,0.8296001554,6.3051,54.2579994202
2012-09-10,1.3142,1.6244,78.22,0.9347699881,0.9682700038,1.0561,0.831117034,6.3145,55.4179992676
2012-09-03,1.2796,1.6016,78.14,0.953700006,0.9828000069,1.039,0.8008328676,6.3428,55.658000946
2012-08-27,1.2578,1.5864,78.3,0.959800005,0.9926000237,1.0334,0.7980208993,6.3484,55.6279983521
2012-08-20,1.2533,1.5815,78.65,0.9560700059,0.9939600229,1.0411,0.8130081296,6.3542,55.2579994202
2012-08-13,1.2315,1.5697,79.5,0.9718999863,0.9865000248,1.0427,0.8118860722,6.358,55.6180000305
2012-08-06,1.2298,1.5679,78.24,0.9768900275,0.9912800193,1.0569,0.8118201494,6.3599,55.2680015564
2012-07-30,1.239,1.565,78.6,0.986199975,1.0070500374,1.0566,0.8095200062,6.3721,55.8380012512
2012-07-23,1.237,1.5728,78.55,0.9779999852,1.0096999407,1.0441,0.8003200889,6.3807,55.5180015564
2012-07-16,1.2176,1.563,78.49,0.9781000018,1.0075999498,1.0383,0.803535521,6.3734,55.1180000305
2012-07-09,1.2232,1.555,79.2,0.9847999811,1.0197999477,1.0212,0.7902015448,6.3789,55.9280014038
2012-07-02,1.2283,1.548,79.61,0.9693999887,1.0141999722,1.0187,0.8043111563,6.364,54.9379997253
2012-06-25,1.2668,1.5686,79.81,0.9651700258,1.0334000587,1.0236,0.787091732,6.353,56.7980003357
2012-06-18,1.2545,1.5582,80.52,0.9570999742,1.0285999775,1.0059,0.7877737284,6.3644,56.2980003357
2012-06-11,1.2633,1.5654,78.65,0.9509699941,1.0231499672,1.0057,0.7835148573,6.3649,55.7980003357
2012-06-04,1.2482,1.5433,79.47,0.9556000233,1.0271999836,0.9869,0.7684032917,6.37,54.9379997253
2012-05-28,1.242,1.5383,78.21,0.9715999961,1.0329999924,0.9688,0.7535794973,6.3692,56.077999115
2012-05-21,1.2518,1.5648,79.64,0.9585999846,1.0263999701,0.9778,0.7542046905,6.3439,55.5600013733
2012-05-14,1.2721,1.5788,79.14,0.9456999898,1.0187000036,0.9819,0.7642338276,6.3245,54.4679985046
2012-05-07,1.2937,1.608,79.86,0.9286000133,1.0029000044,1.0065,0.7841907144,6.3097,53.2529983521
2012-04-30,1.3091,1.6148,79.84,0.9132999778,0.9878000021,1.019,0.801025331,6.3059,53.408000946
2012-04-23,1.3248,1.6239,80.48,0.9108999968,0.9858000278,1.0447,0.8134048581,6.3093,52.4029998779
2012-04-16,1.3212,1.6123,81.6,0.9144999981,0.9944000244,1.0375,0.8148630857,6.308,52.1380004883
2012-04-09,1.3082,1.5851,80.99,0.9110999703,0.9947000146,1.0372,0.8313242793,6.3022,51.2280006409
2012-04-02,1.3089,1.5877,81.56,0.9199000001,0.9930999875,1.0311,0.8157937527,6.3052,51.033000946
2012-03-26,1.3334,1.5985,82.41,0.9053999782,0.9963999987,1.0367,0.8175278306,6.2975,51.3380012512
2012-03-19,1.3263,1.5864,82.35,0.912800014,0.9987000227,1.0456,0.8114906549,6.3021,51.1199989319
2012-03-12,1.3171,1.5845,83.34,0.9232000113,0.992200017,1.0584,0.8192020655,6.3222,50.3779983521
2012-03-05,1.3108,1.5677,82.59,0.908100009,0.9902999997,1.059,0.8244022727,6.3109,50.0730018616
2012-02-27,1.3202,1.5852,81.56,0.9054899812,0.9852499962,1.0747,0.838504076,6.2982,49.1980018616
2012-02-20,1.3463,1.5869,80.88,0.9007999897,0.9972000122,1.0707,0.8375911117,6.2976,49.0929985046
2012-02-13,1.3149,1.5813,79.33,0.9190999866,0.9966999888,1.0695,0.8359805942,6.2985,49.283000946
2012-02-06,1.3187,1.5748,77.57,0.9121000171,0.9951999784,1.0676,0.8333333135,6.2991,49.4879989624
2012-01-30,1.3106,1.5779,76.54,0.9172999859,0.9994000196,1.0762,0.8320159912,6.3027,49
2012-01-23,1.3192,1.5716,76.68,0.9217000008,1.0024000406,1.0645,0.8208832741,6.333,52.4930000305
2012-01-16,1.2948,1.554,76.97,0.9322000146,1.011500001,1.0471,0.8030193448,6.333,50.3030014038
2012-01-09,1.2682,1.5301,76.9,0.9437999725,1.0180000067,1.0292,0.7939028144,6.3065,51.4500007629
2012-01-02,1.2723,1.5431,77.06,0.9520999789,1.0196000338,1.0235,0.7811889648,6.3088,52.7599983215
2011-12-26,1.2973,1.5537,76.98,0.9401900172,1.0203000307,1.0251,0.7720815539,6.2939,53
2011-12-19,1.304,1.5615,78.13,0.9354000092,1.0210000277,1.0148,0.7741735578,6.3364,52.5099983215
2011-12-12,1.3025,1.5514,77.65,0.9397000074,1.0333000422,0.9962,0.7559149861,6.3479,53.2099990845
2011-12-05,1.3368,1.5642,77.58,0.9255999923,1.022300005,1.019,0.7726781368,6.3641,51.7000007629
2011-11-28,1.3386,1.5592,77.88,0.915530026,1.0142300129,1.0221,0.7796055675,6.3596,51.2999992371
2011-11-21,1.3244,1.5467,77.66,0.9204999804,1.0477000475,0.9737,0.741399765,6.3802,52.0629997253
2011-11-14,1.3521,1.5783,76.93,0.9218999743,1.0292999744,1.0036,0.7587253451,6.3565,50.9480018616
2011-11-07,1.36,1.5935,77.58,0.9057700038,1.0163300037,1.0137,0.7774840593,6.3454,49.9599990845
2011-10-31,1.3761,1.6026,78.17,0.8778399825,1.0079200268,1.0358,0.79630512,6.34,49.0480003357
2011-10-24,1.4164,1.613,75.72,0.8604000211,0.9921000004,1.0707,0.8220303655,6.357,49.7900009155
2011-10-17,1.3873,1.5945,76.1,0.8938000202,1.0161999464,1.033,0.7933988571,6.3823,49.8600006104
2011-10-10,1.3861,1.5808,77.36,0.899600029,1.0233000517,1.0296,0.7920791507,6.378,49.2000007629
2011-10-03,1.3512,1.5628,76.77,0.9197999835,1.0376000404,0.9843,0.7688758969,6.3745,49.0400009155
2011-09-26,1.3449,1.5624,77.04,0.8976299763,1.0372999907,0.9744,0.7691715956,6.378,48.8600006104
2011-09-19,1.3518,1.5475,76.3,0.9075000286,1.0279999971,0.9784,0.7830854058,6.3877,49.4729995728
2011-09-12,1.3783,1.5802,76.89,0.8707600236,0.9847999811,1.038,0.8231130242,6.3833,47.5
2011-09-05,1.3666,1.587,77.31,0.8743100166,0.9881700277,1.0446,0.8355615139,6.388,46.1300010681
2011-08-29,1.4203,1.619,76.79,0.7950000167,0.976000011,1.0677,0.8519338965,6.3821,45.7000007629
2011-08-22,1.4463,1.6321,76.62,0.7940000296,0.9880999923,1.0573,0.8282259703,6.386,46.0099983215
2011-08-15,1.4408,1.6544,76.46,0.7940999866,0.9905800223,1.0444,0.8229774833,6.391,45.7099990845
2011-08-08,1.4239,1.6284,76.79,0.7617999911,0.9855999947,1.0352,0.8293249011,6.3892,45.2929992676
2011-08-01,1.4158,1.6362,78.48,0.7659000158,0.980700016,1.038,0.8298066258,6.4401,44.5629997253
2011-07-25,1.4388,1.6455,77.18,0.8012499809,0.9495999813,1.1001,0.8706251383,6.436,44.0099983215
2011-07-18,1.4366,1.6319,78.44,0.8173499703,0.9437699914,1.0851,0.8626639247,6.4464,44.2999992371
2011-07-11,1.4156,1.6149,79.03,0.8151999712,0.9595000148,1.0656,0.842176199,6.461,44.4000015259
2011-07-04,1.4251,1.603,80.64,0.8446999788,0.9581999779,1.0727,0.8322237134,6.4645,44.3300018311
2011-06-27,1.4508,1.607,80.81,0.8411499858,0.9638000131,1.0754,0.8283631206,6.4645,44.5929985046
2011-06-20,1.4189,1.5985,80.32,0.8377000093,0.977699995,1.0523,0.8147303462,6.4737,44.8499984741
2011-06-13,1.4326,1.6186,80.1,0.8483999968,0.981400013,1.062,0.8059316278,6.47,44.7999992371
2011-06-06,1.4365,1.6254,80.26,0.8410999775,0.9733999968,1.0567,0.826104939,6.4801,44.5999984741
2011-05-30,1.4604,1.6397,80.38,0.8428999782,0.9750000238,1.0714,0.8149959445,6.4796,44.7599983215
2011-05-23,1.4287,1.6494,80.75,0.8654299974,0.9790999889,1.0711,0.8092579246,6.492,45.1899986267
2011-05-16,1.4172,1.6222,81.64,0.881190002,0.9667000175,1.0644,0.7915149927,6.4917,44.8499984741
2011-05-09,1.4141,1.6179,80.76,0.8841999769,0.9630900025,1.0565,0.7947861552,6.4977,44.7099990845
2011-05-02,1.4495,1.6417,80.51,0.8698999882,0.9660599828,1.0763,0.7874636054,6.4925,44.7000007629
2011-04-25,1.4821,1.6691,81.31,0.8729000092,0.9502000213,1.0937,0.8041170835,6.49,44.2999992371
2011-04-18,1.4545,1.6517,81.92,0.886070013,0.9528999925,1.0735,0.80147475,6.5067,44.2599983215
2011-04-11,1.4443,1.6325,83.13,0.8959000111,0.9625999928,1.0558,0.7880220413,6.5317,44.4199981689
2011-04-04,1.4437,1.6341,84.99,0.9161000252,0.9588999748,1.0531,0.7774236798,6.535,44.0999984741
2011-03-28,1.4215,1.6132,84.05,0.9193999767,0.9696999788,1.0387,0.7606876493,6.5477,44.4500007629
2011-03-21,1.4144,1.6086,81.12,0.908280015,0.9764000177,1.0282,0.7510890365,6.5568,44.5999984741
2011-03-14,1.4141,1.6187,81.14,0.8993099928,0.9842100143,0.9953,0.7225955129,6.5689,45.0499992371
2011-03-07,1.3864,1.6033,81.77,0.9315999746,0.9749000072,1.011,0.7346999049,6.5742,45.1100006104
2011-02-28,1.3983,1.625,82.35,0.9319000244,0.9725999832,1.0111,0.7399733663,6.567,44.8499984741
2011-02-21,1.3757,1.6078,81.76,0.9248200059,0.982039988,1.0155,0.7514841557,6.5749,45.4000015259
2011-02-14,1.3673,1.6245,83.22,0.9494000077,0.9839000106,1.0144,0.7588980794,6.5731,45.2099990845
2011-02-07,1.352,1.5986,83.52,0.9685999751,0.9958000183,1.0001,0.7618467212,6.5917,45.6300010681
2011-01-31,1.3584,1.6089,81.99,0.946269989,0.9908000231,1.0139,0.7729169726,6.556,45.5600013733
2011-01-24,1.3607,1.5838,82.03,0.9460399747,0.9951999784,0.9926,0.7723200321,6.5819,45.6879997253
2011-01-17,1.3581,1.5997,82.63,0.9667999744,0.996900022,0.9892,0.7551729083,6.5831,45.7779998779
2011-01-10,1.3328,1.5874,82.99,0.9638800025,0.9890300035,0.9886,0.7720815539,6.5876,44.9599990845
2011-01-03,1.2944,1.556,83.04,0.9659000039,0.9975000024,0.9954,0.7559149861,6.6276,45.1800003052
2010-12-27,1.3269,1.5392,81.67,0.934499979,0.9995999932,1.0122,0.7714858651,6.6,44.8100013733
2010-12-20,1.3101,1.54,82.97,0.9574999809,1.0094000101,1.0051,0.7486711144,6.645,45.0600013733
2010-12-13,1.3155,1.548,84.15,0.96450001,1.0055999756,0.9854,0.7403020263,6.6545,45.25
2010-12-06,1.3242,1.5809,83.87,0.9829999804,1.0103000402,0.9856,0.7491197586,6.655,45.0499992371
2010-11-29,1.3367,1.5723,82.73,0.9926999807,1.0032999516,0.9877,0.7563152909,6.6628,45.1300010681
2010-11-22,1.3243,1.5616,84.08,1,1.0087000132,0.964,0.7610350251,6.6675,45.5579986572
2010-11-15,1.3654,1.5961,83.49,0.9954000115,1.0183000565,0.9846,0.7797271013,6.6398,45.1500015259
2010-11-08,1.37,1.6172,82.44,0.9763000011,1.0041999817,0.9906,0.7776049972,6.6368,44.2400016785
2010-11-01,1.4033,1.6211,81.35,0.9578899741,1.0024299622,1.0138,0.7947230935,6.655,44.0130004883
2010-10-25,1.3894,1.602,80.48,0.9897800088,1.0280400515,0.9798,0.746881783,6.6707,44.4199981689
2010-10-18,1.3904,1.5677,81.48,0.9677000046,1.0259000063,0.9784,0.7464914918,6.6583,44.2000007629
2010-10-11,1.3998,1.6027,81.32,0.9530100226,1.0042999983,0.9883,0.759416759,6.6397,44.0680007935
2010-10-04,1.3923,1.5951,81.86,0.9656000137,1.0177999735,0.9866,0.7509198785,6.671,44.2000007629
2010-09-27,1.3754,1.5829,83.3,0.9839000106,1.0309000015,0.971,0.7337295413,6.6895,44.5629997253
2010-09-20,1.3476,1.5829,84.24,0.9853000045,1.0340000391,0.9584,0.7290754914,6.7035,45.4500007629
2010-09-13,1.3046,1.5635,85.77,1.0154399872,1.0262000561,0.9378,0.7246901989,6.723,46.0999984741
2010-09-06,1.2731,1.5387,84.13,1.0152000189,1.0334000587,0.9258,0.7249528766,6.769,46.3030014038
2010-08-30,1.2885,1.5452,84.45,1.0127999783,1.0525200367,0.9155,0.7141836882,6.8014,46.5999984741
2010-08-23,1.2765,1.5528,85.1,1.0243999958,1.0578900576,0.8979,0.7025925517,6.7977,46.7879981995
2010-08-16,1.2687,1.5515,85.63,1.0325000286,1.0394999981,0.8881,0.7065140605,6.79,46.358001709
2010-08-09,1.2767,1.558,86.2,1.0498000383,1.0415999889,0.8955,0.7137758732,6.7957,46.7099990845
2010-08-02,1.3282,1.5979,85.25,1.0460000038,1.016800046,0.9165,0.7300869226,6.768,46.0559997559
2010-07-26,1.3069,1.5714,86.43,1.0407999754,1.0291999578,0.9051,0.7263746262,6.7735,46.3600006104
2010-07-19,1.2874,1.5425,87.31,1.0530999899,1.0357999802,0.8946,0.7274843454,6.7803,46.8899993896
2010-07-12,1.2919,1.5289,86.4,1.0503000021,1.0569000244,0.8707,0.7107825279,6.775,46.7000007629
2010-07-05,1.2639,1.5095,88.48,1.0578999519,1.0334000587,0.8753,0.7112881541,6.772,46.5200004578
2010-06-28,1.2577,1.5179,87.69,1.0618000031,1.0621999502,0.8432,0.6887052059,6.7709,46.5600013733
2010-06-21,1.2332,1.4985,89.35,1.0923999548,1.03489995,0.8682,0.7141836882,6.7911,46.1500015259
2010-06-14,1.236,1.4787,90.79,1.1080000401,1.0213999748,0.8699,0.7069135904,6.8267,46.0099983215
2010-06-07,1.2077,1.4545,91.72,1.148900032,1.032400012,0.8493,0.6900835037,6.832,46.75
2010-05-31,1.1998,1.4493,91.83,1.1620999575,1.0614999533,0.8279,0.6710057855,6.8268,46.8600006104
2010-05-24,1.2369,1.4492,90.81,1.1591000557,1.05400002,0.8491,0.6791171432,6.8305,46.2999992371
2010-05-17,1.2575,1.4466,90.21,1.1478999853,1.0580999851,0.8302,0.6787945032,6.8262,46.9179992676
2010-05-10,1.239,1.4557,91.94,1.1332000494,1.0351999998,0.8886,0.7073135972,6.8263,45.25
2010-05-03,1.2721,1.4739,91.67,1.1100000143,1.0424000025,0.889,0.7151030302,6.8254,45.4179992676
2010-04-26,1.3302,1.5308,94.24,1.075600028,1.0180000067,0.9306,0.7274843454,6.8247,44.25
2010-04-19,1.336,1.5363,94.18,1.0719000101,0.9990000129,0.9229,0.7174115777,6.827,44.2900009155
2010-04-12,1.3487,1.5395,92.03,1.0613000393,1.0126999617,0.9252,0.709320426,6.8253,44.3180007935
2010-04-05,1.3468,1.5371,93.28,1.0662000179,1.002300024,0.9326,0.7161784768,6.8229,44.1199989319
2010-03-29,1.3487,1.5197,94.51,1.0609999895,1.0102000237,0.9187,0.7068136334,6.8255,44.8079986572
2010-03-22,1.3398,1.4906,92.56,1.0647000074,1.0262600183,0.9042,0.7033832669,6.8269,45.1100006104
2010-03-15,1.353,1.5014,90.5,1.0604000092,1.0164999962,0.9164,0.709320426,6.8265,45.25
2010-03-08,1.3753,1.5188,90.46,1.0566999912,1.0189000368,0.9152,0.7020993233,6.8254,45.4980010986
2010-03-01,1.3608,1.5115,90.32,1.0750999451,1.0288000107,0.9065,0.6972042322,6.826,45.4500007629
2010-02-22,1.366,1.5239,88.84,1.073300004,1.0514999628,0.8961,0.6987143755,6.8258,45.9000015259
2010-02-15,1.3538,1.5437,91.94,1.075799942,1.0391999483,0.8954,0.6997900605,6.829,46.1800003052
2010-02-08,1.3625,1.5669,90,1.0750999451,1.0504499674,0.8839,0.6981777549,6.8326,46.4000015259
2010-02-01,1.3608,1.5619,89.25,1.0721999407,1.0708999634,0.8617,0.6898930669,6.8275,46.6199989319
2010-01-25,1.387,1.6009,90.38,1.0607999563,1.0700000525,0.8873,0.7019021511,6.8268,46.0979995728
2010-01-18,1.4154,1.612,90.07,1.0418000221,1.0573999882,0.905,0.709975183,6.827,46.2229995728
2010-01-11,1.4376,1.624,90.79,1.0248999596,1.0290000439,0.9234,0.7383888364,6.8269,45.8030014038
2010-01-04,1.4357,1.5993,92.7,1.0235999823,1.0298000574,0.9218,0.7370826602,6.8274,45.5180015564
2009-12-28,1.4332,1.6167,93.08,1.0339000225,1.0512000322,0.8979,0.7244801521,6.8259,46.6100006104
2009-12-21,1.4367,1.5941,91.69,1.0341999531,1.0490000248,0.8828,0.7066138983,6.8271,46.6500015259
2009-12-14,1.4281,1.6083,90.47,1.0428999662,1.0662000179,0.8866,0.712199986,6.828,46.702999115
2009-12-07,1.4601,1.6236,89.23,1.0350999832,1.0599000454,0.9112,0.7255840898,6.8269,46.4729995728
2009-11-30,1.4885,1.6515,89.87,1.0163999796,1.0575000048,0.9149,0.7173087001,6.8261,46.1180000305
2009-11-23,1.4963,1.6494,86.87,1.005300045,1.0614999533,0.9089,0.7113893628,6.8272,46.4500007629
2009-11-16,1.487,1.6529,88.9,1.0166000128,1.0701999664,0.9155,0.7245851755,6.8277,46.5400009155
2009-11-09,1.4886,1.6657,89.55,1.0124000311,1.0513000488,0.9311,0.7443245053,6.826,46.2579994202
2009-11-02,1.4835,1.6586,89.86,1.0169999599,1.073300004,0.9164,0.7255840898,6.8266,46.7400016785
2009-10-26,1.4755,1.6479,90.5,1.0264999866,1.0845999718,0.9038,0.719476223,6.8264,46.9179992676
2009-10-19,1.5029,1.6351,91.88,1.0082999468,1.0527000427,0.9255,0.7554011345,6.828,46.4280014038
2009-10-12,1.4889,1.635,90.73,1.0180000067,1.0375000238,0.9158,0.7403020263,6.8266,46.2000007629
2009-10-05,1.4715,1.5896,89.69,1.0315999985,1.0419000387,0.9034,0.7354022861,6.8248,46.4580001831
2009-09-28,1.459,1.5878,89.62,1.0343999863,1.0842000246,0.8656,0.7171028852,6.826,47.6279983521
2009-09-21,1.4682,1.5967,89.83,1.0250999928,1.0915000439,0.8655,0.7173087001,6.8273,47.9379997253
2009-09-14,1.4704,1.6266,91.31,1.027799964,1.0719000101,0.8668,0.7095217705,6.827,48.0379981995
2009-09-07,1.4586,1.6695,90.3,1.0369000435,1.0774999857,0.8649,0.7046223283,6.828,48.3940010071
2009-08-31,1.4278,1.6378,92.75,1.060199976,1.0852999687,0.8485,0.6885156035,6.8293,48.8180007935
2009-08-24,1.4358,1.6331,93.55,1.0597000122,1.0898000002,0.8425,0.685213089,6.83,48.5279998779
2009-08-17,1.4305,1.6503,94.6,1.0578999519,1.0820000172,0.8349,0.6827803254,6.8313,48.4329986572
2009-08-10,1.4216,1.6529,94.64,1.0714999437,1.0983999968,0.8323,0.6768189669,6.8341,48.2099990845
2009-08-03,1.418,1.6669,97.65,1.0813000202,1.078600049,0.8371,0.6733099818,6.8316,47.8689994812
2009-07-27,1.4279,1.6713,94.54,1.0680999756,1.0785000324,0.8339,0.6645843387,6.8319,47.6259994507
2009-07-20,1.4213,1.6432,94.86,1.0716999769,1.0877000093,0.8162,0.6560819149,6.8313,48.1300010681
2009-07-13,1.412,1.633,94.08,1.0776000023,1.1131000519,0.8013,0.6447868943,6.8309,48.6360015869
2009-07-06,1.3926,1.6185,92.33,1.0859999657,1.1633000374,0.7751,0.6279040575,6.8325,48.8709983826
2009-06-29,1.3991,1.6336,95.95,1.0901999474,1.1610000134,0.7986,0.630715847,6.832,47.8699989319
2009-06-22,1.4056,1.6498,95.19,1.0829000473,1.1526999474,0.8053,0.645619452,6.833,48.0359992981
2009-06-15,1.3998,1.6537,96.15,1.0822999477,1.1346000433,0.8111,0.6428800821,6.836,48.108001709
2009-06-08,1.404,1.6523,98.17,1.0802999735,1.1175999641,0.8132,0.6428800821,6.8352,47.3089981079
2009-06-01,1.399,1.6017,98.18,1.0844999552,1.1188000441,0.8012,0.6262917519,6.8329,46.966999054
2009-05-25,1.4126,1.616,95.55,1.0664999485,1.0909999609,0.7993,0.641190052,6.8278,46.96900177
2009-05-18,1.4005,1.5892,94.45,1.0856000185,1.1207000017,0.7853,0.6215812564,6.8227,47.1450004578
2009-05-11,1.3539,1.5222,94.89,1.120200038,1.1717000008,0.7526,0.5853087306,6.8225,49.4119987488
2009-05-04,1.3494,1.509,99.01,1.1035000086,1.1506999731,0.7609,0.6040106416,6.82,49.1500015259
2009-04-27,1.3267,1.4881,99.24,1.1351000071,1.185199976,0.729,0.5713959336,6.818,49.1920013428
2009-04-20,1.3277,1.4697,97.08,1.135800004,1.2100000381,0.722,0.5730987191,6.825,49.6090011597
2009-04-13,1.303,1.4778,99.21,1.1653000116,1.2107000351,0.7204,0.569314003,6.8325,49.6319999695
2009-04-06,1.3143,1.4635,100.3,1.1531000137,1.226099968,0.7189,0.5825129747,6.8333,49.6279983521
2009-03-30,1.3447,1.4801,99.94,1.1298999786,1.2303999662,0.7103,0.5868889093,6.8343,49.8479995728
2009-03-23,1.3306,1.4325,97.99,1.1433000565,1.2396999598,0.6946,0.5724098682,6.831,50.9249992371
2009-03-16,1.3566,1.4435,96.18,1.1277999878,1.2410000563,0.6892,0.5638886094,6.8277,50.5880012512
2009-03-09,1.2891,1.3972,98.04,1.1845999956,1.2688000202,0.6576,0.5255137086,6.838,51.4889984131
2009-03-02,1.2674,1.411,97.88,1.1589000225,1.2858999968,0.6408,0.5030940175,6.8395,51.563999176
2009-02-23,1.2662,1.4276,97.74,1.1698999405,1.274799943,0.6419,0.5016051531,6.8395,50.6500015259
2009-02-16,1.269,1.4333,93.87,1.1569999456,1.2519999743,0.6419,0.5127942562,6.8367,49.0680007935
2009-02-09,1.2879,1.4422,91.84,1.160599947,1.2372000217,0.6595,0.5218934417,6.8392,48.7599983215
2009-02-02,1.2874,1.4775,91.95,1.0823999643,1.2192000151,0.6715,0.533390224,6.8338,48.0900001526
2009-01-26,1.2804,1.4413,89.83,1.1605000496,1.2266000509,0.638,0.5088022947,6.8392,48.733001709
2009-01-19,1.2849,1.3658,88.72,1.1461000443,1.2292000055,0.6522,0.5291005373,6.8392,49.0180015564
2009-01-12,1.3244,1.4737,90.29,1.120200038,1.24150002,0.666,0.5460900068,6.8369,48.6430015564
2009-01-05,1.3495,1.5239,90.25,1.1139999628,1.1914999485,0.7063,0.5918911099,6.835,48.4679985046
2008-12-29,1.3946,1.452,91.12,1.0791000128,1.2094000578,0.7083,0.5857887268,6.8225,48.2449989319
2008-12-22,1.4062,1.47,90.65,1.0723999739,1.2163000107,0.6814,0.5774005651,6.8409,48.6829986572
2008-12-15,1.3875,1.4854,89.48,1.100900054,1.2127000093,0.6806,0.5746135712,6.844,47.0379981995
2008-12-08,1.3349,1.4874,91.26,1.1769000292,1.2444000244,0.658,0.5480052829,6.842,48.233001709
2008-12-01,1.2654,1.4606,92.18,1.2189999819,1.2704000473,0.6343,0.5349882245,6.8812,49.5629997253
2008-11-24,1.2694,1.5348,95.46,1.1978000402,1.2355999947,0.6546,0.5502972007,6.8254,49.8699989319
2008-11-17,1.2531,1.4816,95.42,1.22239995,1.2704000473,0.6254,0.5380104184,6.8302,49.5480003357
2008-11-10,1.2731,1.486,96.66,1.1963000298,1.2352000475,0.6627,0.5537098646,6.8236,48.783000946
2008-11-03,1.2777,1.5788,98.15,1.1785999537,1.182700038,0.6726,0.5905976892,6.8255,47.5550003052
2008-10-27,1.2682,1.6165,98.28,1.1595000029,1.2051999569,0.6574,0.58241117,6.8388,49.4029998779
2008-10-20,1.2639,1.5631,92.64,1.1663000584,1.2720999718,0.6165,0.5562973022,6.8432,49.7550010681
2008-10-13,1.3462,1.7307,101.4,1.135800004,1.1816999912,0.6907,0.615195334,6.8332,48.8230018616
2008-10-06,1.3471,1.7037,99.44,1.1510000229,1.176699996,0.6531,0.5970861912,6.8357,48.4230003357
2008-09-29,1.3816,1.774,105.76,1.1259000301,1.078099966,0.775,0.6614194512,6.8431,46.9729995728
2008-09-22,1.4596,1.84,106.06,1.0920000076,1.0345000029,0.8292,0.6861063838,6.8431,46.4980010986
2008-09-15,1.4384,1.8297,107.18,1.1023999453,1.0458999872,0.8288,0.6871907711,6.8355,45.7050018311
2008-09-08,1.4172,1.7896,107.51,1.1291999817,1.0604000092,0.817,0.6685832739,6.781,45.611000061
2008-09-01,1.4273,1.7687,106.96,1.1159000397,1.0636999607,0.8107,0.6710057855,6.84,44.5730018616
2008-08-25,1.4669,1.819,108.69,1.0959000587,1.067800045,0.8563,0.6993985176,6.8252,43.625
2008-08-18,1.48,1.8544,109.88,1.0973000526,1.0453000069,0.8689,0.709320426,6.8333,42.4339981079
2008-08-11,1.4695,1.8651,110.48,1.0952999592,1.0605000257,0.8676,0.7064142823,6.8649,42.4339981079
2008-08-04,1.5047,1.9193,110.09,1.0820000172,1.067299962,0.8915,0.7052186131,6.8604,42.4339981079
2008-07-28,1.5567,1.9743,107.59,1.0504000187,1.024600029,0.9317,0.7285974622,6.8423,42.4339981079
2008-07-21,1.5687,1.988,107.89,1.0386999846,1.0183000565,0.9562,0.7422251701,6.8189,42.2779998779
2008-07-14,1.5855,1.9985,106.75,1.0225000381,1.0063999891,0.9728,0.763184011,6.8168,42.7159996033
2008-07-07,1.5898,1.9895,106.14,1.0156999826,1.0080000162,0.9674,0.7601094246,6.8338,42.8320007324
2008-06-30,1.5708,1.9825,106.79,1.0248999596,1.0149999857,0.9604,0.7598206997,6.8529,43.0849990845
2008-06-23,1.5749,1.9938,106.28,1.0181000233,1.0118999481,0.961,0.7621951103,6.8618,42.7150001526
2008-06-16,1.5626,1.9737,107.42,1.0364999771,1.0167000294,0.954,0.7630093098,6.8796,42.7999992371
2008-06-09,1.5368,1.9496,107.92,1.046900034,1.0295000076,0.939,0.749625206,6.9044,42.8310012817
2008-06-02,1.5731,1.9695,105.33,1.0184999704,1.0182000399,0.9603,0.7681081295,6.923,42.7159996033
2008-05-26,1.556,1.9793,105.46,1.0413999557,0.9933999777,0.9551,0.7838219404,6.94,42.53099823
2008-05-19,1.5784,1.9818,103.22,1.0233000517,0.9879999757,0.9608,0.7878978848,6.9412,42.6100006104
2008-05-12,1.5591,1.958,103.86,1.0478999615,1,0.954,0.7730962634,6.988,42.3660011292
2008-05-05,1.5447,1.9486,103.01,1.0403000116,1.0056999922,0.9417,0.7685213685,6.9876,41.4119987488
2008-04-28,1.5431,1.9756,105.33,1.0558999777,1.0176999569,0.9366,0.7808839679,6.987,40.4850006104
2008-04-21,1.5634,1.9833,104.17,1.0346000195,1.016100049,0.933,0.7827175856,7.0095,40.0649986267
2008-04-14,1.5742,1.9965,104.56,1.0178999901,1.0036000013,0.9294,0.7905763388,7.0065,39.6539993286
2008-04-07,1.5796,1.9707,101.09,1.0003999472,1.0210000277,0.929,0.794218123,7.006,39.7750015259
2008-03-31,1.5735,1.9947,101.75,1.005499959,1.00849998,0.9214,0.7887057662,7.015,39.8050003052
2008-03-24,1.5759,1.989,99.71,0.9925000072,1.0190999508,0.9188,0.7959248424,7.012,39.6150016785
2008-03-17,1.5447,1.9826,99.4,1.0087000132,1.0282000303,0.9016,0.7897022963,7.0515,40.1850013733
2008-03-10,1.5604,2.0294,100.2,0.9978500009,0.9872999787,0.9371,0.8153281212,7.089,40.0750007629
2008-03-03,1.5333,2.0128,102.69,1.024799943,0.9890999794,0.9283,0.7942811847,7.111,40.2389984131
2008-02-25,1.5187,1.9864,104.19,1.0421999693,0.9869999886,0.937,0.7982119918,7.1115,39.9099998474
2008-02-18,1.4825,1.9668,106.98,1.0849000216,1.0147999525,0.9205,0.8087997437,7.14,39.9749984741
2008-02-11,1.4674,1.9613,107.67,1.0932999849,1.0072000027,0.9069,0.7903888822,7.178,39.5849990845
2008-02-04,1.4505,1.9473,107.34,1.1073000431,0.9987999797,0.8945,0.7883948684,7.183,39.5349998474
2008-01-28,1.4851,1.9687,106.3,1.0887000561,0.9936000109,0.9035,0.7961783409,7.1845,39.2729988098
2008-01-21,1.4673,1.9802,107.31,1.0978000164,1.0040999651,0.8817,0.7707723379,7.2115,39.2750015259
2008-01-14,1.4616,1.9529,106.82,1.0993000269,1.0271999836,0.8759,0.7605719566,7.2424,39.2840003967
2008-01-07,1.4787,1.9592,109.11,1.1000000238,1.0195000172,0.8927,0.7848061919,7.2615,39.0950012207
2007-12-31,1.4786,1.9757,108.38,1.1071000099,0.9987999797,0.8762,0.765696764,7.2695,39.0950012207
2007-12-24,1.4718,1.9929,112.93,1.1267000437,0.9782000184,0.874,0.7745933533,7.304,39.2449989319
2007-12-17,1.4361,1.9833,113.95,1.1549999714,0.9941999912,0.8657,0.7651109099,7.368,39.2350006104
2007-12-10,1.4433,2.0197,113.35,1.1509000063,1.0132000446,0.862,0.7647013664,7.375,39.2400016785
2007-12-03,1.4664,2.0289,111.72,1.1282999516,1.0051000118,0.8807,0.7760962844,7.407,39.3600006104
2007-11-26,1.4688,2.0567,111.02,1.1320999861,1.0003999472,0.8848,0.7652280331,7.385,39.4550018311
2007-11-19,1.4825,2.0564,108.17,1.1018999815,0.989199996,0.8744,0.7586102486,7.4079,39.5999984741
2007-11-12,1.4652,2.048,111.05,1.1186000109,0.972299993,0.8909,0.7560864687,7.425,39.1749992371
2007-11-05,1.4665,2.0911,110.9,1.1210000515,0.9386000037,0.9145,0.7638252378,7.419,39.0449981689
2007-10-29,1.4481,2.082,114.74,1.1562000513,0.934400022,0.918,0.7648183703,7.458,39.1949996948
2007-10-22,1.439,2.0514,114.01,1.1647000313,0.9620000124,0.9163,0.7668123245,7.4976,39.2350006104
2007-10-15,1.4263,2.0484,115.15,1.1677000523,0.9631999731,0.8935,0.7485030293,7.508,39.4500007629
2007-10-08,1.4168,2.034,117.5,1.1852999926,0.9733999968,0.9042,0.7757951617,7.509,39.0950012207
2007-10-01,1.4154,2.0436,116.83,1.1772999763,0.9817000031,0.8998,0.763184011,7.5098,39.4049987793
2007-09-24,1.4219,2.0389,114.97,1.1629999876,0.9958000183,0.8855,0.7571169138,7.4928,39.5750007629
2007-09-17,1.4076,2.0208,115.6,1.171900034,1.0005999804,0.865,0.7432181239,7.5,39.7700004578
2007-09-10,1.3848,2.0067,115.31,1.1907999516,1.0290000439,0.8415,0.7127075791,7.517,40.2849998474
2007-09-03,1.3772,2.0283,113.57,1.1884000301,1.0543999672,0.8259,0.6914194822,7.537,40.3400001526
2007-08-27,1.3641,2.0165,115.83,1.2080999613,1.0561000109,0.8157,0.7027900815,7.5462,40.5750007629
2007-08-20,1.3645,2.0099,116.12,1.203600049,1.0520999432,0.8242,0.721709013,7.567,40.8400001526
2007-08-13,1.3492,1.9828,113.81,1.2051000595,1.0609999895,0.7887,0.6956037879,7.596,40.9850006104
2007-08-06,1.3686,2.0219,118,1.1992000341,1.0530999899,0.8455,0.7466029525,7.5698,40.4000015259
2007-07-30,1.3785,2.0426,118.43,1.1878999472,1.0520999432,0.8573,0.7609191537,7.567,40.1949996948
2007-07-23,1.3647,2.029,118.56,1.2128000259,1.0638999939,0.856,0.765696764,7.564,40.3199996948
2007-07-16,1.3831,2.0566,121.15,1.2005000114,1.0486600399,0.8796,0.7968762517,7.5727,40.125
2007-07-09,1.3788,2.0344,121.99,1.2023999691,1.0470999479,0.8688,0.7861017585,7.571,40.2000007629
2007-07-02,1.3626,2.0119,123.27,1.217599988,1.0476000309,0.8569,0.7827788591,7.6,40.3100013733
2007-06-25,1.352,2.0063,123.39,1.2215000391,1.0644999743,0.8491,0.7713074088,7.612,40.5299987793
2007-06-18,1.3438,1.9975,124.09,1.2292000055,1.0671000481,0.8482,0.7668711543,7.622,40.4949989319
2007-06-11,1.3365,1.9765,123.55,1.2418999672,1.0676000118,0.84,0.7552869916,7.6245,40.4599990845
2007-06-04,1.3359,1.9657,121.62,1.2346999645,1.0616999865,0.8427,0.7647013664,7.6666,40.7599983215
2007-05-28,1.344,1.9804,122.1,1.2358000278,1.0599000454,0.8313,0.743992269,7.6483,40.2150001526
2007-05-21,1.3452,1.9845,121.72,1.2268999815,1.0791000128,0.819,0.7271140814,7.6527,40.2150001526
2007-05-14,1.3511,1.9755,121.09,1.2269999981,1.0892000198,0.825,0.7305135727,7.6636,40.3050003052
2007-05-07,1.3519,1.9824,120.19,1.2180999517,1.1126999855,0.8326,0.7348078489,7.6835,40.6749992371
2007-04-30,1.3587,1.9931,120.16,1.2096999884,1.106400013,0.8207,0.7357268929,7.7035,40.5149993896
2007-04-23,1.3625,1.9985,119.59,1.2055000067,1.1150000095,0.8311,0.742500782,7.7139,40.7249984741
2007-04-16,1.3601,2.0047,118.81,1.2071000338,1.1222000122,0.8363,0.7485030293,7.715,41.5200004578
2007-04-09,1.3518,1.9829,119.27,1.2146999836,1.1375999451,0.8326,0.7377895713,7.7222,42.3650016785
2007-04-02,1.338,1.9655,119.33,1.2232999802,1.1505999565,0.8177,0.7210844755,7.7248,42.6949996948
2007-03-26,1.3374,1.9685,117.56,1.2137000561,1.1542999744,0.8104,0.7146941423,7.7232,43.0449981689
2007-03-19,1.3302,1.9632,117.82,1.2187000513,1.160400033,0.8062,0.7131141424,7.729,43.3050003052
2007-03-12,1.3307,1.9423,116.77,1.2081999779,1.1756000519,0.7948,0.6975932717,7.728,43.8899993896
2007-03-05,1.3118,1.9318,118.15,1.2316000462,1.1720999479,0.7806,0.6918978691,7.7445,44.0099983215
2007-02-26,1.3182,1.9458,116.82,1.2137999535,1.1764999628,0.7834,0.6890848875,7.7445,44.0349998474
2007-02-19,1.3164,1.9639,121.1,1.2323999405,1.1592999697,0.792,0.7049203515,7.7416,44.0149993896
2007-02-12,1.3137,1.9499,119.23,1.2352999449,1.1631000042,0.7868,0.6977880001,7.7426,43.8050003052
2007-02-05,1.3005,1.9512,121.59,1.2475999594,1.1691000462,0.7765,0.6841817498,7.7476,43.8650016785
2007-01-29,1.296,1.9662,121.02,1.2498999834,1.1834000349,0.7747,0.681198895,7.7555,43.9350013733
2007-01-22,1.2909,1.9598,121.53,1.2537000179,1.1800999641,0.7724,0.6972042322,7.7748,44.0149993896
2007-01-15,1.2968,1.9759,121.22,1.2484999895,1.1734999418,0.7892,0.6957973838,7.7752,44.0849990845
2007-01-08,1.2926,1.9577,120.36,1.2474999428,1.1697000265,0.7826,0.6918978691,7.7984,44.2550010681
2007-01-01,1.3005,1.9305,118.77,1.2374000549,1.1737999916,0.7797,0.6877105832,7.8047,44.1399993896
2006-12-25,1.3197,1.9586,119.02,1.2195999622,1.1647000313,0.7884,0.7050197124,7.8041,44.0400009155
2006-12-18,1.3131,1.957,118.9,1.2197999954,1.1549999714,0.783,0.6998880506,7.8153,44.3050003052
2006-12-11,1.3095,1.9538,117.84,1.2207000256,1.157400012,0.7826,0.6912761331,7.8265,44.4749984741
2006-12-04,1.3215,1.9564,116.23,1.2052999735,1.1480000019,0.7861,0.6862005591,7.8235,44.4650001526
2006-11-27,1.3316,1.9794,115.33,1.1931999922,1.1447999477,0.7914,0.6881839037,7.835,44.4350013733
2006-11-20,1.3081,1.9315,115.93,1.2086999416,1.1341999769,0.7782,0.6742179394,7.8515,44.5299987793
2006-11-13,1.2823,1.8936,117.73,1.2418999672,1.1457999945,0.7686,0.6663113236,7.8717,44.7729988098
2006-11-06,1.2861,1.912,117.47,1.2388000488,1.1288000345,0.7673,0.6664889455,7.8635,44.611000061
2006-10-30,1.2705,1.9011,118.06,1.2533999681,1.131000042,0.7699,0.6705109477,7.8715,44.8009986877
2006-10-23,1.2725,1.8968,117.61,1.2494000196,1.119500041,0.7685,0.6605019569,7.8886,45.0050010681
2006-10-16,1.2613,1.8828,118.73,1.2590999603,1.1248999834,0.758,0.6679134369,7.9028,45.2340011597
2006-10-09,1.2502,1.8551,119.81,1.2733999491,1.1395000219,0.7506,0.6572029591,7.9,45.2449989319
2006-10-02,1.26,1.8712,118.89,1.2601000071,1.1251000166,0.7434,0.6601095796,7.904,45.4879989624
2006-09-25,1.2687,1.8716,117.99,1.2525000572,1.1168999672,0.7461,0.6532105207,7.904,45.7150001526
2006-09-18,1.2796,1.9012,116.45,1.2352000475,1.1157000065,0.7513,0.6599788666,7.9195,45.8209991455
2006-09-11,1.2648,1.8783,117.72,1.257799983,1.119500041,0.7517,0.6633059382,7.9429,46.0489997864
2006-09-04,1.2673,1.8655,116.89,1.2473000288,1.1184999943,0.754,0.6377958059,7.9485,46.1520004272
2006-08-28,1.2833,1.905,117.21,1.2299000025,1.1042000055,0.7663,0.6559097171,7.9533,46.5079994202
2006-08-21,1.2767,1.8884,117.31,1.2395000458,1.1097999811,0.7568,0.6371049881,7.969,46.4480018616
2006-08-14,1.281,1.8808,115.79,1.2322000265,1.1253999472,0.7579,0.639508903,7.9736,46.391998291
2006-08-07,1.2757,1.8952,116.18,1.244500041,1.1241999865,0.7673,0.6339948177,7.9725,46.4249992371
2006-07-31,1.2894,1.9098,114.21,1.2220000029,1.1253999472,0.7658,0.6248828769,7.9783,46.4319992065
2006-07-24,1.2748,1.8645,114.74,1.2316000462,1.131000042,0.7663,0.6185821891,7.9792,46.4650001526
2006-07-17,1.2684,1.8586,116.34,1.2358000278,1.1371999979,0.7529,0.6255865097,7.9897,46.5849990845
2006-07-10,1.2641,1.8364,116.33,1.2360999584,1.1286000013,0.7541,0.6213109493,7.9956,46.3269996643
2006-07-03,1.2822,1.8513,113.98,1.2237999439,1.1114000082,0.7514,0.6112095714,7.9936,45.7849998474
2006-06-26,1.2779,1.8491,114.51,1.223099947,1.1146999598,0.7423,0.6100164652,7.9943,45.8050003052
2006-06-19,1.2522,1.8204,116.26,1.246999979,1.1201000214,0.7315,0.6083835363,7.9997,45.9449996948
2006-06-12,1.2623,1.8484,115.12,1.233899951,1.1253000498,0.7389,0.6175889373,7.9995,45.8489990234
2006-06-05,1.2636,1.8426,113.89,1.2309000492,1.1068999767,0.7499,0.6339948177,8.011,45.8600006104
2006-05-29,1.2912,1.8817,111.66,1.2079000473,1.101099968,0.751,0.6307954192,8.0225,45.59400177
2006-05-22,1.2739,1.8566,112.58,1.2250000238,1.1067999601,0.7577,0.6369832158,8.0245,45.7550010681
2006-05-15,1.275,1.8755,111.76,1.2174999714,1.1174000502,0.7569,0.6218905449,8.0175,45.2949981689
2006-05-08,1.2888,1.8911,110.49,1.1971000433,1.1102000475,0.7728,0.6282985806,8.0056,44.8250007629
2006-05-01,1.2733,1.8588,112.45,1.227699995,1.1046999693,0.7707,0.6416837573,8.0114,44.7700004578
2006-04-24,1.2624,1.822,113.79,1.2383999825,1.1166000366,0.7593,0.6360109448,8.0165,44.9010009766
2006-04-17,1.234,1.7817,116.91,1.2750999928,1.1370999813,0.7444,0.6339144111,8.0165,45.0009994507
2006-04-10,1.2106,1.751,118.65,1.296399951,1.1502000093,0.7289,0.6185821891,8.0175,44.9949989319
2006-04-03,1.2109,1.7407,118.31,1.300999999,1.147300005,0.7279,0.610612452,8.013,44.5489997864
2006-03-27,1.2139,1.7393,117.48,1.3042999506,1.1674000025,0.7165,0.6139112115,8.0167,44.5279998779
2006-03-20,1.2034,1.7427,117.5,1.3099999428,1.1669000387,0.7107,0.6097933054,8.0338,44.466999054
2006-03-13,1.2197,1.7567,115.89,1.2893999815,1.1579999924,0.7291,0.6350012422,8.0286,44.2050018311
2006-03-06,1.1886,1.7256,119.07,1.317299962,1.160599947,0.731,0.6409024,8.0492,44.452999115
2006-02-27,1.2028,1.7531,116.46,1.296399951,1.1335999966,0.744,0.6657789946,8.038,44.1800003052
2006-02-20,1.1882,1.7448,116.87,1.3183000088,1.1488000154,0.7399,0.6630859971,8.0432,44.2900009155
2006-02-13,1.1906,1.7403,118.43,1.3092000484,1.1485999823,0.7385,0.6676904559,8.0493,44.3120002747
2006-02-06,1.192,1.7454,117.64,1.3066999912,1.1648000479,0.7379,0.6793016791,8.0516,44.0299987793
2006-01-30,1.2021,1.7626,118.95,1.2949999571,1.1437000036,0.7491,0.6872851849,8.0616,44.0800018311
2006-01-23,1.213,1.7733,117.16,1.2840000391,1.1495000124,0.7518,0.6839009523,8.0608,43.9350013733
2006-01-16,1.2101,1.7663,115.42,1.2769999504,1.1579999924,0.747,0.6786102057,8.0596,44.1500015259
2006-01-09,1.2103,1.7715,114.43,1.2762999535,1.1586999893,0.7535,0.6979827881,8.0698,44.0699996948
2006-01-02,1.2148,1.7697,114.45,1.2697999477,1.1657999754,0.7528,0.6909895539,8.0663,44.2900009155
2005-12-26,1.1842,1.7188,117.88,1.3158999681,1.1615999937,0.7342,0.6825938225,8.0702,44.9700012207
2005-12-19,1.1857,1.7326,116.38,1.3112000227,1.1643999815,0.7279,0.6727211475,8.0762,45.0999984741
2005-12-12,1.2012,1.7716,115.78,1.2897000313,1.159700036,0.743,0.6898930669,8.0735,45.3660011292
2005-12-05,1.1824,1.7554,120.54,1.3022999763,1.1540999413,0.7521,0.703086555,8.0765,46.1100006104
2005-11-28,1.1699,1.7304,120.77,1.317299962,1.1593999863,0.7468,0.7100759745,8.0806,46.1100006104
2005-11-21,1.1724,1.7155,119.65,1.3219000101,1.1717000008,0.7351,0.6967184544,8.0815,45.7400016785
2005-11-14,1.1741,1.7147,119.21,1.3135999441,1.1881999969,0.7308,0.6878052354,8.0832,45.7000007629
2005-11-07,1.174,1.7462,118.05,1.3122999668,1.1894999743,0.7309,0.6877105832,8.0847,45.4799995422
2005-10-31,1.1828,1.751,118.2,1.3071000576,1.1847000122,0.7318,0.6845095754,8.0856,45.4399986267
2005-10-24,1.2089,1.7781,115.52,1.2805999517,1.1770000458,0.7501,0.7043245435,8.084,45.0099983215
2005-10-17,1.1958,1.7692,115.93,1.2918000221,1.1887999773,0.7473,0.6998880506,8.0905,45.0099983215
2005-10-10,1.2073,1.7677,114.03,1.2856999636,1.1847000122,0.7536,0.6972042322,8.0896,44.7200012207
2005-10-03,1.2115,1.7599,113.82,1.2779999971,1.1739000082,0.7568,0.6961848736,8.092,44.3400001526
2005-09-26,1.2058,1.7696,113.29,1.2934999466,1.1627999544,0.7643,0.6930967569,8.092,43.9300003052
2005-09-19,1.2077,1.7788,112.17,1.2919000387,1.1693999767,0.7574,0.6877105832,8.091,43.8499984741
2005-09-12,1.2214,1.8035,111.38,1.2695000172,1.1798000336,0.7666,0.7043245435,8.0871,43.8199996948
2005-09-05,1.2433,1.84,109.69,1.2427999973,1.1773999929,0.7731,0.7075137496,8.0956,43.7599983215
2005-08-29,1.2538,1.8403,109.66,1.2295000553,1.1911000013,0.7649,0.7053181529,8.0935,43.7999992371
2005-08-22,1.2324,1.8066,109.85,1.2581000328,1.1985000372,0.7584,0.6973987222,8.0965,43.5999984741
2005-08-15,1.2147,1.7933,110.68,1.2754000425,1.2108999491,0.7505,0.6938180923,8.1047,43.5200004578
2005-08-08,1.2428,1.8148,109.55,1.246999979,1.1977000237,0.7723,0.7080147266,8.098,43.563999176
2005-08-01,1.2327,1.7748,112.09,1.2618000507,1.2120000124,0.7671,0.6905123591,8.1037,43.4199981689
2005-07-25,1.2129,1.7593,112.25,1.288599968,1.2077000141,0.7594,0.6834803224,8.1056,43.3499984741
2005-07-18,1.2079,1.7413,110.98,1.2963000536,1.2153999805,0.7661,0.6865773797,8.1111,43.4500007629
2005-07-11,1.2037,1.7533,112.32,1.2960000038,1.2202999592,0.7488,0.6738090515,8.2765,43.4700012207
2005-07-04,1.1934,1.736,112.17,1.2989000082,1.2203999758,0.741,0.6734006405,8.2765,43.5400009155
2005-06-27,1.1957,1.7708,111.68,1.296399951,1.2414000034,0.7516,0.6839945316,8.2765,43.5
2005-06-20,1.2088,1.8221,109.22,1.2749999762,1.230700016,0.7684,0.7069135904,8.2765,43.4900016785
2005-06-13,1.224,1.8266,108.83,1.2573000193,1.2302000523,0.7776,0.7173087001,8.2765,43.4900016785
2005-06-06,1.2127,1.8128,108.45,1.2681000233,1.2517999411,0.7625,0.7060152888,8.2765,43.4700012207
2005-05-30,1.2227,1.8119,107.84,1.2525999546,1.2470999956,0.7548,0.7036802173,8.2765,43.5600013733
2005-05-23,1.2568,1.8227,107.88,1.2297999859,1.255300045,0.7623,0.7135212421,8.2765,43.5
2005-05-16,1.2553,1.8246,108.17,1.2322000265,1.2645000219,0.755,0.7084159851,8.2765,43.3260002136
2005-05-09,1.2645,1.853,107.14,1.225900054,1.2632000446,0.7611,0.7126059532,8.2765,43.4000015259
2005-05-02,1.2832,1.892,104.93,1.2055000067,1.2414000034,0.7763,0.7324934006,8.2765,43.4300003052
2005-04-25,1.2919,1.9122,104.64,1.1950000525,1.257799983,0.7834,0.7336757183,8.2765,43.3800010681
2005-04-18,1.3068,1.9151,105.85,1.1804000139,1.236700058,0.7819,0.7321180105,8.2765,43.6100006104
2005-04-11,1.2928,1.893,107.65,1.1999000311,1.2466000319,0.7703,0.7155122757,8.2765,43.6980018616
2005-04-04,1.2912,1.8824,108.26,1.1964000463,1.2300000191,0.7726,0.7148984671,8.2765,43.6510009766
2005-03-28,1.2896,1.8789,107.57,1.2023999691,1.2134000063,0.7697,0.7113893628,8.2765,43.4900016785
2005-03-21,1.2954,1.8684,106.32,1.199000001,1.2148000002,0.7719,0.7127075791,8.2765,43.6199989319
2005-03-14,1.3311,1.9192,104.7,1.163599968,1.2002999783,0.7937,0.7428869009,8.2765,43.5499992371
2005-03-07,1.3465,1.9261,103.93,1.149099946,1.2056000233,0.7936,0.7401924729,8.2765,43.4090003967
2005-02-28,1.3244,1.9243,104.46,1.1684000492,1.2316000462,0.7919,0.7356186509,8.2765,43.5670013428
2005-02-21,1.3195,1.9149,105.21,1.1619999409,1.2400000095,0.7853,0.7207207084,8.2765,43.5890007019
2005-02-14,1.3075,1.8949,105.69,1.1832000017,1.2347999811,0.7878,0.7246901989,8.2765,43.6500015259
2005-02-07,1.2864,1.866,105.75,1.2094999552,1.2339999676,0.7853,0.7142857313,8.2765,43.6800003052
2005-01-31,1.2927,1.885,103.7,1.2131999731,1.2491999865,0.7725,0.7118957639,8.2765,43.2890014648
2005-01-24,1.3033,1.885,103.45,1.1855000257,1.2380000353,0.7751,0.7127075791,8.2765,43.6030006409
2005-01-17,1.3049,1.874,102.85,1.1854000092,1.2164000273,0.7712,0.7123014331,8.2765,43.5009994507
2005-01-10,1.3106,1.8695,102.5,1.1791000366,1.2132999897,0.7586,0.700083971,8.2765,43.5110015869
2005-01-03,1.3062,1.8702,104.93,1.1841000319,1.2312999964,0.758,0.6966213584,8.2765,43.8320007324
2004-12-27,1.3538,1.916,102.68,1.1404999495,1.2010999918,0.7805,0.7178750634,8.2765,43.3079986572
2004-12-20,1.3536,1.9236,103.65,1.1440999508,1.2278000116,0.7689,0.7131141424,8.2765,43.547000885
2004-12-13,1.3295,1.939,104.28,1.1563999653,1.2290999889,0.7607,0.7132158875,8.2765,43.9000015259
2004-12-06,1.3224,1.9134,105.45,1.1606999636,1.2237999439,0.7495,0.7039774656,8.2765,44.5690002441
2004-11-29,1.339,1.9375,102.56,1.1296999454,1.1897000074,0.7778,0.7191140652,8.2765,43.9910011292
2004-11-22,1.3288,1.8965,102.58,1.1387000084,1.1763999462,0.7903,0.7171028852,8.2765,44.891998291
2004-11-15,1.3059,1.86,102.8,1.1600999832,1.1907000542,0.7852,0.712199986,8.2765,44.9399986267
2004-11-08,1.2973,1.8552,105.53,1.1700999737,1.192999959,0.7685,0.6922810674,8.2765,45.0299987793
2004-11-01,1.2938,1.8542,105.6,1.1768000126,1.1967999935,0.762,0.6942033768,8.2764,44.9490013123
2004-10-25,1.2746,1.8345,106.04,1.1950999498,1.2172000408,0.7468,0.6843221784,8.2766,45.3100013733
2004-10-18,1.2639,1.8277,107.42,1.2094999552,1.2342000008,0.7396,0.6926167011,8.2765,45.6100006104
2004-10-11,1.2478,1.8048,109.14,1.2332999706,1.2519999743,0.7317,0.6888950467,8.2765,45.7519989014
2004-10-04,1.2418,1.7935,109.44,1.2503999472,1.2509000301,0.7352,0.6825938225,8.2768,45.6459999084
2004-09-27,1.24,1.7976,110.45,1.2494000196,1.260800004,0.7232,0.6718172431,8.2766,45.9580001831
2004-09-20,1.2256,1.8031,110.72,1.2603000402,1.274099946,0.7139,0.666977942,8.2766,45.8489990234
2004-09-13,1.2174,1.7921,109.97,1.2676000595,1.2968000174,0.6971,0.6609822512,8.2767,45.7879981995
2004-09-06,1.2282,1.7979,109.33,1.2573000193,1.2907999754,0.6968,0.656814456,8.2766,46.1269989014
2004-08-30,1.2052,1.7759,110.47,1.2713999748,1.3003000021,0.69,0.6467886567,8.2767,46.2299995422
2004-08-23,1.2025,1.7921,109.51,1.2783999443,1.3135999441,0.704,0.6553080082,8.2767,46.2290000916
2004-08-16,1.2324,1.8213,109.32,1.2489999533,1.2979999781,0.7238,0.6693888903,8.2767,46.2089996338
2004-08-09,1.2354,1.8432,110.67,1.2382999659,1.3173999786,0.716,0.6653802395,8.2768,46.2290000916
2004-08-02,1.2272,1.8459,110.05,1.2504999638,1.317800045,0.7148,0.6544074416,8.2769,46.188999176
2004-07-26,1.2032,1.8183,111.39,1.2812999487,1.3314000368,0.7035,0.6348803639,8.2769,46.2509994507
2004-07-19,1.2122,1.8321,110.11,1.2659000158,1.3231999874,0.7102,0.6352029443,8.2766,46.1170005798
2004-07-12,1.2437,1.8708,108.77,1.2245999575,1.3108999729,0.731,0.6589785814,8.2766,46.0880012512
2004-07-05,1.2388,1.8555,108.21,1.2224999666,1.3173999786,0.7226,0.6579813361,8.2769,45.608001709
2004-06-28,1.2307,1.83,108.6,1.233199954,1.3227000237,0.7125,0.6469979286,8.2766,45.5909996033
2004-06-21,1.2145,1.8218,107.82,1.246999979,1.3720999956,0.699,0.6366993189,8.2767,45.6839981079
2004-06-14,1.2118,1.8368,108.65,1.2434999943,1.3639999628,0.6905,0.6275100112,8.2766,45.5079994202
2004-06-07,1.2011,1.8175,110.09,1.2596999407,1.3646999598,0.6912,0.6292077899,8.2767,45.0670013428
2004-05-31,1.2258,1.8367,111.27,1.2393000126,1.3513000011,0.6922,0.6211180091,8.2767,45.0509986877
2004-05-24,1.2217,1.833,110.18,1.2517000437,1.3623000383,0.7138,0.629802227,8.2769,45.2910003662
2004-05-17,1.2009,1.788,112.09,1.2790000439,1.3710999489,0.7008,0.6124073863,8.2771,45.1910018921
2004-05-10,1.1874,1.7572,114.3,1.296900034,1.3875999451,0.6895,0.6027001143,8.2772,45.3800010681
2004-05-03,1.1885,1.7842,112.3,1.2987999916,1.3835999966,0.7031,0.619310081,8.2771,44.53099823
2004-04-26,1.1975,1.7744,110.37,1.2940000296,1.3708000183,0.721,0.6248047352,8.2771,44.2840003967
2004-04-19,1.1802,1.7674,109.38,1.3142999411,1.3592000008,0.7287,0.6255081892,8.2769,44.1090011597
2004-04-12,1.2025,1.8004,107.69,1.2955000401,1.3452999592,0.7456,0.641889751,8.2769,43.7290000916
2004-04-05,1.2102,1.8322,106.45,1.2821999788,1.3301999569,0.7623,0.6585879922,8.2769,43.5229988098
2004-03-29,1.2109,1.8293,104.55,1.2917000055,1.3141000271,0.7584,0.6594130993,8.2769,43.7000007629
2004-03-22,1.2092,1.8104,105.93,1.2836999893,1.3183000088,0.7428,0.6498147845,8.277,44.4980010986
2004-03-15,1.2269,1.827,106.97,1.2697000504,1.3321000338,0.7475,0.6565988064,8.2772,45.0900001526
2004-03-08,1.2191,1.7943,110.82,1.2833000422,1.3336000443,0.7325,0.6439149976,8.2771,45.1710014343
2004-03-01,1.2401,1.8428,111.42,1.2782000303,1.3216999769,0.7587,0.6757213473,8.2773,45.1899986267
2004-02-23,1.2441,1.8575,109.26,1.2613999844,1.3346999884,0.7717,0.6836204529,8.2769,45.1959991455
2004-02-16,1.2563,1.8668,108.83,1.2596999407,1.3359999657,0.774,0.6878998876,8.2772,45.1710014343
2004-02-09,1.2751,1.883,105.6,1.2388999462,1.3213000298,0.7875,0.7049203515,8.277,45.3619995117
2004-02-02,1.2694,1.8459,105.57,1.2348999977,1.3207999468,0.7679,0.6915150881,8.2773,45.1679992676
2004-01-26,1.2452,1.8215,105.84,1.2525000572,1.3236999512,0.7625,0.6706008911,8.2768,45.0040016174
2004-01-19,1.261,1.8203,106.21,1.2414000034,1.3116999865,0.7714,0.6761782765,8.2771,45.2439994812
2004-01-12,1.2395,1.7996,106.87,1.2637000084,1.2984000444,0.7663,0.6696129441,8.2767,45.3250007629
2004-01-05,1.2853,1.8472,106.54,1.2211999893,1.2736999989,0.7777,0.6805036068,8.277,45.3510017395
2003-12-29,1.2592,1.7902,106.95,1.2400000095,1.2925000191,0.7576,0.6575918794,8.2769,45.6030006409
2003-12-22,1.2441,1.7725,107.18,1.2548999786,1.3097000122,0.7415,0.641889751,8.2768,45.4410018921
2003-12-15,1.238,1.7675,107.94,1.254799962,1.3379000425,0.7365,0.6442053914,8.277,45.422000885
2003-12-08,1.2284,1.7466,107.73,1.2618999481,1.3135000467,0.7425,0.6488029361,8.2771,45.422000885
2003-12-01,1.2157,1.727,107.78,1.2724000216,1.3028999567,0.7358,0.6451196671,8.2769,45.4490013123
2003-11-24,1.1995,1.7219,109.53,1.2911000252,1.3004000187,0.7236,,8.277,
2003-11-17,1.1913,1.7025,108.87,1.2983000278,1.3023999929,0.7227,,8.277,
2003-11-10,1.1743,1.6841,108.43,1.3266999722,1.3025000095,0.7179,,8.277,
2003-11-03,1.1505,1.6708,109.29,1.3668999672,1.3214000463,0.7092,,8.277,
2003-10-27,1.1609,1.6956,110.1,1.3381999731,1.3169000149,0.7077,,8.2766,
2003-10-20,1.1833,1.6972,109.23,1.3123999834,1.3058999777,0.7009,,8.2768,
2003-10-13,1.163,1.6721,109.57,1.3265999556,1.3135000467,0.6918,,8.2766,
2003-10-06,1.1812,1.6654,108.57,1.3131999969,1.3226000071,0.6916,,8.277,
2003-09-29,1.1596,1.663,110.9,1.3366999626,1.3430999517,0.6814,,8.277,
2003-09-22,1.1482,1.6597,111.8,1.3424999714,1.3528000116,0.6745,,8.2773,
2003-09-15,1.1346,1.6315,113.99,1.3668999672,1.347200036,0.6727,,8.2773,
2003-09-08,1.1307,1.6062,117.38,,,0.6638,,8.2772,
2003-09-01,1.1073,1.5891,117.06,,,0.6468,,8.277,
2003-08-25,1.0986,1.5773,116.71,,,0.649,,8.2772,
2003-08-18,1.0871,1.5755,117.58,,,0.6506,,8.2766,
2003-08-11,1.1255,1.5958,119.24,,,0.6583,,8.2768,
2003-08-04,1.1321,1.608,119.02,,,0.6535,,8.2772,
2003-07-28,1.1252,1.6045,120,,,0.6538,,8.2772,
2003-07-21,1.1513,1.6198,118.82,,,0.6642,,8.2776,
2003-07-14,1.1239,1.5867,118.4,,,0.6454,,8.277,
2003-07-07,1.1304,1.6323,117.8,,,0.6607,,8.2772,
2003-06-30,1.1503,1.6718,118.24,,,0.6823,,8.2776,
2003-06-23,1.1423,1.6492,119.72,,,0.6655,,8.2774,
2003-06-16,1.1616,1.6644,118.39,,,0.6675,,8.2772,
2003-06-09,1.183,1.6676,117.46,,,0.6671,,8.2768,
2003-06-02,1.1695,1.6622,118.83,,,0.6591,,8.277,
2003-05-26,1.1766,1.6393,119.5,,,0.6513,,8.2768,
2003-05-19,1.1786,1.6376,116.89,,,0.6575,,8.2769,
2003-05-12,1.1542,1.6241,116.01,,,0.6502,,8.277,
2003-05-05,1.1498,1.6045,117.2,,,0.6448,,8.2768,
2003-04-28,1.12,1.602,119.1,,,0.6298,,8.2771,
2003-04-21,1.104,1.5915,120.25,,,0.6152,,8.277,
2003-04-14,1.0882,1.5733,119.72,,,0.6144,,8.277,
2003-04-07,1.0751,1.5713,120.47,,,0.6047,,8.2772,
2003-03-31,1.0711,1.5597,120.05,,,0.601,,8.2771,
2003-03-24,1.0762,1.5673,120.18,,,0.6003,,8.2771,
2003-03-17,1.0545,1.566,121.42,,,0.5905,,8.2773,
2003-03-10,1.0725,1.5821,118.59,,,0.5966,,8.2772,
2003-03-03,1.1014,1.602,116.47,,,0.6137,,8.2774,
2003-02-24,1.0779,1.5737,118.22,,,0.6075,,8.2775,
2003-02-17,1.0787,1.5864,118.78,,,0.5972,,8.2776,
2003-02-10,1.0799,1.6105,120.41,,,0.5921,,8.2773,
2003-02-03,1.0801,1.6284,120.4,,,0.5903,,8.28,
2003-01-27,1.0739,1.6448,119.96,,,0.586,,8.2768,
2003-01-20,1.0825,1.632,117.8,,,0.5922,,8.2768,
2003-01-13,1.066,1.6173,117.88,,,0.5909,,8.2771,
2003-01-06,1.0535,1.6079,119.44,,,0.582,,8.2767,
2002-12-30,1.0418,1.6045,119.85,,,0.5655,,8.2768,
2002-12-23,1.0411,1.6022,119.92,,,0.5608,,8.2773,
2002-12-16,1.0268,1.6015,120.52,,,0.5618,,8.28,
2002-12-09,1.0226,1.5896,120.71,,,0.5646,,8.2771,
2002-12-02,1.0081,1.573,123.69,,,0.5603,,8.2773,
2002-11-25,0.9932,1.5553,122.72,,,0.5601,,8.2773,
2002-11-18,0.9966,1.5778,122.84,,,0.5638,,8.2774,
2002-11-11,1.0082,1.579,120.37,,,0.5628,,8.2771,
2002-11-04,1.0139,1.5915,119.72,,,0.5658,,8.2771,
2002-10-28,0.9971,1.5638,122.16,,,0.5595,,8.2772,
2002-10-21,0.9767,1.5533,124.14,,,0.5545,,8.2773,
2002-10-14,0.9708,1.5461,125.52,,,0.5498,,8.2768,
2002-10-07,0.9854,1.5605,124.04,,,0.5485,,8.277,
2002-09-30,0.9821,1.569,123.02,,,0.5461,,8.2774,
2002-09-23,0.9772,1.5548,122.86,,,0.544,,8.2773,
2002-09-16,0.9839,1.5558,123.16,,,0.5464,,8.2769,
2002-09-09,0.9743,1.5585,121.5,,,0.5504,,8.2768,
2002-09-02,0.9843,1.5597,118.48,,,0.5467,,8.277,
2002-08-26,0.9806,1.5476,118.76,,,0.5495,,8.2768,
2002-08-19,0.9726,1.5215,119.53,,,0.5433,,8.2767,
2002-08-12,0.9836,1.5372,117.51,,,0.544,,8.2768,
2002-08-05,0.9714,1.5235,120.15,,,0.5354,,8.2766,
2002-07-29,0.9882,1.5709,118.98,,,0.5396,,8.2768,
2002-07-22,0.9882,1.5635,118.78,,,0.537,,8.2768,
2002-07-15,1.0156,1.5785,115.73,,,0.5555,,8.2769,
2002-07-08,0.9904,1.55,116.73,,,0.5595,,8.2767,
2002-07-01,0.973,1.5206,120.19,,,0.5568,,8.2766,
2002-06-24,0.9856,1.5245,119.85,,,0.5628,,8.2771,
2002-06-17,0.9705,1.4987,121.23,,,0.5743,,8.2771,
2002-06-10,0.9448,1.4735,124.25,,,0.5603,,8.27,
2002-06-03,0.9449,1.4604,124.49,,,0.5711,,8.277,
2002-05-27,0.9339,1.4625,124.13,,,0.566,,8.2765,
2002-05-20,0.922,1.4577,124.71,,,0.5558,,8.2771,
2002-05-13,0.9206,1.4602,126.03,,,0.5522,,8.2769,
2002-05-06,0.9116,1.4606,127.89,,,0.5445,,8.2771,
2002-04-29,0.9133,1.4664,127.21,,,0.5381,,8.2773,
2002-04-22,0.898,1.4545,128.18,,,0.5427,,8.2773,
2002-04-15,0.8893,1.4472,130.5,,,0.539,,8.2775,
2002-04-08,0.8792,1.4371,132.09,,,0.5337,,8.2772,
2002-04-01,0.8805,1.435,131.73,,,0.5306,,8.277,
2002-03-25,0.8717,1.425,132.7,,,0.5333,,8.2774,
2002-03-18,0.8791,1.4263,132.88,,,0.5326,,8.277,
2002-03-11,0.8823,1.4238,129.1,,,0.5257,,8.278,
2002-03-04,0.8752,1.4227,128.21,,,0.5235,,8.2771,
2002-02-25,0.8652,1.419,133.35,,,0.5177,,8.2766,
2002-02-18,0.8757,1.4301,133.85,,,0.5133,,8.2765,
2002-02-11,0.873,1.4315,132.76,,,0.5167,,8.2768,
2002-02-04,0.8727,1.4176,134.77,,,0.5104,,8.2767,
2002-01-28,0.8613,1.4158,133.77,,,0.508,,8.2766,
2002-01-21,0.8655,1.4096,134.47,,,0.5167,,8.2765,
2002-01-14,0.8844,1.4365,132.64,,,0.515,,8.2767,
2002-01-07,0.8905,1.4448,132.17,,,0.521,,8.2768,
2001-12-31,0.8946,1.4455,131.02,,,0.5194,,8.2768,
2001-12-24,0.8822,1.4475,131.3,,,0.5112,,8.277,
2001-12-17,0.8864,1.4385,129.48,,,0.5075,,8.2767,
2001-12-10,0.9044,1.4547,127.24,,,0.5186,,8.2768,
2001-12-03,0.8905,1.4315,125.66,,,0.5156,,8.2772,
2001-11-26,0.8958,1.4255,123.22,,,0.5203,,8.2772,
2001-11-19,0.877,1.4095,124.44,,,0.517,,8.2769,
2001-11-12,0.8849,1.4278,122.67,,,0.5203,,8.2771,
2001-11-05,0.8935,1.4574,120.25,,,0.5145,,8.2766,
2001-10-29,0.9037,1.4615,121.68,,,0.5077,,8.2769,
2001-10-22,0.8921,1.4348,122.99,,,0.5017,,8.277,
2001-10-15,0.8987,1.4372,121.15,,,0.508,,8.2768,
2001-10-08,0.9078,1.4518,120.93,,,0.5015,,8.2765,
2001-10-01,0.9168,1.4795,120.37,,,0.506,,8.2768,
2001-09-24,0.9099,1.4691,119.23,,,0.4946,,8.2768,
2001-09-17,0.9099,1.4547,116.73,,,0.4841,,8.2767,
2001-09-10,0.9199,1.4678,117.38,,,0.5156,,8.2766,
2001-09-03,0.9044,1.4626,120.07,,,0.5199,,8.2767,
2001-08-27,0.909,1.451,118.75,,,0.5277,,8.2769,
2001-08-20,0.9116,1.4443,120.13,,,0.5311,,8.2773,
2001-08-13,0.9165,1.4465,120.37,,,0.5354,,8.2768,
2001-08-06,0.894,1.4273,121.97,,,0.513,,8.2768,
2001-07-30,0.8843,1.4268,123.46,,,0.5176,,8.2768,
2001-07-23,0.8749,1.4256,123.29,,,0.5064,,8.277,
2001-07-16,0.8713,1.429,122.85,,,0.5055,,8.2768,
2001-07-09,0.8527,1.3995,124.75,,,0.5074,,8.2767,
2001-07-02,0.8465,1.4106,125.85,,,0.5083,,8.2768,
2001-06-25,0.8474,1.4077,124.73,,,0.51,,8.2767,
2001-06-18,0.857,1.414,124.25,,,0.5168,,8.2767,
2001-06-11,0.8628,1.4056,122.97,,,0.5257,,8.277,
2001-06-04,0.8505,1.3817,120.6,,,0.5243,,8.2767,
2001-05-28,0.8452,1.416,119.13,,,0.5084,,8.2777,
2001-05-21,0.8577,1.4207,120.75,,,0.5193,,8.2771,
2001-05-14,0.8774,1.4333,123.67,,,0.5251,,8.2768,
2001-05-07,0.8759,1.4177,122.5,,,0.5207,,8.2771,
2001-04-30,0.8934,1.4362,121.05,,,0.5189,,8.2774,
2001-04-23,0.8924,1.4362,123.76,,,0.5102,,8.2773,
2001-04-16,0.9032,1.4428,122.52,,,0.5178,,8.2775,
2001-04-09,0.8888,1.4354,124.15,,,0.5081,,8.2769,
2001-04-02,0.9002,1.4383,124.03,,,0.4958,,8.2767,
2001-03-26,0.8794,1.419,125.54,,,0.4881,,8.2777,
2001-03-19,0.8926,1.4292,122.64,,,0.4963,,8.2773,
2001-03-12,0.8929,1.4265,122.85,,,0.494,,8.2771,
2001-03-05,0.9315,1.4675,119.71,,,0.5085,,8.2774,
2001-02-26,0.934,1.4725,119.06,,,0.5292,,8.2782,
2001-02-19,0.9095,1.447,116.15,,,0.5218,,8.2774,
2001-02-12,0.9162,1.4505,115.46,,,0.5305,,8.277,
2001-02-05,0.9267,1.449,117.57,,,0.5367,,8.2764,
2001-01-29,0.9357,1.4692,115.65,,,0.5521,,8.2774,
2001-01-22,0.9213,1.459,117.16,,,0.5432,,8.2786,
2001-01-15,0.9363,1.4683,117.23,,,0.557,,8.2764,
2001-01-08,0.9486,1.4778,117.76,,,0.5557,,8.2768,
2001-01-01,0.9535,1.499,116.19,,,0.5712,,8.2775,
2000-12-25,0.9388,1.4955,114.35,,,0.556,,8.2774,
2000-12-18,0.923,1.4783,112.75,,,0.555,,8.2777,
2000-12-11,0.8981,1.4763,112.55,,,0.5458,,8.2768,
2000-12-04,0.8838,1.4442,111.29,,,0.5445,,8.2769,
2000-11-27,0.8765,1.4373,111.15,,,0.5372,,8.2775,
2000-11-20,0.8382,1.3997,111.38,,,0.5215,,8.2779,
2000-11-13,0.8516,1.423,108.86,,,0.519,,8.2769,
2000-11-06,0.8625,1.4305,107.83,,,0.522,,8.2772,
2000-10-30,0.8614,1.4484,107.58,,,0.5249,,8.2768,
2000-10-23,0.8406,1.4517,108.75,,,0.5233,,8.2788,
2000-10-16,0.84,1.4448,109.04,,,0.528,,8.2778,
2000-10-09,0.8568,1.4597,107.67,,,0.5297,,8.2784,
2000-10-02,0.868,1.4445,108.81,,,0.5339,,8.279,
2000-09-25,0.8837,1.4787,107.9,,,0.5415,,8.2798,
2000-09-18,0.8793,1.4568,107.94,,,0.5455,,8.2787,
2000-09-11,0.8572,1.4005,107.33,,,0.545,,8.2771,
2000-09-04,0.8664,1.4196,106.03,,,0.5557,,8.2794,
2000-08-28,0.8993,1.4605,105.78,,,0.5765,,8.2787,
2000-08-21,0.9024,1.4745,107.17,,,0.5737,,8.2799,
2000-08-14,0.9068,1.4895,108.43,,,0.5905,,8.2797,
2000-08-07,0.9046,1.504,108.68,,,0.5795,,8.2796,
2000-07-31,0.9075,1.5022,108.54,,,0.5832,,8.2798,
2000-07-24,0.9246,1.5025,109.63,,,0.5872,,8.2794,
2000-07-17,0.9343,1.5167,109.08,,,0.5865,,8.2795,
2000-07-10,0.9374,1.499,107.88,,,0.5847,,8.2796,
2000-07-03,0.9484,1.5143,107.81,,,0.5901,,8.2793,
2000-06-26,0.9545,1.513,106.14,,,0.5971,,8.2782,
2000-06-19,0.9358,1.501,104.59,,,0.5964,,8.2769,
2000-06-12,0.9648,1.5165,106.22,,,0.6083,,8.2768,
2000-06-05,0.9526,1.5079,106.78,,,0.5864,,8.2772,
2000-05-29,0.9432,1.5079,108.15,,,0.579,,8.2771,
2000-05-22,0.931,1.4875,107.18,,,0.5716,,8.2771,
2000-05-15,0.8946,1.4855,106.89,,,0.5728,,8.2768,
2000-05-08,0.908,1.5172,108.74,,,0.581,,8.2778,
2000-05-01,0.8953,1.5288,108.53,,,0.5935,,8.2799,
2000-04-24,0.9089,1.556,107.98,,,0.5837,,8.2799,
2000-04-17,0.9379,1.5785,105.88,,,0.5925,,8.2785,
2000-04-10,0.9564,1.586,105.12,,,0.5972,,8.2794,
2000-04-03,0.959,1.583,105.33,,,0.6003,,8.2795,
2000-03-27,0.9574,1.5922,102.73,,,0.6062,,8.2787,
2000-03-20,0.9724,1.591,107.25,,,0.6064,,8.2789,
2000-03-13,0.9694,1.5705,106.1,,,0.6067,,8.2785,
2000-03-06,0.9659,1.5793,106.27,,,0.6136,,8.2785,
2000-02-28,0.9618,1.581,107.8,,,0.6082,,8.2789,
2000-02-21,0.9763,1.5908,110.98,,,0.6175,,8.2786,
2000-02-14,0.985,1.5984,110.88,,,0.6292,,8.2772,
2000-02-07,0.9847,1.5923,108.99,,,0.6282,,8.2788,
2000-01-31,0.976,1.5915,107.54,,,0.6315,,8.2788,
2000-01-24,0.9765,1.621,107.15,,,0.6265,,8.2781,
2000-01-17,1.01,1.6504,104.96,,,0.6621,,8.2795,
2000-01-10,1.0128,1.6353,105.86,,,0.6665,,8.2797,
2000-01-03,1.0294,1.6384,105.17,,,0.6548,,8.2794,
1999-12-27,1.007,1.615,102.16,,,0.656,,8.2795,
1999-12-20,1.0128,1.6154,102.95,,,0.6427,,8.2794,
1999-12-13,1.0088,1.607,103.27,,,0.6426,,8.2794,
1999-12-06,1.0158,1.6225,102.4,,,0.6365,,8.2795,
1999-11-29,1.0016,1.6015,102.55,,,0.6332,,8.2787,
1999-11-22,1.0137,1.6062,102.19,,,0.6345,,8.2785,
1999-11-15,1.0313,1.616,106.13,,,0.639,,8.2785,
1999-11-08,1.0315,1.6131,105.34,,,0.6431,,8.278,
1999-11-01,1.04,1.6205,106.33,,,0.6385,,8.2779,
1999-10-25,1.0518,1.6425,104.29,,,0.6376,,8.2778,
1999-10-18,1.0678,1.6584,105.81,,,0.6503,,8.2773,
1999-10-11,1.0887,1.6684,105.43,,,0.6475,,8.2775,
1999-10-04,1.063,1.652,107.38,,,0.654,,8.278,
1999-09-27,1.0718,1.655,105.08,,,0.654,,8.2778,
1999-09-20,1.0466,1.6428,104.14,,,0.6525,,8.2775,
1999-09-13,1.0399,1.6222,106.94,,,0.6481,,8.2773,
1999-09-06,1.0402,1.6183,109,,,0.652,,8.2774,
1999-08-30,1.0605,1.6028,110.09,,,0.6467,,8.2775,
1999-08-23,1.046,1.5885,111.68,,,0.632,,8.2773,
1999-08-16,1.0654,1.6133,111.44,,,0.6393,,8.2774,
1999-08-09,1.0568,1.6057,115.66,,,0.6517,,8.277,
1999-08-02,1.077,1.6147,114.6,,,0.6531,,8.2773,
1999-07-26,1.0694,1.6207,114.7,,,0.6522,,8.2774,
1999-07-19,1.0497,1.578,116.51,,,0.648,,8.2772,
1999-07-12,1.0203,1.5622,120.98,,,0.6602,,8.2773,
1999-07-05,1.0186,1.5515,122.37,,,0.6645,,8.2777,
1999-06-28,1.0244,1.5792,121.13,,,0.6703,,8.2785,
1999-06-21,1.0448,1.5893,121.28,,,0.6618,,8.2775,
1999-06-14,1.0368,1.5924,120.48,,,0.6533,,8.2774,
1999-06-07,1.0516,1.6085,118.14,,,0.6643,,8.2777,
1999-05-31,1.0327,1.6074,121.99,,,0.6555,,8.2781,
1999-05-24,1.0422,1.602,120.88,,,0.6528,,8.2786,
1999-05-17,1.0577,1.602,123.9,,,0.6595,,8.278,
1999-05-10,1.065,1.6175,122.64,,,0.6648,,8.2784,
1999-05-03,1.0781,1.635,120.78,,,0.6709,,8.2783,
1999-04-26,1.0564,1.6085,119.43,,,0.662,,8.279,
1999-04-19,1.0634,1.617,119.26,,,0.6516,,8.2784,
1999-04-12,1.0688,1.6112,117.86,,,0.6466,,8.2787,
1999-04-05,1.0786,1.6068,121.09,,,0.6296,,8.2797,
1999-03-29,1.0782,1.6023,120.6,,,0.6345,,8.2794,
1999-03-22,1.0743,1.6205,120.3,,,0.6352,,8.28,
1999-03-15,1.0923,1.6303,117.05,,,0.6304,,8.2793,
1999-03-08,1.0936,1.6335,118.99,,,0.636,,8.2789,
1999-03-01,1.0843,1.6073,122.57,,,0.6285,,8.2784,
1999-02-22,1.0995,1.6027,118.7,,,0.6205,,8.279,
1999-02-15,1.1075,1.6255,121,,,0.6375,,8.2787,
1999-02-08,1.1282,1.6311,114.32,,,0.6463,,8.2776,
1999-02-01,1.1283,1.637,113.14,,,0.6517,,8.2776,
1999-01-25,1.1371,1.6457,116,,,0.6297,,8.2778,
1999-01-18,1.1582,1.656,114.65,,,0.6348,,8.2787,
1999-01-11,1.1591,1.65,114.19,,,0.634,,8.279,
1999-01-04,1.1554,1.6405,111.52,,,0.6326,,8.2796,
1998-12-28,,1.6628,113.08,,,0.6123,,8.2789,
1998-12-21,,1.6723,116.24,,,0.611,,8.2785,
1998-12-14,,1.6803,115.67,,,0.6211,,8.2777,
1998-12-07,,1.6835,116.78,,,0.6208,,8.2774,
1998-11-30,,1.6615,119.35,,,0.6175,,8.2777,
1998-11-23,,1.6522,123.24,,,0.6339,,8.2782,
1998-11-16,,1.6542,120.32,,,0.6436,,8.2777,
1998-11-09,,1.6635,122.68,,,0.6392,,8.278,
1998-11-02,,1.658,118.73,,,0.634,,8.2779,
1998-10-26,,1.6735,116.45,,,0.625,,8.2778,
1998-10-19,,1.69,118.06,,,0.6184,,8.2778,
1998-10-12,,1.703,115.45,,,0.6327,,8.2776,
1998-10-05,,1.703,117,,,0.6162,,8.2777,
1998-09-28,,1.7026,135.6,,,0.594,,8.278,
1998-09-21,,1.7023,135.1,,,0.5911,,8.31,
1998-09-14,,1.6835,132.63,,,0.5875,,8.31,
1998-09-07,,1.6847,131.05,,,0.601,,8.31,
1998-08-31,,1.672,133.99,,,0.5861,,8.31,
1998-08-24,,1.672,142.55,,,0.565,,8.31,
1998-08-17,,1.6363,144.94,,,0.583,,8.31,
1998-08-10,,1.6184,146.37,,,0.594,,8.31,
1998-08-03,,1.629,146.3,,,0.5991,,8.31,
1998-07-27,,1.6349,144.65,,,0.607,,8.31,
1998-07-20,,1.6594,140.93,,,0.6196,,8.31,
1998-07-13,,1.6427,139.6,,,0.6267,,8.31,
1998-07-06,,1.6325,141.05,,,0.614,,8.31,
1998-06-29,,1.6471,139.35,,,0.6185,,8.31,
1998-06-22,,1.6608,142.75,,,0.603,,8.31,
1998-06-15,,1.6735,134.2,,,0.627,,8.31,
1998-06-08,,1.6315,144.36,,,0.5925,,8.31,
1998-06-01,,1.6351,139.66,,,0.6005,,8.31,
1998-05-25,,1.6308,138.5,,,0.626,,8.31,
1998-05-18,,1.6318,135.77,,,0.6315,,8.31,
1998-05-11,,1.6278,134.39,,,0.627,,8.31,
1998-05-04,,1.638,132.88,,,0.6355,,8.31,
1998-04-27,,1.6675,133.01,,,0.652,,8.2779,
1998-04-20,,1.6678,130.9,,,0.6507,,8.2786,
1998-04-13,,1.684,131.85,,,0.649,,8.31,
1998-04-06,,1.6718,128.96,,,0.6565,,8.31,
1998-03-30,,1.6575,135.05,,,0.6568,,8.28,
1998-03-23,,1.6825,130.17,,,0.674,,8.31,
1998-03-16,,1.6643,130.34,,,0.6645,,8.31,
1998-03-09,,1.6658,128.23,,,0.676,,8.31,
1998-03-02,,1.6325,128.42,,,0.6675,,8.318,
1998-02-23,,1.6453,126.12,,,0.6785,,8.31,
1998-02-16,,1.6363,127.73,,,0.6716,,8.3092,
1998-02-09,,1.6345,125.37,,,0.6725,,8.3096,
1998-02-02,,1.6475,124.26,,,0.67,,8.3095,
1998-01-26,,1.6325,127.1,,,0.6852,,8.31,
1998-01-19,,1.6687,125.78,,,0.663,,8.31,
1998-01-12,,1.6337,128.88,,,0.6614,,8.3089,
1998-01-05,,1.6165,131.52,,,0.647,,8.31,
1997-12-29,,1.6417,132.4,,,0.65,,8.31,
1997-12-22,,1.6695,130.3,,,0.6559,,8.3093,
1997-12-15,,1.6684,129.1,,,0.653,,8.31,
1997-12-08,,1.6501,130.73,,,0.663,,8.3093,
1997-12-01,,1.6585,130.2,,,0.6712,,8.31,
1997-11-24,,1.6885,127.74,,,0.6825,,8.3096,
1997-11-17,,1.6892,125.85,,,0.699,,8.3102,
1997-11-10,,1.6931,126.78,,,0.696,,8.3106,
1997-11-03,,1.6905,123.97,,,0.694,,8.3117,
1997-10-27,,1.6786,120.39,,,0.703,,8.3134,
1997-10-20,,1.6347,121.73,,,0.7,,8.3133,
1997-10-13,,1.6145,120.19,,,0.7325,,8.3139,
1997-10-06,,1.6207,120.13,,,0.736,,8.3135,
1997-09-29,,1.613,121.93,,,0.7275,,8.3149,
1997-09-22,,1.61,120.87,,,0.7227,,8.315,
1997-09-15,,1.6112,121.93,,,0.7203,,8.3164,
1997-09-08,,1.6085,120.93,,,0.7215,,8.3181,
1997-09-01,,1.592,121.09,,,0.7308,,8.3184,
1997-08-25,,1.6203,120.65,,,0.7345,,8.3184,
1997-08-18,,1.6081,117.26,,,0.7482,,8.319,
1997-08-11,,1.609,117.8,,,0.7428,,8.3119,
1997-08-04,,1.585,115.3,,,0.7337,,8.3197,
1997-07-28,,1.6348,118.47,,,0.7393,,8.3203,
1997-07-21,,1.6628,116.75,,,0.7372,,8.3205,
1997-07-14,,1.6761,115.46,,,0.743,,8.3215,
1997-07-07,,1.6935,113.88,,,0.7404,,8.3206,
1997-06-30,,1.6885,113.46,,,0.7537,,8.3214,
1997-06-23,,1.662,114.67,,,0.7455,,8.329,
1997-06-16,,1.6537,114.62,,,0.7525,,8.3215,
1997-06-09,,1.637,113.5,,,0.7513,,8.323,
1997-06-02,,1.628,115.4,,,0.7608,,8.3232,
1997-05-26,,1.636,116.4,,,0.763,,8.3221,
1997-05-19,,1.6324,115.8,,,0.765,,8.3223,
1997-05-12,,1.6335,115.43,,,0.7748,,8.3218,
1997-05-05,,1.621,120.73,,,0.7784,,8.3231,
1997-04-28,,1.6215,126.57,,,0.784,,8.3245,
1997-04-21,,1.6235,125.88,,,0.7768,,8.3243,
1997-04-14,,1.6315,125.88,,,0.774,,8.3251,
1997-04-07,,1.6245,126.04,,,0.786,,8.3269,
1997-03-31,,1.6389,124.27,,,0.7755,,8.3268,
1997-03-24,,1.6315,123.9,,,0.7835,,8.3264,
1997-03-17,,1.6015,122.82,,,0.7841,,8.3256,
1997-03-10,,1.6022,123.46,,,0.7978,,8.3255,
1997-03-03,,1.6032,121.88,,,0.788,,8.3257,
1997-02-24,,1.6287,120.83,,,0.7765,,8.3254,
1997-02-17,,1.6155,123.28,,,0.777,,8.3241,
1997-02-10,,1.6207,124.06,,,0.7655,,8.3225,
1997-02-03,,1.6228,124.54,,,0.7611,,8.3216,
1997-01-27,,1.6012,121.25,,,0.7625,,8.3234,
1997-01-20,,1.6283,119.06,,,0.772,,8.3251,
1997-01-13,,1.6602,117.11,,,0.78,,8.3256,
1997-01-06,,1.6814,116.1,,,0.7818,,8.3267,
1996-12-30,,1.69,116.33,,,0.7914,,8.3283,
1996-12-23,,1.6917,116.13,,,0.795,,8.3282,
1996-12-16,,1.667,114.25,,,0.7943,,8.327,
1996-12-09,,1.6603,113.8,,,0.7915,,8.329,
1996-12-02,,1.6415,112.84,,,0.7961,,8.3302,
1996-11-25,,1.682,113.88,,,0.8137,,8.3312,
1996-11-18,,1.68,111.41,,,0.812,,8.3317,
1996-11-11,,1.6646,111.3,,,0.79,,8.33,
1996-11-04,,1.647,111.63,,,0.7885,,8.327,
1996-10-28,,1.6358,113.28,,,0.7892,,8.3285,
1996-10-21,,1.6062,113.33,,,0.7918,,8.33,
1996-10-14,,1.5903,112.54,,,0.7962,,8.3278,
1996-10-07,,1.5755,111.66,,,0.7905,,8.3293,
1996-09-30,,1.5623,111.63,,,0.7895,,8.3307,
1996-09-23,,1.563,110.85,,,0.7911,,8.3317,
1996-09-16,,1.5555,109.87,,,0.7903,,8.333,
1996-09-09,,1.5544,110.44,,,0.7927,,8.335,
1996-09-02,,1.5607,109.37,,,0.7975,,8.3357,
1996-08-26,,1.5612,108.7,,,0.791,,8.3363,
1996-08-19,,1.553,108.4,,,0.7903,,8.3371,
1996-08-12,,1.5468,107.96,,,0.7837,,8.3369,
1996-08-05,,1.549,108.12,,,0.7785,,8.339,
1996-07-29,,1.5418,107.05,,,0.773,,8.3404,
1996-07-22,,1.5545,108.33,,,0.7873,,8.3414,
1996-07-15,,1.5466,108.22,,,0.7906,,8.3452,
1996-07-08,,1.5525,110.69,,,0.7973,,8.3359,
1996-07-01,,1.5522,110.95,,,0.796,,8.34,
1996-06-24,,1.5529,109.48,,,0.7856,,8.3421,
1996-06-17,,1.5383,109.1,,,0.7905,,8.3403,
1996-06-10,,1.5358,108.87,,,0.7921,,8.3417,
1996-06-03,,1.541,109.23,,,0.7914,,8.3437,
1996-05-27,,1.5495,107.99,,,0.798,,8.3455,
1996-05-20,,1.511,107.9,,,0.7914,,8.3467,
1996-05-13,,1.515,106.53,,,0.8,,8.3493,
1996-05-06,,1.5223,105.5,,,0.8026,,8.3502,
1996-04-29,,1.5042,104.83,,,0.7955,,8.35,
1996-04-22,,1.5103,105.54,,,0.7883,,8.35,
1996-04-15,,1.5168,107.1,,,0.7815,,8.3506,
1996-04-08,,1.5123,108.67,,,0.79,,8.3522,
1996-04-01,,1.5287,107.67,,,0.7838,,8.3511,
1996-03-25,,1.5262,107,,,0.7815,,8.3538,
1996-03-18,,1.5334,106.8,,,0.7769,,8.353,
1996-03-11,,1.525,105.87,,,0.7734,,8.3517,
1996-03-04,,1.524,105.94,,,0.7678,,8.3439,
1996-02-26,,1.5273,105.7,,,0.7618,,8.3411,
1996-02-19,,1.541,104.73,,,0.756,,8.3352,
1996-02-12,,1.5487,105.35,,,0.755,,8.3336,
1996-02-05,,1.5318,107.1,,,0.7545,,8.3294,
1996-01-29,,1.519,106.7,,,0.7557,,8.3327,
1996-01-22,,1.503,106.6,,,0.7382,,8.3357,
1996-01-15,,1.5093,105.4,,,0.7355,,8.3378,
1996-01-08,,1.5487,105.07,,,0.7445,,8.3404,
1996-01-01,,1.552,105.13,,,0.7475,,8.3404,
1995-12-25,,1.5535,103.28,,,0.7432,,8.3374,
1995-12-18,,1.5425,102.6,,,0.7395,,8.3374,
1995-12-11,,1.5395,102.14,,,0.741,,8.3371,
1995-12-04,,1.5329,100.95,,,0.7377,,8.3338,
1995-11-27,,1.536,101.2,,,0.7372,,8.3327,
1995-11-20,,1.56,101.5,,,0.74,,8.3322,
1995-11-13,,1.5505,102.03,,,0.7405,,8.3332,
1995-11-06,,1.5753,100.95,,,0.7378,,8.334,
1995-10-30,,1.5805,103.88,,,0.758,,8.3347,
1995-10-23,,1.5795,101.71,,,0.754,,8.3344,
1995-10-16,,1.5759,100.25,,,0.7497,,8.3344,
1995-10-09,,1.5725,100.8,,,0.759,,8.3342,
1995-10-02,,1.5812,100.85,,,0.7612,,8.3374,
1995-09-25,,1.5795,99.1,,,0.7555,,8.3385,
1995-09-18,,1.5795,98.5,,,0.7455,,8.3394,
1995-09-11,,1.552,103.52,,,0.7594,,8.3394,
1995-09-04,,1.5482,99.75,,,0.7515,,8.3375,
1995-08-28,,1.5533,97.49,,,0.7494,,8.3292,
1995-08-21,,1.5418,96.64,,,0.7435,,8.3353,
1995-08-14,,1.543,96.95,,,0.7355,,8.3217,
1995-08-07,,1.5776,93.77,,,0.742,,8.3225,
1995-07-31,,1.6073,91.25,,,0.7425,,8.3,
1995-07-24,,1.6003,88.18,,,0.7363,,8.3203,
1995-07-17,,1.594,88.55,,,0.735,,8.3202,
1995-07-10,,1.5945,87.89,,,0.7303,,8.3211,
1995-07-03,,1.5945,86.77,,,0.7157,,8.32,
1995-06-26,,1.5905,84.78,,,0.7108,,8.3211,
1995-06-19,,1.6045,84.5,,,0.7208,,8.3215,
1995-06-12,,1.607,84.66,,,0.7281,,8.3204,
1995-06-05,,1.5945,84.4,,,0.72,,8.32,
1995-05-29,,1.586,84.9,,,0.7165,,8.3218,
1995-05-22,,1.604,82.85,,,0.719,,8.3263,
1995-05-15,,1.5735,86.77,,,0.715,,8.3132,
1995-05-08,,1.571,87,,,0.7407,,8.3028,
1995-05-01,,1.599,84.03,,,0.7417,,8.3642,
1995-04-24,,1.6091,84.04,,,0.7272,,8.4274,
1995-04-17,,1.61,82.92,,,0.7325,,8.443,
1995-04-10,,1.602,83.35,,,0.74,,8.4441,
1995-04-03,,1.6015,84.32,,,0.741,,8.4451,
1995-03-27,,1.619,86.85,,,0.7325,,8.4464,
1995-03-20,,1.588,89.1,,,0.7285,,8.4476,
1995-03-13,,1.582,89.19,,,0.734,,8.4473,
1995-03-06,,1.5802,91.23,,,0.7445,,8.4461,
1995-02-27,,1.621,94.4,,,0.7381,,8.4594,
1995-02-20,,1.5885,97.1,,,0.7373,,8.452,
1995-02-13,,1.5765,97.48,,,0.7375,,8.4552,
1995-02-06,,1.5627,98.86,,,0.7452,,8.456,
1995-01-30,,1.5643,99.75,,,0.7525,,8.4584,
1995-01-23,,1.5885,99.35,,,0.762,,8.4584,
1995-01-16,,1.5877,99.4,,,0.7685,,8.46,
1995-01-09,,1.567,98.77,,,0.757,,8.4611,
1995-01-02,,1.5518,101.37,,,0.766,,8.4626,
1994-12-26,,1.5665,99.6,,,0.7753,,8.4662,
1994-12-19,,1.5445,100.22,,,0.777,,8.4826,
1994-12-12,,1.563,100.28,,,0.775,,8.5035,
1994-12-05,,1.5602,100.22,,,0.7742,,8.5192,
1994-11-28,,1.5602,100.39,,,0.7693,,8.5279,
1994-11-21,,1.563,98.75,,,0.7596,,8.5305,
1994-11-14,,1.568,98.5,,,0.7575,,8.5336,
1994-11-07,,1.5992,97.92,,,0.755,,8.539,
1994-10-31,,1.6105,97.65,,,0.749,,8.5438,
1994-10-24,,1.623,97.4,,,0.7427,,8.5466,
1994-10-17,,1.6255,97.37,,,0.7315,,8.5495,
1994-10-10,,1.591,98.43,,,0.735,,8.5497,
1994-10-03,,1.5865,100.37,,,0.7377,,8.55,
1994-09-26,,1.577,99.05,,,0.74,,8.55,
1994-09-19,,1.5813,97.7,,,0.7393,,8.552,
1994-09-12,,1.584,98.72,,,0.7442,,8.5552,
1994-09-05,,1.5503,99.2,,,0.745,,8.5622,
1994-08-29,,1.5475,99.2,,,0.742,,8.574,
1994-08-22,,1.5355,100.4,,,0.7445,,8.5675,
1994-08-15,,1.549,98.57,,,0.7382,,8.6001,
1994-08-08,,1.545,100.27,,,0.7415,,8.6138,
1994-08-01,,1.5425,100.37,,,0.7415,,8.6255,
1994-07-25,,1.5415,100.05,,,0.7389,,8.6397,
1994-07-18,,1.531,98.55,,,0.7395,,8.6535,
1994-07-11,,1.5574,98.1,,,0.7332,,8.6629,
1994-07-04,,1.5445,98.1,,,0.729,,8.6674,
1994-06-27,,1.539,98.51,,,0.7288,,8.7001,
1994-06-20,,1.5519,100.5,,,0.7278,,8.6744,
1994-06-13,,1.5307,102.75,,,0.732,,8.6771,
1994-06-06,,1.5084,103.7,,,0.734,,8.7083,
1994-05-30,,1.5055,105.38,,,0.7378,,8.709,
1994-05-23,,1.5095,104.3,,,0.7327,,8.6798,
1994-05-16,,1.5098,103.97,,,0.7288,,8.6802,
1994-05-09,,1.4985,104.9,,,0.7224,,8.681,
1994-05-02,,1.4935,102.72,,,0.7155,,8.6864,
1994-04-25,,1.5118,102.05,,,0.7135,,8.7247,
1994-04-18,,1.488,103.6,,,0.7185,,8.7125,
1994-04-11,,1.4729,103.6,,,0.723,,8.7398,
1994-04-04,,1.4763,105.02,,,0.724,,8.7298,
1994-03-28,,1.4735,103.75,,,0.7063,,8.7298,
1994-03-21,,1.4975,104.85,,,0.711,,8.723,
1994-03-14,,1.4925,106.05,,,0.7127,,8.7208,
1994-03-07,,1.501,105.05,,,0.7102,,8.7256,
1994-02-28,,1.4895,105.6,,,0.714,,8.728,
1994-02-21,,1.4875,104.63,,,0.7212,,8.7164,
1994-02-14,,1.4791,104.15,,,0.7135,,8.7238,
1994-02-07,,1.4648,107.67,,,0.7148,,8.7292,
1994-01-31,,1.479,108.98,,,0.7145,,8.7228,
1994-01-24,,1.4995,109.45,,,0.7086,,8.7217,
1994-01-17,,1.4948,111.25,,,0.7025,,8.7257,
1994-01-10,,1.4913,111.24,,,0.69,,8.7217,
1994-01-03,,1.49,111.97,,,0.6865,,8.7117,
1993-12-27,,1.4775,111.7,,,0.6783,,5.8145,
1993-12-20,,1.503,110.95,,,0.6783,,5.8245,
1993-12-13,,1.491,110.1,,,0.679,,5.8245,
1993-12-06,,1.4945,109.18,,,0.6712,,5.8195,
1993-11-29,,1.49,108.46,,,0.669,,5.8195,
1993-11-22,,1.4795,108.75,,,0.662,,5.8195,
1993-11-15,,1.4712,108.3,,,0.6615,,5.8195,
1993-11-08,,1.4818,106.3,,,0.6583,,5.8013,
1993-11-01,,1.4865,108.2,,,0.6737,,5.8013,
1993-10-25,,1.4882,108.35,,,0.6655,,5.8013,
1993-10-18,,1.4725,108.16,,,0.669,,5.8013,
1993-10-11,,1.512,107.08,,,0.662,,5.8013,
1993-10-04,,1.5352,105.57,,,0.658,,5.8013,
1993-09-27,,1.5048,106.05,,,0.6475,,5.8013,
1993-09-20,,1.5013,106.05,,,0.6542,,5.8013,
1993-09-13,,1.5345,104.5,,,0.6512,,5.8013,
1993-09-06,,1.5495,106.2,,,0.6494,,5.8013,
1993-08-30,,1.5262,105.05,,,0.6483,,5.8013,
1993-08-23,,1.5005,104,,,0.666,,5.7963,
1993-08-16,,1.512,104.85,,,0.6771,,5.7963,
1993-08-09,,1.4595,102.18,,,0.678,,5.7963,
1993-08-02,,1.4985,104.45,,,0.6795,,5.7756,
1993-07-26,,1.485,105.05,,,0.688,,5.7756,
1993-07-19,,1.4964,106.8,,,0.678,,5.7756,
1993-07-12,,1.4795,107.8,,,0.6787,,5.7756,
1993-07-05,,1.4779,109.67,,,0.6824,,5.7756,
1993-06-28,,1.5075,108.7,,,0.6692,,5.7756,
1993-06-21,,1.4778,106.15,,,0.6694,,5.7756,
1993-06-14,,1.496,109.5,,,0.6775,,5.7646,
1993-06-07,,1.5245,106.1,,,0.6795,,5.7243,
1993-05-31,,1.517,107.75,,,0.675,,5.7243,
1993-05-24,,1.5605,107.17,,,0.6862,,5.7433,
1993-05-17,,1.5415,110.43,,,0.6948,,5.7433,
1993-05-10,,1.5385,110.85,,,0.7021,,5.7433,
1993-05-03,,1.5715,110.35,,,0.7083,,5.7227,
1993-04-26,,1.5695,111.27,,,0.7045,,5.7076,
1993-04-19,,1.5755,110.62,,,0.7132,,5.7076,
1993-04-12,,1.5255,112.63,,,0.7164,,5.7165,
1993-04-05,,1.5282,113.2,,,0.7085,,5.7333,
1993-03-29,,1.513,114.2,,,0.697,,5.7333,
1993-03-22,,1.4905,116.4,,,0.709,,5.7333,
1993-03-15,,1.4892,115.95,,,0.7157,,5.7442,
1993-03-08,,1.433,117.8,,,0.7108,,5.7443,
1993-03-01,,1.447,117.65,,,0.7077,,5.7443,
1993-02-22,,1.4215,118.1,,,0.6955,,5.7546,
1993-02-15,,1.4525,119.11,,,0.69,,5.7694,
1993-02-08,,1.4175,120.9,,,0.6774,,5.8,
1993-02-01,,1.4475,124.43,,,0.6762,,5.8,
1993-01-25,,1.4855,124.97,,,0.6793,,5.7894,
1993-01-18,,1.532,124.85,,,0.672,,5.7894,
1993-01-11,,1.53,126.1,,,0.674,,5.7744,
1993-01-04,,1.54,125.27,,,0.672,,5.7744,
1992-12-28,,1.513,124.85,,,0.689,,5.7662,
1992-12-21,,1.523,123.9,,,0.6912,,5.7995,
1992-12-14,,1.566,123.28,,,0.6916,,5.8646,
1992-12-07,,1.5578,123.89,,,0.6902,,5.8596,
1992-11-30,,1.557,124.9,,,0.6916,,5.8019,
1992-11-23,,1.5095,124.4,,,0.6893,,5.7097,
1992-11-16,,1.521,124.22,,,0.6843,,5.6741,
1992-11-09,,1.549,123.85,,,0.6936,,5.5881,
1992-11-02,,1.5365,123.2,,,0.7003,,5.5789,
1992-10-26,,1.5625,123.3,,,0.6952,,5.5654,
1992-10-19,,1.613,121.77,,,0.7184,,5.5654,
1992-10-12,,1.6555,119.85,,,0.7196,,5.5539,
1992-10-05,,1.6975,122,,,0.7176,,5.5539,
1992-09-28,,1.706,119.35,,,0.7165,,5.514,
1992-09-21,,1.714,120.5,,,0.7225,,5.5328,
1992-09-14,,1.737,124.63,,,0.7325,,5.5288,
1992-09-07,,1.9235,124.23,,,0.7254,,5.5166,
1992-08-31,,1.9945,123.22,,,0.72,,5.4788,
1992-08-24,,1.9825,123.26,,,0.717,,5.4199,
1992-08-17,,1.9475,126.07,,,0.7207,,5.4436,
1992-08-10,,1.916,126.25,,,0.7211,,5.4548,
1992-08-03,,1.929,127.5,,,0.7372,,5.4622,
1992-07-27,,1.92,127.35,,,0.7443,,5.4335,
1992-07-20,,1.8985,127.67,,,0.746,,5.4335,
1992-07-13,,1.9495,124.55,,,0.7443,,5.4421,
1992-07-06,,1.921,125.4,,,0.7463,,5.472,
1992-06-29,,1.9085,124.8,,,0.7444,,5.4758,
1992-06-22,,1.891,125.72,,,0.7465,,5.4758,
1992-06-15,,1.8595,126.93,,,0.7522,,5.4884,
1992-06-08,,1.8515,126.65,,,0.7586,,5.4937,
1992-06-01,,1.836,126.8,,,0.763,,5.4987,
1992-05-25,,1.829,127.75,,,0.7568,,5.5048,
1992-05-18,,1.8142,129.4,,,0.7573,,5.5138,
1992-05-11,,1.8185,130.25,,,0.7574,,5.5138,
1992-05-04,,1.7875,133.4,,,0.7541,,5.5338,
1992-04-27,,1.786,132.75,,,0.7555,,5.5239,
1992-04-20,,1.772,134.53,,,0.754,,5.5254,
1992-04-13,,1.745,134,,,0.767,,5.5328,
1992-04-06,,1.7652,132.9,,,0.7637,,5.4792,
1992-03-30,,1.743,133.25,,,0.7665,,5.4812,
1992-03-23,,1.7395,133.12,,,0.7659,,5.4837,
1992-03-16,,1.706,134.15,,,0.7593,,5.4929,
1992-03-09,,1.7115,133.6,,,0.7547,,5.4892,
1992-03-02,,1.718,131.76,,,0.7552,,5.4887,
1992-02-24,,1.756,129.15,,,0.7538,,5.483,
1992-02-17,,1.7465,128.72,,,0.7534,,5.4837,
1992-02-10,,1.7685,127.93,,,0.754,,5.4837,
1992-02-03,,1.8375,125.22,,,0.751,,5.4686,
1992-01-27,,1.789,125.55,,,0.7521,,5.4686,
1992-01-20,,1.8055,123.42,,,0.7398,,5.4668,
1992-01-13,,1.777,127.45,,,0.743,,5.4686,
1992-01-06,,1.792,127.05,,,0.7365,,5.4591,
1991-12-30,,1.845,124.8,,,0.7572,,5.4559,
1991-12-23,,1.8768,125.57,,,0.7624,,5.4292,
1991-12-16,,1.86,127.57,,,0.767,,5.4261,
1991-12-09,,1.8185,128.8,,,0.7705,,5.4207,
1991-12-02,,1.81,128.2,,,0.7784,,5.4115,
1991-11-25,,1.7655,130.08,,,0.7844,,5.4115,
1991-11-18,,1.7975,129.53,,,0.7915,,5.402,
1991-11-11,,1.769,130.05,,,0.7851,,5.3976,
1991-11-04,,1.768,130.32,,,0.7854,,5.3975,
1991-10-28,,1.7498,130.3,,,0.781,,5.3944,
1991-10-21,,1.711,131.4,,,0.7855,,5.3944,
1991-10-14,,1.725,129.77,,,0.798,,5.3944,
1991-10-07,,1.719,129.73,,,0.797,,5.3944,
1991-09-30,,1.739,130.03,,,0.794,,5.3854,
1991-09-23,,1.737,133.4,,,0.7965,,5.3899,
1991-09-16,,1.7285,134.37,,,0.7974,,5.3899,
1991-09-09,,1.7325,133.98,,,0.7963,,5.3835,
1991-09-02,,1.6975,136.15,,,0.7867,,5.3862,
1991-08-26,,1.68,136.85,,,0.7852,,5.3862,
1991-08-19,,1.6715,137.1,,,0.7855,,5.3862,
1991-08-12,,1.662,137.25,,,0.7776,,5.3696,
1991-08-05,,1.695,136.9,,,0.7835,,5.3618,
1991-07-29,,1.6945,136.74,,,0.779,,5.3605,
1991-07-22,,1.6875,137.9,,,0.7758,,5.3605,
1991-07-15,,1.691,136.45,,,0.7785,,5.3679,
1991-07-08,,1.6505,136.75,,,0.77,,5.3742,
1991-07-01,,1.615,138.35,,,0.7651,,5.3847,
1991-06-24,,1.618,137.9,,,0.767,,5.369,
1991-06-17,,1.631,139,,,0.765,,5.369,
1991-06-10,,1.639,140.55,,,0.7545,,5.3737,
1991-06-03,,1.671,140.31,,,0.7515,,5.3585,
1991-05-27,,1.698,138.45,,,0.7594,,5.349,
1991-05-20,,1.731,138.4,,,0.759,,5.3359,
1991-05-13,,1.7135,138.5,,,0.7825,,5.3201,
1991-05-06,,1.719,138.75,,,0.7838,,5.3264,
1991-04-29,,1.695,138.55,,,0.7764,,5.3007,
1991-04-22,,1.686,138.13,,,0.7795,,5.3036,
1991-04-15,,1.719,138.58,,,0.7728,,5.2979,
1991-04-08,,1.7775,136.3,,,0.7844,,5.2827,
1991-04-01,,1.7705,136.9,,,0.786,,5.2352,
1991-03-25,,1.7485,140.6,,,0.773,,5.2352,
1991-03-18,,1.7895,137.2,,,0.773,,5.2352,
1991-03-11,,1.8305,137.2,,,0.7713,,5.2352,
1991-03-04,,1.8718,136.25,,,0.7678,,5.2352,
1991-02-25,,1.898,134.55,,,0.7848,,5.2352,
1991-02-18,,1.9437,132.2,,,0.7838,,5.2352,
1991-02-11,,1.9705,130.45,,,0.7886,,5.2352,
1991-02-04,,1.987,127.9,,,0.7796,,5.2352,
1991-01-28,,1.9763,131.45,,,0.782,,5.2352,
1991-01-21,,1.9575,132.27,,,0.776,,5.2352,
1991-01-14,,1.9416,132.8,,,0.7778,,5.2352,
1991-01-07,,1.907,134.25,,,0.7728,,5.2352,
1990-12-31,,1.932,135.1,,,0.7793,,5.2352,
1990-12-24,,1.921,135.12,,,0.77,,5.2352,
1990-12-17,,1.885,135.6,,,0.773,,5.2352,
1990-12-10,,1.9391,132.95,,,0.7675,,5.2352,
1990-12-03,,1.95,131.05,,,0.7735,,5.2352,
1990-11-26,,1.9392,133.1,,,0.774,,5.2352,
1990-11-19,,1.967,127.35,,,0.7658,,5.2352,
1990-11-12,,1.966,129.43,,,0.7695,,4.7339,
1990-11-05,,1.9665,129.73,,,0.7794,,4.7339,
1990-10-29,,1.9515,128.6,,,0.7765,,4.7339,
1990-10-22,,1.956,128,,,0.7812,,4.7339,
1990-10-15,,1.9595,125.75,,,0.782,,4.7339,
1990-10-08,,1.9732,128.65,,,0.8183,,4.7339,
1990-10-01,,1.9465,132.4,,,0.8351,,4.7339,
1990-09-24,,1.8735,138.27,,,0.8254,,4.7339,
1990-09-17,,1.846,136.9,,,0.8288,,4.7339,
1990-09-10,,1.8985,136.67,,,0.8267,,4.7339,
1990-09-03,,1.894,140.1,,,0.8208,,4.7339,
1990-08-27,,1.892,143.93,,,0.816,,4.7339,
1990-08-20,,1.9453,146.55,,,0.833,,4.7339,
1990-08-13,,1.919,147.57,,,0.807,,4.7339,
1990-08-06,,1.8713,150.15,,,0.7977,,4.7339,
1990-07-30,,1.8565,149.9,,,0.785,,4.7339,
1990-07-23,,1.8335,149.6,,,0.7897,,4.7339,
1990-07-16,,1.8143,148.97,,,0.7838,,4.7339,
1990-07-09,,1.806,147.5,,,0.7804,,4.7339,
1990-07-02,,1.7865,151.03,,,0.7974,,4.7339,
1990-06-25,,1.745,152.35,,,0.7916,,4.7339,
1990-06-18,,1.733,154.75,,,0.7852,,4.7339,
1990-06-11,,1.7055,154.2,,,0.7756,,4.7339,
1990-06-04,,1.6848,153.53,,,0.7725,,4.7339,
1990-05-28,,1.6838,151.39,,,0.7693,,4.7339,
1990-05-21,,1.6892,149.69,,,0.7668,,4.7339,
1990-05-14,,1.6908,152.85,,,0.7605,,4.7339,
1990-05-07,,1.6813,152.73,,,0.76,,4.7339,
1990-04-30,,1.66,158.35,,,0.7546,,4.7339,
1990-04-23,,1.636,158.9,,,0.7503,,4.7339,
1990-04-16,,1.6353,157.85,,,0.7705,,4.7339,
1990-04-09,,1.6385,158.75,,,0.765,,4.7339,
1990-04-02,,1.6385,157.65,,,0.765,,4.7339,
1990-03-26,,1.648,157.82,,,0.7548,,4.7339,
1990-03-19,,1.604,153.9,,,0.7474,,4.7339,
1990-03-12,,1.6235,152.38,,,0.7536,,4.7339,
1990-03-05,,1.6181,151.34,,,0.7607,,4.7339,
1990-02-26,,1.651,150.28,,,0.7596,,4.7339,
1990-02-19,,1.71,146.92,,,0.7652,,4.7339,
1990-02-12,,1.6955,144.15,,,0.7567,,4.7339,
1990-02-05,,1.6925,145.2,,,0.7493,,4.7339,
1990-01-29,,1.6817,145.38,,,0.7735,,4.7339,
1990-01-22,,1.657,143.35,,,0.7605,,4.7339,
1990-01-15,,1.6465,145.65,,,0.7935,,4.7339,
1990-01-08,,1.6695,145.4,,,0.7939,,4.7339,
1990-01-01,,1.637,143.82,,,0.786,,4.7339,
1989-12-25,,1.6145,143.8,,,0.7893,,4.7339,
1989-12-18,,1.621,142.88,,,0.7885,,4.7339,
1989-12-11,,1.6045,144.15,,,0.7837,,3.7314,
1989-12-04,,1.5742,144.28,,,0.7825,,3.7314,
1989-11-27,,1.566,143.1,,,0.78,,3.7314,
1989-11-20,,1.562,143.5,,,0.7832,,3.7314,
1989-11-13,,1.5675,144.4,,,0.7825,,3.7314,
1989-11-06,,1.5763,143.3,,,0.7859,,3.7314,
1989-10-30,,1.5705,143.18,,,0.7797,,3.7314,
1989-10-23,,1.575,142,,,0.7775,,3.7314,
1989-10-16,,1.59,142.3,,,0.7717,,3.7314,
1989-10-09,,1.564,143.2,,,0.7683,,3.7314,
1989-10-02,,1.6025,142.8,,,0.7823,,3.7314,
1989-09-25,,1.6145,139.6,,,0.7748,,3.7314,
1989-09-18,,1.5755,145.6,,,0.7833,,3.7314,
1989-09-11,,1.538,148.75,,,0.7725,,3.7314,
1989-09-04,,1.548,146.3,,,0.7665,,3.7314,
1989-08-28,,1.557,145.85,,,0.7593,,3.7314,
1989-08-21,,1.572,143.3,,,0.758,,3.7314,
1989-08-14,,1.5685,145.85,,,0.7756,,3.7314,
1989-08-07,,1.585,141.94,,,0.759,,3.7314,
1989-07-31,,1.6145,139.45,,,0.7649,,3.7314,
1989-07-24,,1.6445,139.58,,,0.748,,3.7314,
1989-07-17,,1.62,141.92,,,0.7493,,3.7314,
1989-07-10,,1.6125,140.5,,,0.7557,,3.7314,
1989-07-03,,1.6235,139.8,,,0.7663,,3.7314,
1989-06-26,,1.549,144,,,0.7557,,3.7314,
1989-06-19,,1.567,138.5,,,0.772,,3.7318,
1989-06-12,,1.534,145.55,,,0.7527,,3.7314,
1989-06-05,,1.554,146.15,,,0.745,,3.7314,
1989-05-29,,1.592,141.75,,,0.7585,,3.7314,
1989-05-22,,1.588,141.43,,,0.752,,3.7314,
1989-05-15,,1.619,138.8,,,0.7628,,3.7314,
1989-05-08,,1.6593,135.95,,,0.7825,,3.7314,
1989-05-01,,1.6732,134.33,,,0.799,,3.7314,
1989-04-24,,1.689,132.85,,,0.794,,3.7314,
1989-04-17,,1.714,131.45,,,0.795,,3.7314,
1989-04-10,,1.6988,132.15,,,0.8094,,3.7314,
1989-04-03,,1.697,132.45,,,0.8057,,3.7314,
1989-03-27,,1.6852,132.77,,,0.819,,3.7314,
1989-03-20,,1.719,131.5,,,0.827,,3.7314,
1989-03-13,,1.713,131.6,,,0.8213,,3.7314,
1989-03-06,,1.7155,129.5,,,0.8216,,3.7314,
1989-02-27,,1.723,127.7,,,0.8128,,3.7314,
1989-02-20,,1.753,126.32,,,0.8237,,3.7314,
1989-02-13,,1.776,125.9,,,0.823,,3.7314,
1989-02-06,,1.7543,128.49,,,0.8855,,3.7314,
1989-01-30,,1.7415,129.65,,,0.8767,,3.7314,
1989-01-23,,1.758,129.24,,,0.8745,,3.7314,
1989-01-16,,1.7685,128.27,,,0.872,,3.7314,
1989-01-09,,1.7787,126.7,,,0.8665,,3.7314,
1989-01-02,,1.78,126.62,,,0.8625,,3.7314,
1988-12-26,,1.8085,125.05,,,0.8535,,3.7314,
1988-12-19,,1.8,124.85,,,0.8505,,3.7314,
1988-12-12,,1.811,124.5,,,0.8465,,3.7314,
1988-12-05,,1.849,122.35,,,0.8677,,3.7314,
1988-11-28,,1.856,121.47,,,0.8708,,3.7314,
1988-11-21,,1.844,121.1,,,0.8731,,3.7314,
1988-11-14,,1.816,122.65,,,0.8552,,3.7314,
1988-11-07,,1.7955,123.98,,,0.8435,,3.7314,
1988-10-31,,1.765,125.32,,,0.8281,,3.7314,
1988-10-24,,1.768,125.85,,,0.8221,,3.7314,
1988-10-17,,1.762,126.35,,,0.8208,,3.7314,
1988-10-10,,1.7555,127.15,,,0.8133,,3.7314,
1988-10-03,,1.698,133.3,,,0.7988,,3.7314,
1988-09-26,,1.691,133.9,,,0.783,,3.7314,
1988-09-19,,1.6715,134.47,,,0.784,,3.7314,
1988-09-12,,1.6754,134.3,,,0.7954,,3.7314,
1988-09-05,,1.6968,133.62,,,0.8047,,3.7314,
1988-08-29,,1.683,136.1,,,0.7956,,3.7314,
1988-08-22,,1.6908,133.66,,,0.8111,,3.7314,
1988-08-15,,1.7025,133.45,,,0.8144,,3.7314,
1988-08-08,,1.7155,133.15,,,0.8005,,3.7314,
1988-08-01,,1.6928,133.68,,,0.803,,3.7314,
1988-07-25,,1.71,133.05,,,0.8025,,3.7314,
1988-07-18,,1.74,130.7,,,0.8119,,3.7314,
1988-07-11,,1.663,135.3,,,0.7865,,3.7314,
1988-07-04,,1.7015,133.23,,,0.7965,,3.7314,
1988-06-27,,1.701,134.1,,,0.7899,,3.7314,
1988-06-20,,1.725,130.6,,,0.8236,,3.7314,
1988-06-13,,1.7825,125.87,,,0.814,,3.7314,
1988-06-06,,1.817,124.92,,,0.808,,3.7314,
1988-05-30,,1.794,125.97,,,0.8065,,3.7314,
1988-05-23,,1.8555,125,,,0.805,,3.7314,
1988-05-16,,1.8618,124.84,,,0.7831,,3.7314,
1988-05-09,,1.891,124.68,,,0.7733,,3.7314,
1988-05-02,,1.862,124.88,,,0.768,,3.7314,
1988-04-25,,1.8785,124.92,,,0.7576,,3.7314,
1988-04-18,,1.889,124.7,,,0.7563,,3.7314,
1988-04-11,,1.8885,123.88,,,0.7475,,3.7314,
1988-04-04,,1.8752,125.55,,,0.7409,,3.7314,
1988-03-28,,1.89,124,,,0.7415,,3.7314,
1988-03-21,,1.836,125.35,,,0.7385,,3.7314,
1988-03-14,,1.8205,128.35,,,0.7381,,3.7314,
1988-03-07,,1.8525,127.38,,,0.7314,,3.7314,
1988-02-29,,1.774,128.75,,,0.7262,,3.7314,
1988-02-22,,1.7732,128.19,,,0.719,,3.7314,
1988-02-15,,1.749,130.05,,,0.7185,,3.7314,
1988-02-08,,1.7395,131.15,,,0.7066,,3.7314,
1988-02-01,,1.755,129.05,,,0.7105,,3.7314,
1988-01-25,,1.7691,127.75,,,0.708,,3.7314,
1988-01-18,,1.7823,127.85,,,0.714,,3.7314,
1988-01-11,,1.7755,130.5,,,0.702,,3.7314,
1988-01-04,,1.806,129.15,,,0.7058,,3.7314,
1987-12-28,,1.886,121.25,,,0.722,,3.7314,
1987-12-21,,1.8315,126.12,,,0.7145,,3.7314,
1987-12-14,,1.8258,127.1,,,0.7125,,3.7314,
1987-12-07,,1.838,128.5,,,0.7137,,3.7314,
1987-11-30,,1.798,132.85,,,0.6963,,3.7314,
1987-11-23,,1.8105,133.7,,,0.6942,,3.7314,
1987-11-16,,1.779,135.45,,,0.6895,,3.7314,
1987-11-09,,1.768,135.85,,,0.6858,,3.7314,
1987-11-02,,1.7825,135.4,,,0.6838,,3.7314,
1987-10-26,,1.7215,138.4,,,0.67,,3.7314,
1987-10-19,,1.675,142.85,,,0.7162,,3.7314,
1987-10-12,,1.6645,142.75,,,0.721,,3.7314,
1987-10-05,,1.6507,143.85,,,0.7244,,3.7314,
1987-09-28,,1.6212,146.4,,,0.7138,,3.7314,
1987-09-21,,1.6417,143.67,,,0.7245,,3.7314,
1987-09-14,,1.6553,142.67,,,0.7347,,3.7314,
1987-09-07,,1.65,142.8,,,0.7305,,3.7314,
1987-08-31,,1.6538,141.75,,,0.7234,,3.7314,
1987-08-24,,1.6325,142,,,0.7115,,3.7314,
1987-08-17,,1.629,142.75,,,0.7123,,3.7314,
1987-08-10,,1.589,150,,,0.7084,,3.7314,
1987-08-03,,1.5667,151.57,,,0.6994,,3.7314,
1987-07-27,,1.591,149.9,,,0.6982,,3.7314,
1987-07-20,,1.603,149.95,,,0.7076,,3.7314,
1987-07-13,,1.6075,152.76,,,0.7098,,3.7314,
1987-07-06,,1.6135,150.65,,,0.7077,,3.7314,
1987-06-29,,1.61,148.82,,,0.7185,,3.7314,
1987-06-22,,1.6105,146.3,,,0.7191,,3.7314,
1987-06-15,,1.616,145.05,,,0.7211,,3.7314,
1987-06-08,,1.652,143.85,,,0.7182,,3.7314,
1987-06-01,,1.631,143.8,,,0.7139,,3.7314,
1987-05-25,,1.6295,144.1,,,0.7122,,3.7314,
1987-05-18,,1.673,140.6,,,0.7203,,3.7314,
1987-05-11,,1.6783,139.8,,,0.7176,,3.7314,
1987-05-04,,1.6745,139.6,,,0.7117,,3.7314,
1987-04-27,,1.6685,140.35,,,0.7018,,3.7314,
1987-04-20,,1.657,139.75,,,0.7094,,3.7314,
1987-04-13,,1.63,143.2,,,0.712,,3.7314,
1987-04-06,,1.625,142.55,,,0.7182,,3.7314,
1987-03-30,,1.6095,146.2,,,0.7097,,3.7314,
1987-03-23,,1.603,147.72,,,0.698,,3.7314,
1987-03-16,,1.6022,151.7,,,0.6857,,3.7314,
1987-03-09,,1.575,152.65,,,0.6775,,3.7314,
1987-03-02,,1.589,153.47,,,0.6775,,3.7314,
1987-02-23,,1.546,153.27,,,0.677,,3.7314,
1987-02-16,,1.5283,153.65,,,0.6648,,3.7314,
1987-02-09,,1.52,153.7,,,0.6643,,3.7314,
1987-02-02,,1.5065,154.45,,,0.6693,,3.7314,
1987-01-26,,1.514,153.65,,,0.6618,,3.7314,
1987-01-19,,1.5205,153.08,,,0.6615,,3.7314,
1987-01-12,,1.5155,153.4,,,0.6521,,3.7314,
1987-01-05,,1.478,158.2,,,0.667,,3.7314,
1986-12-29,,1.49,158.25,,,0.6658,,3.7314,
1986-12-22,,1.458,159.75,,,0.661,,3.7314,
1986-12-15,,1.4325,162.2,,,0.6694,,3.7314,
1986-12-08,,1.4273,163.05,,,0.6586,,3.7314,
1986-12-01,,1.4285,162.42,,,0.6535,,3.7314,
1986-11-24,,1.4335,162.05,,,0.6504,,3.7314,
1986-11-17,,1.423,164.05,,,0.6442,,3.7314,
1986-11-10,,1.4303,161.45,,,0.6453,,3.7314,
1986-11-03,,1.4258,163.2,,,0.6438,,3.7314,
1986-10-27,,1.4055,163.4,,,0.6408,,3.7314,
1986-10-20,,1.4125,161.35,,,0.6415,,3.724,
1986-10-13,,1.4315,154.23,,,0.6378,,3.724,
1986-10-06,,1.4335,154.45,,,0.6385,,3.724,
1986-09-29,,1.4425,154.17,,,0.6343,,3.724,
1986-09-22,,1.4365,154.35,,,0.6292,,3.724,
1986-09-15,,1.4755,152,,,0.6283,,3.7129,
1986-09-08,,1.476,155.35,,,0.6196,,3.7129,
1986-09-01,,1.495,155.4,,,0.6161,,3.7129,
1986-08-25,,1.488,154.55,,,0.609,,3.7129,
1986-08-18,,1.4865,153.45,,,0.607,,3.7129,
1986-08-11,,1.494,154.2,,,0.6233,,3.7129,
1986-08-04,,1.473,154.15,,,0.6084,,3.7129,
1986-07-28,,1.485,153.85,,,0.6052,,3.7129,
1986-07-21,,1.4825,157.7,,,0.6015,,3.7129,
1986-07-14,,1.5045,156.45,,,0.6382,,3.7129,
1986-07-07,,1.504,161.35,,,0.6381,,3.7129,
1986-06-30,,1.5455,161.4,,,0.6345,,3.2063,
1986-06-23,,1.529,165.45,,,0.6703,,3.2095,
1986-06-16,,1.499,167.7,,,0.6906,,3.2127,
1986-06-09,,1.5235,165.25,,,0.6927,,3.2095,
1986-06-02,,1.5045,167.7,,,0.699,,3.2095,
1986-05-26,,1.4723,174.5,,,0.7148,,3.2191,
1986-05-19,,1.494,169.6,,,0.7173,,3.2095,
1986-05-12,,1.5255,165.4,,,0.7208,,3.1935,
1986-05-05,,1.5425,162.35,,,0.7448,,3.1967,
1986-04-28,,1.522,169.9,,,0.7347,,3.2031,
1986-04-21,,1.544,168.1,,,0.7307,,3.1999,
1986-04-14,,1.518,173.8,,,0.7175,,3.2095,
1986-04-07,,1.476,178.35,,,0.716,,3.2159,
1986-03-31,,1.451,180.35,,,0.717,,3.2288,
1986-03-24,,1.474,179.85,,,0.7125,,3.23,
1986-03-17,,1.5015,175.8,,,0.7137,,3.2191,
1986-03-10,,1.461,177.15,,,0.7032,,3.2191,
1986-03-03,,1.4525,179.45,,,0.7021,,3.2159,
1986-02-24,,1.446,180.55,,,0.6993,,3.2159,
1986-02-17,,1.4465,182.98,,,0.7025,,3.2159,
1986-02-10,,1.4183,182,,,0.7018,,3.2159,
1986-02-03,,1.399,191.35,,,0.6943,,3.2159,
1986-01-27,,1.412,192.3,,,0.7138,,3.2095,
1986-01-20,,1.394,196.05,,,0.7115,,3.2095,
1986-01-13,,1.4367,202.52,,,0.6988,,3.2095,
1986-01-06,,1.4545,202.35,,,0.6956,,3.2095,
1985-12-30,,1.438,202.53,,,0.681,,3.2095,
1985-12-23,,1.436,202.2,,,0.6822,,3.2095,
1985-12-16,,1.425,202.7,,,0.6827,,3.2095,
1985-12-09,,1.4365,202.8,,,0.6853,,3.2095,
1985-12-02,,1.4785,203.4,,,0.681,,3.2095,
1985-11-25,,1.489,202.1,,,0.6859,,3.2095,
1985-11-18,,1.455,201.35,,,0.6883,,3.2095,
1985-11-11,,1.4217,204.3,,,0.673,,3.2095,
1985-11-04,,1.4167,205.85,,,0.673,,3.2095,
1985-10-28,,1.441,209,,,0.6975,,3.2095,
1985-10-21,,1.422,214.9,,,0.6992,,3.1588,
1985-10-14,,1.428,215.15,,,0.7047,,3.0627,
1985-10-07,,1.4115,214.65,,,0.7033,,3.0536,
1985-09-30,,1.4155,213.45,,,0.7077,,3.0023,
1985-09-23,,1.4025,220.1,,,0.711,,2.9755,
1985-09-16,,1.367,240.1,,,0.6985,,2.9905,
1985-09-09,,1.34,242,,,0.678,,2.9786,
1985-09-02,,1.325,243.6,,,0.6843,,2.9608,
1985-08-26,,1.391,239,,,0.7015,,2.9168,
1985-08-19,,1.401,236.5,,,0.704,,2.9168,
1985-08-12,,1.3995,236.85,,,0.7028,,2.9081,
1985-08-05,,1.3575,238.55,,,0.708,,2.9081,
1985-07-29,,1.371,237.45,,,0.7175,,2.9051,
1985-07-22,,1.409,239.25,,,0.707,,2.885,
1985-07-15,,1.399,238.75,,,0.7165,,2.8764,
1985-07-08,,1.385,240.95,,,0.7004,,2.8793,
1985-07-01,,1.327,247,,,0.675,,2.8851,
1985-06-24,,1.3095,248.4,,,0.6685,,2.8851,
1985-06-17,,1.287,248.15,,,0.6655,,2.8851,
1985-06-10,,1.28,248.75,,,0.666,,2.865,
1985-06-03,,1.268,249.55,,,0.6643,,2.865,
1985-05-27,,1.286,251.2,,,0.6632,,2.8508,
1985-05-20,,1.2585,251.1,,,0.6815,,2.8451,
1985-05-13,,1.265,250.7,,,0.6838,,2.8451,
1985-05-06,,1.2335,252.4,,,0.6925,,2.8593,
1985-04-29,,1.207,253.85,,,0.66,,2.8593,
1985-04-22,,1.216,252.95,,,0.665,,2.868,
1985-04-15,,1.293,247.4,,,0.644,,2.831,
1985-04-08,,1.2545,251.35,,,0.6695,,2.8381,
1985-04-01,,1.1985,254.85,,,0.652,,2.858,
1985-03-25,,1.236,251,,,0.7,,2.8269,
1985-03-18,,1.1725,255.65,,,0.7,,2.8385,
1985-03-11,,1.084,260.55,,,0.6888,,2.8641,
1985-03-04,,1.064,261.63,,,0.69,,2.8758,
1985-02-25,,1.072,260.35,,,0.7085,,2.8559,
1985-02-18,,1.0765,262.8,,,0.704,,2.8418,
1985-02-11,,1.102,257.85,,,0.738,,2.8475,
1985-02-04,,1.109,260.7,,,0.77,,2.8167,
1985-01-28,,1.124,256.75,,,0.8082,,2.8167,
1985-01-21,,1.11,253.95,,,0.8155,,2.8167,
1985-01-14,,1.1195,254.58,,,0.8148,,2.8167,
1985-01-07,,1.1245,253.83,,,0.822,,2.8167,
1984-12-31,,1.1535,253.2,,,0.8123,,2.8167,
1984-12-24,,1.163,250.45,,,0.8283,,2.8027,
1984-12-17,,1.173,247.95,,,0.8337,,2.7971,
1984-12-10,,1.1935,247.75,,,0.8365,,2.7971,
1984-12-03,,1.2035,247.4,,,0.8488,,2.7831,
1984-11-26,,1.197,247.5,,,0.8572,,2.7953,
1984-11-19,,1.22,245.4,,,0.8568,,2.7217,
1984-11-12,,1.254,242.8,,,0.8599,,2.6682,
1984-11-05,,1.2605,241,,,0.86,,2.6051,
1984-10-29,,1.251,242,,,0.8584,,2.5939,
1984-10-22,,1.222,245.5,,,0.848,,2.6129,
1984-10-15,,1.1915,247.25,,,0.8336,,2.6984,
1984-10-08,,1.223,248.1,,,0.8315,,2.672,
1984-10-01,,1.2375,246.95,,,0.833,,2.6079,
1984-09-24,,1.234,246.9,,,0.829,,2.5746,
1984-09-17,,1.245,244.4,,,0.833,,2.6331,
1984-09-10,,1.266,245.65,,,0.8315,,2.5494,
1984-09-03,,1.273,245.8,,,0.828,,2.488,
1984-08-27,,1.3075,241.9,,,0.8488,,2.4196,
1984-08-20,,1.305,241.2,,,0.8555,,2.4028,
1984-08-13,,1.322,241.1,,,0.8525,,2.3625,
1984-08-06,,1.3125,242.5,,,0.843,,2.3306,
1984-07-30,,1.327,241.8,,,0.843,,2.3327,
1984-07-23,,1.311,245.4,,,0.828,,2.3258,
1984-07-16,,1.3232,245.2,,,0.8273,,2.3028,
1984-07-09,,1.3235,241.45,,,0.8355,,2.2983,
1984-07-02,,1.3162,241.25,,,0.842,,2.2869,
1984-06-25,,1.3575,237.3,,,0.8615,,2.2529,
1984-06-18,,1.3633,235.95,,,0.8685,,2.2417,
1984-06-11,,1.3785,233,,,0.8855,,2.2085,
1984-06-04,,1.3935,231.72,,,0.897,,2.193,
1984-05-28,,1.4035,230.15,,,0.9033,,2.2173,
1984-05-21,,1.383,231.7,,,0.898,,2.2063,
1984-05-14,,1.3867,233.35,,,0.8941,,2.2042,
1984-05-07,,1.3835,230.3,,,0.9006,,2.1845,
1984-04-30,,1.408,226.85,,,0.9263,,2.1414,
1984-04-23,,1.4015,226.55,,,0.919,,2.1329,
1984-04-16,,1.416,225.1,,,0.9225,,2.1055,
1984-04-09,,1.429,224.7,,,0.9177,,2.0846,
1984-04-02,,1.43,225.35,,,0.9208,,2.0846,
1984-03-26,,1.4375,224.75,,,0.9362,,2.0639,
1984-03-19,,1.436,225.63,,,0.942,,2.0847,
1984-03-12,,1.445,225.85,,,0.9635,,2.0662,
1984-03-05,,1.4625,224.8,,,0.9542,,2.0498,
1984-02-27,,1.481,228.2,,,0.9439,,2.0519,
1984-02-20,,1.4725,233.2,,,0.9435,,2.0519,
1984-02-13,,1.451,233.2,,,0.9454,,2.0519,
1984-02-06,,1.4143,234.6,,,0.9303,,2.0768,
1984-01-30,,1.431,232.7,,,0.9215,,2.0623,
1984-01-23,,1.4035,234.28,,,0.9158,,2.079,
1984-01-16,,1.4005,234.5,,,0.9022,,2.0563,
1984-01-09,,1.41,233.4,,,0.9075,,2.0461,
1984-01-02,,1.407,232.7,,,0.9095,,2.0259,
1983-12-26,,1.4515,231.7,,,0.8965,,1.9859,
1983-12-19,,1.4315,233.9,,,0.9,,1.9939,
1983-12-12,,1.415,235.5,,,0.893,,1.9939,
1983-12-05,,1.435,236.9,,,0.909,,1.9939,
1983-11-28,,1.4572,233.4,,,0.917,,1.986,
1983-11-21,,1.4595,235.1,,,0.9152,,1.994,
1983-11-14,,1.4695,235.95,,,0.9178,,1.994,
1983-11-07,,1.491,234.45,,,0.9169,,1.994,
1983-10-31,,1.488,236.65,,,0.911,,1.994,
1983-10-24,,1.495,232.7,,,0.9186,,1.9722,
1983-10-17,,1.5018,232.38,,,0.9216,,1.9722,
1983-10-10,,1.4994,232.8,,,0.9113,,1.9624,
1983-10-03,,1.509,230.85,,,0.9142,,1.9605,
1983-09-26,,1.4977,235.65,,,0.8971,,1.9802,
1983-09-19,,1.5027,239.6,,,0.8948,,1.9922,
1983-09-12,,1.502,243.55,,,0.8861,,1.9902,
1983-09-05,,1.494,244.55,,,0.8796,,1.9902,
1983-08-29,,1.495,246.8,,,0.8762,,1.9902,
1983-08-22,,1.5045,245.65,,,0.8824,,1.9704,
1983-08-15,,1.517,244,,,0.8834,,1.9606,
1983-08-08,,1.4815,247.05,,,0.8715,,1.9985,
1983-08-01,,1.485,243.9,,,0.8746,,1.9985,
1983-07-25,,1.52,241.75,,,0.8801,,1.9985,
1983-07-18,,1.5205,240.25,,,0.8793,,1.9986,
1983-07-11,,1.5165,241.25,,,0.8705,,1.9986,
1983-07-04,,1.5415,241.35,,,0.8733,,1.9987,
1983-06-27,,1.531,239.15,,,0.8762,,1.9888,
1983-06-20,,1.5455,237.3,,,0.8787,,1.9869,
1983-06-13,,1.523,239.9,,,0.8753,,1.9989,
1983-06-06,,1.5705,242.18,,,0.8767,,1.9989,
1983-05-30,,1.565,239,,,0.8806,,1.9989,
1983-05-23,,1.6018,237.97,,,0.883,,1.9989,
1983-05-16,,1.5562,234.1,,,0.8821,,1.9929,
1983-05-09,,1.5665,231.3,,,0.885,,1.9829,
1983-05-02,,1.579,234.7,,,0.8712,,1.9829,
1983-04-25,,1.5573,238.3,,,0.8671,,1.9909,
1983-04-18,,1.543,236.85,,,0.8688,,1.9909,
1983-04-11,,1.5488,237.6,,,0.869,,1.997,
1983-04-04,,1.505,239.3,,,0.8655,,1.997,
1983-03-28,,1.478,239.6,,,0.8645,,1.9991,
1983-03-21,,1.46,237.1,,,0.8674,,1.9991,
1983-03-14,,1.4875,240.3,,,0.868,,1.9792,
1983-03-07,,1.5027,238.45,,,0.858,,1.9675,
1983-02-28,,1.511,235.8,,,0.9465,,1.9814,
1983-02-21,,1.527,235.05,,,0.961,,1.9736,
1983-02-14,,1.5435,233.6,,,0.9683,,1.956,
1983-02-07,,1.5405,234.7,,,0.9706,,1.956,
1983-01-31,,1.5245,240.3,,,0.964,,1.9796,
1983-01-24,,1.5362,236.4,,,0.9732,,1.9464,
1983-01-17,,1.5675,236.35,,,0.9785,,1.9368,
1983-01-10,,1.581,230.5,,,0.9886,,1.9082,
1983-01-03,,1.61,229.1,,,0.9876,,1.9044,
1982-12-27,,1.618,234.7,,,0.98,,1.9275,
1982-12-20,,1.6,238.1,,,0.974,,1.9372,
1982-12-13,,1.6,244.15,,,0.9648,,1.9372,
1982-12-06,,1.61,244.25,,,0.9633,,1.951,
1982-11-29,,1.641,246.6,,,0.9626,,1.9569,
1982-11-22,,1.5925,250.2,,,0.9538,,1.9906,
1982-11-15,,1.6195,257.85,,,0.9454,,2.0046,
1982-11-08,,1.6518,268.5,,,0.9394,,2.0046,
1982-11-01,,1.6625,275.8,,,0.9342,,2.0046,
1982-10-25,,1.677,277.1,,,0.9358,,2.0046,
1982-10-18,,1.698,273.45,,,0.9402,,2.0046,
1982-10-11,,1.704,269.7,,,0.9452,,1.9827,
1982-10-04,,1.7045,267.7,,,0.9515,,1.9632,
1982-09-27,,1.698,268.9,,,0.9486,,1.9733,
1982-09-20,,1.7085,266.25,,,0.954,,1.9675,
1982-09-13,,1.713,263.2,,,0.9581,,1.9577,
1982-09-06,,1.7125,262.65,,,0.9608,,1.944,
1982-08-30,,1.7305,257.8,,,0.967,,1.9305,
1982-08-23,,1.736,256.6,,,0.972,,1.9173,
1982-08-16,,1.7415,254.75,,,0.9757,,1.9328,
1982-08-09,,1.702,262.1,,,0.9747,,1.9661,
1982-08-02,,1.714,260.1,,,0.9848,,1.9525,
1982-07-26,,1.738,258.1,,,0.989,,1.9312,
1982-07-19,,1.7665,249.2,,,1.004,,1.9086,
1982-07-12,,1.724,254.05,,,1.0124,,1.9395,
1982-07-05,,1.7245,255.8,,,1.0158,,1.9552,
1982-06-28,,1.731,257,,,1.0199,,1.9358,
1982-06-21,,1.719,257.7,,,1.0205,,1.9398,
1982-06-14,,1.7385,255.15,,,1.0238,,1.9322,
1982-06-07,,1.7745,247.55,,,1.04,,1.8868,
1982-05-31,,1.795,243.65,,,1.0477,,1.8514,
1982-05-24,,1.791,243.3,,,1.0503,,1.8331,
1982-05-17,,1.7975,237.6,,,1.0578,,1.813,
1982-05-10,,1.8235,235.25,,,1.0616,,1.813,
1982-05-03,,1.8262,232.92,,,1.068,,1.7986,
1982-04-26,,1.7945,235.85,,,1.0614,,1.8333,
1982-04-19,,1.772,241.15,,,1.0541,,1.8517,
1982-04-12,,1.76,247.8,,,1.0478,,1.8722,
1982-04-05,,1.754,248.05,,,1.045,,1.8628,
1982-03-29,,1.7875,245.6,,,1.0511,,1.8528,
1982-03-22,,1.79,247.1,,,1.0532,,1.8628,
1982-03-15,,1.799,244,,,1.0565,,1.8426,
1982-03-08,,1.7975,240.1,,,1.0595,,1.8335,
1982-03-01,,1.8375,233.9,,,1.0698,,1.8263,
1982-02-22,,1.82,237.25,,,1.0735,,1.8355,
1982-02-15,,1.8525,233.6,,,1.0813,,1.8227,
1982-02-08,,1.849,235.75,,,1.087,,1.825,
1982-02-01,,1.8605,233.5,,,1.0915,,1.8155,
1982-01-25,,1.879,228.3,,,1.093,,1.7975,
1982-01-18,,1.8705,227.4,,,1.109,,1.7796,
1982-01-11,,1.87,224.5,,,1.114,,1.7761,
1982-01-04,,1.92,221.4,,,1.124,,1.7481,
1981-12-28,,1.915,219.8,,,1.128,,1.7499,
1981-12-21,,1.893,222.1,,,1.126,,1.7499,
1981-12-14,,1.8775,219,,,1.1295,,1.7429,
1981-12-07,,1.8775,219.3,,,1.1333,,1.736,
1981-11-30,,1.9415,216.5,,,1.1443,,1.724,
1981-11-23,,1.956,215.65,,,1.1507,,1.7274,
1981-11-16,,1.897,218.65,,,1.1455,,1.743,
1981-11-09,,1.907,227.35,,,1.144,,1.7343,
1981-11-02,,1.875,229.05,,,1.143,,1.7502,
1981-10-26,,1.862,232.8,,,1.137,,1.7678,
1981-10-19,,1.8205,232.3,,,1.1385,,1.768,
1981-10-12,,1.831,230.6,,,1.1421,,1.7506,
1981-10-05,,1.901,226.55,,,1.1552,,1.7297,
1981-09-28,,1.818,232.05,,,1.145,,1.7719,
1981-09-21,,1.7855,229.7,,,1.1456,,1.7579,
1981-09-14,,1.834,226.3,,,1.1566,,1.7233,
1981-09-07,,1.779,231.35,,,1.1425,,1.7689,
1981-08-31,,1.843,229.7,,,1.1495,,1.7673,
1981-08-24,,1.849,229.1,,,1.1495,,1.7727,
1981-08-17,,1.8765,227.25,,,1.152,,1.773,
1981-08-10,,1.802,233.75,,,1.1373,,1.8218,
1981-08-03,,1.7905,234.9,,,1.1343,,1.8149,
1981-07-27,,1.84,240.4,,,1.1352,,1.7845,
1981-07-20,,1.8622,234.52,,,1.1405,,1.7667,
1981-07-13,,1.8815,231.97,,,1.1456,,1.751,
1981-07-06,,1.8925,228.3,,,1.144,,1.7686,
1981-06-29,,1.893,228.5,,,1.1451,,1.7616,
1981-06-22,,1.949,224.85,,,1.148,,1.7511,
1981-06-15,,1.972,223.35,,,1.146,,1.7599,
1981-06-08,,1.957,224.15,,,1.135,,1.7724,
1981-06-01,,1.93,227.8,,,1.126,,1.7813,
1981-05-25,,2.07,223.9,,,1.1387,,1.748,
1981-05-18,,2.0725,222.5,,,1.1408,,1.7429,
1981-05-11,,2.0745,223.05,,,1.1352,,1.7359,
1981-05-04,,2.1155,217.6,,,1.1435,,1.717,
1981-04-27,,2.143,215.75,,,1.1487,,1.6882,
1981-04-20,,2.167,214.3,,,1.1517,,1.6798,
1981-04-13,,2.154,217.5,,,1.149,,1.6798,
1981-04-06,,2.185,215.17,,,1.1543,,1.6565,
1981-03-30,,2.195,213.2,,,1.1587,,1.6418,
1981-03-23,,2.226,211.8,,,1.1605,,1.6372,
1981-03-16,,2.263,208.25,,,1.1732,,1.6129,
1981-03-09,,2.217,207.55,,,1.1622,,1.6407,
1981-03-02,,2.1925,209,,,1.155,,1.6456,
1981-02-23,,2.204,209.7,,,1.155,,1.6179,
1981-02-16,,2.31,206.8,,,1.167,,1.6021,
1981-02-09,,2.2845,207.45,,,1.1556,,1.6285,
1981-02-02,,2.34,203.8,,,1.1656,,1.6028,
1981-01-26,,2.3655,206.7,,,1.1784,,1.5886,
1981-01-19,,2.407,202.75,,,1.1802,,1.551,
1981-01-12,,2.3935,202.9,,,1.1788,,1.5557,
1981-01-05,,2.395,203,,,1.1852,,1.5371,
1980-12-29,,2.382,202.5,,,1.1802,,,
1980-12-22,,2.379,208.4,,,1.176,,,
1980-12-15,,2.341,208.2,,,1.167,,,
1980-12-08,,2.3235,210.5,,,1.1633,,,
1980-12-01,,2.339,211.6,,,1.1658,,,
1980-11-24,,2.3575,216.6,,,1.164,,,
1980-11-17,,2.3585,213.8,,,1.1662,,,
1980-11-10,,2.403,212.9,,,1.1682,,,
1980-11-03,,2.418,213.1,,,1.1658,,,
1980-10-27,,2.4365,211.05,,,1.172,,,
1980-10-20,,2.44,212.75,,,1.1728,,,
1980-10-13,,2.413,208.2,,,1.1753,,,
1980-10-06,,2.4028,209,,,1.176,,,
1980-09-29,,2.3883,207.6,,,1.175,,,
1980-09-22,,2.3915,211.7,,,1.17,,,
1980-09-15,,2.3855,210.8,,,1.1722,,,
1980-09-08,,2.4135,213.2,,,1.1726,,,
1980-09-01,,2.413,218,,,1.1685,,,
1980-08-25,,2.396,219.1,,,1.1648,,,
1980-08-18,,2.3655,223.8,,,1.1578,,,
1980-08-11,,2.3795,225.75,,,1.1587,,,
1980-08-04,,2.372,226.3,,,1.1552,,,
1980-07-28,,2.333,227,,,1.1506,,,
1980-07-21,,2.3905,225.4,,,1.1587,,,
1980-07-14,,2.3742,220.27,,,1.1603,,,
1980-07-07,,2.3777,217.7,,,1.1622,,,
1980-06-30,,2.3483,219,,,1.157,,,
1980-06-23,,2.347,217.55,,,1.156,,,
1980-06-16,,2.335,217.2,,,1.1552,,,
1980-06-09,,2.3425,216,,,1.1565,,,
1980-06-02,,2.3318,219.3,,,1.148,,,
1980-05-26,,2.3425,223,,,1.1428,,,
1980-05-19,,2.344,221.25,,,1.1405,,,
1980-05-12,,2.284,229.6,,,1.127,,,
1980-05-05,,2.267,231.8,,,1.1244,,,
1980-04-28,,2.2555,240.35,,,1.1134,,,
1980-04-21,,2.2735,246,,,1.106,,,
1980-04-14,,2.2185,249.4,,,1.0968,,,
1980-04-07,,2.195,252.5,,,1.091,,,
1980-03-31,,2.135,258.75,,,1.07,,,
1980-03-24,,2.169,249.65,,,1.083,,,
1980-03-17,,2.1835,248.92,,,1.0863,,,
1980-03-10,,2.213,249.05,,,1.0932,,,
1980-03-03,,2.227,247.85,,,1.095,,,
1980-02-25,,2.273,251.65,,,1.097,,,
1980-02-18,,2.2745,247.45,,,1.101,,,
1980-02-11,,2.295,243.2,,,1.112,,,
1980-02-04,,2.298,241.65,,,1.1073,,,
1980-01-28,,2.274,240.45,,,1.1053,,,
1980-01-21,,2.261,239.6,,,1.1083,,,
1980-01-14,,2.2855,239.65,,,1.1102,,,
1980-01-07,,2.257,236.05,,,1.111,,,
1979-12-31,,2.237,234.8,,,1.109,,,
1979-12-24,,2.2335,240.55,,,1.107,,,
1979-12-17,,2.2015,239.9,,,1.1045,,,
1979-12-10,,2.199,242.55,,,1.1005,,,
1979-12-03,,2.1665,240.2,,,1.1,,,
1979-11-26,,2.199,249.55,,,1.0942,,,
1979-11-19,,2.161,249,,,1.091,,,
1979-11-12,,2.1595,246.5,,,1.0912,,,
1979-11-05,,2.091,243.55,,,1.0918,,,
1979-10-29,,2.0665,234.55,,,1.1,,,
1979-10-22,,2.1048,234.3,,,1.1037,,,
1979-10-15,,2.1545,230.65,,,1.112,,,
1979-10-08,,2.1565,227.5,,,1.1172,,,
1979-10-01,,2.178,224.15,,,1.1252,,,
1979-09-24,,2.203,224.5,,,1.1285,,,
1979-09-17,,2.163,222.45,,,1.1264,,,
1979-09-10,,2.168,223.4,,,1.1234,,,
1979-09-03,,2.2495,220.8,,,1.1292,,,
1979-08-27,,2.2527,220.4,,,1.1274,,,
1979-08-20,,2.232,219.25,,,1.1274,,,
1979-08-13,,2.218,217.3,,,1.1272,,,
1979-08-06,,2.248,215.9,,,1.131,,,
1979-07-30,,2.2685,216.9,,,1.1302,,,
1979-07-23,,2.313,215.4,,,1.1346,,,
1979-07-16,,2.274,217.1,,,1.1297,,,
1979-07-09,,2.229,217.35,,,1.1252,,,
1979-07-02,,2.219,217.5,,,1.1233,,,
1979-06-25,,2.181,217.8,,,1.1195,,,
1979-06-18,,2.1418,215.8,,,1.1144,,,
1979-06-11,,2.106,218.8,,,1.1099,,,
1979-06-04,,2.062,218.6,,,1.1054,,,
1979-05-28,,2.074,221.28,,,1.1055,,,
1979-05-21,,2.0506,219.75,,,1.1046,,,
1979-05-14,,2.0565,218.8,,,1.1042,,,
1979-05-07,,2.0415,215.13,,,1.1102,,,
1979-04-30,,2.0775,221.5,,,1.1032,,,
1979-04-23,,2.0552,219.9,,,1.1037,,,
1979-04-16,,2.0695,218.3,,,1.1054,,,
1979-04-09,,2.08,215.9,,,1.1073,,,
1979-04-02,,2.0882,214.9,,,1.1108,,,
1979-03-26,,2.0625,209.58,,,1.1183,,,
1979-03-19,,2.039,205.9,,,1.1208,,,
1979-03-12,,2.03,207.45,,,1.1196,,,
1979-03-05,,2.0378,204.7,,,1.1248,,,
1979-02-26,,2.022,204.9,,,1.1231,,,
1979-02-19,,2.012,201.4,,,1.128,,,
1979-02-12,,2.002,200.7,,,1.132,,,
1979-02-05,,2.0025,198.8,,,1.1358,,,
1979-01-29,,1.979,201.6,,,1.1278,,,
1979-01-22,,1.995,199.55,,,1.136,,,
1979-01-15,,2.0035,198.25,,,1.1402,,,
1979-01-08,,1.9955,197.6,,,1.1387,,,
1979-01-01,,2.0195,196.65,,,1.144,,,
1978-12-25,,2.0415,194.3,,,1.15,,,
1978-12-18,,2.004,194.1,,,1.1465,,,
1978-12-11,,1.979,195.8,,,1.1403,,,
1978-12-04,,1.9605,198.1,,,1.1342,,,
1978-11-27,,1.9377,201.7,,,1.127,,,
1978-11-20,,1.9395,195.05,,,1.139,,,
1978-11-13,,1.928,195.6,,,1.1405,,,
1978-11-06,,1.967,188.6,,,1.1515,,,
1978-10-30,,1.9825,189,,,1.153,,,
1978-10-23,,2.0625,179,,,1.18,,,
1978-10-16,,2,181.8,,,1.1715,,,
1978-10-09,,1.986,185.9,,,1.163,,,
1978-10-02,,1.981,188.4,,,1.16,,,
1978-09-25,,1.975,189.19,,,1.155,,,
1978-09-18,,1.972,188.25,,,1.1555,,,
1978-09-11,,1.9615,189.85,,,1.1528,,,
1978-09-04,,1.9362,192.9,,,1.149,,,
1978-08-28,,1.95,190.8,,,1.1495,,,
1978-08-21,,1.9255,192.57,,,1.144,,,
1978-08-14,,1.94,188.86,,,1.1535,,,
1978-08-07,,1.964,185.53,,,1.1615,,,
1978-07-31,,1.925,190.19,,,1.155,,,
1978-07-24,,1.924,190.59,,,1.1575,,,
1978-07-17,,1.911,200.94,,,1.1485,,,
1978-07-10,,1.882,202.59,,,1.1468,,,
1978-07-03,,1.8735,202.35,,,1.1475,,,
1978-06-26,,1.861,203.71,,,1.1475,,,
1978-06-19,,1.8485,207.47,,,1.1445,,,
1978-06-12,,1.831,215.89,,,1.1342,,,
1978-06-05,,1.8264,220.6,,,1.133,,,
1978-05-29,,1.823,221.24,,,1.1327,,,
1978-05-22,,1.8124,225.68,,,1.1235,,,
1978-05-15,,1.807,228,,,1.1245,,,
1978-05-08,,1.819,225.63,,,1.1275,,,
1978-05-01,,1.8272,224.59,,,1.1315,,,
1978-04-24,,1.823,224.97,,,1.1322,,,
1978-04-17,,1.8275,225.89,,,1.132,,,
1978-04-10,,1.856,219.4,,,1.1442,,,
1978-04-03,,1.8746,220.12,,,1.1441,,,
1978-03-27,,1.862,229.89,,,1.1416,,,
1978-03-20,,1.875,228,,,1.138,,,
1978-03-13,,1.9075,231,,,1.138,,,
1978-03-06,,1.9015,235.9,,,1.1325,,,
1978-02-27,,1.939,237.02,,,1.1375,,,
1978-02-20,,1.925,240.21,,,1.13,,,
1978-02-13,,1.9447,239.81,,,1.1353,,,
1978-02-06,,1.9355,241.58,,,1.1355,,,
1978-01-30,,1.941,241.84,,,1.136,,,
1978-01-23,,1.9465,241.37,,,1.1385,,,
1978-01-16,,1.9315,241.85,,,1.1328,,,
1978-01-09,,1.93,241.49,,,1.1368,,,
1978-01-02,,1.93,240.38,,,1.138,,,
1977-12-26,,1.917,239.98,,,1.138,,,
1977-12-19,,1.8655,241.66,,,1.133,,,
1977-12-12,,1.854,240.59,,,1.1325,,,
1977-12-05,,1.8303,242.37,,,1.13,,,
1977-11-28,,1.8205,242.51,,,1.13,,,
1977-11-21,,1.8185,239.98,,,1.1303,,,
1977-11-14,,1.8245,243.49,,,1.125,,,
1977-11-07,,1.8195,246.18,,,1.1258,,,
1977-10-31,,1.805,249,,,1.125,,,
1977-10-24,,1.7774,250.5,,,1.1215,,,
1977-10-17,,1.7694,254.32,,,1.1212,,,
1977-10-10,,1.7677,253,,,1.121,,,
1977-10-03,,1.7587,257.6,,,1.1165,,,
1977-09-26,,1.7476,263.71,,,1.109,,,
1977-09-19,,1.7428,266.81,,,1.1038,,,
1977-09-12,,1.7427,267.09,,,1.1032,,,
1977-09-05,,1.7424,266.84,,,1.1022,,,
1977-08-29,,1.7416,267.97,,,1.103,,,
1977-08-22,,1.7419,267.09,,,1.1075,,,
1977-08-15,,1.7403,267.27,,,1.1008,,,
1977-08-08,,1.7378,266.38,,,1.1025,,,
1977-08-01,,1.7387,265.85,,,1.1045,,,
1977-07-25,,1.7365,266.81,,,1.1218,,,
1977-07-18,,1.7196,264.24,,,1.1235,,,
1977-07-11,,1.7195,265.32,,,1.1203,,,
1977-07-04,,1.7195,264.76,,,1.1197,,,
1977-06-27,,1.7197,267.13,,,1.1145,,,
1977-06-20,,1.7196,272,,,1.109,,,
1977-06-13,,1.7194,272.7,,,1.1077,,,
1977-06-06,,1.7186,273.67,,,1.1075,,,
1977-05-30,,1.7177,276.28,,,1.1041,,,
1977-05-23,,1.7168,277.28,,,1.103,,,
1977-05-16,,1.7174,277.24,,,1.1035,,,
1977-05-09,,1.7187,277.62,,,1.1028,,,
1977-05-02,,1.7181,276.85,,,1.1045,,,
1977-04-25,,1.7192,277.78,,,1.103,,,
1977-04-18,,1.7182,277.78,,,1.103,,,
1977-04-11,,1.718,273.82,,,1.1065,,,
1977-04-04,,1.7183,273.22,,,1.1067,,,
1977-03-28,,1.7194,276.17,,,1.1042,,,
1977-03-21,,1.7175,278.32,,,1.1012,,,
1977-03-14,,1.7168,280.82,,,1.0987,,,
1977-03-07,,1.718,282.01,,,1.0968,,,
1977-02-28,,1.7145,282.09,,,1.0975,,,
1977-02-21,,1.7085,282.01,,,1.0926,,,
1977-02-14,,1.7043,283.45,,,1.0945,,,
1977-02-07,,1.7123,285.06,,,1.0905,,,
1977-01-31,,1.7147,288.1,,,1.0863,,,
1977-01-24,,1.713,289.52,,,1.0865,,,
1977-01-17,,1.7162,290.44,,,1.0865,,,
1977-01-10,,1.7108,292.06,,,1.0852,,,
1977-01-03,,1.706,292.83,,,1.086,,,
1976-12-27,,1.701,293.08,,,1.089,,,
1976-12-20,,1.6895,293.51,,,1.085,,,
1976-12-13,,1.671,294.64,,,1.057,,,
1976-12-06,,1.6695,294.81,,,1.0364,,,
1976-11-29,,1.6627,297.89,,,1.0056,,,
1976-11-22,,1.646,295.51,,,1.2304,,,
1976-11-15,,1.679,295.42,,,1.2365,,,
1976-11-08,,1.628,294.64,,,1.2281,,,
1976-11-01,,1.625,294.99,,,1.23,,,
1976-10-25,,1.588,294.38,,,1.228,,,
1976-10-18,,1.6482,293.69,,,1.231,,,
1976-10-11,,1.65,293,,,1.2336,,,
1976-10-04,,1.662,288.77,,,1.242,,,
1976-09-27,,1.666,287.11,,,1.2362,,,
1976-09-20,,1.7054,287.85,,,1.2418,,,
1976-09-13,,1.734,287.27,,,1.2464,,,
1976-09-06,,1.753,286.94,,,1.246,,,
1976-08-30,,1.7725,287.77,,,1.247,,,
1976-08-23,,1.77,288.6,,,1.2445,,,
1976-08-16,,1.7808,289.35,,,1.2441,,,
1976-08-09,,1.7815,291.12,,,1.239,,,
1976-08-02,,1.7888,293,,,1.2407,,,
1976-07-26,,1.785,293.26,,,1.2405,,,
1976-07-19,,1.7818,293.94,,,1.2346,,,
1976-07-12,,1.776,294.03,,,1.2352,,,
1976-07-05,,1.7795,296.74,,,1.232,,,
1976-06-28,,1.7911,297.18,,,1.2338,,,
1976-06-21,,1.7721,297.8,,,1.231,,,
1976-06-14,,1.774,299.31,,,1.2285,,,
1976-06-07,,1.7703,300.03,,,1.2277,,,
1976-05-31,,1.7165,300.39,,,1.2193,,,
1976-05-24,,1.7595,300.03,,,1.227,,,
1976-05-17,,1.78,299.58,,,1.2305,,,
1976-05-10,,1.8165,298.78,,,1.2356,,,
1976-05-03,,1.823,298.51,,,1.2371,,,
1976-04-26,,1.84,299.04,,,1.2365,,,
1976-04-19,,1.819,299.76,,,1.2352,,,
1976-04-12,,1.854,299.31,,,1.235,,,
1976-04-05,,1.8365,297.89,,,1.2372,,,
1976-03-29,,1.871,299.31,,,1.2425,,,
1976-03-22,,1.92,299.58,,,1.2468,,,
1976-03-15,,1.921,299.67,,,1.244,,,
1976-03-08,,1.925,300.84,,,1.2464,,,
1976-03-01,,1.979,301.57,,,1.255,,,
1976-02-23,,2.0252,302.11,,,1.258,,,
1976-02-16,,2.0242,302.11,,,1.2587,,,
1976-02-09,,2.0245,300.75,,,1.261,,,
1976-02-02,,2.0265,301.39,,,1.2595,,,
1976-01-26,,2.0295,303.67,,,1.2563,,,
1976-01-19,,2.023,304.04,,,1.2547,,,
1976-01-12,,2.0295,305.25,,,1.2565,,,
1976-01-05,,2.0305,306,,,1.256,,,
1975-12-29,,2.0245,305.06,,,1.2545,,,
1975-12-22,,2.023,305.9,,,1.2545,,,
1975-12-15,,2.0214,306.09,,,1.2536,,,
1975-12-08,,2.0185,305.9,,,1.2525,,,
1975-12-01,,2.0235,306.75,,,1.2558,,,
1975-11-24,,2.02,303.12,,,1.257,,,
1975-11-17,,2.0415,303.12,,,1.2615,,,
1975-11-10,,2.0455,302.57,,,1.263,,,
1975-11-03,,2.0655,301.75,,,1.2675,,,
1975-10-27,,2.078,301.75,,,1.2685,,,
1975-10-20,,2.0695,301.66,,,1.266,,,
1975-10-13,,2.0575,302.76,,,1.263,,,
1975-10-06,,2.058,302.94,,,1.26,,,
1975-09-29,,2.0375,303.03,,,1.257,,,
1975-09-22,,2.0445,301.75,,,1.2555,,,
1975-09-15,,2.08,301.57,,,1.267,,,
1975-09-08,,2.1065,298.06,,,1.276,,,
1975-09-01,,2.109,297.97,,,1.2765,,,
1975-08-25,,2.11,297.97,,,1.277,,,
1975-08-18,,2.106,297.97,,,1.278,,,
1975-08-11,,2.108,297.97,,,1.2775,,,
1975-08-04,,2.104,297.62,,,1.2865,,,
1975-07-28,,2.1475,297.89,,,1.295,,,
1975-07-21,,2.1785,296.65,,,1.3,,,
1975-07-14,,2.175,296.21,,,1.3065,,,
1975-07-07,,2.1995,296.12,,,1.316,,,
1975-06-30,,2.1945,295.42,,,1.32,,,
1975-06-23,,2.225,296.03,,,1.3265,,,
1975-06-16,,2.273,293.94,,,1.333,,,
1975-06-09,,2.2835,292.65,,,1.3365,,,
1975-06-02,,2.3197,291.8,,,1.3415,,,
1975-05-26,,2.316,291.55,,,1.3405,,,
1975-05-19,,2.3265,291.04,,,1.3435,,,
1975-05-12,,2.3023,291.55,,,1.3375,,,
1975-05-05,,2.317,291.46,,,1.3425,,,
1975-04-28,,2.3368,290.36,,,1.34,,,
1975-04-21,,2.352,293.69,,,1.3375,,,
1975-04-14,,2.3745,291.8,,,1.342,,,
1975-04-07,,2.365,291.12,,,1.34,,,
1975-03-31,,2.3903,292.23,,,1.349,,,
1975-03-24,,2.408,292.48,,,1.351,,,
1975-03-17,,2.4215,287.44,,,1.3595,,,
1975-03-10,,2.418,288.1,,,1.356,,,
1975-03-03,,2.411,285.96,,,1.363,,,
1975-02-24,,2.43,286.45,,,1.364,,,
1975-02-17,,2.4027,289.52,,,1.352,,,
1975-02-10,,2.3905,293.26,,,1.3475,,,
1975-02-03,,2.374,295.6,,,1.337,,,
1975-01-27,,2.3825,297.97,,,1.336,,,
1975-01-20,,2.3835,295.33,,,1.335,,,
1975-01-13,,2.3525,300.84,,,1.3265,,,
1975-01-06,,2.352,300.84,,,1.3275,,,
1974-12-30,,2.3414,300.84,,,1.3215,,,
1974-12-23,,2.3432,300.75,,,1.315,,,
1974-12-16,,2.3255,301.11,,,1.322,,,
1974-12-09,,2.313,300.03,,,1.316,,,
1974-12-02,,2.3297,299.94,,,1.314,,,
1974-11-25,,2.3255,300.3,,,1.314,,,
1974-11-18,,2.32,299.85,,,1.311,,,
1974-11-11,,2.3145,299.94,,,1.31,,,
1974-11-04,,2.335,299.67,,,1.311,,,
1974-10-28,,2.338,300.48,,,1.3085,,,
1974-10-21,,2.3332,299.85,,,1.308,,,
1974-10-14,,2.3324,299.31,,,1.3077,,,
1974-10-07,,2.334,299.13,,,1.3129,,,
1974-09-30,,2.335,299.04,,,1.314,,,
1974-09-23,,2.332,296.74,,,1.306,,,
1974-09-16,,2.3142,295.86,,,1.485,,,
1974-09-09,,2.312,299.58,,,1.485,,,
1974-09-02,,2.3106,302.66,,,1.485,,,
1974-08-26,,2.3162,302.94,,,1.48,,,
1974-08-19,,2.3225,303.12,,,1.4825,,,
1974-08-12,,2.3385,302.94,,,1.4825,,,
1974-08-05,,2.373,302.57,,,1.4825,,,
1974-07-29,,2.3845,300.12,,,1.4825,,,
1974-07-22,,2.3923,295.42,,,1.48,,,
1974-07-15,,2.3928,290.7,,,1.475,,,
1974-07-08,,2.386,289.18,,,1.4775,,,
1974-07-01,,2.388,287.36,,,1.485,,,
1974-06-24,,2.3905,284.25,,,1.485,,,
1974-06-17,,2.377,283.21,,,1.48,,,
1974-06-10,,2.3925,282.57,,,1.485,,,
1974-06-03,,2.4025,282.65,,,1.4825,,,
1974-05-27,,2.396,281.93,,,1.4825,,,
1974-05-20,,2.401,279.49,,,1.485,,,
1974-05-13,,2.41,277.7,,,1.48,,,
1974-05-06,,2.43,277.62,,,1.485,,,
1974-04-29,,2.418,279.8,,,1.485,,,
1974-04-22,,2.41,279.8,,,1.485,,,
1974-04-15,,2.3845,276.93,,,1.4825,,,
1974-04-08,,2.364,278.55,,,1.485,,,
1974-04-01,,2.393,279.33,,,1.485,,,
1974-03-25,,2.393,276.09,,,1.485,,,
1974-03-18,,2.341,276.78,,,1.485,,,
1974-03-11,,2.334,282.49,,,1.485,,,
1974-03-04,,2.322,287.19,,,1.4875,,,
1974-02-25,,2.286,292.06,,,1.4875,,,
1974-02-18,,2.3155,280.58,,,1.485,,,
1974-02-11,,2.278,293.17,,,1.4875,,,
1974-02-04,,2.2385,296.3,,,1.485,,,
1974-01-28,,2.2765,298.86,,,1.4825,,,
1974-01-21,,2.204,299.8,,,1.485,,,
1974-01-14,,2.186,300.12,,,1.48,,,
1974-01-07,,2.2485,300.03,,,1.4775,,,
1973-12-31,,2.276,282.09,,,1.482,,,
1973-12-24,,2.318,280.43,,,1.4825,,,
1973-12-17,,2.3075,280.11,,,1.4825,,,
1973-12-10,,2.31,280.11,,,1.484,,,
1973-12-03,,2.326,280.11,,,1.4885,,,
1973-11-26,,2.343,280.11,,,1.482,,,
1973-11-19,,2.346,280.66,,,1.482,,,
1973-11-12,,2.3855,280.11,,,1.4825,,,
1973-11-05,,2.4015,275.33,,,1.4835,,,
1973-10-29,,2.4345,276.01,,,1.485,,,
1973-10-22,,2.4355,266.67,,,1.48,,,
1973-10-15,,2.437,266.38,,,1.485,,,
1973-10-08,,2.426,266.24,,,1.4825,,,
1973-10-01,,2.413,266.17,,,1.4825,,,
1973-09-24,,2.4135,265.6,,,1.48,,,
1973-09-17,,2.424,265.25,,,1.4825,,,
1973-09-10,,2.4115,265.6,,,1.4825,,,
1973-09-03,,2.4185,265.39,,,1.414,,,
1973-08-27,,2.458,265.39,,,1.416,,,
1973-08-20,,2.4585,265.25,,,1.414,,,
1973-08-13,,2.4635,265.53,,,1.415,,,
1973-08-06,,2.475,265.25,,,1.416,,,
1973-07-30,,2.5085,265.39,,,1.418,,,
1973-07-23,,2.504,264.76,,,1.42,,,
1973-07-16,,2.5395,265.6,,,1.4225,,,
1973-07-09,,2.542,265.04,,,1.4175,,,
1973-07-02,,2.5575,262.12,,,1.42,,,
1973-06-25,,2.581,263.16,,,1.4155,,,
1973-06-18,,2.574,265.04,,,1.421,,,
1973-06-11,,2.58,264.69,,,1.415,,,
1973-06-04,,2.574,264.41,,,1.415,,,
1973-05-28,,2.573,264.06,,,1.415,,,
1973-05-21,,2.5395,264.83,,,1.415,,,
1973-05-14,,2.5505,264.27,,,1.415,,,
1973-05-07,,2.511,265.46,,,1.415,,,
1973-04-30,,2.4896,265.53,,,1.415,,,
1973-04-23,,2.4867,265.6,,,1.415,,,
1973-04-16,,2.4848,265.6,,,1.415,,,
1973-04-09,,2.4805,265.89,,,1.415,,,
1973-04-02,,2.483,264.76,,,1.415,,,
1973-03-26,,2.4755,265.96,,,1.415,,,
1973-03-19,,2.4737,266.03,,,1.415,,,
1973-03-12,,2.457,260.08,,,1.41,,,
1973-03-05,,2.4705,260.42,,,1.412,,,
1973-02-26,,2.5,262.12,,,1.41,,,
1973-02-19,,2.474,264.9,,,1.41,,,
1973-02-12,,2.4331,263.85,,,1.417,,,
1973-02-05,,2.3818,293.26,,,1.271,,,
1973-01-29,,2.364,299.58,,,1.271,,,
1973-01-22,,2.361,301.75,,,1.271,,,
1973-01-15,,2.3525,302.57,,,1.271,,,
1973-01-08,,2.3518,301.66,,,1.271,,,
1973-01-01,,2.3517,301.3,,,1.273,,,
1972-12-25,,2.348,301.66,,,1.2732,,,
1972-12-18,,2.3475,301.11,,,1.191,,,
1972-12-11,,2.347,301.11,,,1.191,,,
1972-12-04,,2.3432,301.11,,,1.191,,,
1972-11-27,,2.3474,301.11,,,1.191,,,
1972-11-20,,2.3498,301.02,,,1.19,,,
1972-11-13,,2.3504,301.02,,,1.191,,,
1972-11-06,,2.348,300.93,,,1.191,,,
1972-10-30,,2.345,299.94,,,1.191,,,
1972-10-23,,2.346,300.48,,,1.191,,,
1972-10-16,,2.3926,300.75,,,1.19,,,
1972-10-09,,2.4179,301.11,,,1.191,,,
1972-10-02,,2.4217,300.93,,,1.191,,,
1972-09-25,,2.4195,301.11,,,1.191,,,
1972-09-18,,2.434,301.11,,,1.191,,,
1972-09-11,,2.447,301.11,,,1.191,,,
1972-09-04,,2.4467,301.11,,,1.191,,,
1972-08-28,,2.4489,301.11,,,1.191,,,
1972-08-21,,2.4465,301.2,,,1.191,,,
1972-08-14,,2.4509,301.2,,,1.191,,,
1972-08-07,,2.4522,301.11,,,1.191,,,
1972-07-31,,2.4505,300.93,,,1.191,,,
1972-07-24,,2.449,301.2,,,1.191,,,
1972-07-17,,2.4505,301.11,,,1.191,,,
1972-07-10,,2.4465,301.2,,,1.191,,,
1972-07-03,,2.4385,300.93,,,1.191,,,
1972-06-26,,2.441,300.93,,,1.191,,,
1972-06-19,,2.5,294.12,,,1.191,,,
1972-06-12,,2.5913,303.95,,,1.191,,,
1972-06-05,,2.6112,304.23,,,1.191,,,
1972-05-29,,2.6117,304.23,,,1.191,,,
1972-05-22,,2.6126,304.41,,,1.191,,,
1972-05-15,,2.6132,304.04,,,1.191,,,
1972-05-08,,2.613,303.86,,,1.191,,,
1972-05-01,,2.6105,304.32,,,1.191,,,
1972-04-24,,2.611,304.88,,,1.191,,,
1972-04-17,,2.6084,303.21,,,1.191,,,
1972-04-10,,2.6086,302.94,,,1.191,,,
1972-04-03,,2.6088,303.21,,,1.191,,,
1972-03-27,,2.6163,304.32,,,1.191,,,
1972-03-20,,2.6065,302.3,,,1.191,,,
1972-03-13,,2.61,302.11,,,1.191,,,
1972-03-06,,2.6409,301.93,,,1.191,,,
1972-02-28,,2.6077,302.66,,,1.191,,,
1972-02-21,,2.6054,302.48,,,1.191,,,
1972-02-14,,2.6055,303.49,,,1.191,,,
1972-02-07,,2.6055,304.69,,,1.191,,,
1972-01-31,,2.6,308.64,,,1.191,,,
1972-01-24,,2.5914,310.46,,,1.191,,,
1972-01-17,,2.5824,312.3,,,1.191,,,
1972-01-10,,2.572,312.99,,,1.193,,,
1972-01-03,,2.5502,312.5,,,1.1905,,,
1971-12-27,,2.552,315.01,,,1.1887,,,
1971-12-20,,2.5477,315.21,,,1.1871,,,
1971-12-13,,2.5292,320.36,,,1.1756,,,
1971-12-06,,2.5182,323.1,,,1.1704,,,
1971-11-29,,2.4985,325.1,,,1.1613,,,
1971-11-22,,2.4937,327.6,,,1.1591,,,
1971-11-15,,2.4938,328.4,,,1.1592,,,
1971-11-08,,2.4937,329.49,,,1.1591,,,
1971-11-01,,2.4936,329.16,,,1.159,,,
1971-10-25,,2.4914,329.5,,,1.158,,,
1971-10-18,,2.4927,330.36,,,1.1586,,,
1971-10-11,,2.4889,330.58,,,1.1569,,,
1971-10-04,,2.4802,332.37,,,1.1574,,,
1971-09-27,,2.4892,333.39,,,1.157,,,
1971-09-20,,2.4825,336.98,,,1.1539,,,
1971-09-13,,2.472,337.95,,,1.149,,,
1971-09-06,,2.4592,338.81,,,1.1431,,,
1971-08-30,,2.459,340.14,,,1.1432,,,
1971-08-23,,2.4693,,,,1.1478,,,
1971-08-09,,2.4195,357.35,,,1.1246,,,
1971-08-02,,2.4185,357.37,,,1.1241,,,
1971-07-26,,2.4184,357.39,,,1.1241,,,
1971-07-19,,2.419,357.36,,,1.1243,,,
1971-07-12,,2.4189,357.4,,,1.1243,,,
1971-07-05,,2.4183,357.4,,,1.1241,,,
1971-06-28,,2.419,357.4,,,1.1243,,,
1971-06-21,,2.4191,357.4,,,1.1244,,,
1971-06-14,,2.4191,357.4,,,1.1244,,,
1971-06-07,,2.4194,357.4,,,1.1246,,,
1971-05-31,,2.419,357.4,,,1.1244,,,
1971-05-24,,2.4178,357.4,,,1.1238,,,
1971-05-17,,2.4194,357.4,,,1.1246,,,
1971-05-10,,2.4186,357.49,,,1.1242,,,
1971-05-03,,2.4188,357.41,,,1.1243,,,
1971-04-26,,2.4193,357.4,,,1.1245,,,
1971-04-19,,2.4189,357.49,,,1.1243,,,
1971-04-12,,2.4186,357.54,,,1.1242,,,
1971-04-05,,2.4167,357.5,,,1.1233,,,
1971-03-29,,2.4125,357.53,,,1.1213,,,
1971-03-22,,2.4188,357.47,,,1.1243,,,
1971-03-15,,2.419,357.56,,,1.1244,,,
1971-03-08,,2.4193,357.58,,,1.1245,,,
1971-03-01,,2.4183,357.59,,,1.1241,,,
1971-02-22,,2.416,357.56,,,1.123,,,
1971-02-15,,2.419,357.56,,,1.1244,,,
1971-02-08,,2.4158,357.5,,,1.1229,,,
1971-02-01,,2.4147,357.53,,,1.1224,,,
1971-01-25,,2.4174,357.72,,,1.1236,,,
1971-01-18,,2.4103,357.9,,,1.1204,,,
1971-01-11,,2.4057,358.4,,,1.1182,,,
1971-01-04,,2.3972,357.82,,,1.1124,,,
