date,AUS,BEL,CAN,CHL,COL,DEU,EA19,EA20,ESP,FIN,FRA,GRC,HUN,ISR,KOR,LUX,NLD,NOR,NZL,POL,PRT,SWE,TUR,ZAF
2026-04-01,94.66719463,,,,,,,,,,87.58749522,,,,,,,64.32160804,168.41638981,172.95018589,,,,
2026-03-01,87.03427375,,179.37752024,,130.84566001,76.98779975,,,,,126.20523544999999,,270.39836566,,,,,68.54271357,151.89368771,161.23756766,154.6,,,60.828886250000004
2026-02-01,96.10797495999999,84.0026924,185.46448081,,80.12669715,86.83214136000001,,121.80746562,585.1320508299999,43.81282496,94.26134803000001,745.45454545,182.88049028,,,,,72.7638191,153.13399779,161.46635456,136.0,35.09041939,,54.849324519999996
2026-01-01,70.31431413,93.96455015000001,181.11393339999998,,81.01991622999999,82.54101809,,121.93844139000001,602.34757088,65.30329289,96.33648897,602.47933884,622.43105204,,,,,55.577889449999994,149.01439646,142.20376862999998,144.6,103.73220468999999,,58.740290449999996
2025-12-01,79.76597543,125.19632039999999,174.55873645,,70.67858855,74.84223812,,116.3064833,575.54613625,34.80069324,92.78767891,639.25619835,203.47293155,286.70394701,,,,77.18592964999999,145.51495017,169.24510915,121.39999999999999,62.947287419999995,,54.79439429
2025-11-01,92.16606995,86.15660759,171.83589361,,53.81850807,78.37610434,,117.35428945999999,576.13302898,53.795493930000006,90.2436246,716.11570248,278.73340141,192.64889516,,,,65.12562814,151.98228128,150.47822817,183.29999999999998,50.63485956,,65.6403963
2025-10-01,78.07235176,102.98407001000001,182.72445333,,69.81762417,75.72570467,,116.56843484,611.34659272,52.13171577,92.34318413,652.47933884,244.90296218999998,75.22666810999999,,,,51.25628141,147.37541528,141.19964835,170.79999999999998,52.63562909,,52.21970786
2025-09-01,85.44506702,97.73390173,167.47596661999998,,71.8824492,91.50189315,,120.49770792000001,570.06847078,34.662045060000004,98.68030204,621.90082645,290.25536259,190.0646072,,,,61.70854271,148.30564784,144.38359937,140.7,56.791073489999995,,55.88350933
2025-08-01,78.67159335,83.8680727,161.5930174,,59.43035322,73.58014304,,116.83038638000001,559.3087707499999,49.49740035,93.16739867,671.48760331,246.37385085,127.30332809,,,,75.47738693,137.85160575999998,132.3150904,166.39999999999998,54.48249327,,57.557819349999995
2025-07-01,83.19367353,83.0603545,166.01277571,,83.89147580000001,75.47328566,,116.3064833,570.4597325999999,57.677642979999995,96.29247321,649.58677686,241.96118485999997,143.46055703,,,,59.798994969999995,129.52380952,152.96310811,133.1,60.0230858,,49.12194691
2025-06-01,84.2598443,87.23356518,162.42746201,,78.13713306999999,72.19183845,,114.60379830000001,563.02575803,41.45580589,101.33411754999999,628.51239669,192.9315628,88.71274228,,,,78.19095476999999,122.83499445999999,117.94600205,144.9,62.023855329999996,,52.97031706999999
2025-05-01,78.72394390000001,86.82970608,169.56486728,,58.51253665,60.70677325,,106.74525212999998,551.28790345,47.83362218,92.99699439,637.19008264,210.33707863,155.90422933000002,,,,56.381909549999996,130.0110742,129.91282795,142.0,59.25355906,,57.58739867
2025-04-01,79.36605971,94.23378955,163.42889451,,75.86687447,70.04627682,,113.55599214,550.89664163,54.7660312,103.83007281,525.20661157,255.68947903999998,128.62804713,,,,70.75376883999999,112.46954596,121.07911154,157.0,69.71912273999999,,51.09195265
2025-03-01,79.92549592,69.73300427,184.81787508,,64.31638903,72.57046698,,109.49574329000001,571.04662533,47.97227036,91.9406684,481.40495868000005,217.93667005,133.1885553,,,,82.11055276,141.66112957,138.99439683999998,136.0,66.48711043,,51.140783850000005
2025-02-01,83.59388455999999,89.38748037,181.37725873,,83.78474684,68.65797223999999,,106.09037328,554.2223671,58.9254766,80.93114421,426.85950413,206.90500509,101.50388185999999,,,,56.68341709,124.42967885,143.88153923,140.79999999999998,71.10427087,,51.805909230000005
2025-01-01,85.53932212000001,85.07964999,191.05927245,,68.56640417999999,73.32772401999999,,104.51866405000001,537.20247796,36.74176776,82.02523319,350.0,173.31971398,140.78940225,,,,65.72864322000001,124.606866,155.73397168,150.0,68.6417853,,58.749702049999996
2024-12-01,78.27480203,77.54094683,200.56759538,,109.76294152999999,73.20151452,,112.24623444999999,486.14281052999996,87.20970537,82.20794450999999,860.33057851,248.08988761999998,319.14870514,,,,38.49246230999999,120.97452935,143.75443539,136.5,52.327818390000004,,55.64788806999999
2024-11-01,75.60407520999999,100.83015481999999,169.58967704,,77.88360591,67.26966765,,107.26915521,537.0068470499999,47.27902946,82.49110336,623.5537190099999,137.52808988,141.15858624,,,,46.53266332,125.62569213999998,164.9362892,153.29999999999998,61.10042324,,59.039435139999995
2024-10-01,80.46527779,83.1949742,172.49655745,,52.13638632000001,66.51241060000001,,103.60183366,574.37235079,46.86308492,82.81556616,708.2644628099999,131.39938712,120.18024866,,,,48.84422111,119.24695460000001,141.90507462,129.5,56.329357449999996,,57.156004429999996
2024-09-01,71.78273472,94.90688805,179.0885979,,77.89467216,54.522507360000006,,98.49377865,564.5908053100001,60.034662049999994,76.43951842999999,610.7438016499999,335.85291111000004,154.01487594,,,,50.75376884,125.0055371,144.50434801,135.1,47.09503655,,67.0050978
2024-08-01,72.60340506,94.50302895,170.26712065,,67.64953166,67.77450567999999,,101.24426981,509.03162696,34.52339688,81.13213110000001,676.85950413,138.0183861,118.94239644,,,,50.75376884,123.94241417,171.27877048,129.89999999999998,66.33320508,,55.62284893
2024-07-01,76.51160608,102.84945031,170.62631105999998,,58.530892980000004,55.53218343,,101.63719711999998,520.37821972,65.9965338,84.83498018,588.8429752100001,146.59856996,173.97252837,,,,74.27135677999999,132.35880398999998,153.70031035,126.6,51.096575609999995,,50.992322189999996
2024-06-01,67.26393282999999,105.0033655,159.31218413,,49.65046704,64.99789650999999,,104.51866405000001,501.79328330999994,58.9254766,77.44041831,597.10743802,139.97957098,143.17823986,,,,51.85929647999999,106.04651163,151.89543591,127.29999999999998,58.79184302,,51.76849666
2024-05-01,71.42478854999999,83.32959389999999,173.91446999,,64.18988768,63.98822045,,103.33988212,467.55787411,71.40381282,77.66466285999999,507.43801652999997,146.59856996,155.7956458,,,,56.18090452,124.82834994000001,159.13399922,117.99999999999999,58.48403232,,54.53772846
2024-04-01,67.02110373,93.56069105,197.77115551,,72.57149343,65.75515356,,101.11329404,480.27388324000003,43.951473140000004,76.51240779,653.7190082599999,136.79264554999997,75.68271893000001,,,,66.33165829,125.35991141,156.25509739,104.49999999999999,50.94267026,,58.72546182
2024-03-01,71.9468389,99.34933812,148.72642492,,49.16376203,69.92006731,,108.84086444,468.53602866,49.63604853,83.43556951,1705.37190083,123.55464759,99.41907813,,,,49.34673367,131.33997785,171.98419676,99.5,61.10042324,,57.29437249
2024-02-01,65.87749636,104.5995064,155.3641936,,48.297448089999996,71.93941944,,108.70988867,478.51320505999996,47.55632582,84.61917446,947.1074380199999,202.73748721999996,103.80585264999999,,,,77.48743719,130.45404208,151.55861076,110.4,49.095806079999996,,66.9609042
2024-01-01,71.66332268,94.23378955,142.95537826999998,,61.12579642,67.52208667000001,,101.37524558,486.33844143999994,15.528596189999998,85.10772592,670.24793388,173.56486209,121.30951735,,,,88.34170854,110.65337763000001,153.49694420999998,100.09999999999998,70.33474413,,50.621041389999995
2023-12-01,68.57277081000001,117.79223694000001,131.58290455,,170.9891733,65.88136306999999,,102.42305173999999,403.19530483,61.00519931,94.37530466,590.49586777,167.92645555000001,237.21157499999998,,,,47.43718593,126.20155039000001,143.91967037999999,113.5,33.089649869999995,,52.37210563
2023-11-01,72.07901933000001,109.71505497,164.54070006999999,,103.11291472999999,79.63819941,,107.26915521,399.08705573,51.161178510000006,94.33349688,556.19834711,193.42185902,117.98686139,,,,77.18592964999999,117.78516058,141.64451176,109.3,52.173913039999995,,59.4681988
2023-10-01,71.03793084,122.90778550999998,158.024371,38.53560635,83.67314035,87.08456036999999,,114.73477406999999,440.75643948999993,69.04679376,95.44706796,616.94214876,244.16751786,94.70655301999999,,,,68.34170854,133.95348837,142.50246264,119.3,51.096575609999995,,53.85911897
2023-09-01,67.28044833,109.44581557999999,171.6490894,41.20681105,88.05290853999999,79.63819941,,105.30451865999999,427.64916854,44.9220104,81.96220412,654.54545455,146.10827374,134.42640751,,,,61.30653266,121.06312292000001,143.13798179999998,127.89999999999999,54.63639861,,62.976036609999994
2023-08-01,67.73909153,78.48328472,155.95368965,41.71915848,85.18659364,69.28901978,117.709809150763,100.58939095999999,361.52592107,66.6897747,92.48464829,484.29752066000003,156.15934626,132.16787012999998,,,,84.8241206,129.6124031,125.74382222,113.99999999999999,47.2489419,,50.43148435
2023-07-01,65.97113404,123.31164460999999,161.73976161000002,79.96494967,57.75830121999999,76.48296171999999,123.410284190349,104.12573674000001,384.21910658999997,47.27902946,93.50586283999999,552.0661157,140.22471909,173.51647755,,,,68.04020101,136.61129567999998,119.39498575,111.4,48.78799538,,61.21105957
2023-06-01,67.65564391,116.84989904,176.2973764,46.83462094,65.07471529,76.86159024,132.311025918827,113.68696790999999,411.41180304,76.53379549,98.15013198,541.32231405,176.2614913,141.02828601,,,,74.67336682999999,148.97009967,123.32884938999999,117.39999999999999,79.26125433,,65.20261075
2023-05-01,75.35606836,105.81108369,156.83150073000002,51.768836500000006,87.4315205,85.19141776,129.310775897992,107.13817943999999,404.76035211,49.63604853,90.62324124999999,540.9090909099999,205.67926454,115.40257343,,,,70.55276382,143.34440752999998,114.7112095,105.89999999999999,47.2489419,,62.163229009999995
2023-04-01,66.72430305,100.69553512,138.82656667,46.14356097,61.40281968,83.42448465,130.31085923827,109.8886706,394.3919139,42.42634315,100.5640858,499.17355372000003,189.98978548,91.34046365,,,,58.3919598,146.9324474,138.51775745999998,115.5,52.0200077,,77.54480387
2023-03-01,66.33731196,101.90711240999998,150.2287986,43.13209937,71.13545140999999,89.86116955,134.0111675973,113.16306483,386.17541568999997,75.97920277,93.3750606,606.61157025,161.79775279999998,96.44388946,,,,68.24120603,149.14728682,116.71945006,122.6,62.33166603,,65.39004384
2023-02-01,67.25302509,114.69598384999999,149.98839362,23.73353192,69.82680233,95.91922591999999,136.111342611884,116.17550753,379.91522658,90.25996534000001,100.57067298,454.1322314,170.37793666000002,106.88962484,,,,80.60301507999999,142.41417497,116.41440085999999,119.19999999999999,58.79184302,,85.51728653
2023-01-01,67.77528944,119.54229302999998,141.40241788,29.112566760000004,88.80064057999999,91.75431216,135.411284273689,114.07989522,370.52494292,99.41074522999999,101.46504591,558.2644628099999,200.28600611,146.76149628,,,,79.39698492,162.08194906,118.75946659,119.7,64.33243555,,57.77839764
2022-12-01,84.91029273,106.88804129,156.23622398999998,154.43968012,136.09856021,102.60832982999999,132.011000916743,112.77013752,362.50407562000004,61.42114385,94.02131675999999,462.39669421,300.30643511,240.99028177,,,,97.5879397,166.99889258,122.76323733000001,107.3,79.87687572,,68.87221896999999
2022-11-01,75.395962,116.17680053999999,158.89246511,59.71508594,117.58205684,98.69583508999999,132.711059254938,114.34184676000001,354.87447013999997,98.71750433,92.70579961,479.75206612,292.21654746999997,147.54329768,,,,86.33165829,181.17386489,136.89718359,113.19999999999999,83.87841476999999,,88.10680158999999
2022-10-01,75.72151037,112.13820955999999,139.97024478999998,60.22718810999999,99.88356404,103.49179638999999,132.511042586882,114.47282252999999,347.24486467,88.59618718,91.41218259,443.80165289,236.07763022,87.08398936,,,,103.11557789000001,166.02436323,126.79242885,118.8,109.73451327,,86.74237289
2022-09-01,81.07493776999999,119.27305363,149.32658264,41.14222601,137.63682076999999,108.5401767,135.811317609801,122.20039292999999,340.00652101000003,121.45580589,101.63530974999999,430.57851239999997,284.61695605,95.57522123999999,,,,104.92462311999999,187.41971207,132.70275708999998,110.4,118.35321276999998,,73.19594312999999
2022-08-01,86.18946977,126.0040386,184.44147754,56.614349829999995,161.56345943,108.41396719000001,147.912326027169,136.86967911,332.96380825999995,87.48700173,149.92297788,471.0743801699999,252.50255360999998,180.09663934,,,,85.32663317,183.43300111,136.03923272,93.3,103.57829935,,68.1054561
2022-07-01,74.41689375,110.25353377,169.07503763,39.974381269999995,181.98708073,120.40387043,151.312609384115,136.21480025999998,326.11672642,97.19237435,127.71017698,442.56198347,375.56690497,128.56289701,,,,93.76884422,182.19269103,139.0261728,114.9,118.96883417,,78.20390816
2022-06-01,81.94796452,113.34978686,184.22275579,60.561640530000005,131.77218272,120.15145141,151.012584382032,136.21480025999998,373.85066838,115.63258232,121.04499081,416.94214876,285.84269661,143.61257397,,,,101.30653266,177.09856034999999,203.96352119999997,103.69999999999999,116.04463254999999,,87.22193580999999
2022-05-01,81.32269432,131.25420687,180.94186209,60.5709604,93.47573592,123.68531762999999,151.912659388282,141.06090373,312.22693182999996,125.33795493999999,142.00063698,404.54545455,311.33810008,157.81529942,,,,122.21105528,181.57253599,186.37235067999998,115.9,132.82031551,,74.15806977
2022-04-01,79.47103364,108.90733678,179.72193277,73.62073632,105.77133107,127.59781237,150.312526043837,142.37066142999998,309.09683728,148.0762565,137.35860799,404.1322314,330.9499489,112.70970194,,,,96.18090452,187.6854928,182.48932857,114.5,141.90073105,,84.41655801
2022-03-01,75.0856493,137.17747364,177.51163749,71.36859863,102.51040748999999,135.92763989,164.913742811901,153.37262606,302.83664817,140.03466204999998,147.97753924999998,383.47107438,282.90091928,167.02318258,,,,118.69346733999998,200.70874862,173.43318046,106.69999999999999,130.81954598000002,,74.351446
2022-02-01,90.82486494,121.02310972000001,172.14096591,47.80339659,99.14784229,126.84055533,154.512876073006,146.43091027999998,277.60026082,93.58752166,149.43188428,396.69421488,307.66087841999996,114.68592215,,,,99.69849246,199.68992247999998,180.57006069,115.99999999999999,174.99038092,,76.87613209
2022-01-01,74.05627743,119.40767333,163.58297143,51.378546629999995,74.63852122,133.52965924,151.512626052171,140.79895219,257.05901531,135.4592721,129.07574484,433.05785124,223.32992848,112.36223464999999,,,,106.33165829,173.77630122,181.15473832,114.99999999999999,134.51327434,,133.12345919999999
2021-12-01,83.93255877,137.17747364,176.26082531,103.38863689,120.42776020999999,136.43247792,144.812067672306,136.21480025999998,232.40952069,150.1559792,118.37245838999999,374.38016529000004,197.83452501,210.06569303,,,,107.13567839,189.14728681999998,184.45943799,97.1,183.45517507,,96.76294055
2021-11-01,80.69088878,119.67691273,174.79149381,75.25931609999999,85.46608189,114.47202355999998,137.411450954246,128.22527832,234.5614607,113.69150779999998,119.90185215,449.58677686,235.83248211,155.94766274,,,,81.00502512999999,184.31893688,170.05857368,101.8,179.45363601,,93.32540718999999
2021-10-01,81.63653732,134.21584026,168.04899781,70.2493153,74.29599207999999,120.02524190999999,135.211267605634,129.53503602,229.67068794999997,122.42634315000001,120.82915089,428.92561983,251.27681305,145.15446007,,,,110.05025126000001,185.64784053,176.82685279999998,82.69999999999999,125.89457483999999,,79.42459075
2021-09-01,91.47892836,125.6001795,158.04650409,53.231074590000006,89.00864404,120.90870845999999,134.311192599383,131.23772101999998,223.21486792999997,137.81629116,123.86627892,447.9338843,272.35955054,93.62071774,,,,117.88944723999998,187.95127353,163.70973721,95.5,137.2835706,,79.56508275
2021-08-01,96.06978817,117.11913843999999,142.27683251,100.32828686999999,99.45418323,123.93773665,132.911075922994,126.12966601,212.84642971999997,128.52686308,114.63133079,364.87603306,208.86618997,125.52255823,,,,92.86432161,191.27353267,171.46942623,102.6,157.13736052,,86.50225043
2021-07-01,96.38864086999999,158.58200584,158.44267296,90.92928272,85.0442534,119.77282289,136.711392616051,131.7616241,200.3260515,167.07105719,121.01139278999999,425.20661157,257.40551581,144.82870948,,,,63.316582909999994,182.72425249,173.58570505999998,109.0,155.44440169,,73.1436045
2021-06-01,97.20592219000001,160.73592103000001,153.46018525,70.51811989,95.10493899,123.93773665,135.811317609801,132.41650295,188.97945873999998,126.44714038,116.81336487,476.03305785,326.53728292,168.32618492,,,,113.66834170999999,182.05980066,175.02833356,95.3,134.97499038,,66.20934018999999
2021-05-01,105.47495636999999,133.13888266,151.03310262,105.06891081,86.20788746,125.95708877,135.811317609801,132.54747872,180.76296054,117.98960139,120.87573216,520.24793388,218.18181816,89.79857756,,,,88.74371859,176.87707640999997,188.85723062,100.0,170.68103116999998,,108.82594234
2021-04-01,108.94523506,122.36930670999999,175.42811266,81.13859889,86.22886613,118.76314683,133.111092591049,130.71381794,174.69840234,165.40727903,119.42308539999999,423.14049587,256.42492337,132.71078777,,,,144.82412060000001,183.61018826,170.36997807,119.39999999999999,151.44286264,,92.14587843999999
2021-03-01,111.46659410999999,128.96567198,180.57653109,94.92382678,94.31692792,149.0534287,143.311942661888,137.39358219,166.87316595,148.90814558,113.42435502,351.23966942,225.29111336,128.9103643,,,,95.47738693,170.36544849999999,194.72942770999998,120.19999999999999,147.59522893000002,,78.59103085
2021-02-01,97.61457311,123.17702491,156.19096811,44.58722493,95.99794829,134.16070678,133.411117593133,129.14210871,157.28725138,141.14384748999998,109.45777502,349.58677686,249.31562817,101.76448232999999,,,,103.71859295999998,147.72978959,194.30998506999998,83.0,123.12427856999999,,96.45804757
2021-01-01,96.11410724,154.54341486,171.22946034999998,60.08665433,67.41425594,127.09297434,130.010834236186,126.52259332,145.94065861,144.19410745000002,115.25672374999999,347.52066116,242.45148107999998,106.52044085,,,,87.33668342,182.59136213,196.43897427000002,93.3,180.53097345,,95.37586945
2020-12-01,91.11954893000001,133.40812205999998,146.64688134,86.42304525,117.59700414000001,124.44257467999999,128.610717559797,125.08185986,134.59406585,142.25303293,112.46475506,297.52066116,175.77119508,138.79146533,,,,104.12060301999999,172.27021040999998,201.6756522,99.2,102.96267795,,83.78149908
2020-11-01,88.17477495,139.19676913,146.16719602999999,74.37204841,75.17305759,135.67522086999998,128.810734227852,129.01113293999998,126.57319856,143.22357019,120.89745664,280.16528926,144.39223696000002,87.88750747,,,,103.61809045000001,163.27796235,158.51119043,99.5,113.73605232999999,,92.36367027
2020-10-01,88.2750353,135.29279785,146.35696930999998,50.65462187000001,73.18669276,118.13209928999999,119.809984165347,118.79502292,122.26931854,139.48006932,111.28239344999999,266.11570248,165.96527067,75.63928552,,,,101.30653266,161.77187153999998,158.59380792,94.1,141.59292034999999,,88.76728937
2020-09-01,78.59347758,109.17657618,142.63597794,86.34031099,84.29636402,119.77282289,116.90974247854,116.83038638000001,119.3348549,165.26863085,101.86128036999999,318.59504132,178.71297241,119.05097997,,,,95.87939698,145.7807309,142.38806919,81.0,138.82262408999998,,66.25347534
2020-08-01,74.27871028,140.40834643,132.17042122,82.00452899,58.21558366,122.54943206,118.009834152846,116.69941061,116.79165306999998,144.61005199000002,100.55072457,294.21487602999997,169.1521961,92.3177154,,,,88.44221105999999,141.21816168,137.22129837,95.6,119.43055020999999,,70.93408036
2020-07-01,77.46813598,126.13865829999999,121.40678751,43.03424077,61.662483099999996,116.87000421,109.809150762564,107.13817943999999,114.63971307,80.55459271999999,87.8338976,299.58677686,167.43615933,99.02817743,,,,105.42713567999999,140.55370986,146.14398745999998,96.39999999999999,114.81338977,,51.265765220000006
2020-06-01,62.44190882,101.90711240999998,120.3422622,54.18946757999999,55.76915672,137.8207825,115.709642470206,113.29404059999999,113.27029669999999,96.77642981,93.11037906,290.90909091000003,198.56996934,131.86383626,,,,84.12060301999999,146.97674419,154.85695523,88.4,123.89380531,,31.45594482
2020-05-01,69.51010575999999,103.5225488,118.21935214999999,75.27672953999999,42.77355599,120.65628945,99.80831735978,96.26719057,111.11835669000001,113.96880415999999,68.63552603000001,259.91735537,146.35342185,92.07883164,,,,111.25628140999999,146.44518272,122.08323183,95.8,120.20007694999998,,15.51226555
2020-04-01,79.42396728,121.29234912,87.52709467,42.95101599,16.080093740000002,123.93773665,96.1080090007501,88.67059594,108.77078577999998,127.0017331,49.30024532,149.17355372,148.80490294999998,42.80362669,,,,104.22110552999999,108.92580287999999,104.4984165,73.8,125.43285878999998,,16.03709379
2020-03-01,73.65926445999999,131.11958717000002,99.77164375999999,44.79659492,47.2794584,113.96718553,112.609384115343,111.06745252,107.2057385,100.10398614,105.7107193,244.62809917,223.08478037,96.70448993000001,,,,94.57286432000001,116.94352159,132.41677347,69.3,132.35859946,,89.32518486
2020-02-01,78.84323547999999,121.29234912,123.10871891999999,69.40415052,76.76365992000001,107.78291965,136.711392616051,126.78454486,248.64688619,124.36741767999999,117.97158058,326.85950412999995,222.83963226,81.00331179999999,,,,91.95979899,153.93133998,139.18505259,102.29999999999998,114.19776836999999,,75.19599584
2020-01-01,73.20713318,116.71527934000001,126.53916844999999,90.35570213,79.19634583,121.79217501999999,139.311609300775,130.58284217,244.34300618,108.97746966999999,122.01298134,308.26446281,232.89070478,116.05407459999999,,,,93.5678392,142.59136213,143.13798179999998,103.4,112.81262024,,70.65428499000001
2019-12-01,79.78165824999999,105.81108369,116.03688069,107.95528997999999,193.3783381,141.48085823,144.412034336195,135.42894565,238.27844798,110.50259965,125.55964320999999,338.84297520999996,259.36670069,176.25278244999998,,,,68.64321608,143.12292359,127.65673491,73.1,94.03616776,,63.17631079
2019-11-01,76.03217549,135.29279785,105.89313105,103.16446956,91.20558221,127.59781237,140.311692641053,130.4518664,233.58330614999997,125.33795493999999,113.7974051,282.23140496,227.74259447,114.92480591,,,,97.68844221,131.87153931,145.22248467,85.5,85.72527894999999,,77.49168580999999
2019-10-01,70.33106099,143.63921921,115.57060118999999,79.00892752,79.47263484,123.43289861999999,137.211434286191,129.79698756,235.14835341999998,117.15771231000001,126.07907787999999,271.07438017,260.83758936,80.41696075,,,,86.13065327,143.43300111,157.11940346,102.69999999999999,88.80338592,,91.32091174
2019-09-01,71.87286619999999,155.48575276,117.89540824,86.45288518000001,74.76082684000001,119.01556584,131.71097591466,123.64112639,242.19106617,112.02772964,102.63334606000001,245.8677686,240.24514809,107.60627613,,,,97.5879397,146.62236987999998,152.55637585,98.1,90.34243939999999,,66.44295443
2019-08-01,71.21011276,137.44671304,131.94290472,65.93961257999999,78.20578575,124.8212032,132.911075922994,121.80746562,248.45125528,111.6117851,106.95539937,276.03305785,395.42390191,117.53081058,,,,120.90452261,137.40863786999998,146.24567052999998,89.9,133.89765294,,87.10143615
2019-07-01,67.29080658,146.0623738,118.30979642999999,85.00143852000001,92.69595897,118.13209928999999,135.111259271606,124.55795677999998,250.21193347000002,95.25129983,113.24052103,234.71074380000002,364.78038812,101.56903198,,,,109.14572864,138.20598007,141.52376311999998,92.9,130.81954598000002,,112.51359433
2019-06-01,74.42168923,122.36930670999999,111.51723104999999,90.33747116,79.0161391,116.87000421,132.911075922994,122.72429600999999,250.40756437999997,135.4592721,111.78829735,243.80165288999999,260.59244125,96.61762311,,,,97.38693467,136.5227021,139.4074843,82.0,129.58830319,,74.26656623
2019-05-01,74.44032923,111.86897015999999,116.82116596,122.47547931,90.91376899,113.58855700999999,128.310692557713,119.71185331000001,247.27746982,107.86828423000001,108.34042102999999,187.60330578999998,282.90091928,77.72408926,,,,107.13567839,141.08527132,162.71197211999998,86.8,100.80800307999999,,84.27518914999999
2019-04-01,70.84030489,126.273278,127.02344233,79.27920366,79.35819623,120.27766092,133.311109259105,125.08185986,242.7779589,109.53206239,121.16743371,203.30578512000002,289.51991826,76.33422010000001,,,,98.19095477,126.68881506,141.05983413,72.0,84.80184686,,88.10196913
2019-03-01,73.65055552,107.29190039000001,109.41321511,82.15430089,85.0592007,110.43331931,129.210767563964,120.10478062,243.16922071999997,110.22530329,111.31328693,202.0661157,371.15423899,80.78614474,,,,106.33165829,135.19379844999997,122.80136848000001,91.3,94.65178915,,82.54756621
2019-02-01,79.5711563,105.54184429,110.45603469,69.00969123,74.48044699,101.22002524999999,122.810234186182,112.77013752,245.51679164,128.66551127,98.51544447,166.52892562,294.17773236,84.84716868,,,,100.50251256,144.85049833999997,120.93294214000001,96.1,85.26356291,,142.13421867
2019-01-01,76.37274237,109.84967467,116.21839905,99.08416637,68.90101388,116.7437947,131.810984248687,122.59332024,245.32116073,124.92201039999999,111.88943479,161.57024793,314.03472929,122.63423639,,,,117.08542714000001,140.64230343,156.08986241,84.5,104.19392074,,129.88684305
2018-12-01,71.46648671999999,124.79246129999999,117.60329189000001,75.42462111,72.58350372,121.539756,135.911325943829,124.42698101,242.38669707999998,135.04332756,106.28157852,154.1322314,372.37997954,125.19680764,56.49439707,,126.9815934,102.41206030000001,123.54374308,128.69263116,89.9,136.36013850999998,80.98561400999999,114.62826201
2018-11-01,74.48397407,134.08122056,116.57756696999999,66.5178531,78.29866879000001,107.15187210999999,130.910909242437,121.41453831,236.71340070000002,139.75736568,112.22926674,216.52892562,345.90398363,102.02508279,74.08379269999999,,126.7831777,116.98492462,120.97452935,137.69793774000001,82.6,139.89996151999998,71.93351563,110.10527693
2018-10-01,85.81040804999999,112.13820955999999,118.04997999999999,109.20889385000001,67.10948839000001,103.36558688,132.011000916743,124.29600524,231.23573523,108.14558059,117.25050757,226.03305785,248.33503573,118.07372821999999,46.58576616,,147.48612642,117.38693467,121.01882613999999,140.07477942,83.5,130.35782993,80.39189646,98.07485525
2018-09-01,84.50721236999999,114.83060355,112.59585945999999,55.584014,74.45249292,121.79217501999999,132.911075922994,125.47478716,225.56243884999998,79.86135182,121.1432947,163.63636364,266.721144,49.861556,48.55681749,,134.23992293999999,91.05527638000001,118.80398671,125.1527894,71.3,117.27587533999998,81.27987076,103.73835869000001
2018-08-01,83.13087186,107.83037918,105.65031932,70.31610767999999,79.30616914000001,119.52040388,131.310942578548,122.72429600999999,221.45418975,111.6117851,116.80142626,183.05785124,373.8508682,105.71692274,60.418490989999995,,143.5030324,119.39698492,122.34772978999999,137.92672464,78.2,98.80723354999999,54.48060614,114.67535898000001
2018-07-01,92.12522713,107.29190039000001,119.16470964999999,51.75632826,71.24994247000001,127.47160286999998,131.410950912576,122.46234446999999,222.82360612,118.12824957000001,110.9031866,156.61157025,294.42288047,117.53081058,90.08753924,,133.95570709,107.93969849,115.03875968999999,118.51161411,73.0,102.34705656,79.895886,102.58229073
2018-06-01,98.44222872,121.83082791999999,121.43427392999999,91.99052126,69.81400535,112.20025242,132.511042586882,123.51015061999999,225.75806975999998,150.01733102,110.50230524,158.26446281,286.57814093999997,89.23394320999999,64.49335832999999,,145.33659572,90.55276382,124.07530453999999,129.25824321,88.5,95.42131589,80.29082799,101.75044557999999
2018-05-01,90.99935206999999,195.87166255999998,122.61034194,114.08473762,73.10991085,129.86958350999998,143.611967663972,135.55992141,232.40952069,133.10225303,117.86714143999998,183.05785124,253.72829416,93.8813182,59.829014189999995,,124.08077859999999,91.85929648,130.80841639,137.31662624,67.2,108.65717584000001,111.5778902,109.26992435
2018-04-01,87.12125538999999,174.33251067,119.35524769000001,103.35323774,87.21140187,112.95750947,134.211184265355,125.86771447,241.99543526,116.74176776,115.25698691999999,160.33057851,255.19918281999998,70.883327,73.83937008,,135.99227740999999,113.06532662999999,129.30232558,132.17527619,79.0,102.96267795,80.58784323,111.14433317000001
2018-03-01,100.73581458,159.92820283,123.51287281,92.62778761,56.789663850000004,115.98653766,138.61155096258,129.40406025,243.36485162999998,126.16984402,120.43262765,199.58677686,287.55873338,98.20294261,69.58813277,,137.09069269,91.75879397,132.53599114,151.02477466,82.0,102.65486725999999,78.23644526,103.44096771
2018-02-01,92.53585643,144.85079650999998,120.06598091000001,106.18010057,72.6920683,111.56920487999999,141.311775981332,132.67845449,234.36582978999996,153.62218371,124.23169492,166.11570248,383.65679260999997,71.70856181,84.08347735,,123.7965395,111.85929647999998,113.35548173000001,146.46174703999998,73.3,120.3539823,79.5740692,100.44320744999999
2018-01-01,101.62046961,117.25375814,116.91444435,72.86026786999999,67.18485424,111.19057636000001,130.31085923827,120.62868368999999,220.08477337999997,153.20623917,117.22934189,144.21487603,360.36772213999996,92.90406645,88.96655813999999,,125.10141824,106.03015074999999,107.41971207,159.36914131,56.00000000000001,102.50096191,81.30399424,99.77843281
2017-12-01,94.04551938,134.61969936,112.14278334000001,76.57734151,83.89320654,117.24863273999999,135.111259271606,129.92796333,206.19497879000002,169.56672444,123.76563881,128.92561983,260.34729314,122.6776698,77.14255802,,135.30950267,107.93969849,110.38759689999999,128.85786614,58.4,104.50173143999999,76.93615391,113.85288646
2017-11-01,110.02856197999999,129.50415078,111.78899125,74.42404346,76.97774719,112.45267143999999,126.910575881323,121.15258677,197.78284968,135.59792027999998,116.36677006,134.71074380000002,295.1583248,106.60730767,74.60132481,,140.44948534999997,101.10552764,124.91694352,124.82867462,57.599999999999994,124.66333205,77.92551028999999,96.24306168999999
2017-10-01,99.92240299,134.35045996,115.09640417,55.06193794000001,78.52518590999999,118.51072781,129.610800900075,124.29600524,192.30518421,162.35701906,121.63907490999999,135.53719008,405.72012254,77.70237254999999,85.2754039,,143.33428388,101.40703518000001,111.00775194,133.66239102999998,54.7,112.50480954,111.53409341,101.88596872
2017-09-01,100.69395508000001,121.42696881999998,110.72876209,53.335555199999995,85.46277775,110.1809003,131.310942578548,129.27308448,189.56635147,168.59618718,129.75694079,135.53719008,371.64453521,86.67137195,89.04894549,,141.01579974,117.5879397,122.61351052,130.55470230999998,64.5,127.89534436000001,361.78706033,110.69524591
2017-08-01,94.60478339,80.36796052,112.13560808,74.56817437999999,89.23694435,117.24863273999999,130.510875906326,127.04649640000001,190.34887511,132.13171577,126.08950517999999,113.63636364,308.88661897,110.47288126000001,72.42020165000001,,145.5913563,100.20100503,125.04983388999999,113.09699082,50.199999999999996,134.20546363999998,113.08348204,81.96155282999999
2017-07-01,97.52134029,82.5218757,112.56826056999999,65.21650534999999,72.97926622,111.31678587,130.110842570214,126.91552063,189.56635147,121.87175043,130.57250591,130.99173554,251.27681305,153.0593409,70.01835815,176.32069432999998,144.10592707,129.44723618,121.06312292000001,128.94683881999998,52.2,95.57522123999999,122.30151556,137.03681421
2017-06-01,92.20578995000001,119.54229302999998,116.07136243,98.54688420999999,75.0606644,120.78249894999999,130.210850904242,127.30844794,184.088686,161.52512998,125.99217641,100.82644627999998,307.1705822,125.63114176,88.43403447,72.0130088,135.55717411999998,135.07537688,110.78626799999999,136.7383038,51.1,136.82185456,182.54105302999997,112.43635296000001
2017-05-01,85.68191869,110.65739287,116.07853769,96.14611916,76.01608522,114.59823307,128.610717559797,125.47478716,176.65471143,158.05892548,123.22606445999999,119.00826445999999,333.15628189,91.62278082,96.3674403,152.32244719000002,140.70303692,106.43216079999999,108.30564784,137.53905795,57.39999999999999,138.20700269,114.67274382999999,96.08906608
2017-04-01,94.82206465,96.79156384,102.27527,64.62076963999999,68.62944506999999,113.08371898,123.810317526461,121.021611,171.76393869,137.67764298,120.53616010999998,137.19008264,315.50561795,73.25044791,70.00280733000001,192.01404125,131.93051941,129.34673367,112.95681063,150.44645221,54.400000000000006,167.9107349,110.59647635,94.58732155
2017-03-01,78.32371763,103.38792910000001,109.857384,88.20902609,75.44599000999999,111.19057636000001,127.010584215351,125.60576293000001,167.65568958999998,161.24783362,127.6426706,132.23140496000002,371.15423899,104.97855475,78.01007657,102.14031495,126.91347573,134.57286431999998,110.07751938000001,132.97603034,51.3,139.28434013,112.51186331,96.21969831
2017-02-01,92.8642344,93.42607134999999,114.61914809,58.13406043,83.44153589,108.28775768,117.009750812568,114.73477406999999,167.46005868,117.98960139,114.45427833999999,123.96694215,306.92543409,76.13876975,96.27228771,156.29773218,122.75242548,124.12060302,115.39313399999999,159.64876974,45.800000000000004,166.37168142000002,102.54246748,101.79773741
2017-01-01,88.06616772,102.44559121,109.29022348999999,75.21279852,62.15616351999999,110.68573832999999,120.010000833403,113.29404059999999,174.11150960999998,99.82668977,115.57551252,94.21487603,239.99999997999998,98.18122591,94.37153449,100.21373267999999,123.40087087,125.92964823999999,104.40753045,121.57481648999999,56.49999999999999,159.13813005,104.81762965999998,96.76479169
2016-12-01,93.53849507999999,96.38770474,106.40351928,110.41491735,110.79708479000001,115.22928060999999,123.910325860488,122.98624754000001,179.19791326,122.84228769,124.6265569,148.34710744,357.42594481,107.99717683,78.21631303999999,79.82045986,127.38043730999999,128.44221106,105.91362125999999,134.48221076,51.7,124.66333205,115.65026825,124.04309675
2016-11-01,89.0647395,78.21404533,117.44338929,73.57626257,86.92116204999999,126.46192679999999,128.510709225769,126.12966601,176.85034234,129.35875216999997,128.30857661,98.34710744,308.88661897,93.68586785000001,97.697666,59.92416155,124.75065952,120.50251256,108.48283499,117.01178887999998,43.699999999999996,117.27587533999998,125.79303063,103.80125857
2016-10-01,86.5643857,90.32981826999999,129.15256044,70.80450141,80.43838765,116.87000421,121.210100841737,119.318926,170.19889141,136.29116118,118.07749354999999,104.13223140000001,308.15117463999997,33.44372659,84.74299587,56.16235716,113.17988279,110.85427135999998,120.08859358,120.95200771,44.7,176.68333975,126.09418516999999,112.20942233
2016-09-01,94.24597944,94.36840925,109.63339889999999,59.711570550000005,91.07116142,115.22928060999999,121.010084173681,121.15258677,162.56928594,119.93067590999999,124.0987354,107.85123967000001,266.96629211,87.47489005999999,67.76626526,211.07542439000002,117.86868115,119.69849246,113.35548173000001,109.49359713999999,48.0,116.96806464,99.12027846,97.87177513
2016-08-01,104.99187794,112.27282926,103.88482273999999,58.964019109999995,83.78889013,109.29743374,119.509959163264,116.04453176,157.48288229,129.77469671,119.39665173,109.09090909000001,251.03166493999998,129.12753135,85.11916188999999,98.02731695,114.51128566999999,124.62311558,110.47619047999999,118.53067969,43.5,105.88687957,100.40264793,87.03302181
2016-07-01,110.36356516000001,86.29122729000001,95.43472709,38.48459235,68.40041049999999,106.77324358999999,113.709475789649,111.5913556,155.52657319,125.33795493999999,114.53995006999999,113.63636364,262.06332991,125.69629187,90.40910056999999,69.86777101,112.75432209,103.31658291000001,120.26578073,113.8723242,38.9,145.44055406,72.34322318000001,85.07406447
2016-06-01,91.75822164,79.29100292,93.97036655,65.91966479,75.05961545999999,120.27766092,116.509709142429,114.99672561,156.30909683000002,122.01039861,111.35942481000001,100.41322314,249.80592438999997,109.23502905,100.1012161,204.91227463,112.29875791999999,127.83919598,122.43632337000001,113.70708921999999,46.4,114.19776836999999,91.47230506,97.88598022
2016-05-01,100.76454297,117.65761724,97.56609449999999,67.77309203,99.70975581,109.92848127999999,117.509792482707,114.21087099,155.33094228,114.66204506,115.60190266999999,64.04958678,279.46884574,91.66621424,87.11480149,186.3020355,103.6059797,127.83919598,105.11627907,101.30175508999999,51.2,133.58984224999998,96.35308398,93.91555154
2016-04-01,104.86481110999999,194.66008527,107.05325153,62.27616904999999,70.97464995,116.23895667,120.210017501458,117.87819253,148.09259862,113.55285961999999,113.36393596,109.09090909000001,276.52706840999997,105.73863945,108.96288066999999,111.18317427999999,105.94428314999999,107.43718593,106.35658914999999,111.83866287,43.6,113.27433628000001,106.24829435000001,120.91371047999999
2016-03-01,99.46114014,137.71595244,98.21947061,91.28973266,77.50163688,118.25830879999998,112.909409117426,109.36476751999999,139.87610041,103.84748699999999,103.9182226,90.49586777,163.26864146,104.17503665000001,104.99456711999999,55.78654957,100.06226836,122.51256281,101.17386488999999,98.35294616,38.8,107.88764909999999,110.56751935,109.56616566999999
2016-02-01,95.84707331,127.88871439,92.31872944,54.38951771,67.78269372999999,115.73411864,114.909575797983,114.21087099,133.02901858,150.8492201,111.78960287999999,105.37190083,185.08682327,103.06748465999999,105.58303863,156.29773218,101.42349696999999,111.75879396999999,109.63455150000001,112.02931862,34.699999999999996,92.34320893,124.32624478000001,99.00687646
2016-01-01,99.95757379,107.96499888,89.17380580999999,64.25312541,61.18385487,115.48169963,110.009167430619,106.48330059,125.00815127999999,100.93587522,106.02111597999999,90.90909091,154.19816138,80.72099462999999,101.60502364999999,64.33052096,100.18374370000001,95.87939698,104.85049834,90.93643749,32.0,133.4359369,115.74491405,97.6556201
2015-12-01,98.45955114,84.0026924,102.30912193999998,243.65835847,190.74813806999998,108.66638621,103.808650720893,104.12573674000001,117.57417670999999,93.86481801999999,106.33349129,101.23966942,104.18794687999998,120.11509853999999,90.98406308999999,101.15330221,101.7670354,103.01507538000001,113.31118494,105.42627447999999,34.300000000000004,115.58291651,117.25524739,103.03059856
2015-11-01,90.40036855,101.63787300999999,91.08897069,118.07396772,84.91434302,107.02566259999999,105.608800733394,106.35232482,112.48777306,97.88561525,116.70603733,101.23966942,144.39223696000002,135.38194256,94.76295345,94.08039574,94.79584308,101.40703518000001,108.57142857,101.87372234,36.9,102.19315121000001,106.29893967999999,106.19324694000001
2015-10-01,112.61050476000001,113.75364595999999,105.68061736,97.66313191,87.47620506,102.73453934000001,101.608467372281,102.81597903999999,108.96641669,99.68804159,103.63258873000001,90.90909091,112.27783452,74.96606765,104.28243087999999,89.71230495,93.94601761,120.90452261,103.61018825999999,115.21962482999999,36.8,111.27356676,101.74756134,91.68648323000001
2015-09-01,98.28020436,112.00358986,95.62589494,86.98403583999999,100.99176197999999,102.98695836,100.008334027836,99.1486575,104.66253667000001,121.45580589,98.33003219999999,87.19008264,117.42594482999999,69.38487431,124.35219656000001,79.26852238,96.61162236,98.19095477,95.68106311999999,108.82630202000001,29.9,94.65178915,96.56586967,102.07133632
2015-08-01,97.19578632,119.94615212999999,105.05553742,94.61954129,83.55256546999999,101.85107279,103.208600716726,103.73280943,99.38050211,136.8457539,105.82827558000001,101.23966942,109.33605718999999,90.71067919,111.49424645999999,46.621325139999996,89.50274395999999,98.29145729,101.70542635999999,98.56266749,32.5,116.96806464,106.89929861,95.32495327
2015-07-01,95.18556113,100.29167602,107.13053742,107.06017398,94.16315431,102.60832982999999,96.0080006667222,98.23182711,97.03293120000001,98.30155979,94.94239823,68.18181818,95.85291113,112.75313535,156.41644418,93.69506242,81.82385045,88.94472361999999,111.05204873000001,99.56678776999999,31.099999999999998,83.57060408,101.34163885,101.25848974
2015-06-01,97.43371538999999,105.54184429,104.58725605000001,75.84932909,111.35726756999999,97.93857804,98.3081923493624,98.75573019,98.20671665,88.18024263000001,105.47546829000001,109.91735537,98.54954034,119.59389761000001,85.86822231,193.84146814,90.55004434,94.27135678,88.81506091,92.22018621,31.2,112.19699885,102.00918108999998,98.27875377000001
2015-05-01,106.9706789,97.33004263,92.74029288999999,88.71589605,70.84332351,98.56962558,97.5081256771398,96.39816634,101.1411803,83.18890814999999,88.71064924,112.80991735999999,107.86516853,106.12954015,91.76659869,92.17724548,86.42706577999999,103.21608040000001,96.47840532000001,99.76379870999999,25.4,98.49942284999999,92.60238721,99.65627687
2015-04-01,99.1014883,99.75319722,103.25697616,71.23869275999999,106.51874844,95.28817837999999,99.9083256938078,100.72036673,101.53244212000001,91.64644713999999,96.57724017,95.45454545,76.48621041,76.18220316,87.99086332,85.95300108,101.65203773,125.32663317,96.21262458,91.42578725,33.2,86.03308965000001,95.10314779,109.31645624
2015-03-01,100.90532853,95.71460624,102.06779474000001,72.3404809,87.58985697,98.31720657,100.108342361863,99.1486575,96.64166938,103.57019063999999,97.70211766,103.30578512,81.87946884,112.51425158999999,90.04682949,115.09218163999999,122.87160845,84.42211055,99.88925803000001,98.21313194,27.5,86.64871104,93.31048219,99.9093963
2015-02-01,98.52260940999999,73.50235585,97.71184901999999,73.79838606999999,98.3615095,95.79301640999999,99.1082590215851,97.05304518999999,92.14215846,76.67244366999999,89.20446757,121.90082645,55.89376914999999,100.8958141,79.31333217,57.465759979999994,134.62262838,86.4321608,85.71428571,84.47956276000001,31.099999999999998,103.424394,87.87401457,98.00573942
2015-01-01,104.93420320999999,96.38770474,92.74515138,69.99800590000001,83.4831261,88.59907447,94.907908992416,93.64767518,91.75089664,100.65857886,96.55481109,106.61157025000001,100.75587333,81.37249579,67.39545906,118.64250377,105.42950245,95.57788945,98.91472868,92.12485833,30.0,78.03001154,93.47544132,110.40163515999998
2014-12-01,98.57600273999999,92.21449405999999,99.69519011999999,99.90063577,112.91794318,88.85149348,90.4075339611634,90.50425670999999,92.14215846,94.83535529,92.11518236,85.12396693999999,82.61491317000001,137.31472936,62.87584447,256.35948307,94.21807326,82.01005024999999,94.88372093,78.16250225,25.8,82.64717199,89.75268608,88.52798531
2014-11-01,100.70072087999999,104.46488670000001,100.28524849,74.29797998999999,70.17694943,91.12326462,90.707558963247,90.24230517,89.79458754,90.39861352,88.79548028,96.69421487999999,68.64147088,98.74586024999999,59.050238070000006,194.40126100999998,88.50518442999999,91.05527638000001,97.49723145,82.33786317,31.7,76.49095806,92.24678890999999,100.49696853
2014-10-01,89.85767247,81.84877721,96.49533863,88.64624231,110.60531886,96.42406395,88.9074089507459,89.58742633,86.27323116,77.64298093999999,92.87280222999999,98.34710744,79.67313585,51.59889245,69.6888457,140.37319638,86.70596248999999,94.27135678,90.0110742,76.78978085,27.200000000000003,69.10350134999999,80.01703925,106.80145455
2014-09-01,80.06399431999999,95.04150774,99.12191151,88.34171156000001,70.47740541,90.61842659,92.1076756396366,91.94499017999999,83.73002934,107.72963605000001,91.18059215999999,104.13223140000001,101.00102144,85.45523644000001,63.18792573,131.33055094,88.94745278,63.11557789,83.94241417,82.75730582,28.799999999999997,90.49634475,124.04188301,97.6663957
2014-08-01,95.973549,100.42629571999998,92.85406239,90.70209052,71.70733863,99.95793017,91.307608967414,91.4210871,84.12129116,87.20970537,90.34990662999999,122.72727273,88.98876403999999,80.19979368999999,81.02898721,111.73227965000001,86.10639533999999,89.34673366999999,91.33997785,89.34128437999999,22.6,122.81646787,102.94130328,107.62495982
2014-07-01,82.93120236,97.46466233,101.2591046,76.06434006,122.53355989,96.42406395,93.8078173181098,94.82645710999999,88.22954026,91.2305026,98.39275316,98.34710744,81.63432073,96.03127205999999,67.49372375,109.36333178,87.96473288,100.30150754,90.0110742,89.7098855,26.3,91.11196613999999,86.76142368000001,88.81617903
2014-06-01,85.04603675999999,75.79089074000001,95.50755937,100.01345522,66.96066501,91.75431216,88.4073672806067,88.67059594,93.51157481999999,71.54246101,93.41012816,90.49586777,90.4596527,62.43552852999999,74.79755391,108.18048709000001,85.89090926,96.68341709,94.83942413999999,85.0578852,23.1,58.79184302,96.34955742,92.88736833
2014-05-01,84.36406164,105.0033655,93.32054432,79.84714328,86.8265295,94.78334035,93.6078006500542,94.04060249,97.22856211,83.18890814999999,93.30388355,111.15702479,60.55158323999999,69.86264184,72.64499244,116.65623702,78.56685239,120.30150753999999,91.02990033,77.55875904,22.900000000000002,66.64101578,110.09217629000001,96.85216564
2014-04-01,79.87178398,226.56495402000002,86.07742203999999,91.00907386,89.58244853000001,94.27850232,98.4082006833903,96.13621479999999,99.57613302,93.72616984,83.05377127,116.52892561999998,69.62206332000001,72.27319616,72.75606098,62.96376647,75.51582676,70.15075377,95.54817276,87.01528424,27.3,78.33782224,86.43936579,83.28960171
2014-03-01,81.18811657,153.19721787,86.63729483,72.06096665,103.02225879,93.14261674999999,100.708392366031,101.50622135,100.74991847999999,124.22876949999998,112.41892014999999,101.23966942,59.81613891000001,83.54416635,65.30570300000001,84.73440141,81.36338882,94.87437186,90.27685493,96.82134497,24.599999999999998,74.95190457999999,212.86984353,88.54554194
2014-02-01,85.39299559,150.77406328,91.38034476,66.22640287,108.56335224,90.36600757999999,95.7079756646387,96.26719057,99.57613302,79.44540728,98.13186024,100.41322314,62.26762002,104.71795429,134.85189525,158.49454498,71.30856281999999,90.55276382,86.29014396,71.97890076,25.0,54.790303959999996,128.35116696999998,87.56587816
2014-01-01,88.49887736999999,137.71595244,104.31909473,94.83823115999999,78.85223122000001,98.44341607,96.1080090007501,96.26719057,96.25040756,86.10051992999999,95.67555432,130.16528925999998,82.86006128,87.08398936,50.09590963,126.95058724999998,68.47168752,64.92462312,87.84053156,74.22228342,22.0,70.33474413,124.63840458,105.18336081999999
2013-12-01,82.88430342000001,122.50392641,87.15645533,69.83155635,84.70560346,87.71560791,91.7076423035253,92.59986902,92.14215846,108.28422876999998,97.77022617,100.0,61.777323790000004,96.07470547,66.00724570999999,91.25490337999999,65.90124243,107.93969849,92.66888151,81.77225111,27.700000000000003,62.33166603,101.10828950999999,80.51676505
2013-11-01,87.74669121000001,102.04173211,93.38156778,52.515815669999995,93.98607996,89.73496004,92.1076756396366,94.17157826,89.59895663,73.62218371,104.11148062999999,176.03305785,69.13176709999999,75.87816928,96.67095868,66.21404283,70.30685538,103.61809045000001,86.33444075,71.06375315999999,24.0,76.64486341,109.56691259,73.89717554
2013-10-01,85.97461868,112.13820955999999,95.74452292,64.25982917,98.83330771,89.86116955,92.507708975748,95.74328749,90.77274209,70.29462738,105.52253331000001,136.36363636,52.951991819999996,125.69629187,54.383069549999995,78.15311299999999,77.47187172,91.05527638000001,78.31672204,70.39010285,19.8,68.79569065,88.27389645,83.24973393
2013-09-01,90.00797069999999,105.54184429,91.54674784,61.451769590000005,87.32549996,97.81236854000001,90.1075089590799,90.63523248,94.68536028,70.57192374,93.81279212999999,103.30578512,47.803881510000004,80.17807699,52.48470337,68.60352732,65.87489854,100.40201005,83.23366556,78.09895033000001,28.000000000000004,59.71527511,113.20442448000001,81.11002711
2013-08-01,75.18871118,100.02243662000001,89.8041941,75.06351714,107.93312456999999,94.40471183,90.1075089590799,90.63523248,98.98924029,74.87001733000001,92.42323356,125.20661156999999,57.60980592,91.97024811,48.99762197,79.49696978,73.24414493,104.72361808999999,75.92469546,74.74340914,27.8,64.02462486,78.3161537,82.8311613
2013-07-01,74.00037470000001,113.48440656000001,87.82742095,72.68327215,81.63438963,98.06478754999999,92.9077423118593,94.95743287,101.53244212000001,68.0762565,94.71158547,128.92561983,68.15117466,111.71073348,62.79225073,82.72999854,67.25817509000001,77.88944724,74.06423034000001,67.54933218,31.4,84.64794152,102.23758108,93.76036731
2013-06-01,72.06212689,121.42696881999998,88.19641831,68.78617793000001,82.08323383,88.47286496,90.9075756313026,92.20694172,102.90185849,75.56325822999999,100.00063041,130.16528925999998,60.79673135,129.04066453000002,53.184875139999995,79.23274619,63.15152902,85.42713567999999,76.94352158999999,80.67915814999999,28.1,66.79492112,89.08970339999999,83.25037696
2013-05-01,69.67164091,99.34933812,98.43430108,63.50369364,111.2918858,90.49221708,90.5075422951913,90.37328094,103.88001304000001,95.52859619,92.70265514,114.46280992,64.2288049,80.6124111,52.864718659999994,81.33383128,67.32507509999999,82.71356784,80.44296788,72.23310843,27.200000000000003,47.71065795,101.04843229,85.51492875999999
2013-04-01,70.02171685,95.44536684,96.18313604999999,56.269433,88.34750871,96.67648297,95.8079839986666,97.57694826,107.01010759,80.13864818,97.38272572999999,117.76859504,63.98365679,73.35903143,49.72917707,90.93222426,68.65408335999999,91.25628141,73.26688815,74.01891728999999,27.0,57.86841093,94.82973358,83.22118736
2013-03-01,70.75041164,111.86897015999999,88.35911004,51.23825811,83.53695578,86.83214136000001,100.108342361863,105.17354289000001,114.05282034,67.3830156,132.88234669,119.83471074,65.94484167,72.59894674,60.07899789,95.34376658,64.45733478999999,102.31155779000001,72.02657807,69.81813559999999,27.6,67.10273181999999,89.09063035999999,91.45600619999999
2013-02-01,67.42515121,96.92618354,87.86779585,63.83487594,99.12290601,86.20109382,111.509292441037,117.35428945999999,120.89990218,105.51126516,148.12585722,114.04958677999998,56.87436159,63.02187958,49.41686031,89.89822237,71.53821843,119.1959799,75.08305648,76.62454587,31.4,59.71527511,87.84506379,95.71174471
2013-01-01,63.4373831,101.09939422000001,84.37207169999999,70.3838811,79.45440991,80.39545646,100.708392366031,104.64963981999999,125.20378218999998,79.3067591,128.55185576,179.33884298,48.04902962,87.60519029,57.42976033,82.18281399,69.21235709,108.84422111,68.39424142,66.5388567,29.2,60.0230858,91.04979587999999,72.24720318
2012-12-01,70.73974765,84.5411712,77.92646055,60.98471344,119.26853658,81.65755154,99.1082590215851,101.89914866000001,134.00717311999998,55.32062392,115.53835078,198.34710744,74.77017364,135.20820891,98.88482292,81.48937504,63.60947994,101.50753769,67.77408638,81.65785766,31.8,59.71527511,86.48055769,84.39640978
2012-11-01,67.21277291999999,102.17635181,84.78778697,65.17849009999999,74.04384981999999,81.40513252,99.3082756896408,98.75573019,146.13628952,94.83535529,115.15825505,109.09090909000001,86.78243105,73.2287312,53.00478687,72.22090376999999,70.90790942,97.18592965,61.705426360000004,84.81638792,33.5,51.86610235,93.80370678999999,96.52663729
2012-10-01,69.64451016999999,91.94525465999999,87.61328777,72.99777679,73.38611604,82.16238957,101.508459038253,100.8513425,154.15715681999998,97.05372616999999,113.55791441000001,131.40495868,73.05413687,72.14289592,65.88691191,109.91815957,70.65842458,90.85427136,66.57807309,76.62454587,38.9,51.25048095,99.8134751,82.56810416
2012-09-01,76.8822388,100.42629571999998,94.32186435999999,56.13576648,90.65349778,85.44383677,105.608800733394,104.64963981999999,158.46103682999998,86.79376083,117.34887015999999,155.78512397,80.16343207,78.04983984,72.1478963,122.43234201,67.55789349999999,112.56281406999999,69.85603544,76.59276991,35.699999999999996,55.5598307,87.24598759999999,79.12912886
2012-08-01,66.40082657,95.31074713999999,94.06243032,66.32736809999999,81.10670666,83.42448465,109.409117426452,113.16306483,160.41734593,108.56152512999999,142.88687511999998,154.95867769,76.97650662999999,94.59796949,54.31436656999999,107.36325189,81.9804982,101.80904523000001,63.30011074,77.23464426999999,44.3,50.78876490999999,79.26828708,79.24462069
2012-07-01,57.31300408999999,99.88781692,92.68349810999999,41.728478349999996,84.53230291,83.42448465,109.409117426452,109.10281598,159.43919138,105.78856153,121.0655286,171.07438017,109.33605718999999,95.66208805999999,62.382133939999996,68.3191191,78.87659171,109.84924623,61.35105205,85.79508743999999,42.8,49.86533282,88.01728329,76.14576854
2012-06-01,76.39757592999999,89.79133947,99.29994344999999,50.70269277,94.79521798,91.75431216,110.209184098675,110.80550097999999,158.06977501,100.24263432,120.69272586,182.64462809999998,66.43513789,73.44589825999999,67.65956604,90.34842433,89.69255754,112.86432160999999,60.3765227,87.12332248999999,37.199999999999996,49.40361678,82.41887517,67.85069987
2012-05-01,67.80123391000001,93.82993044999999,89.88321194,62.770203759999994,92.35006972000001,87.84181742,111.609300775065,112.11525868000001,161.00423866,87.20970537,122.70043334,302.0661157,92.66598569,67.92985503999999,70.66478353,91.39541704,85.18042706,107.63819095,55.23809523999999,90.41531178,45.5,54.63639861,92.05339321,74.459202
2012-04-01,52.5565876,124.927081,88.92543832,58.276965059999995,63.98777344999999,73.95877156,108.909075756313,109.62671906000001,166.48190412999998,97.88561525,130.23929009,286.36363636,89.47906026,57.09321896,66.45554419,92.24594526,84.82122521,93.36683417,60.553709860000005,116.21103473000001,43.0,52.94343978,78.77479946,71.85435168999999
2012-03-01,58.755875509999996,117.65761724,90.84471941,58.28906453,62.275699169999996,79.76440892,104.9087423952,104.91159135999999,170.39452232,86.51646447,120.05881443,313.63636364,76.97650662999999,61.63201042000001,67.55027151,99.93740805,80.33288159,80.20100503,66.97674419,86.37340988,48.3,39.55367449,76.70652073999999,66.70776529
2012-02-01,60.75603245,110.92663226999998,97.33218998999999,65.53951232,73.13572601,72.57046698,106.408867405617,104.78061559,174.11150960999998,81.52512998,121.92120775999999,335.95041322000003,90.4596527,88.45214181,76.12169630999999,83.62384154,79.98316183,84.52261306999999,54.97231451,100.42473864000002,47.599999999999994,50.01923817,78.6355579,66.90985162999999
2012-01-01,56.53978414,108.23423828,91.16731374,75.09286655,70.00732843,62.85233488,106.508875739645,105.5664702,180.17606780999998,95.52859619,128.30253661,359.09090908999997,71.09295198999999,89.73342744,71.99608023,127.00158828999999,82.19702686,87.33668342,59.2248062,91.78803317,56.89999999999999,41.86225471,72.75646889000001,75.44864762
2011-12-01,57.47555806,123.44626431,96.32468438000001,92.07628039,126.83271635999999,88.47286496,119.909992499375,120.62868368999999,186.82751874000002,80.41594454,138.56808828,351.23966942,74.52502553,89.06020957,71.48668353999999,62.86419679,58.83149845,83.01507538,53.37763012,98.72790246999999,62.8,42.939592149999996,114.60103234,79.38423583000001
2011-11-01,58.05708456000001,111.33049136999999,88.87186003999999,74.69669045,81.83845359,79.00715188000001,116.90974247854,116.04453176,190.1532442,88.18024263000001,132.59533116999998,423.55371900999995,112.27783452,88.36527498999999,43.501613230000004,83.16396925000001,61.5814969,85.02512562999999,51.11849391,91.92784739,51.3,56.329357449999996,81.56678816,77.41124878
2011-10-01,57.62356697999999,108.09961857999998,81.62405921,69.7669713,75.71743968,77.99747581,115.50962580215,112.77013752,190.1532442,88.59618718,125.98861397,353.71900826,111.05209396,81.82854660999999,80.81474118999999,67.32960971,82.66836844,102.21105528000001,56.30121816,92.47439387,61.5,58.17622162,94.39642471,59.5355804
2011-09-01,61.13163458999999,109.98429436999999,76.86899803,63.87975845,86.35361746,77.99747581,121.51012584382,123.51015061999999,190.74013693,101.90641248,140.59942302,526.44628099,89.47906026,67.92985503999999,80.17075659,164.47255908,65.41685949,74.3718593,51.02990033,108.82630202000001,65.3,56.791073489999995,77.3896113,69.18056091
2011-08-01,72.03947418999999,105.0033655,81.13047324,63.7246726,96.9692863,78.62852335,119.20993416118,120.36673215,190.1532442,100.51993068,137.51856248,447.52066116,86.29213482,100.22259623000001,88.64438960999999,69.85981848,45.41931482,78.3919598,62.36987818,103.2019574,58.4,40.16929588,95.74585773,72.61612620999999
2011-07-01,65.26983169,88.04128338,85.6340179,60.356112939999996,87.56310205999999,71.18216239,116.209684140345,116.43745907,187.21878056,103.1542461,133.74784215,478.51239668999995,95.36261490999999,97.48629133,57.231242130000005,129.90863364,53.486880410000005,90.95477387,51.1627907,100.16417578000001,61.0,53.86687187,82.79321162,74.9791783
2011-06-01,64.57502326,89.11824096999999,82.49525734999999,81.37061453,140.0242478,76.48296171999999,115.809650804234,115.65160445,186.63188782999998,113.83015597999999,125.76851306,433.47107437999995,107.62002042,112.53596829000001,56.04556287,64.92649392999999,51.14843323,78.69346734,46.1572536,104.29505035999999,62.3,62.947287419999995,83.87601798,80.24682944
2011-05-01,62.98806374,100.02243662000001,81.28072635,85.10567386999999,155.69549109,78.62852335,117.909825818818,118.79502292,187.41441146,105.51126516,146.03845176000002,430.99173554,100.02042900000001,104.82653780999999,58.092911709999996,198.08529553,56.09065693,92.26130653,47.619047619999996,97.00564553,66.0,54.02077722000001,73.58822052000001,66.77678369
2011-04-01,68.45009481,81.84877721,81.24296063,61.374512790000004,97.15139363,72.9490955,112.109342445204,110.01964636999999,188.00130419,109.11611785,122.61436559,411.98347107,108.11031664,71.38281123,72.9016918,84.34703411999999,60.52971257,116.58291457,44.96124031,94.15851966,66.8,76.18314736,69.61954084999999,70.93224871
2011-03-01,68.28463654,81.17567871,88.59497144,62.95243168,107.51866301,82.41480858999999,116.309692474373,114.47282252999999,192.1095533,106.75909879000001,117.04251102,410.33057850999995,90.21450459,125.78315869000001,57.12610471,68.51984046,81.63724868,110.85427135999998,44.518272429999996,102.96046012,67.5,76.18314736,65.44581357,88.50177702
2011-02-01,65.3513694,85.34888939,74.03508485,66.08962973,80.37393428,74.84223812,115.909659138262,111.72233137,201.30420605,76.94974003,119.79784636999999,359.50413223,98.30439223,75.13980129,56.98417043,112.94045825,67.71860045,101.30653266,45.847176080000004,77.90829458,75.6,44.01692959,61.36335599,62.612277299999995
2011-01-01,69.54121757,87.23356518,82.36248129,71.44708172,85.46425329,72.44425747,120.010000833403,116.3064833,214.80273882,111.19584055,135.00626196000002,295.86776860000003,87.02757916,77.00743797,75.82249258,79.67920268,63.90375471,104.82412059999999,49.74529347,86.39247544999999,79.3,67.56444786,71.16585520000001,66.18186534
2010-12-01,74.76070523,86.82970608,86.06496093,73.71001084,122.42365609999999,58.561211609999994,112.509375781315,108.97184021,226.93185522000002,103.70883882,121.50385003999999,673.96694215,61.53217568,93.53385091,126.40413425000001,90.71591621,68.66725534,69.24623116000001,45.27131783,83.41824575999999,78.8,69.25740669,303.47207504,66.67058654
2010-11-01,69.55455051,75.38703164,69.81364715,50.63630915,106.72170970999998,75.09465713,119.109925827152,111.19842829,233.38767524000002,109.53206239,115.61597367,515.2892562,145.37282941,83.7396167,75.54581827999999,41.49068474,83.58806873,87.53768844,55.016611299999994,98.34659097,81.5,50.78876490999999,90.77664714,65.70705693
2010-10-01,77.92181147,85.48350909,76.98951542,42.95976359,63.18665805,70.04627682,118.109842486874,114.07989522,236.12650796999998,112.58232236,116.28827580000001,706.19834711,114.2390194,77.65893914,41.33614063,95.92956638,65.71152661,79.49748744,50.23255814,94.73684211,84.19999999999999,52.327818390000004,89.23979238,70.81248950999999
2010-09-01,68.84660628,80.63719991,84.35677647,44.40818538,80.3683848,67.14345813999999,117.109759146596,113.94891945,241.79980435,95.25129983,121.08514835999999,754.95867769,132.87027578,65.51930071999999,36.5153615,85.10464606,65.90695224999999,52.66331657999999,52.09302326,96.28750887,83.6,49.86533282,85.23962139999999,78.89935331
2010-08-01,74.58316097999999,80.50258020999999,77.91411190000001,42.69259406,75.9358599,70.80353387,118.509875822985,111.85330713999998,247.47310073,89.98266898,119.41495579000001,628.0991735499999,164.73953011999998,94.74998642999999,28.583125329999998,95.38890055,69.36168654,68.84422111,52.89036545,96.63068922,96.1,59.71527511,85.19392549,74.85489841
2010-07-01,74.16034203,144.44693741,75.01919776,51.63639628999999,70.26260441999999,68.0269247,126.710559213268,120.75965946,247.47310073,107.31369151000001,128.46480982999998,609.09090909,102.71705820999999,84.56485151,38.412401880000004,75.24888324,72.95026969,69.14572864,62.59136212999999,96.71330671,79.7,72.7972297,86.04227369,69.84521864
2010-06-01,74.82890769,162.08211802,80.13565367,35.571234610000005,63.43771161,63.23096339999999,124.3103591966,117.616241,243.56048254,84.57538995,123.34558195,607.43801653,117.91624105,74.07568272,46.00275065,108.96526128999999,69.98988509,67.43718593,61.838316719999995,86.86275964,95.69999999999999,56.329357449999996,85.87543989000001,70.6039339
2010-05-01,77.26549134,147.27395109,82.17365271,43.64150368,64.67289271,60.70677325,124.210350862572,117.09233791999999,239.45223344,95.94454073,123.40239366,656.61157025,156.40449436999998,68.73337314999999,69.64109912,75.79081734,73.37462793,56.884422109999996,60.287929129999995,90.25007679,107.60000000000001,69.41131204,74.16149804,74.73689292
2010-04-01,77.25342182,127.75409469,84.61841482,33.61986701,62.74450942000001,52.12452672,114.409534127844,108.97184021,239.45223344,83.32755633,123.41276182,737.19008264,120.61287027,56.70231825999999,56.24377724,110.11646073000001,57.599282519999996,60.70351759,62.14839424,95.01647054,106.8,42.477876110000004,86.22317185,69.92431115
2010-03-01,83.05641709,115.50370205,91.6417132,34.260730499999994,62.164528649999994,57.80395457,118.509875822985,114.73477406999999,245.90805346,76.67244366999999,123.47602471,724.38016529,164.98467823000001,79.11395841,52.12012976,101.64994807000001,56.86869949,55.47738693,64.98338869999999,81.4799123,95.89999999999999,46.017699119999996,90.96925035999999,65.48897280999999
2010-02-01,79.78369094,109.98429436999999,81.67583805000001,26.995648890000002,48.0914747,61.716449309999994,120.310025835486,112.37721022,259.40658622,113.27556325999998,115.78456338000001,620.24793388,176.99693563,80.13464357,44.49879778,70.23361233,59.7719007,63.91959799,63.8316722,84.79732235,100.29999999999998,53.712966529999996,86.13570256,68.45124958999999
2010-01-01,80.53877505,103.38792910000001,87.39571317,52.86939835,41.635561859999996,63.10475389,122.610217518127,115.52062867999999,276.03521355,132.40901213,109.70302335,1761.57024793,347.37487229,82.74064824,33.07604164,84.16115783,56.046338309999996,59.49748743999999,58.78183832,97.89537236,93.89999999999999,69.56521739,80.37091754,70.4908583
2009-12-01,73.89662555,92.88759256,88.50745125,44.34515365,65.70364792,66.51241060000001,125.21043420285,113.03208905999999,287.1861754,103.29289427999998,105.39967197,842.9752066100001,196.36363635,70.44899289,110.07014879,93.49460507,104.98697435,61.40703518,61.705426360000004,91.71812607,108.3,54.790303959999996,69.66182422,66.94627043
2009-11-01,74.96160656,99.48395782,87.88306859,37.63722022,57.67210557,64.49305848,120.010000833403,108.44793713,296.18519724,121.45580589,107.59112022999999,793.38842975,119.1419816,69.66719149000001,41.52718085,110.32787026999999,64.02463257,59.396984919999994,60.64230343,84.1490928,96.1,44.94036168,65.12920371,72.94019313
2009-10-01,68.67192002,99.88781692,80.09914755999999,45.35259857,52.24749083,65.12410602,124.810400866739,114.34184676000001,308.70557546000003,94.83535529,103.15842292999999,834.7107438,172.33912153999998,55.008415219999996,36.842744589999995,75.09835202000001,94.64216551999999,68.14070352,61.705426360000004,83.52628401,86.1,52.63562909,68.42979239,72.71246357999999
2009-09-01,70.16161825,109.44581557999999,77.44996924,48.78427172,53.48954846,61.464030290000004,123.710309192433,109.75769482999999,325.33420278,119.93067590999999,98.98366311,819.4214876,155.17875382,55.3124491,75.43232427,71.27644774000001,69.1408292,66.13065327,56.96566999,93.83440489,91.60000000000001,44.94036168,64.02066465,69.07810503
2009-08-01,65.06908278,119.67691273,68.38268868,42.44218395,57.06920304999999,63.48338242,122.410200850071,105.5664702,344.11477011,79.3067591,96.04144952,854.95867769,202.24719099,63.00016288,42.739332479999995,67.53203011,61.87207665,63.216080399999996,53.95348837,90.91737192,95.6,50.78876490999999,69.95688732999999,65.97292002
2009-07-01,63.875419519999994,112.94592776,61.85893692,33.18894579,58.72536030999999,57.55153555,126.510542545212,109.8886706,366.80795563,90.67590988,96.41964693,897.52066116,222.34933604,78.22357348,30.53909428,94.08388675,76.38289131,48.14070352,49.56810631,93.38318627999999,91.9,39.24586379,71.22597015999999,54.779409779999995
2009-06-01,60.16936161,98.67623963,62.614791049999994,142.56616952000002,41.66511886,55.405973919999994,125.610467538962,104.64963981999999,395.76133025999997,65.71923744,88.94057495999999,851.2396694199999,322.61491315,65.58445084,48.90116188,80.41100032,74.69759391000001,58.291457290000004,49.56810631,85.77602186,91.4,42.477876110000004,67.09454380999999,68.22289649999999
2009-05-01,56.07169615,101.23401392,61.21149895,62.50761242,44.39769389,61.337820789999995,128.410700891741,105.69744596999999,418.45451578999996,66.13518198,87.58763019,877.68595041,260.83758936,53.596829359999994,24.258375049999998,60.942908679999995,70.98685904,69.64824121,54.2192691,97.34247069,105.2,40.78491728,58.355896210000004,82.56861078
2009-04-01,58.03747341,101.50325331,52.61690838999999,66.12968880999999,48.24673944,58.05637358,132.811067588966,110.01964636999999,426.67101398999995,71.12651646,92.66814699,882.2314049599998,217.20122572,42.30414246,26.75581781,90.89549714,89.0298456,52.7638191,49.52380952,89.60820242999999,102.2,32.78183917,57.35536319,66.42011717
2009-03-01,53.26968154,84.13731209999999,49.66551438,110.88704219,41.57313023,57.42532604,131.110925910493,108.57891289999999,435.0831431099999,52.68630849,90.18001435000001,1064.87603306,344.67824307999996,62.02291112,29.147322599999995,77.29602258,88.37886127,68.24120603,46.33444075,93.29421359999999,117.19999999999999,49.86533282,116.06180298999999,73.82842993999999
2009-02-01,54.520381240000006,97.59928203,45.545025169999995,74.63496676,43.04325934,53.891459829999995,131.910992582715,106.48330059,455.2331268,57.40034661999999,86.06109561000001,993.80165289,278.4882533,55.768499920000004,29.7291857,63.11643902,81.54898441,61.40703518,48.4606866,122.37557063999999,101.0,44.63255098,87.18837162,81.13455962
2009-01-01,47.36717103,91.27215616,44.85325354,52.064129130000005,42.12699226,56.92048801,142.011834319527,115.52062867999999,482.81708507,41.59445407,99.02951868999999,1048.34710744,385.86312561,56.05081709,21.09622023,66.394012,90.54341132,75.37688442,43.8538206,110.92351527,112.3,28.93420546,91.62815087,71.08645865
2008-12-01,50.58644801,124.79246129999999,57.97619853,53.77816714,52.9848035,53.260412290000005,148.81240103342,119.05697446,513.7267688,65.58058925,95.18785052999999,884.29752066,329.96935646000003,55.008415219999996,57.66865354,51.64289396,112.87753613,76.38190955,49.83388704,101.5241868,103.89999999999999,34.62870335,53.745544239999994,82.27848798000001
2008-11-01,52.63747291999999,133.13888266,60.92896462,46.3348635,49.50596469,57.67774505999999,156.113009417451,124.68893254999999,545.81023798,62.53032929,104.41802256999999,1075.6198347099999,313.54443306999997,72.64238015,39.04281686,96.29156474,105.29615871,87.33668342,50.23255814,99.22360742000001,124.2,46.32550981,71.55676969,79.08394149
2008-10-01,58.103648959999994,102.98407001000001,66.10385729,57.32977225,61.341135099999995,57.17290703,160.613384448704,131.89259987,580.24127808,58.9254766,112.31230860000001,1134.7107438,455.48518893,48.53683696,39.89702284,134.27152428,101.05333799,72.7638191,48.903654489999994,119.40134094999999,138.9,72.95113505,71.84123073,80.92050904999999
2008-09-01,57.826311610000005,103.79178819999998,72.26097346,78.68927243,83.78183813999999,55.1535549,163.613634469539,129.27308448,609.9771763499999,64.33275563000001,108.39727517,1123.5537190100001,369.43820222,70.16667572,36.70221147,41.10587863,99.68926753,94.87437186,64.98338869999999,115.82336803999999,138.39999999999998,48.78799538,77.45378806,88.14653296
2008-08-01,63.08655262,114.83060355,77.72359635,72.47880735,53.97455135,54.522507360000006,176.114676223019,137.91748527000001,639.51744371,94.69670710999999,111.6217104,1156.6115702499999,299.81613889,53.11906184,36.78208393,111.15986544,140.94648449,98.3919598,58.16168328,131.65415047,151.1,40.47710658,72.41946886,90.60993648
2008-07-01,62.91562689,111.19587167,83.99018586,61.877213340000004,89.3468249,57.55153555,175.214601216768,136.08382449,686.86012385,60.45060659,111.28637968,1230.5785124,298.10010212,74.33628318999999,46.90944011,106.00733689999998,87.62726396,71.85929648,59.31339978,133.55435278000002,162.79999999999998,41.246633319999994,78.7748138,116.17347917000001
2008-06-01,66.76805722,121.83082791999999,79.91661702,69.51263704,50.39104797,61.085401770000004,187.915659638303,144.99017682,748.67949131,77.9202773,120.89459922,1335.5371900799998,352.76813072,57.09321896,34.48290464,83.33083775,85.70872625,98.69346734,66.35658915,128.12066391000002,189.1,42.63178145,73.51065328,106.14603306
2008-05-01,66.84211037,108.50347767999999,84.08472386,56.24000184,65.18484016,56.415649980000005,199.416618051504,151.80091683,825.75806972,78.89081456,130.63434885,1284.29752066,357.42594481,70.97019382,37.380555199999996,73.92404843999999,95.49005312,94.57286432000001,70.16611296,115.91869590999998,165.3,41.09272797,78.06204006,87.88482033
2008-04-01,66.47460829,113.34978686,91.12190041,81.21798127,58.30337821,61.085401770000004,211.817651470956,159.26653568999998,913.4007172500001,90.12131716,125.34013993999999,1364.04958678,390.5209397,42.217275640000004,69.93917185000001,66.36101321,84.57782257000001,69.34673367,104.89479512999999,126.067937,191.39999999999998,55.5598307,81.43415304,130.09978293
2008-03-01,63.09864912999999,100.69553512,80.68940837000001,68.43439382,46.76841185,61.21161128,222.618551545962,165.29142109,989.1098792999999,87.20970537,140.95791784,1026.03305785,325.31154236000003,66.99603669999999,37.639290190000004,84.28910121,94.12141828,99.39698492,77.56367663,129.56329241,196.70000000000002,49.86533282,71.31889892,146.72339673000002
2008-02-01,68.88284378,131.25420687,88.12264133,95.66647302999999,60.21920554,64.99789650999999,236.719726643887,174.19777341,1056.0156504,75.97920277,145.09816299,1407.0247933899998,397.38508679,44.69298007,39.58635672,98.88804461,84.15502258000001,93.36683417,79.55703212,126.47466926999999,201.39999999999998,65.87148902999999,77.13046591,136.01157335
2008-01-01,71.25834252,123.71550371,76.55852741,91.87434993,73.72938162,61.085401770000004,245.520460038337,176.8172888,1129.9641342599998,83.46620451,139.17837335000002,1445.04132231,368.45760978,64.58548238,54.99516985,100.56715515,104.48897378,88.94472361999999,88.81506091,126.29672389999999,248.70000000000002,61.56213928,110.51775083999999,133.90292675
2007-12-01,72.14123914,107.02266098999999,87.92764968,88.67493769,86.87754876,64.7454775,253.621135094591,177.60314342,1225.4320181800001,93.3102253,140.96509268999998,1278.51239669,362.81920324,54.052880179999995,45.92110016,86.59583869000001,98.94846321,89.14572864,84.38538206,135.83586658,210.3,53.55906118,66.25926794,127.19128673
2007-11-01,72.82537409,121.69620822,84.76387693000001,82.63525508000001,55.57793787999999,63.23096339999999,268.422368530711,180.87753766,1352.78774037,82.91161179,127.19519847000001,1399.17355372,349.33605716999995,56.202834030000005,130.50380575,177.11480777999998,103.80800785999999,113.06532662999999,86.86600221,152.34029933,251.29999999999998,48.94190073,89.21826536,127.25130273
2007-10-01,71.09058347,137.04285394,90.14471534,79.02846654,80.02310702999999,60.45435422999999,285.323776981415,192.40340537,1484.6429734899998,97.88561525,140.63183723999998,1455.7851239699999,287.55873338,51.66404256,246.23332750000003,113.87040592,87.66787235999999,104.72361808999999,85.53709856,134.11996483,221.49999999999997,56.48326279,80.27811239,135.92833037
2007-09-01,70.31502194,108.23423828,90.27427490999999,68.8526433,79.57624836,64.871687,302.825235436286,199.08316961,1598.69579383,74.87001733000001,136.67930932000002,1326.4462809899999,356.69050048,65.43243389999999,51.414219800000005,81.65199897,113.43083107,109.74874372000001,88.37209302,139.44561545,234.6,62.177760680000006,87.48865181,133.31625086
2007-08-01,65.65280225,131.25420687,85.63635717,65.07384598,72.10531062999999,59.57088767999999,319.926660555046,210.34708579,1708.64036507,88.45753898999999,147.96534768,1601.6528925599998,354.48416748999995,59.37347304,68.05529681,89.06531033,101.24582265999999,108.94472362,100.64230343,137.29756067,230.10000000000002,71.71989226999999,78.90350015,143.15552343
2007-07-01,65.03471799,113.88826565000001,85.55302068,60.193342279999996,78.32667153,61.968868320000006,329.92749395783,212.83562540999998,1805.0864035299999,106.75909879000001,148.69843477999999,1422.72727273,364.2900919,56.115967209999994,56.150652099999995,78.22421259,101.80906789999999,99.69849246,94.08637874,126.90046711000001,265.7,58.48403232,78.04892766,145.84353877
2007-06-01,65.96923174,130.44648868,91.57934017,64.75255583,69.31943196,60.32814472,342.128510709226,220.03929272999997,1892.72905107,94.14211438,148.76496145,1564.46280992,317.22165472,59.742657040000005,44.991134609999996,120.33676684000001,104.22574437,99.79899497,120.31007752000001,140.05571385,243.1,72.64332436,97.89362105,153.36147817
2007-05-01,62.78077724999999,106.21494279000001,87.47077225,84.19289917,62.937626820000006,62.97854439,345.228769064089,219.12246234,1972.3508313,97.19237435,146.41803219,1764.8760330599998,301.77732378,61.58857701,66.24307725,137.56626305999998,68.72093179,115.57788945,95.19379845,138.2635498,234.7,65.87148902999999,93.4128514,150.96356615
2007-04-01,64.13081251,102.98407001000001,83.1264329,65.24520073,58.06087942,63.48338242,351.929327443954,220.30124426999998,2033.19204421,106.89774697,144.83852643,1643.3884297500001,391.74668025,32.37960801,47.70982958,106.2568596,88.1086524,138.49246231,93.77630122,131.10760399,207.79999999999998,59.407464409999996,84.33512279,165.65984791999998
2007-03-01,61.537808289999994,117.25375814,84.40396674,80.36488642,77.24660779,61.21161128,365.830485873823,232.08906352,2091.0987934699997,100.51993068,155.24237164000002,1787.1900826400001,396.64964246,53.33622889,58.28712839,99.56802134,93.82333675999999,97.88944724000001,96.69988926,111.03790871999999,245.9,58.94574836,93.43220052,166.64075879
2007-02-01,69.19987739,114.96522325000001,68.77294189999999,49.004024369999996,81.07938054,60.58056374,369.530794232853,230.51735429,2145.0929245400002,119.09878683,151.37563949,1779.33884298,421.4096016,53.87914653,60.668935440000006,75.45787799,85.63277676,117.88944723999998,94.17497231,106.65918165999999,240.79999999999998,43.24740285,92.22316119,152.06982862
2007-01-01,62.41992277,123.17702491,84.84525654,72.22847899,67.24968249999999,64.11442996,376.931410950913,231.43418468000002,2193.8050210499996,90.39861352,142.73010245,1791.73553719,448.86618995000003,72.90298062,44.5554624,127.64769237,93.45312501000001,124.22110553,92.09302326,114.31083242,293.5,58.17622162,82.33961571,154.27130516
2006-12-01,62.939855730000005,132.86964325999998,80.18421602,68.04304115999999,82.69282978,57.80395457,382.13184432036,234.57760313999998,2235.86566663,92.89428076,159.22445081,1778.5123966899998,323.59550558999996,58.67853846999999,50.65739521,123.79926179,90.30223567,166.93467337,88.50498339,107.25656967999998,250.4,192.38168525999998,80.71268848,142.14530603999998
2006-11-01,63.93175685,129.90800987999998,82.17268551,104.47472841,65.3978341,66.51241060000001,387.332277689808,239.68565814999997,2268.14476673,89.42807626,162.50029898,1518.59504132,479.26455563,64.93294967,47.485590859999995,76.99302322,83.04694847,96.98492462,90.71982281,108.47041128999999,254.70000000000002,101.73143517,84.60731405,149.09498355
2006-10-01,62.03427916999999,125.8694189,83.02073838,79.94859903,72.13077797,72.44425747,392.432702725227,240.60248854,2287.70785769,103.98613517999999,154.63232602,1557.0247933899998,396.15934624,52.48927738,38.86714917,65.25753444,83.77044267,117.08542714000001,102.90143965,100.71707746,299.1,81.7237399,83.93153368,141.80629358000002
2006-09-01,66.11833601,134.61969936,76.59465114,66.65225539000001,64.52088794000001,76.48296171999999,390.832569380782,238.89980354000002,2274.79621765,99.27209705,138.41216733,1804.54545455,395.42390191,45.14903089,96.59727262,78.40967625,107.80923562,102.31155779000001,106.35658914999999,98.44827403999999,251.39999999999998,78.03001154,87.1394904,145.14916534
2006-08-01,65.34676061,131.38882657,81.76434794000001,69.79934558000001,65.96811619,79.51198991,385.132094341195,239.81663392,2212.7812192899996,102.04506066,149.44682978999998,2027.6859504099998,328.74361590999996,59.63407350999999,48.841464169999995,102.00367166,89.52747631,95.67839196,97.49723145,88.82015867,261.4,82.80107733999999,96.59002158,145.56995934
2006-07-01,69.50933768,132.19654477,77.39780801,53.412730239999995,61.53891074,85.06520825,377.53146095508,239.68565814999997,2110.8575153499996,123.95147313999999,148.81033575,1822.31404959,322.86006126,51.59889245,90.09785507,94.31911849,92.87350524,107.33668342,100.59800664000001,83.9203059,259.5,99.2689496,93.9101903,149.70445773
2006-06-01,63.67243588,136.23513574999998,74.70132695,62.95938071,53.81702652,81.65755154,369.530794232853,241.38834316,2007.7600259499998,121.45580589,155.95887027999999,2163.6363636399997,273.09499487,56.44171779,77.78452575,104.43624575999999,97.25547977,116.48241206,89.43521595,84.81638792,285.8,81.26202386,99.31708934,148.90725817999999
2006-05-01,66.42281986,131.25420687,76.12792178,98.01377147,65.08800215,88.59907447,360.130010834236,234.83955468,1925.98630571,109.11611785,151.6343165,2138.4297520699997,341.73646575,49.66610565,43.18798581,109.3042213,104.23516918,95.77889447,95.59246955,90.79662327,247.8,90.49634475,106.33047214,138.79364622999998
2006-04-01,62.00887958,130.71572807,73.64804812999999,73.92305972999999,40.65432436,96.42406395,361.530127510626,240.47151276999998,1879.4261492099997,93.72616984,158.47433092,2170.24793388,321.3891726,50.31760682,60.19002822,97.77690328,119.82692419,108.74371859,85.89147287,80.65373738,275.3,88.64948057000001,98.94099107,138.0418484
2006-03-01,64.79186276,138.38905094,76.64687984,75.47604389,57.245365469999996,100.4627682,360.230019168264,242.30517354,1876.1004237400002,119.51473136999999,148.70525271,2378.0991735499997,376.30234931,52.33726044,68.55624662000001,112.2895046,108.17151506,160.90452261,92.49169434999999,83.22123481,245.5,70.95036553,101.77429602000001,128.42091326
2006-02-01,63.578308539999995,136.63899485,69.95254131,72.53268272,56.81881856,106.77324358999999,360.330027502292,239.42370661,1872.77469828,103.01559791999999,149.97752798,2142.97520661,382.43105206,54.747814760000004,84.83522959,128.89425186,120.05221348999999,101.70854271,103.25581395,68.29924479,244.39999999999998,66.17929973,97.82776600999999,144.26698858
2006-01-01,62.67691031,147.94704959,71.18774336,70.43661193,64.00557803,117.87968027,359.229935827986,238.37590046,1839.12618182,122.42634315000001,154.73380623999998,1685.1239669400002,360.85801836,65.62788425,78.8239298,67.41846312999999,94.78902861,102.61306533000001,96.12403101,69.03009182999999,295.9,52.327818390000004,71.39822297,153.33762766
2005-12-01,63.30106797,158.98586494,97.57423696000001,43.26421258,46.780772819999996,92.13294069,383.731977664805,295.74328749,1800.1956307899998,90.5372617,163.79376627,11391.32231405,372.13483143,68.29903904,62.86566417,72.80851223,86.27173287999999,139.29648241,109.81173865,68.3691519,264.9,79.10734898,99.72544431,164.92233310999998
2005-11-01,64.50357962999999,134.21584026,68.98844715999999,70.40203031,53.26103098,86.70593185,345.028752396033,234.57760313999998,1777.11118345,108.00693240999999,143.81980758999998,3409.9173553699998,410.86823286,66.84401976,52.046210599999995,124.23591073,96.51258997,121.10552763999999,90.27685493,71.57852369,283.2,72.48941900999999,119.17221463,152.64777490999998
2005-10-01,62.041329329999996,123.58088401,75.86353928,51.00174603999999,47.188374509999996,80.90029449000001,334.627885657138,221.48002619999997,1775.1548743499998,94.69670710999999,137.90388363999998,2898.34710744,367.72216543999997,34.79016233,55.24809429999999,156.66189447,94.12642536,103.51758794000001,87.17607973,75.12472063999999,245.8,67.41054252,100.68286061,157.05238426999998
2005-09-01,61.050103580000005,133.00426296,72.13730705,71.82281952,49.18482772,84.30795119999999,335.527960663389,222.92075966,1789.63156167,117.85095321,141.31676676,2550.0,462.34933602,54.443780880000006,50.86701001,129.56039438,73.26605905,95.67839196,92.89036545,64.32725,273.2,71.56598692,101.97407236,158.8722331
2005-08-01,62.34128405,131.65806597,70.5249202,72.94537298,47.10836979,80.52166597,337.828152346029,222.13490504,1802.5432017100002,106.34315425,137.87792493,2452.47933884,390.03064348,50.686790810000005,54.243930490000004,107.23141881,86.02604055,101.50753769,92.58028793,66.88203705,273.9,51.86610235,99.90187544,144.25116617999998
2005-07-01,64.16832652,122.77316581,71.62437711,47.68501793,46.39677501,79.89061843,334.727893991166,221.21807466,1794.1310725899998,106.06585789,137.50983174,2848.34710744,348.60061284,59.568923389999995,41.26062752,61.860445569999996,86.18579907,106.43216079999999,91.9158361,67.14259991,241.2,86.34090035,83.14125417,142.91657011
2005-06-01,70.14838553,141.08144492,73.53553824,65.85091033,69.4292521,78.88094237,331.127593966164,221.61100195999998,1754.02673611,98.85615250999999,147.19640342,2007.43801653,363.30949946,58.24420435,50.75837489,57.40821998,88.38105284999999,65.02512563,96.47840532000001,63.107053199999996,241.6,60.330896499999994,83.79934846,136.31329015
2005-05-01,72.91623059,140.67758583,72.05066409,82.84078268,56.42910612000001,83.42448465,319.426618884907,209.56123117,1694.75057048,120.62391681,132.89828156000002,2028.5123966899998,458.18181814,74.792334,76.39692876000001,71.5918801,73.55381600999999,128.14070352,86.20155039000001,63.25322261,255.6,54.63639861,83.03610944,146.11101918
2005-04-01,65.76365263,125.3309401,70.86802813,76.77526605,43.57977649,75.34707615,314.726227185599,211.26391618000002,1650.7336158,124.78336221999999,130.4574341,2461.5702479300003,462.10418790999995,60.48102503,69.72937657,174.41401481,74.19487289,114.17085426999999,75.43743079000001,55.372784949999996,279.0,60.0230858,85.8825318,120.44952178999999
2005-03-01,65.55106426,116.04218084,67.40003782,73.25717976,55.97218475,79.38578039999999,313.126093841154,207.46561886,1645.0603194199998,123.81282495999999,131.00982694,2078.92561983,388.31460671,57.245235900000004,58.34381277,82.71423744,73.46249909,91.55778894,131.20708749,63.304064149999995,296.09999999999997,57.09888419,89.17977075,116.16315174
2005-02-01,67.59470822,118.33071573,69.24736386,43.64575485,53.08083401,85.31762726,314.826235519627,208.64440079,1644.0821648699998,107.17504333000001,127.43057200000001,2004.1322314,413.07456585000006,49.14490472,46.53458863,135.2667219,84.52949837999999,104.02010049999998,100.64230343,66.60876381,285.9,52.94343978,82.08367055,114.32522018
2005-01-01,71.41067534999999,115.77294145,61.183765109999996,60.29267244,46.24254231,90.87084560999999,319.526627218935,214.53831041,1627.06227573,92.06239168,143.63060964000002,2108.6776859499996,519.46884572,53.075628429999995,75.05092311,83.89049613,73.57565843,110.35175879,101.79401992999999,59.13505840999999,335.09999999999997,63.870719509999994,57.01734232,115.82111900000001
2004-12-01,67.99552779,118.19609603,69.85341473999999,77.92676014999999,47.32819643,75.85191418,316.226352196016,414.14538309999995,1628.4316920999997,108.42287694999999,136.03594966,1878.9256198299997,441.02145041999995,55.22558228,77.9073585,98.24008527,110.22376409,93.5678392,103.65448504999999,61.31043739999999,306.9,54.328587920000004,69.82582701,109.12701612
2004-11-01,65.04238437,110.11891407,70.76489781000001,51.42432844,45.94227614,82.54101809,312.82606883907,409.69220693999995,1636.84382122,89.01213172,132.42734149999998,1920.24793388,397.13993868,50.18730659,54.75451039,48.95032424,81.85391046,101.90954774000001,104.27464009,65.71079277,306.5,63.870719509999994,72.16340179000001,130.697137
2004-10-01,64.89931344,125.19632039999999,70.08947857999999,44.05304939,45.59703838,80.26924695,310.925910492541,407.20366732,1622.75839572,96.91507799,134.92807137,1907.43801653,439.55056175999994,43.15109398,62.09178883999999,32.160100039999996,79.94740619,114.07035176,118.53820598,48.563152949999996,265.6,62.947287419999995,66.54814289,110.87055887999999
2004-09-01,64.55226900999999,112.00358986,66.77268608,85.74882645,56.622720029999996,77.7450568,300.325027085591,393.32023576,1598.69579383,100.93587522,128.01947356,1998.34710744,410.62308475,66.08393507,49.207482889999994,97.99464612,59.551944209999995,90.85427136,95.10520487000001,60.95552208,260.59999999999997,57.25278953,72.66172208,105.92633163
2004-08-01,68.69508511,99.21471842,71.91725822,69.28372802,47.838537099999996,81.15271351,297.824818734895,390.04584152,1572.0899901199998,93.86481801999999,132.00343668,1540.49586777,467.74259445,65.49758401999999,56.351441369999996,109.11988176,78.27549293,123.11557789,98.42746401,61.16338821,268.5,55.8676414,53.514914160000004,113.50467674
2004-07-01,69.65805822,111.73435046,71.53440519,61.61494901,47.63858742,76.35675221,294.724560380032,385.98559266999996,1543.91913912,127.55632582,121.17232630000001,1847.5206611600001,433.66700711000004,44.454096310000004,46.84346963,204.15941159000002,72.25039109,110.05025126000001,103.38870432,58.02541955,269.2,51.712197,51.392475999999995,108.19783982
2004-06-01,72.61978512,134.35045996,80.07550744000001,43.701183529999994,45.289939509999996,81.65755154,294.024502041837,385.06876228,1515.74828813,112.44367418,127.50871907000001,2055.78512397,478.5291113,52.66301101999999,80.68381437,40.911544570000004,64.71260433,109.04522613,150.83056478,56.35316589,284.5,50.94267026,48.033996159999994,99.79532692999999
2004-05-01,75.03904193,106.08032309,66.38238788,79.07522938,48.16632042,88.72528398,294.424535377948,385.59266536,1492.2725789699998,98.99480068999999,127.60662597000001,1982.23140496,450.58222673,56.4634345,59.094440930000005,105.61109218,71.26448761,105.32663317,118.05094131,64.33150343,314.1,50.94267026,44.80645954,105.26233642
2004-04-01,74.3413186,95.17612744,70.57622669,63.516528900000004,52.642547279999995,97.55994952,293.124427035586,383.88998035,1478.7740462,100.51993068,121.22158127,1772.31404959,556.7313584799999,36.94011618,43.185776749999995,69.45030907,78.28741749,102.81407035000001,123.10077519,67.10188696,299.8,50.01923817,49.57868053999999,87.51124021
2004-03-01,77.13411554,110.38815346999999,69.55194132,95.44500355,53.40445559,113.20992849,294.524543711976,385.72364113000003,1466.05803707,99.54939341,113.57058634999999,1869.4214876,444.45352397000005,54.552364409999996,41.12238991,77.44813427,68.75640003,57.68844221,116.58914729,63.98439218,285.09999999999997,53.712966529999996,91.86634496,94.92964658
2004-02-01,75.85465631,105.67646398999999,58.9068906,42.07682881,39.90483914,125.45225074,293.724477039753,384.67583497,1441.01728064,86.51646447,121.83008434,2017.76859504,520.69458627,31.18518921,76.79858473,39.91209575,57.711380209999994,107.43718593,123.05647841,68.4123672,262.5,50.78876490999999,46.69986701,114.46156171999999
2004-01-01,75.3833746,132.06192507,62.06924629,47.2413432,43.7782354,131.2578881,294.724560380032,385.98559266999996,1400.52168233,119.93067590999999,117.78580976999999,1953.3057851199999,405.72012254,57.505836359999996,30.07069182,98.49737801,65.67588241,73.06532663,137.98449612000002,71.7101574,266.1,51.25048095,47.007083189999996,87.02376609
2003-12-01,75.18168130000001,113.08054746,63.070543840000006,42.86435758,62.815010879999996,120.78249894999999,286.823901991833,375.63850687999997,1366.28627314,106.06585789,112.20165957999998,1957.8512396699998,564.57609801,55.290732399999996,49.16898875,84.21948157,93.91245897,84.8241206,111.71650054999999,86.38759811,284.3,46.017699119999996,50.5487459,87.49765866999999
2003-11-01,75.88906179,105.2726049,65.05689899,37.659538850000004,56.86062227000001,94.78334035,272.722726893908,357.17092338,1353.96152583,109.11611785,111.81790312,1743.80165289,455.24004081999993,44.49752972,54.73955938,96.85642209000001,68.24449931,66.53266332,131.20708749,50.36684228,292.6,41.400538669999996,32.77329801,91.13772653999999
2003-10-01,80.25107646000001,96.52232443999999,61.89015718,59.81114598,65.51746849,94.40471183,272.62271855988,357.03994761,1355.91783493,121.03986135,106.30215220999999,1782.23140496,487.59959138,47.10353439,55.708446050000006,71.09405278999999,62.45787803,80.30150753999999,103.74307863,51.20233088,320.7,55.25202001,42.39181308,77.54373215
2003-09-01,80.53218182,95.44536684,64.68783416,39.850525139999995,49.54832743,90.49221708,270.922576881407,354.81335953,1358.85229857,102.32235702000001,111.53836698999999,1959.9173553699998,458.18181814,61.58857701,47.6853128,82.64860218999999,68.47396689,74.47236181,121.50609080999999,52.72573585,286.6,45.24817237,41.913909430000004,82.00640895
2003-08-01,73.46962514,109.31119588,59.46638102,61.98381953999999,52.42408719,94.40471183,271.822651887657,355.99214145,1360.02608403,103.43154245999999,105.78671227000001,1821.07438017,452.54341160999996,57.6361366,52.00947779,45.438042779999996,72.52491481999999,71.85929648,123.05647841,47.53938848,282.3,45.70988842,40.543046849999996,82.61533752999999
2003-07-01,76.54713887999999,104.0610276,62.66445556,76.42127461,58.71296759,87.96802693,272.022668555713,356.25409299,1354.74404947,127.694974,106.76296814999999,2054.95867769,441.75689475,62.78299582,104.80109656,54.78370821,59.78601159,76.88442210999999,107.90697674,50.48050319,314.1,37.39899962,41.44814009,76.65853512
2003-06-01,73.25666438,100.96477451999999,59.757575149999994,70.79616259,37.50171598,95.6668069,271.022585215435,354.9443353,1355.91783493,106.34315425,98.17404545,2024.38016529,429.98978546,61.89261089,193.80903142,156.30679068,72.84661596000001,79.69849246,112.69102989999999,48.62353693,297.9,49.86533282,34.28604799,73.60389604999999
2003-05-01,70.41670406,92.61835316,57.5292405,54.231733999999996,61.75215314,97.43374001,276.023001916826,361.49312377,1375.4809258999999,104.12478336,103.02327561,2037.60330579,361.10316647,52.9887616,51.06386138,33.67450024,71.81425781,67.03517588,107.33111849000001,48.44225547,319.9,46.9411312,34.36152535,61.867494320000006
2003-04-01,73.67579266999999,103.11868971,54.60537788999999,53.69183574,51.9992174,103.23937737,276.023001916826,361.49312377,1376.26344954,111.05719237,101.58432047999999,2082.23140496,418.95812049999995,44.4106629,56.50218451,52.654673100000004,65.88397886,67.63819095,103.8316722,45.33854509,296.09999999999997,42.016160060000004,36.269683949999994,68.90109679999999
2003-03-01,72.47695476,89.52210007,56.79196557,54.97895842,40.53537324,112.07404292,279.023251937662,365.42239686,1342.22367125,98.44020797,97.88878711999999,2141.32231405,480.49029618,63.23904664,77.22032395000001,88.82151927,111.59262980999999,80.20100503,108.26135105,43.44596127,281.09999999999997,40.16929588,29.326846229999997,73.20964158999999
2003-02-01,71.5205811,86.29122729000001,53.48237083,41.73976029,41.682211099999996,124.56878418999999,275.422951912659,360.70726916,1303.48875114,89.42807626,99.73022862,2088.8429752099996,416.7517875,49.4706553,64.56305564,65.64188469999999,65.36412466,54.47236181,89.56810630999999,43.44360725,328.6,56.63716814000001,25.70287061,65.72872505000001
2003-01-01,73.13627203,91.13753645999999,60.12963154999999,44.09032886,45.77922304,141.35464872,270.822568547379,354.68238376,1278.2523637900001,83.32755633,96.14238572,2236.7768595000002,358.65168536,49.81812259,75.64463616,51.21863655999999,56.59206609,89.14572864,99.88925803000001,44.70469361,281.3,38.6302424,42.64759986,64.11123536999999
2002-12-01,70.41538886000001,88.57976218,53.776691480000004,38.999882889999995,50.39589297,126.58813631000001,268.422368530711,351.53896529,1261.03684374,80.41594454,98.24244452999999,2206.1983471099998,375.56690497,68.34247245,55.46592295,59.87562911999999,75.82555811,71.55778894,117.43078627000001,49.17202105,301.3,37.39899962,37.42010329,75.21974893
2002-11-01,70.2576066,92.61835316,54.824751940000006,41.09325583,44.89146879,91.88052167000001,256.021335111259,335.29796988,1248.1252037000002,96.91507799,97.27597258,2190.49586777,330.70480079000004,51.555459039999995,56.629143289999995,59.86262139,74.22677757,79.89949749,97.49723145,48.05813759,288.0,37.24509427,38.781766829999995,61.86957929
2002-10-01,88.5321659,84.81041058999999,57.57388906999999,42.15089723,43.24199258,86.95835087,256.321360113343,335.69089718,1233.84414729,98.71750433,98.73446464,2049.17355372,378.01838607999997,46.77778381,69.91405182,91.71835377999999,79.01350901,67.63819095,142.28128461,46.80370434,336.1,29.54982686,43.72441623,88.50859702
2002-09-01,67.48930087,93.56069105,55.027211259999994,40.806302030000005,53.13804236,93.77366429,251.82098508209,329.79698756,1206.45581994,86.37781629,99.8716717,1965.2892562000002,361.59346269,47.277268039999996,63.67723466,51.182750860000006,61.65621493,77.08542714,104.45182723999999,44.23583708,369.2,31.85840708,33.523410209999994,63.23835330000001
2002-08-01,84.51332659,104.19564729999999,60.07517604,30.349084199999997,39.98968887,94.27850232,249.52079339945,326.78454486,1175.54613621,95.80589255,87.26027481,2133.4710743799997,378.26353419,59.330039629999995,63.1637418,23.03145581,65.21503463,70.15075377,91.38427464,47.331287849999995,359.79999999999995,38.784147749999995,29.07141688,58.719966850000006
2002-07-01,71.12942468,106.21494279000001,54.58225511,46.64168334,43.237830849999995,98.56962558,247.520626718893,324.16502947,1148.15780886,98.99480068999999,94.04502284,1982.23140496,412.82941774,86.08502089999999,62.14894164,63.18560772,60.74476115,73.5678392,109.94462900999999,45.76051318,393.40000000000003,34.1669873,29.77822402,60.6546255
2002-06-01,72.62394126,95.71460624,53.11398078,85.43824597,50.84386972,96.92890198,242.420201683474,317.48526523,1119.2044342299998,86.23916811,93.13592546,1973.96694215,475.58733398,65.21526684,57.269964529999996,74.87591128999999,64.78783095,70.55276382,92.84606866,47.14015793,350.5,30.78106964,32.41146189,60.29072977999999
2002-05-01,72.1883303,87.09894548,55.17631723,42.842038949999996,43.920479820000004,98.31720657,236.819734977915,310.15062213,1098.07629598,88.04159445,91.89392016,1804.54545455,356.20020426,80.93816168,65.78606134,97.56873845,55.924405990000004,67.43718593,91.96013289,38.70469943,335.9,35.244324739999996,37.87340838,59.39528326
2002-04-01,77.01795621999999,87.63742427999999,61.484698699999996,52.50665931,35.54209724,100.33655869,240.820068339028,315.38965291,1088.68601232,92.89428076,99.34772955,2102.8925619799998,321.63432071,40.45822249,77.06797768999999,83.37524365,56.968708889999995,69.24623116000001,92.35880399,46.11044617,368.0,38.16852636,30.7408635,64.92879749
2002-03-01,75.39334834,78.34866502,55.13819163,35.4540005,46.77654897,89.35633150999999,233.119426618885,305.30451866,1082.8170850299998,98.57885615000001,96.25131547,1898.34710744,353.50357505,48.080786139999994,85.75003326,41.23558737,52.516529160000005,66.63316583,90.49833887,45.7846165,381.3,33.39746056,35.621431619999996,61.715154999999996
2002-02-01,70.94348477,103.79178819999998,54.506026389999995,30.576766919999997,34.102012259999995,93.01640723999999,235.019584965414,307.79305828,1083.01271594,93.58752166,90.44404607,1949.17355372,368.21246167,71.46967805,84.30322231,46.95321168,55.127764219999996,78.69346734,89.30232558,38.40062806,379.5,30.0115429,26.874892589999998,62.295575979999995
2002-01-01,69.60809372,75.25241194,50.21773955,33.764406709999996,43.96594834,92.63777872,233.619468289024,305.95939751,1089.0772741399999,79.58405546,93.11698867,1797.9338843,446.65985696,73.01156415,68.54186559,56.209824389999994,55.838663190000005,73.5678392,75.65891473,47.839819150000004,341.0,31.088880340000003,26.383337519999998,58.76412148
2001-12-01,71.26034426,79.15638322000001,46.05809007,46.04831847,46.1943407,84.30795119999999,230.619218268189,302.03012443,1099.0544505300002,97.05372616999999,89.97377483,1820.66115702,404.49438199,71.86057875,44.03605381,65.81834137999999,41.6081609,69.34673367,75.57032115,165.24729947,418.9,36.32166218,36.552112120000004,54.386948000000004
2001-11-01,71.99747928,80.23334082,45.868271809999996,43.660306920000004,67.28347330999999,90.7446361,234.119509959163,306.61427635999996,1116.46560149,75.97920277,96.17624205999999,1802.0661157,333.15628189,61.56686031,71.51504376999999,55.643525319999995,48.401657889999996,79.89949749,83.72093023,100.04063836999998,370.2,31.85840708,30.287443359999997,54.86208766
2001-10-01,71.7102211,91.00291675999999,43.10633617,54.0959419,36.86385225,103.23937737,247.020585048754,323.51015062,1132.11607427,87.07105719,101.91142208999999,1792.97520661,467.74259445,48.62370378,57.61689056,53.79841902,62.160945430000005,76.58291457,79.91140641999999,53.90415838,371.4,32.01231243,28.7295389,61.753834139999995
2001-09-01,71.64847535999999,90.86829706,41.58095216,40.17909133,23.05452808,103.11316785999999,248.820735061255,325.86771447,1134.8549070000001,113.13691507999998,91.76019691,1510.33057851,341.98161386,58.808838699999995,73.87155983,49.68160092,73.89171268,80.60301507999999,74.9944629,60.07076431,427.2,39.70757984,28.88689638,57.29522985999999
2001-08-01,72.62292314,92.34911376,42.39045206,78.67611016,30.24128756,106.01598654,247.320610050838,323.90307793,1135.2461688199999,96.91507799,94.37505248,1570.24793388,380.71501529,55.33416581,71.30096649,68.86952277,51.74412987,77.78894471999999,83.27796235,56.25917687999999,430.19999999999993,30.93497499,235.35921960000002,46.878322770000004
2001-07-01,65.40036144,91.67601526,41.12517689,58.91635699,35.647196609999995,112.45267143999999,253.421118426536,331.89259987,1134.8549070000001,77.64298093999999,102.34499123,1763.63636364,372.62512765,63.17389651999999,64.86308792,86.98254302,65.46925585999999,80.40201004999999,70.21040975,58.711378970000005,422.79999999999995,20.931127359999998,71.84111440999999,49.69923069
2001-06-01,60.674490930000005,78.21404533,44.606618,50.42922825,24.62946574,112.70509044999999,248.520710059172,325.47478715999995,1113.1398760299999,78.89081456,94.5855961,1736.7768595,335.11746678,51.96807644,69.52019917,61.63694087,57.15897699,72.66331658,77.78516058,62.97932576,470.0,38.16852636,55.004892739999995,54.35641389
2001-05-01,61.044777839999995,95.57998654,43.97649963,62.989384140000006,28.17271829,113.84097602,247.020585048754,323.51015062,1087.90348868,100.93587522,94.51394617999999,1792.14876033,393.21756892,82.89266518,55.36262425,49.21203731,54.18093713,85.82914573,73.08970099999999,56.32670941,454.1,34.01308195,44.70836372,54.74110086
2001-04-01,51.65857489,93.96455015000001,35.62420347,38.797053149999996,26.145704269999996,107.15187210999999,235.719643303609,308.70988867,1094.55493961,79.44540728,88.14581051,1407.43801653,312.07354441,48.71057061,52.78377793,54.2671837,44.631670480000004,83.41708543,77.65227021,68.32013866999999,421.1,29.54982686,42.401121069999995,53.44602182
2001-03-01,47.448043649999995,101.09939422000001,39.13477299,32.9479373,30.88629456,100.71518721999999,247.620635052921,324.29600524,1121.16074332,76.81109185,99.73861692,1601.6528925599998,361.10316647,68.75508984999999,38.06477142,57.108053410000004,57.783755479999996,84.92462311999999,70.12181616999999,88.17513609999999,460.50000000000006,44.63255098,39.35167243,55.01462184
2001-02-01,47.59791522,94.36840925,43.53460253,30.53270194,27.75169966,103.99663441999999,249.220768397366,326.39161755,1149.5272252299999,100.65857886,99.6650578,1537.6033057900001,366.49642489,51.8160595,36.39159911,69.02899218,61.03354751,82.31155779,71.76079734,75.80112674,392.3,52.327818390000004,52.10315773999999,55.03628995
2001-01-01,49.39578428,88.17590308,41.76719405,39.72683252,23.13937781,88.22044594,247.420618384865,324.03405369999996,1182.19758714,84.29809359,95.20521269999999,1540.90909091,364.2900919,67.16977035000001,38.33942951,72.0230279,65.28800486,81.00502512999999,68.17275748,70.19703491,376.59999999999997,42.63178145,93.76751698,59.024684449999995
2000-12-01,49.01226241,84.67579089,36.87744489,58.73445606999999,48.83716746,100.96760623,253.321110092508,331.7616241,1209.5859145,94.97400347,94.55666437,1398.34710744,441.75689475,78.41902383,32.44086883,66.10880184,54.72421019,88.04020100999999,64.49612403,105.02557561999998,417.1,34.1669873,47.86750271,54.481726519999995
2000-11-01,51.67814463,87.77204398,38.33220094,66.08358,33.28680888,107.40429113,257.421451787649,337.13163065,1220.54124544,99.54939341,100.93301616000001,1297.9338843,415.52604694999997,79.63515935,41.74097886,55.492350099999996,48.64735554,77.38693466999999,67.46400886,77.81267267,437.5,35.85994613,56.18365811,53.13440627
2000-10-01,45.65003764,84.2719318,38.7543717,37.10263592,36.20878254,111.56920487999999,258.621551795983,338.70333988,1222.69318544,87.62564991,95.98099796,1368.18181818,362.81920324,64.15114827000001,48.85221412,50.555341139999996,50.96236479,76.98492461999999,70.29900332,81.11607142,440.7,35.39823009,54.912093799999994,50.61946304
2000-09-01,44.44268333,90.73367737,38.170858779999996,51.430705190000005,36.46749346,123.55910811999999,263.721976831403,345.38310413,1234.43104002,78.89081456,94.2808005,1448.76033058,377.03779364,83.08811553,51.6237684,187.98876522,57.39398248999999,84.8241206,71.31782946,72.04930772,416.09999999999997,34.474798,157.50636572,52.59459352
2000-08-01,43.90274015,108.77271708,42.08319794,51.32867717,26.165767569999996,124.69499369,271.322610217518,355.33726261,1258.49364191,94.00346619999999,93.22248644999999,1217.76859504,367.23186922,77.55035561,76.86692769,39.2563203,60.30767966,78.29145729,69.85603544,75.88995008,425.1,27.549057329999997,67.46896443,53.96570582
2000-07-01,45.07444424,99.08009873,37.23913203,38.34201473,23.99768933,124.94741271000001,275.622968580715,360.96922069,1280.2086728900001,82.7729636,102.57264860999999,1393.80165289,317.46680283,68.08187198,53.4557504,84.75554837,55.590433409999996,71.75879397,77.51937984,76.95883327,432.09999999999997,28.472489420000002,68.975808,56.64347168
2000-06-01,53.99034956999999,84.4065515,39.63762608,58.01985118,40.24957998,124.56878418999999,274.622885240437,359.65946299999996,1287.83827836,109.25476603,94.44607955,1326.85950413,332.42083756,89.82029426,44.99827147,56.80115761,56.36864132,70.75376883999999,73.93133998,72.05895387999999,433.5,30.165448249999997,54.23690981,52.38290072
2000-05-01,65.4399663,89.79133947,37.29462221,43.52157171,27.68629208,125.32604122999999,279.823318609884,366.47020301,1276.4916856,102.04506066,115.88137802,1272.72727273,294.66802858,80.13464357,32.52464986,105.35545362,66.2767996,75.77889447,81.41749723,76.85061693,427.2,46.32550981,50.917356960000006,54.11313474
2000-04-01,61.513174670000005,98.54161993,35.605826699999994,23.24497468,21.84395976,122.42322254999999,277.823151929327,363.85068762000003,1262.2106291999999,114.52339687999999,106.93256937,1360.74380165,321.63432071,55.89880015000001,65.11514116,105.92519033,67.38169954,60.8040201,71.89368771,74.46510375,483.5,35.706040779999995,84.53206382,47.72441198
2000-03-01,68.74942508000001,91.67601526,39.293371,40.686206549999994,26.15999083,131.63651662,278.823235269606,365.16044532,1260.44995101,116.04852686,97.082424,1316.5289256199999,271.86925432,98.57212661,58.66609883,33.78393325,65.35978749,76.38190955,78.22812846,76.49980065999999,465.59999999999997,32.627933819999996,40.99819795,46.044743389999994
2000-02-01,77.45411961,101.90711240999998,36.387682719999994,36.161492859999996,21.33256312,118.25830879999998,278.423201933494,364.63654224,1257.12422555,131.99306759,94.77521143,1280.5785124,253.72829416,70.79646018,52.130579409999996,98.91951423,68.18988009,70.35175878999999,77.16500554,82.9711532,567.5,35.706040779999995,51.23653976,47.79302118
2000-01-01,78.89228652999999,101.09939422000001,37.87788771,37.97469751,16.35500233,136.0538494,279.523293607801,366.07727570000003,1251.25529826,154.87001733,100.57251059000001,1230.99173554,226.27170579999998,91.905098,40.924152060000004,40.11345499,57.74330603999999,66.63316583,87.97342192999999,88.49394943,462.5,30.165448249999997,42.96509281,45.38951675
1999-12-01,76.31367847,,41.103876039999996,52.47812744,24.52424214,203.82835508,295.72464372031,387.29535036,2350.5053796999996,118.40554592999999,91.83749699,6524.38016529,213.76915218,72.27319616,91.14361421,80.61844374,55.40823856,85.31646735,90.80841639,,1551.2,23.72531158,41.43093741,44.71823388999999
1999-11-01,74.37593778,,39.636231509999995,67.50142608,22.632826180000002,211.90576357999998,277.7231435953,363.71971185,2093.6419953,113.83015597999999,94.71970956,4950.82644628,275.30132786,73.57619849,72.94439795,79.57142764,62.706039010000005,66.76658264999999,84.606866,,1455.8,27.222645280000002,42.2168719,44.27680451
1999-10-01,75.45077832,,40.033367590000005,57.51461628,38.42624257999999,223.64324779999998,280.723393616135,367.64898494,2033.97456785,122.14904679,94.24418844,4280.99173554,226.76200201999998,75.53070199,61.66832043,145.12915928,52.51362466,65.33633452999999,99.31339978,,1482.1,25.09308071,45.62149956,38.50731827
1999-09-01,69.63251003,,36.54981213,57.550505949999994,37.99155854,218.34244847000002,278.023168597383,364.11263915999996,2040.62601878,148.0762565,90.78273048,4214.87603306,244.41266597,56.57201802,53.83034782,71.93261353,57.28444093,75.81398553000001,106.5337763,,1496.2,30.541072470000003,60.0850662,38.02787227
1999-08-01,74.22959798999999,,37.93297302,77.97115215,21.07329316,215.06100127,274.322860238353,359.26653569,2024.77991509,94.14211438,89.97147471,4806.61157025,225.04596525,78.85335795,49.0674016,65.51688333,65.45479255,66.10563465,106.04651163,,1552.6999999999998,28.89628682,63.77933261999999,40.140338060000005
1999-07-01,69.20358306,,38.39250462,29.25898677,30.03344921,227.17711401999998,252.521043420285,330.71381793999996,1730.74665786,127.97227036000001,75.96117701,5495.45454545,234.36159343999998,87.88750747,41.4826044,59.73826141,72.32481596,74.76296986,106.66666667,,1453.5,32.341679909999996,60.78444884,38.941537939999996
1999-06-01,71.57529693,,38.5089058,51.67710939,31.355763260000003,226.7984855,300.82506875573,393.9751146,2360.48255609,111.47313692,80.02618837,5756.19834711,208.86618997,81.17704544,39.84931691,84.46578853999999,58.060707619999995,72.5525864,94.92801772,,1438.8999999999999,24.31974289,69.27785942,51.50331557
1999-05-01,61.513174670000005,,37.43680035,29.961001669999998,17.97807947,226.04122845,309.525793816151,405.37000655,2491.9465273899996,101.0745234,89.78736401,5415.70247934,236.32277833,63.304196749999996,47.01701354,55.81120867,67.05563794,55.606313240000006,103.03433000999999,,1558.8,23.97347223,67.39885083,35.97228527
1999-04-01,63.284390779999995,,37.32039917,23.181370679999997,30.043077099999998,222.38115272000002,284.923743645304,373.14996726,2208.47733928,110.91854419,89.74543625,5409.917355369999,225.53626147,39.76328791,34.289250519999996,47.53964772,61.580103109999996,52.810828279999996,97.32004429999999,,1466.9,24.065811070000002,138.91363233,38.71168445
1999-03-01,64.42987812,,34.76499408,36.765403889999995,29.712498590000003,222.12873371,285.823818651554,374.32874918,2216.4982065699996,99.68804159,79.19207226,6021.48760331,205.92441265,67.92985503999999,32.023054189999996,108.31158633999999,52.589508259999995,56.97155008,96.07973422,,1499.7,23.961929870000002,48.74281652,43.164365069999995
1999-02-01,66.29697201,,35.27423517,31.30518811,33.40669173,203.70214557,254.221185098758,332.94040602,1905.4450602,106.06585789,93.44246522,5375.61983471,183.86108271999998,79.04880829999999,31.15287452,64.89994592,46.80753332,46.23385397,88.23920266,,1391.1,17.65403263,95.36585939,38.100651410000005
1999-01-01,64.23812253,,31.94012308,29.8144999,23.99427298,226.92469499999999,258.021501791816,337.91748527,1794.1310725899998,115.49393414,142.02406528,5686.7768595,178.71297241,65.69303437,25.204916389999998,90.90220438,59.1031177,51.65146048,87.61904762,,1457.8,20.15295258,70.19893414,50.89107442
1998-12-01,65.33314786999999,,34.35258528,74.14739056,30.461548999999998,246.3609592,342.528544045337,448.59201048,1931.65960209,94.83535529,170.87989079000002,5394.21487603,170.37793666000002,58.830555399999994,29.55327194,59.325622980000006,60.923774470000005,68.06680820999999,79.37984496,,1352.3,28.60772793,91.59680633,39.68104029
1998-11-01,64.7780659,,34.69531083,42.99017578,32.21438535,223.13840976999998,290.324193682807,380.22265881,2028.8881642,101.21317158000001,121.95588548,5817.355371899999,155.91419815,92.14398176,33.52799425,94.76506438999999,58.588575080000005,63.24513842,87.7076412,,1448.7,24.53904765,88.43254433,41.302232249999996
1998-10-01,62.204504039999996,,31.682038620000004,34.76563839,24.335349,234.74968449000002,275.922993582799,361.362148,1922.66058025,98.44020797,87.48608633,5964.04958678,161.30745658,73.16358108,13.82643525,118.16400817999998,58.063497119999994,60.66635771999999,68.08416390000001,,1444.0,30.2236577,89.44478663999999,50.45250944
1998-09-01,60.49384233,,34.510328550000004,34.9590665,36.718067250000004,239.7980648,264.922076839737,346.95481336,1802.3475707999999,77.78162911999999,93.76851110999999,6035.53719008,185.08682327,50.86052446,26.04017661,66.62805735,57.85700215,71.3065369,65.11627907,,1353.3,24.175463439999998,96.95626152999999,46.67072197
1998-08-01,61.033785699999996,,33.173030860000004,53.188317659999996,43.126768389999995,246.86579723,264.122010167514,345.90700719999995,1718.0306487300002,115.35528595999999,94.06562945,5441.32231405,183.3707865,59.221456110000005,23.71191291,109.3189693,48.434739199999996,52.52911273,68.8372093,,1372.4,25.50283432,81.14152776,48.15728713
1998-07-01,66.28183342,,32.48323861,41.90735439,39.864029280000004,225.41018090999998,277.323110259188,363.19580878,2053.73328973,108.28422876999998,85.64800797,6320.66115702,207.88559753,109.0395787,29.609279579999995,35.48675601,52.08008488,59.21443918,67.90697674,,1439.6000000000001,20.199122,147.95301899,49.51160274
1998-06-01,69.78894222999999,,32.69343551,70.62668816,51.84063661,255.06941524,282.123510292524,369.48264571,1988.97945862,95.52859619,80.33234166999999,6127.68595041,201.26659855,92.60003258,36.30642968,67.19433458,48.50113689,50.49209269,69.45736434,,1337.5,22.051670039999998,91.21643333,47.724334039999995
1998-05-01,62.22468883,,32.46391713,47.64103469,57.4969331,266.42827094,271.022585215435,354.9443353,1780.82817073,92.47833622,90.01101441,6232.23140496,195.87334013,70.03637548,31.140071759999998,68.78531353,49.74707248,52.99502689,70.25470652999999,,1387.8,15.149341499999998,95.66229107000001,47.39599975
1998-04-01,69.17835206000001,,38.049914019999996,56.29722909,32.63602514,245.85612117000002,256.021335111259,335.29796988,1685.5559177300001,100.10398614,85.00415098,5739.66942149,177.73237996999998,63.67338074999999,36.18807018,51.27533655999999,51.65785705,69.49705632999999,79.64562569,,1359.6,24.94303009,62.79125288,52.102618199999995
1998-03-01,67.42227455,,34.30723943,72.83664119,50.27302858,229.07025663999997,264.32202683557,346.16895874,1884.70818377,105.51126516,81.74704527,5541.32231405,169.1521961,70.16667572,50.97256419,65.7091899,58.68316138,74.71962902,80.26578073,,1291.8,18.55433636,102.35029223000001,58.07438564
1998-02-01,60.221347540000004,,33.388873499999995,56.24948521,41.91477141,218.09002945999998,255.921326777231,335.16699410999996,1806.2601889900002,98.02426343,87.77797711999999,5990.08264463,128.4576098,66.64856941000001,71.0825912,64.41129845,57.273098759999996,99.96567535999999,99.71207087,,1275.1,18.46776868,85.74075057,50.281658699999994
1998-01-01,64.96477528999999,,31.84574254,57.456816759999995,53.522785559999996,225.15776189,262.321860155013,343.54944335,1835.9960872599997,111.6117851,83.38858754,6186.7768595,141.45045964,66.53998587999999,77.29105027,58.89522695,55.24538679999999,60.74220421,86.82170543,,1207.0,16.7306442,82.28330739,47.63522587
1997-12-01,66.84196159,,31.941675099999998,52.645149260000004,61.70736788999999,236.39040808999997,254.821235102925,333.72626063999996,1720.76948147,93.58752166,89.95280042,6218.59504132,,105.26087193,75.95924751999999,64.10610565,56.12349435,71.02482137,94.83942413999999,,1245.0,25.5316902,126.19789615999998,48.591545759999995
1997-11-01,65.01019108,,32.31418136,80.26980743,58.56618874,257.46739589,253.321110092508,331.7616241,1657.38506673,89.8440208,83.1812324,5424.380165289999,,100.092296,65.33456117,205.76891988999998,62.72548801999999,81.65416535,94.57364340999999,,1232.5,29.79659053,97.14048591,58.23311627
1997-10-01,61.73016126,,34.874444929999996,79.50328924,51.31079168,262.13714768,251.920993416118,329.92796332999995,1590.87055744,80.69324089999999,79.15879032000001,5692.56198347,,77.07258809,76.82801792000001,32.15150209,63.129532600000005,69.33452813999999,95.50387597,,1257.6000000000001,20.39534204,95.55454285,52.59266444
1997-09-01,60.912676909999995,,37.98131043,47.72932817,56.82335299,266.68068996,258.021501791816,337.91748527,1692.4029995600001,78.05892548,74.73303331,5532.23140496,,90.49351213,65.55653841,44.45435516,77.17195395,70.47222551,108.0841639,,1301.9,20.78778213,88.83061749,54.21173245999999
1997-08-01,66.92774698,,32.53737921,47.94793627999999,33.82559844,251.28313001,257.621468455705,337.39358219,1711.3791977999997,96.36048527,76.98920249999999,5254.54545455,,94.44595255,75.97099034,69.56410064,58.85672048,76.4532631,95.85825028,,1206.6000000000001,21.78619588,88.83007248,51.12227242
1997-07-01,56.47706735,,36.28943338,67.93422763,56.358170259999994,262.26335717999996,260.62171847654,341.32285527,1724.29083784,96.22183709,77.44532811,5087.19008264,,114.94652261,75.57381592,87.35337473,52.84289835,83.68035017999999,98.38316722,,1200.6,20.49345207,88.02030821999999,47.60823815
1997-06-01,56.18438776,,33.369754470000004,68.34961574,30.7627469,260.62263358,251.120926743895,328.88015717,1596.34822292,99.13344887,85.80897901,5437.60330579,,108.27949400000001,69.36485865,55.81395349,64.51715602,68.60856885999999,98.33887043,,1224.3999999999999,23.51754918,135.83672342999998,51.601796369999995
1997-05-01,57.662924280000006,,35.61597104,76.58862345,64.55598318,274.12705092,235.119593299442,307.92403405,1363.3518095,100.51993068,75.57111601999999,4762.39669421,,114.64248873,91.92778523,50.97164702,53.05097762999999,69.94130007,87.26467330999999,,1102.3999999999999,23.696455699999998,95.55041345000001,57.07100775
1997-04-01,60.22639373999999,,35.07854624,76.85750979,41.45455792,260.11779555,252.421035086257,330.58284217,1620.99771753,105.64991334,75.01762208,4891.73553719,,117.42222705,78.00437993,88.13810395,61.29333282,78.91285645,84.38538206,,1151.5,21.50340817,63.664086819999994,53.702219989999996
1997-03-01,58.48040864,,32.03544834,45.308370079999996,43.40653645,274.25326042,227.218934911243,297.57694826,1250.8640364399998,90.5372617,83.00648742,5562.809917359999,,116.79244259,64.25122589,88.65786839,57.55777242,65.06545421,83.10077519,,1253.8,16.58059358,104.42131104,52.02927397
1997-02-01,58.349207439999994,,34.87010378,53.1628924,22.46430692,310.09676063999996,257.221435119593,336.86967911,1479.36093893,102.32235702000001,71.40484759,5362.809917359999,,92.86063304,62.50364656,66.38784495,48.29714197,65.42301623,83.76522702,,1163.0,17.24427902,95.03924217000001,64.3561708
1997-01-01,58.485454839999996,,35.10596518,67.34683074,35.86727171,273.11737485,244.520376698058,320.23575639,1461.36289524,94.00346619999999,78.33106472,5756.61157025,,115.14197295999999,71.28321719,66.71996249,53.739605329999996,57.68667414,85.62569214,,1128.0,8.20661471,120.01991518999999,53.25919279
1996-12-01,53.72688849,,30.95211889,111.26555959999999,60.518602089999995,273.8746319,233.019418284857,305.17354288999996,1322.2693184700001,81.94107452,79.78636529,4975.20661157,,93.68586785000001,58.355907529999996,91.55405239,52.22789768,66.91827563,83.10077519,,1230.7,24.22740405,94.40004123,55.799038759999995
1996-11-01,53.90855168,,31.305168719999998,72.8242147,43.58145361,277.78712664,248.220685057088,325.08185986,1507.72742083,81.10918543999999,76.09505957,5669.8347107399995,,89.32081002999999,66.82909971,40.04022921,65.30590643999999,51.965681659999994,83.58803986999999,,1137.3,17.61940556,106.41647042,51.07203824999999
1996-10-01,55.91189298,,30.339072690000002,50.62380091000001,31.59521838,269.0786706,238.219851654305,311.98428291,1414.0202151,99.68804159,78.14658886,5797.52066116,,103.41495194999999,66.01813514,43.54897775,58.363132039999996,63.158456709999996,82.52491694,,1147.7,20.82240919,89.54178433999999,59.09042926
1996-09-01,49.04401515,,29.37410131,53.77873941,41.296349819999996,277.0298696,233.81948495708,306.22134905,1314.24845117,96.49913344999999,82.19306521,5279.75206612,,109.47391281,83.19079941999999,115.33123263,55.78359479,64.91376122999999,77.43078627,,1044.1000000000001,14.58953727,82.40783479,53.49855529999999
1996-08-01,53.94892127999999,,29.230303680000002,56.08074656,34.80863781,283.71897351,234.819568297358,307.53110675,1331.8552330399998,88.73483535999999,68.40134067,5510.33057851,,96.2050057,65.49625121,33.074543410000004,55.988773439999996,57.632498070000004,80.08859358,,1056.6000000000001,20.91474804,81.30200966999999,47.14009386
1996-07-01,56.320635149999994,,31.39082199,78.12476645000001,30.39918507,288.38872530000003,239.019918326527,313.03208906000003,1354.74404947,69.04679376,80.28336824,5440.08264463,,136.20717737,82.15456692000001,47.973227689999995,53.61026505,61.24062401,78.09523809999999,,1058.3999999999999,20.36648616,86.55354713999999,62.412100550000005
1996-06-01,50.50741306999999,,30.456643500000002,54.83016756,26.4273358,306.56289442,255.921326777231,335.16699410999996,1469.97065527,76.94974003,81.45904326,4433.05785124,,101.72104892,74.62459340000001,65.30812168,59.15213763,67.27583766000001,82.39202657999999,,988.5,18.45045516,87.43612855,79.26944549
1996-05-01,50.93634004999999,,29.44931784,54.603057119999995,47.11588577,278.03954566,222.318526543879,291.15913556,1217.01988906,69.4627383,77.61147822999999,5307.02479339,,113.55665345999999,75.06860651,71.38758564999999,56.46392134,69.26951685,93.95348837,,1090.8,20.118325510000002,108.46718345999999,59.65606058
1996-04-01,51.022125439999996,,27.438647770000003,46.59884465,36.37829565,302.27177115,243.320276689724,318.66404715,1359.4391913,62.39168110999999,82.52584535,5272.72727273,,105.39117216,81.46081023,48.25352721,52.130492530000005,70.14716912,90.40974529,,1021.7,14.987748519999998,100.51299892,63.66982547999999
1996-03-01,50.60329086,,27.722306749999998,54.29182261,36.16555018,306.18426589,258.621551795983,338.70333988,1501.6628626299998,62.53032929,89.12347289,3827.2727272700004,,101.37358163,73.63608382,45.40002925,57.16869344999999,50.65462088,89.56810630999999,,964.7,15.968848739999999,105.69653228,56.39341151
1996-02-01,50.28538028,,31.105251109999998,55.06749716,37.35568251,293.68952462,241.720143345279,316.56843484,1350.8314312799998,54.627383019999996,86.71163844,4593.38842975,,92.18741517,72.31657089,51.47996255,63.325308410000005,51.09886461999999,84.38538206,,934.9,13.821970619999998,98.53666031,55.82425327
1996-01-01,48.322408589999995,,24.78623046,76.46133369,46.55802676,300.50483804,241.620135011251,316.43745907,1315.22660572,45.6152513,79.34292907,5433.8842975200005,,121.74385145999999,63.28289842,61.38668248,51.88500059,57.307441680000004,77.96234773,,952.1,18.05224389,101.9234709,58.67014188
1995-12-01,52.03136538999999,,22.07092277,67.47632784000001,51.66820407,338.99873792,259.22160180015,339.4891945,1468.01434617,55.04332756,72.92680727999999,4299.17355372,,99.20191107000001,72.61980439,36.26567462,57.407114140000004,55.46545547,78.13953488,,967.6999999999999,,105.72845672999999,61.67635894
1995-11-01,51.11800324,,23.76358707,47.90305376,49.26458398,302.90281869,247.020585048754,323.51015062,1398.36974233,67.10571924,71.21307309,4080.1652892600005,,93.64243444,61.378402769999994,65.81834137999999,44.69401176,63.071775009999996,75.30454042,,958.5000000000001,,111.91040805,62.84805444
1995-10-01,51.57216121,,26.67143468,63.505001699999994,47.90295084,288.01009676999996,240.120010000833,314.47282253000003,1378.80665136,49.77469671,77.7628811,4447.10743802,,110.88549866999999,69.94879845999999,53.69794751,45.16797971,67.26500245,92.89036545,,942.4,,123.74498866999998,55.22954927
1995-09-01,53.883320690000005,,24.784970849999997,42.356670089999994,52.41303063,300.12620952,247.420618384865,324.03405369999996,1446.88620793,52.40901213,78.35683748,4387.19008264,,93.12123351,56.32672477,89.82697352999999,47.61308436,60.18960834,73.8427464,,940.6,,107.65340933,58.16503319
1995-08-01,53.36356211,,25.75210156,59.60128546,57.78924849,308.70845605,231.219268272356,302.81597904,1212.32474723,56.707105719999994,69.41750479999999,4424.380165289999,,87.64862369999999,73.51366544999999,67.49778873,54.432837369999994,64.35033015,74.46290144,,915.0999999999999,,103.94859414,56.50334991
1995-07-01,56.06832517,,23.28493644,53.12242456,54.08269436999999,322.21287338,255.121260105009,334.11918795,1449.62504066,48.24956672,83.49521074,3905.78512397,,126.69526033,58.19881859,65.81834137999999,52.192176710000005,77.43926748,72.2923588,,977.3,,115.5187792,62.24982352
1995-06-01,57.975788660000006,,24.469619259999998,100.39385295000001,46.47777358,299.747581,235.519626635553,308.44793713,1239.32181277,49.08145581,88.12942521,4324.380165289999,,113.81725392,89.10417957,83.93629849,48.631348089999996,71.0464918,78.00664452,,1050.3,,111.92443127,60.38669692999999
1995-05-01,58.56114783,,24.49501383,45.32488423,72.00542895999999,317.79554061,287.623968664055,376.68631303,1793.93544168,55.18197574,88.52982474999999,4271.48760331,,140.52880178,83.14016737,50.88264083,61.109612680000005,72.28170607999999,72.55813952999999,,957.9000000000001,,94.17042664,76.15707025
1995-04-01,58.959797609999995,,24.88445731,49.04866163,45.443116249999996,334.83382416,273.722810234186,358.48068107,1570.32931193,44.090121319999994,98.79173168999999,4081.81818182,,106.99820837,81.81526052,49.2875068,48.88078618,65.87809519,74.9944629,,988.1,,109.11424832,60.43771053
1995-03-01,62.34579763,,24.63671961,65.95506393,46.140051789999994,332.68826253000003,273.722810234186,358.48068107,1575.8069774,56.29116118,83.20941442,4298.76033058,,129.06238124,90.27786861,46.656039459999995,45.78500572,50.73046738,77.43078627,,976.0,,109.86763331,61.54707122999999
1995-02-01,65.45930286,,24.56154807,45.56875408,57.250086239999995,349.09549854,267.922326860572,350.88408644000003,1431.62699697,56.152513000000006,85.32219171999999,3805.37190083,,150.49676964,74.94744082,63.228474489999996,55.64757152000001,57.437464240000004,86.51162791,,963.4,,127.03728569999998,70.87100511
1995-01-01,68.18425071,,28.412976229999998,54.78839167,58.92254517999999,351.6196887,275.922993582799,361.362148,1476.42647529,69.60138648,89.23066125,2787.19008264,,164.56919484999997,55.785942639999995,49.57545245,59.07813276,52.55078317,82.21483941999999,,977.8000000000001,,115.23304140999998,72.99802672999999
1994-12-01,71.55006592999999,,34.21771736,69.71603904999999,99.89837919,352.37694574,280.148506183978,302.11637735,,122.76099677,96.73664318,,,,86.11997002,52.881075259999996,,60.44965345999999,85.26508657000001,,956.58215709,,111.49797914999999,66.05437031
1994-11-01,75.18837592999999,,30.71038682,60.69113763,75.85068692,356.16323098,291.100087131902,313.92672753,,79.21625819,99.61612149999999,,,,100.95749814999999,48.9141772,,66.43069105,95.76978145,,1002.4272745,,108.08347763999998,57.14571598
1994-10-01,77.12107043,,30.85769336,37.359668039999995,66.85139812999999,382.4148086,298.989935771803,322.4352594,,67.79926642000001,85.11407473999999,,,,73.89122408,63.24982074,,77.80766472,94.75278015,,877.84795522,,101.20920321,56.73926346
1994-09-01,81.34978579999999,,32.2778327,46.26005931,83.03614196,354.64871688,284.270068906315,306.5611328,,60.82109163,95.9991475,,,,82.06907220000001,51.861880029999995,,65.91060082,86.42318329999999,,928.57170482,,113.45459396,60.67837859
1994-08-01,88.41446542,,32.56133424,50.67865732,77.91515656,363.48338242999995,295.57492665901,318.75246202,,47.71541292,91.76449551,,,,97.67011644,94.89004693,,75.8789968,87.68657062,,978.12170332,,118.4720179,55.51686613
1994-07-01,77.10593182999999,,34.57580562,45.7368387,51.533227169999996,352.25073624,284.623345711086,306.94211184,,38.83885232,97.53958157,,,,84.31700388,67.46106204,,86.20495481,92.94292895,,932.0226604,,103.53221134999998,51.74386671
1994-06-01,82.82832232,,36.27883919,54.576569080000006,74.2309019,361.3378208,294.632855179619,317.73651792,,61.175812240000006,94.38805810000001,,,,78.27279863,43.42653452,,71.44739467,83.56234338,,906.80736217,,94.58289979,52.18693289
1994-05-01,82.45994974,,35.7981192,57.33345115,57.66694314,344.55195626,280.855059793521,302.87833543,,61.29585694,94.66639725,,,,51.525919679999994,78.23437738,,80.38644542,87.10744137,,888.6612794499999,,95.05867325,42.7814513
1994-04-01,78.67025375,,35.21555099,39.72854933,52.200719969999994,359.31846866999996,285.447658255554,307.83106292,,75.17445913,90.71804858,,,,50.55256196,75.25404027,,56.75484582,77.31379104,,883.51646638,,127.43839481,41.47070574
1994-03-01,76.97977684,,33.09592492,63.175781480000005,44.19695576,350.35759362,282.856961687228,305.03721665,,76.36858767,95.93825034999999,,,,63.675448589999995,56.24354706,,59.2361096,76.61318645,,860.62198884,,67.71306598,47.109579229999994
1994-02-01,76.67195865000001,,30.769925739999998,35.22214836,47.30260486,339.50357594999997,278.970916834739,300.84644722,,80.3125191,90.56818622,,,,58.60857961,67.77334162,,56.99322049999999,76.41612242,,870.39517868,,138.99097587,44.99592481
1994-01-01,79.90152648,,29.29645554,44.642490099999996,32.10543482,355.15355492,289.686979912815,312.40281138,,63.57352293,92.06376404,,,,41.94313913,27.636430629999996,,57.16658391,76.57630033,,903.30859761,,116.16929916000001,42.19043009
1993-12-01,75.53656372,,32.232374390000004,59.526644770000004,80.90725857999999,,,,,94.64901291999999,97.81428000999999,,,,73.57388037,73.51784545999999,,47.41489219,68.43148593,,,,135.25765948,37.75374724
1993-11-01,76.88894524,,32.96400358,38.079505139999995,67.68144711000001,,,,,73.99887635,91.15829226999999,,,,91.59524333,82.58172591,,39.505186679999994,68.26095656999999,,,,125.98358812999999,50.29496744
1993-10-01,76.13201527999999,,30.16859839,39.38837418999999,44.908799009999996,,,,,71.00867625000001,84.99044806,,,,57.064558330000004,93.82105388999999,,38.87674433,68.74594712999999,,,,118.07394312999999,47.04334729
1993-09-01,73.25568143999999,,32.33950846,64.70685578,46.713563889999996,,,,,66.28917143,86.61962463,,,,88.59103594,70.86933570000001,,36.005412869999994,72.36416819,,,,134.41023601,45.74316299
1993-08-01,74.68375596,,32.442908689999996,45.051010940000005,51.12649509,,,,,108.44625576,93.61318882,,,,67.10102096,101.02700737999999,,37.153945459999996,73.87877289,,,,134.51334826000001,48.44967027
1993-07-01,74.61815536,,31.296936289999998,37.70188702,48.75045427,,,,,93.42196656,79.67645097,,,,68.71220404,79.71270949,,34.455977419999996,69.82518193,,,,113.80415585999998,41.857010030000005
1993-06-01,74.15895119,,29.8987276,59.814579609999996,54.47955009,,,,,79.44497080000001,80.53278123999999,,,,77.53150821,76.38449652,,35.257783180000004,68.74324161999999,,,,108.93218120999998,44.75814063
1993-05-01,68.4416069,,28.611071919999997,49.483834019999996,49.28601382,,,,,78.46111409,79.05076668,,,,87.81423926000001,70.0602719,,35.149431050000004,67.25450122,,,,129.24521636999998,45.8316671
1993-04-01,75.92007489,,30.810143189999998,44.99721732,69.04997507,,,,,70.97344213,76.72244352,,,,81.14265017999999,103.02972963,,33.49164346,69.2707472,,,,118.08616408999998,44.391088229999994
1993-03-01,75.09249813999999,,29.168200560000002,51.695667369999995,52.0843777,,,,,53.50879969,77.36294264,,,,89.42672391,132.46458642000002,,42.12730823,60.01641891,,,,74.90635707,43.36882867
1993-02-01,72.0900093,,29.846094029999996,43.5873013,46.035138759999995,,,,,66.87223208,81.17137203,,,,107.21071069999999,69.62286977999999,,27.954849599999996,67.49732882,,,,98.76190406,40.839660869999996
1993-01-01,76.23293928,,29.837794119999998,61.03875232,48.29725982,,,,,80.44772535999999,82.64579495,,,,95.1792176,112.27009189999998,,31.194578290000003,77.31938878,,,,119.89951136,41.092507499999996
1992-12-01,75.97558309,,31.94374445,52.31740061,80.77016975,,,,,101.57858235999998,128.74666746,,,,74.84688358,93.63417864,,44.045140939999996,73.86061416,,,,116.27716448000001,
1992-11-01,73.04374105,,31.73003864,63.044404060000005,71.51788465999999,,,,,81.11783791,86.18673957,,,,55.059168469999996,106.13638295000001,,40.0252769,66.27733074,,,,115.38128459,
1992-10-01,69.50635504,,34.73973447,38.974130620000004,58.974846400000004,,,,,79.35545513999999,90.91221243,,,,68.88459968000001,65.97467947999999,,34.05507453,64.45596986,,,,125.73859636,
1992-09-01,67.75027754,,31.599376909999997,83.10263824,62.772648139999994,,,,,81.23823746,82.49333848,,,,49.68859869,92.28138584999999,,43.351687309999996,57.564438429999996,,,,111.87557601,
1992-08-01,68.23975891,,31.377551139999998,45.452501,57.62389712,,,,,78.02236346,85.21903807999999,,,,56.55600573,81.55269235,,39.786902219999995,66.47044085,,,,113.43999045999999,
1992-07-01,67.40713595,,30.686949140000003,46.75948973,53.238483069999994,,,,,78.18479024,82.56413372,,,,68.38561102,94.02620197,,43.49254508,63.55000691,,,,143.909709,
1992-06-01,68.71914788,,31.46941247,46.491175659999996,59.6796706,,,,,88.63706925,78.87954404999999,,,,35.66722096,109.97196930999999,,46.77561462,62.36762928,,,,130.49152577,
1992-05-01,65.24231627,,31.89241547,40.37930496,65.31037552,,,,,90.80582851,81.06992137,,,,56.64038881,88.52675051,,42.15981388,62.926839879999996,,,,108.54768339,
1992-04-01,69.53158604000001,,30.64819373,40.34799348,51.217929059999996,,,,,91.8954965,86.3147302,,,,57.915953769999994,90.50021939,,38.72505135,73.32774527,,,,111.51589341,
1992-03-01,65.63087365,,34.14830402,45.40810901,52.38793598,,,,,100.79820998,84.60152123,,,,37.84813245,83.09649637,,51.2505576,65.4852892,,,,101.25408872999999,
1992-02-01,62.39121343,,34.61282907,32.92496465,55.343141419999995,,,,,108.85424966,98.83151599,,,,77.64352871999999,137.54850983,,35.20360712,66.11293579000001,,,,108.89938896,
1992-01-01,61.98751744999999,,31.149539790000002,38.96669108,53.62459281,,,,,99.40469543,88.85486901,,,,156.39693473,104.32616766,,38.30247804,63.35552089,,,,99.44680982,
1991-12-01,61.265910889999994,,28.65551805,53.024974719999996,46.8067992,,,,,99.38470707,85.49954771,,,,25.01080194,112.97056867999999,,39.70022052,64.87156666,,,,89.43689101999999,
1991-11-01,59.77728197,,39.23599141,38.53299025,49.6537995,,,,,108.51552900999998,91.26249339,,,,25.255493429999998,93.70746908000001,,40.06861776,61.281308249999995,,,,86.41408301,
1991-10-01,61.36683488,,35.66718755,31.032295859999998,50.943627160000005,,,,,130.97185817000002,89.67443896,,,,35.49101698,111.44508694999999,,43.893447959999996,63.096756369999994,,,,109.92718607,
1991-09-01,60.15574695,,36.387592749999996,36.57737149,43.155838429999996,,,,,136.56428257,94.99573106,,,,80.97726173999999,128.16062799,,38.00992729,71.91871886999999,,,,107.34369627,
1991-08-01,59.38367839000001,,33.44092226,28.07054022,54.919824510000005,,,,,139.52643897000002,96.94595576,,,,81.82434554,91.6120157,,38.63836963999999,60.768712619999995,,,,96.96354498000001,
1991-07-01,59.83279016,,35.61273205,35.7372754,44.62381325,,,,,125.88729372,93.52070744999999,,,,103.60016469,91.54371553,,43.29751125,62.03695874,,,,115.77429076000001,
1991-06-01,53.33833112000001,,32.43350662,37.066991519999995,42.18752042,,,,,112.53813989000001,102.8055062,,,,88.68969329000001,56.242560590000004,,45.22617916,63.63345913,,,,97.33476051999999,
1991-05-01,54.574650049999995,,32.159834520000004,33.21739591,52.78100266,,,,,120.79580219999998,105.12255594999999,,,,74.71001731,185.54782142,,45.33453129,64.30230917,,,,108.45720779000001,
1991-04-01,52.12219698,,30.87910667,31.195066519999997,46.65884016,,,,,117.48707381000001,91.12177497,,,,99.13059777,85.06409225,,52.95168605,65.47271714,,,,108.47909332,
1991-03-01,51.743731999999994,,24.1095966,33.12264393,28.04227581,,,,,114.30558041,104.66855376999999,,,,74.6649048,83.55382259,,37.6090244,64.86737614,,,,89.86208812999999,
1991-02-01,53.88836688999999,,24.98207684,31.2363519,36.65054774,,,,,114.89261501000001,120.79208503000001,,,,84.66655940999999,63.50716298,,63.895251200000004,63.041349499999995,,,,84.71432263,
1991-01-01,53.282822919999994,,20.64785934,36.13091715,23.2401291,,,,,155.24726475999998,90.80950914,,,,65.27103633,66.28608593999999,,46.55891036,70.82784635,,,,92.0735139,
1990-12-01,50.562921270000004,,20.91156705,,26.22900112,,,,,91.40651219,95.56289154,,,,69.42335335,,,42.32234207,74.56655249,,,,93.94835035,
1990-11-01,55.836199979999996,,22.87617149,,26.55175308,,,,,115.35881901,99.84058248,,,,89.64286333,,,49.28938404,79.74932778,,,,98.89487631,
1990-10-01,53.29796152,,28.16820761,,32.28140794,,,,,166.53982919999999,98.80286398,,,,80.71147642999999,,,49.213537550000005,79.11279181,,,,88.01417425,
1990-09-01,53.27777672,,25.035610139999996,,32.89622683,,,,,140.64041918,98.00460358000001,,,,98.2779518,,,42.41985898,79.79649409,,,,99.15080791,
1990-08-01,53.868182090000005,,28.708871400000003,,31.90337321,,,,,130.09053405999998,96.3594004,,,,132.24106263,,,56.94987965,79.42916046,,,,105.92632375,
1990-07-01,52.95986614,,26.47531838,,31.82473503,,,,,161.2244894,102.46745091,,,,71.00996867,,,53.69931575,78.34652384,,,,80.82382191,
1990-06-01,54.96825362999999,,28.57249645,,36.57725149,,,,,159.74638804,101.23189549,,,,82.33770858,,,44.511055109999994,82.30038569,,,,111.03520205,
1990-05-01,55.81096898,,32.53850386,,40.56525078,,,,,155.03594998,96.43717134,,,,94.29105835,,,64.7295626,84.60720268,,,,107.99422591000001,
1990-04-01,54.97329983,,36.31316348,,24.29143337,,,,,183.36664402,97.84653564999999,,,,77.16161837,,,53.99186648999999,83.34187417999999,,,,89.29162355,
1990-03-01,59.65112697,,43.525402899999996,,31.048974969999996,,,,,173.02040462999997,92.31054048,,,,79.34186223,,,61.554845189999995,85.6876454,,,,110.80274220999999,
1990-02-01,60.08510015,,46.84073335,,37.72676031,,,,,177.90897821,95.37210013,,,,64.76059151999999,,,52.63746486,87.03401,,,,114.34272646000001,
1990-01-01,56.97159492,,53.98819298,,25.78605572,,,,,156.01299324,97.09101319999999,,,,62.39856108,,,57.61082765,87.54717346999999,,,,112.1285053,
1989-12-01,57.228951110000004,,44.00142186,,34.08915436,,,,,128.83175039,90.00270391000001,,,,,,,,82.74128248,,,,82.45515506,
1989-11-01,61.72511506,,42.82769312,,32.95703787,,,,,137.48400569,91.74959206999999,,,,,,,,83.62561941,,,,98.29490335999999,
1989-10-01,60.43328793,,38.87862293,,39.55065675,,,,,145.08449581,94.47168558999999,,,,,,,,86.48509766,,,,100.39000956,
1989-09-01,61.87145484999999,,39.02754895,,36.02063479,,,,,152.68489472,111.22988184,,,,,,,,81.33606628,,,,147.43005129,
1989-08-01,61.97742505,,39.69887447,,38.46394667,,,,,160.28538483,90.58280257,,,,,,,,79.87018250999999,,,,86.44454831,
1989-07-01,61.60400627,,39.33718733,,39.1921884,,,,,159.15655221,103.72874417999999,,,,,,,,75.40080818,,,,84.06400457,
1989-06-01,71.50969633,,37.192998919999994,,38.258903509999996,,,,,158.02771959999998,95.93386074,,,,,,,,84.62751521,,,,107.92415075,
1989-05-01,75.8342895,,37.45126333,,36.70645166,,,,,156.89897818,95.45112651999999,,,,,,,,85.98150325,,,,114.58490908,
1989-04-01,80.50707045,,39.005325889999995,,34.92311662,,,,,156.79473195,105.74978652,,,,,,,,93.75974509,,,,104.3569583,
1989-03-01,77.08070083,,42.17458692,,29.654606979999997,,,,,156.69057690999998,108.18687656999998,,,,,,,,79.44205946,,,,172.66938884,
1989-02-01,78.57437594999999,,45.439285670000004,,31.329302069999997,,,,,156.58642188,102.48754831,,,,,,,,78.69141749,,,,120.78528925,
1989-01-01,77.7367068,,43.22024062,,41.00943848,,,,,165.45601645,106.91435409,,,,,,,,74.79384105,,,,160.87941935,
1988-12-01,78.72071574,,43.800784469999996,,38.55308236,,,,,174.32561101,112.40106467,,,,,,,,78.51413070999999,,,,127.18506533,
1988-11-01,79.92675747999999,,38.73208115,,41.227774350000004,,,,,183.19520559,102.13016323999999,,,,,,,,76.93930471,,,,126.92257953,
1988-10-01,79.15468892,,35.0639258,,38.49519075,,,,,187.40582331,113.9988134,,,,,,,,71.35047829999999,,,,107.50622415999999,
1988-09-01,80.37082305,,39.88324943,,40.90092276,,,,,191.61634981,110.52438554999999,,,,,,,,70.58881984,,,,110.25652174,
1988-08-01,84.82661741,,38.38148306,,34.72161404,,,,,195.82696753,104.82716970999999,,,,,,,,68.33302201,,,,136.23350235,
1988-07-01,76.34900187,,38.46952059,,34.521664359999995,,,,,201.03617846,105.63597591,,,,,,,,64.39010468000001,,,,117.16877136999999,
1988-06-01,74.59292437,,40.68890303,,36.719247440000004,,,,,206.24529819,103.42984545,,,,,,,,72.13688264,,,,111.93201114,
1988-05-01,70.83350557,,38.21699189,,42.336659659999995,,,,,211.45450913000002,104.61374357,,,,,,,,64.9676103,,,,99.02068795999999,
1988-04-01,70.88901376999999,,36.544076419999996,,39.03205472,,,,,207.46880062000002,104.64035330999998,,,,,,,,63.65815632,,,,151.54265619,
1988-03-01,67.16491837000001,,35.82605548,,40.79048147,,,,,203.48300091,118.59085071999999,,,,,,,,60.090001959999995,,,,97.37499322,
1988-02-01,66.89746978,,33.38525213,,41.366912989999996,,,,,199.4972924,96.10458403999999,,,,,,,,76.05747062,,,,121.09562833,
1988-01-01,66.78140719,,33.53615754,,34.88882888,,,,,187.90616875999999,104.28086448,,,,,,,,77.35551089,,,,113.88775226,
1987-12-01,62.143949639999995,,32.22411946,,37.52215196,,,,,176.31504512,101.97560825000001,,,,,,,,77.78320375999999,,,,140.57472031,
1987-11-01,61.1044325,,32.8886296,,35.36233508,,,,,164.72392148,104.9629784,,,,,,,,74.84483247,,,,122.59155689,
1987-10-01,58.581332630000006,,35.88217547,,43.87799284,,,,,162.10052797,95.72709151,,,,,,,,76.60272031000001,,,,129.62147334,
1987-09-01,55.16000921999999,,36.69190029,,58.309341290000006,,,,,159.47704327,97.63123053,,,,,,,,75.02339697,,,,115.40269821999999,
1987-08-01,53.90855168,,35.83838163,,40.04714568,,,,,156.85364976,100.87009447,,,,,,,,74.17845591,,,,110.92727103,
1987-07-01,52.41992277000001,,33.55428688,,47.12060654,,,,,160.9097678,95.63708374,,,,,,,,76.35570867,,,,124.52402621,
1987-06-01,50.99184824,,35.78745752,,45.79959691,,,,,164.96597703999998,101.16732603,,,,,,,,69.90940035,,,,114.82971803,
1987-05-01,51.36022082,,36.16592442,,47.64219011,,,,,169.02209509,104.37097194,,,,,,,,68.11802901,,,,90.35436064,
1987-04-01,48.811889959999995,,35.20774592,,38.769057839999995,,,,,161.29346327,94.10271965,,,,,,,,70.64788197,,,,109.5049545,
1987-03-01,50.487228269999996,,39.28052751,,46.32267126,,,,,153.56483146,97.24672011,,,,,,,,70.14896786,,,,131.81745924999998,
1987-02-01,50.098670889999994,,34.37849719,,39.46866434,,,,,145.83619964000002,93.16374627,,,,,,,,65.2694584,,,,100.16663936,
1987-01-01,48.64536537,,35.6997349,,29.694733569999997,,,,,139.8873238,93.17559716,,,,,,,,66.05750567,,,,72.42088238999999,
1986-12-01,52.132289379999996,,29.722787499999995,,38.03739976,,,,,133.93853916,94.05109534,,,,,,,,60.106854649999995,,,,83.65691953,
1986-11-01,50.976709639999996,,30.395417609999996,,47.79406243,,,,,127.98966331999999,94.32105453,,,,,,,,66.44377903,,,,81.35340765,
1986-10-01,50.16931769,,30.35495274,,43.42554379,,,,,126.36832878999999,94.43234743,,,,,,,,54.66526447,,,,101.0740876,
1986-09-01,50.34088848,,27.40870961,,45.1726034,,,,,124.74690306,88.9671887,,,,,,,,89.21924265999999,,,,91.73855554,
1986-08-01,49.9725159,,29.352238130000003,,40.34151087,,,,,123.12547733000001,88.48065173,,,,,,,,91.22633112,,,,78.9694365,
1986-07-01,54.85219102999999,,25.22990451,,51.43663762,,,,,121.90945364000001,89.50159466999999,,,,,,,,86.60027626,,,,114.03212513,
1986-06-01,55.467827400000004,,24.56618162,,25.694683870000002,,,,,120.69333874999998,85.17281043,,,,,,,,79.04531705,,,,66.25259199,
1986-05-01,49.07933855,,24.22988906,,28.63504371,,,,,119.47731504000001,89.89163655,,,,,,,,74.69571842,,,,78.27681195,
1986-04-01,51.198742429999996,,25.03336084,,39.87148314,,,,,116.43721020999999,87.93445538,,,,,,,,81.65453553,,,,73.61015843,
1986-03-01,52.359368370000006,,23.27105827,,33.37265246,,,,,113.39701416000001,88.25527238999999,,,,,,,,67.2732503,,,,103.78840869999999,
1986-02-01,54.09526107,,26.03571555,,36.36879198,,,,,110.35690932,89.24004738,,,,,,,,71.83377663,,,,65.07942637000001,
1986-01-01,60.02454575,,24.2233661,,21.73320788,,,,,110.86363906000001,88.83066348999999,,,,,,,,76.72329529,,,,56.663202989999995,
1985-12-01,58.70244142999999,,20.60172623,,,,,,,111.3702776,165.25594895999998,,,,,,,,69.5343602,,,,50.536758969999994,
1985-11-01,61.73016126,,21.63417656,,,,,,,111.87700733999999,80.06239207,,,,,,,,85.63837037,,,,61.732359280000004,
1985-10-01,68.4416069,,22.933213690000002,,,,,,,116.63986562,90.26803167,,,,,,,,86.09732627999999,,,,52.57668988,
1985-09-01,65.31800927,,24.56480955,,,,,,,121.4027239,78.80399720999999,,,,,,,,91.18145866,,,,58.64672656,
1985-08-01,67.31125816,,23.197146330000002,,,,,,,126.16558218,86.44316819,,,,,,,,95.8317247,,,,56.98505724,
1985-07-01,64.83862029000001,,21.64240899,,,,,,,124.64557536000001,88.24207133,,,,,,,,94.86385097,,,,67.58562477999999,
1985-06-01,68.4718841,,21.56860952,,,,,,,123.12547733000001,93.96968946999999,,,,,,,,97.80394462999999,,,,43.7652476,
1985-05-01,66.20109422,,20.71722769,,,,,,,121.60537932,88.98066881999999,,,,,,,,93.16392087999999,,,,73.72609379000001,
1985-04-01,70.72753537999999,,18.71634207,,,,,,,118.46394677,87.25472963,,,,,,,,84.40631731,,,,56.57200588,
1985-03-01,67.79569332999999,,17.77964436,,,,,,,115.32242301,80.50837936,,,,,,,,89.46174805,,,,51.45478482,
1985-02-01,66.71580659,,15.880516980000001,,,,,,,112.18099047000001,82.80625643,,,,,,,,85.49502918,,,,51.49262294,
1985-01-01,68.4920689,,15.55641562,,,,,,,116.13313588,79.60928627,,,,,,,,83.73042207,,,,55.99262668,
1984-12-01,68.3406829,,17.24037514,,,,,,,120.08537249999999,82.83789576,,,,,,,,80.08946587,,,,56.85706841,
1984-11-01,67.87138633,,17.3215973,,,,,,,124.03751792,88.20458516000001,,,,,,,,82.77801921999999,,,,56.44249912,
1984-10-01,66.28183342,,14.24064371,,,,,,,126.16558218,98.06019442,,,,,,,,79.88144708,,,,49.14006725,
1984-09-01,65.30791687,,14.838169749999999,,,,,,,128.29373766,94.82720944,,,,,,,,78.60017314999999,,,,45.041152849999996,
1984-08-01,69.80408083,,14.684835099999999,,,,,,,130.42180191999998,86.02113371,,,,,,,,79.77414925000001,,,,48.254155589999996,
1984-07-01,67.48282895,,18.48367467,,,,,,,129.91507218,88.61770177,,,,,,,,76.41653772,,,,39.41284024,
1984-06-01,66.18595562,,16.86262802,,,,,,,129.40843364,70.98841814,,,,,,,,74.07468677,,,,45.79708597,
1984-05-01,70.53073359,,16.30554435,,,,,,,128.9017039,85.26034279,,,,,,,,81.45412111,,,,60.28183228,
1984-04-01,66.36761881,,15.43459364,,,,,,,129.61108906,86.27297482,,,,,,,,76.38222649000001,,,,44.17701246,
1984-03-01,66.96307038,,15.20473786,,,,,,,130.32047421,82.91866125,,,,,,,,84.39578181,,,,37.989008410000004,
1984-02-01,67.12959497,,15.983354890000001,,,,,,,131.02985937,92.34561792,,,,,,,,90.13150472,,,,44.51830714,
1984-01-01,61.80080806,,14.886169769999999,,,,,,,134.37394734,89.8052227,,,,,,,,80.71122558,,,,55.81193603,
1983-12-01,64.82348169,,15.171268309999999,,,,,,,137.71812649999998,94.67444035,,,,,,,,82.46681103,,,,46.067806569999995,
1983-11-01,60.77642950999999,,15.24441548,,,,,,,141.06230567,88.07929664,,,,,,,,76.45442322,,,,42.20543454,
1983-10-01,64.50052491,,16.9101107,,,,,,,141.56894420999998,82.11354261,,,,,,,,82.72201772,,,,44.005683319999996,
1983-09-01,60.63513592,,16.09161361,,,,,,,142.07567396,89.79581542,,,,,,,,75.0957868,,,,50.2981538,
1983-08-01,58.00101966,,14.83668521,,,,,,,142.58231249,89.90696857,,,,,,,,66.05629181,,,,45.36009091,
1983-07-01,54.44344886,,15.48101915,,,,,,,140.75823135000002,89.09565606999999,,,,,,,,64.72603163,,,,44.788582840000004,
1983-06-01,53.19199132,,13.88374758,,,,,,,138.9341502,97.95961439,,,,,,,,64.99358943,,,,54.84711261,
1983-05-01,54.549419050000004,,14.96707702,,,,,,,137.11006906,96.37139628,,,,,,,,63.64539221,,,,47.30993736,
1983-04-01,52.09191978,,22.90300562,,,,,,,141.26496108999999,97.35789425,,,,,,,,63.568513089999996,,,,41.83355445,
1983-03-01,50.67898386,,19.51304345,,,,,,,145.41976190999998,104.84549487999999,,,,,,,,60.26311304,,,,39.62049614,
1983-02-01,51.869886990000005,,17.34584473,,,,,,,149.57465395,96.45131506,,,,,,,,59.00853693,,,,42.421493129999995,
1983-01-01,46.308974899999996,,16.92115475,,,,,,,145.31843421,105.47424618000001,,,,,,,,58.2861653,,,,38.283836799999996,
1982-12-01,44.89099277,,16.472892129999998,,,,,,,141.06230567,126.00710701,,,,,,,,56.74335747,,,,53.835574230000006,
1982-11-01,44.946500969999995,,15.29459732,,,,,,,136.80608593,102.68894961999999,,,,,,,,53.53713475,,,,39.71292743,
1982-10-01,44.25012541,,13.13331425,,,,,,,133.15792364,100.48798314,,,,,,,,52.74007322999999,,,,42.69428261,
1982-09-01,45.38047415,,11.50792645,,,,,,,129.50976135,109.91986410000001,,,,,,,,49.36613267,,,,40.29834302,
1982-08-01,46.2231895,,10.37387533,,,,,,,125.86159906,104.57928254999999,,,,,,,,56.383741549999996,,,,44.6732036,
1982-07-01,49.81103751,,9.1212862,,,,,,,130.62445733,93.71281902,,,,,,,,60.167462910000005,,,,39.044387,
1982-06-01,48.73619696,,8.79662251,,,,,,,135.38731561999998,103.49302555999999,,,,,,,,63.843360309999994,,,,43.970919949999995,
1982-05-01,50.75972305999999,,9.44855908,,,,,,,140.15026509999998,95.60911034,,,,,,,,65.89121298,,,,43.874763970000004,
1982-04-01,52.838757339999994,,9.76631742,,,,,,,148.05455592,86.39009475,,,,,,,,73.94211854,,,,43.84604957,
1982-03-01,55.3921344,,9.73743643,,,,,,,155.95893796,106.45589977,,,,,,,,73.13581045999999,,,,45.13161354,
1982-02-01,55.11459342,,10.19062502,,,,,,,163.86331998999998,122.7672932,,,,,,,,73.6722697,,,,38.354515129999996,
1982-01-01,59.80755917,,14.10303165,,,,,,,154.74291426,105.59561787,,,,,,,,72.51988781,,,,36.8437524,
1981-12-01,58.55610163,,21.99588618,,,,,,,145.62250854,102.19010828999998,,,,,,,,77.86106914,,,,,
1981-11-01,61.54345187,,14.90634597,,,,,,,136.50210281,112.41371277,,,,,,,,77.70420091,,,,,
1981-10-01,63.55688556,,12.950446309999998,,,,,,,136.90741364000002,117.75084258999999,,,,,,,,72.81851999999999,,,,,
1981-09-01,65.73684385,,14.52034393,,,,,,,137.31281567,105.51946971,,,,,,,,67.95666564,,,,,
1981-08-01,65.08083787999999,,17.14567969,,,,,,,137.71812649999998,124.47361844,,,,,,,,66.81061504,,,,,
1981-07-01,63.44586917,,19.132844600000002,,,,,,,138.63016708,123.43055151,,,,,,,,65.35934477,,,,,
1981-06-01,69.75361883,,20.71108711,,,,,,,139.54220765,115.05813606999999,,,,,,,,65.8886086,,,,,
1981-05-01,65.39874846,,21.62182791,,,,,,,140.45424823,127.53885997,,,,,,,,63.730081989999995,,,,,
1981-04-01,68.4264683,,21.04558023,,,,,,,138.42751166,127.12648042000001,,,,,,,,60.59536525,,,,,
1981-03-01,66.16072462,,20.420815179999998,,,,,,,136.4007751,124.59485822,,,,,,,,53.90419943,,,,,
1981-02-01,64.92440569,,18.777905349999997,,,,,,,134.37394734,120.99065879999999,,,,,,,,53.89941449,,,,,
1981-01-01,65.97401523,,17.53098446,,,,,,,132.85394051999998,130.57665025,,,,,,,,56.25526327,,,,,
1980-12-01,66.36761881,,15.87397153,,,,,,,131.33384249,122.91393491,,,,,,,,51.58884753,,,,,
1980-11-01,65.54508826,,16.945424680000002,,,,,,,129.81374447,125.90080841999999,,,,,,,,50.17613771,,,,,
1980-10-01,65.79739824,,16.38939819,,,,,,,133.15792364,125.24883016999999,,,,,,,,49.21454905,,,,,
1980-09-01,62.9462954,,16.38539444,,,,,,,136.50210281,116.83818152,,,,,,,,52.63576488,,,,,
1980-08-01,65.14643848,,15.391092210000002,,,,,,,139.84619077,120.32061157,,,,,,,,55.43458321,,,,,
1980-07-01,62.673800609999994,,13.044376999999999,,,,,,,139.84619077,124.00941189000001,,,,,,,,53.02244517,,,,,
1980-06-01,63.844518949999994,,13.77323956,,,,,,,139.84619077,122.88529175000001,,,,,,,,53.56601591,,,,,
1980-05-01,62.59306142,,10.3435323,,,,,,,139.84619077,114.77343248,,,,,,,,56.201164219999995,,,,,
1980-04-01,65.57031925,,11.24772765,,,,,,,135.08333249,121.08001719,,,,,,,,52.249856709999996,,,,,
1980-03-01,64.19775293,,12.229028929999998,,,,,,,130.32047421,120.45201446,,,,,,,,56.72910901,,,,,
1980-02-01,61.866408650000004,,13.195214929999999,,,,,,,125.55761593000001,116.53871097999999,,,,,,,,56.981776100000005,,,,,
1980-01-01,60.95304649999999,,13.15711182,,,,,,,131.02985937,110.3785281,,,,,,,,61.00031584,,,,,
1979-12-01,54.620065849999996,,13.54124695,,,,,,,136.50210281,109.50940192,,,,,,,,50.20091919,,,,,
1979-11-01,61.32141907999999,,14.517914679999999,,,,,,,141.97434625,128.13849816,,,,,,,,56.12467521999999,,,,,
1979-10-01,59.42404798999999,,14.833108829999999,,,,,,,144.00108280999999,105.29294303,,,,,,,,59.19107993,,,,,
1979-09-01,59.89839076,,16.24796232,,,,,,,146.02781937,113.38025833,,,,,,,,58.40246954,,,,,
1979-08-01,58.00606586,,16.24641031,,,,,,,148.05455592,108.50772323999999,,,,,,,,54.82064204,,,,,
1979-07-01,62.15404204,,15.424741710000001,,,,,,,149.97996479,127.52619227999999,,,,,,,,58.104743430000006,,,,,
1979-06-01,57.3197827,,14.545041219999998,,,,,,,151.90546484,116.42910914,,,,,,,,55.563995629999994,,,,,
1979-05-01,61.346650079999996,,15.61359278,,,,,,,153.83087368999998,122.68473069000001,,,,,,,,49.72009664,,,,,
1979-04-01,55.4627812,,13.85394438,,,,,,,152.10812024999998,109.90966182,,,,,,,,58.458358749999995,,,,,
1979-03-01,55.60912099,,14.00217312,,,,,,,150.38536681,113.56506738,,,,,,,,63.01338025,,,,,
1979-02-01,55.68986019,,12.58120154,,,,,,,148.66261337999998,117.97670736999999,,,,,,,,64.45416193,,,,,
1979-01-01,50.033070290000005,,13.29731057,,,,,,,148.96659651,105.41449614,,,,,,,,63.778240890000006,,,,,
1978-12-01,54.438402659999994,,14.98151752,,,,,,,149.27067083,115.02554905,,,,,,,,67.21396931,,,,,
1978-11-01,53.31310012,,13.84823116,,,,,,,149.57465395,118.39565325999999,,,,,,,,77.41324284,,,,,
1978-10-01,52.354322169999996,,15.26609871,,,,,,,149.67598165,125.62771778999999,,,,,,,,72.63324286,,,,,
1978-09-01,49.82617611,,14.360553789999999,,,,,,,149.77730936,110.31876674,,,,,,,,75.07325521,,,,,
1978-08-01,49.9775621,,13.916159959999998,,,,,,,149.87863708,114.85082525000001,,,,,,,,74.7543894,,,,,
1978-07-01,48.0700986,,14.462334530000001,,,,,,,149.97996479,110.52913104999999,,,,,,,,74.91466071,,,,,
1978-06-01,50.62347566,,14.00174576,,,,,,,150.08138369,116.15251567,,,,,,,,71.10250341999999,,,,,
1978-05-01,50.07848609,,14.49317241,,,,,,,150.1827114,108.74313711,,,,,,,,66.40466045,,,,,
1978-04-01,52.52084675999999,,14.00957331,,,,,,,152.7160865,123.90897216,,,,,,,,71.79604529,,,,,
1978-03-01,50.219779679999995,,12.4697938,,,,,,,155.24955280999998,116.06844195,,,,,,,,65.2726647,,,,,
1978-02-01,49.9775621,,13.99272607,,,,,,,157.78301911,119.57454537000001,,,,,,,,63.375512310000005,,,,,
1978-01-01,48.92795254999999,,14.39505802,,,,,,,154.43883994,119.10958627,,,,,,,,64.32361732,,,,,
1977-12-01,53.18694512,,14.615061870000002,,,,,,,151.09475197,119.05118874,,,,,,,,76.47487523999999,,,,,
1977-11-01,52.843803539999996,,15.38477168,,,,,,,147.7505728,112.61198027999998,,,,,,,,75.67065758,,,,,
1977-10-01,55.109547219999996,,13.424485890000001,,,,,,,144.50772134,119.53580885,,,,,,,,75.85149102,,,,,
1977-09-01,52.162566580000004,,13.846904069999999,,,,,,,141.26496108999999,125.9819332,,,,,,,,75.28865920999999,,,,,
1977-08-01,55.906846779999995,,13.727848719999999,,,,,,,138.02210963,127.65045718,,,,,,,,82.70974817,,,,,
1977-07-01,54.89760683,,14.043965080000001,,,,,,,136.60343050999998,111.60303353,,,,,,,,79.25319334999999,,,,,
1977-06-01,53.07592873,,14.21668868,,,,,,,135.1846602,123.41353829999998,,,,,,,,89.33813022,,,,,
1977-05-01,53.43925510999999,,14.30756033,,,,,,,133.76598109,127.07977694999998,,,,,,,,93.89431271000001,,,,,
1977-04-01,54.857237229999996,,14.7232756,,,,,,,148.35863026,117.35014131999999,,,,,,,,93.41014308999999,,,,,
1977-03-01,48.51416418,,15.81258818,,,,,,,162.95127942,150.39449435,,,,,,,,98.74352077,,,,,
1977-02-01,62.46186022,,13.646559089999998,,,,,,,177.54392859,128.80362229,,,,,,,,111.68858064,,,,,
1977-01-01,63.73350255,,13.47880644,,,,,,,174.80780686999998,135.89535299,,,,,,,,108.91038153000001,,,,,
1976-12-01,61.22049509,,12.28557629,,,,,,,172.07168515,141.26392878,,,,,,,,114.24655510999999,,,,,
1976-11-01,63.789010749999996,,14.305805869999999,,,,,,,169.33556343,115.02266451,,,,,,,,113.73739643,,,,,
1976-10-01,64.99505249,,13.980849779999998,,,,,,,164.57261395,133.40411177,,,,,,,,112.91313842,,,,,
1976-09-01,67.41722835,,13.917217130000001,,,,,,,159.80975567,137.77102223999998,,,,,,,,112.02521899,,,,,
1976-08-01,60.89249210999999,,13.581576870000001,,,,,,,155.04689739,140.32202024,,,,,,,,103.50780143,,,,,
1976-07-01,61.66456067,,14.45803837,,,,,,,151.50006280999997,144.80486968,,,,,,,,115.48221337,,,,,
1976-06-01,63.728456349999995,,14.72676201,,,,,,,147.95322822,134.94076321999998,,,,,,,,111.21945392,,,,,
1976-05-01,63.349991370000005,,13.113228020000001,,,,,,,144.40639363,145.29481665,,,,,,,,114.32887485,,,,,
1976-04-01,65.86299884,,13.412946989999998,,,,,,,142.07567396,163.89748186,,,,,,,,117.47143497999998,,,,,
1976-03-01,62.52746082,,13.87992377,,,,,,,139.74486307,152.05240579999997,,,,,,,,119.96539696999999,,,,,
1976-02-01,65.62582744999999,,14.770803269999998,,,,,,,137.41414337999998,148.65217476,,,,,,,,119.20683833000001,,,,,
1976-01-01,57.08765751,,15.720636879999999,,,,,,,144.40639363,158.248753,,,,,,,,119.20648599,,,,,
1975-12-01,62.74444741,,13.35655709,,,,,,,151.39873509,129.46075050000002,,,,,,,,113.36634318,,,,,
1975-11-01,62.48204502,,14.042525529999999,,,,,,,158.39107656,136.28857838,,,,,,,,108.02500504000001,,,,,
1975-10-01,58.15240565999999,,13.34225155,,,,,,,162.95127942,134.34861518,,,,,,,,113.70071918,,,,,
1975-09-01,57.94551147,,13.33993477,,,,,,,167.51148228,130.84044214,,,,,,,,114.65369445,,,,,
1975-08-01,53.29796152,,13.120785660000001,,,,,,,172.07168515,156.33108619,,,,,,,,118.96060227,,,,,
1975-07-01,57.44089149,,12.629021609999999,,,,,,,165.68740114,123.47058229000001,,,,,,,,122.94491852,,,,,
1975-06-01,58.00101966,,11.8657223,,,,,,,159.30311713,136.35173193,,,,,,,,117.95720963000001,,,,,
1975-05-01,55.91189298,,11.11715589,,,,,,,152.91883312000002,142.58373466,,,,,,,,117.01619715,,,,,
1975-04-01,55.29625661000001,,10.41778163,,,,,,,150.38536681,125.98924425999999,,,,,,,,131.46461164000002,,,,,
1975-03-01,51.794194000000005,,8.63174896,,,,,,,147.85190050999998,130.90598842,,,,,,,,117.79447214000001,,,,,
1975-02-01,47.67144882,,8.08645162,,,,,,,145.31843421,159.66807269,,,,,,,,94.74079320999999,,,,,
1975-01-01,47.62603302,,7.90819475,,,,,,,148.35863026,108.12003926,,,,,,,,109.01869237999999,,,,,
1974-12-01,49.9170077,,6.91823367,,,,,,,151.39873509,129.4909662,,,,,,,,99.23831186999999,,,,,
1974-11-01,45.66810753,,7.0565205099999995,,,,,,,154.43883994,139.4917498,,,,,,,,111.59650231,,,,,
1974-10-01,43.88679903,,7.59059386,,,,,,,153.83087368999998,137.44131432,,,,,,,,117.20886807999999,,,,,
1974-09-01,44.13406281,,7.6833998999999995,,,,,,,153.22281625,148.75176964,,,,,,,,125.36285709999999,,,,,
1974-08-01,47.97926701,,8.079298849999999,,,,,,,152.6147588,139.39826448,,,,,,,,131.98546592,,,,,
1974-07-01,60.74615231,,7.724786979999999,,,,,,,153.62812707,212.11481378000002,,,,,,,,127.60098642,,,,,
1974-06-01,60.382825929999996,,7.86039716,,,,,,,154.64158655,178.46290202,,,,,,,,142.29951821,,,,,
1974-05-01,66.5694668,,9.21112317,,,,,,,155.65495483,179.09782201,,,,,,,,151.20609407,,,,,
1974-04-01,67.88652493000001,,9.51486839,,,,,,,158.79638738999998,124.17814542,,,,,,,,132.61821103,,,,,
1974-03-01,65.95383043,,11.2167998,,,,,,,161.93791114,173.21782123,,,,,,,,134.00308505,,,,,
1974-02-01,69.76371123,,10.28376845,,,,,,,165.07934369,165.94278115,,,,,,,,135.35715626,,,,,
1974-01-01,72.13542509999999,,9.78156766,,,,,,,159.30311713,169.78569419,,,,,,,,143.82599928,,,,,
1973-12-01,73.9671956,,10.952709709999999,,,,,,,153.52679937,,,,,,,,,143.65340611,,,,,
1973-11-01,79.87629548,,11.105774440000001,,,,,,,147.7505728,,,,,,,,,151.81315598,,,,,
1973-10-01,86.78958911,,9.47591054,,,,,,,144.50772134,,,,,,,,,159.64194705,,,,,
1973-09-01,84.95277241,,8.84070876,,,,,,,141.26496108999999,,,,,,,,,148.67623709,,,,,
1973-08-01,89.91823294,,9.41335756,,,,,,,138.02210963,,,,,,,,,146.15336484,,,,,
1973-07-01,88.63649821,,8.74133477,,,,,,,136.60343050999998,,,,,,,,,149.90470218000002,,,,,
1973-06-01,85.54822397,,8.29550139,,,,,,,135.1846602,,,,,,,,,148.13104042,,,,,
1973-05-01,87.99563084,,8.446294329999999,,,,,,,133.76598109,,,,,,,,,144.02337103,,,,,
1973-04-01,82.55078134,,7.67566231,,,,,,,148.35863026,,,,,,,,,149.42368279,,,,,
1973-03-01,88.55071281,,8.90103493,,,,,,,162.95127942,,,,,,,,,139.29647867,,,,,
1973-02-01,82.92924632,,7.77874764,,,,,,,177.54392859,,,,,,,,,139.12115621,,,,,
1973-01-01,83.1210019,,7.50887685,,,,,,,174.80780686999998,,,,,,,,,,,,,,
1972-12-01,75.27920753000001,,7.055125950000001,,,,,,,172.07168515,172.81202926,,,,,,,,,,,,,
1972-11-01,78.21104957,,7.04734338,,,,,,,169.33556343,181.0299771,,,,,,,,,,,,,
1972-10-01,74.52227757,,6.75023359,,,,,,,164.57261395,168.88172938999998,,,,,,,,,,,,,
1972-09-01,75.38013152,,7.292831769999999,,,,,,,159.80975567,148.19224992,,,,,,,,,,,,,
1972-08-01,70.67707338,,6.777067720000001,,,,,,,155.04689739,145.60881241,,,,,,,,,,,,,
1972-07-01,68.71410168,,6.82767692,,,,,,,151.50006280999997,157.63923124000002,,,,,,,,,,,,,
1972-06-01,68.59299289,,7.006811020000001,,,,,,,147.95322822,154.67328100999998,,,,,,,,,,,,,
1972-05-01,66.13549361999999,,6.23249015,,,,,,,144.40639363,164.28202533,,,,,,,,,,,,,
1972-04-01,60.736059919999995,,7.70416092,,,,,,,142.07567396,151.94462017,,,,,,,,,,,,,
1972-03-01,65.73179765,,5.94750408,,,,,,,139.74486307,142.0734928,,,,,,,,,,,,,
1972-02-01,64.7679735,,6.5719992099999995,,,,,,,137.41414337999998,143.57206381,,,,,,,,,,,,,
1972-01-01,64.05141314,,6.62546502,,,,,,,144.40639363,168.47303505,,,,,,,,,,,,,
1971-12-01,62.74444741,,6.13475815,,,,,,,151.39873509,206.92867707000002,,,,,,,,,,,,,
1971-11-01,62.13385724,,6.67189054,,,,,,,158.39107656,157.64711646,,,,,,,,,,,,,
1971-10-01,61.341603879999994,,7.826770160000001,,,,,,,162.95127942,154.00867492,,,,,,,,,,,,,
1971-09-01,60.11033114999999,,6.3573262,,,,,,,167.51148228,149.79072842,,,,,,,,,,,,,
1971-08-01,61.99256365,,5.98940851,,,,,,,172.07168515,155.30306527,,,,,,,,,,,,,
1971-07-01,60.796614309999995,,6.13667005,,,,,,,165.68740114,158.0028941,,,,,,,,,,,,,
1971-06-01,61.50308227,,6.16037765,,,,,,,159.30311713,179.62655951,,,,,,,,,,,,,
1971-05-01,55.82106138,,5.79734094,,,,,,,152.91883312000002,157.38365672,,,,,,,,,,,,,
1971-04-01,63.536700759999995,,5.6203661600000006,,,,,,,150.38536681,155.61823845,,,,,,,,,,,,,
1971-03-01,58.13726706,,5.1504653,,,,,,,147.85190050999998,193.06898833,,,,,,,,,,,,,
1971-02-01,59.817651569999995,,5.369479449999999,,,,,,,145.31843421,153.20912477,,,,,,,,,,,,,
1971-01-01,62.21459644,,4.8315823,,,,,,,146.43322139999998,136.67616207,,,,,,,,,,,,,
1970-12-01,62.46186022,,5.31322451,,,,,,,147.54791738999998,225.26521217,,,,,,,,,,,,,
1970-11-01,59.252477199999994,,5.65981885,,,,,,,148.66261337999998,116.62875063,,,,,,,,,,,,,
1970-10-01,62.29028943,,5.487275199999999,,,,,,,154.43883994,109.15423134999999,,,,,,,,,,,,,
1970-09-01,60.06491535,,5.5234889,,,,,,,160.21515771,150.0901552,,,,,,,,,,,,,
1970-08-01,58.308837849999996,,4.5448417800000005,,,,,,,165.99138426,142.17985632,,,,,,,,,,,,,
1970-07-01,53.5351329,,3.3469330899999994,,,,,,,154.84424198,129.6125661,,,,,,,,,,,,,
1970-06-01,56.96654872,,3.6879491799999995,,,,,,,143.69709969,152.17633974,,,,,,,,,,,,,
1970-05-01,54.66548164,,3.83595299,,,,,,,132.54986619,138.7724992,,,,,,,,,,,,,
1970-04-01,68.23975891,,3.6321216,,,,,,,136.90741364000002,148.14755581,,,,,,,,,,,,,
1970-03-01,64.14224473,,3.33420206,,,,,,,141.26496108999999,147.26445556000002,,,,,,,,,,,,,
1970-02-01,67.78560093,,3.6173662,,,,,,,145.62250854,151.08064861,,,,,,,,,,,,,
1970-01-01,66.41808081,,4.0107684400000005,,,,,,,142.68364019999999,126.66765644,,,,,,,,,,,,,
1969-12-01,71.20692435,,4.02095776,,,,,,,139.74486307,160.75947954,,,,,,,,,,,,,
1969-11-01,68.95631927,,3.84850407,,,,,,,136.80608593,119.27835035000001,,,,,,,,,,,,,
1969-10-01,66.32724921,,3.92920889,,,,,,,133.36057905,146.48538531999998,,,,,,,,,,,,,
1969-09-01,64.7578811,,3.98715081,,,,,,,129.91507218,171.80150175,,,,,,,,,,,,,
1969-08-01,67.08417917,,4.46521663,,,,,,,126.46965649999999,151.30488018,,,,,,,,,,,,,
1969-07-01,69.95042062,,4.7389787000000005,,,,,,,133.15792364,159.86518273000001,,,,,,,,,,,,,
1969-06-01,66.73094519,,5.09459273,,,,,,,139.84619077,142.19108892,,,,,,,,,,,,,
1969-05-01,69.07238186,,4.57646691,,,,,,,146.53454911,140.80730248,,,,,,,,,,,,,
1969-04-01,61.58886767,,4.94096567,,,,,,,143.08904224,135.63928057,,,,,,,,,,,,,
1969-03-01,64.74274249999999,,5.39937263,,,,,,,139.64353536,131.50817156,,,,,,,,,,,,,
1969-02-01,62.007702249999994,,5.15039782,,,,,,,136.19802848999998,126.10282315,,,,,,,,,,,,,
1969-01-01,62.52746082,,4.48791205,,,,,,,125.15221389999999,143.48857132999998,,,,,,,,,,,,,
1968-12-01,60.44842653,,6.01223888,,,,,,,114.10639932,203.42667025,,,,,,,,,,,,,
1968-11-01,62.42653682,,5.03631342,,,,,,,103.06058472999999,156.13650679,,,,,,,,,,,,,
1968-10-01,56.79497793,,4.47039001,,,,,,,110.55956473999998,149.22396725,,,,,,,,,,,,,
1968-09-01,64.36932372,,4.4025286900000005,,,,,,,118.05854473,125.35014885999999,,,,,,,,,,,,,
1968-08-01,61.55859047,,4.22627369,,,,,,,125.55761593000001,154.03055613,,,,,,,,,,,,,
1968-07-01,59.57038778,,4.20135147,,,,,,,123.9361902,129.45886536,,,,,,,,,,,,,
1968-06-01,59.75205097,,3.56297817,,,,,,,122.31476448000001,126.46744819999999,,,,,,,,,,,,,
1968-05-01,58.12212846,,4.04372066,,,,,,,120.69333874999998,113.30364154999998,,,,,,,,,,,,,
1968-04-01,56.55780654,,4.10942265,,,,,,,118.66660218,117.09521341,,,,,,,,,,,,,
1968-03-01,58.24323725,,5.2780904699999995,,,,,,,116.63986562,126.56238692,,,,,,,,,,,,,
1968-02-01,57.450983889999996,,4.69817643,,,,,,,114.61312906,103.48741679,,,,,,,,,,,,,
1968-01-01,61.0691091,,4.0683504699999995,,,,,,,117.34925078,120.67031381999999,,,,,,,,,,,,,
1967-12-01,52.92454274,,3.4017259899999996,,,,,,,120.08537249999999,114.86543839000001,,,,,,,,,,,,,
1967-11-01,55.240748409999995,,3.01113538,,,,,,,122.82149421,106.60093567999999,,,,,,,,,,,,,
1967-10-01,54.847144830000005,,3.1938458599999997,,,,,,,119.37598733999998,104.62735671,,,,,,,,,,,,,
1967-09-01,51.768963,,3.8578611499999997,,,,,,,115.93048046,113.66970637,,,,,,,,,,,,,
1967-08-01,51.88502559,,3.65328749,,,,,,,112.48497359,113.2325434,,,,,,,,,,,,,
1967-07-01,51.683177609999994,,4.20450049,,,,,,,105.99936186000001,119.70967797,,,,,,,,,,,,,
1967-06-01,51.09781844,,3.9939212,,,,,,,99.51375015,109.80585549999999,,,,,,,,,,,,,
1967-05-01,52.349275969999994,,4.20146393,,,,,,,93.02813843,128.16444196,,,,,,,,,,,,,
1967-04-01,51.304712630000004,,4.163608249999999,,,,,,,93.63619587999999,121.86883965999999,,,,,,,,,,,,,
1967-03-01,45.330012149999995,,3.05558151,,,,,,,94.24416212999999,122.50172607,,,,,,,,,,,,,
1967-02-01,53.514948110000006,,3.2955141299999995,,,,,,,94.85221958,122.13337629,,,,,,,,,,,,,
1967-01-01,50.20464109,,3.23604269,,,,,,,92.6228276,113.47925135000001,,,,,,,,,,,,,
1966-12-01,49.17521634,,2.69798809,,,,,,,90.39334441999999,112.71127132000001,,,,,,,,,,,,,
1966-11-01,49.22063214,,2.65500401,,,,,,,88.16395245,120.23773672,,,,,,,,,,,,,
1966-10-01,52.96995853999999,,2.73692344,,,,,,,88.67059098,121.6901204,,,,,,,,,,,,,
1966-09-01,51.10286464,,3.4913380299999996,,,,,,,89.17732072999999,115.09015575999999,,,,,,,,,,,,,
1966-08-01,52.15247418,,3.0874090699999996,,,,,,,89.68395926,128.33094408,,,,,,,,,,,,,
1966-07-01,52.82866494,,2.78341643,,,,,,,90.19068901,126.89442999,,,,,,,,,,,,,
1966-06-01,48.635272969999995,,2.92685418,,,,,,,90.69732755,135.9562287,,,,,,,,,,,,,
1966-05-01,47.05581246,,2.8336432599999997,,,,,,,91.20405727999999,112.86174881,,,,,,,,,,,,,
1966-04-01,47.32326104,,2.89079793,,,,,,,85.73181385000001,155.88372164,,,,,,,,,,,,,
1966-03-01,47.747141819999996,,2.94115971,,,,,,,80.25957042,121.48703556,,,,,,,,,,,,,
1966-02-01,44.07855462,,2.6429477699999997,,,,,,,74.78732697,121.24980341,,,,,,,,,,,,,
1966-01-01,41.89355013,,4.12136643,,,,,,,99.31109474,152.49174946,,,,,,,,,,,,,
1965-12-01,44.09873942,,3.49603906,,,,,,,123.83486248999999,195.34115896999998,,,,,,,,,,,,,
1965-11-01,43.28125506,,3.1453060099999997,,,,,,,148.35863026,159.11025766,,,,,,,,,,,,,
1965-10-01,44.386372800000004,,3.52273823,,,,,,,129.50976135,154.23491923999998,,,,,,,,,,,,,
1965-09-01,51.13314182999999,,3.23777465,,,,,,,110.66089243999998,148.65537641999998,,,,,,,,,,,,,
1965-08-01,46.192912299999996,,3.07479051,,,,,,,91.81211474,143.86811063,,,,,,,,,,,,,
1965-07-01,47.807696209999996,,3.32003148,,,,,,,95.76426016,116.73063288,,,,,,,,,,,,,
1965-06-01,53.6764265,,3.88413296,,,,,,,99.71640556999999,139.08606362,,,,,,,,,,,,,
1965-05-01,48.43847117999999,,3.2716490799999995,,,,,,,103.66864219,140.86477265,,,,,,,,,,,,,
1965-04-01,51.59739221,,2.9373359,,,,,,,124.34150103999998,136.45888661,,,,,,,,,,,,,
1965-03-01,50.043162689999996,,3.33782343,,,,,,,145.01445109,132.54091007,,,,,,,,,,,,,
1965-02-01,51.642808009999996,,3.0222694,,,,,,,165.68740114,148.63156246,,,,,,,,,,,,,
1965-01-01,50.26519548,,3.26508113,,,,,,,135.28598791,143.60057424,,,,,,,,,,,,,
1964-12-01,49.20044734,,2.7779281499999997,,,,,,,104.88466588,171.20874754,,,,,,,,,,,,,
1964-11-01,53.84799729,,3.4935648299999995,,,,,,,74.48334385,136.64259916999998,,,,,,,,,,,,,
1964-10-01,49.27614034,,3.39538297,,,,,,,81.98232386,193.1605745,,,,,,,,,,,,,
1964-09-01,52.30386017000001,,3.1434165999999997,,,,,,,89.48130385,130.09533668999998,,,,,,,,,,,,,
1964-08-01,57.99092726,,3.37351979,,,,,,,96.98028385,111.55782941000001,,,,,,,,,,,,,
1964-07-01,51.304712630000004,,2.8715664299999997,,,,,,,98.09507104000001,138.52276734,,,,,,,,,,,,,
1964-06-01,62.47195262,,2.8535945399999996,,,,,,,99.20976703,131.13417862,,,,,,,,,,,,,
1964-05-01,47.87834301,,2.59105646,,,,,,,100.32446302,129.99803655,,,,,,,,,,,,,
1964-04-01,52.53093916,,2.90751021,,,,,,,100.93252047,141.02399395,,,,,,,,,,,,,
1964-03-01,50.75972305999999,,2.88389258,,,,,,,101.54048671,132.53687826,,,,,,,,,,,,,
1964-02-01,47.92880501,,3.0389142099999997,,,,,,,102.14854416000001,132.07840353,,,,,,,,,,,,,
1964-01-01,50.05325509,,2.99185889,,,,,,,101.03384818,139.73692148,,,,,,,,,,,,,
1963-12-01,47.807696209999996,,2.94597321,,,,,,,99.91915219,131.1466489,,,,,,,,,,,,,
1963-11-01,47.26270664,,3.122903,,,,,,,98.80436499,132.06069435,,,,,,,,,,,,,
1963-10-01,45.289642549999996,,2.35159618,,,,,,,93.12946613999999,145.55654048,,,,,,,,,,,,,
1963-09-01,46.87919546,,2.68725894,,,,,,,87.45456729,157.84343389999998,,,,,,,,,,,,,
1963-08-01,44.68914478,,2.5947903,,,,,,,81.77966843,142.39889003,,,,,,,,,,,,,
1963-07-01,43.18537726,,2.77572384,,,,,,,85.12375639999999,135.97968616,,,,,,,,,,,,,
1963-06-01,43.775782629999995,,2.71258604,,,,,,,88.46793557,132.6537689,,,,,,,,,,,,,
1963-05-01,42.01970513,,2.56062346,,,,,,,91.81211474,116.92194452999999,,,,,,,,,,,,,
1963-04-01,42.20136832,,2.92408754,,,,,,,85.52915843999999,106.42245896,,,,,,,,,,,,,
1963-03-01,40.31913582,,2.8200125199999997,,,,,,,79.24620213,115.05324002999998,,,,,,,,,,,,,
1963-02-01,40.94991079,,2.70424114,,,,,,,72.96324583,118.20739980999998,,,,,,,,,,,,,
1963-01-01,38.23000913,,2.688676,,,,,,,86.2385436,118.19720146999998,,,,,,,,,,,,,
1962-12-01,34.68757692,,2.27889887,,,,,,,99.51375015,113.61663301,,,,,,,,,,,,,
1962-11-01,38.66398231,,1.97335421,,,,,,,112.78904791999999,116.40622839000001,,,,,,,,,,,,,
1962-10-01,38.07862314,,1.9316972099999998,,,,,,,105.39139562,105.67043972,,,,,,,,,,,,,
1962-09-01,41.75730274,,2.1340215799999998,,,,,,,97.99365213,112.16909937999999,,,,,,,,,,,,,
1962-08-01,37.468032969999996,,2.3179016999999997,,,,,,,90.59599983,112.74398673999998,,,,,,,,,,,,,
1962-07-01,38.830506899999996,,2.4096730600000003,,,,,,,86.54252672,107.71812750000001,,,,,,,,,,,,,
1962-06-01,38.40157992,,2.61577625,,,,,,,82.48896239,100.29250834000001,,,,,,,,,,,,,
1962-05-01,37.543725970000004,,2.44015105,,,,,,,78.43548926,100.69794025,,,,,,,,,,,,,
1962-04-01,38.12908514,,2.16330744,,,,,,,77.21946557,103.20567777000001,,,,,,,,,,,,,
1962-03-01,36.79688841,,2.45146502,,,,,,,76.00335067,107.80086554999998,,,,,,,,,,,,,
1962-02-01,35.78260226,,2.36457463,,,,,,,74.78732697,93.71239278,,,,,,,,,,,,,
1962-01-01,35.227520289999994,,2.1172868,,,,,,,88.36660786,87.71654319999999,,,,,,,,,,,,,
1961-12-01,37.498310169999996,,2.15444521,,,,,,,101.94588875,121.87718668000001,,,,,,,,,,,,,
1961-11-01,35.30321329,,2.22509566,,,,,,,115.52516963999999,81.99073232,,,,,,,,,,,,,
1961-10-01,34.26369615,,2.21607597,,,,,,,114.30905472999999,89.15536223,,,,,,,,,,,,,
1961-09-01,32.98196142,,2.22682762,,,,,,,113.09303103999999,80.19588608,,,,,,,,,,,,,
1961-08-01,33.82972297,,2.31061397,,,,,,,111.87700733999999,71.76816418,,,,,,,,,,,,,
1961-07-01,34.23846515,,2.33213976,,,,,,,109.44486874999998,91.95975876,,,,,,,,,,,,,
1961-06-01,39.22411048,,2.11359795,,,,,,,107.01273014999998,91.87209358,,,,,,,,,,,,,
1961-05-01,32.26035486,,2.25456146,,,,,,,104.58068276,95.8273256,,,,,,,,,,,,,
1961-04-01,27.638035909999996,,2.33857275,,,,,,,117.65323389999999,91.85852439,,,,,,,,,,,,,
1961-03-01,31.83142788,,2.26074703,,,,,,,130.72578504,88.04401357,,,,,,,,,,,,,
1961-02-01,33.12325501,,2.03563728,,,,,,,143.79842739,96.36743907,,,,,,,,,,,,,
1961-01-01,37.69006576,,1.98320614,,,,,,,121.4027239,107.7441662,,,,,,,,,,,,,
1960-12-01,40.09205683,,2.1874648999999997,,,,,,,99.00711161,82.4901465,,,,,,,,,,,,,
1960-11-01,40.637046399999996,,2.07322305,,,,,,,76.61140812000001,97.01619405,,,,,,,,,,,,,
1960-10-01,52.25844437,,1.9494891600000002,,,,,,,85.02242869,82.06259202,,,,,,,,,,,,,
1960-09-01,42.62524909,,1.97711054,,,,,,,93.43344927,88.57169075,,,,,,,,,,,,,
1960-08-01,45.425889940000005,,1.6855565199999998,,,,,,,101.84456103999999,94.74315627,,,,,,,,,,,,,
1960-07-01,46.2030047,,1.8455940800000001,,,,,,,100.93252047,103.81225534000001,,,,,,,,,,,,,
1960-06-01,45.60250693,,1.75989582,,,,,,,100.0204799,79.57212803,,,,,,,,,,,,,
1960-05-01,47.91871261,,1.6824075,,,,,,,99.10843931999999,97.89972214,,,,,,,,,,,,,
1960-04-01,44.61345179,,1.52965767,,,,,,,101.03384818,96.16250101,,,,,,,,,,,,,
1960-03-01,49.9977469,,1.49090226,,,,,,,102.95925702999999,98.38012796,,,,,,,,,,,,,
1960-02-01,47.72695702,,1.600713,,,,,,,104.88466588,78.84128960999999,,,,,,,,,,,,,
1960-01-01,46.3039287,,1.4625835999999999,,,,,,,94.24416212999999,84.0216282,,,,,,,,,,,,,
1959-12-01,42.75645029,,1.75656686,,,,,,,83.60374958999999,81.33719097999999,,,,,,,,,,,,,
1959-11-01,44.19461721,,2.00187531,,,,,,,72.96324583,80.85152805999999,,,,,,,,,,,,,
1959-10-01,42.65552629,,2.4723385099999997,,,,,,,76.40875271,79.64445479999999,,,,,,,,,,,,,
1959-09-01,37.79603596,,2.48273026,,,,,,,79.85425957999999,80.56463416,,,,,,,,,,,,,
1959-08-01,38.09376174,,2.4070188900000002,,,,,,,83.29967525,76.41724062,,,,,,,,,,,,,
1959-07-01,37.68501956,,2.25033278,,,,,,,83.09701984,78.65838966999999,,,,,,,,,,,,,
1959-06-01,38.96170809,,2.31027658,,,,,,,82.89436443,88.16198962,,,,,,,,,,,,,
1959-05-01,37.614372769999996,,2.3212081700000002,,,,,,,82.691709,88.8206476,,,,,,,,,,,,,
1959-04-01,38.08871554,,2.49300956,,,,,,,83.60374958999999,98.50477077999999,,,,,,,,,,,,,
1959-03-01,36.44365443,,2.35685954,,,,,,,84.51579016000001,85.09886987,,,,,,,,,,,,,
1959-02-01,38.18963953,,2.4890282999999997,,,,,,,85.42783073,92.07180082999999,,,,,,,,,,,,,
1959-01-01,39.970948039999996,,2.8933171399999997,,,,,,,82.28630698,86.25781911,,,,,,,,,,,,,
1958-12-01,37.49326397,,2.57324202,,,,,,,79.14487442,84.65716566,,,,,,,,,,,,,
1958-11-01,36.292268439999994,,2.80795628,,,,,,,76.00335067,89.92074991,,,,,,,,,,,,,
1958-10-01,37.29141598,,2.44379491,,,,,,,70.83518157,98.27459327,,,,,,,,,,,,,
1958-09-01,38.63370511,,2.5071126599999998,,,,,,,65.66692125,86.39186991,,,,,,,,,,,,,
1958-08-01,35.54543088,,2.69031799,,,,,,,60.49866093,82.05562092999999,,,,,,,,,,,,,
1958-07-01,39.27961868,,2.35751184,,,,,,,62.5254887,83.23746349,,,,,,,,,,,,,
1958-06-01,36.52943982,,2.30982672,,,,,,,64.55222526,93.32426895,,,,,,,,,,,,,
1958-05-01,36.55971702,,2.3545427599999997,,,,,,,66.57896182,84.12766846000001,,,,,,,,,,,,,
1958-04-01,37.76575876,,2.30395605,,,,,,,64.75488067,74.82785819,,,,,,,,,,,,,
1958-03-01,43.079407069999995,,3.1671916799999997,,,,,,,62.93079952,77.16678417,,,,,,,,,,,,,
1958-02-01,34.980256510000004,,2.31288576,,,,,,,61.106718380000004,74.28050040000001,,,,,,,,,,,,,
1958-01-01,40.18288843,,3.2315441,,,,,,,67.79498552,97.96274723,,,,,,,,,,,,,
1957-12-01,34.314158139999996,,2.25339183,,,,,,,74.48334385,87.61737099999999,,,,,,,,,,,,,
1957-11-01,34.81877812,,2.18082947,,,,,,,81.17161098999999,68.69915243999999,,,,,,,,,,,,,
1957-10-01,31.286438309999998,,2.0586026100000003,,,,,,,76.10467838,75.68516072,,,,,,,,,,,,,
1957-09-01,33.304918199999996,,1.7825687499999998,,,,,,,71.03783698,97.13729321999999,,,,,,,,,,,,,
1957-08-01,34.81877812,,1.64018818,,,,,,,65.97090437,82.77810114,,,,,,,,,,,,,
1957-07-01,33.304918199999996,,1.80519669,,,,,,,63.23478266,84.66132683999999,,,,,,,,,,,,,
1957-06-01,34.81877812,,1.75701672,,,,,,,60.49866093,77.96054788,,,,,,,,,,,,,
1957-05-01,34.81877812,,1.68794078,,,,,,,57.76253920999999,83.77286219999999,,,,,,,,,,,,,
1957-04-01,33.809538169999996,,1.6628161200000002,,,,,,,56.54651551999999,84.70886354,,,,,,,,,,,,,
1957-03-01,34.314158139999996,,1.68013571,,,,,,,55.33049182999999,88.41472218,,,,,,,,,,,,,
1957-02-01,34.81877812,,1.61335405,,,,,,,54.11437692,84.34955106000001,,,,,,,,,,,,,
1957-01-01,33.304918199999996,,1.30020677,,,,,,,55.33049182999999,79.05295031,,,,,,,,,,,,,
1956-12-01,30.78181834,,1.2944260699999999,,,,,,,56.54651551999999,80.35770084,,,,,,,,,,,,,
1956-11-01,30.78181834,,1.2874082599999999,,,,,,,57.76253920999999,93.27042777999999,,,,,,,,,,,,,
1956-10-01,29.77257839,,1.50705222,,,,,,,60.80273525999999,85.49784743,,,,,,,,,,,,,
1956-09-01,29.77257839,,1.7147524099999998,,,,,,,63.8428401,88.33572721,,,,,,,,,,,,,
1956-08-01,29.77257839,,1.8640608199999997,,,,,,,66.88294494,95.11840217,,,,,,,,,,,,,
1956-07-01,27.7540985,,1.9650542999999998,,,,,,,67.28834697,86.72945492000001,,,,,,,,,,,,,
1956-06-01,31.286438309999998,,2.04083316,,,,,,,67.69365780999999,87.98976186,,,,,,,,,,,,,
1956-05-01,28.763338440000002,,2.06989409,,,,,,,68.09905984,81.45841868,,,,,,,,,,,,,
1956-04-01,28.763338440000002,,2.08696626,,,,,,,71.24049239,83.33121083,,,,,,,,,,,,,
1956-03-01,29.77257839,,1.8664450799999999,,,,,,,74.38201615,86.04717486,,,,,,,,,,,,,
1956-02-01,30.78181834,,2.18357362,,,,,,,77.52344869,100.74843517000001,,,,,,,,,,,,,
1956-01-01,31.79105828,,2.01694561,,,,,,,75.39538443,85.03835005,,,,,,,,,,,,,
1955-12-01,32.80029823,,1.93028016,,,,,,,73.26722894999999,83.98180418,,,,,,,,,,,,,
1955-11-01,33.304918199999996,,1.91064378,,,,,,,71.13916469,84.3648242,,,,,,,,,,,,,
1955-10-01,33.809538169999996,,2.15237585,,,,,,,74.17926952,84.91311664999999,,,,,,,,,,,,,
1955-09-01,33.304918199999996,,2.12437209,,,,,,,77.21946557,75.26038403999999,,,,,,,,,,,,,
1955-08-01,33.304918199999996,,2.10059701,,,,,,,80.25957042,72.89555814,,,,,,,,,,,,,
1955-07-01,34.81877812,,2.02906933,,,,,,,81.07028328,69.96819955,,,,,,,,,,,,,
1955-06-01,35.323398090000005,,1.94980406,,,,,,,81.88099614,65.04759872,,,,,,,,,,,,,
1955-05-01,34.314158139999996,,1.93408147,,,,,,,82.691709,67.32157852,,,,,,,,,,,,,
1955-04-01,35.323398090000005,,1.84989024,,,,,,,81.47559411,70.93871109999999,,,,,,,,,,,,,
1955-03-01,35.82801806,,1.65721537,,,,,,,80.25957042,65.52375574,,,,,,,,,,,,,
1955-02-01,40.87421779,,1.62770457,,,,,,,79.04354671,64.54460193,,,,,,,,,,,,,
1955-01-01,32.295678249999995,,1.9233748099999999,,,,,,,,63.33356548,,,,,,,,,,,,,
1954-12-01,,,1.95178345,,,,,,,,,,,,,,,,,,,,,
1954-11-01,,,2.09796533,,,,,,,,,,,,,,,,,,,,,
1954-10-01,,,1.66556026,,,,,,,,,,,,,,,,,,,,,
1954-09-01,,,1.6464637199999999,,,,,,,,,,,,,,,,,,,,,
1954-08-01,,,1.81435133,,,,,,,,,,,,,,,,,,,,,
1954-07-01,,,1.74127164,,,,,,,,,,,,,,,,,,,,,
1954-06-01,,,1.62934656,,,,,,,,,,,,,,,,,,,,,
1954-05-01,,,1.49072232,,,,,,,,,,,,,,,,,,,,,
1954-04-01,,,1.26900901,,,,,,,,,,,,,,,,,,,,,
1954-03-01,,,1.67964087,,,,,,,,,,,,,,,,,,,,,
1954-02-01,,,1.34620492,,,,,,,,,,,,,,,,,,,,,
1954-01-01,,,1.54072422,,,,,,,,,,,,,,,,,,,,,
1953-12-01,,,1.53674296,,,,,,,,,,,,,,,,,,,,,
1953-11-01,,,1.6290091699999998,,,,,,,,,,,,,,,,,,,,,
1953-10-01,,,1.57331655,,,,,,,,,,,,,,,,,,,,,
1953-09-01,,,1.60876548,,,,,,,,,,,,,,,,,,,,,
1953-08-01,,,1.44404938,,,,,,,,,,,,,,,,,,,,,
1953-07-01,,,1.4607391799999998,,,,,,,,,,,,,,,,,,,,,
1953-06-01,,,1.4321281,,,,,,,,,,,,,,,,,,,,,
1953-05-01,,,1.42353579,,,,,,,,,,,,,,,,,,,,,
1953-04-01,,,1.6152659600000001,,,,,,,,,,,,,,,,,,,,,
1953-03-01,,,1.62912163,,,,,,,,,,,,,,,,,,,,,
1953-02-01,,,1.4304861199999999,,,,,,,,,,,,,,,,,,,,,
1953-01-01,,,1.42999127,,,,,,,,,,,,,,,,,,,,,
1952-12-01,,,1.40464168,,,,,,,,,,,,,,,,,,,,,
1952-11-01,,,1.35164822,,,,,,,,,,,,,,,,,,,,,
1952-10-01,,,1.3648740899999998,,,,,,,,,,,,,,,,,,,,,
1952-09-01,,,1.26007929,,,,,,,,,,,,,,,,,,,,,
1952-08-01,,,1.2470333599999999,,,,,,,,,,,,,,,,,,,,,
1952-07-01,,,1.10208859,,,,,,,,,,,,,,,,,,,,,
1952-06-01,,,1.17690025,,,,,,,,,,,,,,,,,,,,,
1952-05-01,,,1.13627792,,,,,,,,,,,,,,,,,,,,,
1952-04-01,,,1.0632882,,,,,,,,,,,,,,,,,,,,,
1952-03-01,,,0.8841540999999999,,,,,,,,,,,,,,,,,,,,,
1952-02-01,,,0.9780623,,,,,,,,,,,,,,,,,,,,,
1952-01-01,,,0.7405139199999999,,,,,,,,,,,,,,,,,,,,,
1951-12-01,,,0.76320934,,,,,,,,,,,,,,,,,,,,,
1951-11-01,,,0.6665120099999999,,,,,,,,,,,,,,,,,,,,,
1951-10-01,,,0.67285504,,,,,,,,,,,,,,,,,,,,,
1951-09-01,,,0.67173039,,,,,,,,,,,,,,,,,,,,,
1951-08-01,,,0.7281652799999999,,,,,,,,,,,,,,,,,,,,,
1951-07-01,,,0.76332181,,,,,,,,,,,,,,,,,,,,,
1951-06-01,,,0.7845551799999999,,,,,,,,,,,,,,,,,,,,,
1951-05-01,,,0.79852332,,,,,,,,,,,,,,,,,,,,,
1951-04-01,,,0.9277455,,,,,,,,,,,,,,,,,,,,,
1951-03-01,,,0.95156556,,,,,,,,,,,,,,,,,,,,,
1951-02-01,,,1.11958813,,,,,,,,,,,,,,,,,,,,,
1951-01-01,,,1.1571964000000001,,,,,,,,,,,,,,,,,,,,,
1950-12-01,,,0.9809638900000001,,,,,,,,,,,,,,,,,,,,,
1950-11-01,,,0.93591045,,,,,,,,,,,,,,,,,,,,,
1950-10-01,,,1.1608402599999998,,,,,,,,,,,,,,,,,,,,,
1950-09-01,,,1.09970434,,,,,,,,,,,,,,,,,,,,,
1950-08-01,,,1.01830224,,,,,,,,,,,,,,,,,,,,,
1950-07-01,,,1.10780181,,,,,,,,,,,,,,,,,,,,,
1950-06-01,,,1.08272214,,,,,,,,,,,,,,,,,,,,,
1950-05-01,,,1.19012612,,,,,,,,,,,,,,,,,,,,,
1950-04-01,,,0.96895264,,,,,,,,,,,,,,,,,,,,,
1950-03-01,,,0.9102909399999999,,,,,,,,,,,,,,,,,,,,,
1950-02-01,,,0.82175857,,,,,,,,,,,,,,,,,,,,,
1950-01-01,,,0.67015588,,,,,,,,,,,,,,,,,,,,,
1949-12-01,,,1.1908459,,,,,,,,,,,,,,,,,,,,,
1949-11-01,,,0.9686827199999999,,,,,,,,,,,,,,,,,,,,,
1949-10-01,,,0.78282322,,,,,,,,,,,,,,,,,,,,,
1949-09-01,,,0.9189957299999999,,,,,,,,,,,,,,,,,,,,,
1949-08-01,,,0.81309877,,,,,,,,,,,,,,,,,,,,,
1949-07-01,,,0.7914605200000001,,,,,,,,,,,,,,,,,,,,,
1949-06-01,,,0.76199472,,,,,,,,,,,,,,,,,,,,,
1949-05-01,,,0.7487013699999999,,,,,,,,,,,,,,,,,,,,,
1949-04-01,,,0.7966789,,,,,,,,,,,,,,,,,,,,,
1949-03-01,,,0.81456082,,,,,,,,,,,,,,,,,,,,,
1949-02-01,,,0.66356543,,,,,,,,,,,,,,,,,,,,,
1949-01-01,,,0.7651887199999999,,,,,,,,,,,,,,,,,,,,,
1948-12-01,,,1.04302202,,,,,,,,,,,,,,,,,,,,,
1948-11-01,,,0.82027403,,,,,,,,,,,,,,,,,,,,,
1948-10-01,,,0.7903358799999999,,,,,,,,,,,,,,,,,,,,,
1948-09-01,,,0.69935177,,,,,,,,,,,,,,,,,,,,,
1948-08-01,,,0.79069576,,,,,,,,,,,,,,,,,,,,,
1948-07-01,,,0.73601533,,,,,,,,,,,,,,,,,,,,,
1948-06-01,,,0.71644643,,,,,,,,,,,,,,,,,,,,,
1948-05-01,,,0.6369787299999999,,,,,,,,,,,,,,,,,,,,,
1948-04-01,,,0.65024959,,,,,,,,,,,,,,,,,,,,,
1948-03-01,,,0.56774534,,,,,,,,,,,,,,,,,,,,,
1948-02-01,,,0.5387069,,,,,,,,,,,,,,,,,,,,,
1948-01-01,,,0.55555414,,,,,,,,,,,,,,,,,,,,,
