DATE,ALB,ARG,AUS,AUT,BEL,BGR,BIH,BRA,CAN,CHE,CHL,COL,CRI,CYP,CZE,DEU,DNK,DOM,ECU,ESP,EST,FIN,FRA,G163,GBR,GRC,HND,HRV,HUN,IDN,IND,IRL,ISL,ISR,ITA,JAM,JOR,JPN,KAZ,KEN,KOR,LSO,LTU,LUX,LVA,MAR,MDA,MEX,MKD,MLT,MNE,MYS,NLD,NOR,NZL,PHL,POL,PRT,ROU,SAU,SEN,SGP,SRB,SVK,SVN,SWE,THA,TUR,UGA,UKR,USA,ZAF
2026-04-01,,,699461000000,87383834348.985,112887764447.42,13803534262.449,,349885800000,631031800000,214612250921.19,53912220000000,262061541600000,13445862100000,7637759214.4819,1343901746291.7,782934337315.84,627276484360.8,,,336894602560.38,5463850472.639,52377042157.459,597203931000.8,2913099721070.7,712545000000,54120454928.891,,15671369969.71,9808230827666.3,3552669948800000,85126612600000,107073003208.99,628407109048.08,456708900000,436738349148.64,,,149572000000000,,,600405700000000,,12106081305.752,,6417649342.4119,,,6492798100000,157830491991.81,4130292186.8048,1197293452,,205575643474.14,872032530844.41,,,616831191229.45,54809653175.859,205503256189.42,1176072200000,,,1213040689437,23780556323.87,12711722204,1188219627609.4,2932896000000,663580059900.59,,,6067403300000,
2026-01-01,498850272377.34,188182000000,696539000000,87509729601.127,112852840253.25,13712195962.197,9188536084.5859,348218400000,625901000000,210642178144.51,53920396100000,258731701800000,13290783900000,7578866163.7942,1339108386160,780355467464.26,625553829061.31,1395265730664.48,,334604529944.9,5444985764.9062,52216189984.041,596992448917.71,2894748099691.5,709598000000,53934928381.267,66864900000,15607420071.512,9759941344603.3,3507876637500000,83630901800000,97177041116.895,647706270133.95,440681700000,435989908661.49,,,149156100000000,,,596692800000000,5717133789.0625,11906237201.996,13994631305.144,6371729051.4088,347396435790.568,44187243262.9097,6401613200000,155868561761.39,4087001687.3068,1183285147,444875568000,204282469570.45,866221455854.9,73699000000,5908667750533.58,610949737323.7,54300153892.3,205502160180.45,1236279000000,,,1195092986547.3,23731537087.597,12474953288,1170018036442.7,2938332000000,656236609585.09,,1072070000000,6045104800000,1193022700000
2025-10-01,495062706704.74,186790100000,694551000000,87415224574.562,112601436792.56,13619946865.079,9170939554.2658,344521600000,625393300000,209319169680.6,54056840100000,257079267900000,13273973800000,7543161645.4201,1336757788252.9,776892498655.26,616076511494.88,1352943252469.19,,332509859238.49,5392149339.9439,51842655492.439,598068276421.93,2895172689765.4,705160000000,53818231813.245,66090600000,15626758620.474,9679840041365.1,3461685506900000,81897127800000,105404428079.9,624838895211.35,443177800000,434614406020.98,,,148445200000000,,,585964000000000,5761277832.03125,11916612118.434,13997251040.791,6331602485.6126,347176908292.986,44741489598.4485,6423621500000,155242472491.38,4064931704.6775,1175993072,444930627000,203736368590.79,863183633212.88,72963000000,5854198132335.99,607250917858.91,54166466896.186,205632311244.88,1251078000000,,151904200000,1189454162546.9,23685535593.848,12367477027,1171005154260,2921349000000,654220376153.68,,1080000000000,6013937300000,1186552800000
2025-07-01,490174696037.97,184645700000,688271000000,87237656942.676,112543088865.26,13521743182.594,9157161249.9884,343667500000,626938500000,208241263254.1,53851257200000,257783146700000,13215512200000,7455161650.4056,1327411673951.4,774829440063.8,613878290337.11,1313407357067.51,28736082519.5659,330101790301.11,5376834975.5407,51637122159.739,596499859171.94,2888691636366.3,704802000000,53448201524.655,66017300000,15449042931.71,9659905618063.5,3416110039800000,80423610100000,109015231467.81,630631392166.35,440052300000,433152712323.54,,,148086875000000,,2876140000000,586599900000000,5682608398.4375,11695564821.158,14003628658.107,6287392456.2271,342402096587.729,45116187569.9184,6363468400000,153648725226.4,3993564306.3317,1169928789,438936053000,202787475739.49,868218046001.25,72694000000,5820253025364.56,601119062426.52,53648211219.431,209614728314.71,1235192000000,4425652525651.22,149977000000,1177855770419,23628501068.222,12277249983,1158689452794.7,2868360000000,652477829138.66,,1079175000000,6006708500000,1182149300000
2025-04-01,485221926852.82,184425800000,684822000000,86997407867.247,112282468123.3,13433869336.493,9107928789.2505,343294100000,623993800000,209107656727.31,54089562100000,253525591200000,13114127000000,7395492414.5358,1318249072671.8,775050483871.8,599857452040.04,1334528579762.23,29374263403.6014,328238392385.63,5368610542.8746,51658569116.194,593982916929.07,2879781264452.3,704274000000,53130321651.035,65565100000,15407955291.617,9644130559737.8,3373876630100000,78749360300000,107521366575.69,626503394035.23,425848600000,432340383826.15,,,148754200000000,,2841694000000,578719200000000,5660551757.8125,11663301828.493,13840368610.646,6232429876.6625,336832465316.645,44616989585.8948,6370144700000,151818665143.7,3933057273.1583,1163304562,430244882000,201998003671.08,858280558422.76,71907000000,5799896693072.53,594514123667.02,53402064041.499,209639114514.15,1220692000000,4391256797468,147189700000,1168846650237,23566156536.857,12121303061,1151235011347.1,2878270000000,647029192610.84,,1075574000000,5942744000000,1178624500000
2025-01-01,481140519267.81,183867100000,679519000000,86838787536.579,112003666505.45,13317186989.764,8997839908.5992,342065200000,625509500000,209143426491.48,53722173700000,252684917800000,12786456900000,7354742692.4784,1310686704943.1,775197829460.56,589583923517.33,1339815593296.67,29411766329.4093,326059708298.02,5303142963.2842,51638909406.11,592584925130.06,2879129172611.4,703178000000,52871435071.958,64418400000,15251757584.364,9591880727942.5,3328852523200000,77147897700000,112174805030.2,624693199897.78,430580800000,432403294412.04,,,148494375000000,,2809151000000,574984300000000,5533331542.96875,11577811461.114,13767667251.157,6210871087.4728,332156543985.066,43970720251.055,6371674100000,150643779305,3906564365.435,1155898975,422335964000,201390847923.51,849959538514.93,72159000000,5747257998852.95,590107527193.32,53048966409.131,207857962947.17,1199300000000,4372265535191.59,144628300000,1158271642479.6,23522288383.257,12059446340,1143579811947.9,2858028000000,639666075010.19,,1073629000000,5887052500000,1169274000000
2024-10-01,476058930085.5,182457600000,676864000000,86505723946.203,111560729631.22,13238754610.36,8980608571.9237,337823500000,621065300000,207199748384.7,53251620200000,251976300400000,12721121400000,7236956591.1029,1300397741515.8,774276830543.79,597080406584.75,1327703834839.03,28427742077.8952,324489885231.43,5304995104.3448,51483418971.806,591588515706.32,2865164253771.5,699169000000,52598722383.168,64374800000,15108370624.828,9607450977459.6,3289598240400000,75997760700000,105511663535.08,610903246867.81,423413000000,430948709255.38,,,147712925000000,,2785799000000,575977000000000,5551027343.75,11531511745.185,13710446938.2,6168128552.8147,332387872044.75,43110448954.0752,6322706700000,149952185005.23,3827018484.1331,1148071422,418425473000,200887146088.23,846516967522.55,71622000000,5679285358940.33,585245319219.94,53164392839.51,208603454544.1,1186724000000,4421855504351.41,143729600000,1163806382952.1,23488200732.279,12093584767,1148056228003.1,2847233000000,633801483040.34,,1056941000000,5896635500000,1168684400000
2024-07-01,474699952566.32,179041500000,673895000000,86130610694.59,111397524559.2,13113456879.44,8949810125.5442,337549100000,616739300000,206396625600.61,52804142300000,248392685300000,12557381000000,7201834211.6153,1291172338002,772582102024.39,587077570481.01,1289547610141.01,28073335426.5668,322374447172.37,5296939954.1595,51491461580.477,591659399038.33,2855957474686.2,696154000000,52358556869.619,63627100000,15019416394.249,9578581748103.6,3249463687200000,74556036400000,103681656281.48,624355021131.61,422600400000,430350436692.16,,,147121200000000,,2738777000000,574618700000000,5483619140.625,11447715654.657,13565886742.901,6145402615.1143,328531075163.446,42663152487.7306,6378821300000,148061058628.13,3813894538.7927,1138959035,417128842000,200140073164.2,849073638459.48,71472000000,5586445575784.5,577239694295.77,52566580129.556,206670231733.42,1175111000000,4247808549595.82,143708800000,1153892447124.6,23423708494.84,12011394283,1133791298814.2,2835407000000,623843104952.75,40025781062350.3,1058980000000,5869642500000,1164042300000
2024-04-01,468148074035.76,172867200000,672062000000,86218122092.575,111156437688.56,12994696057.982,8914272470.0782,334544200000,611728300000,205376211853.38,51978159300000,247867996000000,12489859300000,7128969827.6507,1282770704053.1,771771514837.19,582623661471.27,1308588456140.15,28165583555.4247,319871981177.46,5269008775.025,51113458972.946,589096908190.48,2840795646021.8,694910000000,52208643357.258,63132400000,14869596853.312,9603733796613.4,3209233152600000,73452585300000,96264656137.559,628474857600.74,415272300000,430310095723.25,198376,,145934575000000,,2704233000000,574301700000000,5383813476.5625,11298399510.674,13910052013.801,6132283865.8546,318457180516.731,44226705637.1953,6316564200000,146936498821.78,3832367490.4831,1130912113,411680096000,198975792659.43,856662196454.04,72317000000,5504683702153.52,577718909562.31,52457342602.291,205389545259.44,1170660000000,3922621592630.53,139612400000,1146473415295.1,23397671150.162,11978729673,1125977715979.2,2798764000000,620359661755.8,39258814896248.2,1058175000000,5821627000000,1167433100000
2024-01-01,463377900603.38,173621500000,670929000000,86331421161.592,110940550357.53,12865420306.384,8829414273.847,328927500000,606777000000,203549715490.81,52219052900000,247253018200000,12348828900000,7099183721.2897,1279130621312.3,772803120407.53,571829071468.46,1304128939690.86,28456773544.5783,316901305777.25,5295957527.8351,50962436654.571,587796482042.37,2834519522081.9,690620000000,51612509725.487,61481300000,14684032968.93,9619133236125.1,3172237319800000,72166905700000,96167192961.2,616010229013.4,415929600000,429481328725.31,199721,8236528269.90118,146132650000000,4147633285640.3,2677715000000,575171300000000,5149797851.5625,11246082412.89,14077140370.607,6097239064.6738,316240223102.228,44343531466.8038,6326505600000,145488258377,3761915238.4663,1124318348,404502432000,197355297361.1,847193863359.65,72419000000,5453303797571.87,568787697780.65,52115334743.384,206474388631.73,1158246000000,3897221996899.31,138274900000,1136350754788.3,23336782964.639,12061075987,1142507250435,2773629000000,621632099048.06,38327538873403.9,1057208000000,5770529800000,1164447900000
2023-10-01,458443319627.53,176771500000,668625000000,86222548098.502,110517062792.41,12749165893.434,8722858924.0134,326771900000,602387800000,203596690389.66,51594316200000,245654685000000,12219270600000,6994495744.8612,1275081916242.7,771163657077.62,568789611625.2,1275189670617.77,28693776463.9805,312857335833.01,5291774006.3656,50387836946.197,586361656065.76,2822371409074.2,685628000000,51463541171.948,61835300000,14621811145.716,9600717988781.5,3131855766800000,71119601000000,94006872098.506,621509145584.83,398670000000,429130966521.73,199391,8164067633.77009,146210450000000,4160113626519.86,2656979000000,569404400000000,5129263183.59375,11091130174.8,13655518567.88,6096607248.28,317357051615.058,43510907280,6300467000000,144778948449.85,3720727837.5527,1116565930,397155095000,196730333972.89,845483943651.77,72560000000,5395984527259.33,562906831869.09,51593341027.461,206987389327.26,1128518000000,3973014983847.09,136534000000,1125115486451.3,23190810781.173,11927170803,1107768483506.4,2742066000000,615333928893.78,37865622130289.8,1043069000000,5758445000000,1163448000000
2023-07-01,455592806058.78,181303700000,668408000000,86631557461.454,110141183753.47,12667956514.118,8631753888.3034,325549600000,602076500000,202455912519.44,51486700300000,244395726700000,12118595100000,6907174911.881,1271441833501.8,773521542445.89,557735059421.06,1226389214062.06,28582389988.323,310290679839,5270965884.1295,50418220134.509,583420042707.03,2822398257607.5,687839000000,51119292834.763,61661200000,14389078979.75,9598470197783.8,3094438639800000,69535748300000,98795482538.912,617561259032.53,421602200000,427625910725.54,199195,8137767780.88706,145529050000000,4023700000000,2622475000000,565273300000000,5127556152.34375,11118670434.964,13873319198.705,6133419890.405,311300696418.55,43555013250,6288667600000,143943931701.64,3665644738.8348,1106811579,396666786000,196202888616.76,828398638092.05,72261000000,5311883889532.21,564859056585.93,51195564436.919,206079414401.47,1125440000000,3856333971033.51,134501800000,1113454990182.2,23081855102.036,11812379469,1125537298881.3,2744165000000,611237570067.63,37564531361117.4,1032946000000,5710247300000,1158936100000
2023-04-01,450345094574.56,177460600000,665940000000,87078466810.109,109947282597.96,12604841697.04,8636591502.1569,325107200000,601774800000,201778851556.02,51073084400000,244914398200000,12003346100000,6871567416.6546,1276718852397.9,772342591286.8,558401297328.37,1233554549128.33,29361821201.5615,307702312521.75,5282156094.2355,51158140132.229,581285636874.44,2817233508349.5,689491000000,51266853321.25,60530900000,14378907562.506,9468005998570.9,3056622583000000,68121315000000,97630876358.978,639471298436.58,421269700000,427208817095.4,196495,8089585209.04524,147373625000000,4043200000000,2582679000000,559921400000000,5092659179.6875,11084442804.538,13797612055.568,6151146541.9847,307465165185.432,43376683108,6249078500000,142727880479.63,3576816297.185,1092389988,388984343000,197574924929.01,835838177973.21,72277000000,5172727173983.04,554187549994.09,51110435075.545,204274219137.85,1155682000000,3803643717126.75,133127600000,1098649995091.3,22902932869.431,11815217892,1109712153916.5,2725125000000,606512359118.95,36908371198471.7,1022619000000,5645124800000,1163383400000
2023-01-01,445019983227.79,182270000000,663632000000,88142706340.014,109617067154.3,12582530776.208,8571233627.0266,322549700000,600816000000,202458968846.35,50790973900000,245878190100000,11810363300000,6806755953.9538,1271644105632.6,773153161524.08,566745991844.03,1247982952083.99,28795566409.2935,307321892379.93,5277821788.752,51070565060.035,575925185960.5,2811751716597.1,689206000000,50702806629.652,59733800000,14101757764.829,9464483106533.5,3018535610400000,67138629900000,96911666245.909,623746582964.32,418979500000,427092148169.89,196022,8035134956.2976,147332300000000,3999500000000,2551681000000,556108300000000,5047417480.46875,10910844975.02,13746455478.556,6226157620.5663,305330697789.994,43578262576,6203683700000,141904480492.68,3505199947.7439,1074474256,387967958000,198451739234.85,841382156937.45,71657000000,5155896663139.7,557545836822.5,50880508363.514,202288730399.71,1160053000000,3794917427909.64,132503500000,1088268503739.8,22689793692.506,11651337878,1121592995597.4,2717000000000,579018072642.3,35729195153008.4,999556000000,5609901800000,1154024400000
2022-10-01,442012321621.1,180260100000,659867000000,88213776700.19,109322790651.38,12537827893.011,8544472998.4192,318317000000,594557300000,201741232583.19,50574411500000,243998459500000,11760231000000,6723704139.4748,1269288614045,778439873110.94,557201468618.14,1247271176161.01,28500843425.2679,306125881661.13,5345225111.0008,50996394335.626,575098123914.25,2817568118832.5,688817000000,50687558485.9,59600800000,13832784792.341,9501286706856.7,2983861034200000,67044975400000,101960469331.57,623791832942.43,415309900000,424649653558.63,194488,7980683360.06384,145989000000000,3949900000000,2516137000000,554877300000000,4938349121.09375,10944136473.689,13656961031.019,6220557642.0122,301641439811.911,43028149589.9184,6168509300000,140575564308.97,3475770793.4973,1057596755,384588968000,199356536975.99,838340545699.33,71904000000,5107024387725.85,552307396565.37,50251041948.178,202614998568.07,1159621000000,3820389299124.88,132421300000,1070874335471.7,22564090934.059,11553346369,1107147453718.5,2680290000000,583565514266.15,35748020438552,971428000000,5569586300000,1146094500000
2022-07-01,437630017368.86,183967400000,654278000000,88232199676.756,108971688341,12488814211.876,8428647321.4185,316956500000,594183500000,201370768610.34,50683523900000,245340316500000,11526080100000,6707986389.5384,1274205131804.8,781018709062.7,564761460725.1,1191001076905.41,28606966619.0474,304493756536.58,5429742598.0903,51512908536.933,572785925795.15,2819054694899,687029000000,50227996680.896,59027900000,13985595153.3,9584753967481.3,2944122507400000,64190444700000,103766039451.44,597560072551.49,405267600000,425660043773.43,193888,7919371042.35885,145270900000000,3855600000000,2469046000000,557103500000000,5098813964.84375,10994528429.949,13786244506.995,6211205670.0458,301394409991.46,41483187353.1519,6092947600000,139853252445.76,3404603624.1496,1041680319,386119735000,199682162404.86,844625195201.73,71718000000,5025171559995.97,561162169102.06,49893978169.64,200300022135.25,1155685000000,3672875657019.02,132527100000,1061761420456.1,22474959336.205,11464186191,1118496182628.1,2692950000000,577948968952.94,35571217197180.7,928896000000,5531406300000,1162811000000
2022-04-01,429897284713.56,185365500000,651311000000,88244843381.501,108183653073.54,12417064082.044,8517164901.993,313649000000,589416500000,200197442125.44,51155622600000,243843787600000,11362136700000,6606694223.2814,1272472768878.1,778513512005.49,557260852508.97,1214792457103.45,27989948367.6485,302029993335.26,5454719256.6038,51584398391.785,569896778679.64,2803884517579.1,686335000000,49716841382.239,58532900000,13868192867.284,9693186270253.6,2910423300800000,63395960000000,99352992333.349,587570269690.37,407087600000,425010323146.34,190179,7882752197.05787,145677925000000,3820600000000,2442850000000,555670400000000,5031468750,10875216425.984,13740936035.513,6215095386.9823,299339904088.55,43699971131.1096,6046311100000,140037767278.1,3370662252.7442,1028233806,379469222000,199580404458.34,830488048842.92,70094000000,4939760592915.55,557953736793.45,49334358804.136,199484591466.32,1129342000000,3673490344209.12,132233600000,1069165347003.9,22429789270.477,11495489227,1124559906362.7,2669390000000,572781914336.17,35117582025305.8,856384000000,5491761300000,1141637000000
2022-01-01,430447352629.77,181748600000,645474000000,85748360686.702,106977203973.77,12314884104.988,8398554795.0541,310105600000,582786500000,198538890464.02,50944921200000,239472436500000,11287448100000,6578169417.8412,1268584739654.3,777555723303.79,547358274248.36,1223150483996.47,28085444056.6418,296976918846.11,5541915221.3023,51446780421.195,567649175130.53,2777643088353.4,682527000000,49620838375.71,58184200000,13743349691.59,9608226453965.8,2871816357500000,62290908800000,96144852032.774,569521793803.44,400002100000,418470732201.02,187615,7822023400.51943,144334700000000,3812900000000,2421628000000,550176900000000,5124399414.0625,11029167927.705,13839934741.383,6232675755.9488,293747588202.807,43851760965.8207,5978198400000,139291911383.32,3259424707.7028,1014145801,366324829000,194960593686.33,818166271450.19,69179000000,4855345720319.99,564484924281.43,49143210282.324,199133594595.73,1100384000000,3631161245117.33,131743300000,1063489288234,22495924610.808,11401229828,1112637384830.3,2647930000000,563316787627.4,34950907542343.6,1126554000000,5483177500000,1152147100000
2021-10-01,424129348986.95,177386300000,639065000000,85470786630.084,106304511565.51,12197224289.237,8324876407.3368,307977100000,576806000000,198050489342.27,51627818500000,238692737400000,11183746700000,6360837566.8683,1256662102525.5,771587184539.51,577920773658.72,1223873376714.3,27408198629.7538,292381670085.95,5507519903.5237,51858740709.78,567728413532.09,2757026187608.8,675680000000,48702299842.326,57828600000,13340484809.904,9494117370140.4,2836914324400000,61619703400000,93051268529.478,571091619967.33,402152600000,415506470696.67,186317,7808903147.81911,144918300000000,3791800000000,2430932000000,547618100000000,5045044921.875,10934340901.305,14177741523.473,6255772068.7766,298215949977.243,47298102715.6434,5893067100000,137538399606.39,3384251147.0992,997276613,356544697000,192476851808.36,817195759415.11,69147000000,4780060192530.14,546077178104.56,48432761593.804,192932512880.75,1056156000000,3644486893136.71,129539600000,1062622435980.8,22552440167.324,11424192443,1118681657967.5,2641350000000,564979858852.35,34238275641381.7,1405575000000,5497184300000,1134883900000
2021-07-01,416362041286.42,173377100000,616398000000,85235372280.278,105331876986.03,12056877885.721,8150929050.0605,303921700000,566660500000,196489566227.35,50733358800000,228500055400000,11096709500000,6174456100.0294,1248935796497.2,767976861666.8,559600786078.39,1140042656502.25,27136142145.074,286560203548.57,5413922824.0272,51471801870.393,564836391553.93,2737709151439.1,666498000000,48073837455.053,57178300000,12929458842.028,9257725670098.7,2768518230800000,61156559000000,96150804512.039,555858388872.76,385134500000,408887441808.16,183827,7741372279.01396,143233575000000,3786100000000,2349952000000,538184300000000,4934808105.46875,10795379527.887,13885004106.558,6260742565.2339,295351359936.766,45469801202.4312,5824992800000,136900741367.5,3331644730.3802,981327495,337669299000,192369157981.62,816904668947.85,66455000000,4653690288109.54,535442967144.33,47501699990.775,193048278827.53,1030507000000,3602413920932.64,127014100000,1050439432207.3,22478750145.172,11302298680,1095019311585.1,2577440000000,554800911873.98,33362655351319.6,1365865000000,5404457000000,1117010000000
2021-04-01,417276612465.43,169667000000,627429000000,82655029355.359,103303905982.26,11825444322.671,8066512876.7574,303478400000,555470500000,192324234227.21,48720182200000,216655552700000,10751264900000,6001560850.7286,1227636051756.5,766650573393.91,548768006914.3,1142882118400.8,26594661801.6914,281020984213.19,5435890685.4106,50901670277.947,548590093568.04,2688446119980.9,655443000000,46703495385.095,55863100000,12675968828.618,9147473225484.5,2772234253500000,54514757100000,91822080488.42,538386328091.68,379751600000,399491372608.03,182302,7662216212.78413,143531800000000,3717400000000,2323674000000,538270800000000,5112802734.375,10598424919.899,13774115296.149,5918030413.7543,290728145901.146,43825512143.4776,5875450200000,135145717100.54,3163299119.3908,965330804,347754522000,189002665917.58,786150108648.06,69490000000,4570396394666.79,524709049168.96,45872366839.896,192636453459.46,990419000000,3578414704899.06,125820400000,1025377922757.7,22339098071.681,10998439476,1097969550409.9,2604930000000,535987621156.67,33557143208841.3,1349300000000,5360232300000,1136768600000
2021-01-01,406925691298.73,169379500000,622761000000,79021876339.302,101745170701.12,11688099699.639,7976046575.5108,305606400000,556122300000,187275843413.1,48135016500000,222394654500000,10516819100000,5940339244.4947,1210249620255.9,749703949246.56,530453783448.72,1126715606138.68,25770308710.2102,277220558677.36,5296656311.0023,50132260715.1,542022649541.85,2631792029503.2,612665000000,46053913286.638,55111900000,12741768623.115,8953169378639.6,2742392891300000,59916799100000,89391682417.701,519581829493.44,367159900000,389642400503.6,177542,7643138360.3828,142683575000000,3650600000000,2289360000000,531069700000000,4889538085.9375,10468947770.327,13792707333.103,5858450594.6815,290532024035.779,43598492059.1159,5824078800000,135691244238.34,3102126864.3247,944755291,348913432000,181860954037.66,782281952026.77,68970000000,4504292124376.44,512060538105.05,43846324742.145,190699257616.28,980961000000,3423926854996.19,126219200000,1014726963226.7,22107188913.361,10874164806,1093282651104.4,2593150000000,527533848918.94,34697208354256.1,1330109000000,5270533500000,1121207800000
2020-10-01,399317201074.44,163818400000,609061000000,79788333279.351,100115064911.8,11079574937.643,7702006416.2048,302955600000,546807000000,185988236620.2,46321112200000,214919033600000,10090999200000,5718738375.0206,1209895644027,753277651833.47,527678970100.56,1081679088826.46,24835044780.7378,273928933281.57,5112434669.2006,50511156945.817,539598601298.1,2609505607163.4,619330000000,44199693087.636,51596000000,12046745026.371,8840275255321.7,2704283389900000,59131754200000,80429580145.132,538400251161.87,365817700000,383315799211.33,176209,7509628254.01707,140958700000000,3622400000000,2250184000000,522735100000000,4867479492.1875,10239170079.376,13386990012.44,5846567466.6451,275765075622.864,39803234013.8056,5780424600000,136014792389.11,2912835263.2917,911691677,,180000479582.12,770242425043.72,67571000000,4438096437105.33,499848570729.16,45162813428.478,188162818872.25,965512000000,3415302714549.51,120034600000,985751052177.78,21875938791.939,10408408898,1065349509267.8,2591020000000,513761922620.14,33639677876792.1,1335210000000,5197979300000,1114960500000
2020-07-01,391317941740.94,155964100000,588877000000,80981706380.883,100573814919.95,11132946335.649,7567941675.7271,291756500000,536725300000,184274155722.28,43457419200000,201282264000000,9821678900000,5424079075.2863,1200525061322.6,747014481216.37,527479096760.18,1008862161450.39,24143337688.8523,271955090808.79,5021784079.9829,49970514918.497,539657086784.97,2603201696134.8,610972000000,43101134458.157,50875200000,11138338082.705,8683122259638.5,2658314877100000,55069191200000,84264274136.369,514770712589.39,355829900000,382268977725.04,174618,7427431536.11066,138688050000000,3546900000000,2138139000000,514942200000000,4920117675.78125,10200261751.675,13273764916.042,5819621119.9302,271169628711.662,39407780003.1461,5542209500000,133536770847.78,2802487788.2847,765756209,,179411979458.07,776340801904.38,67265000000,4337006934199.69,499215384983.47,45008932102.388,179304531925.57,947207000000,3328764526179.77,115643700000,969363258366.86,21693002180.629,10643936879,1050397557192.7,2580620000000,507325703082.92,32086509023216.5,1330577000000,5139719800000,1085060900000
2020-04-01,358176010175.52,140500200000,569303000000,72641721100.531,90213844459.447,10818839275.524,7250515043.2954,270334500000,492031500000,173609342728.05,41401403700000,183188378200000,9711610900000,5055682183.2576,1120161038776.5,686666750320.51,497466396202.85,901411297824.612,22283487621.8176,234641821911.54,4809952042.5364,47597051737.404,468676009444.18,2332670712063.9,522356000000,40605441940.322,44615200000,10592499212.694,7769654620894.9,2589449766300000,44300354900000,74710796660.474,493127996132.98,327196100000,334810671213.85,160927,7300403557.47025,132058750000000,3475500000000,2102138000000,503562300000000,4417920410.15625,9628480408.805,12236196571.722,5266915608.414,253967290800.298,38063841275.1171,4795507300000,116937884339.44,2688780314.7944,802839394,,168426361148.35,750566351182.15,58987000000,4060365478036.02,468481180561.6,39366614525.648,172804445265.21,923804000000,3300136969459.22,105741100000,893875228311.42,19732726558.446,9541562041,991587981336.73,2415430000000,438578169821.43,29570368397935,1245939000000,4769498000000,953846200000
2020-01-01,382419758233.93,164308600000,610772000000,83125132065.737,101255217236.2,11453314996.86,7769607602.6047,296682200000,552844000000,185373009156.18,47332981600000,218510324200000,10593559800000,5774817754.4234,1224886618881.9,754088179695.97,528818395039.34,1072090120064.01,26441897090.2697,285418943123.13,5064806996.6239,50957968538.643,533873851383.77,2625205861617.4,652180000000,47083845569.706,53670000000,12305645180.631,9089882603802,2770951266700000,58303566700000,79017879205.952,531003620123.58,354709000000,382582464373.34,190731,7529966652.40201,142317225000000,3712400000000,2240423000000,517226900000000,5378235839.84375,10164073011.96,13129035172.635,5837739155.3105,285344446961.713,41013145376.511,5913983900000,135013166473.23,3064081522.0801,989619335,,183725668407.64,775459953310.41,65545000000,4718344914230.64,514617052852.99,46338241088.23,188334892279.54,973145000000,3329840529034.48,120316000000,998245729452.31,21385995139.318,10590334806,1087459281180.3,2661730000000,489378488747.62,32896481466419.9,1357563000000,5177303000000,1147036800000
2019-10-01,385168478676.29,171733900000,611732000000,84050821410.154,103957910141.35,11433040381.134,7839769208.1386,303634200000,563838500000,187562474260.03,46366336200000,222154093600000,10583551600000,5770645759.0699,1267185147007.4,768511080531.83,533249308425.08,1143669613502.91,26598417937.4176,301002953349.42,5157571501.7168,51077714045.52,561989199465.1,2711119290747.7,670587000000,48024606316.695,56035600000,12483469013.754,9114954632862.9,2779447878200000,58122590300000,75979743944.569,567053233458.8,362054900000,405689664739.25,194132,7560638456.3834,141808175000000,3730000000000,2216485966692.28,524395000000000,5279813476.5625,10209113768.551,13215943794.146,5862904433.3982,292298113917.18,41989494247.2824,5986777600000,135811035076.39,3026457547.1101,989682385,,185678572997.93,799161410531.55,66053000000,4885802526128.2,512088173832.07,48397429877.412,193002520453.3,995444000000,3293407770500.58,120377700000,996033064678.85,21881388865.465,10846361328,1086676394635.6,2703949000000,487657727183.59,34616006408482.5,1359207000000,5246362000000,1147498200000
2019-07-01,398728050850.69,174311400000,608155000000,84592258219.884,103388721882.39,11418289321.93,7927704441.6786,300987400000,562233300000,187217948793.75,48281416600000,221235382800000,10531438300000,5701080162.129,1258620390372.4,772121505104.01,531375054134.38,1095783457710.37,26934340385.4433,299295310578.85,5130159426.8436,51173331726.385,564830102791.9,2715444173214.4,670547000000,48076781953.258,55314000000,12529639376.463,9054682684274.9,2753158749700000,57941987800000,75308994722.407,544160921452.86,359257200000,406760122123.63,195580,7552175927.32192,146047350000000,3713100000000,2206217013712.86,519435700000000,5289841308.59375,10058920085.06,13135437135.32,5902776560.8191,293318829980.846,44751593952.8631,6031648700000,138136045856.96,2996931969.0818,990434739,,185575967068.52,778887369918.37,65595000000,4905251698666.04,508270663539.66,47952195882.514,189572012397.21,984230000000,3305431566533.69,120204300000,982169253334.34,21749508758.44,10823969585,1068462299513.5,2749435000000,480154869616.33,33908157355431.1,1375052000000,5210830500000,1147913900000
2019-04-01,393322927461.16,174430400000,604669000000,84464760369.486,102579292374.92,11480876730.566,7846496315.7659,300927400000,560665500000,186551213297.71,48372771200000,220020069000000,10503129100000,5643351389.2143,1252807513452.4,767921638852.1,529656365633.7,1091543013800.34,27169535521.6849,298723264410.26,5119968564.1401,51078607668.706,564589512724.57,2708208284696,666875000000,48320778429.118,54463700000,12552652063.163,8929045699215.8,2725162727000000,57443390000000,73341739302.777,553629305335.38,355972600000,408975587713.8,196217,7527038902.099,145920700000000,3683500000000,2189659641753.23,518034200000000,5372823242.1875,10051168367.072,13067958727.053,5875273095.215,295765917119.687,44060491950.4272,6029858700000,137696874416.58,2965813221.8026,986208523,,184733072078.18,776501817238.77,65045000000,4824636499092.71,504417957594.89,47755051405.24,188812067182.07,989752000000,3305405435574.45,119757300000,960702419267.38,21674502458.234,10706875841,1071454912853.9,2746453000000,480036397349.62,33641466899597.4,1378408000000,5150568800000,1146708600000
2019-01-01,393091098756.65,172748100000,603121000000,84991413821.457,101974418861.88,11521160271.552,7603326480.6995,299201000000,554594000000,185342429351.01,47723653500000,217814454600000,10357556300000,5589309495.9144,1244039669073.2,767921630377.15,524885528722.41,1083037626622.35,26954442155.4576,297864251186.82,5111165875.1387,50789967379.74,561800895962.06,2699506944575.8,665456000000,47876000233.496,54713400000,12485524988.351,8901601394854.7,2691386045100000,56824282900000,72305329915.862,560341617473.84,357287200000,407362304384.28,195094,7459506714.19567,145336600000000,3613900000000,2145352000342.95,511117500000000,5246979003.90625,9893422184.2179,12859444115.714,5890656890.6844,288866502649.628,41586376814.8193,6048202900000,134896163234.77,2884852284.6651,977043056,,183908832711.37,774815260540.19,65072000000,4733169723594.59,499889394325.92,47491701872.248,184413988712.79,990924000000,3292687401089.63,118989500000,945628399730.2,21629987837.922,10711893232,1058143757601.1,2720293000000,469765288837.92,33787943818314.7,1362078000000,5107910300000,1141546400000
2018-10-01,384532818433.22,172715300000,598406000000,84036774965.211,101557188900.55,11099720384.198,7661867591.0611,298313600000,553262500000,185200675770.92,47915618900000,215519115900000,10183752400000,5496458343.5121,1226341673242.1,762469131696.81,522807997910.74,1093826606312.53,26758808473.5008,296048995770.67,5014929107.4537,50321708830.458,556515820353.01,2679741266772.1,662120000000,47332815530.965,54697200000,12241857266.834,8720222966040.2,2657076516400000,56224144200000,71531123557.384,557100326733.68,350758700000,406449123464.61,194362,7417517026.64396,145175775000000,3564600000000,2123801058678.99,510948600000000,5654799804.6875,9778344776.8554,12816079795.878,5899931830.8491,286849388401.052,42455777471.0559,6046657600000,133980637279.6,2930003452.239,965774764,,181637086555.31,771855735550.97,64250000000,4619710728319.81,492458071729.06,47103708156.407,183957569480,989329000000,3243670661367.44,118364900000,929457914160.78,21488823750.623,10568930861,1054728788431.7,2679843000000,460392219484.61,30624507974775.8,1346873000000,5076218500000,1151604900000
2018-07-01,388975694026.41,175146300000,596975000000,83250641866.963,100632501096.11,11064519138.566,7642392909.0656,299063700000,551962300000,184559651441.67,47334540800000,214594533100000,10247790500000,5356842033.8916,1216294947003.7,759521779223.95,522032750868.92,1046484301045.05,26856702184.8704,294326249470.9,4966384255.0827,50306517236.302,552535752704.41,2666214557160.8,661262000000,47044167684.095,53999300000,12193294824.635,8624345467829.6,2623185210100000,55433296800000,71228423930.856,549419665063.52,347517900000,405321353470.2,194296,7418004965.41358,145122500000000,3541700000000,2093533429113.64,508214800000000,5205518066.40625,9599542650.5736,12744177486.194,5847396920.1866,285140666899.915,42431898950.0991,6058227700000,132004529150.24,2914830353.7416,953961950,,181133384720.04,776773333292.82,63235000000,4612868011074.25,487930180453.46,46812305749.983,185203320668.27,975625000000,3198472359205.25,119276400000,930150651121.84,21390686512.329,10495503508,1040827863279.6,2678402000000,474857326313.98,29915577624653.2,1329288000000,5069038500000,1148418100000
2018-04-01,386512309337.2,175698500000,594694000000,82912918202.991,100196582885.6,11034134007.728,7595157208.2722,296233000000,549192000000,185281481836.3,47481550000000,212800829600000,10280832700000,5316868497.0162,1208891623893.9,762837563468.36,519243407800.51,1047754957658.77,26951553203.2849,292692236405.19,4930466470.4692,50322602453.644,549511576884.19,2662119479345.6,659172000000,46915581080.417,53485000000,12155836192.82,8496673320488,2589416665200000,54689897500000,70196645362.546,546785420183.62,344437200000,405679890495.68,193286,7403992841.05285,145754050000000,3523100000000,2066830388077.67,505448900000000,5258683593.75,9585421256.8275,12644051068.031,5811810562.0969,284285443398.122,41440641857.9437,6033964400000,130380040404.1,2829537146.2521,942326942,,180674625977.81,769399462410.78,63196000000,4551866783635.44,481778165220.19,46500291389.11,180721945517.75,971629000000,3132137118328.34,118441800000,929806812951.81,21184375640.045,10369825406,1042635379507.9,2683067000000,478205871638.31,31863511602723.4,1318349000000,5037619000000,1134466200000
2018-01-01,382800417624.78,183817300000,590527000000,82247374691.723,99691746471.104,10959508459.681,7435603719.6991,296570000000,544941300000,183357036632.27,46969398900000,211093521300000,10178087800000,5274275335.1514,1201816177383.3,757679764440.49,519424977862.35,1020022723746.97,26911897138.4244,290795799519.58,4882234442.9452,50452177815.564,548272241567.21,2649240150951.8,657741000000,46827006436.211,52841300000,11926616869.372,8420251752840.4,2556173508400000,53965321000000,69996113394.968,546838327850.35,342569200000,404551143076.93,191574,7341815166.88961,144870525000000,3476300000000,2048678280986.02,501490000000000,5370215332.03125,9435859525.2,12670666643.171,5728782729.4451,281092834532.557,40047529009.538,6051818400000,130080212020.87,2727745848.7844,931262173,,179853778542.55,767233016872.47,62660000000,4460038098848.69,474740294736.99,46060021722.898,177126145609.84,959422000000,3040646246582.29,117663400000,919215960527.79,20936967442.316,10220372051,1037019019513.2,2650217000000,477342341582.18,27495042116923.9,1310501000000,5011019300000,1137294200000
2017-10-01,377632375950.41,184582400000,584318000000,81785375144.6,99282211671.203,10893857518.746,7359546007.716,294762300000,538679000000,181061594584.87,46408076500000,209454524800000,10107696700000,5129710844.9953,1197091328779.7,761529937049.05,515237856202.38,1022726826308.04,26551265761.4932,289558254095.47,4851397929.0355,50318134337.716,548589644370.76,2648426018325.9,657225000000,46130968594.542,52455700000,11893261873.674,8259420216215.8,2524892289500000,52848181900000,69301205960.971,542815952872.54,339031900000,405134665418.03,190853000000,7308536447.95629,145093700000000,3434500000000,2005543000000,494356900000000,5465541015.625,9316169432.8862,12688772642.214,5660557452.3045,278451099706.691,40653955778.8831,5977126200000,128205216570.66,2725440217.8941,920484272,,178572476399.28,760577084951.97,61965000000,4363234540249.93,465659816429.72,45791657266.059,174794592041.44,957271000000,3069064763629.42,117031900000,895552855640.86,20736274545.329,10188989542,1031720815718.5,2586924000000,470462393808.52,29649710170224,1294842000000,4970588000000,1131309200000
2017-07-01,370671425405.73,182755700000,582038000000,81396564203.788,98495529399.166,10833660065.297,7366152667.5233,293173700000,535959800000,179259223983.71,46089722400000,208678564400000,9953043300000,5056167298.9964,1190948128420.2,753645685282.07,511348005587.03,966416095994.166,26304819336.7691,287805300737.29,4782477804.2109,49949067962.041,545319847473.58,2626965472822.6,652329000000,46480950142.681,52383100000,11855488238.21,8139282936119.8,2493277572100000,51847169100000,67141663218.839,526253764728.36,334538700000,402741575165.17,190817000000,7275082492.16005,144907200000000,3405600000000,1981881000000,495435100000000,5433036132.8125,9180248828.918,12594819514.16,5616098431.2368,276690905201.295,40580063113.1819,5895029000000,128229262853.3,2682444675.8074,910146853,,177452291004.68,769583840754.46,61180000000,4351364054804.46,459126612961.65,45364214759.717,175049619627.16,947595000000,2991012087881.59,115917700000,890386819283.29,20490080268.425,9993266557,1025138872496.5,2588921000000,462992951898.89,30337414478611.9,1288967000000,4915191500000,1126876600000
2017-04-01,371268802929.66,180551700000,576511000000,80884143299.802,98554807510.818,10752968858.097,7289395429.5222,292516200000,535791500000,177849020423.17,45239788600000,207945742100000,9958908600000,4988542165.0106,1183727502718.9,747308791020.85,512493076549.12,984097765881.884,26830156278.6698,285999485026.89,4763428542.0072,49689917238.202,541232241994.28,2606907119111.7,647944000000,46065651194.062,51495900000,11716321690.393,8063652861628.4,2461907988000000,50980952400000,63367777060.962,522719393360.7,328935400000,402430576506.14,189273000000,7240818488.85573,143223250000000,3377400000000,1949525000000,488730600000000,5399241210.9375,9102732524.5467,12449162038.281,5560226253.9329,276159537802.447,39369438055.0117,5929516200000,127144874182.22,2630940260.5514,900988361,,176115869973.71,764008921588.72,60538000000,4274065614253.21,452366947730.47,45056228288.262,172471943545.87,937151000000,2960601971017.94,113231200000,881748016210.56,20321961212.866,9912501464,1021777392469.9,2561279000000,451321375403.53,27095956468602.7,1276242000000,4876737300000,1124808100000
2017-01-01,368778295835.54,178500200000,573227000000,80620413062.179,98333761884.772,10690172893.723,7200647635.1608,290094800000,530210800000,176395772783.42,44641978000000,206577168700000,9741496300000,5004259914.9471,1148996236002.8,741708785727.59,506384187581.21,955971426306.621,26681922738.546,283039193303.01,4683395068.9231,49072423616.916,537273286618.2,2589016392201.7,642463000000,45818015099.847,50726700000,11683267658.109,7968895168785.3,2432850250400000,50002465300000,62841550859.943,510377287791.02,325373300000,400715996470.53,188694000000,7199872571.02792,142775875000000,3332700000000,1951336000000,485209500000000,5487851562.5,9030107649.836,12317983101.399,5535119333.2707,272236279331.089,39142132175.9066,5924327100000,128800480555.57,2599678937.1732,893445155,,175222943993,752948746698.33,59900000000,4178642107981.35,447739685436.4,44927344402.351,167481472231.76,932195000000,2856749415055.58,112842800000,876955521689.25,20134484968.649,9783026981,1020147015610.6,2523163000000,440597647135.7,28019564893880.3,1266140000000,4849585800000,1118707700000
2016-10-01,368629226225.05,177026900000,571330000000,79838589701.299,97732947357.972,10623368657.239,7191285800.5049,287134400000,523622500000,176258101760.62,44931453900000,206591758800000,9691765900000,4894138642.2443,1132697017205.2,732314339137.85,501532620856.7,969419311426.097,25775821657.7519,281049303330.44,4592154177.8569,48582718111.179,533738193802.87,2569327288351.3,636392000000,45736015276.19,50582600000,11540740492.465,7873543435090.3,2401934709700000,49561163600000,64258288127.247,531877292777.98,324244700000,398786560789.91,188791000000,7150102567.50183,141749050000000,3343400000000,1937136000000,479773700000000,5562894531.25,8925688642.7163,12494527895.277,5476526143.739,266861773267.406,38504095205.0437,5889139000000,128356916326.66,2413270759.7695,886653376,,174188404870.05,750088356640.47,59028000000,4102643198060.31,442714687070.99,44496304494.241,159865031941.41,936547000000,2805844507470.57,112311300000,871065310476.54,19985141281.708,9583714129,1011667944479.4,2490695000000,437162383340.43,27823406847858.2,1270368000000,4826088000000,1113450800000
2016-07-01,365835671791.24,175956300000,564810000000,79357918957.307,97374572697.229,10522607605.835,7098930622.5437,287452100000,520701300000,176685440559.06,44962439200000,205466980500000,9592859800000,4793331591.726,1123952010002.1,728998656592.92,498893102724,941682396572.339,24960917539.905,279461544822.93,4537337843.3542,48372716662.55,530330044141.06,2548934059574.6,632477000000,45465532606.072,49360200000,11391459010.574,7802990363402.3,2373241838300000,48900990700000,58011309539.081,517622157364.24,319744700000,397368762331.77,188786000000,7110127999.08552,141756025000000,3269400000000,1916224000000,476105600000000,5578497070.3125,8798408681.6973,12427287723.84,5413137530.0265,264822340384.252,38743299140.3787,5824241200000,127493865203.55,2374198790.1489,879078117,,172801104865.83,732285112119.2,58926000000,4041502468912.69,434140303764.75,43998686498.287,159572260547.01,930071000000,2796231650468.95,110361600000,869955102445.79,19868617452.694,9516850559,1005381233539.1,2474198000000,413390688571.87,25517200573705,1254241000000,4799484500000,1112506200000
2016-04-01,360714013573.44,175317000000,564778000000,78924876361.45,97197668546.622,10473190064.441,7042027827.1012,289010000000,515353000000,176007731453.01,44683617300000,204611680500000,9426904300000,4720564230.9092,1113001584082.5,726051414294.48,494856582540.42,963486072928.344,24858919545.3707,277269645147.27,4489332959.7943,47846372606.201,529386639997.27,2536290226370.8,629697000000,45341408881.578,49020100000,11334408827.304,7762906167361.5,2344887273900000,47837532000000,57897748993.588,504659082864.1,317116500000,394668849687.59,189043000000,7048248689.222,141411375000000,3209000000000,1887563000000,474271500000000,5657675781.25,8674278678.7686,12330009713.902,5410625048.3326,259633738318.501,38368729121.192,5774118900000,126294252466.46,2328377790.0778,871255254,,171272191719.36,737656709960.75,58462000000,3984253374346.51,431405206780.76,43517371292.564,158993362312.54,931118000000,2752746491514.31,109286000000,864516272590.27,19797892198.71,9436903729,1002879053118.4,2453261000000,425032200111.89,,1245866000000,4765677300000,1112641700000
2016-01-01,357470367276.28,178177700000,561181000000,78966772393.538,96626366232.327,10394409589.113,6964011972.4568,288221100000,517933000000,175287612800.29,44839746700000,204818580200000,9461819700000,4673313957.9522,1109638809908.1,723988398077.8,489515865863.53,905904974544.351,24779695261.1081,276354937659.88,4499299689.9121,47861564200.357,530751031839.16,2531535443113.6,625099000000,45365190030.328,48533900000,11417734172.345,7667083976632.4,2314549578200000,46956678500000,58384883218.56,477212534599.11,307661200000,393394910323.45,187891000000,7015220744.19065,141868300000000,3219700000000,1855935000000,468400300000000,5581507324.21875,8585210667.8512,12141764361.577,5393296783.4444,259091339527.045,37711233508.9626,5745919400000,124086194756.95,2303445187.7854,862642503,,169959514209.25,734901137728.41,57782000000,3912695487982.12,425253359545.83,43315456291.8,159116937323.19,932383000000,2703464495473.45,107974400000,858065168857.8,19748604499.178,9350646546,992579961803.33,2430210000000,418574042581.57,,1237529000000,4750422500000,1111572200000
2015-10-01,353919221056.26,179821300000,556034000000,78075450294.269,96516519917.012,10313091133.034,6888733592.2769,292417300000,514886500000,174342610946.42,44406778700000,201934755800000,9237735800000,4582694337.9483,1105946527907.6,717798781605.69,483550112666.97,917573628110.59,25133753149.9257,274449061068.52,4429433060.2044,47313773187.552,529108407197.22,2519126523290.3,621968000000,45811888819.182,48118600000,11011752232.307,7685274859600.6,2287640423000000,45677929700000,59352580554.784,484891107808.74,307186800000,392586313809.97,186126000000,7017335993.18236,140684600000000,3275200000000,1848158000000,466604000000000,5325718261.71875,8596712981.0815,11780384306.05,5336129849.3927,264529922779.776,,5754310700000,124747902351.69,2325219031.4312,855903930,,168863072335.5,731769863049.18,57213000000,3845525833625.64,425875625399.38,43166504135.047,155083213333.75,921077000000,2663267748262.02,106757100000,846191917384.35,19748974421.796,9235224400,997965693286.24,2411146000000,419524755377.9,,1219602000000,4723051500000,1108923400000
2015-07-01,349443802229.5,181873600000,552637000000,77765227191.175,96178355625.292,10249684686.451,6834872380.2234,294679500000,514545500000,173165873800.54,44064577500000,202683732700000,9274557700000,4501291916.9812,1100779616824.6,714041087719.36,482249481282.66,879699829664.407,25369058976.6848,272019280807.9,4436175249.4459,47030494637.7,527646090346.6,2506938337925.3,618263000000,44735338978.192,47823400000,11177427687.483,7603728149015.9,2258503662100000,44761996100000,59261470360.921,485274688392.47,305125300000,390796027815.08,184906000000,6981246078.717,140963300000000,3223800000000,1832282000000,463025500000000,5518777832.03125,8588298128.6,11761744447.834,5350598600.4298,262459438962.798,,5771438500000,123580101170.91,2277567830.4515,852280138,,168467064326.96,736395107458.41,56655000000,3760393516444.25,422367484051.16,42962892910.04,155455308376.89,920533000000,2575056683114.7,106784400000,838257571939.3,19605591696.658,9219316365,986996945689.81,2396346000000,412442559923.97,,1220738000000,4714354500000,1104137400000
2015-04-01,343765265318.8,181941900000,547224000000,77472034457.336,96047115069.965,10138183968.889,6864490858.8622,299611600000,512709500000,171916154241.98,44260616800000,200682626200000,9162652700000,4435122130.2117,1089643231042.9,710504412216.16,481478646566.45,888958972318.666,24904872929.5907,269547021871.4,4400599973.2657,47082324782.468,526066443164.41,2496907950351.8,615875000000,45676172234.909,47272900000,10993261328.799,7545892153647.9,2230956376700000,43934274100000,57824953955.499,483569808447.73,304960000000,390668429508.11,186449000000,6912299921.28267,140759525000000,3212700000000,1818786000000,456256600000000,5470426757.8125,8496559833.1979,11795924477.05,5263149609.2197,260836867781.481,,5703842400000,121725387966.56,2249824256.9984,849484898,,167670808395.44,730294836299.7,55875000000,3713056927160.93,416991537152.26,42891947344.913,155537920052.52,920840000000,2623117012920.63,105500500000,840488767318.05,19381864831.591,9159691942,987988926156.42,2361910000000,408913452388.23,,1213435000000,4695560800000,1099186400000
2015-01-01,342392594219.99,177850400000,546692000000,77032325450.132,95602571513.683,10067508458.029,6822393010.7303,306843800000,514113000000,171568208867.31,43844964900000,199390885300000,8967681900000,4385058185.9698,1074620447264.3,706083527581.12,478344539118.08,856216912134.63,25662989610.4276,266562186912.56,4318928883.9759,46405852030.929,525846066975.02,2486087912162.9,613076000000,45777689383.267,46881500000,10929334869.065,7536811880831.7,2205416638200000,43032404400000,59332317952.052,458717824312.6,303622800000,388996500717.17,185892000000,6859048006.81797,140609050000000,3213500000000,1790191000000,454302800000000,5409995605.46875,8410913996.4646,11707592520.904,5195335946.4538,257136769371.587,,5655391100000,121760995709.03,2196278145.0153,846872334,,166961894701.35,727549998422.98,55423000000,3646293162764.72,414728851502.01,42861696583.343,153744643886.38,905172000000,2535978555702.64,104258100000,839452761671.75,19146800556.57,9079108076,964837157955.42,2351841000000,399751115424.2,,1234897000000,4666655300000,1108545400000
2014-10-01,340146505963.18,175276200000,541390000000,77013771403.296,95347531877.816,9966965111.0197,6644686522.2606,309290700000,516991500000,172075644744.41,43560049900000,197877950800000,8954903100000,4333247825.0682,1055794458058.7,707575475823.15,474766440062.84,867168461803.444,25516850617.4948,263356462839.12,4382467675.7578,46797258986.245,522844530698.11,2466525409065.6,611220000000,45585678233.6,45943800000,10827938145.576,7417295428655.3,2178534180300000,42288795400000,47610345771.636,464291925463.05,303991600000,387442662559.9,184787000000,6847078368.23611,138440150000000,3272600000000,1752390000000,450409200000000,5295169921.875,8339056079.3469,11821601016.511,5133929150.9124,250338283533.013,,5627224800000,118403503692.44,2138521068.886,842023740,,166308947877.85,723561238159.08,54982000000,3592786776125.69,407965490307.34,42606252758.791,151900197801.75,879244000000,2554239892112.07,104638500000,830552877628.88,18785728247.155,9033634987,953512047628.34,2340555000000,393245948349.94,,1272443000000,4625007800000,1100595200000
2014-07-01,337933735378.99,174306600000,539397000000,76698733912.975,94965141548.444,9877327004.2514,6536575912.1976,307679100000,513442800000,170985255383.56,43099383800000,196013622600000,8858334900000,4325291926.9522,1044521864834,701680855626.98,475092725816.36,815941275550.686,25547157296.5779,260834173462.14,4313000627.2723,46851770000.57,524379617509.35,2456821458857.5,607213000000,45934934070.569,45862100000,10761271002.694,7376895132534.8,2154100635900000,41670602800000,47847367159.447,471787410299.68,299706000000,388066437013.15,181987000000,6788911842.52462,137649125000000,3218200000000,1747568000000,448023500000000,5233563964.84375,8317364943.9001,11506664100.578,5122226541.8456,252005575902.036,,5579858000000,118469888390.02,2073205228.8019,835845215,,164090624643.71,717290480175.72,54273000000,3539318837817.47,404601995530.37,42264180584,151791692914.35,877696000000,2466010623410.91,103078700000,818846436350.53,18584704933.849,9025107133,949778227594.73,2315589000000,389418422709.53,,1321021000000,4601735300000,1092415500000
2014-04-01,339125294632.96,175822100000,537231000000,76571520124.718,94332954440.441,9839844200.388,6510797316.4734,307862600000,508567800000,169978379203.11,43283210800000,194318210500000,8782738600000,4322381232.5195,1035156991423.6,698438769601.82,468240705310.45,828472286034.309,25109867711.9129,258764989961.26,4258630120.1588,46700747682.195,520893307519.47,2445660652387.9,602310000000,45486093562.627,46004000000,10815103366.064,7306925975024.8,2128799176200000,40912997300000,47505551955.788,453401299960.65,297631300000,388035514860.77,185009000000,6748235486.31707,137381925000000,3174900000000,1735838000000,446872400000000,5252292480.46875,8281682868.5202,11272441648.588,5068115202.5947,251718204630.955,,5570009100000,119649322939.71,2040338399.4752,830286621,,164141503616.97,715143609050.62,53594000000,3505975335519.46,401264204499.51,42219645693.406,148816782084.32,872687000000,2444989908064.93,102156700000,831702205347.3,18408963856.187,8972110374,942417565813.11,2294353000000,382733340566.79,,1383198000000,4546477800000,1087190700000
2014-01-01,337630696096.4,176901200000,534667000000,76189482961.904,94115291302.935,9776331259.7347,6602160331.1482,312466500000,503973800000,168437673528.8,42938465300000,193379216100000,8748469200000,4331695454.7041,1025629810940.5,697996707410.68,467835029902.63,799498565896.101,24775970485.8153,257375465274.53,4238166370.5425,46609598117.258,519703204225.24,2439793389466.4,596696000000,45440681794.755,45256500000,10744002536.523,7213034246131.2,2103432607600000,40022819200000,46340928611.43,453518253750.24,296347900000,387934484724.96,185184000000,6709304302.9222,139318575000000,3131500000000,1708295000000,442669900000000,5309438476.5625,8211362442.6093,11394838862.923,5058773345.9155,247391935329.754,,5501120300000,118171578249.93,2002705380.4126,825845267,,163615754226.62,711396687504.63,53345000000,3452080791548.96,396925731352.92,42103130180.727,148343237711.48,874856000000,2309798576412.09,101132700000,840492729575.66,18270367678.326,8876211233,937465304786.2,2280152000000,386022817206.1,,1441530000000,4488493500000,1082916700000
2013-10-01,337768597892.2,179537600000,530419000000,76190347740.449,93575107883.202,9783691507.3219,6552116791.1958,309860200000,503123500000,167291810085.04,42811284400000,190750447600000,8641350800000,4368467227.7035,1029804120478.5,690573264437.99,467783408734.7,806729321997.736,24715105001.0791,256406007493.78,4159900074.6308,46989387971.16,519743631981.14,2427562426234.5,591954000000,45535100472.282,44818600000,10807072870.745,7143779163269.1,2078465303200000,39518142700000,43258367529.188,462809118487.84,292205700000,387774009416.9,185211000000,6599044375.7942,137941825000000,3114500000000,1677461000000,439300300000000,5293291503.90625,8114727954.2989,11240866573.903,5049357569.8306,,,5464437600000,116182590150.43,1946851184.2414,820538326,,163238401841.61,704816527506.19,52759000000,3367405328193.74,391725594717.44,42407266274.604,146740324602.2,855741000000,,100368500000,847753427481.21,18159796730.28,8887260701,933684247587.5,2288665000000,376521989560.95,,1498456000000,4504036800000,1084412500000
2013-07-01,319356017536.4,181307200000,526314000000,76126626815.495,93322266864.887,9767250775.1225,6504677038.9341,309366700000,497912500000,166995109981.22,42663704900000,188127686800000,8595182600000,4385155209.1175,1017165374757.5,689394364128.63,467677070077.06,765108595716.408,24619807875.3952,255918918676.97,4165169914.9765,47093048260.696,516599879842.91,2422340136414.8,588076000000,45311704469.38,44473900000,10852765625.771,7086759393833.2,2052173455900000,38708407900000,44364158379.335,454088403474.51,289410200000,388345180668.4,183975000000,6565109809.48884,138136400000000,3098600000000,1661854000000,435484700000000,5218492187.5,8047326208.1998,11303824568.751,5025624772.015,,,5437729700000,115599763100.54,1946838358.4798,812879569,,162258133623.47,705711899051.89,52465000000,3336796904227.42,389383193854.59,41886852156.787,145306333874.44,855967000000,,99443900000,858076460223.23,18054555541.123,8716095614,925607387023.62,2289937000000,375251259370.42,,1418491000000,4465112500000,1078605800000
2013-04-01,338108191787.07,180322600000,522083000000,75910151134.617,92949009254.571,9725750120.761,6514481050.9907,307903500000,493851500000,165721832926.45,42404439000000,187121703300000,8440061800000,4383214746.1624,1013335254087.3,686594331819.65,463763040239.41,772898441021.811,23991557978.591,256081281615.91,4172248876.6925,46975983623.376,517699514803.39,2416150093444.8,583605000000,45034150163.045,44726700000,10890529042.552,6978239498592.6,2026301967200000,38071705500000,43036669681.055,447551522020.44,286843100000,387051159676.56,182025000000,6552864665.5624,136830600000000,3062400000000,1645939000000,431160100000000,5086181640.625,7935016338.295,11267393462.339,4959035058.9873,,,5403964700000,114220705418.83,1915903777.6797,803247943,,161446613999.97,700803772800.29,51999000000,3288623631142.46,386657924773.52,42005193383.022,143733972015.03,837473000000,,98765100000,839722113246.28,17971076037.643,8710453800,918394688714.97,2273917000000,371307791272.18,,1436053000000,4427417800000,1073512500000
2013-01-01,333974313684.11,179239700000,520159000000,75562656146.766,92343459243.815,9744689291.3369,6424908405.2819,303716900000,491023800000,164648316934.26,42051628200000,181939162300000,8461756200000,4488775930.9207,1009426834527.8,677899526765.3,462913291813.18,746518128528.328,23530150979.4855,256343705435.82,4180726767.0331,46799046232.617,513151931301.4,2399810978084.5,579749000000,44979859507.328,43615100000,10832342621.122,6913430496170,1999557073600000,37513952300000,42264512325.713,443939877613.23,282129700000,387141882428.24,181545000000,6489651149.15456,135398325000000,2994100000000,1626854000000,426342400000000,5135889160.15625,7848547923.9388,11010339401.203,4922311898.2481,,,5425822200000,112816353716.35,1857943221.4339,792934073,,160758051895.18,697215340857.95,52238000000,3262011913577.78,383747101525.27,41648744464.334,141318025756.43,819716000000,,96815500000,836958509417.74,17911972818.54,8672949714,915836240494.72,2287227000000,360816545473.48,,1445118000000,4415600000000,1065760300000
2012-10-01,329680339809.8,179215100000,517341000000,75859980750.511,92709951877.053,9771016741.1388,6308905251.0582,302088700000,486667500000,164014112739.94,41696323500000,179179791700000,8447169600000,4596277578.6341,1012550633967.1,681491738656.58,459561556155.39,752015644666.61,22960498892.7572,257049795426.08,4165090973.845,47201176666.16,512112848135.32,2407145227911.3,578215000000,45305023591.4,43576100000,10792308028.412,6869898684829,1972778747800000,36933708200000,41770915695.041,443334224059.97,278113900000,390376979336.22,181855000000,6445310332.61976,133733950000000,2946400000000,1621121000000,422987500000000,5094996093.75,7801776265.3414,10995647840.224,4918823680.3993,,,5421221600000,112258351955.16,1828403699.8976,786206739,,160825042543.31,693002421991.28,51967000000,3194456484020.52,384620776895.52,41500566670.821,141127457197.88,810885000000,,95913300000,843126510698.52,17906172575.545,8665549329,909983000010.4,2288897000000,349749279316.67,,1441544000000,4372463000000,1057553500000
2012-07-01,328640531039.34,176277500000,515083000000,76389284386.097,92821743123.278,9802379975.5337,6397797220.5407,302004500000,485668000000,163844989339.03,41450259700000,177001440900000,8337779000000,4695338212.4927,1015649965003.4,683407485559.1,459514742740.46,718926944602.214,22779924614.0874,259199216425.86,4121667400.4896,47233347100.844,512415427428.37,2417561387124.3,579051000000,45780696468.773,43427800000,10875279698.246,6886041253031.3,1945585625300000,36462447100000,42029640782.03,441958624725.23,277983000000,393397487169.48,182784000000,6402659555.00754,133812025000000,2901500000000,1602992000000,419861600000000,5094976074.21875,7753868310.6564,10853389151.815,4893533906.4705,,,5379405000000,111385651821.29,1821878892.8952,786123657,,161720512472.69,688981458660.49,51392000000,3122330499265.86,385227670900.9,42194302662.544,142483220285.87,820184000000,,93471500000,839431545858.14,17923848052.883,8821983554,919125475445.27,2230645000000,343758684332.97,,1443754000000,4367412500000,1052533500000
2012-04-01,327011477557.12,170996400000,512069000000,76142105469.703,92662850724.142,9825620736.4657,6395285041.6593,296894100000,485004300000,162556480330.67,41130619500000,177877009300000,8282783300000,4748603920.6106,1018635110159.5,682449646007.67,458687550673.87,742028113575.16,22414576313.0901,260395227144.66,4087410749.5123,47394199274.261,510732554709.45,2421373281974.5,573112000000,46452938884.63,43173400000,10838711920.987,6869468186969.4,1918075066100000,36027404300000,43323128186.397,434564082147.47,274742700000,396024626127.45,182829000000,6353498562.53706,134329775000000,2892700000000,1578809000000,417998000000000,5096991699.21875,7579990695.6242,10805763522.849,4859624351.741,,,5364583700000,111089324584.77,1792319004.5985,790087449,,162496416814.9,696218308650.15,51073000000,3069314342736.1,384963997505.34,42634132408.11,145974145836.08,822395000000,,94389200000,848819808282.67,17900636306.457,8802084623,913866867509.55,2212813000000,337759725844.62,,1460083000000,4361131300000,1048271700000
2012-01-01,328023833881.65,176997100000,508399000000,76397023655.102,92861656488.042,9852141940.7421,6300300208.5151,291621700000,483432800000,162115192725.54,40382123500000,177356758000000,8232114600000,4828065878.6226,1024580932068.8,681491781031.36,458795671438.7,732912322494.961,22186857440.0146,262943947697.75,4020592208.2518,47885692026.37,512873069625.15,2429993723078,573416000000,47582130782.065,42632900000,10935876385.16,6934714232444.4,1890643960800000,35506273600000,41934634263.88,425743817182.28,272432400000,399358620609,183651000000,6338621549.83564,135562425000000,2845500000000,1565860000000,416240700000000,5079732910.15625,7558040606.6073,10797850408.303,4884736719.0962,,,5331693900000,111021533437.32,1771979052.5312,796299022,,162576975189.23,695043843858.18,50746000000,3031625054101.13,385418433016.64,43288272111.571,145909618308.35,819035000000,,93564100000,835821976686.95,17863209475.341,9024122065,910186536618.74,2171512000000,334083591674.48,,1454288000000,4341752500000,1039593800000
2011-10-01,328636348803.64,178826600000,503039000000,76077216658.377,92871042893.739,9783694663.4682,6383153691.9619,295847800000,483127800000,161478354519.96,39568859200000,174406066400000,8069350700000,4868621554.3845,1027158270509.5,679576017178.92,459900454432.53,731930068684.778,21809614285.2731,265441693839.78,3993163785.8964,48170757822.593,513020586014.46,2435059791145.2,568056000000,48023146741.552,42164100000,11052970550.249,7030805537176.4,1862228209400000,34886166600000,41896934036.559,438359511081.19,274444600000,403564388760.2,184235000000,6311573499.36197,133558450000000,2841200000000,1548550000000,412298900000000,4980029296.875,7446232266.4523,10637941327.05,4640094610.2735,,,5282393100000,112834141954.5,1756554005.5272,802359089,,162722828245.91,677824674569.48,50647000000,2946025274433.15,385063536522.14,43520021106.978,138310166156.93,798561000000,,91868400000,840588605319.34,17801254619.744,9058298494,901466417012.79,1985254924169.72,335656647727.16,,1468736000000,4305645800000,1033734200000
2011-07-01,322659437503.56,178838100000,497511000000,75756799904.662,92715871231.997,9795294767.5622,6391864894.4535,293173500000,479318500000,161001958905.43,38726610300000,173258727200000,7961734300000,4844850883.1844,1026621596872.2,679797052511.96,456393761334.55,697628120262.776,21604093235.6743,266945438966.1,3993803273.5907,48168970576.222,511303304783.29,2442482572852,567586000000,50281167035.628,42041900000,11134256452.979,6952427710365.6,1835487365600000,34207478500000,42314203333.685,438606645577.06,272837300000,407552013566.28,182969000000,6273233055.56816,133519875000000,2778100000000,1527504000000,409552300000000,4816305664.0625,7355202648.8627,10782505000.259,4618154552.5703,,,5244389800000,111585618940.65,1735094091.4631,801720506,,163585226842.66,677573364361.3,50230000000,2899799187526.46,381345397248.19,44109368131.53,144857586704.4,780920000000,,91290600000,842990322555.74,17657669873.758,9054833873,925286452166.78,2118250476505.3,330258482989.47,,1461261000000,4257828300000,1026710600000
2011-04-01,317353360705.33,177438000000,490846000000,75343210620.677,92451614314.861,9787420928.2964,6419227565.3334,293837600000,472848800000,161831661912.39,38479805100000,169900666800000,7943305800000,4929940183.7662,1025438957397.8,676186594039.95,462355804491.71,725074718647.715,21251886243.8759,268584171884.68,3942173766.0359,48096587098.184,509601925136.12,2442140557605.5,566601000000,51407055771.039,41107100000,11191289192.636,6944136106312.1,1808122322600000,34734931300000,43114375174.826,431180079937.86,267301700000,409423248069.29,183061000000,6201428697.43212,130384300000000,2734500000000,1512171000000,407666700000000,4755158691.40625,7373259272.3793,10631720215.681,4539834997.0105,,,5146908600000,111541445824.92,1711574925.4307,796732869,,163820966085.44,669846522608.98,49700000000,2894574271439.39,376859841554.41,44417541547.821,141946586897.06,768835000000,,88982100000,843873009410.39,17574652773.551,9063747558,917886194526.2,2086229460186.85,321434478790.51,,1431222000000,4258778500000,1022479800000
2011-01-01,333581533114.38,175678800000,484903000000,75371325627.341,92218729978.927,9690011083.4536,6418069434.6827,290881900000,471992000000,160618785385.06,37934756900000,167062539600000,7784172500000,4898989799.6321,1020310380146,674123510023.62,458009271018.24,711690412272.506,20737236795.1491,269280822169.19,3887138604.7093,48210970865.947,509565180797.98,2442216472869.8,566873000000,52377759213.614,40645100000,11018295629.11,6956973795558.1,1781797402400000,34131632100000,42644599904.164,417279286660.44,265010600000,410401383280.32,184535000000,6148114747.63774,131217000000000,2680500000000,1501339000000,405904800000000,4609476074.21875,7232094765.2168,10703789465.042,4417927891.271,,,5133243100000,111039302105.15,1728320664.461,790330678,,163917636134.63,671837429861.17,49282000000,2863201849253.97,372284910743.44,44731463089.035,139629418446.31,745909000000,,89202800000,854391948383.63,17454215127.321,9104525504,911654362057.07,2116327935906.62,315332390947.8,,1424640000000,4230158000000,1016789200000
2010-10-01,316361772214.38,171573100000,486229000000,74626175128.079,91589756235.037,9688931294.7826,6404849996.7962,287038600000,468424500000,160474801933.11,37497663300000,163974615700000,7729735400000,4902967748.6901,1018762345854.7,662113225823.28,454897632255.55,720362679451.521,20369211069.9816,269493215548.62,3789573747.4895,48010799272.361,502905651327.79,2418745486670.3,565945000000,54321919543.253,40738100000,11056743573.459,6874053510436.8,1756148706400000,33386510400000,41602901013.868,433420301931.39,260412900000,408088886108.53,181759000000,6141452150.34481,133135625000000,2639900000000,1490483000000,402066000000000,4661584960.9375,7023957086.5026,10592417225.154,4444891356.1641,,,5096796800000,107955064951,1744032651.5787,783697472,,162131784173.2,667668711282.37,48461000000,2825890484226.45,365504497717.2,44933151697.888,135270316795.8,741909000000,,87552200000,847304899697.86,17420099642.36,9053179431,906359631583.36,2069569219399.15,307202441838.36,,1398852000000,4240216000000,1006873500000
2010-07-01,317690018027.3,169299000000,482198000000,73907898376.012,91064032953.81,9588817800.9673,6308984727.1359,282990700000,463228000000,159280576137.27,37056738000000,160404156000000,7676535000000,4883563119.1389,1015177724827.1,657913283296.77,457466169381.25,679183820790.021,19785292117.0116,269214744228.93,3706141145.2865,46995643333.46,500083075250.32,2404736075567.1,565659000000,54562184130.74,39810700000,11176020398.281,6879790144428.8,1729238823300000,32517499500000,42049235402.588,423040653104.95,256130900000,404616097368.28,182026000000,6123312834.98302,134297600000000,2579900000000,1449813000000,396469600000000,4623492187.5,6911307783.6906,10507316247.323,4398753975.538,,,5054748800000,110553712585.09,1725515183.9006,779336343,,160742788203.21,654532385727.47,49043000000,2809564215409.72,362535211046.43,45137619610.467,131490044879.2,679255000000,,84280900000,850845793189.34,17304257297.004,9010027085,897104620549.33,2061031802007.7,298168803014.41,,1377055000000,4218066500000,997588100000
2010-04-01,317684037858.39,168426100000,479006000000,73044831366.335,90704474422.078,9518436927.7247,6344702620.3973,280527000000,460007800000,158550657176.72,36206825500000,158881301700000,7551715400000,4845821114.6619,1003357039377.1,651576583959.55,451259986486.42,700544226408.449,19406796337.2216,269384658932.47,3648797905.8831,47207432028.46,496698733044.77,2394407807441.7,562353000000,56387145162.48,40077900000,11030608390.993,6828514724881.7,1703016211700000,31761370000000,42055041269.064,432173490995.9,253510100000,403543418564.91,179231000000,6036407433.03985,132013400000000,2547200000000,1438246000000,392479000000000,4556220703.125,6880229328.6756,10643515547.174,4410560849.8718,,,5006646800000,109177122881.35,1685344698.4947,777092441,,160601175060.97,666439943279.59,49743000000,2790882630837.33,358388340007.28,44972444415.178,137502339050.19,680383000000,,86694300000,840668263090.08,17106714129.495,8991274785,882995990803.71,2050008758186.99,289897341844.29,,1365246000000,4185790500000,988785500000
2010-01-01,312577647094.93,161225500000,475949000000,72086059405.573,89884136389.075,9364426085.5255,6311830619.6706,276979800000,457611500000,157359150360.91,35018501500000,156890926700000,7459905200000,4828648017.5091,990759889941.13,637797906920.4,449272003876.78,677570688793.648,19164426619.2993,269052381289.99,3591501701.341,45933125365.719,494305140377.12,2372036849552.4,556002000000,58921229876.527,39201000000,11167031759.108,6774894709305.7,1675729358600000,30971490500000,41588587314.479,413303553967.77,249577100000,400834797958.28,181456000000,5968867581.63231,130211575000000,2497400000000,1414167000000,386238500000000,4454501464.84375,6839674401.1312,10575884980.349,4443588818.4262,,,4954512600000,110151724556.56,1706916013.026,773937658,,159139252562.63,671594959710.57,49469000000,2739135847732.15,353202651229.1,44817135276.467,136184799274.81,667114000000,,81783900000,840628720620.73,16895649931.141,8869002378,855035757063.6,2056191647582.32,280779382278.94,,1344866000000,4145677500000,980554600000
2009-10-01,307499887726.49,156453500000,473770000000,72341391949.027,89536670253.871,9236542562.4046,6243946928.8971,271391500000,452133800000,155423834157.47,34905582400000,155495871900000,7378682000000,4767329388.1275,982837021076.06,633229583472.08,445346817081.96,666691894174.094,18799372209.5861,269293093786.67,3554558327.314,45497037251.121,492947396655.09,2362312042813,551372000000,59600917965.711,39044300000,11286797566.787,6765718507754.7,1648868538900000,30197294100000,40155586755.274,433097982856.49,245514400000,399306728261.33,182937000000,5948316078.5398,128621600000000,2496900000000,1371550000000,377396300000000,4561507812.5,6792135572.8552,10450320259.555,4443472103.5751,,,4933088400000,108779650241.46,1654586626.6929,768309520,,159134164665.3,657731223703.87,48900000000,2653580964909.29,354356043836.42,44421570294.783,143953173807.75,,,77291000000,833772004998.33,16548755893.728,8872971124,842594321379.5,1998349226589.04,279634089963.23,,,4125688500000,969246100000
2009-07-01,307457560272.25,153508900000,469982000000,72160043953.619,88900255035.194,9518970997.7054,6312285047.7335,264570500000,446940800000,154611915211.26,34481452100000,153990648200000,7258143300000,4742879554.893,982543400241.04,628440199265.84,444512335552.86,627536700293.914,18867992407.8267,269358227756.36,3536787753.7009,45824996960.255,489408081385.25,2352008293927.1,549540000000,59694456524.725,38210800000,11171051856.903,6771133825131.1,1621368209100000,29542910700000,41014689786.065,439254068340.88,242844500000,398239114293.26,183986000000,5997568044.51351,126595625000000,2412600000000,1349018000000,374652000000000,4296859863.28125,6906773085.1266,10317934487.931,4409504191.4201,,,4827208000000,105275393457.83,1615091420.5044,760147648,,158097081593.69,657477387764.96,48321000000,2633073464691.3,348390506761.21,44388809498.654,142656732204.92,,,76172400000,834850041972.64,16216187379.069,8877993307,839093908514.5,1942165108893.84,275440996896.02,,,4081570300000,962824400000
2009-04-01,311844186946.49,147725600000,468525000000,71914352882.954,87678753861.425,9440551390.9215,6311679607.067,258523900000,444950800000,153207624032.85,34073795700000,152431560500000,7167779500000,4751223545.6,979125164353.3,624461334447.16,443277328118.42,644848729921.611,18961052706.9253,268828660263.66,3601805490.7312,45414823918.041,488280775871.85,2343505936407.8,548859000000,59898418374.253,38562200000,11300676815.353,6774647618828.4,1596068769200000,28821387400000,41819509610.235,431952114179.88,241026300000,396905818613.62,183518000000,5932531432.99698,127419050000000,2337700000000,1326053000000,363561000000000,4171733398.4375,6899954715.3646,10107186188.946,4631509065.8292,,,4657783100000,105989113783.06,1601430640.9314,753188400,,157931724930.59,657171774345.98,48035000000,2597499204194.53,345860199754.4,44012616461.178,138364418600.63,,,73328500000,828298993788.15,15929271984.43,8859400165,840023369203.79,1882567453604.1,269618649827.49,,,4067286300000,960596700000
2009-01-01,309389114202.53,151184900000,465513000000,72306443933.007,87541424826.728,9442666934.5604,6285059316.6844,253840100000,449802800000,152664925242.29,34273389800000,150697919400000,7061854700000,4765388925.1724,983789657563.03,622913993891.3,451510204354.71,623313879879.796,19048194130.3976,268652137766.1,3728325395.7114,45637336091.268,487398821917.03,2343484756328.5,550451000000,58399628406.845,38262000000,11266861824.943,6771432532645.8,1586304282800000,27323047800000,41694705651.726,436307250535.22,238850400000,399046377955.34,184580000000,5842524443.94972,126003525000000,2319000000000,1314509000000,358711700000000,4332756347.65625,6978303536.7042,9915279466.9523,4937743935.8559,,,4739000100000,103606080893.07,1589894947.8744,748214263,,159410607086.68,661388481808.76,47446000000,2542819397398.2,345126551001.04,43965434328.805,137439866539.26,,,70353200000,828935966565.42,15662322534.604,8932532287,836327755700.75,1840467823933.43,257899691687.46,,,4074565500000,963904900000
2008-10-01,305911388194.22,156858800000,460801000000,73103726807.091,88423493275.575,9863615719.934,6466912563.3788,257544700000,460187300000,155335829637.16,34440898100000,150703655200000,7247138900000,4846015160.9574,1017004698911.7,653657838282.01,460537673157.78,625189091740.969,19081900244.2351,276033987664.31,3829360794.7358,48773059849.723,496852717875.01,2417115802030.9,561816000000,61496504389.42,38847600000,11809187117.496,7068968875361.2,1566727133500000,27832757900000,41272169737.118,481681840130.01,237814800000,409089679793.29,187902000000,5735661816.5593,131854575000000,2303900000000,,357768200000000,4254988769.53125,7957666849.6336,10184813138.359,5214716836.5227,,,5049726700000,111965373384.97,1652997922.8431,815767756,,163137491877.98,669989857828.22,47799000000,2597115207291.01,341058639181.98,45107057560.019,152185502635.09,,,72247500000,851893135210.88,17352595947.489,9414876909,845338939603.28,1896809503811.81,276930510011.05,,,4121337500000,979135800000
2008-07-01,307463940869.74,164484200000,462813000000,75014488164.002,90385505752.819,9818242838.3168,6507779732.7887,267642600000,465589500000,158850044300.55,34719712800000,152961327200000,7320547200000,4867166207.1682,1036856729813,663826353472.62,469354660072.78,610948044040.683,18882346434.9251,280381916133.77,4344944539.7064,49857918397.105,503333107466.84,2459252779211.1,573961000000,61925106225.521,39597200000,12068449473.505,7327156607080.9,1549785685500000,27592832600000,43201724929.427,457380513420.87,239555700000,419086509545.9,188795000000,5658035050.511,135064775000000,2390900000000,,370260100000000,4443000976.5625,8039375392.3464,10568674403.608,5370452574.6949,,,5130094900000,105968614532.28,1639187859.8945,812464437,,164952175257.58,668480102281.12,47804000000,2602240719309.62,340423605454.54,45674381110.861,151862248491.38,,,73949100000,860205516265.51,17144878112.237,9752292678,878957907853.86,1947130565816.27,281550924123.9,,,4213573800000,984741400000
2008-04-01,297464972203.96,163317400000,459711000000,75533905990.981,90882816130.315,9709546465.3129,6463231236.4725,263319800000,461794800000,157857115683.24,35004965900000,151016396300000,7279921200000,4867554299.7592,1035678168405.8,667436896694.19,471850044024.68,659106173801.089,18572269102.0883,280976617596.15,4343443582.7165,49690810861.388,504433640821.89,2473121759051,583541000000,61907663118.375,40432400000,12237034056.917,7345506354990.6,1531400537600000,27440566500000,43775887076.047,482623735828.34,238710700000,425487750516.33,192328000000,5646426284.82145,136582925000000,2396500000000,,367818800000000,4513367675.78125,8150163008.0026,10627545854.3,5595510709.6079,,,5126937500000,103207145449.95,1632146064.4432,804846346,,165396518290.72,669362845173.15,47755000000,2558195306287.14,340401765670.27,45736999055.351,148422218857.42,,,74425300000,867181633978.71,16905735709.711,9767391991,887764165819.66,1943260797857.54,285444301962.49,,,4235822800000,982394100000
2008-01-01,294591361847.15,162515700000,458030000000,75725897025.329,90838759217.09,9597954762.0592,6490174490.5544,258122500000,460118300000,156156144077.73,34970442900000,151031621300000,7285070800000,4837380100.8072,1029873447620.1,670015859770.3,476328531262.65,641690953539.907,18323365302.2434,280877500685.75,4298700595.4638,50075962454.404,508265742883.9,2485733696419,586690000000,62466615504.606,39041800000,12196870741.558,7308333655566,1514933643400000,27272035000000,44826580839.793,476917365511.09,238176900000,429487992982.29,191951000000,5546146848.10826,137234200000000,2361500000000,,366484800000000,4366676269.53125,8109558491.6612,10783224058.135,5737748764.304,,,5086766200000,102062724927.4,1626573967.55,791429981,,165277800686.45,669122269320.6,48425000000,2518105956719.4,338615775311.45,45967341676.764,142782636234.61,,,76342400000,854495076983.64,16702794545.161,9675130917,892768526660.99,1929934084439.76,295937391867.55,,,4210750800000,970544900000
2007-10-01,293412396119.23,160925400000,452939000000,74175734654.758,90465586168.987,9441402557.3181,6149421142.2099,254892200000,459773300000,155060543019.55,34248724400000,150255548400000,7136293300000,4785375693.6101,1022706652405.2,666368204715.46,478123183871.24,639891104268.325,17855848469.466,280353597016.51,4396645029.7499,50130473468.729,503764786060.39,2469731409699,584504000000,61604552255.515,38497400000,11863043176.14,7233090769860.7,1480153989000000,27262528600000,45668462231.667,487830267925.79,237517100000,424839629310.91,190470000000,5373733161.53509,136951050000000,2308100000000,,363742300000000,4205013183.59375,8142537491.5474,10658208847.109,5662653651.0296,,,5089964600000,102649128078.36,1555713978.223,777737585,,164127935890.77,670782305846.45,48666000000,2513610450670.08,333406986761.43,45977501013.773,141074300763.15,,,74448500000,834609774882.44,17209871361.378,9544637483,897162277677.29,1930168228195.13,292662429491.25,,,4228797800000,966485600000
2007-07-01,280241576850.52,156088100000,451354000000,74247836537.643,90101292153.301,9241567488.7618,6179425630.0718,251095700000,459169800000,154192269991.18,33616815600000,148107675200000,7006632000000,4693979888.4241,1011661615327.7,661284239506.14,472887484480.35,615822338099.965,17692523935.325,278651618069.39,4423070304.6302,49491532890.987,503516110441.88,2456939410913.8,579605000000,62315189236.481,38143000000,11896770153.44,7209643843574.9,1467445669000000,25969738100000,43552035807.865,463333322080.49,233630600000,425733172886.69,192747000000,5199343315.55909,136181275000000,2351700000000,,356718200000000,4225419921.875,8019441145.8142,10580506253.155,5741852458.4674,,,5076633000000,100493743980.7,1585256705.4018,763825747,,161774783377.5,665522471589.95,48416000000,2465002622921.86,329013494158.3,45437227866.123,136014849384.89,,,74131000000,816212069708.53,16183250797.986,9478289221,886715222889.28,1902482516308.31,280405588472.85,,,4202396800000,952981100000
2007-04-01,275475039489.99,154074800000,446128000000,73814703527.43,89376763108.174,9127118209.7251,6131866887.5125,248517000000,457455800000,152928180443.86,33524647900000,144899095200000,6926944000000,4641296319.1928,997696682168.57,657747580952.85,464930676507.44,609909201239.414,17407116813.9997,276578658686.21,4413623897.6649,49028636080.819,501814820634.16,2448026869359.2,574194000000,62614381275.935,38111300000,11862987133.248,7174335594123.3,1444669538600000,25558067200000,45587748672.56,465723913232.06,228873500000,425815187675.91,193610000000,5262664882.12656,137080100000000,2277700000000,,352543600000000,4209457031.25,7806866651.7281,10639412482.946,5663377283.1062,,,5058492900000,99087061608.926,1570889305.8307,750814523,,160011826954.04,659398205989.25,47951000000,2439910526547.69,323415957448.15,45309427059.696,134686760523.24,,,72209600000,811170093030.39,15812758929.861,9291267304,884470068219.77,1876656252156.68,277521632358.56,,,4178328500000,941942100000
2007-01-01,271849758025.67,150854100000,443184000000,73111249657.913,88982787755.554,8951971897.0688,6143745079.2806,244412700000,453080300000,150781461967.39,33187233000000,143194681300000,6752685800000,4614129837.8211,989852927806.27,653474084281.35,469997283270.66,591026204864.681,17292655876.3108,274172477689.98,4396741393.8559,48201141010.905,498554187361.65,2431687170875.9,568845000000,61027955261.891,36756000000,11760791694.784,7179883439463.8,1420985934200000,25025853200000,45777770291.072,449985970843.11,225758300000,424785515544.24,190424000000,5197648640.77926,136865650000000,2213300000000,,346675000000000,4043089355.46875,7596489466.956,10414787323.381,5542340870.1556,,,5027610000000,98987824569.036,1562168524.3697,740391170,,159034102684.56,659405783181.46,47283000000,2417845621973.28,319207431018.01,45180895624.829,132791281521.24,,,70566900000,803055032699.12,15433280276.575,9156473257,874873977067.33,1872883145574.81,277955046783.03,,,4152922500000,934285100000
2006-10-01,268075863395.46,147369800000,437165000000,72308287183.221,87755282664.628,8826416965.3713,5982415014.6367,239908300000,450207000000,149758489078.26,32850170100000,141033961400000,6673545800000,4530010768.7169,972300111165.85,652681802999.57,468212421515.99,592906116569.925,17330324137.1749,271703050665.2,4256123793.0098,47264623912.341,493379704124.85,2414523329582.1,562669000000,61365031564.051,36780400000,11505461369.677,7268941587391.5,1398245434200000,24479026900000,43475755676.485,438520322541.88,221271600000,425187858952.27,191991000000,5075946124.69739,135889150000000,2185600000000,,340636500000000,,7371253333.0118,9869576252.6946,5424739764.3214,,,4991020200000,95209430293.639,1504156428.9229,727068309,,157257578534.9,650777255556.59,46933000000,2357753284540.36,306584035706.02,44651316064.795,128834072657.57,,,69557600000,774289259269.32,15123611049.431,8995416364,870558723104.76,1843867853423.42,274888331609.6,,,4140466500000,919357800000
2006-07-01,263596282067.69,144203900000,431836000000,71236024161.488,86771485872.961,8684477446.6736,5901659851.7901,237136400000,448421300000,147725363639.81,32163532900000,138593091400000,6484347300000,4472573065.2455,961363550674.63,643250414075.69,468816824240.45,566929594043.363,17425878183.6554,269197752758.57,4152737798.1149,46872323333.84,490791698871.06,2386536142749.2,560675000000,59730822167.369,35843000000,11374726561.719,7200583849295.3,1376301897300000,23899788800000,42742005150.592,431966733403.58,217471600000,419423898662.57,190611000000,4839431117.33562,134088575000000,2159100000000,,337830800000000,,7158842283.7574,9804954947.4276,5173625427.9577,,,4972879500000,93911701167.634,1508879186.1113,711968484,,155904197846.18,642205556873.27,46586000000,2314198320103.65,310867657394.4,44361677628.677,128830373627.32,,,66961600000,760438157815.79,14703087147.185,8802256929,861885145999.69,1803807977449.85,268652226258.68,,,4105184500000,906818100000
2006-04-01,258893508228.87,140358700000,425448000000,70803026657.064,85981421112.385,8503898625.7065,5758485355.7701,233231600000,447162500000,146591677652.06,31731555100000,135763597100000,6347795000000,4448996440.3408,949307968556.6,638387390974.9,472117204436.05,574184301008.026,17207706959.8793,266680183234.47,4060277227.133,46428192610.571,490412306841.81,2374297651714.9,559795000000,59343221718.827,35188100000,11205964616.491,7161724676715.1,1354469278200000,23190107200000,43047098499.107,429600507624.84,218670000000,418171462634.28,187698000000,4780087446.69882,134106775000000,2070200000000,,332617800000000,,7035360459.8863,9776200457.6872,5006527888.0837,,,4960233500000,94797534855.985,1500257149.2916,697588284,,155110485863.32,637447711600.43,45769000000,2294687311376.72,305908262380.99,44419863779.999,126033769755.55,,,65714200000,752521542855.26,14421798706.549,8651872927,854659249071.38,1782038757343.05,270455215575.92,,,4099037800000,894464200000
2006-01-01,257388691623.17,138617000000,424243000000,70476933995.678,85688835853.732,8358799639.2147,5605761542.873,232523300000,446939000000,145334642664.56,31086268500000,134044350100000,6195298500000,4374385639.7166,930256054430.69,627629679878.29,458356661143.46,552970593707.03,16972764587.1308,264301377384.91,3977006307.2655,46357596378.904,484504374273.52,2348136321743.8,558314000000,58941145767.739,34866800000,11029401702.231,7059099418274.8,1337393578300000,22860993000000,42488641085.419,416714010010.74,214479100000,416851317755.07,186029000000,4712875311.26817,133735725000000,1988000000000,,330234400000000,,6847245695.3593,9680360563.5014,4821424359.0864,,,4919809600000,94052932874.836,1459520419.5978,683663753,,152627591968.24,636869319262.02,45961000000,2269825878449.52,298722637357.24,44024094702.577,124133427213.78,,,64987400000,739947857404.65,14080290095.991,8482925667,841012571013.63,1759028741601.16,259853826529.53,,,4088458800000,881938500000
2005-10-01,249317090277,135080300000,423912000000,69831352706.454,85183407503.741,8230661926.3029,5687647614.3375,228812700000,443339500000,143582564368.98,30807653000000,131260140000000,6116177300000,4322672301.9628,913653427436.95,620556108523.03,453607251566.06,543973104366.403,16722799796.4586,261261792132.71,3887191590.6277,45208396962.155,480367716450.4,2326080257536.9,556311000000,57024332537.652,34216900000,10978809009.373,7006666538901.5,1319954094900000,22317693900000,42088677103.778,416974371423.29,211530800000,415456088913.91,184208000000,4609869624.77808,133631625000000,1983500000000,,325066900000000,,6846542327.2357,9743196831.5021,4778828107.0416,,,4823480000000,95102695046.505,1479315905.482,,,151752473628.16,627313217024.57,45549000000,2226321962387.21,294317720866.95,43650424562.837,121008774159.09,,,63863900000,755579876995.01,13720463132.866,8384801133,825559071391.71,1750092832288.73,260437634855.75,,,4034183500000,866709000000
2005-07-01,249943308136.69,132506200000,420512000000,68762807603.268,84537352192.727,8096242879.9235,5571887043.3239,225952900000,438979800000,142177218770.87,30441643500000,128717054400000,6028644600000,4284057089.156,898650218380.65,618345687392.9,451138375563.87,527409059817.954,16542746680.159,258708351726.74,3799950885.4514,45073459861.122,477091720630.65,2309622121129.3,550552000000,56681446801.208,33751400000,10860568555.988,6930090359803.5,1301458227900000,21777835500000,40039673253.301,410835689776.64,207645300000,413569926475.27,184613000000,4503114401.67284,133257500000000,1905800000000,,321379300000000,,6687194752.7475,9238472979.671,4611817714.2565,,,4735760700000,89101186163.94,1477522672.3818,,,150733198197.19,626280193153.79,45557000000,2206919226110.83,289002253370.65,43585495534.255,117426674363.22,,,61871100000,740269682321.65,13515105798.981,8247939379,824169048342.92,1727030441744.46,252919000826.17,,,4011896800000,860946200000
2005-04-01,248108209547.36,131648000000,416015000000,68633789334.298,84174072923.602,7992337250.3783,5459242605.2684,227241700000,433723500000,140785039306.28,29719078100000,128470147000000,5925817300000,4221477158.8535,883652718618.36,613408915223.13,451762842202.88,520758194522.455,16512398673.537,256254028231.17,3711376211.3826,44429157544.266,473368234472.83,2293186011746.7,545530000000,55826999819.372,33460000000,10751344714.709,6881098130960.6,1287273733300000,21448464600000,41305965773.124,410648424482.59,205244000000,411343442646.9,183031000000,4445009497.4496,132067375000000,1861000000000,,316930100000000,,6503376252.6906,8951812340.864,4424183029.1891,,,4688725900000,88136509467.852,1465342449.7032,,,148924450697.8,622503594271.66,45447000000,2175670550552.61,283740629342.52,43751309600.656,116413619578.04,,,60391400000,721166001044.35,13294007000.671,8165694353,812661241333.26,1703634685000.81,244970676229.43,,,3980695500000,849364100000
2005-01-01,240708395193.16,128821500000,414089000000,68085561373.963,83685979827.375,7882648254.2511,5325688325.6601,224878400000,430611300000,139121265550.1,29233578000000,126405658500000,5870858200000,4195474955.255,873593758178.5,609945836239.7,442341729004.73,502725749732.977,16290604884.2536,253999826497.55,3570190822.3258,44987672035.299,472380629315.92,2279225640550.1,541028000000,55498893104.858,32457800000,10344892722.51,6742981422064.3,1272698656900000,20852072200000,40284008831.361,386200209382.95,203331300000,408009270451.82,183167000000,4327356476.09947,130809850000000,1840400000000,,311097100000000,,6440578349.6086,8975380397.4363,4280527278.102,,,4687117200000,85620280807.587,1411971197.6236,,,147571070009.08,620128775947.68,44325000000,2163759084378.22,282722391400.2,43632098823.673,115239999479.7,,,58907900000,696198069754.79,13019579188.01,8048804623,804974782045.46,1667251175520.83,242917802925.61,,,3961181800000,834390500000
2004-10-01,241955294727.64,125192500000,410710000000,67925390817.045,83266551248.497,7719423699.5454,5478149581.8927,222904500000,429108500000,137914768751.1,29200542300000,,5843439400000,4135126557.3509,857421775076.11,608748511375.53,444210265701.56,497544810539.366,16061315582.0388,251750344616.81,3508469110.557,44548903051.144,471002492037.03,2272700141814,536886000000,55962496411.602,32136900000,10491188573.151,6680610536429.3,1262459879800000,20451659900000,39641157519.95,394084844031.39,200931600000,408628779780.61,180151000000,4251439327.03426,130004900000000,1787400000000,,308211900000000,,6282842587.6328,9009653460.7422,4187609028.9711,,,4676779000000,92562582371.46,1452128057.0541,,,147202197452.94,606961510191.27,44232000000,2130405782020.43,280839381999.69,43236223410.656,116919016711.39,,,58475200000,722805078383.18,12880651695.959,7978045024,802287820949.64,1687375669552.95,235644083462.6,,,3917720000000,825993500000
2004-07-01,235490128082.19,123449300000,407624000000,67693879310.5,82973712303.204,7614714229.9897,5368285417.9681,221223300000,426033800000,137443933436.37,28734395400000,,5767770100000,4082054895.5285,843978834512.6,609116900772.29,439372289333.58,474009887131.021,15805215993.1434,249976623905.97,3436499965.1921,43876898415.533,466843284510.06,2262666408703.5,534447000000,55891861125.393,31399700000,10298170921.59,6655302286827.9,1227905795300000,20025531200000,38016306615.875,386172363242.57,198567400000,407719597415.12,181531000000,4175100642.54203,130502550000000,1737000000000,,305706200000000,,6136772532.3957,9083641646.9011,4069658556.6826,,,4627531100000,84664989893.573,1418835468.4511,,,146857916400.55,602626093383.93,44189000000,2104290256854.26,278157792487.18,43446861360.357,114865849419.75,,,57157000000,686935611605.32,12690038292.45,7922936908,798456747929.1,1648704930162.71,231644647377.17,,,3878154800000,817265700000
2004-04-01,232709223504.16,117588500000,404944000000,66922885274.978,82225759524.943,7458379802.9409,5238839680.4316,218442600000,421055500000,137421432982.59,28001274000000,,5741240000000,4023064821.693,830743875373.89,611106252669.55,438505021326.56,479112786406.353,15553202997.167,247885729081.86,3360682565.143,43384512040.239,465177301609.16,2258538582331.8,532543000000,55118362912.331,31609900000,10214676104.131,6577541439982.1,1213143896800000,19564791200000,39252287477.798,365230673370.22,195783100000,407317076293.58,183935000000,4042805112.51905,129783350000000,1713500000000,,304926100000000,,6090048646.659,9007704961.7095,4013165456.371,,,4629891700000,82314408665.395,1378208370.4566,,,146659488404.84,607781109814.92,44106000000,2069048364356.19,278425329844.57,43424637221.088,110049369528.61,,,56744000000,675142896097.61,12398763736.861,7843837455,791915095230.2,1630311253029.46,228993075250.67,,,3841712500000,804117400000
2004-01-01,230112857203.73,118884900000,401910000000,66245861634.186,81454890386.827,7314304370.8128,5118004420.2109,212575000000,416125000000,136438730520.01,27473126500000,,5668339800000,3995316201.4348,820955698592.99,607495946746.75,435295251261.3,463644729444.836,15264719254.4433,245281314264.83,3384111303.5049,43033318128.277,463102998373.67,2244199789007.8,529996000000,55038946081.221,31100500000,10186815255.407,6506622061519.3,1198807260600000,,37850925243.444,372467885254.83,193320800000,406079745914.44,182892000000,3966004917.90466,129877225000000,1681500000000,,302404300000000,,5966193981.4835,8917947931.9737,3967642773.9606,,,4568310100000,81573800598.264,1424072446.4494,,,145992125872.24,606863638125.28,44088000000,2056049598122.25,275904682742.34,43156940791.895,107289139454.33,,,55875500000,665305181215.37,12318558766.849,7787829140,786220238181.72,1605528372567.55,222039176508.61,,,3812170000000,793035100000
2003-10-01,225437302268.21,,398899000000,66109489263.892,80268313407.227,7226473914.5386,5107438993.4949,209681300000,413121000000,135644403531.15,26906406200000,,5607032400000,3933415433.1667,812572008139.62,608453625274.02,433434590011.03,473289152997.287,14955051102.7786,243854974725.68,3307300650.5095,42497144216.886,458364865382.21,2232495959787.1,528320000000,53943386830.244,30479200000,10028356699.86,6400932286170.2,1184885007800000,,38095851563.769,360514929496.96,190691000000,404648974369.38,182835000000,3908591390.08554,128776175000000,1602100000000,,298161400000000,,5923400652.0852,8840427058.8137,3844854860.145,,,4509757100000,82489130362.776,1425116204.626,,,144648072995.29,583479791544.11,42944000000,2016147102409.39,269739563638.51,42734282529.764,101330344220.87,,,54270400000,650023131496.56,12140228230.859,7676663252,772918808227.55,1535600000000,216930172233.66,,,3790690000000,781209300000
2003-07-01,226228416279.94,,392261000000,65916100511.307,79714600033.337,7082306648.7555,4998582144.4453,207523200000,410300500000,134182964870.07,26761193900000,,5549659700000,3885388975.0276,804770665675.71,607643148261.25,425238909894.38,458313626458.279,14662288145.4265,241827325930.11,3223427526.6792,42405994651.949,456661149909.14,2217719903562.8,524213000000,52942959619.22,29766900000,9929656396.9714,6337844842704.1,1173320795600000,,35401083456.062,349049281195.73,189423700000,400714397048.86,178994000000,3817380638.87064,127486925000000,1601500000000,,290747700000000,,5820958070.4626,8679191154.9262,3793561795.4979,,,4469365000000,81196361271.023,1421384611.6946,,,143750059117.25,583342139219.03,42432000000,1977786636962.86,267708127704.09,42614544362.533,102806531293.73,,,52758600000,648155552821.66,11937364283.166,7620645636,768479209374.55,1524200000000,211409071338.44,,,3747195500000,776728100000
2003-04-01,222055521663.09,,385753000000,65422557501.628,79359692423.347,6999884022.9182,4928472680.0087,205590700000,408772300000,132989494325.8,26585932800000,,5476500200000,3808740688.3005,798411327757.15,602338130768.98,423979179301.31,466648525697.777,14458730215.7463,240039445660.64,3191397072.9684,41905565667.984,451639214071.26,2204471884650.4,518802000000,52567964122.272,29530200000,9864740696.5449,6263449583237.6,1161156638700000,,36109737448.266,344263225818.01,188115800000,401630865668.64,178874000000,3761152575.84106,127118175000000,1573100000000,,286171600000000,,5680232382.8679,8619536305.0247,3688398602.2921,,,4466757100000,81287282463.177,1411932375.6805,,,143728859545.06,577382677548.82,41812000000,1932255109596,264256937793.33,42256342621.625,102546708668.79,,,49921500000,645801410820.55,11901740375.879,7542147965,761972289885.27,1502800000000,204515602065.7,,,3685891800000,772535700000
2003-01-01,219571683635.72,,384182000000,64982147077.574,79202491268.481,6931942201.1915,4901289526.8832,207337300000,409366000000,133099798702.4,26307422300000,,5411682300000,3831056012.2843,791057757066.66,601380299692.49,427257055025.94,467812582341.17,14599440579.9626,239122850232.11,3118740544.6542,41300582771.297,453609842572.73,2203068434424.2,514031000000,51637730569.027,29064200000,9716086987.0068,6197861901057.3,1148138310800000,,35295856953.688,356615773690.33,189035700000,402564572499.8,178287000000,3694635395.20277,126078025000000,1536700000000,,285982500000000,,5598837563.1484,8405269230.6783,3609717230.6941,,,4462153900000,81240841598.013,1388434927.9164,,,144451340965.35,579412102194.72,41625000000,1919876824415.03,260077055080.26,42614709011.196,100027395064.82,,,50602000000,633059833807.41,11737008087.592,7469070862,763429000696.53,1487800000000,204633488842.74,,,3653535300000,768781200000
2002-10-01,217824557399.23,,383279000000,64665038131.048,79428272378.482,6834689036.8826,4882098274.435,208258000000,407101000000,133920997687.82,25938818000000,,5344518000000,3843571998.3448,781868240543.84,609798431326.25,426002975823.97,473627103953.676,14350447913.7343,236840329381.23,3050209102.7303,41609776393.533,452344903010.36,2209276373396.1,509728000000,50674610251.087,28663300000,9583756558.1782,6156734690060.3,1133346850700000,,35813147641.558,352713833269.66,186261200000,404150132520.3,175119000000,3742746743.29365,126222900000000,1516000000000,,287527500000000,,5337836681.1741,8404525827.4329,3588841612.4326,,,4462731800000,80197754624.004,1356903912.5048,,,144120627639.16,577180619089.98,41405000000,1901927896678.7,258985653860.61,42543781454.516,100043081693.11,,,49966300000,627184790217.63,11568769615.266,7463888783,753641876891.2,,202686429927.52,,,3634395000000,763932000000
2002-07-01,211819222674.21,,380108000000,64992218149.506,79133742188.919,6766412991.3283,4822490775.1116,206155300000,404877300000,134878401774.36,25567252900000,,5320547600000,3751205961.6813,777582191965.92,611272090612.77,426946611417.99,467127650591.711,14390149374.6264,235005250583,3027614229.3627,41126326250.095,451972518458.79,2204431649469.2,506386000000,50242609082.461,29002800000,9458044618.6796,6083913882339.6,1121225595600000,,34834636002.922,345258029183.07,186318600000,401757841978.28,174365000000,3690151818.82217,125928800000000,1471100000000,,284837500000000,,5261953788.0885,8435604430.4773,3463426836.369,,,4453309200000,80129916117.057,1367515399.1838,,,143969686685.16,572413302326.88,40707000000,1869093946255.37,257586563680.17,42859631614.7,99031328418.58,,,50040600000,626501620223.64,11511887727.613,7361001435,752942350049.56,,198844331620.19,,,3629908300000,757628600000
2002-04-01,210250438539.49,,379233000000,64997242510.429,78683363839.906,6666997332.1102,4778149020.2437,203316900000,401406300000,134690247703.29,25291740600000,,5280099500000,3775170679.177,774256120395.84,607366957913.16,425095418059.44,482882999660.73,14275847607.4118,233695963395.17,2967199885.978,41214794945.475,450118142215.4,2195941516486.4,503433000000,49883743225.892,28485900000,9271744774.6881,6029288395623.9,1107016689400000,,34872198199.665,345850455819.64,186190300000,401291521703.25,172341000000,3620007553.13545,125542550000000,1405400000000,,279643700000000,,5180467095.2769,8451610641.4063,3426512263.2741,,,4412823000000,79238985795.603,1364472464.9187,,,143854361012.44,578773092318.66,39864000000,1855318334024.17,255237106887.01,43087175208.849,100227622202.36,,,50000000000,610484690082.02,11265601867.925,7294281264,754464359294.89,,196380556674.9,,,3615212000000,749149500000
2002-01-01,209209064425.26,,372745000000,64830935039.471,78027245625.487,6565024541.1161,4708089746.8973,202862700000,399048500000,134047392858.57,25087662900000,,5189307100000,3693380165.6189,770702492678.62,604861726956.13,424355590397.87,467950419240.924,14014020770.764,231753271951.37,2866073930.5058,40843941323.429,448022097831.18,2185299491574.5,500794000000,48717736021.514,27519900000,9141425359.3509,5997562604963.7,1092967373400000,,34831708753.417,335161714834.99,186182700000,400015538633.64,171738000000,3547813884.74874,124648150000000,1383700000000,,274419900000000,,5049390451.5195,8361736232.2107,3284738733.6853,,,4364699100000,79955960510.359,1358729844.2761,,,143614381855.23,570050481223.9,39486000000,1838485705474.87,253574343311.01,43328098221.924,98105200844.331,,,48589800000,600327975981.76,11159980879.575,7271401128,745606696178.86,,191660407024.2,,,3593196300000,739763000000
2001-10-01,207094284757.68,,369855000000,64117728105.605,77378653448.069,6463222900.6383,4610125599.3732,197945800000,393297800000,133934546665.37,24879314900000,,5161589300000,3691536725.8115,770364828718.34,607716982079.8,427371564358.73,466990065489.188,13720257630.6622,230662985937,2843684547.8583,40560662773.577,445447298977.65,2180626103449.6,499278000000,48274105951.226,27820100000,8949654483.0261,5862610065722.6,1079803504200000,,33558259383.9,355142016710.75,184761400000,399425174322.04,170288000000,3480760760.8223,124332625000000,1357300000000,,266982900000000,,5021487426.7617,8348864487.5971,3276045811.5779,,,4392147400000,79889319427.527,1326124417.6284,,,143870472687.3,571464890435.74,39032000000,1816874281307.88,251855048293.41,43228932562.066,96812800774.556,,,47181200000,594296292576.19,11117975807.122,7184286131,739691630581.42,,180731903189.91,,,3563393500000,731815400000
2001-07-01,206527247864.91,,365512000000,63968345855.011,77456873495.541,6378667131.622,4568788637.7047,198520000000,390953000000,133985320916.94,24724883200000,,5136221200000,3679602878.6376,766572226265.95,609485281694.1,425218781566.32,450042328285.427,13642427079.5712,229204551398.28,2801760712.6015,40693812628.239,447438141357.07,2181248331985.9,497938000000,47947678323.646,27219600000,8895747668.1472,5818952326701.3,1064723806500000,,32508277943.757,336954310121.92,185615100000,400019004047.26,172669000000,3434867106.52374,124604675000000,1344400000000,,262985600000000,,4912023967.5371,8114073397.3357,3170981436.9461,,,4430456200000,78129686062.989,1337473653.6637,,,143757690963.24,567808263763.54,38616000000,1823239674220.99,252138545493.15,42630143965.768,94454394986.552,,,46878800000,579228450537.55,10879615449.743,7145366836,736718467838.38,,183782198946.36,,,3553629000000,726228400000
2001-04-01,203202373988.18,,361444000000,63713764777.348,77575260594.418,6295694794.4829,4552703215.068,199560300000,391228000000,134073961604.9,24783147200000,,5072108000000,3602469476.1717,762795120468.73,609706333977.06,422401253112.98,451971062774.287,13593945922.1362,227022091428.38,2745405492.0822,40417683063.873,444828125436.18,2177584480345.8,495602000000,47099796501.982,27295000000,8836409543.453,5768343661308.3,1064503041700000,,33389980084.521,344912040888.85,187653400000,401741847761.53,173596000000,3416771747.24638,126089150000000,1311600000000,,259678300000000,,4805286109.4165,8021738366.8717,3242208620.0561,,,4439399900000,79276123061.657,1314120481.3562,,,143482944507.64,562693027591.64,38619000000,1793391372277.5,250890821817.58,42544730756.961,91877883414.79,,,47929500000,569228564511.94,10845490986.078,7106836246,730385909061.36,,182091978256.31,,,3567923500000,724303500000
2001-01-01,198398378593.77,,358221000000,63895488096.233,77570778797.103,6235155250.5549,4543211876.8521,200506800000,390001500000,133462088973.05,24545366800000,,5061532900000,3549203768.0538,761105985053.91,610958940980.62,419672350495.94,441362578282.924,13395318603.4413,225271026011.35,2742363641.4902,40388193498.746,444663449710.48,2175982334583.6,493575000000,47210061802.054,27224300000,8743941063.8205,5722816448161.5,1053724548700000,,32738725357.11,334537265136.98,189230800000,402065641793.96,172360000000,3366340385.40758,127053275000000,1247400000000,,255820800000000,,4811562318.798,8116249699.4681,3105469391.0432,,,4474351300000,77586064537.805,1324874378.1876,,,142989418467.02,563432435264.43,37355000000,1775078565876.66,251644882369.33,42100420338.155,92820793626.294,,,49193900000,570838003213.45,10738067971.769,7048940575,733198604375.99,,195679945563.03,,,3545780000000,720702200000
2000-10-01,193494534987.23,,354859000000,64086816276.252,77540420962.463,6185950705.2052,4495236843.4857,199808300000,387818500000,133578219989.14,24375535900000,,4989881000000,3508065953.4054,751885475220.73,598359232050.47,426320158695.68,448959620742.711,13463834910.8176,223006440601.4,2705357458.7156,40191596397.903,442486370135.55,2152687075429.2,489506000000,46473415862.826,26963400000,8655038605.4018,5682745230712,1061287238500000,,32315295462.077,333231977306.7,190977100000,398693261192.2,170453000000,3331296433.64221,126314250000000,1190500000000,,253273000000000,,4686605532.0065,8027165645.3018,3036529040.915,,,4444523700000,75538686672.861,1368418566.2387,,,142295768464.9,554962397243.21,37687000000,1759253152155.81,252686052085.14,42251812210.768,89046001754.507,,,49548700000,504926212069.78,10673766082.861,7006240565,733858535358.67,,201682108903.57,,,3557441300000,716300400000
2000-07-01,188192297922.19,,356306000000,63651255175.277,76789677631.156,6130693120.2564,4455306178.2793,197382500000,387053000000,131936451279.67,24092776800000,,4948392900000,3474495944.2819,750047898161.53,600864344358.11,419484291667.33,432380139260.255,13330523829.8777,220644626222.2,2646654295.2066,39738529442.777,439862518938.2,2142055014724,486617000000,45869785238.607,26914900000,8602750444.5579,5578259670798.2,1031621787400000,,31479378707.602,338886832264.25,190532100000,394898100127.68,169768000000,3296481769.42935,125018550000000,1170800000000,,254117200000000,,4601832501.7239,7932516935.2636,3060463366.3735,,,4495169600000,84366538870.059,1323262283.8379,,,140820278240.36,554800750476.14,37510000000,1765785691533.46,247977310595.89,42014279931.088,87638315241.873,,,49242200000,550923091905.27,10623467381.222,6961120710,732807508435.72,,198639507346.61,,,3536328000000,710256400000
2000-04-01,184079086321.28,,355338000000,62777017048.248,76406610804.076,6080850458.4505,4448069693.5812,195079900000,383125800000,130915169201.93,23723660400000,,4906522100000,3552211485.6342,740458731057.71,600717032669.18,418776604559.28,445023613509.909,12842902525.8864,218416855664.68,2614328869.8203,39129972053.348,436404059180.16,2128420415864.2,483672000000,45130892766.295,26364000000,8517600280.5425,5528361961409.3,1007085097400000,,31302112401.802,325428792618.87,184648000000,391450635563.95,169648000000,3239460347.36768,125075200000000,1155600000000,,247325900000000,,4552814110.3065,7812296023.0617,2964150271.2745,,,4446526200000,83052004587.544,1354746614.7859,,,139650061855.38,550846087577.17,37353000000,1736763522985.62,247111279150.14,41355610674.316,92772363730.215,,,47666100000,559172556021.59,10569779218.699,6887562500,725305135158.88,,195170271888.53,,,3532727000000,703291100000
2000-01-01,181980008700.84,,351872000000,62065269715.666,75873276923.636,6026228016.3392,4446397585.7364,192355900000,378669000000,130526729321.87,23671182800000,,4898950400000,3435686685.1796,732079118671.49,595706731779.29,414134549046.98,440375341265.455,12520778687.4893,215690668643.45,2551358726.6429,38829714662.968,431470076171.23,2108479756616.7,480212000000,44502839331.509,26411900000,8600512627.6182,5476752917215.3,1012908548900000,,30193548781.967,323266539818.4,178140400000,388947007502,170332000000,3180761449.56076,124314375000000,1118100000000,,243573100000000,,4491412619.957,7856632418.7209,2976167232.3402,,,4389471000000,83302362842.133,1294506189.2721,,,138216970775.23,556816915035.69,37571000000,1734316504578.56,244144176457.8,41631667310.861,87863613584.455,,,46764000000,552174522854.9,10475549512.528,6816690028,704138717219.47,,189971906755.87,,,3469536800000,696879900000
1999-10-01,177078976684.21,,350488000000,62055254346.465,75356009863.757,5548121151.4985,,190342000000,372831500000,129855218703.76,23449635200000,,4852043400000,3386107856.6764,722280338916,586588416212.94,411295106579.87,441005939947.103,,212336741189.7,2457379632.2977,37701068579.489,427436464205.92,2082214749699,473892000000,44394395598.756,,8347602110.8215,5431359832272.1,,,29917416823.317,323299955186.86,176104900000,384294467562.92,170494000000,3186816841.89467,122021725000000,1109600000000,,238809500000000,,4398862850.8614,7497597343.9578,2940166147.4796,,,4301798400000,,,,,136898357384.91,545142987576.6,36740000000,,242559112114.32,40702555765.429,85343409473.198,,,45276700000,525585853834.71,10374513948.478,6722128177,703725392025.05,,185770866360.35,,,3456995000000,688828600000
1999-07-01,175600514953.21,,344645000000,61494838087.525,74477323903.45,5868071615.4107,,187678600000,367680500000,126875399676.14,22847809500000,,4782517200000,3313243472.7118,714511620989.32,583788451703.62,404115205191.37,414028589717.941,,210005133868.91,2394385398.0938,37393662203.625,421467350967.05,2060016693752.8,466387000000,43681952606.467,,8333019400.1987,5369100719177.5,,,28763787292.639,311714568482,172642500000,378513269061.83,168668000000,3190590674.60828,122094700000000,1039500000000,,232582600000000,,4402246140.9137,7549126926.8088,2875562143.118,,,4259167800000,,,,,135274470155.02,538256582726.48,36384000000,,238897504281.98,40462290489.459,86498602920.841,,,44901500000,512826131277.19,10431231525.841,6628401530,694976096523.03,,182812852030.97,,,3401192800000,681334000000
1999-04-01,172029940182.8,,340901000000,60557256333.488,73384103607.536,5922963318.0555,,187693600000,362006300000,125982674076.69,22375787100000,,4739060800000,3253574236.842,707343194547.58,576272792732.35,402409976430.94,420180977841.822,,207186437731.31,2371373305.4312,37198852349.153,415349104228.63,2033920578838.7,458710000000,43393131844.796,,8431907663.5018,5269338240093,,,28140129383.372,307935847232.51,172055900000,374579224881.87,167916000000,3134726872.67149,121420700000000,1022000000000,,226088500000000,,4481790415.1447,7341713073.9596,2754912445.3739,,,4219371600000,,,,,133464026689.86,530196344517.09,35879000000,,234247226215.25,40074986239.893,87816211196.779,,,44059200000,449832300366.72,10506130979.466,6775165739,684422758113.6,,182385816799.92,,,3356687000000,673974900000
1999-01-01,168802514773.17,,339582000000,59992085699.387,72405211424.251,6082698160.8157,,186703500000,359045000000,125329912247.88,22314903800000,,4646508400000,3231258912.8582,705390615994.67,576567543234.55,400624305928.83,412992409065.161,,204838782910.74,2350281898.5354,37007616987.423,412673146145.89,2023697545331.3,457044000000,43098895869.071,,8277208518.1918,5211715253509.9,,,27732906995.861,316105208666.32,166600100000,373064128271.83,167884000000,3009885610.82556,120810625000000,1050200000000,,216688000000000,,4456531521.9173,7191435194.7523,2798946624.3838,,,4189446300000,,,,,132122517761.57,530017649067.56,35497000000,,229520928899.41,39865474246.932,89078813522.855,,,42973100000,555011294434.42,10699124637.492,6488933745,680402041768.56,,183904241996.31,,,3328899300000,668653100000
1998-10-01,163542267266.68,,337067000000,59480047065.379,71671465097.854,6231621846.2471,,186359600000,352677300000,124621482153.69,22310621500000,,4663411600000,3188083612.1068,704376808500.4,569954509474.98,397348174736.84,405750125359.509,,202840397203,2367472208.2276,36415144815.336,409853175412.7,2003208595996.2,453937000000,42750752412.058,,8530234584.82,5211142666856.7,,,26028634870.783,315709793472.94,166486400000,371334709157.35,167221000000,3141859031.75247,122599925000000,970609313752.497,,210160900000000,,4527130860.0928,6974362316.5779,2681142434.7087,,,4152191700000,,,,,129665911336,523510735260.44,35241000000,,227563412234.85,39373078700.745,91569836395.456,,,42225700000,573766107993.08,11088059662.175,6409337509,677505292086.66,,184278409175.33,,,3297917500000,662288100000
1998-07-01,157873307214.75,,331945000000,58923850360.94,71512572698.719,6324369005.8268,,188521600000,347962500000,125444177310.69,23056914000000,,4552525800000,3174403348.2733,704035882086.4,570249276927.1,394752620615.76,376800366653.324,,200747614437.74,2413505499.3873,36088972352.572,407062582182.12,1997162039482.4,451005000000,42570700661.08,,8506711847.5514,5209850492838.5,,,26307234215.407,309543265685.91,165760600000,372559066449.57,167008000000,2978546173.67031,121551125000000,1006482494351.62,,205049800000000,,4530552409.3412,6893669589.5709,2797871291.556,,,4144761500000,,,,,128644091956.36,521532456661.93,34372000000,,226839927381.09,39043633020.266,89772244694.018,,,41485700000,565713445821.41,10306476020.699,6351547508,667237460660.27,,189789166016.78,,,3245688000000,661651000000
1998-04-01,152547668104.71,,325884000000,58820557778.281,71276221312.033,6280580895.5808,,188575800000,344820500000,125624325955.27,23212833200000,,4518914000000,3115025181.8467,704840076929,567891332234.13,388291697487.29,407091656629.284,,198853065493.27,2414160402.4706,35606415832.32,404967975229.22,1987531714367.8,450292000000,42509628327.669,,8359761049.8266,5161880508071.4,,,25975970126.323,307362216740.69,164207800000,372203106270.12,167456000000,2997044996.65911,121392500000000,1104121554848.57,,201114300000000,,4486475658.298,6806603592.6356,2803630780.4066,,,4124030500000,,,,,127529842441.97,528598188394.25,34208000000,,224726004261.44,38588043310.528,85087148877.394,,,41830600000,569889746694.71,10403858149.959,6300125537,660078251494.42,,190282189005.41,,,3205334800000,663103500000
1998-01-01,145857955379.93,,322488000000,58313665268.678,71047565086.773,6718785722.2207,,185401000000,344638000000,124188955171.12,22825628900000,,4517457700000,3078835547.7338,702466641845.88,570028241594.05,391411879986.71,403660530535.1,,196693260817.17,2427409750.0463,34912070617.068,402088710454.04,1979303557412,447712000000,42397027842.048,,8242604436.3437,5083286078866.3,,,25314640597.109,279204199589,164998200000,370126612652.16,166720000000,3011989797.91812,122067850000000,1135874165355.65,,202695900000000,,4390289297.1723,6669919993.8278,2803435477.5558,,,4096002400000,,,,,126618260837.72,524184473934.11,34249000000,,224705508463.89,38043472146.748,83626305930.025,,,42144300000,569809007697.43,10412374451.013,6266813258,653317084910.76,,193536170246.25,,,3175935500000,662167000000
1997-10-01,146182904182.17,,320517000000,57525074822.117,70874127986.919,6039233117.9372,,189140600000,339839500000,123231065466.54,22643725800000,,4411488700000,3021591890.5579,703031861953.31,564686019043.99,385522216146.57,383049614379.976,,195050752016.29,2409801432.3647,35193561920.549,398271342063.07,1965088855889,444540000000,41861229233.384,,8289279279.533,5042341869371.8,,,24581171853.845,288382983611.57,161959600000,371871048559.03,167365000000,2943766758.63728,124028750000000,1063214269202.31,,217284700000000,,4319835094.2699,6594303276.3489,2643061491.2022,,,4033005600000,,,,,124870568106.24,516606018862.5,34315000000,,220420626787.95,37475223304.725,87040990356.707,,,43258700000,566334049882.28,10230715509.329,6228481608,651572088459.7,,191138923611.68,,,3144373800000,660432000000
1997-07-01,141613702339.99,,316000000000,56982305321.823,70484042496.119,6251336644.823,,187563600000,336586800000,122675092251.66,22171770700000,,4282739600000,2979580867.5797,703612578715.91,560559893386.11,384390174606.67,356431226508.857,,192349108230.02,2334770360.5523,34177512358.462,394374106394.33,1944357734184.7,438100000000,41518687340.802,,8352797133.3505,5001316071448.8,,,23765619973.464,283162528443.94,159131300000,366420663774.4,168812000000,2968263621.76697,124043925000000,1110960049478.47,,218621300000000,,4238019654.3472,6494827227.3419,2658337909.0086,,,3922377300000,,,,,123462068529.83,511233158155.58,34891000000,,216717691363.81,37256313474.819,89094705652.828,,,43615300000,560959590142.11,10296405505.926,6196102692,639261249643.74,,186511367966.52,,,3117752500000,660340800000
1997-04-01,139760067910.36,,315516000000,56555583304.692,69849233959.499,6117630249.3946,,185208400000,332643300000,120903569732.61,21681978400000,,4237464200000,2921755071.5172,708496471938.48,558717895552.57,386079737464.06,382774756010.888,,190237446053.25,2272784436.1864,33388443085.531,390491245038.8,1929995801495.2,434199000000,40916546259.463,,8247028382.0074,4958823816859.3,,,23794122214.982,281010717946.12,158968700000,364885307823.15,170443000000,2921069654.93806,123851475000000,1051273068127.85,,216503800000000,,4097594056.638,6329504779.2985,2614699004.2943,,,3843274800000,,,,,121647385150.22,511642957967.4,34232000000,,215809912330.43,36767935527.508,88545947664.861,,,42937100000,522648365989.39,10133808353.528,6146462544,636067878351.74,,184996720687.14,,,3079305300000,659684900000
1997-01-01,137776370060.22,,306359000000,56668215978.952,68807089240.528,6183534509.1617,,184316800000,328941500000,119800075917.86,21239925800000,,4118038400000,2910500386.3776,711361721920.25,552307709870.01,380078592620.85,370917077251.76,,188536411076.71,2182060785.1949,32865673521.924,386435173209.1,1906907830745.1,429418000000,40312359024.001,,7983694576.9456,4907017046953.5,,,23092220278.136,279873899265.13,158845900000,359073453739.96,169972000000,2910196689.41395,124728950000000,1048515222111.08,,209163500000000,,4001740769.6236,6215726695.2233,2475235650.6576,,,3753310700000,,,,,120136279644.4,502675982423.99,33389000000,,213110430994.65,36436068997.162,92626663038.615,,,41566800000,513637196299.93,9994325977.5499,6029325027,625214445011.23,,179281535638.14,,,3028868000000,655571800000
1996-10-01,160901824772.45,,304194000000,55932860747.754,68155114574.57,6868472764.624,,182353400000,324592300000,119187481394.22,20768946800000,,4115563800000,2902156395.6706,714532826938.51,555199534429.75,374962149480.77,350371500099.904,,186674901102.38,2106040188.8093,32487670914.393,384792548567.16,1901355167798.1,422639000000,40035121963.909,,7885072773.6602,4864356352714.5,,,21631184492.786,274471748031.52,157005600000,358047780162.48,168838000000,2888258958.68257,123911150000000,1064130101561.2,,208158900000000,,3922799844.3726,6242744838.4362,2493811986.3531,,,3740363100000,,,,,119152619494.71,487185675823.69,33594000000,,200616646402.42,35842205282.475,91262953885.646,,,40335000000,507654514354.25,9910153318.096,5973994533,623998088010.51,,176849631523.95,,,3009443800000,652542500000
1996-07-01,161127851446.53,,301413000000,55955793212.628,67617637145.669,7019869974.8531,,184105600000,322040800000,118820108491.38,20475481900000,,4057358100000,2867228062.4785,713380365161.04,550041726926.93,374872228217.16,327653520598.637,,185750753909.24,2062904847.378,31855879322.137,383318103389.77,1890709978104.3,417019000000,39791476222.486,,7525333768.4177,4804433593322.7,,,21111555867.307,271161538093.91,154550800000,359221311388.14,170433000000,2865060730.01142,122597000000000,1038831224550.26,,204565900000000,,3897657771.0959,5973346805.5167,2394873585.2042,,,3625470500000,,,,,118438617903.29,493087677119.67,33431000000,,207703320403.56,35765545036.684,92626252035.254,,,39277000000,496362007209.48,9728625465.4953,5888219028,614977178809.3,,173727736856.17,,,2978515800000,646477500000
1996-04-01,160215629445.24,,298977000000,55603025170.586,67256641056.308,7374219473.4817,,177549000000,319358500000,118981187507.01,20273373700000,,3991998700000,2866839969.8875,710754905527.87,548125988499.36,374204696671.81,340775932871.685,,184239457018.31,2000215981.2748,31690559032.791,381844107409.66,1882080457974.7,413325000000,39483484759.176,,7766033756.686,4813323975139.9,,,21723103560.138,271220014988.71,152462400000,358590694964.38,172932000000,2821263639.56956,122375825000000,1040675704373.38,,200858600000000,,3763569290.5993,6083822614.1229,2311216270.4557,,,3572360700000,,,,,116740956162.18,481223056990.05,33028000000,,205525977910.34,35283292534.148,95567323588.536,,,39287400000,497525596789.29,9500171312.6002,5812580569,612510426262.44,,171715897842.32,,,2952035000000,638865500000
1996-01-01,159530227249.32,,297071000000,55207981602.538,66750620770.823,7461202836.4553,,175462500000,317101000000,119630974834.9,20073653600000,,3991087300000,2892745150.3383,705601859873.2,540462950039.5,364856282174.34,352345798339.779,,182974536447.52,1966559956.8717,31436770048.066,381109220646.86,1866965533838.8,412022000000,39513665455.218,,7837762904.669,4851752862129.9,,,21246773624.997,270548226852.05,149671100000,358075059187.71,175675000000,2754306671.73644,121068450000000,1066485850569.32,,197063400000000,,3787511470.0167,6018402259.0517,2310585232.1609,,,3533922500000,,,,,115084845582.57,481711785887.36,32584000000,,201303675616.27,34808490383.594,96060801624.401,,,39337500000,484905552005.54,9402009831.8048,5770654227,619723124571.09,,169459033371.69,,,2903604500000,631343900000
1995-10-01,,,292613000000,55216942041.354,67050224693.195,,,,316641500000,118692724912.39,,,3992216200000,,693714294121.88,544441840283.06,363828629888.7,334064162386.243,,181928617050.18,1947539015.9641,30896128020.746,378478272132.36,1864402590800.3,409132000000,39571560787.811,,7579612634.4904,4809715452077.9,,,20438696851.341,261281727487.29,147830500000,,,2765313011.90962,119948050000000,1055438071661.56,,193183400000000,,3757065127.6274,5964772888.0866,2320083486.7406,,,3454339100000,,,,,,470741274438.08,32414000000,,197224591907.55,34580352510.677,85686323277.687,,,38043300000,443152472564.08,9256652689.5853,,614755580931.95,,165227767244.24,,,2882016800000,619861000000
1995-07-01,,,292541000000,54764272518.308,66857000035.385,,,,315368800000,118916787314.03,,,3975187400000,,688883415772.3,544147123680.67,361463591152.74,313264256725.689,,180561747657.26,1926855937.6274,30872893817.919,378627854829.19,1860234804785,407795000000,39264492068.527,,7070903551.2269,4830266686214.3,,,19847689967.951,263139065050.59,146892700000,,,2755085305.76742,119648750000000,1042571705445.89,,189589100000000,,3668121333.2423,6009248400.1425,2309818026.5399,,,3377132900000,,,,,,466460160841.54,31989000000,,194941494458.92,34342592981.541,90528148376.107,,,37676200000,463188856897.29,9093062492.489,,604743385928.32,,163479271944.23,,,2862577500000,617783000000
1995-04-01,,,285994000000,54454589056.3,66345314081.597,,,,314952500000,118340183533.8,,,3975952100000,,680307240549.3,543262939973.7,360123867028.69,326915910022.317,,179765980462.35,1934075932.2277,31012299034.881,378037070556.31,1855823075075.8,403259000000,39044886749.394,,7278303233.1218,4832195490146.9,,,19963130017.891,260707400841.96,145145200000,,,2811828943.9744,118289625000000,1036379839380.35,,185683600000000,,3673861639.9023,6014497435.6892,2338089475.8639,,,3306184500000,,,,,,458471905958.11,32066000000,,189615443067.17,34184386197.878,91583673508.621,,,36239200000,494438433379.32,9053502321.2244,,606191760769.27,,159225051614.66,,,2838430300000,613711200000
1995-01-01,,,284634000000,53754856732.907,66008925596.359,,,,314818800000,117984285620.11,,,3997836900000,,667533918612.33,538620926781.09,361577934083.95,319764081491.989,,178588849155.05,1953534311.6848,30189272080.895,375574481185.26,1840554118264.6,402390000000,38624291581.729,,7296103369.8792,4843647421344.9,,,19629342758.454,255470934143.61,142161100000,,,2784052738.34856,117225950000000,1050652576321.39,,182209400000000,,3584578893.3878,5998094743.0293,2340692217.0427,,,3520394800000,,,,,,455539532574.29,31503000000,,186192560876.8,33794811168.841,93596973474.209,,,35181300000,470188846631.07,8915206032.0875,,603622197921.95,,156645133994.12,,,2829987800000,611952000000
1994-10-01,,,284892000000,,,,,,311952500000,,,,3862389600000,,,540757709016.67,,309572130209.198,,,,30459146282.962,373808057770.82,,400279000000,,,,,,,,,,,,2682549977.53307,116099600000000,1108016316321.22,,178271700000000,,,,,,,3688307700000,,,,,,453630080138.31,31160000000,,,,,,,35324400000,,,,595416129818.3,,,,,2819983000000,610426200000
1994-07-01,,,281720000000,,,,,,309702800000,,,,3875269300000,,,534936761614.88,,290720681665.478,,,,29703141067.9,370317255808.06,,398566000000,,,,,,,,,,,,2621262761.3034,116534625000000,1156335183528.16,,171330800000000,,,,,,,3649054600000,,,,,,440770953531.63,30734000000,,,,,,,34809200000,,,,581298469438.17,,,,,2788044000000,599289700000
1994-04-01,,,279611000000,,,,,,305782500000,,,,3846922100000,,,531989502366.53,,311767576190.585,,,,29038285417.775,367002359503.19,,394588000000,,,,,,,,,,,,2575727855.19511,115375050000000,1164136251049.97,,168612400000000,,,,,,,3629421500000,,,,,,445252231288.94,30768000000,,,,,,,33772900000,,,,579332569773.96,,,,,2771840300000,592625500000
1994-01-01,,,276336000000,,,,,,301382800000,,,,3737250200000,,,528821114560.62,,312167190277.812,,,,28776453824.379,363356314957.77,,391026000000,,,,,,,,,,,,2612319405.96843,116268250000000,1128448528006.81,,165850700000000,,,,,,,3548542900000,,,,,,437745128110.6,30495000000,,,,,,,33391200000,,,,572228239079.3,,,,,2734779000000,586899400000
1993-10-01,,,271805000000,,,,,,297003500000,,,,3743375100000,,,521287005609.67,,298136139042.716,,,,28598622810.434,360906752308.07,,387143000000,,,,,,,,,,,,2476268898.55628,,,,161068400000000,,,,,,,3512978200000,,,,,,435823047020.95,29569000000,,,,,,,32391300000,,,,564189585046,,,,,2708496800000,587176100000
1993-07-01,,,266905000000,,,,,,295738500000,,,,3696556000000,,,521876464239.3,,287430368852.565,,,,28386834115.434,359959664746.53,,384524000000,,,,,,,,,,,,2526947322.51721,,,,157958300000000,,,,,,,3491017500000,,,,,,424623325507.43,29031000000,,,,,,,31160600000,,,,562590468075.32,,,,,2672151500000,582207000000
1993-04-01,,,266583000000,,,,,,292937000000,,,,3622823800000,,,519002920160.11,,309473027815.351,,,,28216152086.975,359519271725.59,,381045000000,,,,,,,,,,,,2502066693.49378,,,,155120800000000,,,,,,,3450937200000,,,,,,418473802599.37,28258000000,,,,,,,30626700000,,,,559868079105.7,,,,,2659461800000,574835400000
1993-01-01,,,265081000000,,,,,,290292800000,,,,3589081100000,,,518781901776.98,,298237036946.47,,,,28275131217.228,359502202228.66,,379370000000,,,,,,,,,,,,2486727085.43273,,,,151302000000000,,,,,,,3451158500000,,,,,,413207022583.35,28037000000,,,,,,,29362800000,,,,555556993128.28,,,,,2644068800000,570937300000
1992-10-01,,,263251000000,,,,,,288461300000,,,,3489429000000,,,522926519789.32,,284553022538.883,,,,28234918173.873,361455042517.53,,377418000000,,,,,,,,,,,,2487285621.43533,,,,148222700000000,,,,,,,,,,,,,411948577244.43,27460000000,,,,,,,28725100000,,,,,,,,,2639662000000,
1992-07-01,,,257852000000,,,,,,286827000000,,,,3518870500000,,,524473826445.35,,260179762352.534,,,,28442238752.945,361386495011.42,,374537000000,,,,,,,,,,,,2420138042.16266,,,,145926100000000,,,,,,,,,,,,,414150383013.02,27103000000,,,,,,,27973800000,,,,,,,,,2612418300000,
1992-04-01,,,255366000000,,,,,,285281800000,,,,3375255100000,,,525800114718.24,,285662450831.944,,,,28686197882.628,361802541539.36,,372751000000,,,,,,,,,,,,2350887005.38441,,,,145750700000000,,,,,,,,,,,,,410172357104.74,27631000000,,,,,,,27242400000,,,,,,,,,2586857300000,
1992-01-01,,,253547000000,,,,,,284957000000,,,,3300361500000,,,528968477099.29,,281007671585.541,,,,29007902229.463,361396736709.58,,373317000000,,,,,,,,,,,,2316219328.73421,,,,144661600000000,,,,,,,,,,,,,408597563991.21,27387000000,,,,,,,26919100000,,,,,,,,,2559108800000,
1991-10-01,,,251541000000,,,,,,284756000000,,,,3243961900000,,,521968629388.14,,253803522165.851,,,,28918539910.898,358830292925.6,,373357000000,,,,,,,,,,,,,,,,142201000000000,,,,,,,,,,,,,398703013835.22,27270000000,,,,,,,26456100000,,,,,,,,,2528832300000,
1991-07-01,,,251377000000,,,,,,284256500000,,,,3115685900000,,,514379306097.45,,232663072236.627,,,,29258116721.445,357106992450.78,,372878000000,,,,,,,,,,,,,,,,138631000000000,,,,,,,,,,,,,396549828383.28,27280000000,,,,,,,26244200000,,,,,,,,,2520048800000,
1991-04-01,,,250219000000,,,,,,283880000000,,,,3100683300000,,,515263498279.38,,250576212482.828,,,,29872929473.174,355665158996.48,,373608000000,,,,,,,,,,,,,,,,135544500000000,,,,,,,,,,,,,397269030210.19,26872000000,,,,,,,25819200000,,,,,,,,,2507377500000,
1991-01-01,,,250758000000,,,,,,282524000000,,,,3068263700000,,,517695014067.25,,262083625922.004,,,,30240208602.477,354356557457.73,,374060000000,,,,,,,,,,,,,,,,133273100000000,,,,,,,,,,,,,395737805951.84,27136000000,,,,,,,25457600000,,,,,,,,,2487979000000,
1990-10-01,,,253941000000,,,,,,286647800000,,,,,,,,,,,,,30835361644.122,353426629232.58,,375916000000,,,,,,,,,,,,,,,,128569200000000,,,,,,,,,,,,,391066466956.69,28215000000,,,,,,,24863600000,,,,,,,,,2499676000000,
1990-07-01,,,252550000000,,,,,,289223000000,,,,,,,,,,,,,31008724542.139,353596425807.36,,377831000000,,,,,,,,,,,,,,,,126163700000000,,,,,,,,,,,,,383495589077.28,27751000000,,,,,,,24472500000,,,,,,,,,2522642300000,
1990-04-01,,,253863000000,,,,,,291310800000,,,,,,,,,,,,,31703963380.576,351313605190.88,,381997000000,,,,,,,,,,,,,,,,121845800000000,,,,,,,,,,,,,386304201655.06,27429000000,,,,,,,24200600000,,,,,,,,,2520963800000,
1990-01-01,,,253536000000,,,,,,292484300000,,,,,,,,,,,,,32132008886.504,349436230046.36,,379458000000,,,,,,,,,,,,,,,,119159600000000,,,,,,,,,,,,,383252487494,27540000000,,,,,,,23950000000,,,,,,,,,2511846500000,
1989-10-01,,,251640000000,,,,,,289698300000,,,,,,,,,,,,,,348698109063.08,,377508000000,,,,,,,,,,,,,,,,117924200000000,,,,,,,,,,,,,382260506747.66,27373000000,,,,,,,23001200000,,,,,,,,,2484691800000,
1989-07-01,,,252319000000,,,,,,290276000000,,,,,,,,,,,,,,344083685004.68,,377573000000,,,,,,,,,,,,,,,,113588100000000,,,,,,,,,,,,,380289805341.35,27107000000,,,,,,,22488500000,,,,,,,,,2479807000000,
1989-04-01,,,250181000000,,,,,,289231800000,,,,,,,,,,,,,,340249965832.43,,376951000000,,,,,,,,,,,,,,,,110439300000000,,,,,,,,,,,,,377575907666.15,27796000000,,,,,,,22231900000,,,,,,,,,2461573300000,
1989-01-01,,,244905000000,,,,,,288111000000,,,,,,,,,,,,,,336495844419.58,,374612000000,,,,,,,,,,,,,,,,108617400000000,,,,,,,,,,,,,374325292209.67,27720000000,,,,,,,21030400000,,,,,,,,,2442931300000,
1988-10-01,,,242638000000,,,,,,284820000000,,,,,,,,,,,,,,332174746190.09,,372752000000,,,,,,,,,,,,,,,,108646800000000,,,,,,,,,,,,,375142997535.26,27296000000,,,,,,,21002300000,,,,,,,,,2418351300000,
1988-07-01,,,238744000000,,,,,,282878800000,,,,,,,,,,,,,,329457012759.59,,369774000000,,,,,,,,,,,,,,,,105616600000000,,,,,,,,,,,,,374747089242.48,27491000000,,,,,,,20467200000,,,,,,,,,2386551500000,
1988-04-01,,,236840000000,,,,,,282836800000,,,,,,,,,,,,,,325339850098.76,,365209000000,,,,,,,,,,,,,,,,102150400000000,,,,,,,,,,,,,372425311263.95,26818000000,,,,,,,19936000000,,,,,,,,,2372648500000,
1988-01-01,,,236610000000,,,,,,280349000000,,,,,,,,,,,,,,322517363860.75,,363267000000,,,,,,,,,,,,,,,,104030400000000,,,,,,,,,,,,,376702636264.38,26882000000,,,,,,,19161100000,,,,,,,,,2341875500000,
1987-10-01,,,235600000000,,,,,,276323000000,,,,,,,,,,,,,,318428590468.5,,357439000000,,,,,,,,,,,,,,,,96719500000000,,,,,,,,,,,,,377572119070.04,26885000000,,,,,,,18947900000,,,,,,,,,2329833000000,
1987-07-01,,,230956000000,,,,,,272798800000,,,,,,,,,,,,,,313800690491.47,,353365000000,,,,,,,,,,,,,,,,95056000000000,,,,,,,,,,,,,372583800867.6,26830000000,,,,,,,18413200000,,,,,,,,,2290506000000,
1987-04-01,,,226866000000,,,,,,268693500000,,,,,,,,,,,,,,311704107070.5,,344795000000,,,,,,,,,,,,,,,,93998400000000,,,,,,,,,,,,,379948831692.07,26450000000,,,,,,,17794400000,,,,,,,,,2270814000000,
1987-01-01,,,223314000000,,,,,,265295000000,,,,,,,,,,,,,,307131907557.15,,339754000000,,,,,,,,,,,,,,,,89176800000000,,,,,,,,,,,,,373876343571.45,,,,,,,,17245900000,,,,,,,,,2246591800000,
1986-10-01,,,221092000000,,,,,,259301500000,,,,,,,,,,,,,,306879189163.05,,337367000000,,,,,,,,,,,,,,,,86676500000000,,,,,,,,,,,,,373268905329.58,,,,,,,,16833600000,,,,,,,,,2230048300000,
1986-07-01,,,217527000000,,,,,,261192300000,,,,,,,,,,,,,,306496383234.41,,330966000000,,,,,,,,,,,,,,,,85381500000000,,,,,,,,,,,,,371757886917.12,,,,,,,,16413000000,,,,,,,,,2218150300000,
1986-04-01,,,216958000000,,,,,,260864300000,,,,,,,,,,,,,,304841809944.62,,328872000000,,,,,,,,,,,,,,,,81654700000000,,,,,,,,,,,,,364736986905.34,,,,,,,,16156200000,,,,,,,,,2197131000000,
1986-01-01,,,217350000000,,,,,,259373500000,,,,,,,,,,,,,,301533202401.78,,325968000000,,,,,,,,,,,,,,,,78418900000000,,,,,,,,,,,,,368434656701.99,,,,,,,,15949600000,,,,,,,,,2187281800000,
1985-10-01,,,215854000000,,,,,,259505000000,,,,,,,,,,,,,,300604711607.95,,322604000000,,,,,,,,,,,,,,,,77179100000000,,,,,,,,,,,,,359939361373.42,,,,,,,,15797100000,,,,,,,,,2167047000000,
1985-07-01,,,216480000000,,,,,,255608000000,,,,,,,,,,,,,,299094150968.61,,322392000000,,,,,,,,,,,,,,,,74802200000000,,,,,,,,,,,,,357380796138.44,,,,,,,,15967700000,,,,,,,,,2151055000000,
1985-04-01,,,213736000000,,,,,,252403800000,,,,,,,,,,,,,,297392591642.52,,322451000000,,,,,,,,,,,,,,,,73807700000000,,,,,,,,,,,,,349891373075.25,,,,,,,,16148500000,,,,,,,,,2118696800000,
1985-01-01,,,209056000000,,,,,,251594500000,,,,,,,,,,,,,,294939435414.52,,315753000000,,,,,,,,,,,,,,,,72078900000000,,,,,,,,,,,,,353480436450.28,,,,,,,,16603200000,,,,,,,,,2100205000000,
1984-10-01,,,205998000000,,,,,,247787500000,,,,,,,,,,,,,,294201943307.45,,312697000000,,,,,,,,,,,,,,,,70350700000000,,,,,,,,,,,,,344279199381.16,,,,,,,,16413100000,,,,,,,,,2080049800000,
1984-07-01,,,204763000000,,,,,,243979800000,,,,,,,,,,,,,,294473258469.27,,307122000000,,,,,,,,,,,,,,,,69809800000000,,,,,,,,,,,,,339066091143.26,,,,,,,,16354800000,,,,,,,,,2063116300000,
1984-04-01,,,202890000000,,,,,,242935300000,,,,,,,,,,,,,,292581868369.36,,304892000000,,,,,,,,,,,,,,,,68657000000000,,,,,,,,,,,,,332003516574.35,,,,,,,,16163500000,,,,,,,,,2043417500000,
1984-01-01,,,200558000000,,,,,,238310500000,,,,,,,,,,,,,,291195735378.74,,307964000000,,,,,,,,,,,,,,,,67142500000000,,,,,,,,,,,,,330499443921.41,,,,,,,,15973600000,,,,,,,,,2008711800000,
1983-10-01,,,195759000000,,,,,,234253300000,,,,,,,,,,,,,,289904922052.59,,305361000000,,,,,,,,,,,,,,,,64534400000000,,,,,,,,,,,,,319501149434.04,,,,,,,,15484200000,,,,,,,,,1970198500000,
1983-07-01,,,192527000000,,,,,,231376800000,,,,,,,,,,,,,,288111906158.71,,303085000000,,,,,,,,,,,,,,,,63773500000000,,,,,,,,,,,,,319412748858.3,,,,,,,,15031800000,,,,,,,,,1929936500000,
1983-04-01,,,187314000000,,,,,,228806300000,,,,,,,,,,,,,,287650131346.87,,299623000000,,,,,,,,,,,,,,,,61414500000000,,,,,,,,,,,,,316194967901.38,,,,,,,,14726500000,,,,,,,,,1892114000000,
1983-01-01,,,187708000000,,,,,,224379800000,,,,,,,,,,,,,,287492912296.15,,297563000000,,,,,,,,,,,,,,,,59706700000000,,,,,,,,,,,,,313655977079.6,,,,,,,,14418300000,,,,,,,,,1850016500000,
1982-10-01,,,189523000000,,,,,,220771800000,,,,,,,,,,,,,,286392019583.27,,291832000000,,,,,,,,,,,,,,,,57281000000000,,,,,,,,,,,,,305677193686.42,,,,,,,,14052000000,,,,,,,,,1825954300000,
1982-07-01,,,192628000000,,,,,,222828000000,,,,,,,,,,,,,,284687405715.62,,289852000000,,,,,,,,,,,,,,,,55298900000000,,,,,,,,,,,,,304956728994.15,,,,,,,,13848000000,,,,,,,,,1825224000000,
1982-04-01,,,193911000000,,,,,,224821800000,,,,,,,,,,,,,,284853069675.35,,289232000000,,,,,,,,,,,,,,,,54194600000000,,,,,,,,,,,,,305023660858.63,,,,,,,,13643700000,,,,,,,,,1832228000000,
1982-01-01,,,192212000000,,,,,,227440300000,,,,,,,,,,,,,,282848751377.3,,286275000000,,,,,,,,,,,,,,,,53051200000000,,,,,,,,,,,,,305000929282.02,,,,,,,,13429900000,,,,,,,,,1823907800000,
1981-10-01,,,193739000000,,,,,,230073300000,,,,,,,,,,,,,,280725395797.99,,285814000000,,,,,,,,,,,,,,,,52665200000000,,,,,,,,,,,,,303205134729.14,,,,,,,,13259300000,,,,,,,,,1852692000000,
1981-07-01,,,194547000000,,,,,,231136300000,,,,,,,,,,,,,,279042972276.35,,285437000000,,,,,,,,,,,,,,,,51715600000000,,,,,,,,,,,,,303261963670.68,,,,,,,,13001600000,,,,,,,,,1873101300000,
1981-04-01,,,190697000000,,,,,,233233300000,,,,,,,,,,,,,,277181498715.81,,282155000000,,,,,,,,,,,,,,,,49711800000000,,,,,,,,,,,,,306088256363.61,,,,,,,,12723600000,,,,,,,,,1850936300000,
1981-01-01,,,187785000000,,,,,,230710800000,,,,,,,,,,,,,,275101445755.04,,281257000000,,,,,,,,,,,,,,,,48571000000000,,,,,,,,,,,,,305151841693.46,,,,,,,,12337700000,,,,,,,,,1864755500000,
1980-10-01,,,187060000000,,,,,,225845300000,,,,,,,,,,,,,,274082576466.9,,281496000000,,,,,,,,,,,,,,,,46631400000000,,,,,,,,,,,,,299786558178.75,,,,,,,,11983000000,,,,,,,,,1828919300000,
1980-07-01,,,183921000000,,,,,,222763000000,,,,,,,,,,,,,,274511200518.9,,284402000000,,,,,,,,,,,,,,,,47827000000000,,,,,,,,,,,,,295095644770.4,,,,,,,,11686600000,,,,,,,,,1795435800000,
1980-04-01,,,182931000000,,,,,,222948300000,,,,,,,,,,,,,,274096771101.2,,284713000000,,,,,,,,,,,,,,,,46962700000000,,,,,,,,,,,,,299080616438.2,,,,,,,,11432500000,,,,,,,,,1797572300000,
1980-01-01,,,182487000000,,,,,,223045800000,,,,,,,,,,,,,,276322543662.13,,290378000000,,,,,,,,,,,,,,,,47272000000000,,,,,,,,,,,,,303693232193.75,,,,,,,,11205900000,,,,,,,,,1835389300000,
1979-10-01,,,181615000000,,,,,,221507800000,,,,,,,,,,,,,,,,293265000000,,,,,,,,,,,,,,,,46756500000000,,,,,,,,,,,,,292157588492.42,,,,,,,,11026300000,,,,,,,,,1829633800000,
1979-07-01,,,178192000000,,,,,,220031500000,,,,,,,,,,,,,,,,290297000000,,,,,,,,,,,,,,,,47467000000000,,,,,,,,,,,,,290224773047.15,,,,,,,,10575100000,,,,,,,,,1825070300000,
1979-04-01,,,176554000000,,,,,,218430300000,,,,,,,,,,,,,,,,296841000000,,,,,,,,,,,,,,,,48849100000000,,,,,,,,,,,,,284750883110.82,,,,,,,,10384700000,,,,,,,,,1811613500000,
1979-01-01,,,179454000000,,,,,,215570500000,,,,,,,,,,,,,,,,284457000000,,,,,,,,,,,,,,,,48541200000000,,,,,,,,,,,,,278655031980.89,,,,,,,,10053300000,,,,,,,,,1809681800000,
1978-10-01,,,174628000000,,,,,,213864300000,,,,,,,,,,,,,,,,285314000000,,,,,,,,,,,,,,,,46349200000000,,,,,,,,,,,,,276722847968.3,,,,,,,,10028300000,,,,,,,,,1806437500000,
1978-07-01,,,173227000000,,,,,,211855500000,,,,,,,,,,,,,,,,282797000000,,,,,,,,,,,,,,,,44285500000000,,,,,,,,,,,,,276453857644.97,,,,,,,,9762400000,,,,,,,,,1782478800000,
1978-04-01,,,170633000000,,,,,,209897500000,,,,,,,,,,,,,,,,279001000000,,,,,,,,,,,,,,,,43433800000000,,,,,,,,,,,,,274029156138.98,,,,,,,,9396300000,,,,,,,,,1764730000000,
1978-01-01,,,169227000000,,,,,,208478500000,,,,,,,,,,,,,,,,275841000000,,,,,,,,,,,,,,,,42149400000000,,,,,,,,,,,,,270805060855.22,,,,,,,,9177000000,,,,,,,,,1699065000000,
1977-10-01,,,168036000000,,,,,,206693500000,,,,,,,,,,,,,,,,273279000000,,,,,,,,,,,,,,,,42409500000000,,,,,,,,,,,,,,,,,,,,,9103700000,,,,,,,,,1693648000000,
1977-07-01,,,168561000000,,,,,,203469300000,,,,,,,,,,,,,,,,268717000000,,,,,,,,,,,,,,,,40925700000000,,,,,,,,,,,,,,,,,,,,,8953800000,,,,,,,,,1693614300000,
1977-04-01,,,169289000000,,,,,,202280300000,,,,,,,,,,,,,,,,266987000000,,,,,,,,,,,,,,,,38566500000000,,,,,,,,,,,,,,,,,,,,,8863500000,,,,,,,,,1663616500000,
1977-01-01,,,166942000000,,,,,,201253300000,,,,,,,,,,,,,,,,268833000000,,,,,,,,,,,,,,,,36753800000000,,,,,,,,,,,,,,,,,,,,,8683500000,,,,,,,,,1631925800000,
1976-10-01,,,167827000000,,,,,,198213000000,,,,,,,,,,,,,,,,268662000000,,,,,,,,,,,,,,,,36353600000000,,,,,,,,,,,,,,,,,,,,,8496300000,,,,,,,,,1612794300000,
1976-07-01,,,166395000000,,,,,,197893300000,,,,,,,,,,,,,,,,263132000000,,,,,,,,,,,,,,,,35942900000000,,,,,,,,,,,,,,,,,,,,,8408200000,,,,,,,,,1601223800000,
1976-04-01,,,165057000000,,,,,,196983800000,,,,,,,,,,,,,,,,259911000000,,,,,,,,,,,,,,,,35174800000000,,,,,,,,,,,,,,,,,,,,,8247100000,,,,,,,,,1592506300000,
1976-01-01,,,164583000000,,,,,,192825500000,,,,,,,,,,,,,,,,260268000000,,,,,,,,,,,,,,,,33709800000000,,,,,,,,,,,,,,,,,,,,,8169700000,,,,,,,,,1580912300000,
1975-10-01,,,157576000000,,,,,,189522800000,,,,,,,,,,,,,,,,255985000000,,,,,,,,,,,,,,,,32674900000000,,,,,,,,,,,,,,,,,,,,,7948100000,,,,,,,,,1546132500000,
1975-07-01,,,159987000000,,,,,,187354800000,,,,,,,,,,,,,,,,253168000000,,,,,,,,,,,,,,,,31660500000000,,,,,,,,,,,,,,,,,,,,,7836600000,,,,,,,,,1525581500000,
1975-04-01,,,161785000000,,,,,,183828000000,,,,,,,,,,,,,,,,253935000000,,,,,,,,,,,,,,,,30780000000000,,,,,,,,,,,,,,,,,,,,,7681500000,,,,,,,,,1499902500000,
1975-01-01,,,156828000000,,,,,,181499500000,,,,,,,,,,,,,,,,258116000000,,,,,,,,,,,,,,,,29533300000000,,,,,,,,,,,,,,,,,,,,,7546000000,,,,,,,,,1489258800000,
1974-10-01,,,156217000000,,,,,,182493800000,,,,,,,,,,,,,,,,258066000000,,,,,,,,,,,,,,,,28937100000000,,,,,,,,,,,,,,,,,,,,,,,,,,,,,,1507616000000,
1974-07-01,,,156047000000,,,,,,183449500000,,,,,,,,,,,,,,,,261890000000,,,,,,,,,,,,,,,,29042400000000,,,,,,,,,,,,,,,,,,,,,,,,,,,,,,1513494500000,
1974-04-01,,,154228000000,,,,,,183414300000,,,,,,,,,,,,,,,,260347000000,,,,,,,,,,,,,,,,28663400000000,,,,,,,,,,,,,,,,,,,,,,,,,,,,,,1527937800000,
1974-01-01,,,157420000000,,,,,,181552000000,,,,,,,,,,,,,,,,256670000000,,,,,,,,,,,,,,,,28845800000000,,,,,,,,,,,,,,,,,,,,,,,,,,,,,,1524314500000,
1973-10-01,,,157363000000,,,,,,180061800000,,,,,,,,,,,,,,,,263989000000,,,,,,,,,,,,,,,,27439200000000,,,,,,,,,,,,,,,,,,,,,,,,,,,,,,1537532800000,
1973-07-01,,,153533000000,,,,,,176800800000,,,,,,,,,,,,,,,,265025000000,,,,,,,,,,,,,,,,27124300000000,,,,,,,,,,,,,,,,,,,,,,,,,,,,,,1523075300000,
1973-04-01,,,152017000000,,,,,,175982500000,,,,,,,,,,,,,,,,267521000000,,,,,,,,,,,,,,,,25899400000000,,,,,,,,,,,,,,,,,,,,,,,,,,,,,,1531126500000,
1973-01-01,,,151729000000,,,,,,174319500000,,,,,,,,,,,,,,,,267015000000,,,,,,,,,,,,,,,,24863100000000,,,,,,,,,,,,,,,,,,,,,,,,,,,,,,1514636000000,
1972-10-01,,,147885000000,,,,,,169957500000,,,,,,,,,,,,,,,,254524000000,,,,,,,,,,,,,,,,23912600000000,,,,,,,,,,,,,,,,,,,,,,,,,,,,,,1478055000000,
1972-07-01,,,146356000000,,,,,,166057000000,,,,,,,,,,,,,,,,250633000000,,,,,,,,,,,,,,,,23012100000000,,,,,,,,,,,,,,,,,,,,,,,,,,,,,,1453713500000,
1972-04-01,,,147105000000,,,,,,165565800000,,,,,,,,,,,,,,,,249966000000,,,,,,,,,,,,,,,,22679300000000,,,,,,,,,,,,,,,,,,,,,,,,,,,,,,1440117500000,
1972-01-01,,,143900000000,,,,,,161001500000,,,,,,,,,,,,,,,,243540000000,,,,,,,,,,,,,,,,22003900000000,,,,,,,,,,,,,,,,,,,,,,,,,,,,,,1408162300000,
1971-10-01,,,145625000000,,,,,,161542000000,,,,,,,,,,,,,,,,243009000000,,,,,,,,,,,,,,,,21595400000000,,,,,,,,,,,,,,,,,,,,,,,,,,,,,,1382758000000,
1971-07-01,,,146097000000,,,,,,159795500000,,,,,,,,,,,,,,,,242078000000,,,,,,,,,,,,,,,,21525400000000,,,,,,,,,,,,,,,,,,,,,,,,,,,,,,1379518000000,
1971-04-01,,,141684000000,,,,,,155498300000,,,,,,,,,,,,,,,,238030000000,,,,,,,,,,,,,,,,21485500000000,,,,,,,,,,,,,,,,,,,,,,,,,,,,,,1368264800000,
1971-01-01,,,141071000000,,,,,,151086800000,,,,,,,,,,,,,,,,233843000000,,,,,,,,,,,,,,,,20739900000000,,,,,,,,,,,,,,,,,,,,,,,,,,,,,,1360904800000,
1970-10-01,,,139332000000,,,,,,151868000000,,,,,,,,,,,,,,,,234954000000,,,,,,,,,,,,,,,,20598700000000,,,,,,,,,,,,,,,,,,,,,,,,,,,,,,1324918000000,
1970-07-01,,,138729000000,,,,,,151637800000,,,,,,,,,,,,,,,,232800000000,,,,,,,,,,,,,,,,19213800000000,,,,,,,,,,,,,,,,,,,,,,,,,,,,,,1339269300000,
1970-04-01,,,139021000000,,,,,,150084500000,,,,,,,,,,,,,,,,230605000000,,,,,,,,,,,,,,,,19063700000000,,,,,,,,,,,,,,,,,,,,,,,,,,,,,,1327041000000,
1970-01-01,,,136260000000,,,,,,150072000000,,,,,,,,,,,,,,,,225223000000,,,,,,,,,,,,,,,,18254500000000,,,,,,,,,,,,,,,,,,,,,,,,,,,,,,1325163000000,
1969-10-01,,,133485000000,,,,,,149150300000,,,,,,,,,,,,,,,,226619000000,,,,,,,,,,,,,,,,18566200000000,,,,,,,,,,,,,,,,,,,,,,,,,,,,,,1327139000000,
1969-07-01,,,130476000000,,,,,,147072000000,,,,,,,,,,,,,,,,225601000000,,,,,,,,,,,,,,,,18296300000000,,,,,,,,,,,,,,,,,,,,,,,,,,,,,,1333650000000,
1969-04-01,,,128362000000,,,,,,145458300000,,,,,,,,,,,,,,,,224353000000,,,,,,,,,,,,,,,,16883400000000,,,,,,,,,,,,,,,,,,,,,,,,,,,,,,1324906300000,
1969-01-01,,,125875000000,,,,,,144862300000,,,,,,,,,,,,,,,,222725000000,,,,,,,,,,,,,,,,16266500000000,,,,,,,,,,,,,,,,,,,,,,,,,,,,,,1320899300000,
1968-10-01,,,126735000000,,,,,,142905800000,,,,,,,,,,,,,,,,223067000000,,,,,,,,,,,,,,,,15503500000000,,,,,,,,,,,,,,,,,,,,,,,,,,,,,,1300553000000,
1968-07-01,,,122172000000,,,,,,140954000000,,,,,,,,,,,,,,,,222325000000,,,,,,,,,,,,,,,,15831900000000,,,,,,,,,,,,,,,,,,,,,,,,,,,,,,1295464800000,
1968-04-01,,,120583000000,,,,,,139017800000,,,,,,,,,,,,,,,,218081000000,,,,,,,,,,,,,,,,15011800000000,,,,,,,,,,,,,,,,,,,,,,,,,,,,,,1285508300000,
1968-01-01,,,116125000000,,,,,,135378300000,,,,,,,,,,,,,,,,218997000000,,,,,,,,,,,,,,,,14750800000000,,,,,,,,,,,,,,,,,,,,,,,,,,,,,,1264388300000,
1967-10-01,,,117160000000,,,,,,134234000000,,,,,,,,,,,,,,,,211166000000,,,,,,,,,,,,,,,,13911300000000,,,,,,,,,,,,,,,,,,,,,,,,,,,,,,1239119300000,
1967-07-01,,,116150000000,,,,,,133651800000,,,,,,,,,,,,,,,,210092000000,,,,,,,,,,,,,,,,13823000000000,,,,,,,,,,,,,,,,,,,,,,,,,,,,,,1229848000000,
1967-04-01,,,114013000000,,,,,,133231800000,,,,,,,,,,,,,,,,209227000000,,,,,,,,,,,,,,,,13256500000000,,,,,,,,,,,,,,,,,,,,,,,,,,,,,,1218321800000,
1967-01-01,,,114174000000,,,,,,130512800000,,,,,,,,,,,,,,,,206330000000,,,,,,,,,,,,,,,,12971700000000,,,,,,,,,,,,,,,,,,,,,,,,,,,,,,1217574800000,
1966-10-01,,,109882000000,,,,,,130807500000,,,,,,,,,,,,,,,,203611000000,,,,,,,,,,,,,,,,12564700000000,,,,,,,,,,,,,,,,,,,,,,,,,,,,,,1206884300000,
1966-07-01,,,109162000000,,,,,,129206300000,,,,,,,,,,,,,,,,204428000000,,,,,,,,,,,,,,,,12400500000000,,,,,,,,,,,,,,,,,,,,,,,,,,,,,,1197063500000,
1966-04-01,,,106161000000,,,,,,129268000000,,,,,,,,,,,,,,,,203766000000,,,,,,,,,,,,,,,,12604900000000,,,,,,,,,,,,,,,,,,,,,,,,,,,,,,1187011500000,
1966-01-01,,,104737000000,,,,,,126536500000,,,,,,,,,,,,,,,,202588000000,,,,,,,,,,,,,,,,11868100000000,,,,,,,,,,,,,,,,,,,,,,,,,,,,,,1182972000000,
1965-10-01,,,105029000000,,,,,,124121300000,,,,,,,,,,,,,,,,202259000000,,,,,,,,,,,,,,,,11211800000000,,,,,,,,,,,,,,,,,,,,,,,,,,,,,,1154864500000,
1965-07-01,,,104770000000,,,,,,121152000000,,,,,,,,,,,,,,,,200957000000,,,,,,,,,,,,,,,,10936000000000,,,,,,,,,,,,,,,,,,,,,,,,,,,,,,1128856800000,
1965-04-01,,,105087000000,,,,,,119484500000,,,,,,,,,,,,,,,,199419000000,,,,,,,,,,,,,,,,11002300000000,,,,,,,,,,,,,,,,,,,,,,,,,,,,,,1104306300000,
1965-01-01,,,103476000000,,,,,,118400500000,,,,,,,,,,,,,,,,199276000000,,,,,,,,,,,,,,,,10988000000000,,,,,,,,,,,,,,,,,,,,,,,,,,,,,,1090527800000,
1964-10-01,,,102588000000,,,,,,114750300000,,,,,,,,,,,,,,,,199854000000,,,,,,,,,,,,,,,,10873600000000,,,,,,,,,,,,,,,,,,,,,,,,,,,,,,1064761500000,
1964-07-01,,,99762000000,,,,,,114177500000,,,,,,,,,,,,,,,,196783000000,,,,,,,,,,,,,,,,10436900000000,,,,,,,,,,,,,,,,,,,,,,,,,,,,,,1061479500000,
1964-04-01,,,99154000000,,,,,,112971800000,,,,,,,,,,,,,,,,196109000000,,,,,,,,,,,,,,,,9762300000000,,,,,,,,,,,,,,,,,,,,,,,,,,,,,,1045148000000,
1964-01-01,,,96763000000,,,,,,112550300000,,,,,,,,,,,,,,,,192542000000,,,,,,,,,,,,,,,,10057100000000,,,,,,,,,,,,,,,,,,,,,,,,,,,,,,1033888300000,
1963-10-01,,,96922000000,,,,,,109801500000,,,,,,,,,,,,,,,,191230000000,,,,,,,,,,,,,,,,9509900000000,,,,,,,,,,,,,,,,,,,,,,,,,,,,,,1012536800000,
1963-07-01,,,94898000000,,,,,,106469500000,,,,,,,,,,,,,,,,187001000000,,,,,,,,,,,,,,,,9492500000000,,,,,,,,,,,,,,,,,,,,,,,,,,,,,,1005938800000,
1963-04-01,,,91157000000,,,,,,105666500000,,,,,,,,,,,,,,,,186171000000,,,,,,,,,,,,,,,,9176400000000,,,,,,,,,,,,,,,,,,,,,,,,,,,,,,984295800000,
1963-01-01,,,92357000000,,,,,,104151800000,,,,,,,,,,,,,,,,178493000000,,,,,,,,,,,,,,,,9407900000000,,,,,,,,,,,,,,,,,,,,,,,,,,,,,,973370500000,
1962-10-01,,,90258000000,,,,,,103495500000,,,,,,,,,,,,,,,,177632000000,,,,,,,,,,,,,,,,8900800000000,,,,,,,,,,,,,,,,,,,,,,,,,,,,,,962855300000,
1962-07-01,,,88674000000,,,,,,101503800000,,,,,,,,,,,,,,,,178265000000,,,,,,,,,,,,,,,,8640800000000,,,,,,,,,,,,,,,,,,,,,,,,,,,,,,959694000000,
1962-04-01,,,87969000000,,,,,,100222000000,,,,,,,,,,,,,,,,177216000000,,,,,,,,,,,,,,,,8387500000000,,,,,,,,,,,,,,,,,,,,,,,,,,,,,,948037300000,
1962-01-01,,,86313000000,,,,,,99431800000,,,,,,,,,,,,,,,,175568000000,,,,,,,,,,,,,,,,8551100000000,,,,,,,,,,,,,,,,,,,,,,,,,,,,,,939536800000,
1961-10-01,,,83956000000,,,,,,96854500000,,,,,,,,,,,,,,,,174768000000,,,,,,,,,,,,,,,,8386200000000,,,,,,,,,,,,,,,,,,,,,,,,,,,,,,923072300000,
1961-07-01,,,83004000000,,,,,,95554500000,,,,,,,,,,,,,,,,175126000000,,,,,,,,,,,,,,,,8279500000000,,,,,,,,,,,,,,,,,,,,,,,,,,,,,,905313000000,
1961-04-01,,,83608000000,,,,,,93284500000,,,,,,,,,,,,,,,,175974000000,,,,,,,,,,,,,,,,8431400000000,,,,,,,,,,,,,,,,,,,,,,,,,,,,,,888255300000,
1961-01-01,,,84538000000,,,,,,90980800000,,,,,,,,,,,,,,,,175276000000,,,,,,,,,,,,,,,,8081800000000,,,,,,,,,,,,,,,,,,,,,,,,,,,,,,873425800000,
1960-10-01,,,84280000000,,,,,,,,,,,,,,,,,,,,,,172382000000,,,,,,,,,,,,,,,,7834300000000,,,,,,,,,,,,,,,,,,,,,,,,,,,,,,867569500000,
1960-07-01,,,84446000000,,,,,,,,,,,,,,,,,,,,,,171442000000,,,,,,,,,,,,,,,,7788800000000,,,,,,,,,,,,,,,,,,,,,,,,,,,,,,878846300000,
1960-04-01,,,84257000000,,,,,,,,,,,,,,,,,,,,,,168948000000,,,,,,,,,,,,,,,,7878400000000,,,,,,,,,,,,,,,,,,,,,,,,,,,,,,874561500000,
1960-01-01,,,82015000000,,,,,,,,,,,,,,,,,,,,,,170121000000,,,,,,,,,,,,,,,,7530100000000,,,,,,,,,,,,,,,,,,,,,,,,,,,,,,879295300000,
1959-10-01,,,81602000000,,,,,,,,,,,,,,,,,,,,,,165941000000,,,,,,,,,,,,,,,,,,,,,,,,,,,,,,,,,,,,,,,,,,,,,,859958000000,
1959-07-01,,,80842000000,,,,,,,,,,,,,,,,,,,,,,161850000000,,,,,,,,,,,,,,,,,,,,,,,,,,,,,,,,,,,,,,,,,,,,,,857514300000,
1959-04-01,,,,,,,,,,,,,,,,,,,,,,,,,158487000000,,,,,,,,,,,,,,,,,,,,,,,,,,,,,,,,,,,,,,,,,,,,,,856916800000,
1959-01-01,,,,,,,,,,,,,,,,,,,,,,,,,156009000000,,,,,,,,,,,,,,,,,,,,,,,,,,,,,,,,,,,,,,,,,,,,,,838032300000,
1958-10-01,,,,,,,,,,,,,,,,,,,,,,,,,155042000000,,,,,,,,,,,,,,,,,,,,,,,,,,,,,,,,,,,,,,,,,,,,,,822258000000,
1958-07-01,,,,,,,,,,,,,,,,,,,,,,,,,154551000000,,,,,,,,,,,,,,,,,,,,,,,,,,,,,,,,,,,,,,,,,,,,,,803471000000,
1958-04-01,,,,,,,,,,,,,,,,,,,,,,,,,151257000000,,,,,,,,,,,,,,,,,,,,,,,,,,,,,,,,,,,,,,,,,,,,,,785306000000,
1958-01-01,,,,,,,,,,,,,,,,,,,,,,,,,155117000000,,,,,,,,,,,,,,,,,,,,,,,,,,,,,,,,,,,,,,,,,,,,,,780181000000,
1957-10-01,,,,,,,,,,,,,,,,,,,,,,,,,151857000000,,,,,,,,,,,,,,,,,,,,,,,,,,,,,,,,,,,,,,,,,,,,,,800973500000,
1957-07-01,,,,,,,,,,,,,,,,,,,,,,,,,151340000000,,,,,,,,,,,,,,,,,,,,,,,,,,,,,,,,,,,,,,,,,,,,,,809346500000,
1957-04-01,,,,,,,,,,,,,,,,,,,,,,,,,152285000000,,,,,,,,,,,,,,,,,,,,,,,,,,,,,,,,,,,,,,,,,,,,,,801492500000,
1957-01-01,,,,,,,,,,,,,,,,,,,,,,,,,152331000000,,,,,,,,,,,,,,,,,,,,,,,,,,,,,,,,,,,,,,,,,,,,,,803252800000,
1956-10-01,,,,,,,,,,,,,,,,,,,,,,,,,149607000000,,,,,,,,,,,,,,,,,,,,,,,,,,,,,,,,,,,,,,,,,,,,,,798142500000,
1956-07-01,,,,,,,,,,,,,,,,,,,,,,,,,148665000000,,,,,,,,,,,,,,,,,,,,,,,,,,,,,,,,,,,,,,,,,,,,,,785218500000,
1956-04-01,,,,,,,,,,,,,,,,,,,,,,,,,148835000000,,,,,,,,,,,,,,,,,,,,,,,,,,,,,,,,,,,,,,,,,,,,,,785923500000,
1956-01-01,,,,,,,,,,,,,,,,,,,,,,,,,148955000000,,,,,,,,,,,,,,,,,,,,,,,,,,,,,,,,,,,,,,,,,,,,,,779480500000,
1955-10-01,,,,,,,,,,,,,,,,,,,,,,,,,147119000000,,,,,,,,,,,,,,,,,,,,,,,,,,,,,,,,,,,,,,,,,,,,,,782517000000,
1955-07-01,,,,,,,,,,,,,,,,,,,,,,,,,147995000000,,,,,,,,,,,,,,,,,,,,,,,,,,,,,,,,,,,,,,,,,,,,,,777844800000,
1955-04-01,,,,,,,,,,,,,,,,,,,,,,,,,145551000000,,,,,,,,,,,,,,,,,,,,,,,,,,,,,,,,,,,,,,,,,,,,,,767477500000,
1955-01-01,,,,,,,,,,,,,,,,,,,,,,,,,145457000000,,,,,,,,,,,,,,,,,,,,,,,,,,,,,,,,,,,,,,,,,,,,,,755186500000,
1954-10-01,,,,,,,,,,,,,,,,,,,,,,,,,,,,,,,,,,,,,,,,,,,,,,,,,,,,,,,,,,,,,,,,,,,,,,,734213000000,
1954-07-01,,,,,,,,,,,,,,,,,,,,,,,,,,,,,,,,,,,,,,,,,,,,,,,,,,,,,,,,,,,,,,,,,,,,,,,720120500000,
1954-04-01,,,,,,,,,,,,,,,,,,,,,,,,,,,,,,,,,,,,,,,,,,,,,,,,,,,,,,,,,,,,,,,,,,,,,,,712076300000,
1954-01-01,,,,,,,,,,,,,,,,,,,,,,,,,,,,,,,,,,,,,,,,,,,,,,,,,,,,,,,,,,,,,,,,,,,,,,,711298000000,
1953-10-01,,,,,,,,,,,,,,,,,,,,,,,,,,,,,,,,,,,,,,,,,,,,,,,,,,,,,,,,,,,,,,,,,,,,,,,714711300000,
1953-07-01,,,,,,,,,,,,,,,,,,,,,,,,,,,,,,,,,,,,,,,,,,,,,,,,,,,,,,,,,,,,,,,,,,,,,,,725696300000,
1953-04-01,,,,,,,,,,,,,,,,,,,,,,,,,,,,,,,,,,,,,,,,,,,,,,,,,,,,,,,,,,,,,,,,,,,,,,,729801500000,
1953-01-01,,,,,,,,,,,,,,,,,,,,,,,,,,,,,,,,,,,,,,,,,,,,,,,,,,,,,,,,,,,,,,,,,,,,,,,724202800000,
1952-10-01,,,,,,,,,,,,,,,,,,,,,,,,,,,,,,,,,,,,,,,,,,,,,,,,,,,,,,,,,,,,,,,,,,,,,,,710985300000,
1952-07-01,,,,,,,,,,,,,,,,,,,,,,,,,,,,,,,,,,,,,,,,,,,,,,,,,,,,,,,,,,,,,,,,,,,,,,,688379300000,
1952-04-01,,,,,,,,,,,,,,,,,,,,,,,,,,,,,,,,,,,,,,,,,,,,,,,,,,,,,,,,,,,,,,,,,,,,,,,683450000000,
1952-01-01,,,,,,,,,,,,,,,,,,,,,,,,,,,,,,,,,,,,,,,,,,,,,,,,,,,,,,,,,,,,,,,,,,,,,,,681988500000,
1951-10-01,,,,,,,,,,,,,,,,,,,,,,,,,,,,,,,,,,,,,,,,,,,,,,,,,,,,,,,,,,,,,,,,,,,,,,,674789000000,
1951-07-01,,,,,,,,,,,,,,,,,,,,,,,,,,,,,,,,,,,,,,,,,,,,,,,,,,,,,,,,,,,,,,,,,,,,,,,673314800000,
1951-04-01,,,,,,,,,,,,,,,,,,,,,,,,,,,,,,,,,,,,,,,,,,,,,,,,,,,,,,,,,,,,,,,,,,,,,,,659724500000,
1951-01-01,,,,,,,,,,,,,,,,,,,,,,,,,,,,,,,,,,,,,,,,,,,,,,,,,,,,,,,,,,,,,,,,,,,,,,,648491800000,
1950-10-01,,,,,,,,,,,,,,,,,,,,,,,,,,,,,,,,,,,,,,,,,,,,,,,,,,,,,,,,,,,,,,,,,,,,,,,639803500000,
1950-07-01,,,,,,,,,,,,,,,,,,,,,,,,,,,,,,,,,,,,,,,,,,,,,,,,,,,,,,,,,,,,,,,,,,,,,,,627781800000,
1950-04-01,,,,,,,,,,,,,,,,,,,,,,,,,,,,,,,,,,,,,,,,,,,,,,,,,,,,,,,,,,,,,,,,,,,,,,,604420500000,
1950-01-01,,,,,,,,,,,,,,,,,,,,,,,,,,,,,,,,,,,,,,,,,,,,,,,,,,,,,,,,,,,,,,,,,,,,,,,586526000000,
