date,ABW,AFG,AGO,ALB,AND,ARE,ARG,ARM,ATG,AUS,AUT,AZE,BDI,BEL,BEN,BFA,BGD,BGR,BHR,BHS,BIH,BLR,BLZ,BOL,BRA,BRB,BRN,BTN,BWA,CAF,CAN,CHE,CHL,CHN,CIV,CMR,COD,COG,COL,COM,CPV,CRI,CYP,CZE,DEU,DJI,DMA,DNK,DOM,DZA,ECU,EGY,ERI,ESP,EST,ETH,FIN,FJI,FRA,FSM,G001,G110,G119,G120,G163,GAB,GBR,GEO,GHA,GIN,GMB,GNB,GNQ,GRC,GRD,GTM,GUY,GX148,GX149,GX161,GX206,GX229,GX230,GX231,GX232,GX234,GX235,GX35,GX502,GX777,GX905,HKG,HND,HRV,HTI,HUN,IDN,IND,IRL,IRN,IRQ,ISL,ISR,ITA,JAM,JOR,JPN,KAZ,KEN,KGZ,KHM,KIR,KNA,KOR,KOS,KWT,LAO,LBN,LBR,LBY,LCA,LKA,LSO,LTU,LUX,LVA,MAC,MAR,MDA,MDG,MDV,MEX,MHL,MKD,MLI,MLT,MMR,MNE,MNG,MOZ,MRT,MUS,MWI,MYS,NAM,NER,NGA,NIC,NLD,NOR,NPL,NRU,NZL,OMN,PAK,PAN,PER,PHL,PLW,PNG,POL,PRI,PRT,PRY,QAT,ROU,RUS,RWA,SAU,SDN,SEN,SGP,SLB,SLE,SLV,SMR,SOM,SRB,SSD,STP,SUR,SVK,SVN,SWE,SWZ,SYC,SYR,TCD,TGO,THA,TJK,TKM,TLS,TON,TTO,TUN,TUR,TUV,TWN,TZA,UGA,UKR,URY,USA,UZB,VCT,VEN,VNM,VUT,WSM,YEM,ZAF,ZMB,ZWE
2031-01-01,22.91256852713831,,13.40236513868953,29.38565091179406,40.21628741951388,28.8794647082646,33.4039298868045,25.78831756825499,20.59077582738333,36.07909041241921,51.5507066447488,33.23760126109326,18.59864726613375,50.36818796373245,17.83343999374138,21.91847458945595,11.23263631164312,32.33675378100534,20.17459866361844,21.77092481680348,42.08920751295876,40.39276948090497,24.46943859500587,23.22543563171311,40.08560696388496,26.1623517776747,20.07596017912618,26.24172924068189,28.54928713356453,12.65148218501159,41.72803980750582,31.67326679212955,23.92349518070688,25.18778416830744,19.48593273762374,16.24314194356662,14.87307960528292,24.04078970834504,29.51778628397102,17.80775084331152,27.18189231909783,13.44766971325956,40.98937252427924,40.97110018060872,47.98249115101305,18.0057723602622,41.24639748268392,50.1810894925292,15.82309803553011,22.9057602909954,35.68657675952364,17.19691794352687,,43.36554877374927,41.88948723232552,12.21841736832999,53.74341403380738,28.01126758712067,53.18885033533781,62.21498759962141,31.72784633689442,36.50961496122303,36.39928785035166,31.8334568413397,47.04114321412228,19.13755993354573,42.11175033374012,25.90655140625952,17.00000000000001,18.13675543150807,22.1743498909481,15.30989545546026,15.5200692919034,49.03877905921134,30.64424458542656,12.71492674401402,18.04163142541388,35.95228606594914,26.01216804235842,32.63499537444003,30.2314512434665,16.71367667749261,13.91151351528035,18.60782027347867,16.04921719533237,25.24001594111058,11.56603509358135,26.19781691976162,23.59549181035898,24.80229824563826,34.84250057725268,20.50239996164326,24.49452345867163,45.7263033005882,6.276122455596601,43.26146497626796,14.23057955728775,21.88550582153476,26.1743518847901,9.36123491172856,36.08645667529128,43.13829777182043,36.50093809588488,47.56155763068685,28.72695722341265,29.07321031252907,35.39617735376562,19.56577922103048,16.61025164288863,32.59251323856085,15.51739063321327,76.57303195515519,33.1590862618026,23.24115508599771,30.33740457846345,76.94081869766752,19.07614053890227,19.78607619829589,20.01360913341947,63.29616242883542,21.97212595010911,15.44170184223635,57.06880577903666,38.98056826457931,47.60080030336956,41.32682687297989,32.01137877734852,27.17752665994442,35.34594198468662,12.99545861458971,31.16426800124432,25.23737267978669,73.86789794475874,33.05467379968997,21.82353210133809,33.27145172024958,20.57115759744258,40.80468475751573,29.36473961127103,26.85423678305448,26.63917198500797,27.74811212898816,17.43483224819463,18.84910384375834,31.28300534608297,12.11812802541146,10.39917369542311,27.43517171918847,44.30714731125946,57.78693791224359,22.13265142819856,141.5545725377332,36.84375498854707,27.67929601714814,15.4904745148052,19.43883253830588,19.31451212792568,20.11875260738686,50.68707044704159,18.58803955619399,44.15858668156933,19.34021903668782,42.11403260892632,18.19516661251317,28.8333364818957,31.72792272038239,34.78533095952909,20.46428964416251,21.84314609546871,10.22167520955317,23.4553674227109,19.56663052249907,36.68742841144559,12.77452838620876,27.71541460022832,20.9079088604601,5.120821410204317,40.50168994546548,25.62168272956783,21.53605440140153,23.98778120798516,41.06572208231087,46.51500000000001,47.79999999999995,32.4423732847556,32.83294878748411,,16.65020585484914,19.08144007599695,21.08400099914424,26.63743596332853,12.63033959515831,29.24930453250595,32.19667792313931,30.74536814667159,28.15985349460131,29.9134979843324,107.0892023484966,15.86563500884639,17.74432672107054,17.31932406055982,42.71974632636117,29.60345667357356,30.76127799048144,28.27602301851144,28.47996758093478,16.40265570231036,19.92381428584275,26.91574331323894,29.62374747963618,19.20565673080401,28.67714729789382,27.14074819200897,16.96660392066689
2030-01-01,22.8311147302353,,13.54253019889203,29.30570681425847,40.21628741951381,28.68292636116113,33.28666239459004,25.75883213672118,20.70242017694732,36.08228403817481,51.53303423488774,33.65948844940501,18.15301254054973,50.24685014759054,17.51535902360731,21.79906643478445,11.05697952177671,32.72614724863003,20.92923212781229,21.84479368119867,41.91108732615639,40.51893006231488,24.4694389765533,22.67467110321339,40.05703117986777,26.16235177767471,19.77118588557628,26.60336643933952,28.61911187575786,12.86974391688347,41.61953982407134,31.67326679212948,23.79653928058284,25.18778416830743,19.3024338950771,15.91752816038259,14.96520419483503,24.30876996972939,29.47335530297867,17.95129618129369,27.24876491980471,13.64537994466879,41.17342256909992,40.9362719534574,47.97955806047606,18.18975496379911,41.09449716831946,50.07766786720477,15.8230980355301,22.78636140842092,35.6894955894089,17.37230485375508,,43.26727864392628,41.99052515533047,12.26806869177286,53.74341403380745,28.01680504354568,53.07786695272735,64.79589134757688,31.77606948860011,36.45112730297055,36.31969868386372,31.85992136206503,47.01043432832839,19.192779077391,41.90878178431815,25.95000758790242,17.0,18.15213718928115,22.5988041381201,15.21710291156051,15.56370639597934,49.15870137613183,30.64424458542665,12.73148030875651,18.27505609439402,35.88048710478077,26.04951780595352,32.72169669965453,30.19908173144876,16.6612569764239,13.80192491110055,18.38662841653087,16.02711898646467,25.23404576493532,11.54422119222922,26.23830720029671,23.59352114231447,24.97283459161504,34.82324571787909,20.50239996164325,24.47195115524665,45.74965201208235,5.792051487063104,43.37698627321923,14.12815884842718,21.75079627576302,25.57053129566875,9.24702546538052,36.43756792083763,43.13463394751676,36.45372836120929,47.64850423606027,28.8928732126853,28.90648866008664,35.3841290377891,19.19301103068326,16.60926949618031,32.78964699594979,15.43851737451402,77.72810806043061,33.15908626213181,23.24703464861745,30.40065666352348,77.03651324807684,19.11019204731802,19.71671161431895,20.22587289053951,63.26320142525134,22.07337849504454,15.30970479833548,57.16937329311755,38.90657705044485,47.33447649349974,41.32691469642026,32.01137877734857,27.20918004335043,35.43855357540336,12.74164617621513,31.17692885604369,25.23737267978685,78.55135578858246,32.78815688301102,21.80069871223345,33.31728772225362,20.27115759744257,40.80468475751572,29.52087223393652,28.25431850374514,26.17937203400604,27.88493224757942,17.48710699505993,18.89858400196837,31.2814812879788,11.92540740003274,10.32577116015301,27.77955619604011,44.27004696226943,57.90226731525991,21.91171090597788,141.2006784293598,36.79819783708426,28.55444960146673,15.50155917340788,19.16487028149078,19.34382412041641,20.17930566648135,50.82742913749337,18.68656682065881,44.03685183026488,19.58573001850611,42.12624823774291,18.21715592072092,28.07844542046712,32.09328691453367,34.66116472603238,21.01903325300108,22.22549623004847,10.14656561101689,23.41449018136832,19.53539005893501,36.59070647046914,12.82521247805821,27.71111802042738,20.90895672720886,5.219635854594469,40.54702100396938,25.49919008847132,21.71137701112758,24.46888558851768,41.12065295516841,46.51500000000002,47.79999999999996,32.44237328475545,32.71272704390703,,16.99515804941748,18.63602690645485,21.0931043529907,26.65278629693536,12.8204917120944,31.49934789611101,32.54315290174425,30.92702607307955,28.56242336940563,29.92632636603115,107.8293561143816,15.8656350088464,17.84230182490386,17.28455115244238,42.83266076041852,29.65422046695776,30.64844433760606,28.26410982457391,28.47996758093471,16.5807989106892,19.8532619014315,26.91066698195338,29.62374747963625,18.83809466200482,28.68237599873349,26.70323302293415,16.77674953407344
2029-01-01,23.03044504452106,,13.55453615122936,29.29578456868596,40.21628741951374,28.55330175106803,32.94248321193429,25.76496056642577,20.80215684304978,36.06630820052652,51.53303423488772,34.31458129636803,18.08355061167316,50.20678802555407,17.12828305034258,21.64961010737766,10.88423108296257,33.19133108806724,21.50090356016421,21.91905538124004,41.84627951056152,40.61471350688279,24.46943856952479,22.23429952047919,40.06528628721126,26.17200474539688,19.41835733167376,25.66285057442872,27.78289604162477,13.21799595412857,41.57667322032602,31.67326679212949,24.00152074970079,25.10433728394379,18.94223293498176,15.62894920939938,15.06421698854015,24.52380048931522,29.28456732835276,17.84495807929037,27.0589985244335,13.80214797035234,41.36451638511172,40.96448804752787,48.02340798387617,18.38589328793161,41.16448915326565,49.87424624188047,15.82309803553006,22.60061066766437,35.92814380282528,17.48245874951374,,43.1084503443267,42.23756008663885,12.09011738480125,53.7434140338073,28.02230134214422,52.96755088986861,69.16611428495096,31.76243263764914,36.32773337883689,36.15515904256138,31.81891792906532,46.97440988595595,19.20345372474215,41.59496606090384,25.99737116805248,16.99999999999999,18.2153861536232,22.73336651557521,15.16638291465916,15.27594297350903,49.2765709281324,30.78842554815534,12.76317683282588,17.35575823418213,35.7283152590018,26.04393914041986,32.80204416284542,30.14897072578176,16.5395037740416,13.70255544659427,18.13123443192713,15.90633180939809,25.11195652766438,11.5131617547431,26.22997309606533,23.53323832316643,25.04644585563523,34.7889592738864,20.50239996164324,24.46915402675794,45.61604890010031,5.466490451347657,43.36574003170642,14.00380056980279,21.61812402619515,25.02340402492126,9.095647390278048,36.57644628213101,43.12731548621359,36.36180089968856,47.70330444434796,28.74244872120525,28.70892347371307,35.39042612567514,18.84044553537329,16.60251901976067,32.8455441014588,15.36265204386092,78.54848469119527,33.15908626203847,23.25314920857826,30.37258228117866,77.08988396267003,19.05545986730887,20.74357865990164,20.56940687616282,63.39273955559644,22.12545132933645,15.29899296681099,57.17540698858226,39.0286726315886,47.08345736851438,41.35316906293045,32.00137877734859,27.1668088000727,35.41827173425687,12.58418163030616,31.18960554953925,25.21744339803536,78.79529184141671,32.58815688301106,21.61729638545491,33.29803011302078,20.17115759744257,40.80468475751575,29.4951146072922,26.0312762094827,25.75223064702028,27.83688509510614,17.74671238540466,18.95610749639745,31.29094997595092,11.97814292085728,10.26074554087665,28.22140204717535,44.0579096638079,57.92560741670848,21.70180147618826,140.8199444717647,37.52485873865156,29.14440518929524,15.4969215780144,18.89737037804739,19.344064324879,20.1778823446819,51.39950792238086,18.81483451451715,43.67641562199162,19.83422242732905,42.14000257548191,18.10615617394329,26.31096757702516,31.92158245543303,34.64912242206162,20.92462588306534,22.53255924886068,9.646319439984993,23.4179861545479,19.50414959537129,36.45927283270016,12.87134272369628,27.69840529201612,21.10895672720887,5.20117094638964,40.55682707477033,25.53273373428322,21.66298038216724,23.274512619717,41.17991876783541,46.51499999999996,47.79999999999995,32.44237328475539,32.66545560099312,,17.01794933465349,18.20067620753386,21.10409602614997,26.63480574808108,13.01168192910093,33.89066814347551,34.23273337233576,31.05454491941315,28.63432682336427,29.93888414800852,108.6714929041099,15.86563500884639,17.79273504603349,16.93066983125574,43.84744672928278,29.54549556005075,30.39577979226101,28.30198153634375,28.47996758093452,16.7415528729489,19.83130278203947,27.09295361685162,29.66374747963625,18.53809466200479,28.68858109678509,26.59734277734947,16.57670070594841
2028-01-01,23.17440378473111,,13.57337152112349,29.54365726802889,40.2162874195139,28.09243120527892,32.22910744713901,25.77132193867028,20.91774504620971,36.01465301919961,51.53303423488776,35.04544903907021,17.86482421928291,49.95875788774829,16.73569264613297,21.49809205512048,10.56210698121898,33.49994436965198,21.35912458596039,21.99314591163607,41.83069916335139,40.79673752804904,24.47594142237382,21.98488085444566,40.05237052226787,26.15858284244271,19.01114437297179,30.30104428574276,27.36382591786855,13.46821673350377,41.5884935596776,31.67326679212955,24.23663892191872,25.0163960200592,18.49773763758847,15.34519641555342,15.20044723465753,24.83503885193297,29.16446989750797,16.82647632697312,26.88356152481067,13.96033525957688,41.59608647176177,40.93009525294648,47.79190243715328,18.5947670265437,41.35702566074768,49.87766786720489,15.82309803553004,22.27118110659199,36.29340669435752,17.79538858061385,,42.82155650294199,42.0063632580129,11.7746864891539,53.53298811868366,27.95123294867712,52.80265800450699,69.27502417326482,31.79280617262351,36.27310516992123,36.10365176037425,31.83996280662625,46.81766529446692,19.21974746141836,41.21915222063523,26.11448558740602,17.00023886018167,18.22445890591935,22.89448024212351,15.0699355231025,15.29437726989228,49.38940470373024,30.93951304984309,12.78474419171808,16.02077273137642,35.67602792569972,26.03480516452481,32.88732269229185,30.07534635757609,16.39639757963556,13.45929658021666,17.78155992914475,15.81364567539712,25.04959931752584,11.46058004303107,26.22574796089008,23.46757504619186,25.05307548817376,34.84556707296159,20.14579782297823,24.32415224456237,45.72548136767265,5.191619551600599,42.83340730818754,13.86316825781197,21.48716830601768,24.40196890645396,8.955822825419132,37.48629219585711,43.06068232435009,36.49158053661342,47.74417817441212,28.71957543236334,28.88175315596353,35.4424726590193,18.90042887802634,16.70525194173245,33.20405363275655,15.28987528742867,80.65458305878593,33.15908626162638,23.11027769464608,30.42712826686846,77.1920983383882,19.11887145816146,20.66783798348366,20.48853530555192,63.95641001722872,22.16314375460622,15.29851483101296,57.35826945969371,38.99803153059144,46.89941789078671,41.30563880663786,31.59137877734845,27.27038261123792,35.40051856974822,12.48887443865763,31.20313603380355,25.20558137070439,78.42029358790985,32.38815688301107,21.48201157874652,33.23313286688183,19.8761271565787,40.80468475751568,29.69744256775701,25.94809912036233,25.07821151601867,27.91640492295159,18.40102051649891,19.04746559785933,31.2663358049533,12.13196996378995,10.10994763700565,28.29344928356397,43.85284401722042,57.88070965455105,21.65834707661695,140.8187221682886,37.34416197871346,29.77147954788306,15.4979101947185,18.5034314565834,19.27180737618966,20.21205611772992,51.6639757902448,18.47834907672162,43.5416493756635,19.73076585618331,42.15608280292963,18.07193545268086,23.22156868879876,31.8721738209944,34.67643607690416,20.91169926390287,22.75318316649988,8.993605179588796,23.14844949517328,19.47290913180745,36.29514900727251,13.89234989210287,27.68177971755472,21.1089567272089,5.751905386028819,40.64744864441786,25.88644104512203,22.10066029413993,23.14259214847031,41.24769926562972,46.84499999999998,47.8,32.32364916948424,32.5984122947902,,17.88547759453729,17.80192828028295,21.11246405081786,26.69438721060309,13.20772099501881,36.46268976061053,35.58945671453009,31.77838365325052,28.69412670525586,30.01876640459376,109.6448383098103,15.86563500884642,17.7362035050262,16.73159555117029,44.93504288056719,29.17723084305647,30.38335879487828,28.35655002358203,28.47996758093446,17.00170335606098,19.81238458980579,27.25692879139875,29.70799418842758,17.73809466200485,28.66640525084394,25.95629939959573,16.37674953407343
2027-01-01,23.1718240941955,,13.63671593118215,29.46684977609816,40.21628741951378,27.76119343192087,32.1903955385909,25.81614062730161,21.01666775213755,36.24207355635544,51.53303423488772,36.60586493295465,17.87658925329614,49.88448951418124,16.354151012481,21.19317776686186,9.907477647572824,33.654523712492,21.12045267547242,22.06959125054749,41.80975653708072,40.91641147670835,24.48700963015342,19.7543525966895,39.81849582273982,26.15775721571857,18.87501077995168,31.04238100441783,27.01490139133871,13.8034161632457,41.71688443960893,31.67326679212957,24.39541353832662,24.86152079091235,18.00733611188765,15.2001683559753,14.99992137387406,25.10647321450477,28.27137659785045,16.96200564038761,26.78559510387773,14.1150558689238,41.7090462835808,40.60612026848809,47.84417200959564,18.81603502811263,41.546786558357,49.57945596642612,15.8175132019534,22.91898175958275,36.31696085688311,17.83149039586301,,43.15002406062243,42.05176215831216,11.45747136975854,53.74603569721567,27.84207173573028,52.6133402103714,66.64407073891188,31.90667745076425,36.36182054076376,36.19518214436856,31.95003169858856,46.85637351721183,19.31771307345111,40.93633793270273,26.23894048961822,16.79829366572252,17.88409762298231,23.62130231661463,14.67713832561082,15.66685189491389,49.70280621470111,31.12625916329866,12.79633115737168,16.98997461902276,35.76969578626398,26.04119411558919,33.31763752684298,29.96911631880595,16.16637169627535,12.94974406899514,17.57677203493629,15.70387754224493,25.04112371255485,11.73035416481467,26.25204759762475,23.35492260546473,25.41854417132873,35.11399090797112,19.6008035953686,24.1595485240319,46.21775351661004,4.961161350948937,42.57108925681095,13.77290764007051,21.35833468420647,23.69398144517209,9.2566944807387,38.77320564545192,43.13503570610825,37.07492782397627,47.80630332219816,28.6193359907862,28.32633515881027,35.55029861057484,18.98948095373409,16.88924059648439,33.35347633675199,15.21929316178221,78.96064322177564,32.65908626233755,23.06446248911076,30.42000052033243,77.69287511562966,19.13901619434569,19.50245470541925,20.53711232171981,65.54893810460035,22.10780063055887,15.23510921887159,57.45498227881219,39.67546427972142,47.72047349033229,41.40470189162041,31.08137877734844,27.58588144693416,35.5083256251206,12.48567457673947,30.94488551732069,25.21011314465933,79.44557835274601,32.18815688301107,21.37113896535632,33.07295192696374,19.50969955686209,40.70159689873253,30.85453774993208,25.87029537553956,24.95802927996942,28.05275013887678,18.70593790029131,19.04751363952186,31.02221429606166,12.06614018453352,10.39573439135281,28.24238482873148,43.74028963331601,58.12966236193267,21.56278090886187,141.2403867720761,37.25340339799402,30.29749309695354,15.26068019667775,18.23760575123614,19.30715828245551,20.21982564143196,52.03352734828826,18.5279723976388,44.33538103140482,21.71351884079167,42.37200547951697,18.06281823093351,23.68121152911058,31.9011994859045,35.20679880659299,20.56577954923153,23.26866198622277,8.377657491884985,22.63723998680724,19.45728890002551,36.50039737629918,13.7824742948091,27.7178626491948,21.10895672720891,6.196634447214366,40.92420317572925,26.56637792263624,21.29145567397824,23.50718017028604,41.75596904978456,46.77499999999996,46.99999999999999,32.35701567774604,32.14636171952552,,18.15069425616189,17.19246889048878,21.13155658653197,27.20105670593738,13.42762885266884,39.22013380408292,36.99410520272512,31.33422890897285,28.70236712059159,30.08828763942122,110.8034404498667,15.8656350088464,17.56038058435126,16.23320737885909,41.67459688213444,28.70367807359561,30.53061159583824,28.33857664813351,28.47996758093458,17.52909757660045,19.77319812087548,27.51820996347474,30.20799418842754,17.13809466200487,28.53140955269924,24.74416285150039,16.17674953407339
2026-01-01,23.26662967752253,,14.38111057637369,29.00804562138447,40.07839913412277,27.36125323418438,31.78827044798549,25.79564427130492,21.64591818256569,36.62037541005112,50.98121955561833,38.77851067404709,17.40311848932759,49.80603981691305,15.90285085691785,21.18632930162457,7.839132587521749,34.54711318126889,19.99206718668448,21.98810600526016,41.39558214215555,41.13684626077886,24.55663325723459,19.70363866716594,40.17028953103493,26.1201925620498,18.35823437221308,32.10335198510943,25.00201546546586,14.31038793978655,41.89708462314537,31.6732667921295,23.5960709616585,24.66537623480583,17.57872119645858,14.98846270346824,14.59045253481101,25.15090196535958,27.85083264066582,17.64398113708138,26.58381031199005,14.22667144985159,42.76056927595531,41.06680730778135,47.89084865470059,19.07589662835183,46.5515481289079,49.05200567727148,15.93396751683364,23.56296655104071,37.32851751476139,16.63452875059733,,43.22766107923089,42.8111533613716,11.31021345833948,53.86325050688047,28.22210197326162,52.42286558143207,62.36932897792699,31.92567123617251,36.35751799881396,36.1043525767832,31.93810868747742,46.89421019305436,19.58276804786933,39.95126820187442,26.57054996001182,16.79030959398047,17.81081758752211,24.48253664204774,13.73465000203986,17.54242947430268,50.92860365113253,31.72309345894426,12.85556498300841,16.03426242959766,35.72171127602048,26.0500263947272,33.56134916585357,30.05604416503925,15.62022985114065,11.53028864609314,17.97437150646167,15.57499206957081,24.38047894881755,11.8359964190576,26.27841026749684,23.23035826717388,25.17518007313963,35.34945932843341,17.73939161795349,24.00583273438095,47.2919201832581,5.100219944757665,42.62890698773597,13.84104336507482,21.22738570250546,23.11851375859279,7.892098111044209,34.72507095408193,43.07378045576074,38.35790582485119,47.78623454802486,28.26292622480882,28.23998525899416,35.5696303821021,19.3950213259769,17.24077164529692,34.16423832855967,15.14949508893445,99.53158783884098,32.15908629768365,23.77076261240168,30.69391518323099,76.45097304000666,19.20839891131894,18.05804866163188,20.68938066425592,67.87112411259031,22.19005285597968,15.24904638474016,56.81503398280085,39.90267751086663,47.40237325864182,41.54390959380495,30.4706799154303,28.1279727093792,35.43479024797833,12.44972668571088,30.91468647338036,25.17342082779393,76.35582322068358,32.01815688301103,20.21567745184745,33.06685552992831,20.01377352369463,40.6471699167155,32.97952573563717,26.45391010728472,24.50168968976618,28.15571472147042,18.57880464508369,19.22271708279382,31.55241623131485,11.74499856078091,10.59572460878803,28.46156669205343,43.49920581202269,59.50454118352655,19.89316931462687,144.7259289955403,37.23540506633111,31.80118300948229,15.809684468826,17.96183484264021,19.36069013198236,20.30368448984447,52.25495662936722,18.17474558796487,44.40634024073276,22.1529452020362,43.77275917993019,17.94903367252209,25.54754636433937,33.45467276980905,35.44196210098596,20.30706672491459,23.2011599375191,4.082772003880227,22.38134836166386,19.39480797289775,37.3786879037196,13.70544164394463,27.57757714077742,21.10895672720889,7.175981159367763,40.79051788804868,28.13154089794126,21.62608771446161,25.48069714738341,44.12624198286681,46.97499999999997,47.00000000000003,31.46236598117119,33.25896097857382,,17.19741760166168,16.70807240771922,21.03783589931869,26.94327225995137,13.82302488340169,41.37035818090467,37.92194737793617,30.15978974458534,28.66962507601481,29.8537831195113,112.9341354414724,15.86563500884636,17.35238477577523,15.33031837003678,43.80911958011949,28.07096012691894,30.43706851368344,28.25069272651744,28.47996758093472,21.71802826458357,19.78769483733509,28.12381590058839,30.47843018910335,17.19176369027476,28.46478554207589,24.76349095038642,15.95264156041427
2025-01-01,23.6718789527791,19.12104375420235,14.78291010439359,28.33327208649619,40.6839418404407,27.71840769255066,31.25371111017509,25.49979454096112,22.40017706894986,36.6692081445964,50.66431693825695,37.14717587743815,17.41686134618608,49.73353503000967,15.56935440264838,22.54561629314481,7.944930524536765,35.86508970874983,16.42693948818747,20.99413505222578,42.45911128462613,41.44859580438337,24.90826724120686,20.57746323868516,39.34789634569079,26.66327296307823,16.51674194139952,27.7690897379299,27.58913934652544,15.57516974030801,42.18553306417674,31.67326679212946,23.58617173196074,25.01111080200217,17.18262975946078,14.2490330976077,14.43387002656248,24.20378539117454,27.42711393613822,17.20675646761022,28.10274121118238,14.41850200841523,43.3916165356607,41.44888420820394,47.88002443002208,18.84585765885598,54.06162554213761,50.49990843181371,15.75744322965181,26.00704475091523,35.50503325215921,16.11492972657047,,42.20147559954656,43.91721083009421,10.8587023722713,53.68518336443846,29.06270710560035,52.35015141515076,60.6273608774704,31.94025355587009,36.3403111234874,36.20100749631041,31.99324752091367,46.7999115337066,20.16573043035778,38.26698020253416,26.91872213443439,15.68101188218653,18.15057855820597,24.189037389759,13.17781369963884,18.13162198635396,50.91823541732255,34.12499430293861,12.82433416200259,18.54300313574724,35.76176661744309,26.05551948710354,33.44217778461962,29.45702463217899,15.37117766881325,11.77548717472021,18.91443766336644,15.32955988665964,22.67852852553188,11.43450931897008,26.25052522301919,23.44301065569641,25.15847375612769,35.17187750081709,18.46147113312131,24.18214723232074,46.39528930923534,5.968084267811294,42.82050646826083,13.27782731248291,21.02308494528118,23.16358765219723,7.791272617574863,36.32473866184597,42.23411584232619,38.37827945231588,47.94284800728416,30.07516154299097,27.3678231667789,35.80411407084939,18.73109449585472,17.59166899511851,38.33578664763552,15.30714634159407,73.72629455486906,30.71109733904003,22.55586393427308,30.37627396053885,78.4590484979208,19.57800155894107,18.74856305395817,21.01659723398279,71.2078896799912,22.36075441400738,16.75152817011601,56.38243931141845,39.00854296958651,47.29414230437995,41.31834400832507,31.07467049725026,27.73289039215487,35.53222463641059,11.31941636043904,33.56318109406605,24.98445652678538,66.640744938261,32.18757693645157,19.34123099401415,33.85479546834631,20.29230483072861,40.27045862977766,36.29855346683236,26.30255254272284,23.10630777077101,27.66657652315733,19.10032425976455,19.89461024444617,32.95531712736421,11.50325524534322,9.966139789817248,28.20120670500455,43.30502430707255,58.89561727588331,19.97137797976327,132.2347692069351,37.6926981694471,29.94833972991443,15.83928084194142,17.26060500196157,19.06502729369815,20.28949026398366,53.84447616852822,17.33760070612975,42.94158250918192,22.51261101661811,44.05191269033746,17.92132536368823,26.07734559247834,32.81519261963041,35.23250932910196,19.64337809757903,23.22047907753017,2.892393037946495,21.27045258446686,19.60855522902277,37.37422545085115,12.28498609098966,27.41228957725282,20.96265156839481,7.187864607757699,40.95566063035941,21.87665402842965,18.66202390396211,27.68186753080969,43.69697626363412,46.11,48.0,29.57908013062384,31.74093871845768,,17.33267207538646,16.57989346945853,21.05928026070757,27.50819797498276,14.20934735061485,45.85253378474554,51.63011946734146,26.89623274151643,28.79188211215863,29.60675747875747,136.8792730528375,15.86563500884638,16.89351139659576,15.06436875608792,51.22910385397171,28.14324983652129,30.88045106116847,25.71675888290141,28.70735758457038,14.452180914427,19.94736142069848,31.57581233377354,31.07730879997278,14.74274067835468,28.37687450311046,25.88677784458607,15.54322534402577
2024-01-01,24.45403342330569,19.12104375420233,17.79073586738156,28.21203815983001,39.91036002799456,27.82535596835442,31.47704628518617,25.30146595338071,21.87175663848533,36.46335137742536,50.50967692969363,37.9133909844078,17.46690022887622,49.6927476977842,15.1503845210074,21.99030231048112,8.338174597214273,33.27672618713676,17.88842029832988,19.76967791723548,41.29059970271802,41.34492605520017,25.23762287048894,24.82273864021419,39.36957298679882,27.24498355120573,17.4284379937438,26.54520107382829,26.46007432436857,14.32272410101303,42.22066808619193,31.83242893681357,23.91230605668977,25.83053743816475,16.40173668193509,15.55248153338711,14.80414551771572,25.2667266750838,28.3268832438947,16.46294096620786,25.02882128368936,14.87391448888291,42.42150583403557,40.82931856138835,46.76451904263601,18.62711518242002,60.64785310833181,51.78815106061817,16.37837181256152,22.99482895140325,37.05611948157957,15.81646199227913,,42.25812723840108,42.07554223262292,7.549077915207281,53.35207777008837,27.37609521539079,51.47007547581874,61.4820980707755,31.63207486123304,35.58720404812647,35.29468024365712,31.63068483799667,46.34308574659211,21.47198105761642,37.62633775492413,27.62264950579848,15.77556792498167,15.57054781420484,21.32800835635348,13.10326567049637,17.9135274620689,49.47747702081644,45.18319430452386,12.41669950496622,16.07522092307115,34.85802627857232,26.55931799807383,34.09225376454348,29.55958701034851,14.97581694982896,12.00283356391383,21.68393292127805,14.7571583250634,21.76946640954609,12.3574622988737,26.62108709037709,24.15952155463551,26.21334005363023,34.75910719559582,17.38244680948607,24.54654775334501,46.05606778069535,12.20981085372677,42.010018347517,14.58306758047887,21.42313162012946,26.4045814276627,13.28516434040541,38.26463238559947,43.43439859058764,35.64648018421077,47.04861103226975,30.2792492911772,27.30535433908639,35.64355608253209,19.23313872299157,17.50925456055422,34.23774896492879,15.11246089347896,71.98044188793854,33.05732926503115,21.75021571402457,29.89439848730484,74.03703892893319,18.122151225489,15.70717656376479,22.32987420721366,70.36285529928934,22.57059138610201,13.68227517206662,60.64696776718712,38.13267645320172,47.7303977823238,42.2387479950548,31.86442969290673,26.93125411768294,33.93619732737,13.6117709038446,32.28546923908643,24.98200309788182,73.52433103837151,31.77143947739102,18.8589461441759,33.85832897517796,21.6989839887667,40.66418029754609,38.89601183559,27.06935064095199,22.20347286595264,25.75963708907789,18.49694261655288,20.57686441500604,35.77879977078562,9.156378074056825,10.75542778882748,28.45414674355958,43.46795740423481,59.69156332322156,19.37545370061902,147.2299203243839,38.50515682352933,31.94507065557773,12.64099330022107,16.87937092402568,18.68735525503022,21.20608707982703,53.81628958934718,17.54817120768324,42.96664421015452,21.55727641517305,43.00639820721827,18.75762368423911,26.73982107882851,31.27012972440109,35.06365461170763,20.95038646729928,26.77061953051959,2.93258123894325,20.12510595470727,18.03929197016716,37.49939753439588,12.40061652162352,26.8122404764256,21.29743477507103,7.525586925672782,40.45708287736004,30.47162267859994,24.71917505358285,25.9067803410562,41.97093101395849,45.53279539588834,47.8,32.4946514958481,32.32404526614798,,16.04200733850319,17.43900074930038,21.31859692705548,27.50780557666198,14.43926986817985,51.05572750824589,47.93424272320963,26.31400014037958,29.42588508938681,28.36047792924433,114.011576333932,16.26038995553809,16.07763633216778,14.4865114124242,54.03449167923918,27.46357910567604,29.87913349108003,23.89513297630304,27.87784741371541,13.84659906982989,17.58243093994522,30.66250299021795,35.63066561458242,20.40595985062564,27.30104270183476,23.0518375361993,12.93651045256207
2023-01-01,24.82183513337195,15.63728201059645,20.85416377428422,27.22515126987266,38.03063361128727,28.47969100331626,32.30775910198242,24.85547476217444,16.69532609762606,36.17168621777832,49.61813369987364,40.6479319248253,20.74767189611227,48.79722963730295,15.21432703227527,22.51601085952331,8.23689688282711,34.47172448211537,19.35672171228815,19.56569680166568,40.20047389417391,41.08961182458196,23.36843100327376,24.02494116544369,37.59685533580732,24.87882534741713,21.49124593948497,24.14361937838386,28.19298695848852,14.04570182853321,41.64510264228293,31.0581694998176,25.12269792288828,26.02567198216572,15.86090287921295,16.62531450072431,14.30444044793661,26.48032514980892,32.17087674636621,16.51239619467453,25.42391725980259,15.08513481936299,42.34858550329695,39.95452797808779,45.65163498297115,18.14123660211892,60.30607477360307,50.82830242211877,15.84549239076815,31.87613372817033,36.07792767710155,16.9732292846241,,42.0760054508029,40.42601885307751,8.221245615474796,53.05653742605447,23.0481038939582,51.39373296280658,61.34914999524326,31.42355399144063,35.35330949730962,35.0609717335524,31.45327419954781,45.77593520084131,23.25752802617214,38.14925273348536,27.35447350000239,15.17011941625851,14.42016558402673,20.38891151591111,13.73932810267866,21.62870564425654,48.17429819899932,36.60664741734597,12.48032458920808,18.08088755558316,34.64443696752087,26.43612863501088,33.53064862741641,29.30087089924824,13.4815151691469,11.44653025504671,21.08841777734719,12.81552429924405,20.92938549435639,8.379029663815121,26.60963423774864,24.28844290391506,26.97371896464352,34.24875837033943,18.07150723267494,25.2553799009688,45.49572530844709,7.224727558028192,42.56133886698105,14.99531002128472,21.32749066292298,23.58939566900248,9.746540364349643,40.02540029532255,42.87493357066481,34.24365182570595,46.49258147496855,27.71060175100902,27.411132233455,35.3805129563697,21.97985132401597,16.98957050073465,34.48251848278437,16.2412612027469,96.2119099670534,43.91855359920811,22.41415894873527,29.54098564715241,76.5139994046156,16.44208724729478,12.704926999866,20.09929304452174,73.57370281991453,22.07576155291312,11.21205689519473,56.35929882844131,36.5237373214168,45.69569167293833,39.50026958961116,27.42673893456191,25.84098351463809,33.70049058612753,13.5820530598673,33.50405432356001,24.28448276008217,68.54075313108483,30.69470210044246,18.15801155213556,31.37440441201069,18.61673597385658,40.7377328866973,34.62028460215036,29.07397262637568,22.33941825617365,24.01090493675077,17.64095436671184,20.88739759165099,33.86165377537958,10.42991818303591,7.288817591732505,28.30898396357615,43.62942598699403,60.10264134155721,19.26651809029789,129.245311536462,37.79857372042898,34.24716845645475,11.53407513405773,17.48183179072982,19.31675130698016,20.28231600653249,48.14325706682002,17.908249478989,41.66339460104194,22.49968321013728,43.15499092666392,17.65729683040828,32.22621452276591,31.30888961895318,33.89848182459487,21.27864986541482,26.5297092232912,4.532071561226739,20.72965115323425,18.06426202640382,40.06201537675132,10.44011278668952,25.83807009077121,20.95406902142911,6.729347053658248,39.38944201760281,30.40635567035642,21.78835801346862,27.20967628494806,42.94516617060079,43.96518345042935,48.27689601504887,30.86137638959872,31.9511220291663,,15.83771885057803,18.53251794908238,20.81944018162634,27.10334430292939,13.81704632291401,43.8895282639059,46.74622234041038,31.22811030112896,28.67671316282898,27.50132213923131,155.9679784072629,16.4791067662872,15.34179150766546,14.38951441280007,54.0628650236566,26.96831113043979,29.6224906962947,24.73642718303687,27.23335905713737,11.87260794033206,17.06349718346244,38.16660660533345,31.50389575504093,14.99738471775166,26.91108509261085,21.90573417986674,11.60215336921991
2022-01-01,22.62202246593715,15.11825238263543,26.62052593426615,26.64457311343041,39.73475831150263,32.54584485072522,33.80673776249929,24.26428634849371,17.95292482325232,35.22943082753579,49.55469976336401,32.13977886703881,22.784991739556,48.9025474382203,14.4701306697592,21.96937787795931,8.507002161584348,36.7671741786539,22.3826608988755,20.09795383358468,39.51749782842266,36.03111897196959,22.38084507798503,25.02969921422483,39.48063525235037,25.17187108161168,25.87005102137298,25.13635454164931,29.11262113079606,11.98451539001657,41.03005454655276,31.60799417249265,28.0850856643006,25.32252553227152,15.109775502554,15.96895341383641,16.23045485002076,31.78056923446421,27.72735599002657,14.50234554354686,22.34863157523348,15.977331501279,40.43433089564725,39.9201716002787,46.70062340357799,19.47955255873368,62.51442113462028,48.47835177969478,15.27336809577879,29.72621287449094,38.89637252221894,19.1977672935926,,41.72014219438999,39.04294562150336,8.538810447306204,52.4575873147087,21.63693889798072,53.69145104534783,76.11653705559212,32.29552313539141,37.1598222520139,37.34471264768398,32.5915279005261,46.43983856617681,18.76366064744568,38.64632737803033,26.30874832634983,15.7326303249439,13.81264607938431,18.91904092181356,15.21910160657409,26.46877471620579,50.51913277074828,32.93170883835247,12.57182938393752,15.28715109739993,36.81857139119817,26.14558223515796,33.91847133729431,30.22136767671556,13.20114112839443,11.8140947061635,20.81217633389075,12.04713287975536,23.70400513409743,7.737864805020609,26.40111956839541,23.74782881466544,28.2409162645486,33.4660812058088,21.71932266776964,25.61297130067521,45.15337060372112,6.571178704559115,42.66882063486203,14.95043798721512,20.72848997401372,22.24587972760688,10.20092083818206,42.03560261272154,42.33669127887636,37.23513103551367,46.83302361825619,27.37883966324728,27.92370212381994,35.9809854871067,21.82298752269516,17.10360846818222,34.72566990247012,18.25399224533231,68.9384382283155,46.12083186292111,25.18846865815617,28.09292191654395,69.57268312024556,14.78668624955103,5.425789347419482,21.59940551184544,85.78375417963797,21.30979606428027,8.363778065784704,44.44463684881847,35.8342179337325,44.51266238505328,39.60898226787819,20.66499485446705,26.4709176329194,33.32797025858279,10.77607977197843,30.82663512127087,24.18670745040349,66.29904603194292,29.8054751716735,16.73767466247872,33.0488354119289,18.57645740242802,38.10451701075856,34.39373608385259,27.67932559049372,25.60667816656089,24.48994785267061,17.35827299834895,20.08314162211796,30.22738422146925,14.80182155032859,6.610664291019524,29.22220403015869,43.2679962166187,60.91811406030225,22.93426354387875,134.2761381691347,37.7091797261749,41.44667620923467,12.11627198687297,17.36639747429595,21.72125490368951,20.40573149136791,59.4509948521707,16.64197348272099,39.87871196216237,22.36048195903682,43.56350622158313,17.56882027865295,34.72437772832192,31.64297876491643,33.80491563506551,23.1692074219659,27.51300128706952,15.74542679259683,20.0165244293314,16.07752247879697,40.83356495226634,10.7882735880455,25.97650648075786,22.08665088149483,7.075673037693551,41.22947206137264,33.87659867410989,25.46494004243797,25.6398110321257,41.51821076267032,44.65785069337009,49.31701056406739,23.63484680594033,30.82334915657947,,16.40312793231172,16.58530509776966,20.04735990970674,27.14706191022728,16.364488760958,30.44630162040942,41.22857404447904,29.22265552085443,29.5832839651022,25.67625634483141,100.7237514180562,16.17283485455796,15.20377815654267,14.03593100506117,49.79237496179946,27.22583023213369,33.07534945844496,26.4639749637638,27.2514107918411,9.849302608263327,18.86778760380644,32.55772472755735,36.10119192614824,22.36562884988745,27.63910385927629,20.38275165185834,11.14523380106475
2021-01-01,21.21784883435916,17.44893419485114,24.13042369307893,27.37230266790911,37.88518971991875,29.89973941778317,33.55041332656456,24.08797852012831,18.86600842352985,35.31195842516661,50.33312286221034,36.37296457347194,23.79166975370246,49.53713785478424,17.490989794075,20.35970030107373,9.36187918798624,35.65005269624655,20.05875588046825,17.02053065842771,40.4665591115203,36.49333357776421,22.44218136196105,21.56638299163714,37.7402398732885,23.24330607954741,21.72123800899669,30.86890418967919,29.07292089661924,13.28523978742819,42.41353283240359,33.10307896816754,26.0903074647469,26.00920419462903,15.57325575456344,14.1657690333011,11.87854213340085,22.56451182240412,27.1980691205871,17.13784626113858,23.28110879986765,15.53718173649904,41.13420769793922,40.07329073497623,47.50210463998436,20.0699447154808,58.77162292714789,53.78375096934899,15.4986696158073,26.22939994209883,35.86823737397575,18.5878990259789,,42.83441011304163,39.52800519245828,11.03168522529656,52.46136900837742,21.5350783081997,52.87961972838425,70.97386010346094,32.08580434131291,36.7488597594422,36.83080242377937,32.39202257486286,46.84132390122505,15.32737819872904,37.36655340533149,25.21667754802291,15.18243144789205,13.39577423309541,16.73042146807065,19.12237412797956,15.36739253844914,48.96285837813004,31.58702972752607,12.30706957096047,17.84238300485739,36.25357258565989,26.30370361401762,33.04363580361304,28.81541392666796,12.46476116439892,12.20856138747526,20.14042499392551,11.31634632001757,19.62158148373013,5.899594814570228,26.19834361950153,24.27390071420126,25.57018876196792,34.3494569142577,23.7143722879525,25.63529374144438,45.61908679555738,6.964434669160312,40.97720753745118,13.71885159371539,20.98659875267716,22.22511121765211,10.34392410294852,35.95001116892969,40.69216121332623,36.69293885476095,47.16364867886598,28.40448816042489,27.18605660776515,35.02599862475086,17.10360347918612,16.81922566901822,31.37049114337266,16.08513689660172,73.20054818495652,47.4538001963635,24.07830657988439,27.79154462945651,58.33165180429016,15.03564841126979,7.956546251176623,27.28336919589115,79.53449609721427,21.34725471394732,8.311265849308413,48.85505108336333,36.19930332025222,43.51050662928055,38.87177734316076,24.79263954427871,24.1588912307948,31.96415987633506,11.07045916214929,26.44582511785332,22.93716224086479,69.34469552808508,29.95500682711764,18.42579618644388,32.49889100696568,18.6769216357856,43.72912129640267,32.84623627992635,26.8895918973359,23.37813592246802,24.20212796549245,15.30930258094378,18.41834147963468,30.57941392377398,18.16087704660178,5.121822223813301,28.74515054045692,43.63479333744602,54.62413934944873,23.26890544446378,161.8472745734032,38.45461308536833,33.31976107272661,12.41708227947,17.3018162640096,20.63742192537443,20.96676045729481,55.974721400233,15.12716964934415,41.89237434369216,20.96851198869954,44.51767671868663,17.06082288330149,29.61152508693492,30.50467983552743,35.71537695529888,24.16145962594364,26.20057183613111,9.551344750629328,19.95420979849518,16.46537580936262,35.08741934262434,12.40343090720523,25.55797230119777,20.67007765656577,3.970224843145065,41.23966036234554,34.81594236882281,24.11699210127114,26.36108199669231,39.75263907917826,45.27313750663048,49.16834632763356,24.7120304578555,33.07277529596953,,11.68849188151082,16.71714201119702,20.04881062559932,27.0015423878935,13.94167580989779,25.52879219218983,43.66073302005631,22.99647249145338,25.6064720109834,27.55954395848777,100.5293063207331,15.25319122864798,14.8564050404368,14.20305327745853,36.51597468147934,27.60082523743777,31.76247226103394,22.23617931252132,29.98345285686016,7.283766926797441,18.69287494493601,40.63705918711682,35.80322575000235,13.88915765833568,27.11366642435242,22.36865349805856,10.54654737990961
2020-01-01,24.85636804857319,25.69422151210258,21.33857205193452,25.71913390415929,41.27806697193699,28.04542998578118,33.80516838198228,25.24856249816683,19.75036297416711,35.6061830754526,49.10839063846324,33.71621016598202,22.58908962668389,49.41837196765499,14.38920162289584,19.26753575800731,8.467772532320076,34.73957154649023,17.28323098787008,17.6516746696859,40.88319196267826,35.17483956225855,24.58673251850331,20.95223365009032,34.54153390400372,26.37991511361419,16.59961237441319,29.14108720967122,25.66550057174806,20.73434736765227,41.41327711844981,33.33971941214884,21.99304272478011,25.27512599869762,14.95062010799949,13.30908562656329,9.95907371103747,20.00358605443327,26.58811622009182,18.25076709337786,25.24781551128463,13.82136916782079,40.362921247877,40.60293209807701,46.73381207400195,23.21812259520649,59.22971224699762,53.70215637478026,14.24051331129403,26.98740521246549,32.82470688300889,18.22676429476969,,41.4068546794496,39.31502217573462,11.70494836533923,50.91862073633491,24.35131181021537,52.76647819327811,67.00634070837961,31.28391381217279,35.8369356131433,35.88599335309712,31.61797088622223,46.49240739154809,17.58563463066759,36.39001844948982,24.94914099783368,14.06799557384169,13.99500302080928,22.97897291349588,15.39677529989335,14.39456250304809,48.92517883842318,28.13735086543069,10.67542707813084,22.76265468921602,35.28941161262421,25.39130698472534,31.5935508210352,27.35247780505227,11.72800480577818,11.39519779141661,19.9046202663852,10.64097494567385,18.72673885955245,5.473517299081996,25.28291536563016,23.2769447814649,24.96025260335505,34.29205351296739,20.67743172633881,23.84340473240207,46.51335106907084,7.90854093701171,43.54421794269379,12.35184104964976,18.5920215156528,21.83457854807612,7.272640712924657,29.05413326544147,41.61057811534425,34.1237946205538,47.40496032066816,27.26058119010932,25.4702140721224,34.52610958494195,17.50902406774556,16.66756133574271,29.01129435394034,17.98458365092544,105.7970694884466,34.12450972113428,21.55458930227915,25.64110402268297,63.044963713473,12.99040190268567,16.73236500490891,31.26551918568115,35.06937291625063,21.61136307468509,8.777226087293872,55.61885187148555,35.93890851201433,43.94752182972812,38.79426529308455,27.98048583987245,26.97388858685814,31.36942089347333,12.39824030983115,26.6561674906229,23.49274137454284,70.34290624170696,28.35439330981549,17.42173696721701,33.3674499564839,14.8037481109069,44.02643056247129,27.88389506790266,27.66572315881978,21.31599556430611,21.63106251684596,14.69619236754234,20.13851465559373,33.40660141357501,17.54996702240938,4.706185685205002,26.35133749352732,44.09630320051245,52.07955821612758,21.02250991674719,152.2006430770642,37.67411317124905,28.86498495900558,13.26482908466353,17.34003963061176,17.48457809233183,20.37446590351693,45.19360759018274,14.65575787145698,40.88190465267699,20.81139521579351,43.37087281279473,16.91259884357887,32.56589029036855,28.70141895648731,35.16381616603478,23.20150820822855,27.16571227966074,4.866994374655769,19.97122850232517,17.28442457923048,37.94642985354446,12.12842888754587,24.5608656729474,21.58594995055292,5.759400126194437,39.12040835934579,28.60076891945755,26.12065076993265,18.24921708575384,39.20373704153706,44.12061097120801,48.8467150954895,28.02037467576965,30.96602055599892,,15.32046240885452,16.43041505545343,20.41434258391264,24.82425947166629,13.38847962185402,42.81198199632443,42.29389571651532,23.27460494605142,25.47544926815257,29.41005863267528,133.2234946592568,15.16265223920073,14.88371658267757,13.684791142546,39.68215550368543,28.15232204096656,30.60853252180381,21.86457460940942,26.98371347569176,4.53098073543746,18.38997854925715,37.03172385593076,35.91137287996085,11.58815088011814,24.99435924901685,20.26839137507851,8.928844419949089
2019-01-01,23.78975023921368,26.94093851508739,20.66572312786378,26.8889374108911,38.15931799731765,29.89918265590922,33.68429995687829,23.92019279523284,18.46875698254391,34.36293175888947,49.61021645319211,41.47488724626112,22.39995198960622,49.70324082378412,13.76993279298566,19.96136946886736,8.143962194465834,35.10254190750539,22.66530933410661,18.58955214090669,41.28236224253165,38.26302621068773,24.62994871277136,24.08952454176212,38.18435019601913,25.06967601051758,27.9786456447561,22.76248982999417,28.32824866425592,17.09119211262205,40.57235528057805,32.6300371111428,23.76662320782308,27.60451309473472,14.97774832801457,15.42133732068122,11.74226345482283,24.45659530258871,29.39705642194282,15.84420097813046,25.88939245878625,14.92440976982761,41.28498782103329,40.65524296770738,46.85984711416682,23.9293374971428,39.56184623830913,54.09029287166337,14.36300683228418,28.59050698437789,36.2855477538752,19.30220872051465,33.97346692402138,38.96722527538266,39.0110559615286,12.81935619475974,51.66654088999572,27.06837568619788,52.95310802082224,76.80733453082806,31.73073191194494,35.4780013330023,35.4128980835233,32.04254763979873,46.40035129713854,19.53425842010833,35.94469677903878,26.84648384309191,14.9713822649392,14.71451241061976,21.18870184422969,14.9353413680553,18.62291734937269,47.51346248971278,26.59985887509133,11.20503556974956,25.60957177627616,34.82066401431878,27.39628348909133,32.53410048562402,29.33425477423846,12.2645039435642,11.860802831245,20.94657610875429,11.08293842062185,20.38915946198917,6.332020331414923,27.14766569046725,25.1426810754549,27.11962799417808,34.84412441412009,20.36765192335363,26.02824460286819,46.66982351976979,7.593454585595007,43.82219272657942,14.26816725369384,19.56062166305468,24.27425828586509,9.25562601504198,35.48382120803587,41.5623413739242,34.89933908153496,46.97372490806877,28.33053782637561,27.60198312668915,33.37824698603451,19.67894272856971,17.00018507977706,30.76639063022847,20.16049412099803,119.0801904659812,37.21974442904529,21.61860395277983,26.99475638445622,63.24480042365195,15.41787050380279,20.74941201358902,27.38809022376913,59.23972254034411,21.61234384557638,11.93395290492771,47.84258198663566,35.05224145809006,45.75054073540014,38.58209191950291,32.92808500673304,23.23414223539888,30.5199010246667,13.94074426535009,26.37615038366482,22.9970314811265,63.70718969356022,29.43785252417051,18.07625066480388,35.59838840087158,15.84474711558985,42.70825622919857,31.82178778583084,29.70849464308423,20.47330909384043,22.05577017810581,14.76500670480487,21.56685779494789,31.92346194127123,18.00360540277902,5.561808729290064,26.53204808731611,44.00681155071243,54.65266246972899,22.8689687032057,136.9575633365554,36.30334982358658,33.94849426592346,11.26461899830544,17.74574236223813,19.4521202853699,20.21707896077942,42.35489796207892,16.31667286364857,40.68889241535867,22.96700079542482,42.59695211755892,17.67906697988164,33.4630643315858,28.86279286160196,35.68187685474156,22.74917029146951,27.80538614700199,7.90416485559408,20.33761799395172,17.76534104338196,34.08248571323099,11.3413685898897,24.7107481276422,22.34064551538161,3.908797007512421,40.19110016603157,47.96815002463116,22.76563399338026,20.2769770772424,39.44381336768647,44.46324891395536,49.22620903966279,26.52979541153901,32.16661916379706,,10.51424498162782,18.23047164240911,20.97999894648297,26.77270184112461,13.23810431357601,43.35807882501956,42.20099037769361,27.28577859762854,25.92895907578877,30.14460780862005,112.5177673979448,15.45188125685243,15.2252263748399,13.45342798136256,39.4207624020094,27.8715291582774,30.01354922649632,23.06548865063695,25.68448135280491,10.08903880238159,19.41451297838841,37.61006289308176,33.25735523886664,15.99116093952021,26.32170827836309,20.41308229866608,7.644072255646429
2018-01-01,22.22171310735632,30.56983055471367,19.82907175406555,27.08959131669673,38.61028599991927,29.52705721690688,33.50806280987445,22.29345855701492,19.10896370435097,35.47931092694178,49.38807653387928,38.61193710537082,19.35965699332697,51.40267948081795,13.50763905857667,19.75728558077801,8.881893251194052,34.57206065026891,20.79378590306475,16.16286340224441,42.05498638698011,39.6494207071224,25.56425656990379,24.58468039617124,37.19052129466269,24.70293480859205,29.99074732874403,30.17325268344391,30.56008410703493,15.91449698842731,41.02224160488443,32.34624511960359,24.13343991043312,28.44043099406554,14.65591171425147,15.54070639916654,10.872542336659,23.00846399989171,29.99024229818585,17.82058956274076,25.17509712894071,13.20367094398917,40.88995680444612,40.99687843159313,46.53410133283635,23.93516510730583,46.2465322153171,51.56475786947603,14.28486325630539,30.09578402603262,38.12194885683581,19.65609703827526,31.5810537941909,38.94657652217812,37.6754396243657,13.07028981242318,51.79405359953429,27.67146730883985,54.04755869902007,81.21925272351272,32.10655368096261,35.73732879157214,35.67251390199819,32.43309157052699,46.52566695041029,16.91817061199558,36.23092902380272,25.91985826490372,14.10399984310171,14.942081143235,15.08501208947767,14.71217401910018,19.57591547608998,49.34842319909067,26.99163574496998,11.30678000290739,25.03516199489198,35.06815820537981,27.98545644332634,32.60867058151003,29.03751949865005,12.55350940591347,12.29553839366787,20.63701735281774,11.32562047537564,20.57010448725785,6.806960351088576,27.60310564274348,25.90101909524502,27.19136913825774,34.93718353014657,20.74251858428454,26.35333916114798,45.19351935193519,10.13617356057787,43.87605987993475,14.92104243778926,20.32355695760489,24.83723025876062,13.18117836721283,38.81135718403378,44.40195279307904,35.61580346764148,46.12868894508996,28.63734928688495,29.08280352422097,33.51129941418254,21.4261922962348,17.54343089174756,32.46959529710621,16.52216126869768,114.0121420093449,36.0491030116273,21.70221785567192,26.60135191965825,68.64230320487948,16.24411781664154,20.8779961367263,27.95746029381015,46.94871505818064,21.96241856854206,12.58772347510092,47.507138742907,34.30690925549949,45.49278576590496,38.6382382925807,31.44723033245165,24.24320364915075,30.67549674955061,13.01323140222954,26.71756121849247,22.83115012399122,63.00312150425844,28.51120556472687,13.01978792064494,36.33558989955112,15.94886212562319,41.5266771242849,31.25983927278017,25.46569366062101,22.21643794775658,21.79371543806028,15.03577089333222,20.15527974823597,31.23551279474575,18.15046646315802,6.039386866165541,23.3398437101498,43.93787161505602,53.70058050602294,22.16572743857944,120.3360436805295,37.3752125273722,31.60139470157636,13.43453566118335,18.94885423458314,19.02416548542965,19.42948641997141,43.96966772364593,17.73925875368753,40.79565406116801,22.1536850525683,42.8556480661237,17.47381417629182,31.15581852040159,29.17273441194327,35.54430189800016,23.77107450176161,27.23952314464175,8.910511022719144,18.88966436458857,17.52663756867882,36.30309109371725,10.07897492203818,24.89983636259001,22.95112781138314,3.431566937634955,39.81174264026066,58.05500827839644,25.9381492896308,20.9025796603397,38.64413275761611,44.95495178433167,50.4406701191355,24.97714380389779,32.2196887331635,,11.12098275815895,18.20525463971708,21.36216504547795,28.18141940854949,13.5200056635342,58.63178184827004,42.22847294610085,24.31360592775511,24.4193332688713,30.78857477168429,155.8951965742446,15.4647388314433,15.26802820435243,13.16151835614831,39.79779005979324,28.45460622147202,30.01447726565819,22.81726914319391,24.64272644295181,6.884412625179364,19.45870759362066,34.93773858101882,30.03115041580083,12.9242361598927,26.42002541507592,19.42390973844673,10.09229347402764
2017-01-01,21.97128913594237,27.05872456391442,15.04203197275126,27.75601551426184,38.20142707398259,27.08082546063207,34.42811288962106,21.23781292801089,19.83304014613512,34.92616090346909,49.04533114943878,34.22922603996059,19.08708857729986,51.49088424205247,13.50774280723937,19.34308681992105,8.068159778130987,32.85192346355913,17.30653050253771,17.01278941240577,41.77034186809549,38.70556402926007,24.18804629283765,25.14171652122721,36.32765309088162,24.33269357626283,22.7387790713435,26.08648325931082,33.52854167064453,12.06294961392858,40.34296269201608,33.02825958795851,22.86508948210659,28.67533251024564,14.83497432858402,14.50270301344911,11.1529365179841,21.02869325555909,26.82497217538641,18.751722429068,25.34860667065325,13.27775324227914,40.56389200685296,39.92768196126768,45.87676374317079,23.65405287613266,50.7136630337879,52.29036134178606,14.14059656728827,28.70151733684339,34.71377480203056,20.65455291446703,36.75499799914989,37.95110185773967,37.79143531474786,14.74335027512662,52.22023443966783,25.84485805483947,54.30017964978546,79.49100890517965,31.88090678466311,35.65598893864194,35.65685408594574,32.36561951321229,46.33959077472322,16.41448709234381,36.35533100453838,26.75802938124929,13.61588494033682,15.28435200259551,19.27323225564421,16.78750369174498,17.47956642223782,49.59056480915105,25.60203397667264,11.39336649590085,23.16884742416429,34.99954640801976,27.85478292919561,30.0988100417272,29.12398513961688,12.05841157229418,11.60362280871097,21.42853701701103,10.90180357188439,18.27459192236126,5.311208661940724,27.08931060519041,25.83344351513726,24.01112121207329,33.46045943145333,22.853453014993,26.45014745926872,44.91293682390316,9.920365605589808,44.19230646282198,14.17964705757779,20.32302128096391,24.98164518786118,14.86416180782525,33.97390409210544,45.08791895448174,37.23403581107887,46.27407504644616,27.31958155716557,28.48142474891503,32.84883360849662,19.82240960448268,17.80245884060133,33.28721751785189,15.56244425265702,126.144528119011,27.21290689393598,20.71409254072116,26.74811707936758,67.11262886984862,16.29380131427064,21.97852402875171,27.94481702359012,23.86352467597954,20.87303520870498,12.78599577864368,48.42451714006414,33.72612278494186,42.64416663228397,36.98127939657571,31.97628353622883,24.57800756378955,30.32794783111629,12.83949015893706,27.33582674504859,23.9841322673824,68.08027233742602,29.02981042086632,16.80594487441125,36.11046850195841,16.27265357687423,40.72271421150567,28.46090326329748,26.60474874774164,20.82930970489302,21.98146109607926,15.84232574341614,19.63123314775391,33.09912614215061,15.39257132211681,4.669527074801779,25.5522429792687,44.11295832384423,52.3650295436011,20.94570821008792,118.4529384033434,36.93365258091425,28.9692609867499,13.95667387162745,19.34159337450114,17.83430695413107,18.70560447278861,39.64427633713512,15.89194484951877,39.64496833991374,20.81702907559635,42.48370024720077,17.61819970732589,27.84306302342595,28.16247213032423,33.36124560269228,22.79153238657512,22.35814986040096,6.74300853912563,19.49499006743961,18.78496945655942,38.11096903750611,9.35746658281745,25.56379892594604,22.07976479125421,3.254151048196372,39.83423029080397,46.33061810574639,28.82251239300844,20.11989761902584,38.79889925188676,44.66434411326553,50.53655493611744,27.98240518797194,32.58127115548986,,11.13649387220762,16.06358132761373,21.10050220164325,28.12861581851197,14.92942318891021,53.49716285081521,43.26237356207982,20.48775607026532,23.11738886606143,30.55895559476162,108.5419731408342,15.28575270451384,15.20788370080546,12.45979263467539,39.313584817983,27.21715151132769,30.39988068590309,20.93113930589715,25.08000860984143,8.493169486935622,19.56529987787888,31.67095473839666,28.89538456731256,,25.84412531085499,17.47487229999226,12.43301743465919
2016-01-01,23.66406108382371,28.15623310146367,15.2040639130093,27.64188583100665,38.65022508464343,28.75297058930375,34.86735169450002,21.4138354682771,23.64005074180804,34.73069037109368,49.1883248792335,34.2550985194965,15.46289704779056,50.94749420608822,11.1391557572842,18.55011833311322,8.438037546871623,34.26436048303482,16.6979055604742,16.74731798564292,41.79702198575511,39.0241340602534,23.18891074140018,26.91276658340843,37.51231009440455,24.0687244459409,23.10976958383126,28.14196438187252,34.82517254644115,12.25140713321887,40.30006887069342,32.17137037329035,22.70603675617477,28.36564260527604,14.6021886454026,14.30327898712912,13.39873109980941,24.26436511356538,27.71966848662118,13.38554551429515,23.91918042299687,13.6617891885871,40.08215129091129,40.05932236636981,45.86531088723433,25.11495451197072,59.62812145842963,52.65405389715354,13.89906673548785,25.3323186079364,33.83564982891088,19.172041621565,29.50033910608531,37.87422070283454,38.28570149299471,15.61251446505776,53.40237440720945,26.38308353823514,53.61648950922992,70.02320121470697,31.94664476308767,35.79900074264832,35.85267371413008,32.54383852345128,46.38832595697836,17.1376652453428,36.01896491092428,26.32579083907534,13.1447705072045,15.98883809156968,13.14844436190367,15.17456755163966,16.90155746270142,50.57260550696424,26.21760794423726,11.4556712913847,21.97010922503206,35.17552370728508,27.7328246894368,29.06477242828001,29.45509473143773,11.63440332318878,12.17067494712545,21.76179936732106,9.95071328251093,17.57211403233309,4.290243475933568,26.84866282245299,25.6718399297023,22.60223858807948,33.47683399711415,22.63871558412098,26.98519820716327,44.87974603708531,10.66462985320747,44.87160532109159,14.35953028644354,20.379064360255,26.75355974095161,14.64037203432391,27.91998912499581,58.54541300179494,36.1237712347272,46.57525327652306,26.28937669622373,27.33753881995549,32.90593063733946,17.00845307385491,17.89141151113764,33.13284958029203,14.98928967924143,119.1107334801438,29.82362319950992,20.06997716617845,26.77187600086131,66.85328538273887,16.02449206865219,19.60239558625028,31.92368670622425,12.74594286142469,21.08806784097347,13.21751687001004,44.68523057495416,34.50608791537205,41.9347779675491,37.00356520055699,30.30566602402524,24.12511229162649,28.89552790877181,12.43833116301129,27.411948965947,23.84111186785291,60.62803860779756,28.40546474914004,15.31706450343584,36.5518257043712,18.73486831525664,41.52235834076465,24.38243257272356,23.67433066283111,20.9674523441287,20.57843013678386,14.8437650799875,20.25479107589679,32.45914637958674,14.89807868496688,3.633577567585211,24.91609635310384,44.14218766272087,52.68989636863136,20.15926375432449,114.8978763473058,37.35970109540888,24.99164043348941,13.78875246298333,19.48934511632762,18.38624995776543,18.26650790298639,41.11123895292699,16.12210649508985,38.66925993383996,19.13255581135171,42.92233964013461,17.32548836887143,30.93508115986638,29.31590985387881,32.91617542330014,23.12589683345331,20.09630929320473,6.057881292697075,20.69098748844763,18.4627616346693,36.05042980996713,9.5226277639593,24.35742742807348,23.25097740206077,2.314479908028538,39.21555171945787,36.52162702110303,33.28984050928777,17.72277166766768,38.30566908759446,44.91017964071856,50.37744710038083,25.62625842802382,34.49041962523442,,9.697817181599635,15.87817277242143,21.76867335427525,29.7399243408231,11.73663428887309,56.43561659008557,38.64049973078611,21.38784731901069,21.34428958330878,32.07955064446603,147.0685088391423,15.32826218887687,14.82742135596173,12.54575124046703,38.32604205515797,26.98656688382186,30.97670288063218,21.12986472971562,27.09190688470528,11.22323854510122,19.06670583237458,30.52701523728367,27.00121892730899,,26.1835742003847,18.23674721635816,11.97064038436873
2015-01-01,23.89799719952686,24.56904147967918,21.29108500432496,26.43999402917024,34.98327467538407,20.05002247966989,35.36577201933764,21.49394224020296,22.41431784699921,34.338426434147,50.73907393954985,33.86609476478135,15.60861195091884,51.40557542270502,12.59972708781202,18.2690253757953,8.213396253467439,34.55493803572936,17.38524331555831,15.07523048480679,42.49410899408219,38.8064744555008,22.80455691607387,31.20282052100275,36.90947368708195,21.58496980544175,25.59761057580864,27.05342735771264,32.99195799093167,12.15985723729121,39.95657243796726,32.4597925849476,22.93943628365022,28.51166114880421,14.46045622783834,15.07484622492421,14.6915130602115,23.48303459728014,27.75712782567554,21.65714034888177,24.53994062232381,13.23686598692226,42.24666878437798,41.03127103346588,45.40066018146892,26.41962381432462,43.77249923569456,53.52309076024797,16.69462429462153,27.03919296679781,37.22168394851687,20.8949431443319,28.31525698448288,38.41793669833467,39.0138946993678,15.37866764816989,53.31649158864276,26.73698549131447,53.70790069237695,66.91305283714809,32.12979486563908,35.99308112927235,36.16781364749595,32.70965413659987,46.55923295303802,21.13613970948365,35.55152031933345,25.82902363128927,14.61597253482172,15.15096637886648,14.20297898605077,18.34174634211489,26.47369178705397,48.82332580038309,24.46102830351571,11.10948293928118,20.99122139832867,35.42133868335205,27.86448336114818,29.47198757437118,29.32828538309582,11.83295280507481,12.48104744768385,20.59972296305297,10.21422835916475,18.46025017745174,5.688792751427339,27.23085991721049,25.91845957226637,24.40561664691021,33.20432802769846,18.62954606508428,25.2407869363111,44.07649131967106,11.27529103013081,48.35092377687385,14.87824028471571,20.06357083691679,26.09708980329362,12.83764621599206,30.63424099509915,42.89609623190491,36.36027956721123,47.78467580284234,25.67142956904893,27.12398469524306,32.94299562042944,16.6110086372381,17.14451715329142,35.56689200709704,13.89828426234556,133.4659091455094,34.70399170231907,19.29662403433871,25.66869530188214,71.62998154001967,20.21191336715106,19.18918670974433,33.38551147996056,25.0305399099407,20.89533788906016,12.6298404243041,50.36865756121393,34.43161909238527,41.6693755725642,37.12327721597387,31.82903076774075,23.89895678038463,29.76021465964287,10.17888426471253,27.27303949075079,22.69858412115055,59.10694398809007,28.74708831138162,16.06865227627729,37.00765061537558,19.40569572158389,40.86169793663089,26.13433054406273,25.61112947112603,23.21353224577541,20.24812798910004,15.35167483559438,22.16229643383811,35.37247122723344,17.4909903823456,5.149038471042145,23.80875483765384,43.4165981335145,52.49880998731685,18.13010055376141,96.09943952019708,37.52555912445854,31.06774688719798,13.09416523038939,19.18849019442907,19.97341279397319,17.93035929954614,40.55568167487517,18.29613530913853,38.90165930559413,19.39713688228836,43.84319085625606,17.54082388725735,57.00665666779338,32.81516591574666,31.88702711110005,24.18232409439845,23.5623807351904,8.509042881258058,19.28350820379402,17.27584629812471,42.26721258355301,10.1995457036872,23.47544219874137,22.9691704861467,2.063964171380959,37.71642286254736,17.41247404846474,33.98469809812215,21.58964437022339,41.34440127251441,46.65726257926581,49.08644328347203,28.59022832528949,32.91009973378873,,10.49594405981441,15.85506942654849,22.46532233258815,29.94427395995174,16.61565523026177,64.8576012982013,34.63378083083905,26.76160122040374,22.49588954934954,31.91055789214553,131.6588179988911,15.61017342047062,13.98221484778126,12.29720194656275,41.88367270697908,26.49408720426426,31.50143755124351,21.45935589157822,25.57478501528397,14.88499873672864,19.1903698994848,29.9858329278318,26.74657250785494,,25.79009720693143,18.76996735054976,13.28852570019599
2014-01-01,22.37560055669764,23.68365247646221,27.22510104775546,26.27161066612386,33.80542867189943,33.17125454921513,34.6005024137508,22.04803111102116,18.2560358467808,33.68731425102249,50.47265576011153,39.11653189722829,24.5294204371375,52.24128862428048,12.57401212900401,19.19030771613429,9.129085611193354,33.42860442174793,23.96600494704565,13.60566276548602,43.31121651931796,38.92855905731089,23.09251487275467,31.99343129712002,35.15149990233214,21.15905703838924,35.25111231548709,31.33420221126708,40.42932657380192,13.63525305615925,38.54537926249863,31.30220638152773,22.35624147876412,27.74005012789495,13.6453798923177,16.16242955562868,17.41541444581774,37.83012640905959,29.51712685437808,14.199788207689,20.83543152743027,12.94649602078571,43.26309286841925,40.21486110866834,45.23965729258461,22.06743121823167,27.16273563687765,56.5297420240352,14.28232184163764,29.80231658587294,37.82721767587318,23.16891257805531,21.47666647121261,38.98324171831341,37.96882892606054,14.90141568379119,54.6302008695441,26.70522970240062,53.82028320130675,65.99151450433448,32.70349750078129,36.41780553805901,36.39238699251399,32.93879938436179,46.98266007034212,29.73511010547571,35.35838205161845,25.73594434970066,13.15435666865572,17.04980821376426,15.04565452037332,20.52323573299549,24.05693259560102,47.20812759340224,24.49404477554205,11.67475607632581,19.22168673536325,35.62362625776977,28.15243538122777,32.60885678980818,29.26588236719179,13.25795697041399,14.50720211882547,19.53450601198039,11.80673457742793,19.71423971445428,8.640485780824513,28.02867841685632,25.24536212063394,30.2374943360199,34.23141316218483,20.84491871201545,23.58142876971489,43.55487206918071,10.98838609705117,47.24275472731554,16.56021658427884,19.3006595286323,33.03497096138987,11.35592895716833,38.15224804842041,45.93470768369542,35.99219498207522,47.89650284160548,25.58184515811061,29.55964890700358,32.1873431630298,23.74208049204663,17.67152073083075,35.43978696960773,15.11951518529431,136.2037922344659,35.70442609671684,19.41946608232191,25.06403849880753,74.79165411911829,21.85478813239138,22.62960862245039,28.52194892356112,29.51108687998882,20.33048144452477,11.17944983866824,53.26010859157677,33.21396302999179,41.94402931760871,37.43965220889252,37.24142527302233,25.89702971878888,32.17242353607596,10.59406308209038,26.66624847743095,22.57812152101276,52.39829147293287,27.51942171707121,14.39574437494604,38.08683019500475,23.6748861753092,43.64590012828014,28.41817231960971,29.9801909360593,21.25699345670563,19.40225037045515,15.19180931870961,23.32852953233051,35.34842098683367,17.51403716446608,7.766543755706664,23.6945987637967,44.56630814865898,52.32751735993611,17.9406263819373,90.88958634642655,37.27955516826424,39.83847599061495,13.72497188565803,19.8825114177985,22.20914530428724,18.15289121657373,43.43538904753832,20.78540516884388,39.02048608776244,19.44167940510982,44.34357508028912,16.86418199030733,45.66766756632181,31.99888606255432,33.86823513343673,23.87995917481291,35.23725346582551,8.791961474724024,19.2035914896094,17.17444690559406,41.96781554354499,10.77999810955964,23.59084033948057,24.79637180860686,2.254644497159885,37.32749939420125,28.09581870686147,29.69359028956738,22.50659269014056,38.72793790155207,46.02947607919315,48.86890065913727,31.51953942124597,36.25490966064861,,13.70305341394345,14.78673276856396,21.48686614731276,28.39463209897117,17.89832640030957,73.44899195459855,37.83622439190245,28.65700799056842,24.57190650407764,31.53829099919112,100.0504561189551,15.4312207056604,14.37713517585457,10.8245899843572,40.31391485077021,26.49590584600681,31.29793206261314,23.69768268945648,27.60928208318718,21.79819467393755,17.73823893150345,21.77678824404762,29.97326102929513,,25.39472524749091,18.89477366416236,13.34549154532202
2013-01-01,23.40640885844318,24.34602989790791,32.65845949425506,23.97749475708777,35.32276222188028,36.87646898829674,34.34910502769522,22.20379399976012,16.86982633581336,33.40758573440414,50.43498944711211,39.42281672500034,32.87032827441311,52.73840204552769,13.5289943130615,21.71259520737399,9.23074604031246,33.71843547052042,23.40609091202171,13.0509500351724,41.62296635598659,39.83108064308766,22.59939158793973,30.94290829847601,36.35801303358642,20.59908895437556,43.86055116125279,27.95193425988529,39.32560817621817,11.09538855726237,38.46603516788304,31.54376005044579,22.64292827892688,27.28085520316057,14.2362979840986,15.64940214248351,15.22101700317596,39.54235810225105,28.97761880201612,25.31518185535369,22.37710155432172,13.2731820563588,36.93820536130019,41.08362870714421,45.28592559515503,26.4765784114053,30.55930074552091,54.63644554846256,14.10180319402011,32.67804598038455,38.56505381816853,20.607030890988,25.10464764814723,38.67071872330966,37.64237427615282,15.82525774909025,54.5845884705917,25.83025648731574,53.65363864113128,63.09700560071878,32.94864050123768,36.41086657214456,36.23080429135845,32.99969559068981,47.03776415995363,31.60545810503131,36.2913286888398,25.34916172253244,12.44752337154203,14.76535548001365,12.07270225423734,10.74284774479697,24.87031319312485,48.92290831877804,20.86567850838018,11.83024745885293,19.24703662199071,35.50746868578386,28.47943148586208,34.28985617910905,30.08765677353653,13.48697766817521,14.43617518076789,19.28067073749765,12.0844419626419,20.2899067629229,9.177800864782698,28.596201160942,24.97756259145689,32.95969372871248,34.27617130591004,21.04283326064024,22.49754698314421,42.44584997780737,11.88245849707817,47.481118099574,16.86441737983093,19.70328706457812,33.56587155361409,10.80504838305903,42.18670139589096,44.70566836480969,35.63172577996987,48.02613521203557,26.45995481845447,25.70218377976629,30.79198986771633,24.75433302429719,17.9845289788875,34.44764806322834,14.50819986258877,89.74008027581911,38.60809414314123,19.80574536959795,25.88233488415968,78.81591207631185,20.20896487691326,20.09661993075438,28.70589401118528,57.1600614464973,20.30814968031231,11.60455566746727,55.77426634179546,33.03962863033063,42.07945900253593,38.09568031683383,38.2437510296199,25.72922209964764,30.87719702367226,9.299126290010786,23.50372673813258,23.10944822208713,54.77413000414661,27.83692076566426,14.61636889917802,37.8933254606736,22.3594129263304,41.74463425262404,31.22379005754595,29.24878458849194,19.4476962938345,20.11519205103875,16.9843001337014,24.30187564430807,33.61825796486451,18.51584346551785,8.154237169756199,23.90330428273549,44.66973272412845,52.64965420659116,17.06900140714767,67.73006321959635,37.27238065186237,42.07060099831122,12.02524429892634,21.19234655554922,22.21120828045137,17.69416318350475,40.66934160525059,20.74002381637215,38.96346703668256,,44.74327906273656,15.92096901986274,47.56324261891234,31.78099138757572,33.48969104631741,25.22921749906235,39.92984092264106,9.562768479155272,17.75485545032488,16.87722868244313,45.35545649083855,9.680161948426912,24.03732946143104,22.419215391602,1.888444155574298,35.79366811982389,21.88634008317665,37.64280941836483,23.53751883042353,38.2392896281748,46.49804529803309,49.733244046743,29.37742725538576,38.16070191391745,,15.08901132208083,15.40280904997428,22.23541451206463,26.93865003639773,18.40582564249461,81.77599062476502,32.97615703398411,29.04646000457813,23.75005965900349,32.34260309051041,106.2461028600295,16.09374788156793,15.03254676067252,10.11214866023395,41.69028218436588,27.10459212033322,31.22160695588298,24.23433810225035,23.66205911028067,26.09927845621474,18.49299767834478,19.90492875782561,26.92164764106508,,25.00588785654367,17.62920622294735,13.98198840937915
2012-01-01,21.80626729382471,25.21026166178926,36.85958830067106,24.78850359552623,32.28657975220098,36.37907083270072,33.80336754091779,20.92139063843436,17.55727312640952,32.88100524364066,49.5768335895011,40.34191667169008,33.75021168752841,51.89642105914378,14.02036749435579,19.904706119256,9.138723953917632,32.08459439451487,25.34748527861424,13.71865554098262,44.19099918771332,39.25238751362769,21.83272604149574,32.75686486950861,36.95817558847627,22.21834308835617,50.65908319975384,33.01715861909832,38.03378451815967,13.96633253805164,38.40168651396316,31.3516453008377,23.77178989276759,27.39709696676889,13.86528206381604,15.7482169799048,15.11833035510239,37.89273798493805,29.2473371100776,16.8215102902852,22.2170800842551,13.12790294416633,36.34293217887296,40.45060370737469,45.04679774799234,24.43476473553782,30.75798436982085,54.70316513271961,13.55928570146572,35.99481824979942,40.33381904186728,19.71986942513142,28.10751240552663,37.74185203346834,38.53576268787431,15.4763018322119,53.54230504346785,25.33385040607155,52.72100530243209,66.7124747521456,32.51353086306877,35.20265429730475,34.73618552488686,32.36699748131361,46.37275335973718,30.15375859931623,35.37568507551803,27.02385698015063,13.69569638236161,43.27278425875801,16.27146926162731,10.85109448399362,27.96091093390313,47.93404167419763,20.77623805006936,11.7346557238064,18.73496202323389,34.16381632762964,28.91133042832758,35.62978384468791,30.60621479138872,14.5011174265694,13.46535424922218,20.29340230148325,13.46937820489518,21.97562381278693,11.44731161980276,29.05860659773414,24.9539106900425,34.20725527645535,34.87485217728728,21.43689769068876,22.87297188080703,41.86636304779765,13.7234488510566,46.91677070369048,17.2493455749896,19.86619498814682,33.85897566554563,10.90040482881158,46.98537259563523,44.6203657486838,35.10867368209261,47.49534417009258,25.07867434230886,24.99336460251617,30.13374174131391,26.34290317514449,16.81008972527208,34.72186422159021,13.57957763056911,78.47517443446252,30.62000410734271,20.45319979921233,27.55263298105184,78.64225412803137,22.37584409656648,21.79567178200823,27.89336822240354,63.99197464776669,20.18111236063955,11.87559522147495,62.71179328004551,33.4563711953023,42.31787680919568,38.73592187337339,39.16901413192895,25.90913966878381,31.73681602713842,9.278439015205851,22.86168412561327,23.43369919411709,52.45013447296411,29.44999282198743,12.2472742118681,38.38224480246006,17.25359048914119,40.01765416574626,29.81605520466615,24.66503518463628,23.20987768824741,20.13520869539065,17.31350662985323,25.40255327399957,31.93955872332381,15.81115224526455,10.44760634241821,24.30832784047494,43.80886982097498,54.7655463296271,15.58966993308101,54.08954701219438,37.47509073675937,42.70235998999505,11.68526374491886,21.6687215244286,22.37505333974413,17.4860319825644,44.21718909037798,21.22709806345529,39.37476652681906,,42.63156770522141,17.00066906360934,39.53739593044286,31.08501414438519,34.41103898090743,22.47747586721542,44.20807999704934,9.113179650835704,18.78700843148356,17.1611217891532,33.9965738637058,10.0400803325365,23.57478689958541,23.49700337760656,,37.22890961979478,16.80817921717285,38.24329246111179,24.68392409928096,35.67388603453795,45.80977135605673,49.0543550199423,30.45637368000551,41.49098028949391,,16.90517244142259,14.46273901154086,21.39081876274977,25.13434664874686,22.19296865254116,90.63777785498836,30.30573184728349,28.61118434706092,23.45060488120865,32.17323303289169,86.42508438953234,15.81443221771162,15.57996892165826,10.73228342407575,42.99922691858521,25.50534440169225,29.10896120635292,26.72615618881826,24.54003624278893,28.15121289183648,18.00419846524333,20.57079019289127,26.17892995625923,,24.57920896735571,18.69453128979189,14.46142769502261
2011-01-01,20.77035551090185,21.26482388029668,40.47710139824011,25.40695693759047,29.52682362746527,34.68530757480926,32.15625207818697,22.09638751320294,17.99538077517283,31.67939812300406,48.85888208053358,44.59426046810798,38.69561589747242,50.58553599104415,13.74647421138859,18.39661287195637,8.569630468885196,30.12021440333075,25.26609491702029,14.20350036912507,43.65453344471788,37.48860232723071,22.41700655977932,31.28756593644067,36.62592755627388,23.00145684415474,51.46806516155124,33.05739792839616,37.0420863829613,12.00886629879302,38.26651026485531,31.62958272335337,24.31288014299054,26.55089186219261,10.30784838175636,15.58084646572007,12.74862346782853,43.9378638106035,28.2403422522823,14.07838815449968,23.36658810809795,13.27014957553016,36.42493491320922,40.12748589560612,44.44954512524983,24.09332038100343,30.81521256754323,54.52461737205523,12.91960283561378,36.66224794611129,39.48739920776863,20.94845895391517,26.74858775203626,36.24718112829726,37.70758930011361,16.62100239899338,52.81930636715489,25.78444351406762,51.70932540500383,65.32320022674467,32.38577541927285,35.12429802091317,34.69234050383733,32.22404667456977,45.26532993860861,23.4834141268424,35.88555311701882,26.32400201154242,14.03346195944157,15.10576412254294,13.51637784333818,15.95971491448287,28.3270765738872,44.57550067575869,23.46506829007263,11.68376545298449,21.37952045510785,34.06943645623599,28.46560935568684,35.10574032232388,30.66667086210336,14.96672155865063,11.66332107227202,19.94938275713335,14.49654144051434,21.76324397150385,13.68093818211657,28.50301851181267,24.09082081414294,31.65748358530173,34.95148485220972,22.39509144059492,22.96920895005456,41.12289167293816,12.69994809686814,43.92020811124668,17.01016377859606,19.29143266561769,33.38335614974498,13.97536875777501,48.11364294926101,43.58265027896405,35.8862955076629,45.50222250647565,24.92808642874189,28.14206335455221,29.41631314078644,27.04495057598766,16.47958355068336,32.66281453146672,12.69290425200916,63.3002501238356,31.86735153211797,20.00565106814922,28.64294409701201,78.22874351273464,18.76029162557738,22.87568456228211,25.45510499747839,28.17569954187038,21.5037595079372,13.12220703987475,50.32621223635843,34.18529733908898,42.15393639942694,37.85054945608317,39.85019891555231,25.155320462694,30.51255380970007,9.997886195802232,23.12983029976645,23.41794393943238,58.04817448152898,29.38197188196111,14.40760517950523,38.50813331816631,10.78521290399409,38.86405549009986,33.9179489286756,24.56367264623588,17.11070716395202,20.05118333187149,14.14720332595251,23.52019211312717,31.38521243883728,13.13561486494767,12.58985611275204,24.12593791447919,43.35432377102283,55.26977522500113,15.62867969410278,47.43049585527858,37.35675980139252,42.73353888695043,11.6889843054316,21.74892660676131,21.84236696275309,16.83829387317192,44.69872403382013,21.90341166453731,39.14366923339672,,42.30059455109209,15.99170437557101,33.73302363509535,30.9134234621574,34.6930299314549,24.11356800626836,43.78219910220578,15.90605306121937,18.32699151572451,17.62220832852334,32.82468327695903,10.40109067766525,20.80538853411425,21.32665423095284,,36.26369836399646,25.41719100649436,40.33584272225705,23.36764552077514,36.42870604988168,44.72501570057175,48.69225659459023,21.26164650297391,39.76425074053498,,18.0817879050405,13.73082758477911,21.20754280165048,24.88518071272028,19.2228692697346,107.8975163799972,26.58178803987953,29.71273843412979,24.6940417403893,32.24977057081771,68.40811594042462,16.16982567417189,15.51841211031149,11.13159920376367,41.37333991511869,25.99484929864009,29.08041007133139,25.67843502532464,25.87566674869989,31.11667229724572,20.32286305406364,20.73475499084945,28.40312643274902,,24.37524604507087,17.74361142856418,14.5057469878451
2010-01-01,26.95667272564578,21.72248841731695,37.50651748603957,25.86652690200512,28.50610429618301,30.86944219409527,31.96461396409493,21.22110350683502,19.71776737169908,31.73794867111152,48.89226548083901,45.78928491463558,37.20676146848672,49.7693823952076,13.80024046942592,17.59670432427207,8.367746244515418,30.78464886156028,21.78759154880668,12.86209471616261,44.62179635276042,40.13191232339859,21.40077095283366,28.87373971596094,35.96213164025578,20.85933364850314,36.78196798753629,43.47005778559615,34.63042432738802,15.91196156401105,38.32638675476337,31.21162481495984,23.10375483612263,24.30871728722688,13.12846972040284,14.24557613875105,14.40287750544248,38.51445355033491,27.04740271589803,17.47120150866751,26.11116692688203,13.08598992672916,37.01178247889379,39.05221287037386,43.7083502213929,25.58496049562631,36.04459679460928,53.99465827052407,13.09234267202851,33.74232762351948,34.01019782924732,23.91089020048064,25.9277805255168,36.35740777704023,39.60873715214466,17.16248426551909,51.44328636651129,24.25291731291351,50.55928760191877,68.91118875389232,31.63482335395846,34.52615455721335,34.03927102061183,31.41680559613712,44.66118766997964,25.78827315856866,35.22820033431549,26.48603745663788,11.83985570311129,10.84941455272848,11.62695286090351,18.32352162850696,26.64585391040687,41.65919392818568,23.90942513138048,11.19057292734179,22.04312368271816,33.47118855791385,26.73734462812501,33.12693114210998,29.54871489315785,13.35738731848387,11.51257208786942,19.25083565244291,12.13309681559761,22.08311375241027,9.837470612664173,27.05351262826047,22.29512319196872,29.76837974887895,33.88947159519261,20.729184516196,23.09194159285961,41.72177392164355,11.14054291676111,44.47914675057639,15.64410660089531,19.19038217453209,32.80242743116798,13.222357550665,45.39644421777289,41.68412715386812,35.97069075386225,45.63742626444426,26.16325846056207,26.81091387006586,28.3937236775431,23.94311273943221,17.8700840404674,31.16010153650749,14.00553968052749,67.93923886206579,27.01129830208738,19.46703500398199,28.87609610998834,77.11748371805975,20.93292759678226,21.68512958553335,26.22642840149912,64.40770548299535,21.53007528084073,12.58269834668921,53.83216901647968,36.08362984176574,41.69875974878958,36.9936415610169,36.53013757821128,24.77708703622943,31.91803238066852,11.52013962789278,19.61315652283017,22.67832130436318,62.73449035596074,30.09968053748368,15.21811380319038,37.84374590128099,10.38030888024471,41.83813793448737,32.00086121948015,23.21439959564855,16.8710584065777,20.2346217296809,20.22786313399484,22.28540122241641,28.48779139379545,13.30935114964793,8.820080905245646,23.280442882766,43.56180659448666,54.20333166054879,15.78239937633096,73.86424989171938,37.36241438017183,35.53104888756314,12.90130951902802,22.73691850253306,20.98633615261738,16.09457828973203,46.50697370213278,21.45606251685988,38.56901149904942,,40.46879135151484,14.87126794043821,36.59678859420861,31.2040114904778,32.31095438134308,23.47009634457353,37.40320086511505,17.46166722428971,17.76102715808712,15.91501961240019,28.24669300284139,9.399437673790274,20.62443623749295,22.12460850016352,,37.8192471793582,,39.57006445181349,20.87308584965174,33.60333959969037,45.16752702429066,49.60104338600383,21.72072458487712,35.09739847000737,20.84780736357418,15.36558877898207,13.42683200097084,20.93915299153387,23.15983781438621,16.73622539661642,101.4938296572543,27.15089903279496,31.65698964651327,23.54212368485331,32.23134695882787,70.57725044394607,15.0462444555948,15.06086395775125,10.77933809934844,41.78174792630635,27.01300834706874,28.77009896022819,25.95321874109204,27.35756272838307,26.35918794439904,21.46968572250949,23.23802528158062,23.90312496627204,,23.82631903215427,15.63368273776693,12.73229644807653
2009-01-01,24.25665114223775,19.39054437480299,31.89817805852312,26.09299983817748,26.40617322371108,28.87034321830685,32.69439152070424,20.86697026499761,16.27694251522599,33.07863238434444,49.21681702955315,40.36292140782607,32.84299085208117,49.08269228004084,14.75579378522572,17.35867211426936,7.895902430372739,32.9159711455942,19.23421480762182,12.83864513309965,43.62935325491098,44.47080496694731,20.71666831512454,31.17978060492816,36.30613534157986,21.63570521296085,38.44478840141454,38.5059747144672,38.34347632333478,15.4552158117529,39.53939773466367,31.70618148726382,20.71672406460111,23.50103222113627,13.38398474408711,14.66415142406188,13.3003796840915,29.18910826001312,28.24016967525589,14.02163704232586,25.30937899192601,13.40772716473891,36.45544406010045,39.00010264845691,45.13334161998741,27.12115819971688,35.59939133949308,53.5827074407498,13.26049745329012,33.58450785029491,30.58227751962818,26.33069738398982,22.7799701851889,34.83527339490582,42.66874871749877,16.18065830354736,51.60756045890995,23.43068709747035,50.61230783535829,66.22712771228521,31.8920911081894,34.76415909678476,34.1943589939577,31.66922029438506,44.8424676979675,29.36833383712447,34.20567460024817,28.47054505535155,11.52189275872157,11.35726246588936,12.70555727322945,23.28666035843687,33.37252017673821,39.40208925643536,22.75501716496033,10.98023547904027,22.86306923804205,33.74461308616073,26.14363290516128,32.79232324714982,29.13819619244742,12.36055694293178,10.7410868687051,18.40551292882555,11.05205357974763,21.37601741172713,7.923560896174738,26.58325101590151,21.7832163846966,28.53739442542669,33.91797869235385,18.81776467584173,23.48679034354368,42.12488809310654,9.55531638551978,45.90095685704731,15.38227768189474,18.84211541512407,33.00106182161397,12.36170428026196,46.18031139479646,44.84909811469057,34.83130901144611,45.99607223501948,26.84463614994376,28.41425839739972,28.71277472821804,22.14210217909626,17.14968935742479,32.91896563673404,12.68071881137447,66.10214161079304,29.14439835276222,19.77829458871124,31.88712971138932,73.91658795531673,17.00759016320842,23.98860893999232,22.55177527357176,54.8180537298395,21.5597339809171,12.68437864099135,62.28490084119901,35.72246622560738,42.48272118041418,36.4500085219198,32.87763131230385,26.47670145932658,38.91717800238402,10.24707776993798,19.05726351385336,22.58119795727037,64.56935351015213,30.93444149128604,16.38950268176621,38.03457544094025,10.89469697461154,44.8063568821663,30.25497378354478,21.34420415706639,16.04223277147286,21.15572901346217,17.2083426996384,25.00939533588061,31.55728782210581,13.76072083413793,7.175778097331481,21.8436953105777,43.36698017845893,54.70483405129623,14.74318214123132,68.34519682520262,38.4820537348195,33.1008134435155,12.76996848432492,22.03753912658304,19.86587262547961,16.64042084468908,40.19123712733771,19.16856732969272,37.66690364658298,,40.38324216935123,14.84742962894641,50.56154090408042,29.45323548047576,32.70722920157234,22.85591208791209,31.68228289179718,14.95901803621005,17.45576823348814,15.75864660169597,24.83029199715422,9.790585091105514,19.31237448901424,22.37691526497065,,37.84152490254666,,30.58735771394806,26.0493303002982,35.051385447841,44.12801455751138,50.78840059143206,30.86554437099341,36.95610658011626,23.84987770674311,11.30697834761624,11.66315507321429,19.50786261674516,23.41475503946583,21.92148985898702,104.6652127361166,30.7489907167699,28.51537614107908,22.05066317398484,31.82415717712637,86.46842885566915,16.36017745344324,15.11524320733596,10.14660123485848,40.79315895635146,25.79973227259859,28.22183236002086,26.3786671199921,28.17093941268512,24.58353170862976,20.1504932959302,24.15182334725122,28.47746495525391,,23.79009338650053,15.74996647094873,6.538814656436069
2008-01-01,26.82534766066668,17.03577894328105,43.37980086748931,26.84228700047656,26.26880641066089,39.588661035792,31.11432064237255,20.47945789668798,18.49298449934968,33.88371678144144,48.8325700317496,48.63283713114019,38.45843050924082,49.67999363171406,14.5085124577802,14.9632533903772,8.174937230010038,36.18371116391753,26.76592665080909,13.51385808182611,44.54912488362299,49.10283659320495,23.02908756421844,34.20373892115727,37.522607942242,23.11554562531093,63.31158200415446,33.53500553281985,40.508773735241,14.79581682509344,38.95980847788317,31.47936579742391,25.72156745148743,22.13278932182056,14.37953180154163,17.87868548561716,9.654504967356973,48.06263937841006,28.47067022753713,13.6644922425952,26.18558575520858,15.36204879937193,39.08414213945659,38.92334585903778,44.16173608107273,29.44903692208147,35.44064713278492,53.74524581413378,15.06136259365308,45.09175949170854,36.16057945830676,26.63924489848331,31.41650242485761,36.77456240021862,36.62763988273606,15.87368065390917,52.05479452054795,24.39325672616732,50.78042211055276,58.24809454465909,33.70591733312047,36.13538993749378,35.59626307727794,33.30015891491124,44.8499465678365,29.92343674423909,35.56640579896481,29.85186507228271,11.07371227788202,10.45930645658429,11.09667634783737,21.01986722675369,34.50643462364261,41.2238821724805,24.18043672358013,11.6906283437949,21.36383886997028,35.08954760705317,28.3914160511714,38.14176892805258,30.9180202806156,15.5868635587127,11.16138686449685,19.7699907040738,15.05594548887357,23.85518669088336,15.25025160506367,29.25247812660206,21.48134615456566,36.62604949391217,36.44372950029422,18.87729264516212,26.14236796360596,43.97353554013705,9.40979046668562,44.9901588829718,19.448114296579,20.12213505254663,34.5267322714822,12.44595218741149,56.39862611421294,50.82938336946301,37.71801278405945,45.16687757038912,26.59831341789335,31.49236280084767,29.68251007067519,28.29543375257796,16.96393018093561,29.80821918944476,13.36433787357124,63.54586438300862,27.95919748889422,20.68284331259665,26.66079626837404,62.01375490592658,14.19619371566577,24.46864250404356,19.07888607325059,68.7089825884105,21.62683690205557,13.15640535100978,62.16685601176116,35.06531302461799,41.29419262925055,34.89658258479232,33.16603596098174,28.8808579015212,40.62757835968586,13.98795123115273,25.64405454247984,25.82067595047419,67.965300047322,32.83328111065584,14.48831333216857,38.07004040792765,11.67066740861927,48.85427832583646,33.1072688650005,19.39768704305354,16.49351824322674,19.77467077644392,17.71710590802702,23.51527477432794,31.87419534065631,17.9853061276976,14.25665842674589,22.14525571727317,44.20166467321461,57.40731003025814,13.09967248964545,,39.91642726017394,40.24234583257292,12.09761545241425,23.40625651392468,22.37894220251033,17.90062989250328,42.62306526856644,22.48803483694797,40.43043218587943,,41.67477002034586,14.1191935508736,33.03618320207672,30.66683412635871,36.55990183983497,23.56695704919614,56.48155843462933,20.20330594316308,17.40748806287763,17.56421485879148,26.02034056407552,8.12079235713533,20.74778229878957,22.20798263945493,,39.43039653973161,,44.09476881596187,22.89285514581807,33.94392370683494,43.73801070425521,51.26052773791943,35.00790959043807,34.87056306212877,20.0650784803292,17.46339793738481,11.800379969454,20.02735869263962,22.1195667277952,22.39409386837625,103.7913230748936,26.13159076385554,33.89959325343045,23.05108477605605,31.34901729153489,68.61253353284054,17.01561198637052,16.16649576355467,10.95100139403076,42.35574998209865,24.98696294940593,30.53160323226031,29.22516534384714,27.02586266657673,31.41839446124036,20.93281788652785,25.0957329336837,27.33194810029522,,25.52059204257052,18.78951041906091,1.341223150867609
2007-01-01,21.5739424841925,18.9857911257064,37.88413392561155,26.12987630567713,24.77399620399132,34.78279088897702,30.30756264311018,20.08542959328462,18.84025187192008,35.70934012209195,48.15944752845594,28.40483538019428,36.4547770894902,48.62935402291491,16.03146974057455,17.8235595026044,7.76288784674774,36.20050086182905,23.92084978602426,12.85619350314398,45.37002398174929,41.34984715110243,21.87036064690394,27.57774054159125,37.69156411453635,22.0444591174362,32.44520378744705,33.98678197863919,42.80014113207324,13.91545859544704,40.33870394210163,30.50113948266289,27.26148306602348,17.92483239744703,14.45378331610024,17.19590467711288,9.191204104949868,37.5680991341909,27.34245623307888,11.88441568899299,26.19692320898389,15.15366616627003,40.79205093795506,39.7914085072741,43.6947235093737,24.68955607675425,35.86220478751223,54.76288820659682,16.60199396663595,37.73581427515588,27.34391414636162,26.36205226507864,31.37641429136218,41.06488755416267,36.34711714798539,16.95398911534476,51.7959574251974,23.86451082623524,50.64059310296428,56.59294282865601,33.62089613640868,36.52365327431602,36.0290495702163,33.21113488466342,45.09508775692342,27.45076104565586,35.75153908962196,28.45977085765964,11.88688074290727,9.937010235503813,11.46922938653815,14.91491497060504,36.84891603793297,40.96295055712858,21.75623376357734,12.50280440880043,22.12373827098562,35.49466794360316,26.05506417585081,36.79019599923752,29.24161610081496,14.42380955453498,10.76503476980193,19.23985366703869,13.93120845822951,21.02690310583485,12.79579485164181,27.18108007656529,19.15593921714065,31.83814289084624,36.47625515232831,21.26752122532674,24.19499209829998,44.09745498254779,9.595314207289434,44.79845868626735,17.78220354001195,22.35821632854699,35.90810371949054,11.8134852193155,53.95978934304902,49.76891988440662,39.77093924732393,45.27438836393055,26.85352085744568,35.14297922845193,29.944782223071,28.83899739560027,17.12195842824104,30.87230257717905,13.02166319598599,64.82609842895269,29.91841850568361,21.30314691937614,25.28280401169061,67.28874539411368,13.98536242961971,24.26535280221396,18.32857643232169,61.80443670432215,20.59222720921547,14.06742787423311,58.8689620683683,34.4748189536018,41.74497036547039,35.39137257477656,28.97116935044979,26.31398584888793,42.86016071512159,13.77893232625297,31.65420202604174,21.06267574767787,67.51486239708056,32.02606731104967,15.78138867388044,39.11079574954138,12.20144150313626,52.32913220847001,37.93872886623399,18.72987302137627,18.27700493485082,17.44749234128798,18.16783863333942,23.31784620682728,32.08668611099521,16.65051588914276,12.08482170522695,23.36034684912923,43.10609770783991,57.28149004010063,12.43315805223664,,40.62658853223103,41.21215343076822,11.88710420220481,25.34968011692057,21.94150766501537,17.89889312495827,46.98501325953294,24.92063666601974,40.95408420977585,,41.64944946359599,14.35970075834449,39.79965006503124,31.51895823051034,37.5268850471811,21.12884991702321,41.23649305760482,16.74134667201906,19.3741370250386,16.1349613167991,34.80207543564573,20.67208113956426,20.50306302974825,22.47826107950966,,39.78078759542993,,164.0542045498629,27.59600312782893,33.6677714361687,43.41010052437544,51.83200563986673,32.7604818752793,31.96702476928311,22.71674282519905,15.65721689721685,11.8612424209219,20.21900070294979,22.46207752859105,18.6183329755445,45.89517902672363,28.59503898861014,30.01787547418695,20.85285097836169,31.33830506027495,69.97457030807882,16.79715956781234,16.38634627016726,12.4169388891417,40.15654666832378,26.59561222089357,31.64870718690088,25.56215143385264,24.0515547600576,33.13400030734364,20.55793953602861,20.54475723333944,31.61846962111296,,25.64387106145507,18.88605007199771,1.751543451798155
2006-01-01,22.28546806303045,18.94591165701909,35.74612985255636,25.92800000015082,23.75321026956986,35.77725561915605,28.2667320944657,18.05005080075885,19.4031020165231,36.24285401653223,48.31168381881793,25.96204542947371,26.54990389496397,49.02903574031758,12.8592800685457,36.2237817702896,7.979367485348547,35.72201092476592,25.37440896818542,12.80258217470263,46.3110590359739,39.50474228959253,18.8970117280088,30.64103966662763,37.69436080955197,21.84316554153655,47.76897914535105,33.35425853217778,46.4319936080348,21.95364752664536,40.48839906882515,30.90161689804221,26.23924342833461,16.93002368666351,13.42694791087219,18.35086832958522,9.439214070905592,42.58771088445617,27.44851267032762,10.9478635222483,24.0844569865753,14.10753058717,38.085625,39.2820682489522,43.55365224344443,24.11117017745573,32.61902737175698,54.99726448783023,15.26303414056777,40.70728517259948,24.64988138850584,27.18588028076931,34.99276549673607,40.51330579038703,36.20082874271617,18.27909542036435,52.19685180578615,24.63863018996554,51.0924956975029,55.72632039442995,33.5585075945747,36.11920697556125,35.62612889622179,33.07419843816529,44.94384551899365,29.80671976940917,35.44875784801905,25.94075664033293,11.26463873948275,11.0353000736377,10.82750353973716,15.23298861783147,39.88759507226383,39.82194962269988,27.1354220854603,12.28879700980045,22.83667645144006,35.09856550261486,25.77367888617353,38.04692715067614,28.53924004166252,16.0925837122776,10.71975220717217,18.69673801421583,16.41662965650173,21.08414253050961,15.68017082288378,27.06793354507672,18.37421073021411,34.02212926210543,36.48839581512837,18.83986147998978,23.038279915625,42.6114262560778,8.762465238934048,42.1384733600091,18.86751619185055,20.52941031300019,36.33806701421186,13.75272552422636,61.03971351293343,50.75681585813855,40.68901004250861,43.9544729540524,25.40300796944092,32.09400040755135,29.73298357647355,27.4524265618509,16.87836742911549,27.03419533730823,11.09068534398569,69.84666438892184,29.93363832754537,19.90038475103647,22.48306437342692,60.0386569427296,13.23612972488058,25.56061176541462,14.87675000817701,57.58570016975348,19.40915140709127,14.60969811356435,54.78870354092447,34.14827221291736,41.30621799561083,35.06443710819895,24.42969373608369,24.17896382384782,39.87812608320435,12.76283283325354,30.52240624538246,20.35067896162322,61.41533604933769,30.94534095057625,42.58081803039633,40.0234174627365,12.17982887201618,46.9261299092777,33.77753092535441,17.1059217289032,21.04520684760213,16.79780929349499,17.78200515034192,22.97232442809151,30.7853932910686,46.24234664926597,14.96630468217853,22.71551377388159,44.00300283941959,57.88443672532681,11.40475512093622,,42.41073173941517,42.28181554681244,11.68175978894158,22.95157511870406,21.19119238244826,18.23592915978342,45.67524387451076,24.78245865582785,40.76561141550929,,41.10260170190857,14.99300129500052,37.94025516619505,32.49718609906682,36.84329296796144,20.84323920265781,48.09187724762167,17.50023528684631,17.61836868669752,14.43957772817569,28.69027917187479,9.040264286904964,19.99589199220138,21.16152780745493,,40.41476622081821,,50.45782169547778,22.80122894049335,34.61155546406243,44.44710731917749,52.32710579859047,36.23945353896251,41.01326332455209,25.21391285006291,12.39366910517949,12.78556019934619,20.60557458718994,23.62167704799465,21.6796901962266,100.8732857166923,26.9264972383439,34.27535247185141,20.5180261804932,33.18847379658384,61.70341998754252,17.31559142919433,14.2342734583771,13.05777653494471,41.63141329956479,26.18389074009005,31.65565013463042,24.70586083838951,22.95087030395478,37.66198207229277,20.73441711630615,18.61449130485731,27.24029609595577,,25.47990485898287,36.60428176094859,4.323565702692607
2005-01-01,21.51992379541766,14.73347690524512,30.09465675363823,25.43420767565038,23.30526834285759,31.73094065594278,27.76618314870231,17.89478348939527,17.24626303213189,36.22377397914861,49.08442471914565,25.2387773703334,22.5867354579594,49.14706954331257,12.61524136374933,15.32743949516803,7.864392176727167,36.22048740917695,26.70216530648102,11.69592602759049,45.26857411868072,38.27932694262731,17.69781376448717,27.54979962058365,38.50673429075212,23.59461527182933,45.0622935806959,29.46978659535504,44.10872450325073,11.8128937219117,40.0737202709642,31.27431512221004,24.81712433585704,16.60802041074419,12.5714489186706,14.85577018589979,8.886480031478692,35.52779321837543,25.86855996202587,11.3957816079556,21.53239856465304,13.79744699980188,37.46449606336399,39.2713622926976,43.4962656565092,25.03377001310109,31.90440927638528,56.25670171104706,14.78636622734174,39.27463618282604,22.70606981317686,23.62264137130744,45.59899811331597,39.67991277008842,34.77728666557959,18.7677395563264,51.78057401042109,22.85595711562789,50.75577396302484,54.58119795272314,33.12211277611367,35.46536977206803,34.86305683822609,32.58278550780123,44.56643854969366,28.74491951672192,35.1221344180541,23.75258219361535,11.01056645617462,9.93430906361412,9.614405220193348,15.20635392314698,32.66875370892156,40.27706041995468,27.46578675685752,11.57464132326902,21.83415558006605,34.39113428740056,25.18463888986855,38.0506311741517,27.88441905000116,15.09365737995495,10.22874073388561,18.57857998866867,15.37934657534584,20.03973108151249,16.44920865451907,26.43606492182685,17.84902071517819,33.28834001863378,35.93402710095259,17.17053330267164,23.57693497142898,43.2336438265292,7.919281429722901,41.58131143086107,17.85957809210316,19.38378472136185,34.59232205559405,15.49287948344956,67.2739755957948,49.19437730922021,39.6001351326962,42.95487944883271,25.36338224936136,34.39036412583259,28.82520232689655,28.08375887315275,16.05597838159331,25.27702381545473,10.51083857162193,85.66527453422535,29.76144328377471,19.10868987429855,20.42794932045958,67.46934004789007,12.78947025194861,22.85000154287654,11.1810420053545,58.5333489574096,19.2810844563486,14.2122075227245,42.07361760896254,33.76798539721575,43.23338066774545,34.74828931450594,24.44875585119488,23.18124527423944,38.56022127347782,15.87843676116239,30.97769034533673,19.72205842704147,63.05287460727794,32.70400491510697,15.99125550313172,39.71483592367095,11.15845184428043,36.81251860637376,27.54838998600483,14.92479665890263,18.16138459264914,17.56969089819831,15.80640083947397,21.70486203196159,27.3885913358988,14.02366764749398,16.13364998276565,22.98273500727322,42.90554344249551,56.24210615508072,12.29374955748844,,42.18555215337619,41.8362495816838,10.66675081956258,20.89881791615346,19.94306174918557,17.11633740502393,41.67903272452316,23.46090646273757,40.18771498563717,,40.66883124664544,14.78174729543448,38.79328770114522,31.61084236003457,37.05482627015708,21.3743240694954,46.13770241393599,17.87398906058795,18.40598988964294,14.9343507499287,26.21804686851465,9.69735710832553,18.95584250154845,22.91279522987732,,39.92214062337819,,70.47784353375886,18.81477023169984,36.27809005525521,45.27292100547295,53.25693077205055,27.32462729548214,39.40160656186664,23.76775709620031,8.820399099425657,11.58412097846127,21.75280267816666,20.08392421823255,21.97269080893077,47.83833467436949,24.05259418354506,30.37324893594029,20.45004199712958,31.23995239295961,69.33767100056575,18.42734325717027,15.03758062769855,14.30122418792875,40.37439782951293,25.99796867970418,30.85292042456592,22.10455268397372,22.40249023499323,37.62501402976944,19.67152546358193,18.21720022748853,30.81106809426266,,25.03886075412482,20.07940236272597,7.040260652942757
2004-01-01,20.71361474198041,12.67587504043151,27.0316982070213,24.99206444195154,25.54509321058343,24.1091011048042,26.99642711114932,15.45676980446972,18.02862851801998,36.10184212494655,49.37522267448846,25.99728955944761,24.3688057627957,49.08014958560744,12.65477946883045,16.06312973082318,7.676991312887276,36.20384370168273,25.22987888838699,10.53772191630625,45.40717794429868,36.93913450910225,17.18120095418033,24.04978129891235,36.72568430442513,23.46405975666693,41.71911241389724,32.79795901385784,41.1929196136489,11.33778047195021,39.90234560701219,31.25255376578324,22.86648661010277,16.11539555766115,12.47023781068121,12.77990713498211,7.017374525381316,27.71470603040406,25.32033998113948,10.73359471022887,23.29415475014007,13.59099351669858,34.92609913108744,39.80157893526637,43.55070125248578,23.02708882655868,29.57578007058896,55.02452847435937,13.73404555911846,33.44475722651134,23.23196159766011,24.35608206267275,49.40197528919222,38.69443840480711,36.36701354449355,20.4977949997903,50.34805122810112,23.71278363530447,50.4452900404927,56.35900363138215,32.42242224791153,34.7669149698153,34.06916366414269,31.88438347538628,44.41613141407364,27.86667479060566,34.7154752728229,22.44427436231817,11.72174749728661,9.135166745661392,10.61056178424359,17.05305168200738,24.70538410108095,39.77444771239754,24.14956987998689,11.8166039723132,20.78139273819908,33.67448167574277,23.51868414483172,35.990666285883,26.11506559262757,15.0462722775252,9.665332697921444,17.9440692277554,15.74356003536947,19.55423068537124,17.01828046319924,24.58296072314536,17.46534897032841,29.17083201214197,34.12302681202082,17.90513061707688,23.06856260605247,42.91439954806291,6.033428468374392,42.1738337509824,17.57303121180095,19.22853408152953,34.12001868692363,12.61804922515953,56.05201913502613,46.56089406449809,39.60469709751764,43.20581710589787,26.12947078562975,35.7116186736238,28.08732177764194,24.55008158246473,15.95038717408964,23.56536823001255,9.192665690750651,84.55709889319441,26.03533155558053,18.58656742235774,20.46897823607245,67.48820420175261,11.7587982434905,23.46623941954022,11.56951480240404,52.36812742816923,19.91247978181814,12.94351990455376,42.30834093215591,32.5523410630608,42.28256011124749,33.76436276231324,23.71529061408728,21.16473985986264,35.40078341579364,17.46861559566156,21.80862730841105,19.1129738866552,52.93108265686849,34.4905979509379,16.50353360239835,37.67625033158528,9.936677174430733,37.50504806453977,30.20186290026457,14.5996388324323,20.8046774183465,17.69798305331458,14.55820617553054,22.53099929885997,25.72111033342887,13.30766131781985,16.92078570436117,22.51472544389714,42.84811305314604,55.50083092098209,11.65515532252646,,40.59649492817636,39.50723443890942,10.83404999528356,19.87191780207578,18.52515818017475,16.56286439424903,43.72476959678716,21.46218713572244,38.3615081571695,,40.08358051710231,15.34819377118709,47.60987291831508,30.26112813730775,34.20314646052721,20.43982981897072,40.8119495157078,16.66772573469455,18.32932642231682,16.12511951293429,26.92085056422365,9.687528440622964,18.73796306178255,21.41947639045207,,37.86964338654544,,35.52282428577714,19.61043531083836,36.04750765270628,44.93324435011251,51.84211811381939,26.99787948872719,40.33293179611292,27.14700791149357,7.996181382879541,11.17014978163971,20.43741309216839,17.93218038513984,21.7418017924574,66.67415681206072,23.53284966829316,25.25569152767425,20.92044349395877,30.34209037187916,70.51034294892047,16.62090096264815,14.58917475311592,15.93543192837441,35.83400641463456,25.74422373058129,29.47550477094746,23.11035827748269,22.14402499447282,34.38490098770791,19.29105111083493,17.4596497614719,26.57788329034486,,21.66374141298376,20.76410676485245,
2003-01-01,27.0318068522203,9.825829100638668,26.02035545825408,24.67385439441424,25.97996516781442,22.4015996665222,23.52603371195567,15.21659570821326,16.92743502599741,35.90148162401385,49.92370147192396,23.26667806618625,20.20223893813474,49.18307545136753,12.61386999762453,15.80854109003459,8.19434238913438,35.76719291283702,26.38724920346285,10.16030941030095,46.84503829625766,36.79216456359199,16.14773434956686,21.54655897680018,35.88748717459631,24.84050056102757,38.94774319183448,24.51160016399861,42.57054779992391,9.231105543482704,40.14873117847662,31.48485117096065,21.80279934681026,15.60770522296876,11.41351460892136,14.13973760111918,4.944074002023783,27.3785296224497,25.31184613919988,10.71448879500762,19.78144203805559,14.13498947071843,34.47875876779834,42.07554222314933,44.68424364403943,21.71095961218508,30.95614516421282,53.64068071774621,12.98179909595184,34.24270962755035,22.31615194770502,24.90898711378402,64.37927836458725,37.9803733229681,36.71390395485393,21.4494775873344,50.62485993382285,23.2791370615578,50.26579950971237,70.14634833744711,32.06256300299914,34.41044783582928,33.69920230131199,31.54803747918535,44.73926023521116,29.00210685984668,33.81246128719004,15.53538190697939,10.12999805762405,10.08505608216294,7.569831592479543,11.40487109287765,21.76216282606111,39.8320466868854,25.89279871937609,11.89873465208538,18.69037424823473,33.34667798449402,22.48535252797884,35.02478056777369,25.1438591926671,13.97673445687902,9.813010220495771,17.4248152459501,14.47208476529048,17.98556971368994,15.30280905364749,23.60165796203914,17.04594755779879,26.46321005486041,34.35766239002384,16.38874735305749,21.34784459677785,44.61331108401258,5.589771348092919,41.98513218495799,17.0987337695865,18.51368114219006,33.01070910926863,12.91255123092367,,45.07149580381349,40.37680010348261,43.74232699198077,25.669790434556,33.37275587877146,27.28155050491143,25.35116043085858,15.28600238460674,22.90807929238996,8.810200171575957,75.48257779201295,24.47499116921332,19.37729075074075,19.67320935530645,65.0402648490639,12.15389525736478,22.45684259789323,9.33633805278351,47.88568445044889,19.31623591012024,13.19221576825043,40.64656356606552,31.56612837922133,43.6121903512752,32.76647507344972,23.11421757932452,20.35488617273015,33.97381461504031,13.24198485099911,22.92912836698652,19.2611305742353,63.44947606777284,35.92759211423446,16.750630565239,36.52650592287659,10.1028433094888,39.23892435571059,30.28247873430037,15.97195352833622,22.18376690073664,17.61493729088501,12.79205252071525,23.47212751729355,26.61560571733839,11.86142711923978,14.92024268701325,22.18000223125262,42.56022031419632,54.89375023494315,11.61923527845225,,40.31173916527704,39.87642007311736,12.73576441555525,23.26793922504417,18.49100249494136,16.92016233799955,45.04908179724022,18.85665960597923,39.29012736473755,,39.744221519048,14.52925410151801,35.21775582096242,29.52967867125266,33.94881343115482,17.51304320862824,34.31449475397236,13.31187113491789,16.55377731522628,16.32332741311391,21.4827362704059,8.928254126880015,18.39625367580204,,,35.2450448943814,,35.93835554650562,19.06314930969265,37.76840593144047,44.91395514712547,51.71495626358087,23.76310061053734,48.02401924802561,29.93623872726951,10.59573601896042,10.31848036176335,20.2640627827907,17.3263770019757,24.75629647016252,71.88083832750166,22.35587384667618,25.35857308595933,20.82901958268513,30.77811955604557,,17.84000546867827,13.58872292428046,15.48984387395133,36.59036559023778,25.53708085809217,29.26645688673193,24.0118604012924,23.47548931774908,32.34684434785827,19.63750966514076,15.81479859752052,28.02908996895769,,21.03067458508997,21.99902659872444,
2002-01-01,21.49113013640117,6.844626448500506,25.32415844833075,25.32297457468855,25.97747895842601,20.09491783634008,19.9429042504667,16.74395518619484,17.50094822360146,35.04802348920923,50.18617171336176,42.53187120734004,17.00935110359038,49.8600208596366,11.95410271521502,15.03389156854226,8.050870601881584,34.46034662479627,27.3077670991087,9.963813903525487,44.4465400292322,35.97504351240181,18.97104588057067,21.81052462597777,40.3462544637927,24.16416982077624,36.81187650601053,34.97317573739977,41.14126429865013,15.47274666438757,40.15995724197324,31.8700557749127,22.03086058297099,15.36289267388015,12.46060306885562,15.63690739435199,5.062263417774559,24.79313365923333,24.6217414119262,12.11103270405962,22.39156564203262,13.55823883673817,33.29123516039404,38.09062491449329,44.15785118019574,18.82850369544532,24.54043421594776,53.3494629750333,14.1978451887788,32.70860024644411,23.51160662823676,24.15584770971535,46.78201558186646,38.310810089844,36.15862290187939,19.10531507753071,51.43088116410671,24.43928342621145,50.74898785425101,66.75728147113828,31.78478199677875,34.16052014320972,33.60306209828303,31.42292736981905,44.81405090322881,29.44661134155735,33.85588701590262,15.79847887911916,7.928100878106637,11.03388794376735,8.653991221529656,10.35107267842023,28.84865251661192,40.91381937202923,21.84908406504397,12.11541786936879,20.69132828183653,33.2314880952524,22.06288499558898,34.58052458277264,24.91868640049703,13.47489084263644,9.866603499002595,16.15203904770072,13.95141715054885,16.59255891224782,15.09230720524267,23.17111107184305,16.63649077877414,25.23442391900888,34.5318541276434,13.7334217428744,21.79335587800306,44.28086790585907,4.841026977013727,42.17992103875922,16.35281929650713,18.04302718836882,32.36040235885822,12.76310974013679,,42.78946362261834,41.75840791752977,43.61345666097636,23.52368767755313,28.39772383874289,27.64863705383339,22.45106847299602,14.35630653429553,23.4497363583092,9.971698402261891,100.0118137142334,22.80994126023496,19.11455925995425,17.29110594103252,73.4079344569521,13.76995035739059,20.59307049472144,11.16008442255858,47.86541408205087,19.98049560236788,13.89708066604248,38.79068384043838,32.58389441865219,43.7917564601317,32.77671448673692,20.08671731700974,21.44523984398525,29.56046894780061,8.350475307017,25.60868063669372,17.58617004255206,60.30288577603447,32.95067038954912,14.205967858125,37.98888888888889,11.3079179063451,36.06694050642862,30.76524920935949,15.25228834083264,22.48332287822651,17.08538029851592,9.373844929908811,23.1842718758311,28.46246632605989,12.23588983723866,14.71625380145053,20.79653934185147,42.5511184109795,55.33282298466774,10.52845292069019,,39.26951899885498,39.45111446845267,11.72796481394971,24.06501219248449,18.24519610839983,16.85067192052562,35.85774748197982,19.06711778949249,40.11456708949024,,40.47278158061986,15.74844161747922,39.47192537439703,29.487578305855,34.4905233500539,18.68656056756741,29.9568789713961,9.855352630366824,15.70578688713387,18.1634895862644,10.38287943323573,9.549966069309583,17.00527198328147,,,36.2342402412057,,33.84215362075439,18.90310511087911,37.64082173624917,45.31681032630647,51.22452060303592,22.79835684925089,40.05502825449978,26.4513382452111,9.703154120443697,8.141129597848021,18.98981188980393,16.74025449979071,19.55428211849724,85.90625923688694,23.90607625878075,24.36353345937684,21.57743782396552,29.60863443980493,,16.81811352761772,12.88259888788989,14.69305943127641,34.71476925573807,24.41187953288185,29.87701640574247,25.49438835472017,23.71214256896861,29.50752603212335,17.89233347754016,16.90673559175697,28.97304404314981,,21.25516415594258,23.07181207692177,
2001-01-01,21.67299327354921,,33.07911970428595,25.8478419376302,27.36170567539582,26.43377906980432,21.06835289243093,17.04601621530419,15.60756501082283,35.525555195697,51.10284615310979,38.54885737720257,14.87857640998321,49.61215881362665,12.17803123969128,16.10232244499553,7.290508597198855,35.89706393202407,27.23551704945651,11.6809863080292,46.76061644116003,37.641842899642,18.6222457966831,22.525989352365,36.3342544809112,24.53516493518898,38.06074792660032,38.13079348910628,39.20590748005459,13.26548846772915,41.63163812980377,31.40669317983482,22.6866391006516,14.64931925442961,12.13820507339398,15.58030548668789,3.029522009783155,28.37254035615892,24.7980052060943,10.859677388117,19.12689492137449,13.80951143819632,33.60807224377896,37.34460216069462,44.52806383879974,17.3517430238693,23.07644419520875,54.12223625405075,14.16308827204271,32.24129704222703,21.42341253367928,26.79221201128692,49.91529768170571,37.96019162346389,35.6835218259858,18.67766680881786,51.12126848900168,22.48782283705482,51.40539229878875,58.72397343618001,32.52539694650726,35.29648840197086,34.9440877778746,32.45421980765987,45.23789398164181,31.90054547016223,34.81715574051186,16.11471298441986,10.1477125951038,11.69448989380021,7.15857382233202,17.24886488240827,28.38541610518563,41.82687449089011,23.51307855821235,11.7570436633216,20.31189855384221,34.56696127730718,21.76108071765545,33.82723181714608,23.82013173368638,14.79863177071877,9.662259001231387,15.61700318820301,16.11385317706399,17.52394581301177,19.95794716170177,22.74794610369048,16.23038266888189,24.24878941612181,35.10882753173946,13.40669564972929,21.94691360568928,45.82427395558317,4.557777447900287,43.21269506282567,17.74535035444449,17.2427480520378,33.13238702913448,13.64888817878083,,46.68819821852922,42.05783132631045,43.95097445866804,23.07772136123618,29.45775522040964,28.57756984259278,25.65378071016581,14.41201366669611,21.34077616998699,9.632442452041053,90.41849741061388,19.10725079314794,19.36118146131874,11.47009435280429,86.11345736897773,15.16267701897015,17.90071893478155,11.12126280075567,37.04577131035748,18.96376681317745,13.92596161210897,38.68393007984735,32.97011418973575,43.76190855070582,32.99471228494177,20.15929083921832,19.91194994613408,29.1629517858696,11.69566165891182,25.68345308159677,16.97373228374084,66.65044467625857,31.4797012371183,13.29613648030062,37.90509666080844,12.73917498841677,,30.85749916605484,16.33348481037904,15.84847399497845,16.22368218388528,,23.86265657307438,28.71186792451789,11.14455507215992,19.62433252333047,19.56693657721285,43.6076042415119,56.59343229039535,10.5493946465911,,38.47778015788748,40.82380348717926,10.49372522241699,24.73339174182245,18.77988545886297,17.52240761607137,32.86805266843505,20.23557297056408,39.84889271149268,,39.41130590218678,19.11345612614652,36.59031053437047,29.96310274858295,34.45551143016361,17.51265222571018,33.03326787503838,9.099429927004156,14.27098026019649,19.40975485042878,13.28722120669241,8.777372551254611,16.73026158044063,,,30.82296559830314,,39.27974635144745,25.32723728585176,38.49559714696289,44.5805631973101,53.11132616624827,23.33492587678449,37.91552580317703,30.29419334911974,8.452290182589236,10.13771516560864,19.05567115637828,15.2030144500617,23.40978055257105,98.90033224733484,21.31159712027103,25.83946657087551,21.11337537154252,32.29842972646628,,18.74454155466677,11.96282033345353,15.21238959273571,32.40690401136498,24.96473180276558,32.2571743798978,24.61737911257525,22.80159318626777,27.30531074452904,16.99985648950771,17.18337192139947,28.03516332121316,,21.60470476018006,22.07024662049159,
2000-01-01,22.25050120650787,,37.84215553386302,26.06593425257967,,32.44856842265495,21.83048659302433,16.49440737670656,16.58918555849238,36.39408718226445,48.86540355581836,18.38443408151586,16.02424503401061,49.31908602989359,11.94925497431515,16.79930669555486,7.260038816818299,36.52534848490855,29.48079680827834,11.65576214042137,51.53949169872256,44.32306012768759,16.47762926905638,22.89353822044665,,24.37234454098926,44.35165798963509,39.63924566717972,47.54878819133793,15.15545058339232,43.19731735123695,32.15236403049652,22.17717054802519,13.25937444939153,12.04681181650385,16.47218498281284,0.6368772565343341,23.69168640724092,23.64223237713833,8.602334034936392,21.15746003404226,13.18632197365639,32.73053327041057,37.0462141100971,46.34242085591127,19.23130902959832,29.85657215672731,54.66095719175887,13.23400021339202,35.26477138572863,23.9391398585142,27.31270478793348,59.34158532724397,37.96244106805607,36.25407857736793,16.71793093050776,53.65800008798557,22.84381292520501,51.30626249985579,63.91991308128447,32.91349164618278,37.44809201714048,,32.56281494585746,45.92466138825481,31.42922248040083,35.15300622126636,14.99655055854232,8.00219972159752,10.20225358744833,9.447168792602076,20.71353351985814,19.97800661561815,43.9449711077752,23.53756752529549,11.70508376648995,20.60528242655283,,19.41842266685005,35.82620429471859,19.99611827842957,14.70841705451573,9.933062176312488,16.66762894841427,15.49234997417749,19.52239053925117,20.66968516700459,21.77500941136612,15.0551219067886,27.09134776024869,34.0859541621327,16.86944822781516,23.60694778552818,45.35758991905199,4.889847851535078,44.25169585880848,13.43287302439307,17.67666562299931,35.4228727326353,18.742261582421,,45.74310116162396,42.60720729035661,43.94839420796565,24.92750708851745,29.36996822692793,28.25078561664558,21.85467528615939,14.47493980892374,19.51846616858865,9.90816640081558,65.97368948508355,20.50756433496535,19.92611263686257,5.353368078846009,81.99052409898815,16.31524837150057,18.89993540981621,14.46174869271229,40.40853789564489,19.75423208074762,13.95440835980181,38.31629830297956,35.51976729768562,43.52543493676613,34.47766627640398,,20.78096461492867,30.4791204563595,12.99427539058855,25.15275459776078,16.70128599536589,64.35556759888851,34.39938365889811,14.25170054425241,37.08980582524272,15.41064057964002,,28.70734902770864,15.93391504628604,15.00660034208259,17.00265500273964,,19.57959182621958,29.3339705235884,10.6751182835409,20.45638294067103,22.71757414060814,44.34608384510085,56.64904738693963,9.950969675656296,,38.42572573925199,43.38199468529819,10.6077894423942,26.89832700151336,19.61924690950859,17.53541388836677,43.15947839646872,20.76049277744396,38.92505234091899,,39.51299892146136,19.0730417768037,34.40737301352367,31.0480740814931,33.75779094534977,18.27860602748379,36.31727877908654,9.66356683752845,14.76345793892525,20.715431446113,13.28626283875745,8.334776759583677,17.51729037335643,,,27.8515133621027,,62.25358478233494,16.60430848311487,40.54868314149234,44.03824491909523,55.34863156583741,23.53308142818434,40.66888680158255,26.00603929766769,9.354884239095021,8.455615938407297,17.55400452867041,13.60178651685393,25.30939468232027,109.2062553766784,21.39109506618532,24.26204716855168,20.82884508770171,31.05421106828971,,26.96276629950635,11.59377126001909,14.60532305340185,32.23448310319767,23.8060474955814,,26.28910073966111,22.96758936954358,32.742655512065,16.18299001907312,17.32983088258169,29.76581906569674,,21.26366868738124,22.56940378085486,
1999-01-01,22.88395256581955,,36.31476924909348,28.26607429455223,,25.58619758637066,21.76620150058443,19.33446939810341,17.2262383365027,36.81911441393545,47.87145987737916,18.47198421005229,15.12926855813415,49.84829225613682,12.69011698987954,18.10738073065404,7.307971624839966,36.30690235142923,22.21968151299039,11.07336258024817,54.72052977891024,45.56456590984146,17.07990131464776,22.84120145396456,,23.54145482248124,25.88908180926204,38.8911029654478,46.01725862050679,17.69968100519196,43.42893880211563,31.23528135118706,21.67459470938738,12.55470704974126,12.39999051016746,,0.7991292499370144,24.00639307370103,22.89187502632055,10.99599800797259,24.08767091294317,13.83058770627195,30.26665981606124,37.80441278627427,46.62032312106449,18.3255547340602,26.0256050362911,55.73030991635643,12.6132490426041,27.59488068469937,19.30369058870828,28.38655530300277,46.31964070892859,38.71853800639068,37.23551317158052,18.27016082143511,51.52102641699767,25.76535348091147,52.11237087391445,67.78286665008046,33.4410930284333,38.053151525672,,33.41620612586282,46.44910212273021,26.61103300773132,34.49906231519775,14.97627077442908,5.46113991454348,10.31993200008794,,8.073952834816046,18.49486137114094,41.9669226225635,22.04113936208632,11.61969617422963,17.15005500336776,,16.80665582229602,32.82672006703956,19.05749184185436,12.6304001517538,9.43603633153594,14.51277890237807,12.10323104518125,21.03962568476427,13.72643561775561,19.7510567327901,14.74292374506348,22.52868737516865,35.02882172815981,17.83891685135395,24.70177749749121,47.81391575751396,5.365848223915796,43.66721232279328,14.18078514814594,17.14907205295082,36.04509057990538,15.23782654982072,,46.14187809746435,,45.30197894100373,24.53462103148776,30.66104988070359,28.48925402587871,17.53825369975883,14.52504282546533,22.35948879651877,10.00370527958997,75.80493989651742,22.47112357343866,17.29108650522869,,72.26267586081231,,18.84645403072772,,32.64873281625335,22.49622107134127,14.92595517141172,35.47736393685675,34.6043606180195,44.9887508578472,36.88601807587894,,21.63779559644492,30.37947161534982,13.05699100908372,24.99504791039199,15.64758725553665,57.72204340947959,32.53749554248669,,,18.32801658223605,,23.29410679811491,15.29465557513637,13.11747408504738,,,21.63982269546848,29.94952613620089,10.68955236003824,13.52711701819838,,44.55863836836506,52.50151963047637,,,38.09833296546539,34.47487288820395,10.16732746035158,24.50639733513262,,18.46158030823396,,19.50888250952632,40.06592897051616,,39.56671764073399,21.86536606961032,38.00857365380106,31.53450978115749,30.70014278748099,18.22053279192815,24.32346864235315,7.596293643146403,14.00852035443929,21.08764074403509,15.49601113821828,,16.56794903178897,,,,,,14.6956914409057,41.15369292169622,44.14323533184834,55.83107731296503,24.55352481846432,45.86194153171287,26.55367162663046,8.819224038469372,10.14890113655544,17.45474040166605,13.50825329244112,23.29759197148178,,20.32252888318357,23.92284112512059,20.95707769168805,,,20.44361006366156,11.6215905888604,13.47482642988653,31.85708820778584,24.46123709749975,,27.67556961069826,23.52233492545986,26.84739302705379,15.45640662579871,21.07498507279447,34.07841305568937,,,,
1998-01-01,21.68753380865148,,24.39592332485277,26.8257387216365,,26.83905883640012,21.30297517238517,17.14613147798322,19.03962094887054,34.33686359376724,51.66725216694849,20.35268761804053,15.50665376224443,49.93435758993053,17.38821152115687,17.14294965558395,7.623937588461108,31.68849650471675,20.20556363680095,11.60653972213645,53.45025651125725,44.88373480160547,18.2299062172387,22.25527506741343,,23.39169623084452,21.38637339795985,32.38181463108751,,18.05127009488613,43.54876093511442,31.00652422361526,22.29554652373409,11.5198431352422,13.8680207929919,,1.236286003744571,19.90756600349862,22.47672970976088,11.06160808370972,26.68462599393729,13.06179347881215,30.53013830174726,37.49232324089255,45.64137051193932,20.41591747739285,27.05157123316212,55.31859961627312,12.30783854786091,25.21286353480652,16.43237946881123,,47.6429148587364,38.35146222093423,39.55095317131652,17.48436848461845,52.87425994968073,33.11348819252108,51.58672765275366,69.0944176306591,33.2525067574753,38.18761667155898,,,46.00931685368428,32.38377386333916,34.05181870036418,14.78042122829984,6.516317472482835,12.77390502647594,,2.764126022252444,27.4356415431851,40.22175937472643,22.90629566192642,10.86769252987024,16.99115830734091,,16.84920720193136,30.01708639926015,,10.04378902788201,9.706914214284676,13.93311076684914,8.984080835987083,21.43780311411118,7.786523672702593,19.38985979215352,13.97199630766718,20.92122330609085,34.90247409343209,16.74707499044706,22.31249773774701,50.43844381067101,5.609252519510037,43.30079819600647,13.1852802603677,16.29200022569542,36.24759110293295,11.86636670317291,,39.76740809144438,,45.01825618594234,22.15050926377953,26.66917345658274,28.23404056770416,18.18778077000212,15.31505394775016,23.97248300122899,8.048011879010184,89.32444743886911,24.0084606828137,17.12494349274381,,70.83386965729596,,17.41281239360991,,30.49519541533916,20.79216339909757,14.5876547969594,39.59833050385686,34.6483271010356,46.89928644007476,37.43573700910393,,20.21919983430564,37.57238043422615,11.6253344105074,23.65167871383142,14.98678262472542,64.04715449547581,30.55838024648872,,,20.31052633565959,,23.85132222059173,13.86946007858367,12.37685325354695,,,22.48630425621576,28.5026898731012,11.40078758036818,7.689130541653844,,43.27966588913456,51.29367141918504,,,39.6094502044003,31.75856387553894,9.659405024524869,24.69100139867323,,19.02841293457929,,19.86444318738707,39.65604428342644,,38.32321240303394,22.2362334855686,48.1108413301793,29.39694314817303,32.25928496136797,13.97670577183841,25.65547529201012,7.228460318004537,14.39583762449895,20.47924945507948,17.3466578380052,,16.34757210950418,,,,,,23.95553223269178,40.82169593742303,43.96350743906337,56.43918093434631,23.08854229584295,44.02773873114046,26.01575823208222,8.415160623159801,9.515836487518287,17.62944376172512,12.04784708620669,27.23605710010158,,,25.42255069602925,21.33884542840722,,,21.92381144304332,11.50389722657909,13.24647047579611,35.57455615880226,,,28.89671247737434,23.57824108356757,24.30075791765766,15.91766485386684,19.20148333394106,29.76409569539284,,,,
1997-01-01,22.88690020348774,,30.79964445101761,18.39781800471258,,29.27309892081835,20.74817601753747,15.75067670758325,16.75681165340353,32.27023671195458,50.15549154403561,17.58674242864617,14.29729360231678,49.45051561572684,17.98915719351294,17.38317047053513,7.948018200595282,,24.60156188705906,11.26845670887914,,40.0030975227273,18.12279103928831,22.36791128009964,,24.73790354959445,27.18532692826023,35.91298633239283,,12.89497109068099,43.50200567631758,30.17867317829893,22.62066894843423,10.78210431464141,14.42299789709261,,1.456343584798854,25.86475005285163,22.94951271085814,13.22901828084165,24.61080604963557,12.86570774258292,29.39427233859603,38.19835625393773,45.72581055114428,22.13542156306805,25.91046699665648,54.95803519223055,12.53084080865143,30.71174140594992,19.13803457725059,,54.50012631331949,37.63543627678618,38.78462967426354,16.17617820263637,53.58780831317034,24.7354793644805,51.85682527842415,66.93993886814357,33.26735371448999,37.66103582733747,,,46.18895577648059,31.10429066731231,32.68547236992965,14.78008447657203,5.825740740169615,12.65889310241075,,10.18151786198667,17.96620565593844,38.84140397074641,21.62998507899633,10.39634097447048,19.18333067417494,,15.97352690744438,33.09206647847202,,11.53998666701762,9.694849716992842,12.64360498075199,10.95947401249808,21.26115137079873,10.94779797957579,19.85189043020986,14.58502840063281,25.00494492216279,,20.45294731430372,19.47319717523664,46.72078581295898,5.828699768522272,43.95601714613396,14.21575291214547,16.95518899365168,37.46628242074928,15.58091621135023,,41.44466535255866,,46.34428308828565,21.25913378961823,27.99526751273305,28.99401727340633,13.47050390670325,14.64501750004259,21.84962328633853,8.693262500893624,76.82704952354788,23.95472797509578,16.18905909345551,,72.91026099448153,,15.99538438732614,,32.21873364141255,17.93915613239168,15.69504206831966,44.849326767594,34.29790696383779,46.8100244776311,,,20.09704576536579,38.47997779516035,12.45597795202345,23.76136877915303,17.26107851923375,62.86960944101985,31.91363369794447,,,,,22.73952548548312,14.7370718094561,20.93102280081108,,,25.99522993411835,28.54026588642487,10.51191173434005,10.81605678619074,,44.10647622139263,53.29078551820653,,,40.52410281809051,36.86079746573361,9.862392834291352,26.17066416258559,,20.65408725050183,,21.23586687253376,41.36724132204139,,38.75369023432805,21.05659257231565,38.2442674185196,28.33233534497293,,14.99029998184032,33.09236999483535,6.790077684650807,15.03783591536722,20.20942166983245,18.09571482495707,,16.65240635948764,,,,,,20.78749805266004,42.32113432471469,43.03896984430472,56.32152198740368,22.7132159055541,48.83941193101497,27.19225182377486,9.426423505640704,9.61519210073571,19.95364624634809,,26.67275615562268,,,27.52563154380419,20.82674064790151,,,19.58333778089266,12.80201095137158,13.0330849365369,36.65618486584909,,,26.82063563247749,23.58592485591052,33.5660078203233,,19.62225393545683,32.96880987486856,,,,
1996-01-01,25.11417004048583,,34.52775378752821,,,28.5208206316513,19.87616806147299,15.40950183678686,17.9594094934776,32.03892244283353,51.55420318945654,17.58598924020898,15.82874820013714,49.04941013962518,18.00282521534264,18.08601007025406,7.776617039281851,,22.92004836070933,11.35644431474923,,41.22141311869441,18.14305566283106,21.60631218084338,,22.56818819117464,28.15105248024217,40.43923155698436,,10.65281206872808,42.81093792522743,30.47825463433145,22.70569496450609,10.25587103723158,,,1.611276342373318,24.91409003759571,22.57384303801385,12.08305018948443,27.70836882569167,12.96519276541419,29.48806316185225,38.45055515833259,45.9183535902435,21.89796751255812,26.86773375712322,55.80671243171347,,29.58419661885912,19.29538016451849,,50.24235739856346,37.00572251332458,37.70562542136183,14.8613641263105,55.11929160496975,23.75714533523148,52.12133532856339,73.77387010079524,33.6319398602015,37.50802205413019,37.78561259596377,33.38580130847462,46.14747171514789,24.34320818097202,31.92011024409786,12.49343444456171,6.822136498038443,9.777892801774057,,12.40411002294777,16.58753543849698,37.79500338253657,23.23253468394808,9.889134401429837,,36.60687405974458,,33.43144027959712,,11.71681845915895,9.475046319764996,,10.95492824809961,23.55115476461811,11.37413765999868,20.00300242064486,14.5242489404163,25.02901101712143,,16.39040207093929,18.7926337304234,47.66827320688531,,46.53306327300805,12.47034872878722,17.65870076425632,38.30619606593729,16.50725333923176,,41.07493522453101,,44.74103908870956,22.11725347236101,29.87546801968609,28.37268107322969,13.22267751685539,14.72828406267734,19.51713353804609,8.129115469037922,48.1516844928398,24.56966143400701,16.34032365936911,,66.72238203021661,,17.89243982662189,,42.07757998473671,18.25753462495578,16.20465360099438,43.61514438709797,30.7720550043893,44.9157517396337,,,18.45639726959439,35.87231239713131,10.42510792488893,25.26380073328184,17.14929347120333,,,,,,,21.73925950907547,12.8073733933868,24.10380675412528,,,25.66039920679723,26.72987690919885,10.51738979752146,11.23779545312901,,45.43411526209094,53.4019126217284,,,42.40112598818002,35.7011019384132,10.68727808946511,27.08839467176542,,20.15757423507177,,19.62151392540973,45.7522077061074,,38.41164325777199,19.34936180960735,46.42714886897215,28.7179903062608,,14.71041345952953,30.09554166926123,6.694605983972037,16.29910413307399,20.08002812762084,23.54869679655023,,18.33256741836809,,,,,,24.80998667089033,43.12907619077584,44.02647146923194,56.93640968958236,21.53564092682369,49.41804655627548,24.86780911245019,9.12835638663374,9.123525117340538,20.71101128478478,,,,,27.70082013302173,21.49859309214164,,,19.97413893507967,14.94730417410506,,34.95770924569732,,,30.15729477570743,22.75775668482983,35.66987032692558,,20.50325973912123,40.0704976974276,,,,
1995-01-01,25.4981596649321,,,,,29.72666676363249,20.78783798243517,17.83681058514756,17.09491144324071,31.02903754204909,49.95411974969767,17.57171243790421,18.40179531882293,48.13630101192456,17.5814111542338,16.78989590274668,10.08541953874041,,21.08138635257849,11.71261872013027,,,,21.44202388235697,,23.08962523986586,24.17474289881676,37.72510969093679,,15.72882505661882,42.24496495398745,30.13913709188898,22.55198823953928,10.13238884271764,,,,21.20097242431219,21.1974933680561,14.2483752275846,33.37799716396912,12.71838638979521,29.70318950809424,40.54849772112434,45.80368750427647,21.86551366076135,25.87375767579598,55.24075025396004,,27.61264449241202,19.92806378779531,,58.26115456237598,37.3381074568884,39.27034613325025,14.63253005659345,54.0557011396185,24.28746331846334,50.94172690438803,76.78735027543239,33.71289093462053,37.08997098487161,37.2709616094195,33.41432421260586,45.70816863837909,27.71683878157204,32.50230138223298,10.76372617370545,8.448473133086614,11.62233275783567,,10.58640467190742,18.0854620149167,36.78031409230984,22.78150075227034,9.246834627664676,,36.19169646316947,,33.48232192344897,,12.85593667800518,11.37931946063847,,12.2958467887657,21.25943022258455,11.49704682657549,19.67000316320925,14.61980460334631,24.28393491018379,,15.79064567230042,16.96832073984991,46.0474801351942,,46.47875489810156,12.54799053409249,18.16555433899036,38.2185504306468,18.33398952375259,,40.18542850499908,,44.24828524757653,23.58996425625477,30.61536775846239,28.62411567852398,16.8607475701531,17.0988519702225,24.35900633702452,,64.47943164302733,24.5880157514326,15.67094336151045,,63.36630352582631,,17.45953200824738,,31.45707090703377,18.88650639256686,17.65394312002501,47.19219784871947,32.14661060856535,44.69526077005755,,,18.73215384700684,39.44198163036492,9.411538522597503,25.66243213925277,16.57656324698023,,,,,,,21.62863667080792,16.298730500561,19.21658184329051,,,25.7002653724087,27.88378758214944,9.303122493828583,11.39548026186732,,45.21107044165414,52.62677208858675,,,45.25693795239748,34.34571739838145,10.07429357407468,31.9428460295171,,19.08656136615908,,18.17221867247256,42.93551254197726,,37.44958075223103,18.50274079104715,46.46410832535601,31.07279066090103,,16.19521630665265,27.29039024326635,9.397979390045911,16.84770078733161,18.60386223224902,23.52661292172335,,18.38701776098239,,,,,,21.40963663126247,44.41348732006171,44.82276907452481,55.13249422163615,20.74532644804495,50.51609437626542,25.949087087876,9.173844104466484,9.729321429358352,20.23036199147078,,,,,26.90363834784496,22.05017222499605,,,21.09884779751543,13.45842612770391,,37.81979814521937,,,24.86499705615791,21.35404668008192,27.00511291974607,,22.93966221737153,36.38536383326312,,,,
1994-01-01,,,,,,28.3441435055928,21.6877682158179,26.15177944315523,16.8201478918304,29.90474951983808,49.27478878840626,17.86791290898934,17.61400347230058,49.37253673101834,16.39087338227194,15.94277783520863,10.0805419228884,,20.95912625161354,11.34879130850226,,,,21.26544793165107,,22.176740148446,24.5056712106297,37.74647119069053,,14.7783344840473,42.07636128549999,29.44657193495443,22.05850906714373,10.6911409470227,,,,20.08093161067532,20.43420021058797,18.08000843699161,35.27691562056694,11.96023591899265,,,45.77148235601354,25.95388639040478,23.83465512120005,55.63651790464828,,26.89548294252685,,,59.04483515673724,38.51466263140951,,12.23900613712805,55.80033533666251,24.66065640246304,50.42375699086073,,33.99802219478635,37.51768153571315,37.04384526898845,33.77933316381905,46.43873655928168,22.37992653067378,31.63214005189748,11.31815095008488,7.709266792813964,10.03715354237758,,12.90558483219268,22.53184166125956,28.44807245726506,21.90297539302802,,,36.8328602111677,16.23203819725143,34.36847864008213,19.50010891275743,11.69873661315562,11.62897921763422,,10.79510396304672,19.27913215286628,9.301146572014819,18.53955741908764,14.87271086504602,24.01672083429082,,16.38878711123561,18.05683438989775,44.53979615632137,,,13.52865746077913,18.21102114697782,,19.64036018029431,,39.12798423943323,,46.22436942384679,22.29947755538582,28.96067129676775,28.40994872286385,22.19762321931159,14.65452287855301,20.75432955863947,,55.32549876736825,23.03884962931993,,,59.22956551114697,,18.19881152126338,,25.86269215396761,18.7190028649963,16.69633234950596,45.89320054945276,,,,,19.22824673145374,,9.463290218179107,25.83419742964196,16.68228525801881,,,,,,,22.44027021596155,18.93733415439736,19.44021915711716,,,28.71825706259806,28.14044273432086,,9.103554158732553,,45.90657393985327,49.70999654178348,,,44.70740611959391,32.28018995113643,10.88433280564728,30.87238750475474,,19.23792272923187,,18.28229723382376,,,35.39284644102701,19.06714285907134,47.97034327503599,30.90243869609473,,3.837030959875526,25.48248819706458,16.51911889785637,21.80149983799473,19.6289401925281,29.13663211594671,,17.96589409415353,,,,,,17.86399807859496,,,56.51233268794131,19.97814309151582,56.70082133853785,24.26140236830198,,7.818485835707914,,,,,,26.45957728011547,23.07215033372497,,,22.16649397674955,13.01672146032896,,,,,20.3797500720422,23.07914231013099,31.02964790663232,,20.66708671561162,44.57395019200398,,,,
1993-01-01,,,,,,28.60559578634409,21.99288439618649,26.09699719497619,16.98112342777076,29.37011466982997,49.7397368115014,,22.80459797052449,49.34925551587627,15.81349079331054,14.0542730016444,10.16549454550825,,23.928937396081,10.46029260953337,,,,18.86282337757411,,,25.18751265852513,39.91989282338685,,14.96266977715452,42.54260498475979,28.8536873210519,22.63300551849882,12.54330340211263,,,,21.53741398419235,19.76291614626992,17.54565015469489,,12.2943684305868,,,45.21134214210113,28.2103538726233,23.76630919387178,55.74139553129099,,24.79109826770048,,,71.44482730492668,39.38312617658941,,9.651599405274782,55.56766249310361,24.79603584772328,50.13962332982917,,34.40422486693267,37.97463209748141,37.50695429527169,34.12297172425582,46.74114350195447,21.52562454026312,31.04351428682401,,6.709627700863677,10.96394141183286,,12.76354427880779,38.37133814242535,27.17455746066581,22.97334353668304,,,37.28058744320761,16.71530203787708,35.70338527114851,19.09285352578989,13.51101252172948,11.71600274838928,,,21.57910919430436,14.20198817478453,18.68153061043252,15.15105734733223,25.0665736505806,,17.30362815746523,19.3227178094702,33.27790645395192,,,13.50485099180685,17.62337697918926,,22.08868150442131,,39.4785508752182,,48.01099070226175,21.99765647472019,31.03751857099228,29.08207124928879,,10.34779606323939,24.60979004452166,,61.52597289124472,21.5689640421355,,,54.8160562548774,,15.849149374225,,24.44243731178751,21.29634583662066,17.40199003759299,43.57840065651422,,,,,21.10872192488189,,10.73779538137061,20.84181080234534,16.72691849646142,,,,,,,24.9528487382862,18.12521826320501,21.29528066044703,,,28.05329977658457,29.72153122491528,,13.92656213065252,,47.73085977932672,48.88842558106948,,,45.21605744276868,33.21890576390768,11.47034795903893,,,18.2192696006115,,18.64384184649905,,,38.42095965413755,17.19808635006436,53.27285421862677,33.10363417850792,,13.87188536934153,28.40466379095678,15.64350826312364,,18.87470780246549,30.1233073821355,,17.09211289898975,,,,,,16.47716178785061,,,57.05821119020184,19.8078785857855,56.7306157354618,24.443450834431,,6.32709940127952,,,,,,27.51851234048219,23.44701748522269,,,22.84353312837068,14.38654338818254,,,,,24.86048834574261,21.30594597159018,24.7460828600369,,20.3686853301017,36.2833551983209,,,,
1992-01-01,,,,,,32.90154113707323,,,17.87588337353476,29.27148805936721,47.12376064459547,,21.94808559010801,47.49182540683115,15.69034852943707,14.24072551360716,9.152409906002053,,23.99350894029999,9.565662909437812,,,,18.65867850738011,,,25.83106336713692,30.98468776046766,,15.76495536354645,43.30782421816279,27.90972519223087,23.04016016292356,13.43267178188348,,,,20.08205629155391,18.34125545822702,18.36289481196314,,12.23177450406839,,,44.72094696150045,28.73169163073399,25.14515224478404,53.82943328546271,,27.16164223166706,,,39.51014950578276,39.59748321291736,,9.312853057979476,55.93128281261789,24.85951413800813,49.36849173129979,,35.95830252794232,38.87292572478465,38.50974926782309,35.91795415447636,45.98652752560851,21.64078456372881,32.2824905451426,,4.703602783851743,12.9057660070254,,9.893718134998307,37.27118380025539,26.26103728743351,20.33824677883525,,,38.24523714216201,,36.9862000404167,,13.66159653942385,10.67636757010918,,13.79540369972527,23.35902634402779,17.02566358429138,20.1755375510309,16.51275958218062,25.83742043998842,,16.17004313597991,20.15492312770596,31.40871224274223,,,15.28015600959392,18.79601156069364,,13.5821615294466,,41.52099625913204,,46.68990601374453,21.05320439051921,33.80326268616982,30.17825374854125,,9.32536728849472,,,66.71557339750197,20.27854001670571,,,49.32579747262402,,12.142859560026,,25.75385971228363,17.63679041044967,18.07686895066692,39.98470713163308,,,,,20.43706338606945,,11.18335935804904,23.48873664293595,21.28095979265478,,,,,,,21.02252602448952,19.20854641488002,17.953310258897,,,30.01486789509603,30.24973897656981,,16.88946193257346,,47.11697911973952,49.56383283125321,,,46.19902157446486,35.29037163665116,11.37902403822332,,,17.98718801187136,,18.4594344166119,,,43.02384376180701,16.06976219574774,51.45804908047107,36.9797262015265,,14.5030346579528,33.0441472939939,25.90366545536818,,17.22964056430266,33.12923191962618,,16.46324327975352,,,,,,17.9764783284804,,,58.01373299447758,21.97142793163579,57.15379074374212,26.90337163307591,,10.3744114551861,,,,,,26.03414158551209,22.25026256185664,,,22.41911973154855,12.62108863957609,,,,,22.63875942143191,22.61996658407254,24.27933435619576,,26.67648341211853,33.50882677744802,,,,
1991-01-01,,,,,,39.85373470036661,,,16.8501369601457,30.22831055319761,44.89453022473134,,23.35607598909603,47.95299963832087,14.14877272994414,14.19699637439971,9.304329915734009,,25.06796332094507,9.62120786477178,,,,17.87812783773762,,,29.5867788195747,30.32519324684272,,14.63697219361483,43.07817485141207,27.20760300870135,22.78996073740216,15.49655499603832,,,,22.88491002857181,18.04084165340151,17.67778232175398,,11.59425093137077,,,43.32813943114205,26.81952437937688,25.968768923659,52.33384516365278,,29.11318051986057,,,,38.03006425232469,,11.32101149947176,56.06295908006584,,49.83620742995457,,35.37894063524454,38.51051279317998,38.06898841906322,35.73959883268364,44.86437266917674,23.05291373254796,32.99198386604752,,5.612701351906021,13.04328875832266,,10.79250286630224,48.48093257268777,25.56762356459594,22.49553598916323,,,37.82159394445911,,32.49194502635053,,12.04864390561268,11.0453783372294,,11.94729644178309,20.35695206114427,12.79169257510217,,17.67703854539142,21.3521277559314,,15.93660162336026,18.62026368298874,,,,15.55098846684623,19.37133754114698,,12.40412724013178,,40.9541228657878,,44.23539976104594,23.04136295692378,31.45358664659322,30.28146989835809,,9.876142680194087,,,85.93325946765059,19.13375192748706,,,63.55701251123277,,16.0876534272451,,35.88722640615502,17.54492304256544,18.44944398803215,41.05363782271059,,,,,19.90197432003314,,9.085019275892552,27.48010822675686,21.59540184525843,,,,,,,39.66695727044286,15.32368915009042,19.39969716449345,,,28.99475429441183,31.42502054427294,,12.42989069138012,,47.53356060305275,50.15168190483165,,,46.79584911369181,37.56445479554008,10.56475785002859,,,17.78049668366881,,21.7645537376337,,,38.01008688075974,14.78327458499349,54.95627699654645,41.51379479638797,,,31.6646121782962,19.22284314273856,,16.53188583202143,33.35895448687801,,16.22995628696146,,,,,,16.84026354472483,,,61.51798201909098,22.86880546792758,55.25478511186304,27.69817501554098,,11.07287670207961,,,,,,29.77178727826225,22.3748163255426,,,20.92321320425451,14.76795416861027,,,,,,25.75510903231966,31.61562058078675,,27.48581854274548,,,,,
1990-01-01,,,,,,16.70686656295299,,,18.2508858526622,30.20244572803851,44.24198482468844,,25.54947425596289,47.37638363437088,14.87867392794075,10.88652386406832,8.984703449785933,,25.57450094606573,8.752456197111512,,,,16.44222696617003,,,30.3286870650721,28.63108176876066,,15.41080559620756,42.17894726247698,27.17775892882588,23.24169089945986,17.45438761308071,,,,26.33377093261644,17.04195988550878,19.22537217739177,,14.46954887593706,,,,26.93360981503494,26.81982634118477,53.27826976472307,,26.62536716401835,,,,37.17787428831237,,13.99807777683494,53.71728394668068,,49.15617711152087,,,,,,,18.75827504509858,33.36592483844173,,4.663309773331526,14.9616945324151,,,52.74607124148769,25.21481721701837,21.19567967823991,,,,,28.83671142863384,,12.96325800628849,10.65886418398822,17.23220876488037,,18.93311302621231,14.10849400366251,19.10168107875643,18.26261869259626,18.1740206926037,,14.48049460045697,17.23220876488037,,,,16.81482264641213,17.74779498178872,,14.66146285009234,,38.30344435309447,,43.02707148378376,24.65572168106626,33.05473857612501,30.71599832907655,,13.90322161037832,,,100.9298459821403,19.92806664109007,,,72.55609287333928,,9.816326286108923,,33.3495714511893,16.78544910760518,18.96406483449441,41.72337706738391,,,,,21.26297802789696,,12.85156912552741,20.56085196671215,19.79085611909371,,,,,,,42.33384043929811,16.54867147569525,22.47013913893467,,,30.67355052981159,31.30131470503909,,13.70221702507397,,44.74812049382225,51.08198271696871,,,46.787308189842,41.28537475727399,12.06941941035582,,,17.28861788948947,,22.49741222611954,,,35.34059011953379,18.0983937292831,53.20207511738241,39.3838326904424,,,,14.75751927826008,,17.02458098971452,25.84263818097227,,15.26444443012707,,,,,,19.62790282096533,,,61.24477673531838,23.70484413041395,57.97366681917544,24.34034544365355,,15.20057643035609,,,,,,26.55533879689611,27.47339311972689,,,24.41508731668592,,,,,,,25.38640865818152,35.7705140351837,,,,,,,
1989-01-01,,,,,,,,,,30.48532618317575,43.494792571158,,,46.56227224822498,17.9663218668185,16.1479481854966,5.290611116805841,,,,,,,16.91885432521145,,,31.51941118716462,36.66486885241129,,16.36651542693874,40.53521625899559,28.06030244886771,,17.65034888414512,,,,21.06914686493774,16.25897998395804,18.35173453141407,,,,,,,,53.98989554507542,,,,,,37.11848669723422,,19.68655991445703,53.93914139777247,,49.08390670695451,,,,,,,,34.10261192516968,,6.429953438831942,,,,40.62567411311698,22.89175419607119,,,,,,,,,7.703039278522826,,,,,,17.30216744713922,,,14.98771946775441,,,,,13.99134857513636,17.99984838382067,,,,37.53854603487674,,38.49902554787911,,32.25017820228319,29.74092744692294,,13.92025831267553,,,62.67910034631536,21.05031495989254,,,73.0394511605223,,,,,19.92082966570194,,39.65235797093716,,,,,,,12.12897819789609,,,,,,,,,40.88175016495878,22.81682544834508,,,,,,,,,44.83178240057377,49.80763741126732,,,45.60184078518281,,11.83382590612522,,,14.08476755460827,,22.68538487474588,,,37.9700332691856,17.31211848196896,,,,,,,,,24.31003917397405,,,,,,,,,,,60.20222458718899,21.65900088784722,59.93027309703661,,,14.71229252554051,,,,,,26.39992238644198,,,,22.85390019600919,,,,,,,25.72506445011641,31.61862178364717,,,,,,,
1988-01-01,,,,,,,,,,31.11242716960203,44.45806757787775,,,48.47913052206607,,11.88580363517308,5.176978744392418,,,,,,,15.63601425192681,,,33.48446447731243,46.67472133843473,,17.71063554567901,40.25082390324361,28.78373529722157,,17.19114762873836,,,,,13.65303731851876,17.50959462902727,,,,,,,,55.1465171087702,,,,,,35.30778644846309,,18.08719546369274,54.4177936844489,,49.44657180861784,,,,,,,,34.42812102419443,,6.154645954469951,,,,19.45229287206537,24.19739056953405,,,,,,,,,7.467216387725289,,,,,,17.31150109671604,,,14.9973211040719,,,,,14.62989393270843,17.87596611223738,,,,38.32560314224155,,37.70503713946545,,28.27232768841699,29.71025033730418,,13.96545754726338,,,48.70752622635996,21.123598642237,,,77.60425162909402,,,,,20.21887465009858,,33.46793735011932,,,,,,,10.85807018593176,,,,,,,,,38.01827209337011,20.57517673360463,,,,,,,,,47.38805220895701,50.9716431884286,,,44.18470199038316,,11.30307893035498,,,,,19.45544489638279,,,37.85891222246306,12.76036618632919,,,,,,,,,21.57852625830286,,,,,,,,,,,60.19709206184565,20.16634138524468,58.55978275781319,,,,,,,,,36.00656403445797,,,,21.17009399661805,,,,,,,25.43401825387507,23.96504886942667,,,,,,,
1987-01-01,,,,,,,,,,,,,,49.83281683789914,,13.96203747026513,5.08801544148913,,,,,,,14.95967335957807,,,33.72734146295668,46.89464317735191,,17.2935656806117,39.68182388009806,28.45848224546881,,19.69969086237874,,,,,14.1199972387034,19.31010777658581,,,,,,,,54.6935316068753,,,,,,35.25264198338081,,14.8367054752817,51.69445297881081,,50.76445472838919,,,,,,,,34.70665006826761,,6.399507571418573,,,,25.03794992410015,25.94319758342702,,,,,,,,,7.423033254935459,,,,,,,,,14.8081723579543,,,,,14.56663836454295,,,,,34.70494568861147,,,,25.96167733285102,29.60392014914545,,13.20736467071266,,,,23.52477459843253,,,67.51388587344533,,,,,20.47235101299297,,37.45018135315601,,,,,,,8.267166603805643,,,,,,,,,39.12494169459421,15.64125228582136,,,,,,,,,48.35731698833754,50.93966430149126,,,42.59713252116571,,13.21212457737549,,,,,23.90189731331934,,,37.25656481389668,12.82788581999234,,,,,,,,,20.17988745236063,,,,,,,,,,,61.62442547487905,18.75086587934055,52.47520070012706,,,,,,,,,,,,,19.4384237959781,,,,,,,24.79537641249029,,,,,,,,
1986-01-01,,,,,,,,,,,,,,49.5725770274653,,11.21025011140942,5.21552209753683,,,,,,,17.47522538375376,,,46.48570566545722,45.28263644800354,,,39.4854072118945,28.63286971130329,,21.95846186090429,,,,,12.22995743039623,20.7423124719987,,,,,,,,53.10025437551234,,,,,,33.6457942806896,,15.86534433221139,53.38264116196654,,50.17668535743778,,,,,,,,35.90437951474771,,6.03094342801959,,,,21.68447847031359,25.15341075442247,,,,,,,,,7.40307537046646,,,,,,,,,14.44983159677638,,,,,15.09591843623157,,,,,34.58487226235702,,,,28.47254896383093,28.38645750841316,,12.31451992705782,,,,21.05793582553344,,,94.45623743376558,,,,,19.48926515191669,,34.0756312936354,,,,,,,8.82776093250989,,,,,,,,,39.18659938844013,12.12680558381509,,,,,,,,,48.36947045541036,49.97104959914311,,,41.50948427640346,,12.70208670707329,,,,,23.07589524127084,,,42.19983593540358,12.33040965772343,,,,,,,,,18.74705927531758,,,,,,,,,,,60.24812543870809,16.52239722002796,47.94952681388013,,,,,,,,,,,,,19.72174568564345,,,,,,,24.57016891590725,,,,,,,,
1985-01-01,,,,,,,,,,,,,,50.29019808147967,,10.255640081595,5.087063329274613,,,,,,,10.72083430068394,,,70.87334575506554,45.09522012131212,,,38.71170956768335,27.66987732195665,,23.37975880205677,,,,,12.2099027234736,19.74356612962521,,,,,,,,53.11830394245735,,,,,,32.99366225992272,,14.98651949085124,51.95197924828929,,51.17880208062349,,,,,,,,36.87812157754751,,4.885954239404436,,,,26.03158610387015,24.67747317861382,,,,,,,,,7.161596542299686,,,,,,,,,15.52311901485964,,,,,17.66300978154992,,,,,34.51309634193141,,,,32.11202526788829,28.38579004448366,,12.53738842376117,,,,19.76985796790094,,,79.46882201763826,,,,,18.89105153683265,,34.47058672220421,,,,,,,9.459693704247057,,,,,,,,,43.90579195038591,11.35747852210939,,,,,,,,,48.65044285110047,50.48280561813502,,,39.13298461324066,,11.52365814905446,,,,,22.86450322730923,,,,12.22863193252613,,,,,,,,,18.14789760837458,,,,,,,,,,,58.83476540212946,17.8675820633745,48.18657149970952,,,,,,,,,,,,,21.40396957700343,,,,,,,25.60102832228127,,,,,,,,
1984-01-01,,,,,,,,,,,,,,50.20845527395733,,,4.815621059273604,,,,,,,3.246359181503355,,,,41.40630599503566,,,38.81914170559281,27.88205588551153,,23.47666193799619,,,,,11.44209257395056,17.59853275950015,,,,,,,,51.25532860627115,,,,,,31.31296259466948,,15.13192352503607,50.18649570005348,,50.80605916780795,,,,,,,,37.0599670371466,,3.664456810556286,,,,43.65024346721416,24.76371389532807,,,,,,,,,7.189012860718797,,,,,,,,,14.23790427416381,,,,,18.55477614626017,,,,,36.00222069563408,,,,,27.93739438935062,,12.32140583772768,,,,20.41335727607762,,,,,,,,,,31.63394011693022,,,,,,,7.849648575556813,,,,,,,,,43.53203151030362,17.47880823629319,,,,,,,,,48.26680290251244,48.32547391793944,,,,,12.0361933904158,,,,,23.05760465741115,,,,12.58808857746609,,,,,,,,,17.51820576062838,,,,,,,,,,,58.30866201851656,17.90632552953028,44.44340417563899,,,,,,,,,,,,,21.33425313451105,,,,,,,25.58151318938658,,,,,,,,
1983-01-01,,,,,,,,,,,,,,49.60790512874529,,,4.833968016465838,,,,,,,10.98145928804967,,,,41.24228082346416,,,38.97169820277416,27.97871024680621,,24.63777750089318,,,,,11.26979902251593,,,,,,,,,50.74085284623429,,,,,,31.19409664222319,,13.66029223786893,48.55534230762484,,50.00752786008134,,,,,,,,37.19011082693947,,2.352034623233842,,,,44.78493053402674,24.07122433102772,,,,,,,,,7.17823053929434,,,,,,,,,14.37330277882235,,,,,17.63636406629675,,,,,34.85062666139473,,,,,27.26954131102854,,12.46107008307926,,,,24.97872097285969,,,,,,,,,,29.02528614349799,,,,,,,7.396092157927908,,,,,,,,,42.75607501959416,19.56797208753512,,,,,,,,,48.9051359461318,49.37171541840407,,,,,10.70806006802234,,,,,19.95595394957293,,,,13.31609538945826,,,,,,,,,16.34221429164138,,,,,,,,,,,58.92025224361053,16.52058793998195,44.79806627052065,,,,,,,,,,,,,21.25505221148625,,,,,,,22.80834310099538,,,,,,,,
1982-01-01,,,,,,,,,,,,,,49.20837204137345,,,4.930843093876818,,,,,,,8.131464475357767,,,,35.02418279093455,,,39.5009029293036,,,24.45059901660762,,,,,10.74705345394953,,,,,,,,,47.88462882881083,,,,,,29.38324319461892,,12.80845318991515,48.83002115145084,,49.16892676922439,,,,,,,,38.54499660951274,,2.694112092773954,,,,36.37404586871965,23.20864468538035,,,,,,,,,5.235004613521322,,,,,,,,,16.26381530930353,,,,,17.08649548357214,,,,,36.7028831983726,,,,,27.2945239817999,,13.10999885918227,,,,24.42723184820042,,,,,,,,,,27.86880347309669,,,,,,,7.314108523272164,,,,,,,,,42.64736664602595,23.4361390151377,,,,,,,,,48.01137951942734,47.71902028061408,,,,,10.49981260627055,,,,,,,,,14.6752582534407,,,,,,,,,18.47341628972363,,,,,,,,,,,57.84275528391239,18.21287558212541,,,,,,,,,,,,,,23.44971674742766,,,,,,,23.80488047620987,,,,,,,,
1981-01-01,,,,,,,,,,,,,,47.93771902617024,,,5.105886470484334,,,,,,,33.15587307415198,,,,46.43364582691966,,,38.93956422827793,,,,,,,,0.0362406664725505,,,,,,,,,49.23481740687614,,,,,,28.94042938143052,,11.98808319313864,49.32051475858826,,48.22991420815914,,,,,,,,37.57632077095164,,1.940255854253132,,,,32.0591097892765,21.00876121586241,,,,,,,,,5.443028648003005,,,,,,,,,19.91977531396759,,,,,19.07359519566783,,,,,35.68641599815233,,,,,27.03919393471617,,,,,,28.85366403505971,,,,,,,,,,,,,,,,,8.204100054648645,,,,,,,,,41.91583507774136,16.40314666759382,,,,,,,,,47.12339677670056,48.00888706333266,,,,,11.12454860595428,,,,,,,,,13.43664157944669,,,,,,,,,18.62360672219314,,,,,,,,,,,57.7458590633276,15.47078704518278,,,,,,,,,,,,,,22.81671380063854,,,,,,,22.24501189881959,,,,,,,,
1980-01-01,,,,,,,,,,,,,,47.31653707615324,,,5.050892083555085,,,,,,,,,,,,,,36.90288342711335,,,,,,,,0.0455041795062965,,,,,,,,,49.03366450756105,,,,,,28.17121140794858,,10.93307142736495,46.74459101956924,,47.61280329715522,,,,,,,,36.2045884688178,,2.775499827474403,,,,44.42190445559952,22.01718553195564,,,,,,,,,5.185035406547636,,,,,,,,,,,,,,,,,,,34.3995924844049,,,,,25.73614022227567,,,,,,40.91462802681278,,,,,,,,,,,,,,,,,11.72848499087654,,,,,,,,,,12.73831948952699,,,,,,,,,46.45364263533582,49.22273814633334,,,,,10.65406019718368,,,,,,,,,15.02511481853592,,,,,,,,,20.52601915348667,,,,,,,,,,,54.15341874616229,20.41769289698216,,,,,,,,,,,,,,22.38438647293,,,,,,,20.45791950584572,,,,,,,,
1979-01-01,,,,,,,,,,,,,,,,,,,,,,,,,,,,,,,35.98088104932026,,,,,,,,,,,,,,,,,47.8710046740959,,,,,,,,,46.75504630814004,,,,,,,,,,33.98305621679353,,,,,,,21.92555931652447,,,,,,,,,,,,,,,,,,,,,,,,,,,,,,,,,24.44788131498657,,,,,,41.80316231652108,,,,,,,,,,,,,,,,,,,,,,,,,,,,,,,,,,,,,46.55692783252548,,,,,10.15596480235506,,,,,,,,,15.87387053357667,,,,,,,,,,,,,,,,,,,,,,,,,,,,,,,,,,,22.68399677152068,,,,,,,20.90692400113497,,,,,,,,
1978-01-01,,,,,,,,,,,,,,,,,,,,,,,,,,,,,,,,,,,,,,,,,,,,,,,,,,,,,,,,,,,,,,,,,,,33.75358566379097,,,,,,,21.60150804994212,,,,,,,,,,,,,,,,,,,,,,,,,,,,,,,,,22.75153022540153,,,,,,,,,,,,,,,,,,,,,,,,,,,,,,,,,,,,,,,,,,,46.23884759042361,,,,,9.941105347659205,,,,,,,,,,,,,,,,,,,,,,,,,,,,,,,,,,,,,,,,,,,,21.37829451045773,,,,,,,,,,,,,,,
1977-01-01,,,,,,,,,,,,,,,,,,,,,,,,,,,,,,,,,,,,,,,,,,,,,,,,,,,,,,,,,,,,,,,,,,,,,,,,,,21.62836152577277,,,,,,,,,,,,,,,,,,,,,,,,,,,,,,,,,22.90367502827429,,,,,,,,,,,,,,,,,,,,,,,,,,,,,,,,,,,,,,,,,,,,,,,,9.435663949312024,,,,,,,,,,,,,,,,,,,,,,,,,,,,,,,,,,,,,,,,,,,,21.31905524503553,,,,,,,,,,,,,,,
1976-01-01,,,,,,,,,,,,,,,,,,,,,,,,,,,,,,,,,,,,,,,,,,,,,,,,,,,,,,,,,,,,,,,,,,,,,,,,,,21.79248629099788,,,,,,,,,,,,,,,,,,,,,,,,,,,,,,,,,21.88647987610869,,,,,,,,,,,,,,,,,,,,,,,,,,,,,,,,,,,,,,,,,,,,,,,,9.590536310734276,,,,,,,,,,,,,,,,,,,,,,,,,,,,,,,,,,,,,,,,,,,,21.6436094937494,,,,,,,,,,,,,,,
1975-01-01,,,,,,,,,,,,,,,,,,,,,,,,,,,,,,,,,,,,,,,,,,,,,,,,,,,,,,,,,,,,,,,,,,,,,,,,,,,,,,,,,,,,,,,,,,,,,,,,,,,,,,,,,,,22.32384049137823,,,,,,,,,,,,,,,,,,,,,,,,,,,,,,,,,,,,,,,,,,,,,,,,7.722859405804582,,,,,,,,,,,,,,,,,,,,,,,,,,,,,,,,,,,,,,,,,,,,20.99501588084377,,,,,,,,,,,,,,,
1974-01-01,,,,,,,,,,,,,,,,,,,,,,,,,,,,,,,,,,,,,,,,,,,,,,,,,,,,,,,,,,,,,,,,,,,,,,,,,,,,,,,,,,,,,,,,,,,,,,,,,,,,,,,,,,,22.71223723650774,,,,,,,,,,,,,,,,,,,,,,,,,,,,,,,,,,,,,,,,,,,,,,,,8.077543071898065,,,,,,,,,,,,,,,,,,,,,,,,,,,,,,,,,,,,,,,,,,,,19.65471054216113,,,,,,,,,,,,,,,
1973-01-01,,,,,,,,,,,,,,,,,,,,,,,,,,,,,,,,,,,,,,,,,,,,,,,,,,,,,,,,,,,,,,,,,,,,,,,,,,,,,,,,,,,,,,,,,,,,,,,,,,,,,,,,,,,20.86901205800243,,,,,,,,,,,,,,,,,,,,,,,,,,,,,,,,,,,,,,,,,,,,,,,,7.5594668577015,,,,,,,,,,,,,,,,,,,,,,,,,,,,,,,,,,,,,,,,,,,,20.02790514880152,,,,,,,,,,,,,,,
1972-01-01,,,,,,,,,,,,,,,,,,,,,,,,,,,,,,,,,,,,,,,,,,,,,,,,,,,,,,,,,,,,,,,,,,,,,,,,,,,,,,,,,,,,,,,,,,,,,,,,,,,,,,,,,,,20.01240468062167,,,,,,,,,,,,,,,,,,,,,,,,,,,,,,,,,,,,,,,,,,,,,,,,6.219132456664273,,,,,,,,,,,,,,,,,,,,,,,,,,,,,,,,,,,,,,,,,,,,,,,,,,,,,,,,,,,
1971-01-01,,,,,,,,,,,,,,,,,,,,,,,,,,,,,,,,,,,,,,,,,,,,,,,,,,,,,,,,,,,,,,,,,,,,,,,,,,,,,,,,,,,,,,,,,,,,,,,,,,,,,,,,,,,20.08939761900099,,,,,,,,,,,,,,,,,,,,,,,,,,,,,,,,,,,,,,,,,,,,,,,,6.341206590708729,,,,,,,,,,,,,,,,,,,,,,,,,,,,,,,,,,,,,,,,,,,,,,,,,,,,,,,,,,,
1970-01-01,,,,,,,,,,,,,,,,,,,,,,,,,,,,,,,,,,,,,,,,,,,,,,,,,,,,,,,,,,,,,,,,,,,,,,,,,,,,,,,,,,,,,,,,,,,,,,,,,,,,,,,,,,,19.15838287798579,,,,,,,,,,,,,,,,,,,,,,,,,,,,,,,,,,,,,,,,,,,,,,,,6.362790878543886,,,,,,,,,,,,,,,,,,,,,,,,,,,,,,,,,,,,,,,,,,,,,,,,,,,,,,,,,,,
1969-01-01,,,,,,,,,,,,,,,,,,,,,,,,,,,,,,,,,,,,,,,,,,,,,,,,,,,,,,,,,,,,,,,,,,,,,,,,,,,,,,,,,,,,,,,,,,,,,,,,,,,,,,,,,,,18.27129271380846,,,,,,,,,,,,,,,,,,,,,,,,,,,,,,,,,,,,,,,,,,,,,,,,5.492121893331178,,,,,,,,,,,,,,,,,,,,,,,,,,,,,,,,,,,,,,,,,,,,,,,,,,,,,,,,,,,
1968-01-01,,,,,,,,,,,,,,,,,,,,,,,,,,,,,,,,,,,,,,,,,,,,,,,,,,,,,,,,,,,,,,,,,,,,,,,,,,,,,,,,,,,,,,,,,,,,,,,,,,,,,,,,,,,18.16434832118003,,,,,,,,,,,,,,,,,,,,,,,,,,,,,,,,,,,,,,,,,,,,,,,,4.817610485818045,,,,,,,,,,,,,,,,,,,,,,,,,,,,,,,,,,,,,,,,,,,,,,,,,,,,,,,,,,,
1967-01-01,,,,,,,,,,,,,,,,,,,,,,,,,,,,,,,,,,,,,,,,,,,,,,,,,,,,,,,,,,,,,,,,,,,,,,,,,,,,,,,,,,,,,,,,,,,,,,,,,,,,,,,,,,,17.95928086488166,,,,,,,,,,,,,,,,,,,,,,,,,,,,,,,,,,,,,,,,,,,,,,,,5.202115130935282,,,,,,,,,,,,,,,,,,,,,,,,,,,,,,,,,,,,,,,,,,,,,,,,,,,,,,,,,,,
1966-01-01,,,,,,,,,,,,,,,,,,,,,,,,,,,,,,,,,,,,,,,,,,,,,,,,,,,,,,,,,,,,,,,,,,,,,,,,,,,,,,,,,,,,,,,,,,,,,,,,,,,,,,,,,,,17.71412791734656,,,,,,,,,,,,,,,,,,,,,,,,,,,,,,,,,,,,,,,,,,,,,,,,4.507870196891072,,,,,,,,,,,,,,,,,,,,,,,,,,,,,,,,,,,,,,,,,,,,,,,,,,,,,,,,,,,
1965-01-01,,,,,,,,,,,,,,,,,,,,,,,,,,,,,,,,,,,,,,,,,,,,,,,,,,,,,,,,,,,,,,,,,,,,,,,,,,,,,,,,,,,,,,,,,,,,,,,,,,,,,,,,,,,18.08702479526444,,,,,,,,,,,,,,,,,,,,,,,,,,,,,,,,,,,,,,,,,,,,,,,,4.743852363586083,,,,,,,,,,,,,,,,,,,,,,,,,,,,,,,,,,,,,,,,,,,,,,,,,,,,,,,,,,,
1964-01-01,,,,,,,,,,,,,,,,,,,,,,,,,,,,,,,,,,,,,,,,,,,,,,,,,,,,,,,,,,,,,,,,,,,,,,,,,,,,,,,,,,,,,,,,,,,,,,,,,,,,,,,,,,,17.89800808655317,,,,,,,,,,,,,,,,,,,,,,,,,,,,,,,,,,,,,,,,,,,,,,,,4.341957939099075,,,,,,,,,,,,,,,,,,,,,,,,,,,,,,,,,,,,,,,,,,,,,,,,,,,,,,,,,,,
1963-01-01,,,,,,,,,,,,,,,,,,,,,,,,,,,,,,,,,,,,,,,,,,,,,,,,,,,,,,,,,,,,,,,,,,,,,,,,,,,,,,,,,,,,,,,,,,,,,,,,,,,,,,,,,,,18.24779890398568,,,,,,,,,,,,,,,,,,,,,,,,,,,,,,,,,,,,,,,,,,,,,,,,3.981892840897806,,,,,,,,,,,,,,,,,,,,,,,,,,,,,,,,,,,,,,,,,,,,,,,,,,,,,,,,,,,
1962-01-01,,,,,,,,,,,,,,,,,,,,,,,,,,,,,,,,,,,,,,,,,,,,,,,,,,,,,,,,,,,,,,,,,,,,,,,,,,,,,,,,,,,,,,,,,,,,,,,,,,,,,,,,,,,18.03965378279937,,,,,,,,,,,,,,,,,,,,,,,,,,,,,,,,,,,,,,,,,,,,,,,,3.55455875573059,,,,,,,,,,,,,,,,,,,,,,,,,,,,,,,,,,,,,,,,,,,,,,,,,,,,,,,,,,,
1961-01-01,,,,,,,,,,,,,,,,,,,,,,,,,,,,,,,,,,,,,,,,,,,,,,,,,,,,,,,,,,,,,,,,,,,,,,,,,,,,,,,,,,,,,,,,,,,,,,,,,,,,,,,,,,,17.93673415363465,,,,,,,,,,,,,,,,,,,,,,,,,,,,,,,,,,,,,,,,,,,,,,,,,,,,,,,,,,,,,,,,,,,,,,,,,,,,,,,,,,,,,,,,,,,,,,,,,,,,,,,,,,,
1960-01-01,,,,,,,,,,,,,,,,,,,,,,,,,,,,,,,,,,,,,,,,,,,,,,,,,,,,,,,,,,,,,,,,,,,,,,,,,,,,,,,,,,,,,,,,,,,,,,,,,,,,,,,,,,,17.43935341412276,,,,,,,,,,,,,,,,,,,,,,,,,,,,,,,,,,,,,,,,,,,,,,,,,,,,,,,,,,,,,,,,,,,,,,,,,,,,,,,,,,,,,,,,,,,,,,,,,,,,,,,,,,,
1959-01-01,,,,,,,,,,,,,,,,,,,,,,,,,,,,,,,,,,,,,,,,,,,,,,,,,,,,,,,,,,,,,,,,,,,,,,,,,,,,,,,,,,,,,,,,,,,,,,,,,,,,,,,,,,,17.24218682569716,,,,,,,,,,,,,,,,,,,,,,,,,,,,,,,,,,,,,,,,,,,,,,,,,,,,,,,,,,,,,,,,,,,,,,,,,,,,,,,,,,,,,,,,,,,,,,,,,,,,,,,,,,,
1958-01-01,,,,,,,,,,,,,,,,,,,,,,,,,,,,,,,,,,,,,,,,,,,,,,,,,,,,,,,,,,,,,,,,,,,,,,,,,,,,,,,,,,,,,,,,,,,,,,,,,,,,,,,,,,,17.54861164867274,,,,,,,,,,,,,,,,,,,,,,,,,,,,,,,,,,,,,,,,,,,,,,,,,,,,,,,,,,,,,,,,,,,,,,,,,,,,,,,,,,,,,,,,,,,,,,,,,,,,,,,,,,,
1957-01-01,,,,,,,,,,,,,,,,,,,,,,,,,,,,,,,,,,,,,,,,,,,,,,,,,,,,,,,,,,,,,,,,,,,,,,,,,,,,,,,,,,,,,,,,,,,,,,,,,,,,,,,,,,,17.85354877878957,,,,,,,,,,,,,,,,,,,,,,,,,,,,,,,,,,,,,,,,,,,,,,,,,,,,,,,,,,,,,,,,,,,,,,,,,,,,,,,,,,,,,,,,,,,,,,,,,,,,,,,,,,,
1956-01-01,,,,,,,,,,,,,,,,,,,,,,,,,,,,,,,,,,,,,,,,,,,,,,,,,,,,,,,,,,,,,,,,,,,,,,,,,,,,,,,,,,,,,,,,,,,,,,,,,,,,,,,,,,,17.91290163183808,,,,,,,,,,,,,,,,,,,,,,,,,,,,,,,,,,,,,,,,,,,,,,,,,,,,,,,,,,,,,,,,,,,,,,,,,,,,,,,,,,,,,,,,,,,,,,,,,,,,,,,,,,,
