date,AUS,CAN,COL,CRI,CZE,EA20,GBR,HUN,ISL,ISR,JPN,KOR,NOR,RUS,USA,ZAF
2026-04-01,3449299.0,,1007886000.0,,7525612.0,17429200.0,3790131.0,,,,,,3593548.0,,22804500.0,6046877.0
2026-03-01,3422410.0,4018012.0,999136800.0,,7442656.0,17421130.0,3779262.0,50458210.0,,,1632809000.0,4118090000.0,3569783.0,,22686400.0,5967908.0
2026-02-01,3398054.0,4002547.0,988163100.0,,7445235.0,17297100.0,3760964.0,50141180.0,,,1629277000.0,4099487000.0,3557545.0,,22627000.0,5912320.0
2026-01-01,3369953.0,3985758.0,972333100.0,26113230.0,7345006.0,17304810.0,3729731.0,49281640.0,,,1626608000.0,4088424000.0,3493909.0,,22429300.0,5859761.0
2025-12-01,3350255.0,3974315.0,957552800.0,26143500.0,7295927.0,17270220.0,3745575.0,48242460.0,,2168727.0,1626447000.0,4114631000.0,3482320.0,,22353500.0,5838386.0
2025-11-01,3332908.0,3973818.0,953399000.0,26130610.0,7264628.0,17243620.0,3733398.0,48181610.0,,2118763.0,1624995000.0,4064328000.0,3424851.0,,22277400.0,5830089.0
2025-10-01,3322511.0,3966572.0,943440300.0,25903430.0,7233406.0,17045710.0,3706812.0,47938070.0,,2123715.0,1622738000.0,4053808000.0,3424106.0,,22245100.0,5774558.0
2025-09-01,3297760.0,3937941.0,940449000.0,25912830.0,7202556.0,16977440.0,3712518.0,48051380.0,,2113230.0,1620770000.0,4066878000.0,3412362.0,,22170300.0,5688054.0
2025-08-01,3272342.0,3909257.0,935166300.0,25625340.0,7192770.0,16950510.0,3674206.0,47789300.0,,2101511.0,1617917000.0,4051956000.0,3416336.0,,22086900.0,5639360.0
2025-07-01,3250953.0,3884658.0,927831600.0,25166740.0,7205566.0,16944950.0,3677575.0,47383280.0,3157218.0,2097299.0,1614733000.0,4010467000.0,3393959.0,,22020000.0,5619245.0
2025-06-01,3232309.0,3873066.0,921608400.0,25121450.0,7165001.0,16920960.0,3645086.0,47207260.0,3151266.0,2101937.0,1611933000.0,3972986000.0,3373088.0,,21938800.0,5567225.0
2025-05-01,3205378.0,3870376.0,914023700.0,24758030.0,7207026.0,16930490.0,3640137.0,47003270.0,3143185.0,2072696.0,1609990000.0,3951808000.0,3375706.0,,21834000.0,5523710.0
2025-04-01,3189769.0,3848805.0,908900000.0,25073840.0,7111116.0,16865900.0,3631192.0,46912100.0,3135395.0,2057594.0,1608258000.0,3945165000.0,3339775.0,,21775700.0,5499121.0
2025-03-01,3161392.0,3877632.0,891004900.0,25084940.0,7094636.0,16800950.0,3636653.0,46437740.0,3127534.0,2033960.0,1610084000.0,3909014000.0,3318862.0,,21693700.0,5482456.0
2025-02-01,3155702.0,3859092.0,872937200.0,25175570.0,7092176.0,16765410.0,3643496.0,46502850.0,3119790.0,2031236.0,1610955000.0,3915051000.0,3296022.0,,21613500.0,5460644.0
2025-01-01,3138845.0,3843969.0,866589800.0,25106910.0,7011446.0,16738910.0,3642193.0,45835660.0,3108075.0,2030082.0,1610692000.0,3911566000.0,3273428.0,,21548100.0,5476878.0
2024-12-01,3126384.0,3820834.0,864192000.0,24722830.0,7013016.0,16832000.0,3593318.0,45372550.0,3091958.0,2035513.0,1609366000.0,3905159000.0,3245088.0,,21485900.0,5440045.0
2024-11-01,3112160.0,3792482.0,861497000.0,25204590.0,7013470.0,16739970.0,3589322.0,45066330.0,3076700.0,2035033.0,1606999000.0,3876245000.0,3245429.0,,21452200.0,5397158.0
2024-10-01,3101699.0,3788105.0,853385100.0,25121220.0,7002148.0,16547790.0,3577817.0,45055290.0,3058298.0,2030014.0,1605980000.0,3865956000.0,3223646.0,,21331900.0,5378826.0
2024-09-01,3073539.0,3753223.0,843652400.0,24813740.0,6930907.0,16524540.0,3548555.0,44177980.0,3034914.0,2029937.0,1605089000.0,3848433000.0,3196878.0,,21269500.0,5361400.0
2024-08-01,3062729.0,3742238.0,837106200.0,24509070.0,6947634.0,16480200.0,3523036.0,44264160.0,3009849.0,2012456.0,1604971000.0,3839483000.0,3191832.0,,21186800.0,5293899.0
2024-07-01,3051572.0,3735019.0,834022300.0,24239190.0,6982758.0,16386370.0,3544232.0,44418230.0,2981469.0,1981785.0,1605222000.0,3827743000.0,3175303.0,,21095300.0,5263657.0
2024-06-01,3026967.0,3717806.0,833048100.0,24184410.0,6897559.0,16396260.0,3534451.0,44507390.0,2952664.0,1982216.0,1604936000.0,3811470000.0,3189709.0,,21068400.0,5191363.0
2024-05-01,3025763.0,3684048.0,825906000.0,23768190.0,6908092.0,16232750.0,3535768.0,43956300.0,2926987.0,1970051.0,1605465000.0,3808878000.0,3185556.0,,21020700.0,5167896.0
2024-04-01,3018966.0,3656425.0,821265000.0,23549910.0,6850794.0,16203720.0,3544320.0,43729840.0,2903721.0,1954625.0,1605908000.0,3792114000.0,3139676.0,,20959700.0,5180655.0
2024-03-01,3005124.0,3640607.0,813051600.0,23388270.0,6794021.0,16180350.0,3554870.0,43016120.0,2881439.0,1945275.0,1604684000.0,3799257000.0,3129613.0,,20973900.0,5184202.0
2024-02-01,2994299.0,3625624.0,812869100.0,22932530.0,6823780.0,16051360.0,3505237.0,42407360.0,2860234.0,1926406.0,1601225000.0,3769529000.0,3109232.0,,20927400.0,5152836.0
2024-01-01,2977024.0,3602964.0,810856600.0,22586370.0,6715046.0,16055470.0,3493606.0,41967850.0,2836664.0,1908308.0,1599117000.0,3742900000.0,3117270.0,,20843900.0,5116100.0
2023-12-01,2963216.0,3598783.0,805833200.0,22261980.0,6532891.0,16192780.0,3538806.0,41592320.0,2809803.0,1879958.0,1596623000.0,3735404000.0,3131957.0,,20777900.0,5098986.0
2023-11-01,2940430.0,3598853.0,802085100.0,21980830.0,6646880.0,16020810.0,3490110.0,41507990.0,2782285.0,1858849.0,1595933000.0,3742268000.0,3109448.0,,20746500.0,5006106.0
2023-10-01,2917244.0,3560761.0,801615000.0,21754640.0,6609404.0,15955890.0,3493381.0,41352940.0,2755316.0,1840867.0,1595176000.0,3717114000.0,3096419.0,,20732900.0,4987526.0
2023-09-01,2915153.0,3544091.0,793678100.0,21324820.0,6555872.0,16001560.0,3504914.0,41395830.0,2731772.0,1815017.0,1593450000.0,3687341000.0,3117700.0,,20747800.0,4998841.0
2023-08-01,2898208.0,3550263.0,789340700.0,21287980.0,6551358.0,15945650.0,3529604.0,41026990.0,2711475.0,1810599.0,1591693000.0,3691071000.0,3048806.0,,20777200.0,4986419.0
2023-07-01,2879032.0,3510869.0,774023400.0,21089660.0,6548861.0,15984630.0,3500205.0,40962920.0,2693212.0,1808079.0,1589451000.0,3681914000.0,3054679.0,,20791200.0,4971069.0
2023-06-01,2871915.0,3490157.0,770925700.0,20721810.0,6517290.0,15988030.0,3521289.0,40332800.0,2675585.0,1794237.0,1588528000.0,3683131000.0,3013698.0,,20799300.0,4982031.0
2023-05-01,2880130.0,3478613.0,768412500.0,20619960.0,6507270.0,15989420.0,3516110.0,40923350.0,2657230.0,1793065.0,1584552000.0,3646863000.0,3143690.0,,20829700.0,4933782.0
2023-04-01,2869127.0,3480375.0,765300600.0,20935680.0,6413208.0,16005660.0,3509388.0,40926040.0,2639638.0,1800119.0,1580419000.0,3646026000.0,3136361.0,,20761400.0,4898129.0
2023-03-01,2866479.0,3465794.0,768289600.0,20707450.0,6317174.0,16003310.0,3520194.0,41345250.0,2620610.0,1799834.0,1576224000.0,3652506000.0,3170857.0,95080300.0,20946800.0,4852012.0
2023-02-01,2846681.0,3456881.0,773985400.0,20998820.0,6264026.0,15998740.0,3552910.0,41772280.0,2596016.0,1788850.0,1573718000.0,3664371000.0,3136412.0,93333710.0,21242900.0,4878272.0
2023-01-01,2847114.0,3458596.0,762427300.0,21057920.0,6146989.0,16033370.0,3573164.0,41253670.0,2573732.0,1783451.0,1571482000.0,3653465000.0,3152137.0,92576620.0,21279400.0,4801860.0
2022-12-01,2825860.0,3426557.0,756623400.0,21220530.0,5953585.0,16134880.0,3560202.0,41060240.0,2556140.0,1796364.0,1569985000.0,3645241000.0,3110754.0,88797860.0,21291000.0,4745256.0
2022-11-01,2811014.0,3415238.0,745958500.0,21191470.0,6133963.0,16154750.0,3582457.0,41770560.0,2539779.0,1796715.0,1569661000.0,3668346000.0,3098686.0,88364450.0,21406500.0,4735476.0
2022-10-01,2793449.0,3389584.0,741709800.0,21372280.0,6113865.0,16103120.0,3634938.0,41911770.0,2525280.0,1792158.0,1566530000.0,3633591000.0,3077035.0,86832190.0,21461500.0,4673308.0
2022-09-01,2775228.0,3380359.0,740060000.0,21579930.0,6073628.0,16182100.0,3673132.0,42454650.0,2509269.0,1792294.0,1564591000.0,3610664000.0,3154138.0,86341090.0,21536500.0,4640816.0
2022-08-01,2778126.0,3353883.0,733295300.0,21777200.0,5989741.0,16137000.0,3570196.0,42432080.0,2491367.0,1765449.0,1562198000.0,3587882000.0,3077274.0,84988310.0,21638200.0,4588005.0
2022-07-01,2770556.0,3331469.0,726993000.0,22283050.0,5985819.0,16066630.0,3543901.0,41766090.0,2473401.0,1769518.0,1559121000.0,3561388000.0,3076176.0,81802980.0,21652800.0,4554352.0
2022-06-01,2757981.0,3317569.0,718823800.0,22886260.0,5939653.0,15944730.0,3535527.0,40832400.0,2455731.0,1767172.0,1555783000.0,3536269000.0,3076705.0,83195460.0,21651200.0,4497886.0
2022-05-01,2724143.0,3294902.0,709401700.0,22656430.0,5963436.0,15856880.0,3508103.0,40271500.0,2437517.0,1758334.0,1551805000.0,3531625000.0,3043881.0,83099460.0,21719500.0,4477155.0
2022-04-01,2700146.0,3264317.0,703782200.0,22335260.0,5887494.0,15811640.0,3518819.0,39948640.0,2416871.0,1733253.0,1548439000.0,3499660000.0,3022894.0,84411690.0,21769500.0,4459799.0
2022-03-01,2687588.0,3243389.0,695932800.0,22139850.0,5847235.0,15683370.0,3514095.0,39530690.0,2397632.0,1719639.0,1544375000.0,3463250000.0,3011682.0,84055500.0,21786800.0,4481723.0
2022-02-01,2665178.0,3218702.0,684806700.0,21744740.0,5810521.0,15584630.0,3492849.0,39508930.0,2381365.0,1732695.0,1540910000.0,3461535000.0,2970276.0,83039230.0,21724800.0,4410450.0
2022-01-01,2657318.0,3197015.0,684758900.0,21716420.0,5736610.0,15545890.0,3452500.0,38229200.0,2363977.0,1710075.0,1536655000.0,3444297000.0,2977356.0,81902270.0,21650000.0,4376913.0
2021-12-01,2657329.0,3168564.0,681514900.0,21750700.0,5610992.0,15539200.0,3469012.0,38300660.0,2345108.0,1698128.0,1531257000.0,3405916000.0,2947838.0,81208370.0,21498800.0,4359685.0
2021-11-01,2621157.0,3156012.0,665057300.0,21479940.0,5738979.0,15449050.0,3469531.0,37571200.0,2325327.0,1675166.0,1529021000.0,3386497000.0,2924947.0,79413090.0,21335900.0,4340000.0
2021-10-01,2602057.0,3127241.0,654983200.0,21368450.0,5716695.0,15366340.0,3438532.0,36558410.0,2304203.0,1654330.0,1526026000.0,3349286000.0,2875019.0,78886740.0,21160700.0,4265659.0
2021-09-01,2587010.0,3119784.0,646206800.0,21416630.0,5701554.0,15233540.0,3431190.0,35827700.0,2282818.0,1657772.0,1521049000.0,3304396000.0,2862466.0,77860100.0,20981000.0,4263159.0
2021-08-01,2549854.0,3109874.0,644005100.0,21140710.0,5679109.0,15208490.0,3375896.0,35200550.0,2261229.0,1630700.0,1517341000.0,3285642000.0,2854779.0,77052500.0,20840700.0,4238638.0
2021-07-01,2538931.0,3076904.0,640690200.0,20905060.0,5660164.0,15167680.0,3353766.0,35036120.0,2240546.0,1628064.0,1514139000.0,3240351000.0,2842522.0,76813220.0,20633300.0,4195628.0
2021-06-01,2509566.0,3037899.0,634428200.0,20673790.0,5638228.0,14997490.0,3353228.0,34559610.0,2221428.0,1595760.0,1511006000.0,3207876000.0,2814564.0,76519240.0,20477100.0,4159557.0
2021-05-01,2470640.0,3019206.0,630667100.0,20643990.0,5618322.0,14908070.0,3328086.0,33991530.0,2203823.0,1563635.0,1508664000.0,3192114000.0,2806027.0,75734700.0,20459000.0,4161496.0
2021-04-01,2468065.0,2980235.0,623536600.0,20642970.0,5580947.0,14798780.0,3311794.0,33948030.0,2187835.0,1548353.0,1502255000.0,3175027000.0,2780770.0,74656180.0,20175400.0,4144854.0
2021-03-01,2457258.0,2988605.0,619387100.0,20462810.0,5568150.0,14715910.0,3286755.0,33880710.0,2172202.0,1531636.0,1497967000.0,3135999000.0,2740531.0,74195460.0,19873200.0,4137012.0
2021-02-01,2455597.0,2974248.0,613742800.0,20423920.0,5511964.0,14634380.0,3265796.0,33503210.0,2157413.0,1513796.0,1493373000.0,3090329000.0,2744110.0,74179190.0,19641800.0,4146111.0
2021-01-01,2445645.0,2954326.0,610349700.0,20328520.0,5408366.0,14574410.0,3254634.0,33095040.0,2143637.0,1498736.0,1487901000.0,3066395000.0,2682352.0,73613950.0,19379000.0,4156078.0
2020-12-01,2431993.0,2936076.0,608553800.0,19997660.0,5255245.0,14503590.0,3240851.0,32913400.0,2130006.0,1470617.0,1481720000.0,3045725000.0,2665940.0,73283090.0,19115700.0,4128250.0
2020-11-01,2422633.0,2920905.0,604328400.0,20005600.0,5319421.0,14370200.0,3189116.0,31772550.0,2115947.0,1457497.0,1476569000.0,3033495000.0,2655805.0,73542340.0,18997000.0,4095278.0
2020-10-01,2407540.0,2913889.0,605684900.0,19944200.0,5303525.0,14247280.0,3185031.0,31440350.0,2103008.0,1433551.0,1470956000.0,3005763000.0,2641686.0,73006090.0,18757600.0,4136137.0
2020-09-01,2394547.0,2974485.0,603275600.0,19781680.0,5292669.0,14125780.0,3194108.0,30962600.0,2091855.0,1414235.0,1466100000.0,2983217000.0,2609471.0,71241790.0,18602500.0,4106903.0
2020-08-01,2380073.0,2952128.0,597925600.0,19677810.0,5203070.0,14040670.0,3168392.0,30398570.0,2080012.0,1394570.0,1457905000.0,2950591000.0,2588168.0,70589560.0,18411200.0,4159610.0
2020-07-01,2354429.0,2938833.0,596087700.0,19337950.0,5167125.0,14024140.0,3186343.0,29986060.0,2064040.0,1365907.0,1447622000.0,2935674000.0,2581921.0,69170310.0,18335400.0,4124998.0
2020-06-01,2328812.0,2930592.0,594425600.0,19116700.0,5118956.0,13924450.0,3166343.0,29656530.0,2045442.0,1347894.0,1436457000.0,2913673000.0,2533502.0,67944960.0,18184300.0,4115252.0
2020-05-01,2310796.0,2879280.0,593878400.0,18556990.0,5105622.0,13841520.0,3152351.0,29230460.0,2025446.0,1336203.0,1411587000.0,2886487000.0,2576928.0,67757600.0,17932900.0,4091766.0
2020-04-01,2305078.0,2827440.0,585855400.0,17969680.0,5062698.0,13631130.0,3110239.0,28857530.0,2004411.0,1318767.0,1393056000.0,2843387000.0,2545995.0,67910940.0,17065300.0,4070948.0
2020-03-01,2240531.0,2739346.0,571931500.0,17701020.0,5045006.0,13456860.0,3088680.0,28639600.0,1983793.0,1302618.0,1386846000.0,2810006000.0,2503182.0,64598140.0,16033000.0,3981097.0
2020-02-01,2178734.0,2658663.0,544411000.0,17177440.0,4956764.0,13107780.0,2931903.0,27793820.0,1964689.0,1226133.0,1381500000.0,2771059000.0,2392052.0,63312640.0,15493400.0,3852724.0
2020-01-01,2168439.0,2641710.0,539130200.0,17275490.0,4887820.0,13016220.0,2905843.0,27641870.0,1947699.0,1213427.0,1378423000.0,2743363000.0,2377609.0,63029780.0,15427100.0,3802592.0
2019-12-01,2158996.0,2630269.0,534626300.0,16983530.0,4779396.0,13002240.0,2892484.0,27174960.0,1932785.0,1202936.0,1375148000.0,2726225000.0,2370050.0,63357520.0,15347500.0,3768912.0
2019-11-01,2153820.0,2606893.0,538308900.0,16254710.0,4832971.0,13048720.0,2887563.0,27185730.0,1920046.0,1196171.0,1372121000.0,2704592000.0,2371915.0,63001410.0,15296000.0,3785182.0
2019-10-01,2145169.0,2593583.0,530171500.0,16210490.0,4805636.0,12947690.0,2869572.0,26781440.0,1908619.0,1192971.0,1367614000.0,2678847000.0,2359154.0,62437930.0,15184100.0,3765817.0
2019-09-01,2134390.0,2571121.0,529069700.0,16457730.0,4768193.0,12894270.0,2884327.0,26495810.0,1897789.0,1179798.0,1364391000.0,2664009000.0,2353659.0,62205360.0,15047000.0,3750696.0
2019-08-01,2127747.0,2557021.0,521268400.0,16256010.0,4771961.0,12924230.0,2898783.0,26273950.0,1888380.0,1174635.0,1361374000.0,2649757000.0,2373720.0,61491260.0,14974400.0,3750423.0
2019-07-01,2121674.0,2532848.0,515609200.0,16174500.0,4732621.0,12810660.0,2883783.0,26008130.0,1881473.0,1172141.0,1359086000.0,2619007000.0,2342760.0,61162210.0,14886800.0,3729466.0
2019-06-01,2146588.0,2519987.0,512527100.0,16108930.0,4709400.0,12754280.0,2875210.0,25827390.0,1926800.0,1172371.0,1356687000.0,2601174000.0,2322049.0,61003360.0,14802800.0,3706524.0
2019-05-01,2144282.0,2509147.0,509757200.0,16155540.0,4719603.0,12685700.0,2867630.0,26154070.0,1919306.0,1168575.0,1355641000.0,2582663000.0,2327499.0,60249690.0,14704400.0,3698833.0
2019-04-01,2145094.0,2512080.0,506439300.0,16307920.0,4653657.0,12605570.0,2858734.0,25643180.0,1914562.0,1162737.0,1352869000.0,2577148000.0,2299280.0,60021500.0,14594700.0,3686417.0
2019-03-01,2145703.0,2487854.0,502602000.0,16424760.0,4588153.0,12533040.0,2851741.0,25480710.0,1908651.0,1150625.0,1351287000.0,2565075000.0,2302936.0,59751430.0,14557500.0,3634605.0
2019-02-01,2130111.0,2450135.0,497039800.0,16444440.0,4579203.0,12403000.0,2848279.0,25337200.0,1901497.0,1147092.0,1349287000.0,2554206000.0,2289730.0,59199430.0,14506300.0,3577550.0
2019-01-01,2117921.0,2435960.0,493288800.0,16328450.0,4523652.0,12363510.0,2875421.0,25255670.0,1893160.0,1137116.0,1347461000.0,2545901000.0,2279638.0,59830210.0,14459700.0,3551628.0
2018-12-01,2107764.0,2438312.0,496102500.0,16309580.0,4493666.0,12373340.0,2907331.0,25114210.0,1883524.0,1118578.0,1345225000.0,2530513000.0,2276231.0,58966640.0,14386800.0,3550950.0
2018-11-01,2097667.0,2405300.0,488907600.0,16488470.0,4541908.0,12321390.0,2884112.0,25186220.0,1872468.0,1123541.0,1343247000.0,2508132000.0,2267898.0,58572860.0,14282800.0,3522424.0
2018-10-01,2096062.0,2389211.0,484966300.0,16369990.0,4491239.0,12235320.0,2883960.0,25061610.0,1859570.0,1109818.0,1341887000.0,2508874000.0,2250100.0,58116220.0,14256600.0,3508983.0
2018-09-01,2088515.0,2374265.0,482268700.0,16001590.0,4455305.0,12196130.0,2852323.0,24815690.0,1846335.0,1103694.0,1339210000.0,2477042000.0,2255100.0,58288800.0,14245500.0,3532185.0
2018-08-01,2088048.0,2362164.0,481608900.0,15783880.0,4472913.0,12176190.0,2833853.0,24903490.0,1834751.0,1092380.0,1336371000.0,2476982000.0,2248531.0,57231020.0,14223200.0,3488034.0
2018-07-01,2071660.0,2347505.0,478907000.0,15689450.0,4433740.0,12168430.0,2827317.0,24797700.0,1824433.0,1091684.0,1334174000.0,2466855000.0,2245597.0,57323430.0,14174600.0,3445189.0
2018-06-01,2066247.0,2343123.0,474857900.0,15799240.0,4408592.0,12176780.0,2828683.0,24630230.0,1814137.0,1083163.0,1331799000.0,2445580000.0,2246022.0,56685870.0,14137200.0,3403976.0
2018-05-01,2062384.0,2326526.0,473741300.0,15865190.0,4433011.0,12078230.0,2829453.0,24001020.0,1803188.0,1083962.0,1327285000.0,2447434000.0,2239237.0,56183060.0,14092400.0,3392849.0
2018-04-01,2058609.0,2322681.0,471512100.0,15962020.0,4382868.0,11994590.0,2789483.0,23791130.0,1790817.0,1083282.0,1325977000.0,2432209000.0,2233178.0,54756150.0,14035900.0,3388085.0
2018-03-01,2060416.0,2316912.0,472379900.0,15831560.0,4349925.0,11934990.0,2792142.0,23429560.0,1779011.0,1079286.0,1323513000.0,2424264000.0,2207342.0,53449860.0,14012700.0,3404648.0
2018-02-01,2062533.0,2306744.0,470661300.0,15870060.0,4334389.0,11869180.0,2827603.0,23156900.0,1768218.0,1070143.0,1321302000.0,2420568000.0,2182130.0,53583650.0,13949300.0,3401734.0
2018-01-01,2061753.0,2289573.0,469223000.0,15840420.0,4278344.0,11872110.0,2826089.0,23005610.0,1758607.0,1073693.0,1319408000.0,2411984000.0,2188388.0,53063460.0,13900300.0,3383213.0
2017-12-01,2055090.0,2291263.0,469982100.0,15949540.0,4226891.0,11877250.0,2801313.0,22442850.0,1750822.0,1073138.0,1316920000.0,2395014000.0,2157624.0,53036080.0,13881700.0,3364311.0
2017-11-01,2058639.0,2278605.0,464094800.0,16031290.0,4244757.0,11857380.0,2801991.0,22356510.0,1743661.0,1067296.0,1315885000.0,2389604000.0,2164141.0,52826140.0,13843500.0,3331668.0
2017-10-01,2054100.0,2265893.0,459167700.0,16041740.0,4224645.0,11788560.0,2802859.0,22107970.0,1739426.0,1067122.0,1311528000.0,2368225000.0,2159849.0,52393400.0,13800100.0,3309878.0
2017-09-01,2045222.0,2248901.0,457247500.0,16059440.0,4238765.0,11766080.0,2789274.0,21938810.0,1738328.0,1070640.0,1307707000.0,2359857000.0,2141638.0,52154520.0,13745100.0,3299867.0
2017-08-01,2038112.0,2241964.0,453808200.0,16367160.0,4234462.0,11752140.0,2773407.0,21552260.0,1733839.0,1071874.0,1304258000.0,2346562000.0,2122971.0,52227050.0,13697700.0,3259424.0
2017-07-01,2032803.0,2236927.0,455204200.0,16072390.0,4205792.0,11696760.0,2739632.0,21232130.0,1726636.0,1059937.0,1301335000.0,2333245000.0,2130723.0,52217920.0,13643100.0,3249234.0
2017-06-01,2029889.0,2245676.0,452512100.0,16066080.0,4153481.0,11660110.0,2733451.0,21287840.0,1720062.0,1053477.0,1297730000.0,2319003000.0,2112979.0,51483940.0,13580500.0,3219039.0
2017-05-01,2014900.0,2251391.0,449311700.0,15988580.0,4184266.0,11621790.0,2724374.0,20914860.0,1712893.0,1037959.0,1292582000.0,2309329000.0,2097074.0,50961830.0,13568900.0,3208682.0
2017-04-01,2005727.0,2242569.0,450299900.0,15968810.0,4162622.0,11604770.0,2727290.0,20789950.0,1704914.0,1029803.0,1290827000.0,2301328000.0,2100625.0,50762990.0,13521700.0,3188632.0
2017-03-01,1990492.0,2216138.0,444194000.0,15904930.0,4085562.0,11556330.0,2711008.0,20621280.0,1695567.0,1031375.0,1289065000.0,2294192000.0,2092241.0,50544560.0,13463600.0,3195607.0
2017-02-01,1985413.0,2195221.0,443532800.0,15903000.0,3990001.0,11452750.0,2686026.0,20428340.0,1687160.0,1028149.0,1285574000.0,2278827000.0,2069215.0,50559500.0,13394800.0,3185462.0
2017-01-01,1975367.0,2200432.0,443649500.0,15825660.0,3932182.0,11417630.0,2652396.0,20549910.0,1681365.0,1027189.0,1281370000.0,2260405000.0,2051254.0,49220660.0,13315700.0,3198509.0
2016-12-01,1963163.0,2190288.0,438050000.0,15691830.0,3830199.0,11392600.0,2636109.0,20794410.0,1675340.0,1020005.0,1277320000.0,2263433000.0,2025749.0,50248520.0,13234900.0,3161726.0
2016-11-01,1943757.0,2177359.0,438117300.0,15641260.0,3870301.0,11340470.0,2630022.0,19803400.0,1669718.0,1016731.0,1272941000.0,2252571000.0,2040681.0,50170500.0,13208700.0,3123445.0
2016-10-01,1927240.0,2170740.0,433943700.0,15650540.0,3807940.0,11244900.0,2635411.0,19602760.0,1663507.0,1014622.0,1268454000.0,2229125000.0,2031020.0,50150040.0,13122800.0,3151322.0
2016-09-01,1914243.0,2155200.0,434253100.0,15670770.0,3776264.0,11213390.0,2605648.0,19457930.0,1654266.0,1005156.0,1264995000.0,2216344000.0,2028911.0,50208570.0,13054900.0,3079009.0
2016-08-01,1909592.0,2141391.0,432702500.0,15558870.0,3759635.0,11210070.0,2586094.0,19356810.0,1648025.0,1006047.0,1262028000.0,2213776000.0,2011364.0,50429520.0,12989700.0,3048402.0
2016-07-01,1901415.0,2133054.0,429750400.0,15497050.0,3742460.0,11220930.0,2566275.0,19338760.0,1648331.0,1006342.0,1259229000.0,2185205000.0,1992539.0,50063410.0,12911900.0,3035338.0
2016-06-01,1883985.0,2109875.0,427095800.0,15323040.0,3708497.0,11128070.0,2539421.0,19372940.0,1653100.0,997329.3,1256115000.0,2167795000.0,1982585.0,50457620.0,12852500.0,3035166.0
2016-05-01,1876215.0,2093598.0,425049900.0,15232530.0,3718910.0,11105870.0,2455231.0,19260420.0,1663930.0,990971.6,1252686000.0,2155440000.0,1961680.0,49866860.0,12802000.0,3024922.0
2016-04-01,1870192.0,2063610.0,423409200.0,15219510.0,3686480.0,11066330.0,2445299.0,19137740.0,1678928.0,982527.6,1248940000.0,2135527000.0,1967320.0,50126840.0,12743200.0,3023803.0
2016-03-01,1862867.0,2048144.0,419559200.0,15434510.0,3655686.0,10965210.0,2447997.0,19179180.0,1692676.0,972967.4,1244560000.0,2137285000.0,1948919.0,50560260.0,12661800.0,3030356.0
2016-02-01,1853011.0,2058297.0,415823500.0,15121460.0,3641814.0,10939100.0,2440321.0,19137510.0,1705185.0,975978.8,1241312000.0,2122142000.0,1947586.0,50090060.0,12603900.0,2991686.0
2016-01-01,1846028.0,2046794.0,412120800.0,15119750.0,3618076.0,10904560.0,2415924.0,19292850.0,1716963.0,969593.9,1238731000.0,2106085000.0,1929794.0,49490360.0,12518500.0,2967412.0
2015-12-01,1836444.0,2027196.0,408959700.0,15223610.0,3595491.0,10837680.0,2399572.0,19412860.0,1727629.0,963968.0,1235725000.0,2101338000.0,1927202.0,47887050.0,12387900.0,2981087.0
2015-11-01,1831469.0,2009614.0,405301500.0,15189690.0,3577368.0,10838720.0,2375495.0,19206250.0,1737288.0,961887.4,1233075000.0,2078407000.0,1919520.0,47632780.0,12317000.0,2980613.0
2015-10-01,1818383.0,1994509.0,404728600.0,15079730.0,3524908.0,10773950.0,2379864.0,18883530.0,1745759.0,962634.8,1231067000.0,2069456000.0,1920617.0,47498040.0,12225200.0,2954772.0
2015-09-01,1812345.0,1997829.0,399986900.0,14977860.0,3483187.0,10666490.0,2373715.0,18674060.0,1753762.0,953118.6,1228858000.0,2064897000.0,1908529.0,46886680.0,12173900.0,2913719.0
2015-08-01,1799195.0,1984098.0,396416300.0,14932390.0,3439704.0,10671140.0,2378041.0,18564450.0,1760354.0,939937.6,1228263000.0,2052740000.0,1903378.0,44680660.0,12112000.0,2888481.0
2015-07-01,1795872.0,1962333.0,389865200.0,15209320.0,3429942.0,10673490.0,2373602.0,18388660.0,1760725.0,934085.3,1224011000.0,2037739000.0,1907224.0,43835670.0,12067000.0,2906458.0
2015-06-01,1781349.0,1922859.0,387278300.0,15225220.0,3387790.0,10598580.0,2356283.0,18388470.0,1754763.0,933938.3,1220993000.0,2027838000.0,1895421.0,42961910.0,12023200.0,2875420.0
2015-05-01,1772713.0,1912967.0,384102300.0,14808680.0,3401024.0,10598220.0,2369504.0,18559280.0,1744197.0,936117.1,1219555000.0,2009973000.0,1897719.0,42902870.0,11982600.0,2849116.0
2015-04-01,1769891.0,1906764.0,377629700.0,14650560.0,3377573.0,10561860.0,2374614.0,18379020.0,1732107.0,938862.5,1215585000.0,2003496000.0,1869286.0,43216220.0,11954600.0,2819801.0
2015-03-01,1759336.0,1902570.0,375997600.0,14578610.0,3340870.0,10460800.0,2371796.0,18264070.0,1719213.0,936944.8,1213581000.0,1977099000.0,1946688.0,43397670.0,11920500.0,2786361.0
2015-02-01,1756132.0,1890117.0,373770900.0,14659010.0,3342975.0,10417310.0,2349236.0,18384520.0,1702600.0,935998.9,1210815000.0,1960903000.0,1919531.0,44457680.0,11922800.0,2758965.0
2015-01-01,1735317.0,1879927.0,369277700.0,14640420.0,3312733.0,10395760.0,2354732.0,18337830.0,1684091.0,931666.1,1208371000.0,1944595000.0,1926790.0,41212150.0,11805200.0,2732667.0
2014-12-01,1731177.0,1865811.0,365776000.0,14639420.0,3330672.0,10328140.0,2365380.0,18264780.0,1665434.0,924373.2,1205800000.0,1941931000.0,1922167.0,40453730.0,11717600.0,2699079.0
2014-11-01,1716797.0,1860181.0,363010600.0,14575150.0,3270261.0,10196210.0,2360942.0,17961420.0,1648514.0,917176.1,1201648000.0,1933372000.0,1894220.0,39632970.0,11634200.0,2723996.0
2014-10-01,1712415.0,1854415.0,361639300.0,14410880.0,3230359.0,10103040.0,2357478.0,17988490.0,1632881.0,893577.2,1196543000.0,1920173000.0,1870141.0,38668130.0,11593100.0,2691319.0
2014-09-01,1705961.0,1844178.0,357345000.0,14366220.0,3202129.0,10077050.0,2369427.0,17939840.0,1617484.0,890294.9,1192523000.0,1895951000.0,1870833.0,38042990.0,11519100.0,2685835.0
2014-08-01,1693779.0,1830246.0,356739600.0,14348430.0,3199443.0,10068180.0,2374009.0,17996280.0,1603951.0,882994.5,1188758000.0,1891474000.0,1885242.0,37631540.0,11477300.0,2624750.0
2014-07-01,1680475.0,1816658.0,355007300.0,14095830.0,3194484.0,10017900.0,2357824.0,17822340.0,1594196.0,865906.1,1185930000.0,1873177000.0,1850750.0,37269160.0,11453000.0,2636439.0
2014-06-01,1669167.0,1801838.0,351876200.0,13888200.0,3167554.0,9986860.0,2365163.0,17690350.0,1585987.0,866936.1,1183626000.0,1854065000.0,1858852.0,37410670.0,11398100.0,2646617.0
2014-05-01,1661076.0,1791970.0,349271600.0,13952770.0,3197825.0,9970853.0,2369191.0,17668330.0,1575196.0,861033.1,1180908000.0,1847200000.0,1837540.0,37439560.0,11342800.0,2632884.0
2014-04-01,1647740.0,1784781.0,347567800.0,13867370.0,3186324.0,9900284.0,2376426.0,17736380.0,1561067.0,851854.3,1179620000.0,1829724000.0,1831571.0,37002740.0,11277700.0,2608394.0
2014-03-01,1638161.0,1776042.0,345265900.0,13673400.0,3165093.0,9878638.0,2376363.0,17440700.0,1550420.0,848907.1,1177672000.0,1819603000.0,1818919.0,37253810.0,11232600.0,2594608.0
2014-02-01,1632131.0,1767239.0,343936400.0,13693280.0,3152729.0,9864753.0,2424813.0,17469370.0,1544612.0,836577.3,1176868000.0,1818664000.0,1813853.0,36517020.0,11196800.0,2557973.0
2014-01-01,1622223.0,1773278.0,338571200.0,12997460.0,3127734.0,9852349.0,2400307.0,17362540.0,1537899.0,831038.1,1176078000.0,1805855000.0,1807380.0,35790980.0,11130800.0,2550014.0
2013-12-01,1613703.0,1750176.0,333548400.0,12827570.0,3144513.0,9849473.0,2372490.0,17378870.0,1531944.0,824165.6,1172243000.0,1788401000.0,1802617.0,35515370.0,11060100.0,2517430.0
2013-11-01,1599880.0,1734954.0,332514100.0,12595730.0,3112917.0,9885412.0,2398216.0,17115030.0,1526198.0,819636.8,1168341000.0,1784130000.0,1773414.0,35211860.0,10995600.0,2514580.0
2013-10-01,1589832.0,1715049.0,329307300.0,12638500.0,3070436.0,9857474.0,2399477.0,17074260.0,1518385.0,814229.5,1166420000.0,1770056000.0,1758452.0,35023640.0,10986300.0,2491641.0
2013-09-01,1578319.0,1699143.0,324561200.0,12540630.0,3055296.0,9843987.0,2396709.0,16974610.0,1510182.0,809198.0,1163230000.0,1758591000.0,1750116.0,34954160.0,10862000.0,2491569.0
2013-08-01,1567006.0,1683997.0,322473800.0,12364160.0,3053709.0,9882187.0,2418592.0,16982780.0,1502015.0,802723.8,1160147000.0,1747634000.0,1772131.0,34622090.0,10801200.0,2467949.0
2013-07-01,1565761.0,1666099.0,319219500.0,12357590.0,3063750.0,9838325.0,2408868.0,16999860.0,1492632.0,797708.8,1157380000.0,1728336000.0,1746264.0,34188000.0,10742800.0,2468908.0
2013-06-01,1561388.0,1666725.0,316080700.0,12282090.0,3015469.0,9846649.0,2403105.0,17112890.0,1484783.0,793833.9,1154827000.0,1735353000.0,1731698.0,33299700.0,10703300.0,2470641.0
2013-05-01,1560800.0,1656227.0,310489900.0,12095330.0,3014347.0,9854519.0,2392424.0,17181080.0,1479372.0,790784.6,1150607000.0,1726657000.0,1729687.0,33077310.0,10646100.0,2448774.0
2013-04-01,1545995.0,1645524.0,307030900.0,11949510.0,3010561.0,9852611.0,2377019.0,17206480.0,1474553.0,784076.5,1147299000.0,1716910000.0,1714258.0,32540640.0,10611300.0,2436772.0
2013-03-01,1531698.0,1633529.0,303513000.0,11859150.0,2992782.0,9803283.0,2369679.0,17318430.0,1470065.0,772912.4,1144728000.0,1712816000.0,1709102.0,31743920.0,10583800.0,2411453.0
2013-02-01,1521882.0,1626657.0,297616000.0,11703410.0,2988456.0,9754428.0,2367281.0,16885270.0,1466621.0,761217.3,1140771000.0,1705047000.0,1699782.0,31078060.0,10527500.0,2419059.0
2013-01-01,1519060.0,1611800.0,293934000.0,11804980.0,2967134.0,9747376.0,2359204.0,16706200.0,1465068.0,760171.3,1137143000.0,1698286000.0,1699627.0,30805690.0,10508100.0,2400061.0
2012-12-01,1508393.0,1604408.0,293867000.0,11729320.0,2971845.0,9807968.0,2332185.0,16471680.0,1464090.0,758640.4,1134174000.0,1687151000.0,1685332.0,30275230.0,10484100.0,2378619.0
2012-11-01,1500133.0,1597281.0,284860100.0,11608390.0,2929777.0,9759439.0,2295737.0,16445300.0,1464139.0,758360.6,1129544000.0,1676890000.0,1698466.0,30341500.0,10361900.0,2365853.0
2012-10-01,1495461.0,1592177.0,284116800.0,11512880.0,2925579.0,9754761.0,2305103.0,16566530.0,1466457.0,759397.4,1129094000.0,1674688000.0,1681370.0,29863460.0,10292400.0,2327297.0
2012-09-01,1488530.0,1581847.0,280657800.0,11555740.0,2888116.0,9700182.0,2302135.0,16426750.0,1469995.0,757909.7,1127956000.0,1671069000.0,1681970.0,29532170.0,10226100.0,2327414.0
2012-08-01,1482858.0,1581304.0,274576000.0,11295040.0,2893377.0,9687649.0,2292318.0,16330570.0,1475828.0,758184.9,1125723000.0,1663659000.0,1668619.0,29303160.0,10145600.0,2307338.0
2012-07-01,1472326.0,1578693.0,267855600.0,11180760.0,2897196.0,9712259.0,2298640.0,16285960.0,1485448.0,752124.4,1123327000.0,1654742000.0,1661514.0,29180700.0,10074500.0,2298891.0
2012-06-01,1465422.0,1570168.0,267953000.0,11137140.0,2883367.0,9683132.0,2285304.0,16354170.0,1493988.0,745677.4,1120417000.0,1644010000.0,1655806.0,28834650.0,10021600.0,2264237.0
2012-05-01,1457350.0,1563099.0,267297600.0,11056350.0,2892799.0,9646448.0,2293415.0,16400500.0,1500099.0,736208.4,1119000000.0,1630405000.0,1631520.0,28360120.0,9951400.0,2230712.0
2012-04-01,1438584.0,1554521.0,264186800.0,11017700.0,2870121.0,9608370.0,2284341.0,16155830.0,1505471.0,729836.4,1118348000.0,1622032000.0,1646453.0,28034560.0,9907700.0,2217540.0
2012-03-01,1434147.0,1545758.0,260617400.0,10945880.0,2846735.0,9605843.0,2271757.0,16408780.0,1574129.0,727851.4,1116736000.0,1632881000.0,1646508.0,27607240.0,9853900.0,2230251.0
2012-02-01,1424137.0,1534748.0,258555700.0,10851010.0,2852307.0,9505535.0,2266894.0,16385650.0,1573148.0,724872.3,1113829000.0,1608967000.0,1636271.0,27422790.0,9809800.0,2253279.0
2012-01-01,1416677.0,1531602.0,255291000.0,10737770.0,2824224.0,9495265.0,2294919.0,16585440.0,1568556.0,718227.4,1112318000.0,1600080000.0,1622777.0,27238590.0,9757600.0,2250130.0
2011-12-01,1406576.0,1517889.0,253566400.0,10700350.0,2835992.0,9535047.0,2269143.0,17042930.0,1560956.0,713967.6,1110285000.0,1592337000.0,1613338.0,26669300.0,9683900.0,2261907.0
2011-11-01,1396043.0,1508819.0,249419800.0,10596780.0,2801187.0,9448343.0,2302837.0,17226500.0,1549633.0,701824.3,1109444000.0,1598739000.0,1614128.0,26927740.0,9636500.0,2225251.0
2011-10-01,1390442.0,1500186.0,244067800.0,10518050.0,2781647.0,9436921.0,2308548.0,17171500.0,1537772.0,696479.8,1107328000.0,1588981000.0,1613030.0,26050400.0,9584400.0,2201217.0
2011-09-01,1383769.0,1501224.0,241326000.0,10362470.0,2776250.0,9465969.0,2338970.0,17133060.0,1527584.0,694747.8,1104901000.0,1584298000.0,1602731.0,25190030.0,9551500.0,2162970.0
2011-08-01,1373327.0,1483137.0,240199100.0,10316150.0,2746008.0,9446140.0,2336760.0,16625020.0,1515636.0,683355.2,1102552000.0,1557163000.0,1579468.0,24742930.0,9531000.0,2138647.0
2011-07-01,1352746.0,1465893.0,231914300.0,10271320.0,2760369.0,9405853.0,2334097.0,16603850.0,1500760.0,671798.4,1101692000.0,1552096000.0,1572653.0,24384250.0,9344200.0,2122050.0
2011-06-01,1343584.0,1462006.0,231552000.0,10170500.0,2734507.0,9404391.0,2340664.0,16342960.0,1487885.0,660912.9,1099015000.0,1541634000.0,1560215.0,24066740.0,9182100.0,2117010.0
2011-05-01,1347741.0,1454266.0,228145100.0,10278850.0,2766078.0,9391994.0,2352166.0,16360820.0,1479013.0,657614.7,1098244000.0,1535349000.0,1572091.0,23789710.0,9107800.0,2095449.0
2011-04-01,1341781.0,1450524.0,222124200.0,10485990.0,2753552.0,9391507.0,2344078.0,16272580.0,1472277.0,648743.3,1093198000.0,1543934000.0,1559503.0,23548970.0,9035100.0,2091130.0
2011-03-01,1334495.0,1440200.0,222505500.0,10342220.0,2717420.0,9328842.0,2349274.0,16193860.0,1465737.0,645237.6,1088730000.0,1526329000.0,1541471.0,23346650.0,8971500.0,2089562.0
2011-02-01,1325216.0,1427745.0,218618100.0,10257580.0,2738315.0,9298648.0,2334020.0,16272770.0,1462305.0,644790.3,1086264000.0,1527913000.0,1538839.0,22954270.0,8913300.0,2130564.0
2011-01-01,1311472.0,1419279.0,216106600.0,10310650.0,2737098.0,9309189.0,2324109.0,16236650.0,1463585.0,636552.3,1084302000.0,1519739000.0,1532556.0,22783560.0,8849000.0,2110670.0
2010-12-01,1302297.0,1408501.0,214356800.0,10179020.0,2759969.0,9320772.0,2326092.0,16100010.0,1468041.0,638608.5,1082177000.0,1504184000.0,1516614.0,22508500.0,8823200.0,2089382.0
2010-11-01,1294345.0,1402031.0,210969000.0,10172740.0,2729509.0,9270087.0,2347186.0,16319740.0,1475638.0,637315.8,1082658000.0,1503004000.0,1504849.0,22090170.0,8789000.0,2073717.0
2010-10-01,1273882.0,1398969.0,209107000.0,9904642.0,2730082.0,9257331.0,2369258.0,16297950.0,1485076.0,634243.1,1082156000.0,1493033000.0,1490034.0,21619740.0,8768400.0,2051468.0
2010-09-01,1260811.0,1389809.0,207561800.0,9921048.0,2726537.0,9248048.0,2363068.0,16263980.0,1495495.0,631596.8,1080399000.0,1485418000.0,1476824.0,21200590.0,8718700.0,2024309.0
2010-08-01,1253022.0,1392507.0,205315200.0,10020300.0,2732477.0,9251623.0,2362019.0,16532630.0,1506696.0,629785.2,1078687000.0,1481575000.0,1476125.0,20912780.0,8687900.0,2011857.0
2010-07-01,1242617.0,1381829.0,204100800.0,10029570.0,2744935.0,9242776.0,2371511.0,16460330.0,1518608.0,631228.5,1076114000.0,1476751000.0,1465097.0,20466430.0,8639500.0,2008690.0
2010-06-01,1231603.0,1371729.0,203364400.0,10176000.0,2756172.0,9256526.0,2373502.0,16496440.0,1531390.0,637192.1,1074862000.0,1465619000.0,1451293.0,20166750.0,8628100.0,1997385.0
2010-05-01,1221516.0,1361034.0,200251900.0,10012230.0,2764166.0,9427101.0,2376276.0,16323610.0,1544597.0,627372.3,1075228000.0,1456163000.0,1430046.0,19794370.0,8609000.0,1973846.0
2010-04-01,1217150.0,1345112.0,199636600.0,9852292.0,2727220.0,9399886.0,2375211.0,16228690.0,1558418.0,626630.7,1070713000.0,1446858000.0,1431525.0,19269780.0,8554800.0,1970170.0
2010-03-01,1209170.0,1328711.0,197277000.0,9898884.0,2681649.0,9313183.0,2405032.0,15956450.0,1572763.0,622618.3,1067354000.0,1438983000.0,1427903.0,18989060.0,8523500.0,1964694.0
2010-02-01,1195959.0,1328336.0,196629100.0,9997246.0,2666699.0,9303401.0,2416931.0,15914980.0,1585355.0,620231.4,1066599000.0,1428049000.0,1425429.0,18701500.0,8527300.0,1983765.0
2010-01-01,1182981.0,1316280.0,196193700.0,10011760.0,2671552.0,9326164.0,2388944.0,15747260.0,1596321.0,625785.3,1065059000.0,1419880000.0,1420229.0,18304700.0,8477700.0,1952818.0
2009-12-01,1178443.0,1313515.0,192182400.0,10111630.0,2709134.0,9382249.0,2206511.0,15639870.0,1607607.0,620765.2,1062965000.0,1401698000.0,1424788.0,18004130.0,8512200.0,1954477.0
2009-11-01,1182238.0,1308550.0,192955900.0,10208470.0,2665225.0,9341008.0,2219099.0,15719460.0,1617914.0,623750.7,1061717000.0,1394865000.0,1405286.0,17612320.0,8517000.0,1932381.0
2009-10-01,1183589.0,1306130.0,191745300.0,10376570.0,2650979.0,9362116.0,2221417.0,15781260.0,1626306.0,619219.5,1059570000.0,1386662000.0,1418313.0,17218970.0,8487900.0,1928048.0
2009-09-01,1184797.0,1303000.0,190213100.0,10275340.0,2623484.0,9378228.0,2191596.0,15860250.0,1629794.0,619727.6,1057756000.0,1383825000.0,1419137.0,17071350.0,8461600.0,1925512.0
2009-08-01,1185334.0,1297643.0,190532200.0,10225950.0,2659490.0,9379997.0,2174017.0,15953870.0,1630714.0,615973.1,1056549000.0,1382854000.0,1421223.0,16822620.0,8463000.0,1926142.0
2009-07-01,1181035.0,1297177.0,190633400.0,10075110.0,2670118.0,9420891.0,2148912.0,15842000.0,1632110.0,613925.0,1054316000.0,1350235000.0,1427056.0,16454840.0,8463500.0,1935060.0
2009-06-01,1179014.0,1291247.0,188562800.0,9977570.0,2680936.0,9457503.0,2140234.0,15952490.0,1632889.0,618973.4,1052318000.0,1334114000.0,1427150.0,16129220.0,8459300.0,1949661.0
2009-05-01,1167789.0,1288996.0,187128400.0,9852652.0,2737852.0,9462893.0,2142017.0,15932770.0,1633825.0,618301.0,1050984000.0,1334427000.0,1429868.0,15957110.0,8449200.0,1947547.0
2009-04-01,1160362.0,1291797.0,185217200.0,9706634.0,2720296.0,9490159.0,2158775.0,15883620.0,1630948.0,618160.8,1048398000.0,1329598000.0,1416038.0,15797460.0,8391100.0,1939874.0
2009-03-01,1142945.0,1287670.0,184945300.0,9656731.0,2702821.0,9406751.0,2181806.0,15796510.0,1617776.0,615632.8,1046818000.0,1314424000.0,1419255.0,15816920.0,8386400.0,1932750.0
2009-02-01,1163748.0,1286329.0,184108000.0,9495960.0,2729714.0,9414395.0,2189385.0,15596520.0,1597910.0,615443.6,1045580000.0,1315197000.0,1412641.0,15795000.0,8319300.0,1981368.0
2009-01-01,1144921.0,1295085.0,181521300.0,9458194.0,2714755.0,9400007.0,2182261.0,15457230.0,1577338.0,599562.3,1042339000.0,1289668000.0,1409361.0,15607700.0,8289000.0,1941406.0
2008-12-01,1130790.0,1298711.0,179532700.0,9272735.0,2703370.0,9423780.0,2149636.0,14976180.0,1556783.0,587416.9,1039700000.0,1275681000.0,1408377.0,15390910.0,8204700.0,1914410.0
2008-11-01,1129354.0,1297403.0,175417600.0,9108765.0,2621888.0,9367448.0,2110834.0,14880120.0,1533809.0,578009.1,1037100000.0,1268949000.0,1399126.0,15611630.0,8027000.0,1923509.0
2008-10-01,1102972.0,1290051.0,173099700.0,9035401.0,2583735.0,9326351.0,2059793.0,14775630.0,1508154.0,568719.8,1034800000.0,1248769000.0,1398524.0,15943180.0,7974900.0,1883165.0
2008-09-01,1089266.0,1281350.0,171496100.0,9010816.0,2541596.0,9198869.0,1979211.0,14641560.0,1487186.0,555426.4,1036000000.0,1208457000.0,1388118.0,16016720.0,7872400.0,1854497.0
2008-08-01,1069478.0,1273223.0,167217900.0,8948379.0,2543792.0,9133022.0,1984262.0,14454630.0,1461851.0,551971.2,1035700000.0,1203497000.0,1385279.0,15483540.0,7805800.0,1839048.0
2008-07-01,1057014.0,1265632.0,163912600.0,8926757.0,2510144.0,9108827.0,1958024.0,14622090.0,1426689.0,546047.4,1034600000.0,1190725000.0,1369854.0,15404790.0,7791200.0,1839403.0
2008-06-01,1035619.0,1262242.0,161425800.0,8713186.0,2456596.0,9076946.0,1954894.0,14087410.0,1393474.0,539604.8,1035500000.0,1170724000.0,1368735.0,15062090.0,7743900.0,1836344.0
2008-05-01,1016468.0,1248436.0,160342200.0,8710785.0,2475474.0,9060572.0,1946200.0,14280370.0,1356075.0,533008.1,1032900000.0,1168699000.0,1362328.0,14575950.0,7725200.0,1809650.0
2008-04-01,1013152.0,1232836.0,161723400.0,8536155.0,2445907.0,8972245.0,1939028.0,14522730.0,1317502.0,532776.7,1031000000.0,1155041000.0,1368363.0,14540110.0,7712500.0,1783566.0
2008-03-01,1000543.0,1222484.0,156419900.0,8329079.0,2406504.0,8877089.0,1932827.0,14506540.0,1289096.0,529176.3,1033200000.0,1127803000.0,1360950.0,14258610.0,7670000.0,1747490.0
2008-02-01,992007.0,1203061.0,154983700.0,8223413.0,2408277.0,8805948.0,1900790.0,14499060.0,1262492.0,526987.3,1033300000.0,1127795000.0,1355918.0,13971030.0,7604000.0,1737367.0
2008-01-01,984288.0,1201446.0,154691300.0,8071422.0,2386359.0,8785716.0,1886997.0,14002170.0,1230372.0,521943.8,1032500000.0,1117579000.0,1347636.0,13678930.0,7517500.0,1700644.0
2007-12-01,971839.0,1188088.0,152436800.0,7573557.0,2380013.0,8691439.0,1826143.0,13892520.0,1197155.0,521209.4,1031800000.0,1093817000.0,1430696.0,13385380.0,7483900.0,1666973.0
2007-11-01,962592.0,1178955.0,153407800.0,7514072.0,2332243.0,8593524.0,1794757.0,13812320.0,1162858.0,514278.7,1030500000.0,1098594000.0,1391005.0,13014960.0,7453600.0,1633089.0
2007-10-01,938447.0,1163519.0,150915300.0,7412725.0,2293002.0,8500092.0,1769612.0,13846300.0,1129639.0,520531.5,1029300000.0,1093443000.0,1393301.0,12763740.0,7428100.0,1610071.0
2007-09-01,912985.0,1162545.0,148483900.0,7316130.0,2246102.0,8395223.0,1782529.0,13598280.0,1090243.0,521391.0,1026500000.0,1087681000.0,1381772.0,12405490.0,7413000.0,1591320.0
2007-08-01,899075.0,1141353.0,142781300.0,7165156.0,2263042.0,8303861.0,1767369.0,13417690.0,1050792.0,515462.6,1025400000.0,1082285000.0,1364155.0,12069470.0,7394800.0,1579479.0
2007-07-01,880408.0,1120566.0,144401000.0,6991374.0,2231492.0,8298009.0,1758345.0,13236580.0,1016862.0,520010.8,1026800000.0,1082239000.0,1348588.0,11827150.0,7318700.0,1543020.0
2007-06-01,869592.0,1108208.0,140320300.0,6948326.0,2206584.0,8242226.0,1734152.0,13069920.0,980303.0,510220.8,1026900000.0,1079937000.0,1333450.0,11880130.0,7287800.0,1533598.0
2007-05-01,846623.0,1101432.0,142854400.0,6759765.0,2203412.0,8166526.0,1718848.0,12884940.0,945807.0,502288.9,1026100000.0,1069964000.0,1314806.0,11219490.0,7254600.0,1499500.0
2007-04-01,838084.0,1091987.0,140488100.0,6695441.0,2174083.0,8076317.0,1684397.0,12722500.0,914295.0,499500.9,1025900000.0,1061371000.0,1279385.0,10857280.0,7240700.0,1479628.0
2007-03-01,826168.0,1085524.0,138634400.0,6704269.0,2106348.0,8014409.0,1665898.0,12745480.0,880984.0,495522.4,1025300000.0,1063498000.0,1292664.0,10145160.0,7168200.0,1447955.0
2007-02-01,814194.0,1071969.0,132507900.0,6505950.0,2102858.0,7856264.0,1644438.0,12623780.0,850451.0,494306.4,1024600000.0,1054744000.0,1256639.0,9879946.0,7134300.0,1445141.0
2007-01-01,797753.0,1065315.0,128720600.0,6393170.0,2073819.0,7824797.0,1624737.0,12631070.0,825761.0,489907.3,1024800000.0,1055488000.0,1236566.0,9701489.0,7118300.0,1370152.0
2006-12-01,791377.0,1058337.0,129027100.0,6279027.0,2049667.0,7801675.0,1621154.0,12503610.0,803937.0,485004.0,1024500000.0,1048112000.0,1225671.0,9406036.0,7080100.0,1348686.0
2006-11-01,781749.0,1046620.0,129103000.0,6246004.0,2014517.0,7629036.0,1594900.0,12446440.0,785478.0,476046.9,1024200000.0,1032930000.0,1203588.0,9181064.0,7037200.0,1322774.0
2006-10-01,776626.0,1038426.0,125784200.0,6076496.0,1999291.0,7568435.0,1587752.0,12288990.0,768900.0,471881.8,1023400000.0,1023211000.0,1187151.0,8925375.0,7001700.0,1304191.0
2006-09-01,767415.0,1031983.0,123714100.0,5962616.0,1959091.0,7545251.0,1569232.0,12357960.0,756398.0,469053.4,1024000000.0,1020429000.0,1180764.0,8584782.0,6952400.0,1271086.0
2006-08-01,761299.0,1020047.0,124481000.0,5794558.0,1973415.0,7440735.0,1539477.0,12267520.0,746948.0,463753.1,1022500000.0,1006935000.0,1163681.0,8378246.0,6925100.0,1252899.0
2006-07-01,753038.0,1012400.0,122869600.0,5659231.0,1942042.0,7417857.0,1525541.0,12279790.0,737826.0,456946.0,1021900000.0,995675100.0,1152639.0,8131670.0,6893600.0,1238074.0
2006-06-01,746283.0,1005672.0,119826000.0,5559032.0,1925772.0,7407431.0,1512171.0,12211820.0,728284.0,450548.6,1024000000.0,992861100.0,1150294.0,7859105.0,6851800.0,1244661.0
2006-05-01,740244.0,998917.0,117463900.0,5481511.0,1909620.0,7371811.0,1490293.0,11801370.0,720154.0,450713.3,1025700000.0,986430000.0,1125268.0,7550056.0,6813700.0,1221960.0
2006-04-01,736184.0,991403.0,116644600.0,5427969.0,1906798.0,7340884.0,1494210.0,11802230.0,712058.0,446139.2,1027700000.0,971479100.0,1113970.0,7370564.0,6806900.0,1214304.0
2006-03-01,722087.0,992329.0,111343800.0,5390231.0,1857245.0,7212527.0,1489540.0,11942430.0,702012.0,444704.0,1027700000.0,972163300.0,1104495.0,7141812.0,6769300.0,1202955.0
2006-02-01,711349.0,980681.0,112374000.0,5205518.0,1852771.0,7152523.0,1453625.0,11393680.0,692631.0,434932.4,1028000000.0,962534900.0,1090657.0,7035784.0,6754700.0,1179912.0
2006-01-01,708150.0,968438.0,111205000.0,5138452.0,1838627.0,7120287.0,1427507.0,11223250.0,682515.0,428980.9,1029000000.0,959834500.0,1080502.0,6919294.0,6730100.0,1126494.0
2005-12-01,700077.0,963354.0,110206400.0,5106278.0,1814653.0,7130670.0,1434965.0,10990870.0,671899.0,433612.0,1030000000.0,953586000.0,1079012.0,6736269.0,6687800.0,1100523.0
2005-11-01,692312.0,960289.0,110903700.0,5016325.0,1799638.0,7001166.0,1405338.0,10899090.0,661167.0,434661.7,1030900000.0,956365500.0,1076326.0,6614911.0,6660700.0,1049629.0
2005-10-01,688213.0,959521.0,107884000.0,4890045.0,1768704.0,6968589.0,1401102.0,10718160.0,649195.0,431262.8,1030400000.0,950496400.0,1059158.0,6472735.0,6643900.0,1052964.0
2005-09-01,690131.0,954995.0,105938400.0,4784019.0,1741828.0,6925241.0,1388955.0,10680870.0,636459.0,427248.8,1030900000.0,956181000.0,1059080.0,6300651.0,6610100.0,1039964.0
2005-08-01,681161.0,952504.0,103616700.0,4701891.0,1742572.0,6869183.0,1357247.0,10488060.0,625373.0,430297.2,1029900000.0,958483300.0,1040736.0,6060361.0,6576300.0,1026881.0
2005-07-01,678485.0,951578.0,102692200.0,4632423.0,1734434.0,6889246.0,1365655.0,10441490.0,616478.0,427794.4,1028300000.0,955212300.0,1034150.0,5896180.0,6543500.0,1018958.0
2005-06-01,677029.0,944141.0,102547600.0,4516247.0,1720021.0,6837023.0,1349176.0,10335680.0,607187.0,426428.7,1026300000.0,940225200.0,1024757.0,5732623.0,6511700.0,1011119.0
2005-05-01,670240.0,937117.0,101381600.0,4436559.0,1714293.0,6765830.0,1336052.0,10318600.0,595840.0,421079.1,1026600000.0,932359200.0,1014053.0,5614748.0,6479000.0,980957.9
2005-04-01,663620.0,931792.0,99764380.0,4367075.0,1688647.0,6713297.0,1317186.0,10194620.0,585205.0,415041.1,1026600000.0,931962200.0,1007514.0,5491082.0,6461800.0,978181.8
2005-03-01,657525.0,922918.0,98567390.0,4264349.0,1649560.0,6627776.0,1304387.0,9980938.0,577774.0,409401.6,1028800000.0,922075300.0,1003680.0,5339851.0,6448300.0,951389.5
2005-02-01,655659.0,915886.0,96807220.0,4200576.0,1646888.0,6599810.0,1291911.0,9773374.0,570290.0,408878.2,1026800000.0,917693400.0,985915.0,5198040.0,6438900.0,975393.4
2005-01-01,651980.0,902660.0,96268140.0,4066996.0,1625144.0,6581635.0,1288839.0,9656595.0,561672.0,404768.8,1026700000.0,902481900.0,969919.0,5082488.0,6430800.0,940583.7
2004-12-01,647056.0,894835.0,94953450.0,3987220.0,1634867.0,6568176.0,1273826.0,9573167.0,553139.0,400405.1,1026300000.0,895741400.0,967467.0,4960691.0,6424500.0,913543.3
2004-11-01,643627.0,882888.0,91805280.0,3925361.0,1651404.0,6469650.0,1265478.0,9525187.0,544773.0,396545.9,1026200000.0,899372200.0,978079.0,4816713.0,6406300.0,894532.9
2004-10-01,636612.0,876968.0,90926270.0,3873926.0,1656800.0,6436042.0,1251840.0,9388985.0,537204.0,393049.3,1026200000.0,891831400.0,946785.0,4652365.0,6379800.0,903032.4
2004-09-01,631880.0,868257.0,90130690.0,3803285.0,1644330.0,6376641.0,1239589.0,9316181.0,530487.0,388234.5,1026000000.0,890007000.0,942093.0,4579269.0,6352200.0,884228.7
2004-08-01,631733.0,864086.0,88602650.0,3765804.0,1640517.0,6345512.0,1241862.0,9263082.0,524308.0,386265.8,1027600000.0,884215300.0,937695.0,4523158.0,6317800.0,860891.8
2004-07-01,628310.0,856733.0,87523070.0,3695906.0,1632394.0,6362249.0,1226647.0,9153934.0,517857.0,383074.6,1025100000.0,879714200.0,936511.0,4453257.0,6291100.0,848719.9
2004-06-01,621341.0,851468.0,87728180.0,3621269.0,1616582.0,6334158.0,1226163.0,9021199.0,511581.0,380756.2,1023100000.0,875007900.0,935783.0,4358230.0,6277900.0,865137.9
2004-05-01,616472.0,853824.0,84149830.0,3624593.0,1610477.0,6303753.0,1206794.0,8904882.0,505424.0,377106.2,1023200000.0,874099500.0,930737.0,4340670.0,6275700.0,843410.3
2004-04-01,615928.0,843146.0,84192910.0,3360878.0,1604787.0,6279744.0,1210206.0,8845525.0,498649.0,373665.0,1020500000.0,873131000.0,926631.0,4186083.0,6198900.0,855175.8
2004-03-01,610696.0,835855.0,84047780.0,3266087.0,1566941.0,6225884.0,1199415.0,8732002.0,491564.0,370078.8,1020200000.0,871679100.0,916943.0,4081464.0,6157900.0,843331.3
2004-02-01,603837.0,828795.0,82931040.0,3231259.0,1563005.0,6197448.0,1189444.0,8760055.0,485618.0,367013.2,1019300000.0,865216100.0,908457.0,3959787.0,6121800.0,869264.6
2004-01-01,595413.0,824730.0,82055310.0,3265092.0,1553776.0,6172394.0,1199043.0,8782344.0,479330.0,367716.9,1017500000.0,852887000.0,904437.0,3809048.0,6082100.0,835217.7
2003-12-01,594207.0,810034.0,81173380.0,3239378.0,1522795.0,6180922.0,1166857.0,8566597.0,472467.0,364846.2,1016200000.0,845837800.0,901541.0,3707350.0,6073800.0,803911.7
2003-11-01,587210.0,807954.0,79499660.0,3097109.0,1504373.0,6119711.0,1148039.0,8553675.0,466566.0,364410.4,1015700000.0,846164200.0,900374.0,3621709.0,6075500.0,799851.4
2003-10-01,582425.0,799968.0,78519310.0,3010976.0,1493469.0,6069018.0,1136863.0,8466671.0,460291.0,362817.3,1015300000.0,,903286.0,3606308.0,6070000.0,790644.1
2003-09-01,577757.0,796039.0,78713160.0,3003718.0,1485706.0,6017976.0,1128293.0,8321867.0,453104.0,361454.2,1014800000.0,,891226.0,3474500.0,6079700.0,781255.9
2003-08-01,570789.0,792622.0,78627110.0,2961768.0,1488939.0,6027513.0,1119660.0,8181233.0,445814.0,358223.3,1016300000.0,,903002.0,3386959.0,6107100.0,769400.9
2003-07-01,557871.0,795783.0,77779990.0,2952996.0,1471146.0,6028347.0,1114049.0,8207821.0,438919.0,355221.7,1013500000.0,,893614.0,3293840.0,6049100.0,776807.9
2003-06-01,564360.0,788484.0,77496940.0,2919023.0,1429844.0,6020728.0,1106390.0,8172280.0,432572.0,351074.1,1012300000.0,,887513.0,3175404.0,6002200.0,769458.8
2003-05-01,563644.0,781164.0,76057570.0,2845510.0,1440430.0,6021152.0,1088326.0,8003823.0,426593.0,351631.4,1010600000.0,,889093.0,3080307.0,5965300.0,763554.8
2003-04-01,553096.0,772296.0,74567600.0,2798790.0,1445563.0,5977504.0,1094720.0,7918335.0,420031.0,350734.0,1008500000.0,,884639.0,3010482.0,5905500.0,753366.5
2003-03-01,547686.0,765642.0,74386780.0,2745124.0,1419441.0,5889676.0,1084047.0,7798956.0,413089.0,350869.5,1008000000.0,,880554.0,2921550.0,5868400.0,734424.9
2003-02-01,540577.0,755006.0,73781620.0,2703723.0,1427108.0,5845443.0,1090527.0,7829949.0,406508.0,352887.2,1008000000.0,,883885.0,2810044.0,5848200.0,727873.7
2003-01-01,537549.0,760195.0,72695100.0,2665434.0,1431811.0,5805923.0,1073593.0,7772360.0,401122.0,348049.7,1007300000.0,,886240.0,2760792.0,5812100.0,724103.2
2002-12-01,531521.0,757843.0,72055500.0,2592291.0,1428987.0,5807825.0,1076876.0,7645813.0,395867.0,345203.6,1006700000.0,,881547.0,2672688.0,5779400.0,711654.4
2002-11-01,526149.0,757752.0,71226360.0,2552548.0,1428803.0,5714501.0,1077224.0,7488292.0,390048.0,340384.8,1007900000.0,,870332.0,2602644.0,5758100.0,707984.4
2002-10-01,519346.0,753984.0,70693150.0,2519570.0,1417595.0,5643922.0,1071471.0,7356369.0,384859.0,339334.3,1007100000.0,,872869.0,2527405.0,5707100.0,699352.2
2002-09-01,515901.0,753634.0,70435680.0,2458605.0,1383790.0,5622655.0,1063211.0,7174309.0,380597.0,337107.0,1005800000.0,,851549.0,2475812.0,5662300.0,681630.8
2002-08-01,513119.0,748006.0,69524460.0,2409429.0,1392651.0,5576687.0,1053871.0,7204656.0,376871.0,334377.5,1004800000.0,,856031.0,2403703.0,5638300.0,682824.6
2002-07-01,506214.0,742754.0,69083370.0,2336230.0,1363653.0,5562731.0,1043033.0,7060253.0,373212.0,330771.9,1003500000.0,,856802.0,2338098.0,5596000.0,673095.4
2002-06-01,496230.0,733926.0,68344680.0,2289044.0,1339929.0,5569629.0,1040871.0,7001544.0,369174.0,334429.2,1002100000.0,,858559.0,2306425.0,5553300.0,666311.6
2002-05-01,502835.0,731751.0,68317300.0,2300651.0,1387779.0,5549587.0,1044387.0,6982164.0,364897.0,333492.7,1001300000.0,,840350.0,2237820.0,5528300.0,675179.9
2002-04-01,500190.0,731669.0,67985790.0,2272492.0,1370185.0,5506616.0,1034738.0,6964389.0,360950.0,331461.3,999900000.0,,837856.0,2166910.0,5502100.0,654237.3
2002-03-01,512546.0,729597.0,67057210.0,2244500.0,1346695.0,5468342.0,1035003.0,6831249.0,357053.0,326862.4,998500000.0,,837131.0,2117023.0,5502000.0,645605.9
2002-02-01,506261.0,727214.0,66697350.0,2234695.0,1351941.0,5431229.0,1028919.0,6833495.0,353154.0,324436.6,996500000.0,,832430.0,2093741.0,5490200.0,639200.5
2002-01-01,503451.0,723376.0,66230070.0,2184558.0,1352567.0,5430256.0,1022543.0,6993512.0,349578.0,325522.2,995200000.0,,836127.0,2067193.0,5460900.0,630777.0
2001-12-01,498540.0,718035.0,66680600.0,2171517.0,1596000.0,5446737.0,1036604.0,6979661.0,345971.0,329336.3,992600000.0,,818465.0,2041219.0,5440500.0,602271.7
2001-11-01,494007.0,713847.0,66192640.0,2123369.0,1564800.0,5343832.0,1034894.0,6818507.0,342328.0,327405.0,990600000.0,,812418.0,2028220.0,5387500.0,591064.4
2001-10-01,488315.0,710307.0,66250710.0,2086857.0,1540500.0,5289730.0,1028339.0,6816790.0,338925.0,326937.5,988900000.0,,806465.0,1958795.0,5343800.0,579983.7
2001-09-01,480983.0,709759.0,64735840.0,2039126.0,1532500.0,5263161.0,1014775.0,6700795.0,335322.0,325671.4,987900000.0,,804892.0,1902074.0,5355100.0,575005.9
2001-08-01,474305.0,698389.0,64313660.0,1933672.0,1547900.0,5211888.0,1011881.0,6623884.0,331114.0,319001.5,985800000.0,,798634.0,1844062.0,5243800.0,580547.4
2001-07-01,466792.0,694608.0,63649020.0,1889429.0,1528700.0,5209923.0,1000458.0,6478668.0,326807.0,315413.8,984600000.0,,791335.0,1783851.0,5210000.0,566948.8
2001-06-01,468478.0,693018.0,63319880.0,1893715.0,1514100.0,5216143.0,988369.0,6414012.0,322894.0,314625.0,983100000.0,,787013.0,1744388.0,5180100.0,556015.3
2001-05-01,463584.0,693259.0,62801020.0,1865621.0,1512600.0,5174257.0,981803.0,6408062.0,319118.0,311429.9,981200000.0,,787408.0,1706308.0,5137200.0,548616.4
2001-04-01,457979.0,689581.0,62164860.0,1861095.0,1466600.0,5135593.0,983219.0,6292170.0,315477.0,306785.9,979300000.0,,774979.0,1655389.0,5139100.0,541455.9
2001-03-01,453573.0,692182.0,62156680.0,1856794.0,1440600.0,5090546.0,978764.0,6224757.0,311972.0,305767.5,977600000.0,,774330.0,1623189.0,5074800.0,539007.0
2001-02-01,448709.0,688874.0,62148930.0,1844649.0,1438000.0,5047544.0,957933.0,6132098.0,308415.0,304893.7,976800000.0,,772137.0,1560958.0,5017000.0,529270.8
2001-01-01,443320.0,689400.0,61557340.0,1743250.0,1432100.0,5026837.0,962177.0,6044148.0,305151.0,295543.7,975000000.0,,762728.0,1523376.0,4978300.0,524363.5
2000-12-01,438366.0,688257.0,61115330.0,,1412300.0,4910329.0,950022.0,5956180.0,302210.0,291352.7,973300000.0,,753365.0,1493837.0,4927600.0,516888.4
2000-11-01,436569.0,677994.0,61340780.0,,1391300.0,4832422.0,938232.0,5995523.0,299198.0,287399.1,973800000.0,,753176.0,1453271.0,4882700.0,505224.4
2000-10-01,442251.0,676184.0,60623000.0,,1373200.0,4804691.0,930801.0,5924088.0,295854.0,280812.7,973400000.0,,740448.0,1413025.0,4871300.0,501788.1
2000-09-01,439946.0,675445.0,59863440.0,,1369400.0,4794883.0,917183.0,5873693.0,292611.0,278089.7,971400000.0,,750017.0,1349322.0,4855200.0,499539.5
2000-08-01,438252.0,672324.0,59120200.0,,1368500.0,4798357.0,920493.0,5751386.0,289909.0,275974.0,969200000.0,,733897.0,1301834.0,4819500.0,489351.6
2000-07-01,434976.0,663068.0,59468440.0,,1346300.0,4802374.0,910674.0,5579401.0,287422.0,273341.3,967500000.0,,725333.0,1231399.0,4791300.0,480651.5
2000-06-01,431970.0,653492.0,58694340.0,,1336700.0,4805384.0,912916.0,5528419.0,284920.0,268923.2,967300000.0,,720630.0,1179189.0,4773600.0,485737.2
2000-05-01,429642.0,652413.0,58684840.0,,1354300.0,4820008.0,903250.0,5479241.0,282572.0,267213.0,966300000.0,,711577.0,1133395.0,4755700.0,482157.1
2000-04-01,426274.0,654719.0,58512140.0,,1341700.0,4826279.0,886139.0,5409300.0,280302.0,263602.0,966100000.0,,708391.0,1104099.0,4767800.0,481991.1
2000-03-01,422800.0,651616.0,58349010.0,,1340400.0,4768884.0,881540.0,5321063.0,277845.0,261465.3,963800000.0,,698136.0,1069892.0,4711700.0,477857.7
2000-02-01,420635.0,644670.0,58048200.0,,1341100.0,4738474.0,863968.0,5190083.0,275307.0,256524.5,963000000.0,,690926.0,1017257.0,4680900.0,481129.9
2000-01-01,418845.0,638821.0,59803370.0,,1322300.0,4723291.0,850119.0,5090954.0,272658.0,253127.9,961200000.0,,681655.0,961952.4,4667600.0,479283.1
1999-12-01,417799.0,636424.0,59100660.0,,1337500.0,4708947.0,852950.0,5041748.0,269966.0,248204.3,960900000.0,,684107.0,940720.3,4639300.0,481815.0
1999-11-01,417767.0,632136.0,58519670.0,,1304100.0,4625175.0,852870.0,4948749.0,267211.0,244452.0,957700000.0,,674353.0,898247.6,4611800.0,477662.6
1999-10-01,414488.0,627772.0,58433210.0,,1298800.0,4578653.0,839312.0,4877798.0,264381.0,242442.4,956900000.0,,675593.0,846901.9,4592700.0,467030.4
1999-09-01,411006.0,619129.0,58080050.0,,1288500.0,4561347.0,837500.0,4845909.0,261528.0,238779.5,953800000.0,,658933.0,832778.6,4568800.0,462680.2
1999-08-01,407896.0,619559.0,58064340.0,,1283600.0,4540771.0,841524.0,4795095.0,258623.0,235777.6,953600000.0,,661441.0,795654.2,4552700.0,451104.3
1999-07-01,405539.0,616116.0,57391160.0,,1269100.0,4563119.0,837385.0,4729917.0,255431.0,232405.1,952500000.0,,659006.0,779736.1,4535400.0,451768.8
1999-06-01,403122.0,613265.0,57639770.0,,1272400.0,4555934.0,836533.0,4677181.0,252034.0,228611.3,950800000.0,,648396.0,763616.0,4508000.0,451484.4
1999-05-01,399891.0,609241.0,57272130.0,,1271900.0,4529333.0,833982.0,4684466.0,248735.0,225358.2,947200000.0,,633729.0,724743.9,4486100.0,441289.2
1999-04-01,396063.0,606551.0,57344910.0,,1261500.0,4496032.0,832706.0,4605375.0,245521.0,223648.5,943800000.0,,635754.0,685042.3,4461400.0,439834.6
1999-03-01,391257.0,601635.0,56630970.0,,1247900.0,4459587.0,829630.0,4595379.0,242568.0,219447.9,942700000.0,,632885.0,661780.3,4432600.0,436514.6
1999-02-01,387512.0,599133.0,56826260.0,,1247400.0,4447594.0,830031.0,4600024.0,239638.0,215449.3,938800000.0,,626459.0,647317.6,4425800.0,425429.7
1999-01-01,385149.0,598861.0,56080370.0,,1229700.0,4463577.0,829584.0,4526833.0,236587.0,213475.3,936600000.0,,628058.0,614297.1,4403000.0,436805.9
1998-12-01,382059.0,607467.0,55334170.0,,1241400.0,4471961.0,835054.0,4466063.0,233254.0,211386.7,934300000.0,,616848.0,574923.5,4375600.0,436044.9
1998-11-01,378776.0,597535.0,55197840.0,,1195900.0,4398809.0,828719.0,4413964.0,229864.0,206165.8,931200000.0,,614129.0,541246.1,4346600.0,433763.7
1998-10-01,377701.0,600562.0,55146940.0,,1187400.0,4368588.0,827868.0,4345915.0,226564.0,206792.7,925400000.0,,610958.0,537416.6,4307900.0,425430.4
1998-09-01,376208.0,595663.0,55300250.0,,1195200.0,4336678.0,825473.0,4318570.0,223010.0,201445.0,923800000.0,,613633.0,445216.2,4267700.0,425153.9
1998-08-01,373883.0,594690.0,55884610.0,,1199500.0,4341651.0,820036.0,4292965.0,219904.0,198008.5,920600000.0,,612346.0,440372.9,4228700.0,424083.8
1998-07-01,371151.0,594161.0,55265740.0,,1177000.0,4352856.0,818211.0,4230841.0,217616.0,194896.2,916500000.0,,612657.0,441963.5,4203800.0,418119.2
1998-06-01,366181.0,594174.0,54998650.0,,1172700.0,4359628.0,807697.0,4157155.0,215343.0,192061.1,912000000.0,,609493.0,453188.6,4184100.0,417011.1
1998-05-01,362723.0,589420.0,54674680.0,,1156300.0,4339308.0,802712.0,4105866.0,212666.0,188492.8,911300000.0,,615478.0,447052.0,4164400.0,410654.9
1998-04-01,360991.0,585146.0,53409880.0,,1133800.0,4311419.0,794200.0,4042912.0,209776.0,187170.8,907500000.0,,606318.0,441084.8,4140200.0,408432.9
1998-03-01,358573.0,585540.0,53135520.0,,1135000.0,4275571.0,789368.0,3981723.0,206935.0,181001.0,905400000.0,,605312.0,437744.3,4114300.0,399976.8
1998-02-01,357460.0,586577.0,52145820.0,,1125300.0,4265867.0,787123.0,3842838.0,204236.0,184103.1,904200000.0,,604921.0,434389.6,4088900.0,402199.5
1998-01-01,355664.0,587930.0,51605550.0,,1130300.0,4257987.0,780986.0,3769833.0,201672.0,181788.6,899800000.0,,601045.0,446447.8,4056200.0,392998.6
1997-12-01,354074.0,589295.0,51380560.0,,1177800.0,4267312.0,773564.0,3863630.0,199443.5,180696.7,894700000.0,,589619.0,446281.7,4032900.0,384539.6
1997-11-01,351808.0,582446.0,49962740.0,,1131800.0,4186233.0,761428.0,3744744.0,196761.3,176858.7,889200000.0,,596886.0,457594.7,4014800.0,385368.8
1997-10-01,350478.0,580374.0,48648750.0,,1125000.0,4147939.0,755877.0,3739635.0,195447.7,174113.4,887000000.0,,594875.0,442726.8,3992300.0,383812.9
1997-09-01,347261.0,576499.0,47438630.0,,1115400.0,4137257.0,729318.0,3643882.0,193314.3,172116.2,884400000.0,,596057.0,436667.4,3973100.0,376889.4
1997-08-01,347533.0,573735.0,46207240.0,,1131600.0,4122479.0,770144.0,3582295.0,191010.4,169246.2,882700000.0,,586724.0,425523.5,3957400.0,366802.3
1997-07-01,346123.0,569157.0,45625080.0,,1114200.0,4137802.0,765379.0,3555360.0,190707.4,167671.0,879800000.0,,582619.0,411482.1,3923900.0,362014.4
1997-06-01,345111.0,569771.0,44671560.0,,1094000.0,4139717.0,752940.0,3464610.0,187883.8,165635.6,876800000.0,,578046.0,397777.2,3906000.0,356429.8
1997-05-01,343439.0,568636.0,43328350.0,,1099300.0,4112046.0,733373.0,3429982.0,187754.5,162484.0,873500000.0,,571157.0,389875.5,3889200.0,356191.7
1997-04-01,341309.0,568401.0,42912520.0,,1074100.0,4076852.0,726381.0,3352322.0,188751.9,160192.7,872100000.0,,568784.0,378170.2,3877000.0,349319.3
1997-03-01,337956.0,569036.0,41801840.0,,1060800.0,4070899.0,726346.0,3312197.0,183653.5,158081.8,866900000.0,,566434.0,369260.1,3861200.0,345248.2
1997-02-01,336885.0,564047.0,41253450.0,,1066600.0,4059919.0,721483.0,3287174.0,185211.3,155771.8,864200000.0,,565136.0,361694.5,3846300.0,338567.7
1997-01-01,334062.0,559121.0,40931330.0,,1058200.0,4052403.0,715304.0,3254515.0,181324.5,152959.0,863600000.0,,570070.0,346621.8,3834600.0,335219.3
1996-12-01,332172.0,558040.0,40571630.0,,1078100.0,4090346.0,698391.0,3224988.0,182820.7,149413.7,861900000.0,,574611.0,352601.8,3818600.0,327882.3
1996-11-01,330169.0,555597.0,38372310.0,,1060300.0,3998359.0,701685.0,3190763.0,179610.8,147414.0,861500000.0,,571310.0,347309.3,3795100.0,325704.9
1996-10-01,326788.0,553899.0,37939320.0,,1042600.0,3970778.0,685806.0,3143396.0,177888.4,145839.8,860500000.0,,571700.0,341016.3,3772800.0,326149.3
1996-09-01,320132.0,549298.0,37442480.0,,1032400.0,3973985.0,682605.0,3088413.0,178299.2,141879.5,857200000.0,,565277.0,336419.4,3753400.0,319300.8
1996-08-01,321172.0,549041.0,36534830.0,,1047000.0,3956604.0,675854.0,3053536.0,178033.1,141069.1,855300000.0,,564060.0,329768.6,3744000.0,319215.4
1996-07-01,319513.0,547385.0,35960300.0,,1043100.0,3953451.0,670855.0,2990588.0,176398.5,137810.3,853500000.0,,568037.0,320193.0,3737100.0,315847.3
1996-06-01,315975.0,547095.0,35083120.0,,1038000.0,3966021.0,664275.0,2945977.0,176299.2,134583.0,851800000.0,,564427.0,308706.1,3722500.0,312659.8
1996-05-01,312625.0,545542.0,34441750.0,,1037600.0,3946536.0,652669.0,2899146.0,176609.5,132271.4,848000000.0,,564381.0,300440.3,3709600.0,305437.4
1996-04-01,312581.0,541473.0,33929260.0,,1019700.0,3940690.0,652289.0,2840273.0,175910.1,128704.1,844500000.0,,565684.0,295062.4,3697700.0,298213.9
1996-03-01,310955.0,540003.0,33368400.0,,1001500.0,3931433.0,645361.0,2794277.0,174328.2,125297.3,844200000.0,,565017.0,287061.3,3686900.0,295911.9
1996-02-01,309247.0,539118.0,32613700.0,,1010100.0,3916561.0,640399.0,2753442.0,173047.0,123319.2,840300000.0,,561130.0,278786.7,3661800.0,290155.8
1996-01-01,307042.0,534228.0,31899140.0,,991000.0,3906894.0,635650.0,2689071.0,172545.5,121282.5,838800000.0,,548129.0,267676.9,3647900.0,282829.4
1995-12-01,305856.0,531128.0,31379730.0,,1002400.0,3937403.0,616963.0,2634543.0,170504.8,117893.3,837200000.0,,541099.0,256094.1,3629500.0,279159.0
1995-11-01,301591.0,529816.0,31024120.0,,963200.0,3823433.0,597470.0,2584269.0,168019.8,116557.9,835100000.0,,533700.0,248146.0,3619900.0,273662.8
1995-10-01,299249.0,525376.0,30994400.0,,948800.0,3785241.0,594035.0,2536469.0,169048.0,114253.1,829900000.0,,533900.0,240128.1,3613400.0,269823.1
1995-09-01,296308.0,525577.0,30112890.0,,926700.0,3776711.0,587990.0,2512728.0,169538.8,113253.3,828900000.0,,511600.0,234086.9,3602100.0,268826.4
1995-08-01,292943.0,523095.0,28912230.0,,926700.0,3754951.0,584455.0,2445981.0,168815.7,110574.8,825900000.0,,516000.0,220241.1,3589000.0,266616.7
1995-07-01,290342.0,520458.0,28618060.0,,886200.0,3751151.0,578032.0,2419091.0,166858.5,108741.2,823700000.0,,510300.0,207763.3,3567400.0,266359.4
1995-06-01,288181.0,517061.0,28214510.0,,856700.0,3759170.0,570590.0,2379854.0,167885.1,105907.4,823000000.0,,509300.0,210028.7,3548900.0,262905.4
1995-05-01,288020.0,514047.0,27651100.0,,854200.0,3734600.0,566786.0,2340679.0,166801.6,105856.2,821600000.0,,507600.0,,3524200.0,262832.6
1995-04-01,286310.0,511274.0,26918540.0,,837800.0,3719385.0,562340.0,2311885.0,165899.8,102387.3,820400000.0,,505700.0,,3499200.0,253698.4
1995-03-01,285263.0,508602.0,26326330.0,,823800.0,3702886.0,562081.0,2298348.0,166666.0,100240.4,819400000.0,,499400.0,,3491100.0,248162.2
1995-02-01,281795.0,505616.0,25375370.0,,826100.0,3706630.0,553236.0,2257794.0,166530.2,98709.88,817600000.0,,497600.0,,3489900.0,242171.5
1995-01-01,280401.0,505586.0,24849120.0,,815000.0,3695976.0,548914.0,2234090.0,165684.4,96142.34,813900000.0,,492200.0,,3492400.0,241927.9
1994-12-01,280570.0,504205.0,24246530.0,,810300.0,3735799.0,546327.0,2195559.0,166492.0,96436.54,811500000.0,,493300.0,,3486400.0,242613.0
1994-11-01,277990.0,502511.0,23617620.0,,785500.0,3659473.0,544362.0,2224906.0,165847.1,96720.63,809200000.0,,495300.0,,3487200.0,240357.5
1994-10-01,274931.0,501372.0,22958780.0,,768800.0,3639444.0,539707.0,2183602.0,165424.2,94996.6,808100000.0,,491500.0,,3484300.0,236222.0
1994-09-01,271149.0,500904.0,22392360.0,,757500.0,3624824.0,539568.0,2149868.0,164812.8,93344.67,806600000.0,,494300.0,,3486100.0,231913.1
1994-08-01,271383.0,499334.0,21676420.0,,753600.0,3627119.0,536389.0,2135502.0,163903.1,93073.37,803300000.0,,490200.0,,3485700.0,231652.5
1994-07-01,269072.0,495759.0,21073920.0,,746900.0,3651126.0,534132.0,2095401.0,163621.5,90409.67,801900000.0,,488800.0,,3488200.0,229433.9
1994-06-01,267817.0,491963.0,20390610.0,,737500.0,3651632.0,533684.0,2092689.0,163822.5,88921.83,797900000.0,,490000.0,,3479500.0,224593.9
1994-05-01,266819.0,488170.0,20042770.0,,730600.0,3634783.0,533834.0,2061992.0,163058.8,86348.52,797400000.0,,484400.0,,3490800.0,227150.0
1994-04-01,265056.0,486424.0,19254000.0,,717700.0,3637715.0,529673.0,2039922.0,163957.1,85278.03,796700000.0,,480600.0,,3481300.0,222607.1
1994-03-01,262898.0,482142.0,18642930.0,,700400.0,3629400.0,530373.0,2005800.0,166853.7,85404.98,793000000.0,,482800.0,,3480100.0,220177.2
1994-02-01,259884.0,482311.0,18166170.0,,696900.0,3612781.0,527892.0,1977933.0,162436.1,80988.92,791000000.0,,471300.0,,3475700.0,218647.8
1994-01-01,258509.0,482918.0,17716400.0,,681400.0,3616734.0,523474.0,1963502.0,162727.6,78449.71,789900000.0,,472700.0,,3474900.0,214609.8
1993-12-01,255623.0,479717.0,16986590.0,,671500.0,3651774.0,522243.0,1943870.0,162865.7,76906.66,789000000.0,,470100.0,,3474500.0,209797.1
1993-11-01,254476.0,478513.0,16501010.0,,648700.0,3546318.0,517689.0,1916095.0,159820.6,75531.12,788100000.0,,471600.0,,3470100.0,209460.5
1993-10-01,253446.0,479090.0,15881550.0,,636000.0,3514086.0,514199.0,1895803.0,158286.7,72346.49,788800000.0,,472800.0,,3456700.0,205764.6
1993-09-01,252120.0,477011.0,15303330.0,,628300.0,3488618.0,509911.0,1890024.0,157727.4,70536.8,787400000.0,,472500.0,,3452200.0,203112.0
1993-08-01,250165.0,474999.0,14986250.0,,629700.0,3476439.0,509412.0,1858929.0,159162.5,68258.41,787400000.0,,475000.0,,3445700.0,201273.5
1993-07-01,250825.0,474943.0,14549340.0,,615200.0,3480084.0,507599.0,1853658.0,160346.0,67432.22,785700000.0,,473200.0,,3442000.0,196942.4
1993-06-01,249832.0,473616.0,13930280.0,,599900.0,3484325.0,503989.0,1816783.0,156424.3,66371.17,785800000.0,,473000.0,,3442400.0,195781.6
1993-05-01,246521.0,472775.0,13373230.0,,585400.0,3472703.0,500975.0,1804017.0,153279.2,65238.7,784100000.0,,469300.0,,3436900.0,196147.3
1993-04-01,245782.0,472204.0,12953400.0,,581200.0,3450204.0,500602.0,1791630.0,154082.1,63437.07,780800000.0,,468800.0,,3411300.0,195914.7
1993-03-01,245880.0,472341.0,12637390.0,,563900.0,3444201.0,500283.0,1760903.0,153017.0,63661.9,777700000.0,,465200.0,,3411700.0,196813.4
1993-02-01,244536.0,470401.0,12375160.0,,565900.0,3404687.0,499925.0,1743600.0,154004.0,62453.96,779000000.0,,467400.0,,3414500.0,196381.7
1993-01-01,242936.0,467765.0,11973370.0,,572600.0,3397738.0,496713.0,1713723.0,153563.6,61445.36,777300000.0,,467400.0,,3419100.0,196319.0
1992-12-01,240976.0,466303.0,11830910.0,,580500.0,3433178.0,496567.0,1681024.0,153269.1,59882.94,776800000.0,,474100.0,,3424700.0,196205.4
1992-11-01,239952.0,466163.0,11347420.0,,569000.0,3348624.0,497922.0,1669529.0,152681.1,57042.59,775200000.0,,,,3426500.0,198076.0
1992-10-01,238773.0,461618.0,11086770.0,,559800.0,3309880.0,498617.0,1646144.0,151470.7,57327.27,774700000.0,,,,3423800.0,196351.0
1992-09-01,238735.0,458884.0,10729020.0,,547300.0,3305736.0,492538.0,1624322.0,151811.1,58789.36,774100000.0,,,,3410300.0,194928.0
1992-08-01,238901.0,457307.0,10379430.0,,553900.0,3261387.0,488499.0,1601879.0,150426.6,54828.81,775400000.0,,,,3398800.0,192898.5
1992-07-01,236710.0,455478.0,10349930.0,,533300.0,3262036.0,488505.0,1561887.0,154309.4,53915.67,775100000.0,,,,3393900.0,193027.4
1992-06-01,234935.0,452198.0,10334570.0,,508200.0,3254263.0,487266.0,1530304.0,149498.5,54129.64,776600000.0,,,,3393400.0,189622.6
1992-05-01,234637.0,449729.0,9967950.0,,504500.0,3234778.0,484684.0,1485254.0,150815.5,52765.05,775700000.0,,,,3398600.0,187418.1
1992-04-01,233415.0,448982.0,9745440.0,,497300.0,3207099.0,487072.0,1468505.0,150231.1,52620.9,777700000.0,,,,3399700.0,189376.2
1992-03-01,231765.0,448832.0,9466928.0,,491500.0,3175420.0,486438.0,1413257.0,149063.5,50653.71,779100000.0,,,,3403900.0,186348.5
1992-02-01,232829.0,445301.0,9071894.0,,494200.0,3157064.0,484774.0,1375895.0,149017.8,51963.45,776800000.0,,,,3400000.0,186852.8
1992-01-01,231868.0,443159.0,8853844.0,,480000.0,3150259.0,482847.0,1362537.0,148954.7,47699.18,777800000.0,,,,3381200.0,186257.7
1991-12-01,231673.0,441320.0,8486654.0,,461300.0,3204633.0,479061.0,1321127.0,148199.2,45430.74,777700000.0,,,,3372200.0,181726.8
1991-11-01,230180.0,439219.0,8186755.0,,,3093703.0,477577.0,1250493.0,146365.2,38949.96,777700000.0,,,,3365500.0,182179.0
1991-10-01,230565.0,437868.0,7840053.0,,,3056240.0,476768.0,1204065.0,145145.5,36741.5,778000000.0,,,,3360100.0,180756.6
1991-09-01,231057.0,434731.0,7408901.0,,,3046743.0,476594.0,1179092.0,144333.5,36240.39,776300000.0,,,,3354900.0,179387.2
1991-08-01,229753.0,432325.0,7052027.0,,,3022624.0,475380.0,1148782.0,142864.6,36825.71,774200000.0,,,,3355000.0,177769.2
1991-07-01,228921.0,433162.0,6998107.0,,,3021278.0,474786.0,1130356.0,140921.7,35721.33,774300000.0,,,,3356100.0,176108.6
1991-06-01,228307.0,433590.0,7073344.0,,,3015354.0,474809.0,1102222.0,138648.5,35587.49,771500000.0,,,,3351900.0,177155.0
1991-05-01,227445.0,433996.0,6992140.0,,,2975118.0,474285.0,1088271.0,138159.8,35891.67,769800000.0,,,,3343000.0,177142.1
1991-04-01,225948.0,431102.0,6855933.0,,,2969617.0,472921.0,1049796.0,136650.9,34981.58,768000000.0,,,,3332400.0,172654.5
1991-03-01,225634.0,429564.0,6634325.0,,,2958243.0,470771.0,1029799.0,135108.5,34671.76,765600000.0,,,,3321900.0,170650.9
1991-02-01,224739.0,427173.0,6577324.0,,,2948422.0,467610.0,1009017.0,132933.2,33806.72,764200000.0,,,,3304500.0,171044.2
1991-01-01,224940.0,424640.0,6480776.0,,,2937733.0,467233.0,986153.6,129845.5,33407.04,762400000.0,,,,3287700.0,162729.2
1990-12-01,227090.0,421678.0,6394487.0,,,2979949.0,464516.0,973824.6,130166.4,31414.07,760800000.0,,,,3271800.0,161339.0
1990-11-01,225250.0,418496.0,6224562.0,,,2865228.0,464510.0,,132045.4,30406.16,758200000.0,,,,3262600.0,160559.6
1990-10-01,222942.0,416176.0,6144864.0,,,2841866.0,459954.0,,130800.5,29803.88,762200000.0,,,,3259300.0,155265.4
1990-09-01,221616.0,413872.0,5977668.0,,,2833827.0,458698.0,,128928.7,29438.76,758600000.0,,,,3254600.0,154147.2
1990-08-01,219102.0,411134.0,5811874.0,,,2792896.0,453851.0,,126898.8,29157.89,753800000.0,,,,3242000.0,154816.7
1990-07-01,216928.0,408552.0,5666778.0,,,2802055.0,450157.0,,125268.2,28303.37,749800000.0,,,,3224500.0,154227.7
1990-06-01,216611.0,405656.0,5536685.0,,,2788776.0,449679.0,,124644.4,27779.81,745600000.0,,,,3213700.0,153059.6
1990-05-01,215027.0,404247.0,5366721.0,,,2663708.0,445056.0,,123683.6,27183.28,743500000.0,,,,3200600.0,153504.4
1990-04-01,214145.0,401024.0,5391744.0,,,2657071.0,441979.0,,120813.8,26564.73,739800000.0,,,,3201600.0,151662.1
1990-03-01,211738.0,397280.0,5243516.0,,,2637362.0,438776.0,,120787.8,25822.7,727000000.0,,,,3190100.0,149683.8
1990-02-01,209568.0,395545.0,5127723.0,,,2640018.0,431577.0,,118070.3,24998.11,722300000.0,,,,3179200.0,148100.2
1990-01-01,207129.0,393274.0,4955104.0,,,2637961.0,427998.0,,114522.5,24625.43,708700000.0,,,,3166800.0,148325.4
1989-12-01,205223.0,390101.0,4833932.0,,,2659928.0,422174.0,,113824.8,24129.31,701600000.0,,,,3152500.0,144116.1
1989-11-01,203422.0,385947.0,4749953.0,,,2557686.0,414610.0,,111397.2,24047.49,690300000.0,,,,3133300.0,142150.2
1989-10-01,201937.0,380640.0,4617001.0,,,2529929.0,411907.0,,108499.1,23623.18,683600000.0,,,,3114100.0,141003.4
1989-09-01,200112.0,377193.0,4531410.0,,,2515811.0,404682.0,,105663.4,23514.79,678500000.0,,,,3092500.0,136973.0
1989-08-01,199869.0,373921.0,4513519.0,,,2497201.0,399861.0,,104285.9,22705.53,673900000.0,,,,3074400.0,136245.2
1989-07-01,196146.0,369541.0,4365406.0,,,2504355.0,392326.0,,101555.7,22621.12,668500000.0,,,,3052400.0,133628.6
1989-06-01,192868.0,366853.0,4232773.0,,,2477739.0,390486.0,,101309.4,22301.78,662700000.0,,,,3027900.0,131390.1
1989-05-01,187853.0,362924.0,4104396.0,,,2446497.0,376903.0,,98321.78,21973.43,657100000.0,,,,3011600.0,128662.0
1989-04-01,185395.0,358439.0,3928816.0,,,2433580.0,371210.0,,98130.05,21488.72,653800000.0,,,,3006000.0,124151.8
1989-03-01,182129.0,355836.0,3878174.0,,,2410377.0,368012.0,,94659.7,20927.94,650200000.0,,,,2999700.0,124630.5
1989-02-01,178792.0,350475.0,3776733.0,,,2397747.0,362287.0,,93519.04,20369.05,645100000.0,,,,2992200.0,121999.5
1989-01-01,175147.0,348591.0,3680878.0,,,2393130.0,356073.0,,92125.32,19616.11,635500000.0,,,,2991700.0,119929.9
1988-12-01,171102.0,345363.0,3603065.0,,,2410011.0,351650.0,,89745.05,18456.67,633800000.0,,,,2988200.0,117800.8
1988-11-01,167079.0,343300.0,3594399.0,,,2341910.0,346102.0,,88446.27,18660.52,628900000.0,,,,2980200.0,115050.1
1988-10-01,163972.0,340298.0,3467203.0,,,2319681.0,343193.0,,87342.21,19096.23,624400000.0,,,,2965300.0,113349.9
1988-09-01,160383.0,338360.0,3405306.0,,,2294247.0,340578.0,,87567.93,19589.72,618900000.0,,,,2956900.0,111562.8
1988-08-01,157946.0,336077.0,3358201.0,,,2282197.0,335437.0,,83704.34,19355.91,614400000.0,,,,2952000.0,108575.6
1988-07-01,156245.0,330722.0,3271414.0,,,2285437.0,330771.0,,83350.88,18990.57,609100000.0,,,,2947200.0,105866.5
1988-06-01,155229.0,326927.0,3254052.0,,,2264736.0,324277.0,,80886.16,18533.83,604400000.0,,,,2938400.0,104086.8
1988-05-01,152843.0,321778.0,3148654.0,,,2246777.0,317938.0,,78920.85,18170.04,599900000.0,,,,2926000.0,101875.0
1988-04-01,151435.0,318637.0,3092129.0,,,2228918.0,314804.0,,76712.26,17992.63,593700000.0,,,,2910700.0,99491.62
1988-03-01,150077.0,314991.0,3039239.0,,,2203441.0,313346.0,,77521.2,17677.35,589200000.0,,,,2890700.0,98642.45
1988-02-01,148194.0,311593.0,3004660.0,,,2204634.0,306884.0,,74842.19,17250.41,584900000.0,,,,2870400.0,95982.7
1988-01-01,147253.0,309899.0,2947776.0,,,2209190.0,304806.0,,74823.83,16897.44,578800000.0,,,,2847400.0,94425.3
1987-12-01,146594.0,308821.0,2892261.0,,,2221564.0,301011.0,,72542.74,16757.57,573500000.0,,,,2826400.0,92597.07
1987-11-01,145944.0,306319.0,2839585.0,,,2162754.0,297022.0,,71164.55,16597.21,570000000.0,,,,2818900.0,92199.7
1987-10-01,143900.0,309466.0,2820106.0,,,2136405.0,295567.0,,69497.03,16141.82,563400000.0,,,,2814800.0,88920.32
1987-09-01,142165.0,307013.0,2781347.0,,,2125065.0,290025.0,,68565.59,16154.17,558700000.0,,,,2799500.0,87926.39
1987-08-01,140680.0,305215.0,2677295.0,,,2109087.0,288866.0,,67429.47,16088.53,553100000.0,,,,2788200.0,85144.8
1987-07-01,139415.0,304406.0,2613115.0,,,2102927.0,286049.0,,66547.42,15990.97,547600000.0,,,,2779000.0,85118.0
1987-06-01,137497.0,302536.0,2554600.0,,,2099060.0,280374.0,,63387.26,15748.64,542600000.0,,,,2774600.0,83320.95
1987-05-01,136015.0,299843.0,2509361.0,,,2081895.0,278344.0,,62178.89,15331.17,537900000.0,,,,2772900.0,82614.77
1987-04-01,133757.0,297055.0,2456584.0,,,2063878.0,274944.0,,60150.44,14954.03,532800000.0,,,,2767700.0,82138.48
1987-03-01,133309.0,294108.0,2381905.0,,,2049117.0,270734.0,,57707.9,14396.0,527100000.0,,,,2753700.0,80450.89
1987-02-01,133020.0,292007.0,2327618.0,,,2040476.0,266218.0,,56458.4,13865.34,521600000.0,,,,2747500.0,79847.27
1987-01-01,131852.0,287671.0,2266781.0,,,2042741.0,262968.0,,53619.13,13488.52,517800000.0,,,,2743900.0,78269.84
1986-12-01,130173.0,285662.0,2224543.0,,,2058939.0,174191.0,,53727.26,12944.07,513900000.0,,,,2728000.0,78837.95
1986-11-01,128667.0,281378.0,2173061.0,,,1999949.0,,,52060.95,12529.05,508700000.0,,,,2701300.0,78460.38
1986-10-01,128660.0,277703.0,2124662.0,,,1973445.0,,,50875.49,12377.9,505700000.0,,,,2687400.0,78201.07
1986-09-01,127637.0,274030.0,2076643.0,,,1964933.0,,,50084.7,11976.76,502900000.0,,,,2667800.0,77256.55
1986-08-01,127226.0,272142.0,2048642.0,,,1949333.0,,,48913.75,11712.48,499100000.0,,,,2646500.0,76820.28
1986-07-01,126349.0,269851.0,2023523.0,,,1948061.0,,,47742.24,11277.87,495800000.0,,,,2626600.0,76054.34
1986-06-01,125463.0,267918.0,1987703.0,,,1941360.0,,,46508.51,11052.86,492200000.0,,,,2605000.0,75642.92
1986-05-01,124860.0,267397.0,1942613.0,,,1919654.0,,,45281.78,11100.41,488200000.0,,,,2584800.0,75193.68
1986-04-01,123811.0,269700.0,1891159.0,,,1913747.0,,,44512.65,11289.66,485300000.0,,,,2557800.0,74689.02
1986-03-01,121608.0,266648.0,1867010.0,,,1917335.0,,,43824.11,11312.2,482800000.0,,,,2533100.0,73205.63
1986-02-01,119829.0,263541.0,1823669.0,,,1899678.0,,,42602.61,11230.16,479500000.0,,,,2512900.0,74390.28
1986-01-01,119600.0,262081.0,1781447.0,,,1903914.0,,,41272.97,10867.68,476400000.0,,,,2502100.0,72329.23
1985-12-01,119259.0,258806.0,1727981.0,,,1927935.0,,,39856.57,10807.23,474000000.0,,,,2492100.0,72217.0
1985-11-01,118857.0,257320.0,1682747.0,,,1844716.0,,,38606.9,10731.82,470000000.0,,,,2477800.0,71210.69
1985-10-01,117892.0,255551.0,1636570.0,,,1832386.0,,,37682.91,10286.46,466000000.0,,,,2468000.0,70934.36
1985-09-01,117172.0,254071.0,1577140.0,,,1830823.0,,,36287.46,10014.21,462100000.0,,,,2456400.0,69781.84
1985-08-01,115716.0,252401.0,1558046.0,,,1813648.0,,,34957.64,9724.0,458800000.0,,,,2444000.0,70207.27
1985-07-01,114424.0,251090.0,1508309.0,,,1821939.0,,,34174.78,9596.124,455900000.0,,,,2429500.0,69420.02
1985-06-01,111523.0,249825.0,1464635.0,,,1817711.0,,,33284.12,7516.594,452900000.0,,,,2412600.0,68808.13
1985-05-01,111426.0,249071.0,1428981.0,,,1793439.0,,,32279.32,6735.813,450200000.0,,,,2389500.0,67791.1
1985-04-01,109904.0,247396.0,1395782.0,,,1795251.0,,,31056.38,6231.423,447300000.0,,,,2375400.0,66763.25
1985-03-01,108754.0,245780.0,1378016.0,,,1789683.0,,,29893.05,5412.445,443600000.0,,,,2366200.0,66020.7
1985-02-01,107291.0,245349.0,1343566.0,,,1781459.0,,,29140.12,4792.015,440300000.0,,,,2354100.0,65807.04
1985-01-01,105964.0,243686.0,1322052.0,,,1775445.0,,,28100.91,4355.25,437300000.0,,,,2332400.0,65310.44
1984-12-01,104096.0,242621.0,1293740.0,,,1788789.0,,,27048.84,3863.372,433900000.0,,,,2306400.0,64402.7
1984-11-01,102707.0,239516.0,1253917.0,,,1713265.0,,,25978.23,3433.531,431600000.0,,,,2281400.0,64623.26
1984-10-01,101122.0,240434.0,1229515.0,,,1702022.0,,,25743.95,2888.805,428800000.0,,,,2258900.0,63034.81
1984-09-01,100015.0,237930.0,1208089.0,,,1703224.0,,,24411.22,2416.072,426700000.0,,,,2244400.0,61951.99
1984-08-01,98987.0,236962.0,1168147.0,,,1676482.0,,,23529.83,2020.563,423500000.0,,,,2230400.0,60725.85
1984-07-01,97560.0,236718.0,1140673.0,,,1680205.0,,,23260.3,1706.239,420800000.0,,,,2223500.0,60221.84
1984-06-01,96368.0,234664.0,1124948.0,,,1667879.0,,,23185.38,1485.843,418200000.0,,,,2215100.0,59112.2
1984-05-01,95597.0,232353.0,1104482.0,,,1653436.0,,,22439.26,1299.938,415400000.0,,,,2204100.0,58485.07
1984-04-01,94860.0,230502.0,1097059.0,,,1643651.0,,,22012.66,1149.277,412500000.0,,,,2191700.0,57811.2
1984-03-01,94542.0,229131.0,1077413.0,,,1630394.0,,,21703.03,981.087,411500000.0,,,,2175200.0,56740.19
1984-02-01,93697.0,227801.0,1061972.0,,,1630341.0,,,21210.86,858.8919,408000000.0,,,,2158200.0,56448.81
1984-01-01,92414.0,227764.0,1048197.0,,,1633989.0,,,20721.49,742.8788,405300000.0,,,,2138200.0,55838.82
1983-12-01,91340.0,227632.0,1036865.0,,,1647621.0,,,20320.72,645.7525,403000000.0,,,,2123500.0,54655.86
1983-11-01,90089.0,226847.0,1032434.0,,,1584090.0,,,19854.57,569.6758,399200000.0,,,,2112300.0,54106.75
1983-10-01,89086.0,226882.0,1007367.0,,,1567503.0,,,19271.42,489.5722,397600000.0,,,,2099200.0,53388.41
1983-09-01,88345.0,226508.0,970154.9,,,1553088.0,,,18542.16,402.985,395200000.0,,,,2083200.0,53712.82
1983-08-01,87396.0,225453.0,951303.6,,,1547855.0,,,17836.98,367.6689,392600000.0,,,,2074000.0,52513.05
1983-07-01,86532.0,224295.0,929765.8,,,1552104.0,,,16767.22,322.3454,390400000.0,,,,2064800.0,51918.92
1983-06-01,85705.0,223878.0,902280.1,,,1538656.0,,,15883.32,296.9065,388600000.0,,,,2053500.0,51868.8
1983-05-01,84754.0,224476.0,881715.6,,,1524104.0,,,14766.55,276.598,386000000.0,,,,2043100.0,51228.54
1983-04-01,83668.0,225143.0,854925.6,,,1513358.0,,,13728.58,253.4503,383600000.0,,,,2028600.0,50304.38
1983-03-01,83030.0,225865.0,822900.3,,,1504016.0,,,13279.88,237.5773,380800000.0,,,,2015200.0,49721.93
1983-02-01,81385.0,226329.0,821431.6,,,1507165.0,,,12439.96,225.4907,378800000.0,,,,1996800.0,48643.05
1983-01-01,80458.0,225749.0,812514.6,,,1505476.0,,,11847.76,202.9851,376800000.0,,,,1959400.0,47972.55
1982-12-01,79895.0,224280.0,800133.8,,,1511643.0,,,11404.02,192.039,374800000.0,,,,1905900.0,46969.81
1982-11-01,78865.0,224643.0,784851.4,,,1450665.0,,,10897.01,,373100000.0,,,,1883700.0,46197.7
1982-10-01,77984.0,224045.0,774536.0,,,1436243.0,,,10410.47,,370900000.0,,,,1869700.0,45162.68
1982-09-01,77714.0,223386.0,773540.8,,,1428063.0,,,10009.41,,368600000.0,,,,1858400.0,44698.39
1982-08-01,76838.0,222928.0,765565.0,,,1415708.0,,,9560.76,,366700000.0,,,,1845200.0,43832.36
1982-07-01,76398.0,221059.0,760341.7,,,1411299.0,,,9168.68,,364200000.0,,,,1831500.0,43097.29
1982-06-01,75978.0,220653.0,753514.8,,,1404812.0,,,8833.512,,360800000.0,,,,1826000.0,42562.65
1982-05-01,75819.0,219752.0,742730.3,,,1384283.0,,,8607.405,,358700000.0,,,,1815400.0,41951.72
1982-04-01,74444.0,219307.0,726278.5,,,1371844.0,,,8318.401,,356400000.0,,,,1803900.0,41840.26
1982-03-01,73623.0,218327.0,702855.4,,,1366808.0,,,8079.966,,354800000.0,,,,1786500.0,42196.43
1982-02-01,73005.0,216581.0,695992.8,,,1360752.0,,,7817.496,,352700000.0,,,,1774500.0,41192.34
1982-01-01,72408.0,217448.0,677506.3,,,1355428.0,,,7560.252,,350300000.0,,,,1770400.0,40916.53
1981-12-01,71682.0,218795.0,,,,1356895.0,,,7228.196,,347400000.0,,,,1755500.0,40744.63
1981-11-01,71157.0,215947.0,,,,1304605.0,,,7136.738,,344900000.0,,,,1736100.0,40605.08
1981-10-01,70602.0,219024.0,,,,1286505.0,,,6757.047,,342500000.0,,,,1721800.0,40011.65
1981-09-01,69876.0,219262.0,,,,1282692.0,,,6480.521,,339100000.0,,,,1706000.0,39360.54
1981-08-01,69295.0,218048.0,,,,1268615.0,,,6281.875,,336100000.0,,,,1694300.0,39614.9
1981-07-01,68837.0,213505.0,,,,1269429.0,,,6046.739,,333200000.0,,,,1681900.0,39377.88
1981-06-01,68320.0,210709.0,,,,1268356.0,,,5671.329,,330600000.0,,,,1670300.0,38728.41
1981-05-01,67501.0,206891.0,,,,1258407.0,,,5547.402,,327100000.0,,,,1664200.0,38401.18
1981-04-01,66712.0,206677.0,,,,1242420.0,,,5289.132,,325100000.0,,,,1659200.0,37915.33
1981-03-01,66122.0,205457.0,,,,1235037.0,,,4937.567,,321800000.0,,,,1636600.0,36836.68
1981-02-01,65512.0,206171.0,,,,1226929.0,,,4787.628,,319400000.0,,,,1618700.0,35937.52
1981-01-01,65008.0,201431.0,,,,1219922.0,,,4551.218,,317000000.0,,,,1606900.0,35233.32
1980-12-01,64459.0,197235.0,,,,1230451.0,,,4244.607,,314900000.0,,,,1599800.0,34560.66
1980-11-01,63803.0,194956.0,,,,1186620.0,,,4078.335,,312800000.0,,,,1595800.0,33968.71
1980-10-01,63066.0,192701.0,,,,1159637.0,,,3885.553,,310300000.0,,,,1584800.0,33518.03
1980-09-01,62219.0,190468.0,,,,1155084.0,,,3701.874,,308600000.0,,,,1574000.0,32746.92
1980-08-01,61664.0,189118.0,,,,1147865.0,,,3521.579,,307100000.0,,,,1561500.0,31880.78
1980-07-01,61053.0,189401.0,,,,1148139.0,,,3388.132,,305500000.0,,,,1545500.0,31417.67
1980-06-01,60236.0,187166.0,,,,1142412.0,,,3245.878,,304200000.0,,,,1529200.0,30486.07
1980-05-01,59570.0,184618.0,,,,1127563.0,,,3165.149,,303100000.0,,,,1512300.0,29760.69
1980-04-01,59037.0,182018.0,,,,1121677.0,,,3057.242,,300700000.0,,,,1502200.0,29336.24
1980-03-01,58552.0,179719.0,,,,1119526.0,,,2888.834,,298600000.0,,,,1499800.0,29527.96
1980-02-01,58283.0,177122.0,,,,1107384.0,,,2780.75,,297000000.0,,,,1494600.0,28730.45
1980-01-01,57601.0,174153.0,,,,1107100.0,,,2655.936,,295200000.0,,,,1482700.0,28381.31
1979-12-01,56319.0,172629.0,,,,1100500.0,,,2567.305,,,,,,1473700.0,28072.31
1979-11-01,55682.0,170581.0,,,,1094000.0,,,2471.958,,,,,,1465900.0,27574.54
1979-10-01,54949.0,166746.0,,,,1082300.0,,,2367.794,,,,,,1460400.0,27115.45
1979-09-01,54408.0,164703.0,,,,1072200.0,,,2283.739,,,,,,1454100.0,26562.61
1979-08-01,54030.0,163055.0,,,,1065800.0,,,2212.395,,,,,,1446600.0,26300.09
1979-07-01,53520.0,161610.0,,,,1055300.0,,,2133.821,,,,,,1434800.0,25816.87
1979-06-01,53229.0,158547.0,,,,1047800.0,,,2082.208,,,,,,1423000.0,25533.76
1979-05-01,52922.0,156212.0,,,,1037800.0,,,1997.41,,,,,,1410200.0,25409.99
1979-04-01,52401.0,153602.0,,,,1026600.0,,,1925.797,,,,,,1402100.0,25146.97
1979-03-01,51783.0,151152.0,,,,1018100.0,,,1882.25,,,,,,1387800.0,24971.49
1979-02-01,51196.0,149967.0,,,,1007800.0,,,1764.282,,,,,,1377800.0,24706.75
1979-01-01,50478.0,147658.0,,,,998500.0,,,1702.078,,,,,,1371600.0,24357.92
1978-12-01,49749.0,145170.0,,,,988900.0,,,1646.3,,,,,,1366000.0,24252.8
1978-11-01,49250.0,143525.0,,,,984200.0,,,1586.621,,,,,,1359100.0,24147.7
1978-10-01,48783.0,139642.0,,,,972700.0,,,1514.064,,,,,,1352300.0,23759.58
1978-09-01,48491.0,138087.0,,,,961400.0,,,1451.494,,,,,,1345000.0,22604.73
1978-08-01,48049.0,135396.0,,,,949800.0,,,1376.386,,,,,,1333500.0,23462.87
1978-07-01,47452.0,133629.0,,,,937100.0,,,1360.562,,,,,,1324100.0,22926.73
1978-06-01,47024.0,132317.0,,,,926900.0,,,1332.636,,,,,,1318500.0,22507.3
1978-05-01,46671.0,130763.0,,,,915000.0,,,1269.486,,,,,,1310500.0,22213.14
1978-04-01,46133.0,129736.0,,,,904900.0,,,1234.4,,,,,,1300400.0,21876.75
1978-03-01,45580.0,127221.0,,,,896300.0,,,1205.717,,,,,,1292200.0,21448.81
1978-02-01,44997.0,125449.0,,,,886700.0,,,1169.194,,,,,,1285500.0,21199.64
1978-01-01,44467.0,124472.0,,,,878500.0,,,1131.805,,,,,,1279700.0,21071.75
1977-12-01,44159.0,123277.0,,,,868800.0,,,1106.3,,,,,,1270300.0,20441.93
1977-11-01,43847.0,121843.0,,,,857800.0,,,1058.971,,,,,,1262400.0,20186.18
1977-10-01,43388.0,121469.0,,,,850000.0,,,1020.969,,,,,,1254000.0,19995.36
1977-09-01,43227.0,120113.0,,,,844100.0,,,988.1961,,,,,,1246200.0,19916.97
1977-08-01,43063.0,118257.0,,,,835100.0,,,951.0315,,,,,,1237000.0,19771.24
1977-07-01,42954.0,116640.0,,,,827200.0,,,939.7931,,,,,,1226700.0,19612.48
1977-06-01,42851.0,115322.0,,,,815100.0,,,919.9346,,,,,,1217800.0,19689.97
1977-05-01,42613.0,115403.0,,,,808700.0,,,914.7086,,,,,,1209000.0,19409.51
1977-04-01,42114.0,112754.0,,,,799700.0,,,876.9022,,,,,,1199600.0,19095.56
1977-03-01,42054.0,111344.0,,,,791300.0,,,854.8341,,,,,,1188500.0,18892.97
1977-02-01,41731.0,109810.0,,,,782000.0,,,822.0693,,,,,,1177600.0,18715.58
1977-01-01,41092.0,108571.0,,,,774200.0,,,792.0631,,,,,,1165200.0,18656.67
1976-12-01,40653.0,107176.0,,,,765900.0,,,768.9771,,,,,,1152000.0,18592.26
1976-11-01,39988.0,105678.0,,,,761100.0,,,751.7686,,,,,,1138200.0,18512.39
1976-10-01,39536.0,104383.0,,,,754300.0,,,741.6194,,,,,,1125000.0,18444.97
1976-09-01,39326.0,102293.0,,,,746200.0,,,727.5757,,,,,,1110800.0,18248.56
1976-08-01,38811.0,102273.0,,,,738500.0,,,713.1821,,,,,,1098700.0,18061.47
1976-07-01,33901.0,100318.0,,,,730100.0,,,700.2916,,,,,,1086300.0,17905.41
1976-06-01,33462.0,99051.0,,,,724000.0,,,670.0248,,,,,,1077600.0,17859.58
1976-05-01,33227.0,97907.0,,,,712800.0,,,646.2588,,,,,,1072100.0,17584.47
1976-04-01,32816.0,96169.0,,,,706700.0,,,622.3622,,,,,,1060800.0,17521.18
1976-03-01,32455.0,94023.0,,,,697800.0,,,610.6593,,,,,,1050000.0,17332.21
1976-02-01,31984.0,91845.0,,,,688900.0,,,611.672,,,,,,1040300.0,17249.42
1976-01-01,32016.0,90221.0,,,,681800.0,,,594.8605,,,,,,1026600.0,17120.11
1975-12-01,31709.0,89286.0,,,,674400.0,,,581.1309,,,,,,1016200.0,17010.87
1975-11-01,31338.0,87163.0,,,,664000.0,,,564.0567,,,,,,1006900.0,16814.97
1975-10-01,30986.0,87021.0,,,,658000.0,,,554.9265,,,,,,997800.0,16467.92
1975-09-01,30631.0,86022.0,,,,648900.0,,,544.1567,,,,,,991500.0,16241.65
1975-08-01,30272.0,84582.0,,,,640200.0,,,537.8144,,,,,,983100.0,16091.31
1975-07-01,29883.0,83420.0,,,,632800.0,,,514.0815,,,,,,975100.0,15821.8
1975-06-01,29244.0,82868.0,,,,623500.0,,,501.4708,,,,,,963000.0,15500.46
1975-05-01,28810.0,81255.0,,,,615600.0,,,487.5312,,,,,,947900.0,15218.99
1975-04-01,28410.0,80975.0,,,,609900.0,,,480.6044,,,,,,935100.0,15108.63
1975-03-01,27785.0,80735.0,,,,605700.0,,,471.7056,,,,,,925000.0,15007.67
1975-02-01,27220.0,80059.0,,,,601800.0,,,467.4507,,,,,,914100.0,14676.64
1975-01-01,26648.0,79182.0,,,,595900.0,,,462.7207,,,,,,906300.0,14558.05
1974-12-01,26035.0,78141.0,,,,589100.0,,,451.1152,,,,,,902100.0,14162.32
1974-11-01,25744.0,77408.0,,,,582800.0,,,443.3687,,,,,,898600.0,13968.65
1974-10-01,25263.0,76702.0,,,,575800.0,,,429.7947,,,,,,893300.0,13712.81
1974-09-01,24827.0,76476.0,,,,570600.0,,,416.4747,,,,,,887900.0,13380.47
1974-08-01,24730.0,75217.0,,,,566100.0,,,407.5858,,,,,,884100.0,13320.66
1974-07-01,24999.0,74018.0,,,,562100.0,,,397.0522,,,,,,881400.0,13242.88
1974-06-01,25262.0,72156.0,,,,556200.0,,,391.9087,,,,,,877800.0,13176.07
1974-05-01,25732.0,71618.0,,,,552100.0,,,386.599,,,,,,874600.0,12985.68
1974-04-01,25317.0,69605.0,,,,547500.0,,,379.6845,,,,,,872900.0,12775.1
1974-03-01,25120.0,68579.0,,,,540800.0,,,377.2688,,,,,,870100.0,12615.92
1974-02-01,24904.0,67071.0,,,,536500.0,,,370.7207,,,,,,864200.0,12404.05
1974-01-01,24541.0,65542.0,,,,530600.0,,,362.8054,,,,,,859700.0,12177.63
1973-12-01,24343.0,64506.0,,,,524400.0,,,354.0715,,,,,,855500.0,12042.52
1973-11-01,23939.0,62773.0,,,,518600.0,,,348.8041,,,,,,848900.0,11922.31
1973-10-01,23876.0,61003.0,,,,513600.0,,,339.8242,,,,,,842600.0,11832.06
1973-09-01,23711.0,59714.0,,,,507700.0,,,334.6543,,,,,,839300.0,11746.82
1973-08-01,23316.0,58604.0,,,,503400.0,,,328.3611,,,,,,838800.0,11519.82
1973-07-01,22855.0,58492.0,,,,497500.0,,,318.6666,,,,,,836500.0,11345.55
1973-06-01,22445.0,57120.0,,,,494100.0,,,312.5157,,,,,,833300.0,11135.3
1973-05-01,22008.0,56052.0,,,,489100.0,,,304.8834,,,,,,826800.0,10944.59
1973-04-01,21454.0,55867.0,,,,482100.0,,,297.9905,,,,,,819700.0,10670.41
1973-03-01,21053.0,55071.0,,,,477500.0,,,287.2201,,,,,,815300.0,10409.5
1973-02-01,20786.0,54708.0,,,,470300.0,,,277.3058,,,,,,814100.0,10168.37
1973-01-01,20445.0,53836.0,,,,465300.0,,,269.8817,,,,,,810300.0,10019.9
1972-12-01,20062.0,53134.0,,,,462000.0,,,266.2327,,,,,,802300.0,10005.46
1972-11-01,19643.0,51920.0,,,,458400.0,,,262.9975,,,,,,793900.0,9792.687
1972-10-01,19292.0,52403.0,,,,452600.0,,,260.5799,,,,,,786900.0,9608.737
1972-09-01,18918.0,51249.0,,,,448500.0,,,259.439,,,,,,778300.0,9535.676
1972-08-01,18565.0,50302.0,,,,442700.0,,,252.5957,,,,,,768700.0,9410.854
1972-07-01,18183.0,50677.0,,,,437200.0,,,251.1624,,,,,,759500.0,9216.675
1972-06-01,17815.0,50479.0,,,,431800.0,,,246.9103,,,,,,749700.0,9056.153
1972-05-01,17596.0,49636.0,,,,421000.0,,,244.0107,,,,,,743300.0,8876.391
1972-04-01,17435.0,49035.0,,,,416600.0,,,242.2116,,,,,,738400.0,8817.147
1972-03-01,17189.0,48064.0,,,,412400.0,,,239.2569,,,,,,733500.0,8760.077
1972-02-01,17076.0,47485.0,,,,407700.0,,,232.4484,,,,,,725700.0,8718.945
1972-01-01,16923.0,47509.0,,,,403000.0,,,230.5264,,,,,,717700.0,8597.564
1971-12-01,16774.0,45905.0,,,,398200.0,,,224.9209,,,,,,710300.0,8542.863
1971-11-01,16627.0,45736.0,,,,394100.0,,,225.5565,,,,,,704600.0,8467.244
1971-10-01,16550.0,45526.0,,,,390400.0,,,222.9841,,,,,,698400.0,8410.278
1971-09-01,16529.0,44696.0,,,,386400.0,,,220.4235,,,,,,692500.0,8346.748
1971-08-01,16316.0,44669.0,,,,381600.0,,,219.4482,,,,,,685500.0,8338.935
1971-07-01,16149.0,43793.0,,,,378400.0,,,212.6704,,,,,,679600.0,8213.733
1971-06-01,16098.0,43328.0,,,,373700.0,,,209.4433,,,,,,673000.0,8203.782
1971-05-01,15954.0,43208.0,,,,370500.0,,,205.1965,,,,,,666700.0,8212.995
1971-04-01,15790.0,42904.0,,,,365400.0,,,200.4425,,,,,,658400.0,8131.905
1971-03-01,15715.0,42842.0,,,,359800.0,,,198.5401,,,,,,649900.0,8061.495
1971-02-01,15555.0,42437.0,,,,355500.0,,,195.6794,,,,,,641000.0,7985.575
1971-01-01,15420.0,42439.0,,,,351900.0,,,193.0707,,,,,,632900.0,7956.294
1970-12-01,15432.0,41835.0,,,,346500.0,,,186.8988,,,,,,626500.0,7853.65
1970-11-01,15345.0,41527.0,,,,347300.0,,,186.7361,,,,,,621100.0,7787.523
1970-10-01,15249.0,40635.0,,,,344100.0,,,182.6871,,,,,,616400.0,7769.194
1970-09-01,15191.0,40530.0,,,,341100.0,,,178.861,,,,,,611200.0,7700.847
1970-08-01,15103.0,39989.0,,,,338900.0,,,175.5453,,,,,,604900.0,7623.454
1970-07-01,15103.0,39424.0,,,,336800.0,,,174.3479,,,,,,599100.0,7603.01
1970-06-01,15046.0,39358.0,,,,331900.0,,,171.0094,,,,,,595200.0,7564.332
1970-05-01,15030.0,39086.0,,,,327200.0,,,171.2271,,,,,,591500.0,7472.928
1970-04-01,14961.0,38581.0,,,,324400.0,,,164.3091,,,,,,588400.0,7426.303
1970-03-01,14908.0,38738.0,,,,322000.0,,,160.0274,,,,,,587300.0,7372.098
1970-02-01,14757.0,38587.0,,,,320700.0,,,157.944,,,,,,586300.0,7235.229
1970-01-01,14677.0,38233.0,,,,318600.0,,,154.1222,,,,,,589600.0,7235.54
1969-12-01,14685.0,,,,,,,,150.9987,,,,,,587900.0,7299.992
1969-11-01,14626.0,,,,,,,,147.7642,,,,,,585400.0,7202.601
1969-10-01,14503.0,,,,,,,,145.3406,,,,,,583400.0,7127.499
1969-09-01,14404.0,,,,,,,,142.2327,,,,,,582100.0,7020.538
1969-08-01,14350.0,,,,,,,,140.0318,,,,,,580100.0,6865.913
1969-07-01,14269.0,,,,,,,,137.1701,,,,,,579500.0,6786.818
1969-06-01,14157.0,,,,,,,,135.0085,,,,,,578500.0,6791.368
1969-05-01,14043.0,,,,,,,,133.8956,,,,,,576500.0,6853.11
1969-04-01,13903.0,,,,,,,,131.2784,,,,,,575700.0,6791.176
1969-03-01,13766.0,,,,,,,,128.6826,,,,,,574400.0,6769.951
1969-02-01,13676.0,,,,,,,,126.0761,,,,,,571900.0,6703.955
1969-01-01,13578.0,,,,,,,,124.006,,,,,,569300.0,6590.741
1968-12-01,13414.0,,,,,,,,122.8452,,,,,,566800.0,6537.833
1968-11-01,13349.0,,,,,,,,117.7726,,,,,,562400.0,6613.733
1968-10-01,13300.0,,,,,,,,117.8144,,,,,,557600.0,6411.565
1968-09-01,13216.0,,,,,,,,118.6803,,,,,,553600.0,6336.861
1968-08-01,13126.0,,,,,,,,119.2692,,,,,,549400.0,6282.955
1968-07-01,13064.0,,,,,,,,118.5565,,,,,,545600.0,6204.547
1968-06-01,12964.0,,,,,,,,117.5851,,,,,,542600.0,6134.453
1968-05-01,12832.0,,,,,,,,118.3582,,,,,,538900.0,6062.545
1968-04-01,12745.0,,,,,,,,115.5548,,,,,,535700.0,5990.262
1968-03-01,12683.0,,,,,,,,114.565,,,,,,533200.0,5908.446
1968-02-01,12623.0,,,,,,,,114.5309,,,,,,530400.0,5872.25
1968-01-01,12641.0,,,,,,,,113.5147,,,,,,527400.0,5849.01
1967-12-01,12538.0,,,,,,,,113.1698,,,,,,524800.0,5794.837
1967-11-01,12438.0,,,,,,,,112.3985,,,,,,521200.0,5718.617
1967-10-01,12341.0,,,,,,,,111.7823,,,,,,518200.0,5641.642
1967-09-01,12261.0,,,,,,,,111.7013,,,,,,514700.0,5607.026
1967-08-01,12172.0,,,,,,,,111.0115,,,,,,510800.0,5627.524
1967-07-01,12071.0,,,,,,,,110.2116,,,,,,506300.0,5589.816
1967-06-01,11969.0,,,,,,,,110.2721,,,,,,502000.0,5588.35
1967-05-01,11889.0,,,,,,,,109.2838,,,,,,497200.0,5516.741
1967-04-01,11764.0,,,,,,,,109.8911,,,,,,492100.0,5503.271
1967-03-01,11744.0,,,,,,,,109.8914,,,,,,489700.0,5480.197
1967-02-01,11664.0,,,,,,,,108.3024,,,,,,485100.0,5435.025
1967-01-01,11559.0,,,,,,,,108.6048,,,,,,481600.0,5437.994
1966-12-01,11507.0,,,,,,,,108.088,,,,,,480200.0,5399.274
1966-11-01,11457.0,,,,,,,,106.7273,,,,,,477300.0,5351.98
1966-10-01,11385.0,,,,,,,,105.8207,,,,,,475700.0,5355.485
1966-09-01,11314.0,,,,,,,,104.4495,,,,,,475400.0,5339.015
1966-08-01,11244.0,,,,,,,,102.5293,,,,,,472600.0,5269.653
1966-07-01,11135.0,,,,,,,,102.2243,,,,,,470900.0,5276.531
1966-06-01,11072.0,,,,,,,,101.729,,,,,,471200.0,5191.978
1966-05-01,11008.0,,,,,,,,100.255,,,,,,470100.0,5116.438
1966-04-01,10937.0,,,,,,,,99.66457,,,,,,469300.0,5046.019
1966-03-01,10873.0,,,,,,,,99.04681,,,,,,467200.0,4963.698
1966-02-01,10892.0,,,,,,,,98.74554,,,,,,464600.0,4976.849
1966-01-01,10740.0,,,,,,,,98.56285,,,,,,462000.0,4939.961
1965-12-01,10685.0,,,,,,,,96.16661,,,,,,459200.0,4944.366
1965-11-01,10637.0,,,,,,,,92.84583,,,,,,455700.0,4886.004
1965-10-01,10587.0,,,,,,,,90.78189,,,,,,452600.0,4875.898
1965-09-01,10550.0,,,,,,,,88.38265,,,,,,449500.0,4832.111
1965-08-01,10512.0,,,,,,,,87.23141,,,,,,445800.0,4840.14
1965-07-01,10464.0,,,,,,,,86.03452,,,,,,442900.0,4849.492
1965-06-01,10468.0,,,,,,,,84.5827,,,,,,440100.0,4813.954
1965-05-01,10410.0,,,,,,,,83.18557,,,,,,437100.0,4862.665
1965-04-01,10372.0,,,,,,,,82.28217,,,,,,435400.0,4861.149
1965-03-01,10362.0,,,,,,,,81.19693,,,,,,433200.0,4796.183
1965-02-01,10273.0,,,,,,,,79.4978,,,,,,430400.0,
1965-01-01,10188.0,,,,,,,,78.92844,,,,,,427500.0,
1964-12-01,10136.0,,,,,,,,77.76639,,,,,,424700.0,
1964-11-01,10100.0,,,,,,,,77.19191,,,,,,422000.0,
1964-10-01,10019.0,,,,,,,,76.81284,,,,,,419100.0,
1964-09-01,9935.0,,,,,,,,75.19189,,,,,,416900.0,
1964-08-01,9882.0,,,,,,,,73.95661,,,,,,413400.0,
1964-07-01,9774.0,,,,,,,,73.19145,,,,,,410100.0,
1964-06-01,9704.0,,,,,,,,71.23245,,,,,,407100.0,
1964-05-01,9607.0,,,,,,,,70.49757,,,,,,404200.0,
1964-04-01,9500.0,,,,,,,,69.34341,,,,,,401700.0,
1964-03-01,9422.0,,,,,,,,68.29424,,,,,,399800.0,
1964-02-01,9270.0,,,,,,,,67.41762,,,,,,397600.0,
1964-01-01,9191.0,,,,,,,,66.07993,,,,,,395200.0,
1963-12-01,9129.0,,,,,,,,65.03545,,,,,,393200.0,
1963-11-01,9024.0,,,,,,,,64.93736,,,,,,391500.0,
1963-10-01,8899.0,,,,,,,,63.80539,,,,,,388300.0,
1963-09-01,8850.0,,,,,,,,63.93639,,,,,,386000.0,
1963-08-01,8786.0,,,,,,,,63.03943,,,,,,383600.0,
1963-07-01,8707.0,,,,,,,,62.44091,,,,,,381100.0,
1963-06-01,8645.0,,,,,,,,62.05877,,,,,,378400.0,
1963-05-01,8549.0,,,,,,,,62.10797,,,,,,376100.0,
1963-04-01,8508.0,,,,,,,,61.18627,,,,,,373300.0,
1963-03-01,8438.0,,,,,,,,60.08232,,,,,,370700.0,
1963-02-01,8364.0,,,,,,,,59.31078,,,,,,367900.0,
1963-01-01,8303.0,,,,,,,,58.62946,,,,,,365200.0,
1962-12-01,8258.0,,,,,,,,57.33835,,,,,,362700.0,
1962-11-01,8201.0,,,,,,,,56.8019,,,,,,359800.0,
1962-10-01,8159.0,,,,,,,,55.40454,,,,,,357200.0,
1962-09-01,8117.0,,,,,,,,54.32363,,,,,,354900.0,
1962-08-01,8043.0,,,,,,,,52.99847,,,,,,352800.0,
1962-07-01,8041.0,,,,,,,,51.96928,,,,,,350800.0,
1962-06-01,7957.0,,,,,,,,51.56129,,,,,,349300.0,
1962-05-01,7893.0,,,,,,,,50.80203,,,,,,347500.0,
1962-04-01,7867.0,,,,,,,,46.1279,,,,,,345500.0,
1962-03-01,7810.0,,,,,,,,49.44835,,,,,,343100.0,
1962-02-01,7747.0,,,,,,,,48.09414,,,,,,340100.0,
1962-01-01,7688.0,,,,,,,,46.80642,,,,,,337500.0,
1961-12-01,7648.0,,,,,,,,46.2165,,,,,,335500.0,
1961-11-01,7573.0,,,,,,,,44.77244,,,,,,333400.0,
1961-10-01,7577.0,,,,,,,,44.1934,,,,,,331100.0,
1961-09-01,7526.0,,,,,,,,43.04151,,,,,,329500.0,
1961-08-01,7454.0,,,,,,,,43.10683,,,,,,327600.0,
1961-07-01,7432.0,,,,,,,,41.09754,,,,,,325600.0,
1961-06-01,7403.0,,,,,,,,39.74184,,,,,,324300.0,
1961-05-01,7367.0,,,,,,,,39.16556,,,,,,322200.0,
1961-04-01,7345.0,,,,,,,,38.14882,,,,,,319900.0,
1961-03-01,7256.0,,,,,,,,37.63432,,,,,,318300.0,
1961-02-01,7272.0,,,,,,,,36.60624,,,,,,316500.0,
1961-01-01,7262.0,,,,,,,,36.18872,,,,,,314100.0,
1960-12-01,7297.0,,,,,,,,36.80291,,,,,,312400.0,
1960-11-01,7308.0,,,,,,,,35.30954,,,,,,310900.0,
1960-10-01,7338.0,,,,,,,,35.16607,,,,,,309500.0,
1960-09-01,7323.0,,,,,,,,34.97369,,,,,,308400.0,
1960-08-01,7310.0,,,,,,,,35.06464,,,,,,306900.0,
1960-07-01,7313.0,,,,,,,,34.66844,,,,,,304100.0,
1960-06-01,7257.0,,,,,,,,34.53508,,,,,,302300.0,
1960-05-01,7271.0,,,,,,,,33.74803,,,,,,300900.0,
1960-04-01,7177.0,,,,,,,,33.24425,,,,,,300100.0,
1960-03-01,7112.0,,,,,,,,32.52456,,,,,,299300.0,
1960-02-01,7085.0,,,,,,,,32.03128,,,,,,298400.0,
1960-01-01,6999.0,,,,,,,,31.83959,,,,,,298200.0,
1959-12-01,,,,,,,,,,,,,,,297800.0,
1959-11-01,,,,,,,,,,,,,,,297100.0,
1959-10-01,,,,,,,,,,,,,,,296500.0,
1959-09-01,,,,,,,,,,,,,,,296700.0,
1959-08-01,,,,,,,,,,,,,,,296400.0,
1959-07-01,,,,,,,,,,,,,,,295200.0,
1959-06-01,,,,,,,,,,,,,,,294100.0,
1959-05-01,,,,,,,,,,,,,,,292200.0,
1959-04-01,,,,,,,,,,,,,,,290100.0,
1959-03-01,,,,,,,,,,,,,,,289200.0,
1959-02-01,,,,,,,,,,,,,,,287700.0,
1959-01-01,,,,,,,,,,,,,,,286600.0,
