date,ARG,AUS,AUT,BEL,BGR,BRA,CAN,CHE,CHL,COL,CRI,CZE,DEU,DNK,EA,ESP,EST,EU,EU15,FIN,FRA,G20,G7,GBR,GRC,HRV,HUN,IDN,IND,IRL,ISL,ISR,ITA,JPN,KOR,LTU,LUX,LVA,MEX,NLD,NOR,NZL,OECD,OECD26,OECDE,POL,PRT,ROU,RUS,SAU,SVK,SVN,SWE,TUR,USA,USMCA,ZAF
2026-04-01,,,,,,,,,,,,,,,,,,,,,,,,,,,,,,,,,,,,,,,,,,,,,,,,,,,,,,,32486066.0,,
2026-01-01,1555479.6,2103193.5,726161.0,911317.2,284972.7,5156290.5,2837540.0,976140.1,781303.0,1247444.6,179764.0,681466.6,6553711.9,526965.5,24286074.8,3060264.6,74199.1,29759812.4,29370614.9,385046.5,4518061.8,,61171440.9,4596921.5,484021.9,200500.8,485139.6,5346027.5,18049547.7,715194.6,34480.4,627648.2,3786147.9,7013336.7,3485047.6,170380.1,110474.1,88399.1,3472556.3,1607498.4,603200.8,314011.6,92753820.7,85951482.7,38826254.3,2061314.5,590063.4,968953.6,,2910712.4,273512.9,131766.4,798764.3,3875639.8,31865721.0,38175817.2,1063776.3
2025-10-01,1530949.3,2080317.8,718071.4,900393.8,283667.5,5056404.0,2806541.0,963824.5,763433.3,1221679.2,178688.8,674171.2,6464326.1,519529.8,24113747.0,3010976.7,72926.7,29514153.8,29079101.9,378415.8,4486895.9,,60361035.3,4522817.3,478914.4,198614.6,478968.5,5212122.4,17527207.2,782100.1,32584.2,628552.2,3739086.4,6918842.6,3346689.1,167708.9,109436.9,86988.9,3464306.4,1588949.8,564740.8,308299.0,91588838.5,84883031.8,38448963.1,2032539.8,584859.3,954296.3,,2810880.6,270837.9,129311.3,794328.2,3895258.4,31422526.0,37693373.4,1048750.8
2025-07-01,1499289.3,2048565.1,711020.8,893566.7,280327.4,5000193.8,2791305.8,948119.9,752111.4,1216202.9,176195.3,663999.4,6398101.8,513776.1,23892966.9,2970161.5,72011.5,29230988.4,28793263.2,373894.9,4439293.3,,59769404.2,4489128.6,471802.5,194843.2,476584.0,5082231.1,17047106.5,797571.9,32897.2,618975.8,3698982.9,6854564.7,3307000.4,163623.3,108625.2,85684.2,3415442.2,1570896.2,576986.0,304385.7,90706435.0,84089018.9,38123658.6,1996346.6,574936.4,963579.3,,2750621.1,268136.3,127545.2,781504.4,3918461.7,31098027.0,37304775.0,1035040.4
2025-04-01,1483145.4,2027370.8,704467.3,887036.1,281526.2,4954540.7,2760200.2,941443.6,748928.0,1193434.9,173393.1,654140.4,6350054.1,503519.8,23741765.9,2932070.3,71265.4,29012414.7,28551366.8,371240.1,4389525.0,,58969628.1,4459234.5,466420.3,193267.6,474849.3,4972950.8,16499228.2,809077.9,32733.3,598877.3,3674175.6,6850709.6,3245226.7,162820.3,106631.7,84152.3,3400852.4,1556359.5,581250.1,298615.6,89595877.4,83082430.5,37812539.8,1960782.3,569577.1,955801.4,,2689535.7,265648.6,125155.0,771977.5,3906932.3,30485729.0,36646781.6,1022107.1
2025-01-01,1468927.6,2008411.8,703793.9,886006.0,279312.9,4913332.9,2768224.3,936870.2,737305.4,1203318.2,168771.0,648035.6,6349805.8,500026.0,23750326.1,2904896.4,70251.7,28986215.0,28494743.7,370330.1,4365762.6,,58497758.2,4450316.4,464886.0,191914.3,466262.2,4893344.6,16133545.4,819219.3,32353.2,595806.7,3686419.1,6835116.9,3215670.0,162527.9,105672.4,83726.6,3393212.9,1553114.0,615241.3,298324.7,88991859.9,82529777.9,37725584.9,1939586.1,567267.1,950353.1,,2678614.3,263088.8,123401.6,767228.4,3889495.8,30042113.0,36203550.2,1008534.7
2024-10-01,1441870.2,1998999.5,700335.5,882434.5,275923.7,4816987.5,2741408.8,920865.8,726555.0,1207485.4,166135.3,638321.3,6308687.8,504066.6,23672688.9,2875153.2,69701.1,28892771.3,28302595.7,369505.2,4334362.5,,58089447.1,4410238.0,461986.4,190826.2,467648.6,4788230.1,15740456.5,790333.2,31785.7,583273.8,3673328.4,6796239.6,3206981.9,162771.5,104694.4,82406.9,3371841.2,1549062.1,597173.1,293862.2,88387281.5,81984771.3,37469316.7,1913650.7,569545.6,949788.7,,2609956.1,261348.8,123211.7,768862.3,3897835.7,29825182.0,35938432.0,999588.2
2024-07-01,1404784.3,1994290.4,695791.2,881663.2,273642.1,4787551.1,2717884.8,912410.0,716592.5,1189743.3,162844.1,630374.1,6278925.6,497164.1,23647667.2,2849828.6,69378.6,28820496.4,28159633.7,368783.2,4323786.1,,57657410.9,4382906.6,460212.6,191419.7,465884.8,4698603.8,15355424.4,781865.0,32331.4,577697.0,3673589.1,6768654.6,3178901.2,162138.3,103224.6,82009.8,3412859.3,1540235.3,587554.6,291295.8,87781328.1,81462413.1,37258901.1,1880731.4,562519.6,936832.7,,2540906.8,259606.4,121914.6,759138.7,3894933.4,29511664.0,35642408.1,989597.1
2024-04-01,1350425.2,1995198.5,694257.8,880744.4,268625.3,4724244.9,2691952.5,905150.8,703874.2,1187440.2,160989.3,624752.4,6250393.1,492864.6,23560374.0,2828015.9,68976.9,28708922.1,27967154.1,365303.2,4303992.8,,57126596.7,4344638.2,459309.9,191435.4,466060.0,4621940.5,15126927.9,732150.6,33173.4,566215.5,3675213.4,6713362.5,3160212.2,160117.1,105695.3,81553.5,3377752.1,1521531.7,595876.5,292631.0,87054591.4,80776962.3,37057919.5,1876933.0,561115.8,926090.7,,2549923.0,259045.6,121671.5,751927.2,3897454.7,29147044.0,35216748.6,988335.2
2024-01-01,1349489.4,1989065.7,689911.3,875910.9,261163.5,4611704.5,2656041.5,891622.0,701856.6,1161128.1,157442.2,622759.6,6213210.6,479386.9,23433568.0,2791879.8,68736.2,28533060.1,27691683.1,361511.2,4281660.6,,56460824.7,4268410.9,452941.7,191122.5,460137.1,4542834.3,14806500.4,726170.0,31888.3,557716.6,3647712.5,6685627.5,3128308.2,158435.7,106519.4,81216.8,3367880.1,1487737.0,576797.0,289974.7,86162832.4,79977910.3,36759630.1,1835524.0,553130.3,923385.2,,2495433.4,257689.1,122280.0,755589.9,3960861.3,28708161.0,34732082.6,979611.1
2023-10-01,1370974.2,1981741.2,681012.1,866526.0,256406.0,4540007.1,2619578.4,885983.5,670169.5,1131435.1,153638.7,616644.5,6129029.1,463609.3,23185554.7,2748097.3,67492.1,28178290.5,27235091.1,355175.2,4255580.5,,55852844.8,4169506.4,448891.6,190080.8,455068.5,4450677.2,14534235.8,683458.8,31463.9,529552.6,3609684.7,6644743.7,3040777.9,154111.1,102455.0,80998.8,3330644.5,1456001.5,602242.1,286384.0,84909090.0,78873919.3,36095702.4,1799955.0,542429.1,911590.5,,2455000.8,255071.4,121033.4,723634.4,3790547.1,28424722.0,34374944.9,971431.6
2023-07-01,1409171.0,1982341.2,679509.9,860434.8,254946.6,4497062.4,2610950.4,881041.8,655897.3,1108566.5,151162.6,613221.6,6112479.4,450963.8,22980116.3,2723886.7,66703.6,27925661.4,27097409.6,353405.6,4222586.1,,55335702.1,4164487.6,444693.6,187045.5,451287.1,4377264.5,14176252.8,706096.0,31273.2,549940.7,3577285.9,6573066.8,2989576.3,153258.7,103627.4,81344.8,3312122.7,1434642.9,572972.9,283616.1,84163451.8,78160881.7,35871365.2,1798586.4,531703.4,891907.9,,2423870.1,252472.9,120127.9,731606.7,3751664.8,28074846.0,33997919.1,963916.4
2023-04-01,1374481.3,1961347.4,675625.0,851451.0,248094.2,4452380.1,2591012.6,875164.8,646964.2,1101800.7,148151.4,609854.8,6037668.9,455505.2,22585041.6,2667402.4,66280.7,27411001.7,26831135.2,355823.0,4166018.9,,54599178.9,4159110.7,441428.6,183204.4,440363.3,4293141.3,13754662.7,716024.0,32319.0,543483.3,3538778.3,6576534.5,2934857.0,150966.6,101841.7,80402.1,3246758.9,1428143.6,581056.5,281364.2,82885371.4,76979621.0,35323042.2,1751159.0,522135.6,862699.4,,2388950.4,246918.3,119406.1,714178.3,3538015.8,27530055.0,33367826.6,959922.8
2023-01-01,1404376.2,1938532.3,679901.9,843967.5,239702.1,4392330.0,2584659.8,882609.6,639145.9,1112252.1,144714.7,599890.1,6003731.1,467391.9,22100987.6,2626678.5,65944.3,26859110.8,26652353.4,353171.2,4084059.4,,54071188.3,4168856.8,433322.6,174597.4,435283.8,4221404.8,13441153.4,712470.2,31685.0,538649.1,3521462.7,6491973.6,2908535.5,147354.0,100653.3,79859.1,3184050.9,1429052.6,623745.3,278288.7,82116347.2,76239297.4,35079099.7,1755870.1,511192.1,833724.2,,2380725.6,241011.3,117075.2,716441.6,3446418.4,27216445.0,32985155.6,947801.5
2022-10-01,1366261.8,1905370.8,675615.8,833229.3,232990.7,4296679.1,2554247.7,883672.0,621959.9,1106910.2,142482.8,583775.2,5941395.4,470799.1,21486645.0,2565432.8,66009.5,26102378.6,26395693.1,350555.7,4008841.9,,53264124.0,4189629.2,427999.1,163200.0,431009.9,4130091.0,13265570.5,736195.2,31283.4,531363.7,3472159.2,6327336.5,2894579.4,146503.6,98508.5,78500.3,3108758.9,1429190.3,655878.0,278409.0,81050938.3,75265946.9,34809005.5,1728365.8,494418.0,803172.8,,2341979.3,233532.9,114577.7,701723.4,3460204.3,26770514.0,32433520.6,932833.7
2022-07-01,1371928.6,1863352.6,667393.6,819821.7,228106.2,4241787.8,2540207.1,877760.3,607621.1,1104111.6,138270.3,574444.9,5916376.8,477867.4,20955268.2,2511818.0,66068.5,25504065.1,26134826.3,349933.3,3931937.5,,52515631.1,4148734.2,417599.3,157705.3,428391.2,4035151.1,12498786.4,751064.3,29886.1,512653.9,3441017.0,6201054.6,2900190.3,145326.4,97779.1,76489.7,3021474.7,1419152.9,835666.7,275582.2,80179050.0,74443288.2,34678227.8,1742574.4,481047.5,772896.6,,2371573.2,227835.9,111973.9,703283.8,3426983.4,26336304.0,31897985.7,937836.8
2022-04-01,1360090.6,1821890.1,656241.8,799768.4,222146.5,4156001.1,2501552.3,857894.6,596854.2,1079825.8,134810.2,559783.7,5790871.1,465138.0,20377370.1,2442155.5,64524.6,24816975.6,25598056.3,345386.0,3855929.7,,51602852.9,4071845.4,404945.8,152515.6,425639.3,3949888.5,12179702.4,729847.9,28946.3,506882.6,3377292.1,6144070.2,2884695.7,141692.5,95513.2,75348.0,2943992.0,1397943.1,697637.0,266140.0,78626494.1,72994671.7,33884489.0,1713505.4,465190.7,753174.4,,2376678.2,223070.3,109885.9,699987.6,3388505.1,25861292.0,31306836.4,911011.6
2022-01-01,1301725.5,1744553.8,617200.8,765583.8,211385.4,4022143.3,2410506.5,816711.3,591836.2,1023665.2,130933.0,541764.5,5615412.0,441609.0,19572904.0,2325003.0,63219.1,23855696.9,24582122.1,335077.4,3747202.2,,50114109.9,3896217.7,391497.9,147723.7,410252.5,3813054.7,11705764.7,681778.2,26979.2,482453.0,3225479.5,5968944.9,2816563.4,140001.1,93045.4,73834.5,2830888.0,1320838.6,656314.0,255627.5,75931612.2,70458325.8,32425293.6,1692148.8,448405.5,732661.6,,2168490.2,217839.1,105339.3,677771.2,3098767.9,25250347.0,30491741.6,898450.0
2021-10-01,1249668.4,1677445.1,596091.9,736430.0,202587.0,3924332.1,2322774.2,779766.7,595319.2,972228.4,127163.6,519764.8,5424909.8,440254.7,18916070.2,2227419.6,61268.0,23067758.7,23668726.5,327977.1,3674852.0,,48937623.6,3685406.8,372596.3,142526.9,393873.7,3705921.7,11377557.2,622281.7,25500.0,464894.2,3107741.7,5908339.1,2765238.3,135369.7,92264.6,72803.6,2725635.9,1261931.1,603383.5,248255.9,73688560.3,68431862.5,31067666.6,1597865.0,429114.8,699013.4,,2099175.9,214268.1,101879.7,669454.4,2893197.3,24813600.0,29862010.1,867279.1
2021-07-01,1203469.5,1579215.5,580747.3,713268.6,194144.8,3807480.7,2223098.3,745794.1,578490.3,898708.4,124411.1,508337.8,5291243.7,411709.6,18401584.3,2137701.6,58902.1,22408787.3,22948588.7,318766.5,3614049.9,124452381.2,47418193.0,3535472.0,359984.8,137283.2,376336.1,3544129.2,11092549.7,618402.5,23979.3,435379.6,2991752.6,5780197.5,2691204.4,130866.0,87995.4,71967.8,2649834.9,1229974.8,510403.3,234130.3,71106744.6,66074915.9,29929695.3,1539927.3,411826.9,689659.9,5062525.5,2016523.1,210415.2,98087.1,645692.3,2706090.6,23982379.0,28855312.2,839450.1
2021-04-01,1160169.5,1565931.9,554213.3,689342.2,186960.9,3733663.1,2121729.4,709150.0,551211.4,837414.0,119455.3,494431.5,5208546.4,395070.7,17803616.8,2054296.2,58205.4,21705497.3,22260019.8,310337.4,3493516.9,121548419.4,46324026.0,3436083.0,343991.4,132844.4,368001.5,3477372.8,9747962.4,587722.9,22635.8,418617.7,2882853.8,5755386.5,2660680.7,126218.1,85369.3,66977.4,2641279.4,1187540.7,451352.7,242175.5,69284551.7,64451460.2,28944759.8,1491607.1,391972.2,678455.2,5026862.6,1866893.5,206968.3,93983.8,639163.4,2595208.4,23425910.0,28188918.8,841765.6
2021-01-01,1138581.7,1509665.0,524199.9,673198.8,180584.3,3686053.4,2055490.6,675358.7,539256.1,850138.7,116073.5,485186.3,5038063.3,378490.4,17218538.3,1982603.7,56764.7,21005578.8,21483027.8,301826.1,3450879.0,117946021.6,44942081.2,3236162.4,335504.4,132506.2,357801.3,3392471.0,10498857.2,561638.2,21410.1,399308.0,2786919.6,5693873.2,2600989.1,122841.7,83789.1,65603.4,2596151.6,1129651.6,420687.2,239620.0,67270934.0,62538665.8,27989675.3,1443801.3,370805.4,663935.4,4797056.9,1733265.8,203485.8,92007.4,629295.7,2561699.6,22680693.0,27332335.2,817807.4
2020-10-01,1082146.3,1445136.7,528031.3,662921.9,169172.6,3574671.1,1952602.9,661016.5,517557.2,828443.0,111260.0,488661.6,5052985.1,374797.4,16950696.9,1926838.7,55053.6,20662554.5,21386601.4,301984.1,3463180.9,115283285.4,44249883.7,3332526.0,320588.1,123568.1,353996.9,3301063.3,10185127.5,501217.4,21611.3,394767.3,2737487.2,5623941.8,2546544.8,118786.3,80132.9,64851.1,2573754.0,1113986.3,387003.2,236473.2,66095480.8,61464961.9,27777839.9,1407616.9,381808.9,650197.4,4705995.2,1579519.0,201276.5,88248.5,608115.3,2543116.0,22087160.0,26613516.9,803815.0
2020-07-01,1016098.0,1375615.6,535615.5,667096.5,169469.3,3393765.1,1872252.5,650491.2,480786.5,776452.4,108910.0,486111.5,5011531.5,372693.7,16823068.3,1900520.2,54381.8,20486310.8,21333595.7,297725.1,3486664.0,112382023.3,43673214.0,3334105.0,312657.7,112838.3,348194.9,3203244.7,9386194.0,517012.0,20616.7,381415.7,2733461.4,5530762.6,2500413.1,117773.8,78751.8,64103.5,2471075.5,1108077.8,369009.0,236976.3,65120775.7,60606201.0,27681678.4,1406994.1,380762.1,615051.0,4638165.3,1504988.4,199023.2,90427.3,596921.4,2540955.8,21704437.0,26047765.0,776583.4
2020-04-01,897771.6,1309356.5,476179.1,593845.1,163222.9,3092383.4,1679455.8,606445.1,455431.3,701375.1,107885.2,451424.0,4561720.4,347288.0,14991514.9,1627081.3,51902.3,18352581.7,18868839.0,280337.2,3005599.5,103368239.7,39657420.4,2860042.9,292691.0,107319.4,310201.4,3072204.3,7452401.6,463775.5,19664.9,348239.4,2371643.9,5220666.8,2416283.7,110232.6,71770.1,57020.9,2127054.2,1028145.6,349288.7,207164.9,59105860.9,54943429.4,24574657.0,1309226.6,330041.1,581213.5,4460450.5,1360329.5,178839.1,80653.7,558678.2,2180918.7,19958291.0,23764801.0,675214.3
2020-01-01,1041038.9,1402623.8,545024.8,666018.4,172759.3,3378573.9,1887200.6,651536.8,506252.9,834475.8,119084.2,493178.5,5017828.8,367295.2,16855347.3,1996845.0,54827.0,20557536.1,21566828.8,299020.5,3429342.9,109659368.1,43918640.8,3497201.5,341057.7,124868.6,362281.0,3316196.5,9779713.8,491266.4,21454.6,376364.4,2719277.1,5616552.0,2465234.3,117001.0,76999.2,63168.7,2633384.7,1117801.8,391560.8,230787.2,65722838.9,61075765.1,27899641.0,1438189.9,389570.0,634058.9,4667601.0,1550914.9,192379.6,89870.7,612279.6,2457363.7,21751238.0,26271823.4,812842.7
2019-10-01,1057784.0,1397673.3,543192.9,673040.6,169703.6,3406920.6,1919270.6,656096.7,487524.5,835227.8,119445.3,502288.9,5043878.7,362616.7,17144136.7,2110344.9,55208.3,20915004.4,21905182.4,294816.8,3545279.8,112533258.8,44274517.6,3486762.6,345655.5,125572.9,357319.1,3328588.7,9652845.9,467653.7,22800.5,378971.0,2840470.9,5505638.0,2460386.4,116958.0,76866.6,62596.4,2642642.2,1108453.0,399752.7,229510.2,66136584.9,61528797.4,28227078.5,1409069.4,401501.3,639895.6,4628468.3,1789167.5,191981.7,91197.1,604648.4,2456627.2,21933217.0,26495129.8,805785.0
2019-07-01,1063597.4,1382833.2,539870.8,659728.8,167903.8,3345206.5,1906498.5,651305.3,498969.2,815621.9,118593.2,492117.4,5017084.5,355929.8,16989978.5,2094720.3,54191.8,20676479.5,21630691.3,291342.5,3500714.0,111529672.6,43958465.8,3403887.7,343465.6,124337.4,350386.4,3288115.9,9529367.3,465121.1,21894.7,373781.3,2809835.8,5603274.3,2415277.0,114692.9,75797.1,62166.4,2646258.2,1091441.0,391745.7,224951.7,65535019.1,60998220.8,27831789.5,1379240.0,392904.6,619449.4,4603475.9,1792877.3,187064.8,89973.0,588847.5,2406319.9,21717171.0,26269927.7,800487.8
2019-04-01,1066997.0,1363726.2,532151.5,644682.8,165882.6,3314388.0,1899305.0,643826.3,494652.7,798114.5,117182.4,482445.1,4933359.9,349505.1,16752013.2,2070617.9,53414.8,20364114.2,21262354.5,287367.4,3429346.4,110326231.8,43317731.0,3319133.7,341775.9,122463.4,341498.3,3250476.6,9384621.7,454569.8,21975.8,367673.1,2783485.2,5555162.8,2396600.7,113771.7,74889.3,61158.9,2633475.1,1072304.6,394257.3,219966.0,64625959.8,60178370.2,27382163.4,1346848.5,386215.9,604698.0,4596426.1,1830231.7,183153.8,87676.0,582949.1,2389782.5,21397938.0,25930718.1,794273.1
2019-01-01,1040130.3,1342887.5,527543.2,629516.0,163886.3,3267821.0,1873451.0,632010.7,486677.1,781764.1,113409.6,471623.4,4868470.7,341610.9,16429892.7,2026377.3,52396.1,19941913.4,20826065.3,281290.3,3330690.0,108123909.6,42651645.5,3252758.4,334087.1,119542.3,335762.0,3197816.0,9210365.5,443169.6,21694.5,367931.6,2720123.2,5494552.2,2359163.3,110722.1,72869.6,60501.5,2625515.7,1053687.9,393678.7,216218.3,63581421.6,59225415.9,26808251.1,1309535.9,377728.2,576482.9,4433277.0,1749278.2,179529.9,86152.5,566143.0,2328578.7,21111600.0,25610566.7,783925.9
2018-10-01,1063245.3,1319802.1,514886.9,616799.6,155700.6,3245243.0,1867652.5,624604.6,486730.7,768549.6,109006.4,456233.0,4779874.8,337358.3,16049293.6,1969728.3,50717.6,19468038.9,20371739.6,275701.7,3220160.3,106597375.2,42135259.2,3204526.8,325897.8,115093.5,324338.6,3150882.6,9064936.8,433561.6,21104.5,360890.0,2666216.0,5478961.8,2374784.2,108150.5,72090.5,59976.5,2618393.3,1031599.5,400560.7,210062.2,62731810.2,58480627.4,26219110.3,1267784.8,369063.7,560455.5,4374875.6,1838288.7,175566.7,83238.4,554273.9,2275094.7,20917867.0,25403912.8,786599.3
2018-07-01,1087709.9,1303048.5,503992.4,602675.5,152450.9,3224775.7,1867092.9,615887.9,478043.4,756041.6,107608.5,446218.7,4712086.6,333591.7,15728900.5,1927223.8,49397.0,19064979.7,20015606.5,272442.4,3136396.7,105230428.4,41767364.3,3169270.5,320452.3,113132.9,317260.8,3097581.9,8870767.6,425132.3,20562.2,356335.8,2619645.1,5464142.5,2366866.9,104333.4,71232.6,58417.9,2614729.5,1019480.3,396689.5,204863.9,62190026.7,58023461.4,25872523.2,1238549.5,361920.7,551419.6,4277262.1,1799354.2,173051.9,81306.8,540063.6,2355241.1,20798730.0,25280552.4,783130.5
2018-04-01,1092102.6,1285998.3,496831.6,593857.7,150164.4,3162615.8,1852476.9,613960.8,478204.8,741783.3,106518.8,438072.5,4691262.5,329043.5,15522655.8,1899715.6,48504.1,18791942.0,19798288.8,270237.6,3077116.3,103790147.8,41421268.1,3140763.6,317378.9,111324.9,309494.1,3045837.2,8667317.9,417131.5,20280.7,352118.9,2594808.9,5483927.8,2344482.8,101891.9,70309.1,56803.6,2597525.8,1008961.6,381771.7,204239.7,61609766.5,57513628.6,25581577.4,1213118.6,355828.6,530965.8,4193230.8,1810130.0,170257.1,79370.3,535041.8,2349763.3,20580912.0,25030914.7,776328.4
2018-01-01,1127459.1,1264188.6,487616.8,585119.0,147316.5,3116579.9,1824867.6,604486.4,472088.0,722411.8,104423.4,432342.1,4611549.4,326406.9,15260895.8,1879268.6,47392.1,18469243.9,19550190.6,268185.9,3036997.1,102008013.7,40914353.4,3116033.9,314881.3,107852.4,304251.2,2984714.5,8429745.1,418023.2,20045.1,349943.1,2563985.7,5432366.7,2304920.7,97414.5,70101.1,54415.7,2593308.3,994871.9,370298.7,203098.4,60866890.3,56846902.5,25266720.6,1189990.0,348901.3,513611.9,4080017.1,1721336.8,167647.3,77668.7,528248.4,2350578.4,20328553.0,24746728.9,783166.4
2017-10-01,1101412.3,1241518.6,480815.8,579504.5,144282.9,3044217.3,1792113.5,595154.8,465746.4,708417.3,103391.4,427410.7,4598255.9,323772.9,15118319.1,1877338.3,46625.1,18263070.1,19456879.4,265726.8,3023802.0,100220052.0,40552394.8,3110952.4,309669.6,106898.7,296745.9,2926507.4,8173587.9,411475.3,19951.8,347675.7,2557640.3,5432542.7,2249392.1,93077.6,70180.6,52052.9,2552505.7,980446.6,362356.4,203193.8,60226986.9,56273314.6,25093401.7,1168956.7,344639.5,503213.1,3933559.4,1685551.7,166407.5,77165.1,522658.8,2330617.8,20037088.0,24381707.2,789456.3
2017-07-01,1059320.0,1230279.2,475697.1,571695.1,142081.5,2985256.8,1768463.4,587892.2,459279.3,696302.2,101290.9,422205.1,4517424.1,319719.0,14880009.7,1867006.4,45513.3,17973189.1,19217434.7,261750.2,2992653.5,98447929.1,39994178.0,3076950.9,311132.9,105942.0,290675.6,2872988.2,7924572.0,395896.0,19546.4,343778.2,2533834.0,5412257.3,2240372.7,89528.7,69369.3,50386.4,2511126.0,966564.4,353475.7,201555.7,59427054.2,55535037.5,24769754.3,1153008.7,339875.3,500614.8,3850689.5,1654602.2,164753.3,75294.8,517866.4,2300039.3,19692595.0,23972184.3,792748.7
2017-04-01,1010135.8,1214568.0,471136.3,569218.3,139923.5,2958037.1,1760294.4,582478.7,445836.3,686318.3,100764.4,416347.7,4458516.2,318774.3,14693492.9,1850035.2,45203.6,17739414.6,19018569.6,258865.6,2962963.9,96931061.1,39534728.7,3048967.9,307326.2,104128.0,287320.2,2829577.1,7722123.9,375247.9,19187.0,338853.5,2525626.9,5339716.4,2195583.9,87360.0,68238.9,49097.0,2524385.1,952048.1,350643.4,199294.6,58728496.1,54897935.1,24484238.1,1135356.9,336972.4,488252.7,3758480.2,1633598.0,163806.2,74296.9,514631.6,2254570.8,19438643.0,23723322.5,794365.2
2017-01-01,966317.5,1208616.6,470092.4,566308.7,138535.2,2933499.0,1742005.6,578554.9,434774.6,681366.8,98061.4,403865.6,4415843.5,312390.3,14557576.2,1824399.7,44262.3,17556622.2,18848166.2,254442.6,2938475.8,95779837.0,39229463.2,3016875.7,304898.3,102689.4,283524.4,2798919.2,7535235.3,370323.5,18759.9,335470.8,2516065.5,5320113.0,2180764.3,86123.2,67054.8,48586.6,2528260.4,941896.2,345183.7,196402.4,58240722.0,54463706.0,24234802.1,1124843.2,336904.1,475036.0,3688739.7,1606882.4,163046.6,73090.6,512194.9,2216794.9,19280084.0,23550350.0,790761.4
2016-10-01,918344.5,1200893.3,465792.5,559652.6,136947.8,2908816.9,1716457.4,577134.6,433077.4,679723.5,96679.1,395315.7,4341789.6,305918.2,14396934.8,1794115.0,43201.6,17335443.1,18604694.3,250167.9,2910258.2,94671660.8,38790656.8,2969141.1,302385.5,101202.9,279412.1,2764212.1,7548769.8,371623.1,19301.7,333455.9,2498536.9,5265094.7,2159758.2,84957.5,67498.7,48020.0,2516305.8,928171.2,332151.7,190914.4,57606242.5,53871115.5,23924503.8,1107978.7,334230.9,451257.0,3620281.1,1593589.6,162253.6,71051.9,505413.0,2199030.4,19089379.0,23322142.2,781374.7
2016-07-01,885088.7,1178865.8,461109.7,552982.4,134455.1,2907145.4,1694617.5,576344.7,427416.9,670371.3,94633.7,388928.3,4288185.7,299660.0,14198221.5,1764085.0,42336.3,17090650.7,18333274.3,247103.0,2874912.4,93315338.1,38406007.7,2929271.5,298165.8,99266.2,276156.3,2730361.8,7422516.2,340684.6,18652.7,327920.2,2468725.2,5257656.4,2142328.1,83391.7,66542.4,47248.0,2478376.0,912882.4,320389.3,187771.3,56819314.6,53146657.8,23466718.4,1082571.1,329435.2,443914.9,3544624.4,1541894.4,161810.5,69872.5,499529.2,2065742.6,18892639.0,23065632.6,775601.9
2016-04-01,864452.7,1171040.4,455464.8,547023.8,132492.2,2921567.4,1661350.1,572385.7,418614.2,662712.7,91936.6,380787.3,4230499.1,294557.6,14005350.7,1732909.5,41545.2,16860225.3,18080154.0,242669.3,2845177.5,92340582.4,38027882.7,2895882.8,295081.8,97743.6,274072.5,2703733.0,7256589.9,336082.4,18016.7,322835.0,2421710.5,5261560.6,2136661.5,81879.4,65585.1,46961.8,2438919.4,898983.0,316001.8,183753.4,56302609.5,52678067.5,23241523.5,1072267.4,323845.8,436960.9,3512389.1,1556102.4,162314.5,68615.4,494681.0,2126521.7,18711702.0,22811971.5,772841.6
2016-01-01,858674.9,1149239.5,448632.6,534950.3,128863.2,2893883.1,1640456.8,564751.2,417445.3,648712.1,90641.7,374909.1,4145649.9,287462.4,13764133.2,1700067.3,41018.6,16558480.6,17754180.3,239742.9,2809660.5,90929612.9,37615256.2,2851277.8,291309.0,97065.0,268653.8,2663016.1,7082576.7,336246.3,16854.1,310192.5,2358676.4,5283601.7,2098799.6,80052.7,63885.8,46193.1,2385483.0,882562.1,310195.6,178245.7,55543730.9,51989385.4,22814979.9,1047085.7,317332.4,424850.6,3477403.4,1489665.3,162451.7,66989.3,486724.6,2081644.7,18525933.0,22551872.9,766478.3
2015-10-01,862705.1,1130626.4,437686.6,528256.3,126006.3,2927130.9,1607937.8,560451.6,408197.3,632845.6,87435.6,367293.7,4052835.0,281851.4,13522591.8,1672891.4,39722.7,16288043.4,17487464.7,235499.3,2769978.0,90131857.3,37292874.7,2826417.4,291955.5,93046.4,268720.6,2647543.4,6942132.6,349488.7,16942.0,306441.5,2305596.0,5294973.5,2083847.3,79525.6,61970.6,45285.8,2350672.9,874060.4,314560.9,174013.1,55047118.8,51536074.4,22534990.8,1045760.5,312191.1,409546.6,3487221.8,1497396.0,164282.0,65533.6,486786.9,2079447.1,18435137.0,22393747.7,765407.6
2015-07-01,875318.0,1120939.9,431142.0,521786.8,124020.1,2951369.7,1596192.0,554212.0,403317.3,629403.1,86813.0,362425.0,3993263.8,279012.2,13338462.8,1647563.4,39423.1,16067127.4,17247863.2,232858.8,2737954.5,89576156.7,37121370.9,2797551.9,283625.7,93163.1,264662.9,2630527.2,6814269.7,344076.7,16728.8,300083.3,2260335.6,5334447.0,2059005.2,79049.3,61726.8,45147.6,2333309.4,869084.6,326631.1,171333.5,54682677.7,51209407.9,22246207.9,1033498.5,307718.4,403273.6,3513631.4,1593541.9,164471.6,64975.1,480162.0,2047119.8,18401626.0,22331127.5,761812.7
2015-04-01,870763.0,1108311.1,424994.3,516920.6,121838.5,3002003.6,1584446.2,546005.6,405192.0,618395.4,84815.3,356892.9,3944852.8,276814.5,13187929.0,1623876.3,38939.0,15888044.3,17051759.4,231519.7,2705030.5,88881409.8,36839273.4,2771180.0,288240.3,91462.4,261337.0,2617552.0,6712226.4,329164.7,16553.0,296806.1,2234111.4,5319868.5,2009852.6,78068.1,61679.6,44219.8,2291100.0,860204.7,329919.3,168746.4,54149991.9,50723374.6,21982674.3,1014266.7,304663.1,395573.7,3524568.5,1680003.8,163470.3,64214.8,478507.0,2017028.4,18279784.0,22155330.2,755687.6
2015-01-01,850746.4,1108103.8,418151.6,510860.1,120619.0,3082099.1,1590956.6,539053.0,404916.0,615485.7,82023.0,352374.1,3900882.0,274006.4,13062510.7,1598033.2,38173.7,15718654.7,16849507.9,226412.6,2683334.5,87993214.6,36457814.4,2741054.7,287425.7,90607.9,259598.5,2604164.7,6595766.3,324925.9,15604.8,292300.3,2206730.8,5271326.7,1969568.5,77176.9,60666.8,43507.3,2263895.7,849829.4,330379.6,167581.8,53514199.4,50123157.5,21684512.1,1000242.0,302219.2,392780.3,3582795.2,1660022.8,161826.4,63417.9,464975.0,1953650.0,18063529.0,21918381.3,756745.8
2014-10-01,840215.8,1109212.7,417470.5,510497.5,120541.9,3144099.4,1626103.1,539212.9,404940.8,621448.2,81445.2,349296.0,3930758.8,272833.8,13017884.9,1587787.6,39220.7,15648734.6,16759802.6,227974.9,2673932.7,87584377.9,36234019.0,2725321.4,287446.6,89929.5,255789.6,2614693.4,6540770.4,250799.6,15701.7,289244.9,2207920.4,5157903.5,1919376.1,77287.4,60835.2,43291.2,2275155.5,845850.3,341504.5,168729.5,53110331.4,49743237.3,21544692.8,982275.5,301256.5,389218.0,3695613.4,1653015.6,159653.5,63201.1,459116.6,1918456.2,17912079.0,21813337.6,750321.2
2014-07-01,833454.4,1115052.5,414900.2,508792.0,119782.0,3156115.1,1632833.1,533656.9,401701.2,621786.6,80041.0,346971.6,3907871.3,272061.0,13000309.0,1577033.3,38808.6,15621722.9,16707613.6,227936.0,2685496.6,87318171.8,36061407.1,2705502.9,290579.8,89486.8,255450.2,2616456.4,6494324.9,247682.0,15632.3,283264.9,2218229.1,5107246.1,1887778.0,77597.9,58959.6,43296.6,2267162.7,835571.8,349991.6,168260.3,52820870.3,49476682.5,21451515.9,973239.9,299390.7,389784.9,3758293.4,1806283.4,158580.1,63449.3,457607.4,1887227.4,17804228.0,21704223.8,744269.4
2014-04-01,840730.5,1118918.3,412492.7,504050.2,118852.7,3164527.2,1622086.6,527253.4,404032.8,617270.2,78536.5,343392.0,3878296.6,268274.4,12919954.7,1562166.7,38427.6,15512150.0,16581480.6,226512.6,2665701.1,86493933.1,35652485.1,2668425.0,287879.9,89697.1,253123.3,2606169.2,6404080.4,243040.9,14877.3,281803.4,2217864.1,5081603.7,1867591.5,77341.4,57260.2,42736.5,2259780.8,837240.0,355263.9,166674.7,52269736.8,48949459.9,21252930.4,963363.5,298775.7,383084.3,3806377.2,1811937.3,157081.2,63168.5,453500.6,1835421.1,17518508.0,21400375.4,739670.3
2014-01-01,839450.8,1120449.1,408372.8,500912.1,116712.4,3204249.3,1604417.0,519852.8,400783.6,614573.9,77241.7,338382.5,3852113.7,267652.0,12840851.0,1547427.5,38056.5,15403777.6,16476297.3,225217.2,2656323.5,85616837.9,35315265.2,2639180.3,287275.8,88854.8,250224.6,2583904.3,6288830.3,235504.5,14621.3,282887.7,2213646.7,5151846.1,1842971.9,76502.0,57143.2,42425.5,2216673.6,837872.7,354946.7,165407.3,51782246.1,48491582.6,21107256.2,951471.7,297308.1,379421.6,3799675.3,1809792.8,155591.2,62522.5,450347.3,1826361.5,17197738.0,21018828.6,736292.7
2013-10-01,846900.8,1119960.3,407734.7,496816.3,115038.8,3163856.5,1591991.8,515755.8,398928.7,602112.0,75378.5,336785.1,3785658.6,267331.0,12729656.3,1537213.1,37026.9,15263915.4,16371183.1,226827.6,2659020.4,84838924.0,35187795.5,2617267.1,288287.0,89095.1,248064.3,2563740.3,6221748.0,223606.0,15011.5,283380.8,2213239.6,5128599.0,1829163.0,75359.8,55805.7,42084.1,2183775.8,843789.8,357451.0,162738.0,51486289.4,48228607.9,20918242.4,941506.7,299455.4,374563.8,3804695.5,1729974.1,154423.7,62630.9,449130.8,1760959.7,17192019.0,20967786.6,740160.2
2013-07-01,853369.4,1105707.5,405228.5,492647.9,113498.7,3140972.0,1565741.0,512115.2,395531.6,591513.1,74106.4,328040.9,3745488.0,265669.4,12636333.9,1524349.3,36882.0,15142516.8,16245600.3,226177.3,2632222.1,83870635.0,34834348.6,2592682.8,285029.8,89008.5,246146.8,2534798.5,6108309.0,232674.2,14541.1,282377.2,2209592.2,5134784.6,1814768.3,74404.3,55381.8,41550.4,2155443.8,839830.7,355985.8,159630.3,50972575.7,47752993.1,20739133.8,934929.0,293865.5,369816.9,3766069.5,1737572.9,152803.3,61297.4,444760.5,1734837.3,16953838.0,20675022.7,735354.9
2013-04-01,849738.1,1080494.4,401164.4,487372.4,112155.9,3113041.4,1539472.5,504629.1,390219.9,585718.3,72074.5,322408.1,3690965.1,261478.2,12520445.6,1513550.0,36519.7,15000072.2,16061002.4,224187.8,2613449.5,82747892.6,34390514.0,2556301.1,280035.6,89223.7,241547.1,2507977.7,6026227.9,223153.9,14313.5,278642.2,2192049.8,5069588.9,1799176.7,73049.6,54619.1,40703.2,2128933.6,831527.4,346647.2,155411.7,50308795.9,47130750.2,20480376.2,925214.8,291443.6,366182.9,3726269.3,1712986.6,151125.9,60822.5,439704.3,1702393.2,16728687.0,20397093.1,728665.2
2013-01-01,844197.8,1052140.8,396643.3,481255.4,112254.9,3061881.3,1519930.8,498965.7,386678.6,564185.9,71695.5,316929.0,3617738.2,258263.1,12377523.3,1505096.3,36284.5,14841652.4,15845377.2,221897.0,2560225.6,81841465.8,34053347.4,2526972.3,275987.3,88729.4,237589.0,2487626.6,5978797.5,219289.7,14088.0,271055.6,2184747.5,4995543.9,1786935.3,72050.6,52891.7,40222.7,2134308.6,820855.6,345673.1,153118.1,49761330.7,46639149.8,20177548.7,915769.9,285171.5,363109.4,3669496.5,1692772.7,149633.2,60086.5,438342.8,1644879.3,16648189.0,20302428.5,719591.8
2012-10-01,841310.7,1012483.4,394246.1,478541.8,112699.8,3032493.4,1488208.2,492691.1,383618.7,555557.5,70968.0,313019.5,3596166.6,253587.9,12317715.2,1494787.1,35616.6,14777119.2,15689513.4,221631.1,2509246.8,80756018.5,33581234.0,2494071.4,272478.0,87779.6,233143.5,2464017.3,5910588.4,216033.5,14026.8,262588.3,2186691.7,4886430.4,1778447.0,71238.3,52368.4,39998.2,2128628.9,807505.7,337500.1,148437.2,49083154.2,45998716.1,19947367.7,911534.7,278596.4,371142.1,3572181.8,1679391.8,148045.0,59109.8,433561.0,1601930.7,16420419.0,20037256.1,706369.9
2012-07-01,824596.1,988638.3,392403.5,474321.3,112901.0,3025589.6,1471447.3,487399.6,376307.5,545491.6,69446.2,309510.0,3573574.5,250910.4,12287656.7,1492017.5,35004.0,14751519.2,15594658.7,220114.7,2479797.7,79917181.0,33347579.3,2474707.3,270561.0,87691.7,231299.0,2431045.5,5833966.0,214999.8,13797.4,258179.2,2185709.6,4842801.9,1765608.9,70408.3,51229.6,39544.5,2106268.0,800242.3,333831.1,144671.4,48686219.7,45639217.2,19797818.5,905609.6,278384.3,374920.1,3508257.0,1698660.2,146807.6,59395.0,435685.1,1570553.7,16319541.0,19897256.2,698569.9
2012-04-01,795586.5,976030.1,386528.1,468837.4,112778.5,2974090.5,1459723.2,479036.8,372073.1,546759.9,68456.4,307768.1,3540681.5,248830.0,12224390.2,1485437.9,34442.3,14667366.4,15450011.2,219443.0,2448993.5,78952367.0,33090030.4,2429013.6,270567.6,86747.0,228596.1,2389202.5,5720030.3,217297.7,13512.5,252104.0,2181991.0,4822512.6,1754245.6,68576.9,50551.1,39080.3,2093713.3,794807.2,338633.4,143075.0,48300744.6,45280508.2,19604936.3,898329.0,277356.7,382205.6,3442944.1,1702476.9,145368.0,58682.1,429674.8,1542899.5,16207115.0,19760551.5,695026.4
2012-01-01,813360.0,974901.6,383671.6,465893.0,112699.0,2934622.8,1453155.2,474681.7,367147.0,545126.2,67670.0,308200.8,3526851.2,247696.8,12225352.6,1490474.5,33734.0,14660474.4,15421575.9,221058.1,2454632.4,78179124.2,32948490.2,2418135.8,274382.4,86719.7,229714.3,2349045.4,5577190.3,209559.0,13263.2,246451.8,2185533.5,4841377.0,1742100.5,68129.5,50302.4,39155.7,2076440.2,789570.6,342115.7,142447.9,48074281.8,45069906.6,19548659.4,895113.3,279227.9,377694.1,3397113.1,1727116.9,144320.1,59612.5,424586.7,1519042.6,16068805.0,19598400.4,693711.4
2011-10-01,810680.3,984736.2,377295.8,461132.3,111169.8,2986691.9,1452082.4,469576.0,360790.2,536071.1,66102.1,309354.9,3509858.8,248225.2,12209470.1,1494549.8,33398.2,14611598.7,15358819.7,221650.9,2461989.0,76983726.6,32582406.4,2381340.4,274603.6,87140.7,232675.1,2298839.2,5393083.7,206922.5,13549.3,247421.7,2190474.4,4744402.4,1714281.0,66727.4,49469.4,37113.4,2048955.3,785991.9,325040.5,143728.8,47594072.3,44615053.6,19453242.1,886743.4,278877.6,358287.6,3317853.9,1643913.4,143128.1,59493.1,416438.1,1517623.0,15842259.0,19343296.7,697265.1
2011-07-01,805785.1,988716.8,373563.8,458240.2,110938.6,2978442.1,1442311.0,465767.3,350231.1,532160.3,65033.5,308433.8,3511133.1,246579.5,12228759.8,1499958.8,33328.1,14640276.2,15391482.6,221341.7,2461798.2,76187619.5,32373762.0,2372692.4,286332.3,87114.5,229631.2,2258190.6,5251724.0,210101.0,13483.0,245118.0,2201772.8,4736374.4,1698673.6,65811.7,49920.3,36953.0,2026375.6,788777.7,319174.9,143794.7,47306122.5,44361954.9,19429653.4,876298.2,282758.4,369019.2,3275387.8,1613535.9,141932.6,59236.1,426512.5,1488120.8,15647680.0,19116366.7,700116.2
2011-04-01,792960.1,973950.8,367546.1,453246.2,109981.8,2981332.6,1419659.9,461860.1,345044.2,520370.5,64411.2,306246.9,3467479.9,249144.8,12134061.2,1499078.7,32533.0,14517237.0,15280187.0,219515.8,2445784.3,75197741.8,32029669.6,2354715.4,290243.0,86301.9,227397.9,2206317.9,5275376.4,210003.5,13140.3,239140.4,2188462.8,4596028.4,1686431.5,65202.4,48685.3,36177.3,1962388.8,784244.5,314862.8,141888.4,46745049.9,43848721.0,19238196.8,860049.1,284111.5,358909.6,3234466.6,1619436.0,140998.1,58757.9,417925.3,1440784.0,15557539.0,18939587.7,697974.4
2011-01-01,777128.0,951735.9,364118.3,448532.0,107909.9,2934644.6,1408931.9,451118.6,338801.4,509303.9,62714.0,302104.3,3422973.6,246363.5,12015225.2,1492410.3,31611.7,14357243.7,15161121.7,217850.3,2428833.7,73971639.5,31722175.6,2351979.2,293056.5,83716.6,225312.8,2152536.5,5147937.9,204098.9,12659.9,235633.4,2166921.1,4591088.0,1680430.7,63147.6,48130.1,35006.9,1919697.5,778064.5,306879.3,139284.8,46224284.2,43379411.6,19035214.7,843099.4,286124.3,353033.1,3204614.5,1556703.6,139712.1,58425.0,411665.4,1405015.2,15351448.0,18680077.5,690569.4
2010-10-01,757857.6,934730.8,357042.7,442779.2,107097.0,2875503.7,1389635.5,443659.1,328618.3,495003.9,61934.1,298986.4,3323691.8,243208.2,11773299.5,1485400.8,30198.8,14055711.7,14910413.9,214648.6,2375877.2,72794890.4,31490395.0,2333192.0,301604.1,82329.4,220519.9,2097530.2,5040574.8,200622.6,13004.8,229300.4,2129032.3,4629492.2,1674663.8,60449.0,46717.8,35118.5,1864317.0,763819.3,300565.6,135143.1,45737683.9,42957656.0,18685370.8,823045.0,288490.5,340736.5,3185158.4,1501302.8,139585.9,57267.6,404287.0,1352556.2,15309474.0,18563426.5,677387.3
2010-07-01,744052.7,913942.7,351040.8,436904.4,104999.4,2813763.2,1366197.5,434692.0,316966.1,482017.2,61211.7,295972.9,3270790.2,242185.4,11597207.2,1478219.7,29092.9,13838864.4,14730752.7,208443.7,2344466.2,71421440.4,31173567.6,2319498.1,301559.3,82118.7,218337.4,2057943.2,4906274.2,200282.8,12627.3,224675.9,2091800.6,4639207.8,1652718.7,58503.6,45580.4,34413.0,1818257.5,752532.5,287397.0,134821.4,45157998.9,42433656.0,18406375.2,808334.9,289883.1,329412.1,3148364.2,1374800.3,138342.0,56475.4,397565.3,1301434.2,15141607.0,18326062.1,665190.8
2010-04-01,737059.1,901219.7,346049.4,432413.7,103411.9,2776177.6,1354853.8,430125.1,299344.7,477179.2,60112.3,293214.3,3224188.0,237012.9,11482626.0,1480877.3,28210.8,13688753.5,14605371.6,209090.0,2317772.0,70364857.3,30798174.5,2295701.8,311981.7,80573.8,214910.3,2039761.0,4789734.9,196090.6,12950.4,221073.5,2080159.8,4545306.1,1636551.3,57204.1,45613.3,34047.5,1787119.2,750491.6,287222.9,135640.9,44599732.2,41931185.5,18201138.4,791022.7,288946.5,334707.4,3137939.6,1388660.7,136139.1,56088.1,388983.1,1254631.5,14980193.0,18122166.0,655747.1
2010-01-01,704670.0,890980.3,340308.5,424268.9,100609.0,2727131.4,1344248.6,425569.8,285852.9,467747.7,59205.8,290018.8,3143903.9,232731.3,11320750.4,1480949.3,27556.4,13480263.9,14404572.8,203316.2,2292533.2,69025132.3,30324084.7,2253296.0,326844.9,81291.8,211696.5,2032875.5,4648673.6,190719.1,12636.2,216254.7,2063346.8,4462146.2,1600644.4,55757.7,44915.0,33632.1,1761025.6,742073.3,287292.1,134350.3,43893337.9,41289349.0,17906271.6,767823.2,286931.6,322037.6,3098998.5,1374091.5,133318.9,55124.4,378435.0,1201272.6,14764610.0,17869884.2,647384.1
2009-10-01,681197.3,889936.5,341737.3,418975.6,98324.0,2666517.0,1324869.9,421743.8,281210.5,461929.4,58288.8,291105.1,3121081.2,227091.8,11266872.4,1491135.6,27300.9,13406997.4,14316462.9,202740.0,2277476.5,68648662.1,30044338.7,2208531.9,333389.7,82581.7,210226.0,2045926.3,4513884.3,186230.6,13403.0,212046.9,2063822.3,4397307.9,1551190.6,53951.1,44276.7,32908.7,1760378.2,743584.0,276587.0,132773.2,43481100.1,40909097.4,17759919.1,758514.7,283213.7,336328.8,3014901.4,,129329.7,55190.9,373176.1,1173195.3,14651249.0,17736497.1,639041.4
2009-07-01,665090.9,881848.2,339973.5,412587.2,100325.9,2591875.0,1302824.4,419296.4,271260.4,457188.6,57177.1,289205.7,3087046.2,223879.0,11175278.3,1495048.9,26886.4,13283797.2,14225059.2,204278.1,2249185.7,67554264.4,29655556.7,2194843.7,335005.1,81726.0,207925.3,2058632.7,4406880.5,188751.0,13543.9,209958.4,2057876.1,4314898.6,1535269.9,53894.2,43617.8,32068.4,1720861.7,739437.1,277354.0,131130.2,42932164.7,40409552.0,17600865.1,736401.9,281404.4,321815.5,2969972.0,,125509.1,55137.3,372125.5,1138583.3,14448882.0,17472568.1,632787.7
2009-04-01,641138.9,876066.2,337566.6,403961.9,98996.7,2531382.9,1293416.1,414958.2,266356.5,451505.6,56340.6,288645.3,3054020.5,220690.6,11093272.1,1494048.9,27255.2,13159165.3,14138957.6,202017.9,2234310.0,66579849.8,29532185.7,2186567.7,336334.0,82569.4,206336.0,2053875.5,4315389.0,189924.9,13309.5,208036.8,2046396.0,4336239.4,1493177.9,53670.7,42786.2,33275.4,1653621.4,740098.6,273631.1,130068.4,42604778.6,40111192.6,17458713.7,724580.9,277775.7,310800.1,2939184.7,,122463.5,55119.5,372457.9,1106510.7,14381236.0,17328273.5,630991.7
2009-01-01,655102.7,870410.7,337664.7,401591.7,98738.1,2492823.4,1306517.4,413213.7,265628.9,446744.9,55587.2,289330.9,3032265.0,223643.0,11051964.4,1494697.5,28015.1,13094955.3,14122408.5,202239.9,2222000.9,66010796.9,29533260.2,2198964.6,327463.5,81620.8,204131.3,2049808.4,4134942.1,189123.1,13332.9,205775.8,2050448.8,4292161.4,1482522.2,54297.0,42323.0,35102.1,1668467.3,749887.7,268542.3,128601.5,42543487.5,40062205.7,17390168.1,720892.9,276659.3,303028.7,2968657.9,,120055.2,55720.6,373435.8,1065125.7,14430902.0,17405886.8,634168.8
2008-10-01,680578.0,853453.8,339023.5,403795.3,102826.8,2534982.8,1339833.6,418573.2,266508.4,446957.8,57039.1,292573.3,3153273.0,228268.9,11324232.2,1532313.7,28830.1,13413679.6,14471331.1,213885.9,2254864.0,67082371.2,30185511.3,2255501.1,342356.2,84418.5,208453.5,2024284.8,4249044.5,190443.5,14725.4,203733.3,2084617.5,4489213.2,1494834.4,61771.7,43813.3,37173.5,1752200.8,769051.6,295785.9,129067.9,43506424.2,41000784.8,17865372.9,711561.6,282592.0,337871.7,3095320.6,,132158.6,58878.6,377531.7,1133556.7,14608209.0,17700243.4,645194.0
2008-07-01,711375.3,847966.7,344743.7,409741.2,101760.0,2629697.6,1361499.8,424669.3,270397.7,453305.4,57462.9,293700.7,3171046.0,230763.6,11427231.1,1547574.6,31597.4,13542985.9,14628402.2,216087.2,2269841.8,67917096.8,30689318.4,2294694.0,340721.1,85473.1,210545.1,2021065.8,4214012.8,199427.6,13616.8,203735.7,2109949.3,4583288.5,1554394.4,62345.4,45211.7,37915.8,1755100.0,775004.7,309456.9,127895.0,44171755.8,41654350.8,18057710.7,706114.8,283845.6,332543.8,3178094.6,,129716.8,60567.4,389750.3,1149062.2,14898999.0,18015598.8,646530.0
2008-04-01,705396.0,828820.3,342386.0,406887.5,99393.4,2568518.6,1341564.3,416290.3,279782.3,444800.4,56822.2,288874.1,3148377.2,227480.3,11355807.8,1532534.6,31295.2,13427937.6,14542944.7,211730.2,2249826.5,67275739.4,30608902.8,2302366.1,334269.8,84895.8,207844.3,1975970.5,4182146.8,199254.2,14085.6,202972.4,2105055.7,4596012.0,1542707.3,62501.8,44695.3,38447.4,1722568.5,768925.1,303797.0,126223.1,43947160.7,41450461.8,17939186.7,697267.9,280671.0,318611.2,3119442.3,,126096.7,59994.0,388485.0,1149747.6,14865701.0,17929833.8,640104.2
2008-01-01,696934.3,819550.1,338889.5,402505.5,97214.9,2503569.3,1326486.4,408212.9,284686.2,440397.6,56463.6,284049.7,3134807.8,224746.7,11299545.8,1518139.7,30210.2,13328548.8,14456553.3,210231.4,2247371.5,66170382.4,30380701.4,2281105.7,331422.1,83609.9,204600.3,1930621.0,4146287.2,203795.1,13573.5,203952.7,2091157.2,4593234.8,1533050.8,61370.1,44139.4,38425.2,1683441.3,760661.3,293140.7,126111.8,43585970.1,41115279.0,17812056.6,685109.2,279118.6,301155.5,2967078.0,,122591.9,58834.4,388461.9,1155385.2,14706538.0,17716465.8,628837.7
2007-10-01,686743.8,808112.3,329453.3,397054.2,94591.4,2458241.5,1317784.7,402701.9,279540.7,436598.8,55131.1,279585.2,3099700.4,221327.3,11140710.8,1503052.9,30573.7,13126373.0,14225592.7,207625.3,2212139.6,65189894.9,30181804.7,2234148.9,320813.3,80655.9,196571.7,1890205.3,4122153.3,210617.8,13677.9,207028.0,2038598.2,4564374.9,1520041.0,60745.5,42006.9,36760.9,1664767.8,746990.1,282506.2,124763.8,43177966.5,40749257.8,17484765.6,666250.8,276557.4,288085.6,2759376.0,,122574.8,57347.6,385507.2,1109876.8,14715058.0,17697610.5,624505.2
2007-07-01,662396.1,802354.2,327205.2,392961.8,91640.9,2410438.1,1309571.8,396755.0,278754.6,429393.4,53917.6,273589.7,3059338.3,214753.8,11000953.0,1483570.6,30033.3,12931239.4,14032145.0,202396.4,2197274.7,63917916.1,29866113.0,2197990.6,321035.3,79897.3,193527.4,1865318.9,3897574.6,200872.6,12918.3,204592.8,2016827.6,4520993.0,1485146.1,59088.4,40869.3,36418.4,1642800.5,729537.9,266505.0,122778.3,42586699.1,40206760.9,17172279.9,649368.6,271464.3,270345.3,2575383.0,,114827.0,56427.2,376046.7,1050676.7,14564117.0,17516489.3,613529.6
2007-04-01,649592.4,789863.4,323917.1,388338.8,89409.5,2372094.3,1300025.9,388468.4,280780.6,418531.0,52983.1,266884.6,3023457.3,209025.2,10881304.1,1461568.9,29392.4,12769224.0,13871136.8,198177.6,2174905.2,62871150.9,29595680.1,2172944.1,321235.7,78795.8,190191.7,1824243.3,3803841.3,206318.2,13087.7,199482.3,1994498.3,4527767.3,1460394.6,57053.7,40739.2,35294.1,1624602.2,715536.4,263446.6,120453.2,42110831.9,39782120.2,16933866.4,631921.4,269456.9,262970.5,2469709.9,,111160.2,55036.6,371017.8,1020792.4,14402082.0,17326710.0,602900.3
2007-01-01,631224.0,781340.9,320326.9,385709.5,86861.8,2316161.8,1278573.6,377157.7,276715.4,411571.1,51369.1,262792.5,2981770.7,209396.0,10735924.1,1437974.9,28859.3,12584713.6,13687080.1,192512.7,2145178.3,61674575.5,29233463.3,2148171.7,314115.8,77223.6,189427.1,1779176.0,3721264.0,205596.9,12733.4,195731.5,1970611.0,4493506.9,1425844.7,55052.0,39828.3,34190.4,1604780.0,705629.9,259358.4,118190.5,41553784.2,39268553.4,16700509.5,617227.7,267935.9,253738.3,2395333.9,,108208.2,54086.6,362321.8,1014336.0,14215651.0,17099004.6,593422.9
2006-10-01,611104.7,763928.5,316270.2,379491.5,84246.8,2252506.7,1257165.0,367469.1,268110.2,400695.1,50246.2,253632.6,2949612.2,206339.6,10568865.5,1412876.0,27350.5,12368537.2,13513707.1,186287.5,2104634.7,60417400.1,28869947.4,2139506.9,318431.1,74624.1,189113.6,1736150.7,3620633.2,196317.2,12471.5,189029.5,1954684.7,4424783.9,1387091.0,53079.6,38067.2,33041.2,1585844.3,691945.5,258258.5,117102.1,40934539.0,38722499.4,16450983.1,588514.8,264272.8,242152.2,2388030.1,,106096.7,53129.6,354970.0,995118.3,14039560.0,16882569.3,578774.8
2006-07-01,595904.4,750358.2,311845.4,375112.5,82479.9,2216683.3,1248171.0,356911.2,264968.8,392685.9,48622.0,247925.4,2891902.0,206121.4,10401396.0,1388471.7,26488.6,12171647.8,13328969.3,183198.9,2082782.1,59390727.8,28503222.9,2141062.2,311860.0,72882.5,187424.2,1705707.4,3540193.4,191558.5,12283.3,184822.7,1915490.5,4353627.0,1370335.9,51410.2,37757.2,31703.8,1576321.9,682256.6,258182.9,115600.5,40388371.3,38205395.8,16212669.5,591708.9,262010.5,236606.0,2360914.6,,103112.3,52102.8,347539.6,964446.6,13870188.0,16694680.9,568578.6
2006-04-01,576717.7,731997.4,307831.2,369144.1,80331.5,2163178.3,1236369.7,346870.8,255769.3,381437.5,47259.0,242375.4,2845093.1,204921.0,10263147.9,1352258.7,25482.6,12001410.4,13129373.4,179361.0,2061033.9,58367127.7,28227687.7,2122761.8,307827.1,70756.1,184729.7,1667671.7,3386931.0,187224.5,12237.3,184952.3,1884959.5,4324045.8,1340334.8,49964.1,37189.8,30743.3,1556488.3,671179.9,255719.5,112485.1,39880155.1,37748715.1,15955591.9,577244.6,259584.6,227503.6,2266155.3,,100449.9,51032.2,339003.2,949369.1,13753424.0,16546281.9,557089.7
2006-01-01,567286.2,722991.1,302432.9,363634.9,78672.1,2137544.2,1225189.4,336022.7,237212.5,372071.6,45760.3,236203.4,2765624.7,196024.6,10047655.6,1308326.8,24718.8,11738391.5,12802575.5,176714.3,2013322.0,57101669.9,27804126.0,2083481.2,300496.9,68359.7,179501.6,1628195.9,3367713.6,181539.2,11791.2,182048.7,1844675.5,4272673.3,1322110.1,48452.1,36045.7,29851.8,1517500.3,650428.9,249572.4,110655.6,39120364.1,37058502.3,15512991.3,559744.4,252798.9,218047.6,2148891.3,,96631.1,49665.4,327029.0,888260.7,13599160.0,16341849.7,544675.4
2005-10-01,548940.9,714859.6,294769.1,356396.9,77722.3,2089564.9,1209903.7,324559.2,219060.5,361028.3,44820.6,231802.7,2706923.8,190273.2,9867652.2,1258203.5,23748.3,11515335.8,12482869.9,170618.1,1974895.3,55727678.7,27290327.5,2035445.2,283644.6,66518.2,177148.8,1589786.6,3288408.1,175910.5,11660.3,179802.0,1804348.9,4234606.8,1297311.7,48280.9,35042.3,30025.8,1460813.8,635953.0,236333.0,107253.8,38274932.0,36271016.8,15121267.3,546688.1,245537.6,207304.7,1988107.6,,92838.0,48671.1,314907.9,866641.1,13324204.0,15994921.5,530859.1
2005-07-01,533036.4,701337.1,287042.7,349278.6,76292.9,2046676.8,1185537.8,315738.3,209104.3,352202.0,43885.1,226111.9,2674681.4,186465.7,9709213.2,1218059.3,22964.8,11331259.3,12228914.6,168572.2,1937789.4,54517436.8,26886507.1,1990296.6,277159.4,64734.8,173440.3,1565097.1,3202081.1,166946.8,11351.1,176805.1,1767157.8,4188402.2,1275393.0,46832.9,32254.9,29129.2,1411734.2,622637.4,227352.8,105732.5,37575003.2,35621681.7,14782228.0,535135.4,240243.3,197736.0,1857003.7,,90201.5,47508.9,310329.2,827546.3,13142642.0,15739913.9,523185.6
2005-04-01,524378.3,687281.0,283162.2,344389.1,74857.5,2041178.4,1155892.3,308933.0,198455.3,351212.3,42734.4,222755.5,2638662.4,184748.0,9560247.3,1185610.4,22170.5,11157277.9,12015914.6,165527.2,1898467.7,53351472.8,26432443.7,1962049.0,270541.3,63393.6,170697.8,1532582.6,3118600.6,166808.7,11292.3,176148.5,1736934.7,4117781.5,1250038.7,45384.3,30568.5,28041.7,1376294.7,607918.1,218314.1,104367.4,36878750.6,34962389.1,14495888.4,524211.4,236694.3,189975.0,1759034.3,,87750.9,46798.7,303833.0,793623.4,12922656.0,15454842.9,511569.5
2005-01-01,504016.7,678813.5,279390.0,340630.7,73236.7,2007092.4,1134088.7,304297.8,192920.2,342049.6,42025.9,221518.9,2623012.5,180744.7,9453688.6,1163532.9,21180.6,11040958.6,11884023.3,167800.4,1874103.9,52457720.4,26115086.1,1944567.0,269102.1,60945.3,166574.0,1504673.4,3031602.4,163131.8,10761.8,176790.2,1714278.3,4057749.7,1223271.9,44806.3,30014.8,27212.5,1362240.5,598244.7,209491.1,101686.4,36406605.7,34518785.0,14327683.3,521328.7,232446.8,191619.6,1681724.8,,85382.1,46031.7,303022.8,785074.3,12767286.0,15263615.2,498983.6
2004-10-01,482841.0,669365.6,278430.0,338153.5,70756.7,1978213.1,1114446.7,302502.5,193117.4,342990.5,41500.9,219329.4,2623620.1,181972.0,9393694.9,1147899.5,20526.7,10978327.6,11842117.5,167014.2,1848409.6,51587653.3,25790504.0,1949484.5,273741.8,62152.1,164441.4,1480110.1,2945470.9,162419.7,10967.3,178767.4,1714343.0,4012986.1,1207529.5,43773.6,30071.9,26472.1,1349382.8,593961.7,205398.8,102124.9,35991867.4,34111076.3,14252441.8,520163.8,227508.3,194982.4,1645429.3,,84081.5,45626.5,305087.7,767040.8,12527214.0,14991043.5,490250.9
2004-07-01,473514.6,660282.5,276338.3,336168.6,69139.5,1950576.9,1094500.3,301351.6,191001.7,331878.6,40641.3,214868.7,2621769.4,179487.1,9304843.2,1132617.8,20018.2,10869633.0,11756233.5,164470.6,1815456.8,50750433.8,25490064.7,1940130.5,274649.0,61130.0,164586.1,1427269.2,2862118.7,156719.7,10659.9,178310.8,1707739.9,4005160.8,1191428.5,42623.5,30121.7,25748.9,1324267.9,588569.5,199041.3,102183.0,35550818.7,33700083.9,14125856.2,513476.0,226044.3,191261.1,1595185.2,,82397.7,45183.4,305950.5,749667.5,12305307.0,14724075.2,481627.5
2004-04-01,458778.5,652626.8,272036.3,332834.7,67267.0,1913921.4,1073485.3,300763.9,185165.8,326269.9,40200.3,211148.9,2620121.5,177608.4,9240457.3,1116160.7,19216.4,10782228.8,11685846.1,161998.8,1797788.7,49985690.0,25202722.1,1930633.0,271073.6,60388.1,163795.7,1401167.0,2780932.1,158489.2,10115.0,176009.6,1706239.9,3961638.6,1181625.8,42259.2,29509.0,25229.2,1316115.2,583263.1,193271.9,101649.9,35146336.4,33321731.5,14018734.0,510695.3,224692.5,181930.5,1559678.7,,80129.2,44485.3,303396.6,731777.9,12112815.0,14502415.5,470836.0
2004-01-01,466094.0,643039.5,267388.3,329193.7,65602.2,1846064.8,1052377.3,296906.3,179744.5,323737.6,39364.2,208820.8,2580788.3,174682.7,9116675.9,1094367.5,19477.5,10624675.6,11524899.1,158944.8,1779221.2,49045718.1,24862405.2,1896303.8,269181.2,59416.2,162354.3,1374748.7,,153066.5,10279.0,172022.5,1697893.7,3932373.9,1161825.7,41323.7,28827.9,24865.8,1287743.4,573785.3,187290.6,100658.6,34618309.9,32822287.9,13801975.6,501286.0,222311.5,173378.6,1520788.1,,79263.8,43761.3,298942.6,701447.4,11923447.0,14263567.7,460577.0
2003-10-01,462634.3,633163.7,264141.5,324001.7,64532.2,1805133.5,1040068.8,293059.1,174841.6,314828.2,38680.9,204302.1,2554372.1,170500.7,9002615.5,1077123.4,18697.6,10469364.9,11367456.7,154541.2,1753580.9,48188621.8,24541017.7,1862107.9,261365.3,57916.3,159969.2,1352339.2,,153455.5,9809.3,165857.1,1691613.4,3867040.5,1135295.4,41041.4,28133.4,23904.2,1262379.5,561615.4,179133.4,96923.3,34072209.8,32327201.5,13570896.9,482778.0,220318.0,161942.8,1481517.8,,77486.3,42621.7,290586.0,670637.9,11772234.0,14074682.3,450597.1
2003-07-01,461203.5,618941.3,261296.3,321429.0,63160.2,1773703.4,1027982.1,288326.1,172340.3,309793.0,38029.4,201054.7,2525146.5,165645.8,8914596.2,1060622.6,18126.4,10353250.8,11222797.7,152570.5,1747823.0,47333426.2,24176695.2,1827837.2,255094.7,57094.0,157684.1,1329898.5,,143447.4,9432.7,163301.4,1675036.6,3806200.9,1099517.9,40274.6,27307.0,23594.2,1243266.5,554183.4,177819.2,95057.9,33520772.6,31804011.3,13379673.0,474770.3,219106.3,159972.3,1462364.5,,75832.2,41960.8,286251.4,647999.9,11566669.0,13837917.6,445302.0
2003-04-01,456263.7,605767.9,258036.4,319562.5,62359.8,1746283.4,1015050.6,284767.4,170719.6,305236.5,37328.9,198685.5,2479787.1,163962.1,8841105.9,1047789.2,17852.0,10259290.2,11095333.0,150145.0,1733530.1,46487988.2,23789991.9,1794995.0,252607.4,56389.0,155378.4,1307380.8,,142735.7,9309.4,162931.4,1673819.5,3780043.5,1078595.0,39235.7,26950.1,23001.1,1235304.9,552912.8,172302.6,93354.7,33001784.2,31307850.6,13204685.1,466945.3,216291.0,155528.4,1419229.9,,75318.8,41300.5,282209.0,625255.5,11312766.0,13563121.5,440274.2
2003-01-01,440163.1,601747.0,255458.2,318733.3,61895.3,1755029.4,1011522.4,285321.7,167711.2,301438.6,36795.4,195109.4,2460229.0,165425.7,8857089.3,1042613.2,17344.4,10269556.8,11063130.1,148389.5,1753754.6,46067435.4,23592460.5,1771747.0,248766.4,55675.3,153154.2,1283153.4,,140562.5,9770.4,167511.9,1673540.4,3747538.1,1077134.7,38680.6,26338.7,22676.3,1228957.9,558264.7,176422.7,93119.6,32769092.7,31093700.3,13161487.1,460015.9,216519.2,151221.5,1384656.3,,74096.2,40858.4,282787.7,624906.8,11174129.0,13414609.3,436599.3
2002-10-01,419849.5,598026.7,253091.6,318891.0,61159.6,1753025.0,992320.5,287433.1,165861.9,300027.0,36133.4,190112.4,2476325.1,165974.8,8910604.3,1032422.0,16801.0,10321093.5,11056952.1,150244.1,1763439.8,45661967.1,23472153.0,1758330.9,245104.7,55084.1,151655.8,1263754.6,,141701.6,9686.3,168829.0,1670480.8,3749823.0,1082032.5,36643.5,26210.5,22796.0,1218801.0,561708.4,174498.7,93064.9,32605869.4,30942705.2,13139516.5,460347.6,213910.6,153359.4,1320398.2,,73093.7,40862.8,279116.3,618633.5,11061433.0,13272554.5,431711.6
2002-07-01,412245.1,589867.1,252242.2,315728.7,60418.6,1727206.7,976172.5,288417.3,162065.2,299850.4,35779.6,187474.3,2460548.4,166235.4,8894611.1,1018994.3,16402.0,10295986.0,10980965.3,148668.8,1765881.8,45178868.9,23303732.2,1741054.3,242700.3,54490.8,149035.0,1242503.5,,140609.1,9475.5,171339.3,1649639.0,3726396.1,1068918.9,35906.3,26302.5,22165.1,1205689.0,561682.2,173485.9,91914.6,32359800.4,30709564.7,13047767.5,457561.7,212845.3,152758.0,1276249.7,,72481.2,40175.5,277832.8,614222.4,10984040.0,13165901.5,425677.0
2002-04-01,409798.8,584880.8,249764.4,311358.7,59309.8,1697536.8,962380.7,286399.2,158363.6,299830.6,35359.3,186083.7,2423207.8,164622.6,8830454.7,1004452.7,15966.4,10227978.1,10865510.6,148894.1,1754610.7,44608303.0,23082624.6,1723574.5,239784.5,53291.5,146272.1,1222360.0,,135279.8,9488.5,171393.1,1636367.2,3695023.7,1048325.5,35181.7,26294.0,22075.2,1186121.2,558424.3,173994.8,89953.4,32033346.2,30401684.3,12914254.2,450907.1,211437.2,154600.5,1220311.0,,70619.4,39609.5,277438.2,612146.0,10887460.0,13035961.9,418815.3
2002-01-01,395933.0,572647.3,246060.1,305722.8,58095.1,1686813.0,952859.6,283031.8,156483.6,289410.8,34573.0,184308.1,2395048.6,162617.1,8753673.8,984181.9,15194.7,10136758.2,10730160.2,147062.3,1734968.8,43999613.7,22835966.8,1703716.2,232265.3,52509.5,144856.9,1204611.1,,136502.1,9243.9,170248.7,1621207.5,3644666.0,1026352.4,34109.8,25746.6,21245.8,1164629.9,551660.9,166921.2,89124.2,31635780.0,30032133.4,12751284.5,444388.1,210245.8,149606.5,1182366.8,,69639.7,39187.4,273154.1,608996.8,10783500.0,12900989.5,412053.1
2001-10-01,419056.1,563930.5,240345.1,299415.4,56718.2,1639789.9,941454.7,280124.0,156472.4,291384.8,34305.2,184579.5,2387074.2,161328.8,8668703.1,963877.9,14899.0,10030964.1,10593537.6,145072.4,1704516.9,43423379.9,22587552.7,1681299.0,227316.3,50727.5,138436.9,1189597.6,,129938.8,9723.2,165851.0,1607719.1,3605023.8,993600.1,33758.3,25564.6,21219.2,1169960.4,543177.0,166569.4,87721.3,31240705.4,29657358.7,12570536.2,435385.4,207470.9,147690.7,1173845.2,,68775.4,38279.6,269421.1,585248.6,10660465.0,12771880.2,406789.9
2001-07-01,449968.9,555100.9,238011.5,296884.0,55670.5,1639144.0,938741.1,278003.7,154244.4,289547.3,34023.1,182810.9,2374174.3,158721.4,8614737.7,945804.6,14389.2,9961815.9,10501051.1,145001.0,1694188.3,43126276.5,22463526.7,1667115.8,223379.2,49882.9,137118.5,1166615.6,,125723.5,9089.7,165216.2,1601840.1,3589447.2,977318.9,32882.3,24603.8,20506.4,1176980.8,536030.8,169404.6,86285.4,31046043.5,29479937.8,12481118.4,430749.5,202832.6,144609.0,1174280.3,,66860.6,37757.3,266740.2,600494.6,10598020.0,12713741.8,402297.6
2001-04-01,471646.1,546069.1,236317.5,295297.5,54694.4,1641342.2,940245.7,276327.4,153378.2,286196.2,33491.4,179811.0,2355925.6,156509.7,8548927.4,927595.0,14076.8,9886078.9,10398690.5,143654.8,1668288.4,42892635.7,22427223.9,1649535.7,217283.4,49747.2,134346.0,1156232.4,,125574.9,9176.4,165795.1,1601650.8,3612577.6,961413.9,32079.6,24317.4,20823.9,1175547.5,530515.9,173995.2,85995.7,30922762.6,29374786.0,12363052.1,424660.4,201165.8,141386.3,1141709.8,,66033.7,37284.2,265058.1,595746.9,10599000.0,12714793.2,399441.0
2001-01-01,473311.8,538937.0,236792.0,293158.9,53970.3,1640736.8,932092.1,273405.2,150544.6,283797.6,33206.1,176861.5,2340468.1,154926.3,8493156.6,913181.1,13838.1,9812334.7,10309379.4,143142.5,1651085.9,42462146.6,22237526.2,1628459.1,215575.8,48790.4,130164.0,1135762.9,,123097.4,8716.5,165778.3,1595603.6,3619586.3,941406.8,31798.7,24613.3,19727.3,1177985.0,525699.1,170514.5,82759.3,30664647.1,29136383.7,12268323.1,421353.9,197976.6,139310.3,1111425.6,,64436.6,36756.8,265599.6,611370.6,10470231.0,12580308.0,394862.7
2000-10-01,468005.0,529978.5,238402.0,292342.1,53464.6,1624091.4,917108.1,272398.3,149834.9,280493.7,32520.4,171872.8,2271566.4,157302.8,8357853.4,899289.3,13714.2,9665839.2,10150582.3,142081.0,1628372.9,41973239.8,22014703.3,1602452.8,210262.2,48339.4,126614.2,1127214.5,,120389.3,8613.9,167296.1,1576909.8,3582549.1,925067.0,30648.3,24486.1,18980.2,1164565.3,521791.7,173885.8,82919.7,30375250.8,28864169.2,12107174.0,419481.7,197916.8,132315.0,1101473.9,,63229.1,36396.0,267017.0,620757.1,10435744.0,12517417.5,389839.4
2000-07-01,462973.8,530369.5,237407.2,287614.2,52775.0,1597398.4,908996.4,267828.4,146730.3,280509.6,32110.4,169491.6,2268287.3,153499.1,8280220.2,884463.1,13225.1,9571423.6,10038623.0,140067.2,1603630.3,41450551.3,21766041.2,1582260.8,206046.9,48117.9,122933.9,1090021.8,,116986.2,8664.1,165757.5,1557010.8,3527690.7,922861.7,29821.3,24301.7,18924.7,1169998.8,513808.4,168564.5,82002.7,30047007.2,28559231.4,11961814.9,410346.9,196063.3,129783.4,1089320.3,,61910.3,36014.2,267176.5,615466.7,10318165.0,12397160.1,384467.7
2000-04-01,459826.0,523897.1,233185.1,283081.3,51963.1,1568641.0,895026.3,264356.0,143463.2,277425.9,31611.0,165968.8,2258640.0,152147.6,8182685.5,868745.1,13032.4,9461745.2,9901078.4,137220.7,1574397.5,40901851.6,21574060.9,1558570.8,201290.3,47339.5,119478.3,1070278.3,,113632.6,8336.2,159502.8,1536430.7,3503275.5,893474.6,29325.4,23732.2,18215.6,1150081.4,504573.7,161704.3,81236.0,29697739.8,28236262.4,11791025.9,407409.0,191809.6,133773.3,1058395.0,,60617.6,35427.3,263621.1,606076.6,10247720.0,12292827.7,378837.4
2000-01-01,464390.6,515136.9,228804.6,276814.4,51003.2,1537280.0,880782.3,262124.8,142371.7,276394.9,31353.1,163092.0,2236390.6,148920.4,8067719.0,849620.3,12653.6,9321420.0,9733010.9,135115.7,1540299.6,40157058.4,21158084.1,1531453.7,197044.1,47014.0,116751.8,1098597.3,,109217.6,8315.0,151929.9,1518029.9,3448949.1,875963.6,28767.5,23689.5,18179.4,1127463.4,492390.4,157237.8,81348.4,29126017.2,27688226.1,11592145.0,402198.9,191398.4,129637.8,1033463.5,,59270.1,34828.2,253821.7,595715.0,10002179.0,12010424.6,373282.9
1999-10-01,463389.8,506326.7,224667.1,269529.2,46671.3,1510651.7,865988.7,259080.9,141649.4,270148.6,30860.3,161865.8,2201721.7,145777.0,7919112.1,826423.9,12049.8,9155065.0,9521917.6,130133.2,1506479.8,39365136.6,20798398.3,1489245.8,195158.6,45600.9,114557.2,1098866.2,,106894.2,8439.9,148704.5,1488799.8,3345993.6,854409.2,27909.4,22266.9,17967.9,1095089.2,478764.8,148122.5,79202.1,28568322.6,27151568.1,11329781.4,399188.4,185272.3,126102.3,964266.7,,57768.7,34084.4,250783.3,566828.8,9900169.0,11861246.9,366216.2
1999-07-01,454165.0,494902.7,221148.7,262472.0,48764.8,1479629.5,853369.8,251520.4,135910.0,270075.3,30204.7,159638.3,2188175.1,141722.3,7798384.2,810158.6,11711.8,9018252.5,9343363.3,128208.2,1472580.5,38661189.6,20427630.1,1449109.2,191169.3,45156.8,112370.8,1126987.2,,102891.3,8220.5,143541.8,1459352.2,3318417.3,827956.4,27759.7,22043.3,17541.1,1077023.0,466726.4,139641.3,78217.5,28019405.4,26627434.6,11103161.1,392197.0,182360.5,126155.4,942354.0,,57626.0,33394.4,245245.7,548176.5,9686626.0,11617018.9,360079.4
1999-04-01,453483.0,487251.2,217011.3,256584.8,48265.1,1475146.5,838180.0,248703.0,132000.8,266039.8,29777.4,157735.6,2153753.0,140392.8,7674748.7,796705.1,11571.7,8878751.8,9183977.9,127076.1,1444251.0,38068063.0,20107511.8,1419977.5,189780.3,45397.1,109663.2,1135702.3,,98825.4,8170.2,142151.5,1442139.4,3283001.0,800654.1,28157.2,21134.5,16812.1,1062372.1,457162.1,129498.4,76903.3,27553412.4,26183603.6,10908871.3,384234.8,179425.2,128605.6,922208.8,,57756.5,33908.3,239759.4,538682.4,9526210.0,11426762.0,355301.7
1999-01-01,457474.0,483992.7,215222.2,252248.2,48921.1,1461619.8,827696.9,246318.2,130944.9,269100.6,29084.1,156119.8,2145005.5,139243.4,7615871.9,787431.5,11422.8,8807814.3,9114471.9,126203.2,1430334.4,37613742.6,19915331.2,1410763.9,188660.1,44788.5,107982.4,1132531.8,,97818.7,8420.7,137827.2,1435999.2,3253849.3,765366.3,27742.0,20372.6,17011.6,1050219.3,450949.8,125052.1,75734.2,27244878.7,25891475.6,10809381.3,375263.4,177125.2,126277.0,890702.0,,58369.7,32534.8,237094.0,528672.0,9411682.0,11289598.2,351044.3
1998-10-01,461395.0,479762.5,213637.4,249975.0,51016.8,1452316.9,809439.4,243974.6,131252.0,273041.2,29102.4,155270.6,2105416.0,138640.4,7531030.5,782620.8,11503.3,8707950.8,9021079.9,124242.7,1419558.0,37141585.3,19758630.9,1402393.7,187805.1,45573.3,108283.0,1055256.2,,94030.7,8340.4,137786.7,1431615.7,3296217.0,739041.0,28215.8,19496.9,16268.4,1038596.8,443257.3,125052.5,74942.5,27013001.3,25659050.5,10709828.7,371074.1,173560.5,127531.5,848016.8,,60058.2,32095.1,234829.7,528613.0,9293991.0,11142027.3,346586.8
1998-07-01,472089.5,471335.7,212212.8,249568.6,51460.2,1467904.5,795842.5,244690.1,135370.3,281184.9,28331.6,155480.6,2094085.8,137754.3,7476386.8,773866.5,11749.0,8645817.0,8967809.0,123048.9,1407883.3,36742198.0,19507434.1,1392719.6,187213.5,45357.0,107890.5,1076343.6,,95962.6,8165.0,136256.0,1433714.9,3262090.9,719345.6,28177.7,18884.0,16886.6,1034171.2,439340.7,124247.1,72843.0,26726549.3,25368291.4,10668680.7,368457.9,171138.9,127065.2,827972.2,,56683.3,31789.5,230414.4,546654.3,9121097.0,10951110.7,345325.0
1998-04-01,471236.3,461120.5,211344.7,248168.9,50166.0,1462942.5,786317.3,244008.9,135725.5,288682.5,28020.5,155030.1,2071608.0,135147.5,7397486.1,763223.4,11749.8,8556643.9,8886024.4,120816.4,1395472.7,36425409.1,19282328.5,1388403.9,186375.9,44905.3,106408.0,1099769.8,,93260.7,8105.0,134549.1,1424647.7,3246179.9,703221.2,27790.2,18536.0,16828.8,1024757.3,433475.0,124103.2,72194.1,26446841.3,25090859.3,10596374.5,363024.0,168174.9,124017.5,891268.7,,56777.0,31396.6,227368.8,565128.5,8969699.0,10780773.6,344488.2
1998-01-01,461427.5,455075.7,208924.6,246882.8,52903.0,1434935.0,783798.4,241054.4,133207.4,288953.1,27932.8,153668.0,2072513.6,135819.8,7336025.6,750178.6,11875.0,8486707.0,8813687.8,117796.8,1380672.7,36267889.0,19149357.0,1382252.7,185134.1,44529.8,104868.3,1188868.0,,90543.7,7365.1,134645.8,1406453.8,3257185.9,708991.1,27165.5,18242.9,16789.5,1014449.5,428095.3,122327.1,72118.6,26304129.3,24955813.9,10561290.8,361579.6,165291.2,123222.4,901129.6,,56481.5,31148.9,224885.2,613280.2,8866480.0,10664727.9,343476.0
1997-10-01,458185.3,450577.3,205195.1,245737.3,48064.3,1459498.6,771853.7,239415.4,131767.3,288427.6,27241.3,153945.2,2050163.6,133608.1,7266247.6,739057.4,11744.9,8404184.9,8717692.3,117668.8,1362034.5,36290889.4,19024823.4,1371369.2,181741.3,44286.0,103201.0,1307202.4,,86765.3,7586.2,131988.8,1399412.3,3304083.1,757779.0,26658.7,18309.8,15842.6,997208.4,419410.8,127222.4,72148.4,26198803.8,24868272.3,10499821.8,353562.1,162596.5,125535.4,929053.7,,55294.7,30857.3,224622.3,656799.2,8765907.0,10534969.1,341897.0
1997-07-01,450538.8,441275.2,202182.8,243603.8,49679.2,1443587.3,761504.3,237739.9,127745.3,286318.4,26241.5,153014.8,2030745.4,131796.3,7151899.0,721929.6,11400.1,8276244.9,8590153.6,113298.8,1341275.7,35887383.9,18822801.7,1364345.5,179013.8,44142.0,101904.7,1275118.1,,83608.3,7446.5,129519.2,1367493.2,3294614.7,758406.5,26011.3,18143.7,15817.4,966189.5,411281.3,125618.9,73112.9,25952964.1,24642854.7,10425213.5,346300.3,161175.6,126467.6,910358.5,,55310.3,30526.1,220259.9,723969.6,8662823.0,10390516.8,340727.7
1997-04-01,437927.9,438416.3,199552.6,240516.6,47245.2,1419610.9,749183.9,233386.2,125407.4,283996.7,25859.0,153174.8,2018381.5,131587.3,7055154.9,708200.0,10989.4,8175463.7,8477615.0,109677.3,1320192.4,35394307.5,18579981.8,1343742.8,175240.0,43505.7,100570.9,1222242.7,,82123.6,7293.8,128591.9,1351514.2,3278142.0,747450.1,25127.8,17609.3,15490.6,942027.7,402334.7,125269.6,71479.9,25668830.6,24371981.5,10359450.7,343248.3,158279.8,124628.4,885746.8,,54227.2,30165.2,218662.9,782891.8,8518825.0,10210036.6,338891.9
1997-01-01,430682.0,425601.3,199497.5,236652.7,46271.3,1410910.2,739842.1,230855.9,123441.4,275269.5,25225.4,153571.1,2000182.5,129117.0,6952673.6,699206.5,10446.0,8068511.3,8367743.4,107300.3,1301369.3,34913620.6,18360854.9,1330743.0,172077.5,42368.3,99761.7,1193503.7,,79663.2,7385.8,128214.6,1326870.3,3299192.8,720895.1,24557.5,17201.2,14661.0,919647.9,395682.3,121782.6,69495.2,25325067.2,24049071.8,10235586.9,337872.8,156361.6,130786.1,886525.9,,53425.6,29549.0,215818.6,783974.7,8362655.0,10022145.0,336144.3
1996-10-01,419048.6,420974.7,195972.6,233673.6,49505.9,1390898.9,726081.9,228220.2,119173.6,276171.4,25010.5,153846.3,2010244.9,126771.7,6906504.8,688540.7,10061.3,8006979.5,8299477.2,105169.0,1286789.0,34464684.3,18180984.1,1316401.7,169829.2,41609.7,97507.0,1212920.5,,75036.6,7007.4,125808.5,1317262.7,3264433.0,713483.7,23920.2,16942.0,14697.7,910490.2,389795.6,121769.4,69538.6,25005429.5,23759117.2,10094492.3,318090.0,152532.3,119279.3,872563.4,,52859.0,29166.7,214515.6,737870.0,8259771.0,9896343.0,332605.5
1996-07-01,409035.9,415340.6,195318.8,231317.1,55499.9,1395592.6,716085.7,226057.0,116086.4,275777.0,24568.1,152676.8,1988465.7,126068.7,6841667.6,681312.3,9881.8,7940700.5,8217485.6,102574.0,1274669.4,33892886.0,17937365.5,1294640.0,167738.7,40049.3,96200.7,1187010.4,,74078.8,6887.0,123548.6,1316322.2,3215774.4,697722.3,23704.1,16459.8,14055.6,878629.0,385296.5,118754.8,68862.9,24604650.9,23361295.5,9940847.7,326611.8,151553.3,130423.4,866394.5,,51607.3,28637.2,211670.3,668288.2,8131408.0,9726122.8,327679.6
1996-04-01,399235.1,411442.2,193763.0,230230.6,70727.7,1341998.0,707369.3,225421.6,115691.1,275549.4,24082.6,151892.2,1978820.0,125010.7,6789081.5,672862.1,9575.8,7882079.2,8145160.3,102069.1,1265612.6,33402828.9,17766543.3,1271181.5,165649.1,40216.0,96436.9,1167166.0,,75050.3,6862.9,121490.8,1311148.6,3199571.2,682698.8,22818.9,16275.2,13547.6,863318.7,378562.3,113473.6,67787.3,24304031.9,23072080.1,9802190.4,322424.9,149182.3,138433.0,875069.6,,50271.7,28169.8,209742.7,616134.3,8032840.0,9603527.9,322659.8
1996-01-01,388906.7,406746.4,191955.3,228843.7,82707.2,1320310.1,699519.3,225721.1,113752.5,274839.2,24006.1,150703.3,1946722.0,121569.9,6719304.8,665064.1,9413.7,7797270.2,8048222.8,101526.3,1258490.3,32832167.4,17471905.3,1244620.1,164730.7,39900.9,97364.3,1126006.9,,73352.7,6827.2,118852.4,1304675.3,3149410.2,667147.5,22948.8,16185.7,13480.4,851553.0,371862.2,113052.3,66602.8,23910132.8,22692014.8,9669235.4,315577.7,147368.6,143005.9,891033.1,,49382.9,27796.8,211256.0,588744.1,7868468.0,9419540.4,317700.7
1995-10-01,376710.4,399332.8,189942.9,229782.4,,,695403.1,222796.7,,275491.2,23937.6,146694.1,1951354.6,120361.2,6684225.5,657625.7,9377.9,7739649.4,7977189.4,100423.6,1244825.2,,17272167.2,1210729.6,163711.0,39219.0,96793.1,1095158.5,,70591.9,6651.0,116900.1,1297771.5,3099497.2,650325.7,22606.1,15825.4,13446.1,828192.7,369603.6,107114.8,65925.6,23595505.5,22404025.8,,306633.5,146753.8,125087.8,911674.0,,48100.7,,207886.9,579010.7,7772586.0,9296181.7,310153.8
1995-07-01,371670.4,396021.0,188608.8,229073.1,,,689212.8,221884.8,,271513.7,23513.9,146897.5,1940910.3,118680.1,6637244.5,649105.5,9294.6,7682171.9,7904542.3,100550.9,1239763.4,,17104013.6,1195547.1,161401.5,36068.4,96044.5,1075885.2,,68618.7,6744.4,115765.7,1282046.6,3073408.4,636014.3,21984.9,15544.0,13324.0,806131.8,365501.5,105396.8,64756.0,23377006.5,22196560.1,,303592.2,145567.5,125610.2,930054.1,,47075.5,,203623.1,609322.6,7683125.0,9178469.6,307816.2
1995-04-01,370748.3,385949.2,187395.8,226678.5,,,685171.7,219509.0,,270832.2,23408.4,142284.7,1927662.4,117940.7,6579261.2,643181.2,9293.0,7613742.7,7840544.9,100915.9,1232088.9,,16902238.2,1186920.0,159552.4,37406.7,95179.9,1065754.2,,68076.1,6623.5,113812.4,1267168.1,3022230.2,619508.9,21730.4,15675.1,13421.7,787171.8,360422.3,104824.0,64578.5,23109160.3,21942239.0,,294170.0,144145.3,123751.2,896210.9,,47932.4,,202722.3,625130.2,7580997.0,9053340.5,304462.7
1995-01-01,384438.2,382169.1,185724.9,224626.7,,,681606.7,217710.0,,268427.6,23624.2,139881.0,1902348.2,117724.3,6500144.7,636128.1,9228.3,7525497.0,7784428.6,97891.8,1218203.6,,16769900.6,1203571.0,157111.9,37633.2,93175.7,1039837.5,,66557.3,6505.0,110667.5,1260519.9,2981362.2,604455.7,21024.6,15586.0,13380.0,826052.8,356548.0,104780.2,63152.8,22965089.7,21805443.4,,287248.4,141295.0,122178.3,808458.2,,45800.6,,200591.8,630931.4,7522289.0,9029948.4,302168.0
1994-10-01,388087.3,379699.5,183111.0,223538.3,,,671690.2,214990.7,,263864.3,22566.3,,1899693.5,116301.9,,625550.5,,,7749513.6,97925.8,1205875.5,,16646598.4,1234069.1,156598.9,,,977467.3,,63141.4,6566.0,,1240547.9,2939434.2,588131.1,,15715.8,,860419.4,351857.5,102466.3,62199.5,22773601.8,21623625.0,8666763.0,,138834.3,,,,44985.2,,196752.2,593226.6,7455288.0,8987397.6,299983.4
1994-07-01,381082.5,375339.1,179640.8,218446.4,,,663333.1,212420.7,,263073.3,22548.2,,1869037.6,112960.0,,620114.4,,,7662067.7,94862.2,1187922.0,,16458666.1,1248532.3,157133.2,,,976879.1,,61240.8,6535.1,,1222347.3,2936418.7,562713.5,,15755.3,,853318.6,346660.0,100147.8,60963.1,22450925.2,21317242.2,8534081.0,,135829.5,,,,44153.0,,191586.1,552909.6,7331075.0,8847726.7,292970.9
1994-04-01,377836.7,369080.1,176984.1,216433.6,,,650684.6,208970.1,,257426.5,22337.8,,1848277.9,112905.0,,611824.9,,,7572670.7,92100.0,1170803.2,,16258389.4,1243860.0,152126.0,,,975537.2,,59599.1,6476.0,,1205923.3,2891909.4,550539.5,,15683.5,,845476.7,342102.1,98636.1,60626.3,22132957.8,21015330.9,8400083.4,,134271.2,,,,43152.6,,189776.8,513330.4,7246931.0,8743092.3,287592.7
1994-01-01,368821.8,363084.4,175826.6,212794.1,,,638805.5,209985.3,,252318.5,21671.3,,1829012.5,109070.4,,607433.6,,,7475671.5,90742.2,1153347.6,,16055706.1,1227749.6,149567.9,,,940673.0,,58313.5,6392.5,,1190404.5,2900734.3,539004.4,,15509.3,,819903.7,336677.7,95690.8,59815.0,21864119.3,20760067.7,8323068.3,,132419.6,,,,42492.1,,186802.3,535328.2,7115652.0,8574361.2,282917.5
1993-10-01,361746.9,355122.8,174482.8,210512.8,,,626433.6,207707.7,,,21583.1,,1793757.2,107278.6,,599785.7,,,7354213.0,89842.5,1140283.9,,15799112.8,1192941.3,150058.0,,,919041.5,,57240.0,6293.6,,1177275.0,2854683.8,520577.7,,15223.1,,799741.7,330193.9,96115.8,57697.5,21539441.3,20451784.7,8223789.7,,132056.4,,,,41545.1,,183281.9,559459.6,7013738.0,8439913.3,281601.9
1993-07-01,356841.3,346753.4,172370.6,207372.6,,,619828.1,205767.5,,,21156.6,,1785992.3,104847.0,,594118.5,,,7275176.3,88763.5,1131145.4,,15567818.6,1164689.3,148932.7,,,883519.5,,56383.0,6183.2,,1162552.2,2821513.4,508003.9,,14923.4,,790633.4,330332.7,93871.6,56401.7,21254090.7,20180843.1,8155611.1,,131321.6,,,,40720.6,,181431.5,574612.6,6882098.0,8292559.5,277800.5
1993-04-01,347518.8,344759.2,169644.8,205536.2,,,611242.5,203903.4,,,20583.2,,1766110.3,103566.7,,583359.8,,,7188999.0,87768.8,1123493.1,,15431553.7,1138026.4,147578.1,,,857984.8,,55659.5,6079.5,,1158376.6,2825365.7,496190.7,,14616.9,,784438.2,325673.9,90803.7,54645.8,21068374.6,20004505.0,8078923.8,,130194.0,,,,39911.0,,179394.0,589138.2,6808939.0,8204619.8,273276.1
1993-01-01,336220.7,340817.8,167672.2,202396.9,,,601726.9,200509.7,,,20151.9,,1754531.1,103120.4,,579870.3,,,7133254.7,87434.8,1116995.2,,15308355.3,1125184.5,144267.5,,,864049.5,,55026.6,5994.9,,1153392.1,2827066.5,480971.1,,14326.9,,796367.6,322722.8,89245.4,53905.0,20882060.6,19827599.1,7997285.3,,129466.4,,,,38960.4,,176846.9,568280.5,6729459.0,8127553.4,270967.0
1992-10-01,,336278.8,167075.6,202638.9,,,594592.5,199668.8,,,19625.6,,1758327.9,104168.4,,581992.0,,,7116372.3,86793.5,1115612.1,,15187258.4,1108876.5,147445.3,,,878602.1,,54455.7,5934.1,,1148431.9,2780614.5,468541.6,,14084.4,,816589.2,319166.5,89254.0,52421.0,20732090.3,19685201.7,7955361.2,,130195.3,,,,,,177108.3,544132.0,6680803.0,8091984.7,267426.8
1992-07-01,,327434.2,166416.7,203847.3,,,587441.8,199761.7,,,19606.1,,1751754.1,103413.2,,582328.5,,,7079940.2,86840.4,1108378.7,,15032827.8,1092420.2,147171.2,,,895894.6,,53744.5,5897.8,,1146313.7,2779878.4,458316.8,,13871.5,,829433.3,315875.7,88568.2,51314.1,20533720.1,19496848.5,7896389.0,,129724.6,,,,,,177839.8,522221.1,6566641.0,7983516.1,269394.1
1992-04-01,,322548.1,165434.1,202284.0,,,581190.4,200799.2,,,18698.0,,1747974.9,100727.1,,579025.8,,,7046180.1,87130.7,1104051.3,,14894398.4,1082123.7,144180.7,,,874531.1,,53004.6,5905.2,,1144723.6,2763571.5,455520.5,,13754.7,,827936.8,313373.2,87396.2,52159.7,20338961.7,19311924.5,7838234.5,,129613.6,,,,,,178778.2,497953.8,6470763.0,7879890.2,272094.0
1992-01-01,,318244.3,163671.3,203557.8,,,576818.4,199967.7,,,18151.4,,1747924.4,100830.5,,583451.7,,,7041223.5,87553.9,1096948.4,,14742023.1,1075588.1,147897.2,,,864292.6,,52152.9,5932.9,,1143847.2,2737794.6,449020.3,,13686.0,,810983.5,314358.8,86127.2,51415.1,20154559.7,19136834.1,7829455.9,,130485.6,,,,,,179269.7,496204.7,6363102.0,7750903.9,272259.1
1991-10-01,,313386.2,162430.6,199955.5,,,573967.5,197591.6,,,17800.2,,1718929.9,98580.1,,575316.2,,,6952272.5,87030.3,1084455.3,,14569181.9,1066705.5,144169.3,,,848291.7,,51388.0,5981.9,,1133530.2,2727053.4,439936.1,,13638.2,,800110.1,310894.8,84319.9,50964.7,19896301.9,18891617.4,7721659.4,,128443.6,,,,,,176805.0,481493.4,6264540.0,7638617.6,272792.0
1991-07-01,,310564.3,160518.3,197700.1,,,569995.0,195873.9,,,17041.3,,1682827.8,99045.5,,568784.3,,,6863336.2,87551.2,1072904.5,,14400244.3,1055991.7,143792.6,,,826905.5,,50675.1,6011.7,,1119966.7,2692621.7,426235.7,,13501.7,,775253.0,305645.6,83217.2,50746.1,19654680.7,18662197.0,7630844.3,,127760.8,,,,,,176670.4,482405.3,6205937.0,7551185.0,271218.4
1991-04-01,,306895.5,157590.7,194866.9,,,565246.9,194610.3,,,16824.7,,1673586.2,98044.7,,560150.7,,,6793276.7,88607.1,1060435.5,,14258084.6,1049441.1,140038.3,,,808309.2,,50104.5,6006.8,,1103881.4,2678631.5,413465.4,,13224.2,,764794.2,302232.6,82734.9,49553.8,19440609.2,18458935.3,7553486.0,,125198.7,,,,,,175874.1,476857.3,6126862.0,7456903.2,269199.2
1991-01-01,,305827.1,155062.3,191268.4,,,558520.6,195349.6,,,16502.6,,1667442.0,96510.2,,549273.3,,,6729654.1,89027.9,1048135.7,,14073385.3,1042370.5,141456.7,,,778666.0,,49710.8,5976.3,,1092529.1,2629209.3,403413.1,,12838.2,,745682.4,296673.7,81559.6,49583.4,19171494.5,18203409.8,7475995.9,,121079.9,,,,,,176275.4,463456.3,6035178.0,7339381.1,267779.9
1990-10-01,,308006.1,152558.1,190282.9,,,561056.2,192917.0,,,,,1608436.9,94889.1,,554671.1,,,6624708.7,89984.7,1035635.8,,13899204.1,1038548.3,139623.2,,,749276.5,,49238.1,5914.2,,1067996.2,2582797.6,385281.4,,12379.4,,739455.1,294991.2,83077.8,51105.0,18976801.2,18018547.7,7386113.3,,121718.1,,,,,,173755.5,479495.7,6004733.0,7305244.3,267548.3
1990-07-01,,304496.2,150382.7,186539.1,,,561804.2,192116.0,,,,,1569309.7,94379.2,,530377.7,,,6518343.0,89841.2,1028128.1,,13850512.7,1038128.4,125511.4,,,732199.9,,48620.6,5852.6,,1067464.6,2570561.7,375550.7,,11967.2,,724760.6,290045.5,78323.8,49931.5,18796360.2,17847218.4,7244997.4,,116924.5,,,,,,170723.1,450362.0,6015116.0,7301680.8,265138.9
1990-04-01,,304237.3,147863.3,184681.9,,,560707.7,191277.0,,,,,1524334.4,93904.6,,527458.6,,,6440195.3,90981.3,1013765.9,,13661988.5,1036293.7,133517.2,,,720459.3,,47605.3,5783.5,,1057847.6,2509011.3,359604.0,,11639.1,,707978.4,284018.0,75846.7,48895.3,18556625.4,17619589.2,7169127.2,,115048.8,,,,,,171235.8,456024.7,5960028.0,7228714.2,262970.1
1990-01-01,,300014.8,144671.8,183326.2,,,556754.8,188588.3,,,,,1500205.4,91002.1,,513090.4,,,6338626.1,91183.2,997210.9,,13399585.3,1018103.1,135783.2,,,693352.8,,46164.2,5703.9,,1046661.7,2407948.5,347968.3,,11386.7,,686291.0,278516.2,74843.9,48603.2,18183840.7,17265628.7,7045347.0,,111811.1,,,,,,169509.8,437584.9,5872701.0,7115746.8,260804.5
1989-10-01,,294329.6,141372.6,178676.4,,,545890.3,182698.9,,,,,1453441.4,89890.2,,503227.0,,,6211444.3,88994.9,984227.0,,13159370.9,1000694.2,133085.9,,,,,44535.5,5627.1,,1031308.8,2396572.3,340552.6,,11181.5,,665358.6,272300.9,74522.1,47839.9,17829005.2,16928710.9,6890930.6,,110330.5,,,,,,168177.7,416638.1,5747237.0,6958485.9,258516.7
1989-07-01,,292265.9,138522.2,175050.8,,,543254.7,179170.0,,,,,1426485.6,87486.7,,500518.4,,,6107623.0,88148.7,963917.9,,12943395.3,989993.1,126716.4,,,,,43094.3,5576.8,,1014708.2,2309670.8,325494.2,,10996.7,,666562.3,268091.8,73983.5,46969.8,17539797.4,16654107.0,6774524.2,,109089.4,,,,,,164802.9,408170.9,5695365.0,6905182.0,258682.6
1989-04-01,,287858.5,136355.5,173117.2,,,537069.4,176820.6,,,,,1403208.0,87647.9,,490273.1,,,6012967.6,86753.8,945932.1,,12728621.8,978396.0,127509.3,,,,,41859.7,5535.0,,997789.0,2253764.1,314427.5,,10752.8,,649600.6,263677.9,74238.9,47731.5,17236355.7,16365987.9,6663073.2,,105976.6,,,,,,163718.4,393511.0,5612463.0,6799133.1,256953.2
1989-01-01,,279133.2,134320.8,169718.2,,,528829.2,172235.5,,,,,1383504.0,88118.8,,480429.4,,,5919258.0,84539.9,926321.5,,12556906.1,964860.5,127632.3,,,,,40782.5,5491.2,,983584.0,2258553.9,306197.9,,10419.0,,640130.8,257875.8,72250.2,47075.8,16987007.9,16129231.2,6558057.4,,106048.0,,,,,,161103.1,388822.6,5511253.0,6680213.0,254197.0
1988-10-01,,274149.3,131897.4,166688.1,,,518108.4,169679.4,,,,,1355190.3,86578.4,,464542.5,,,5793311.8,82808.7,905196.2,,12270132.9,951325.3,122094.8,,,,,39909.4,5468.7,,966408.0,2174395.7,303143.4,,10047.8,,621310.0,251545.8,69888.0,45902.5,16600186.1,15761942.3,6425424.1,,100133.5,,,,,,158945.6,387076.1,5399509.0,6538927.4,250825.4
1988-07-01,,267792.5,129203.5,163626.7,,,509940.9,165068.5,,,,,1327469.6,83813.6,,461468.4,,,5684430.5,80488.0,889584.7,,12024624.1,935741.2,118873.5,,,,,39130.8,5455.5,,946602.6,2132450.1,291903.9,,9673.8,,604649.6,246928.3,69914.8,45940.6,16270955.5,15449336.6,6313823.9,,97497.1,,,,,,154328.9,388954.6,5282835.0,6397425.6,246707.3
1988-04-01,,262205.0,125574.6,159787.2,,,503581.4,161384.3,,,,,1297146.5,84311.9,,448116.2,,,5553848.7,78848.3,868046.2,,11758906.7,914849.5,116593.4,,,,,38280.1,5431.9,,923577.4,2061669.8,279040.8,,9296.6,,598435.0,241914.2,70304.4,44208.7,15921025.2,15117076.4,6177899.7,,95587.5,,,,,,151919.2,386930.3,5190036.0,6292052.4,241082.1
1988-01-01,,258975.1,122042.4,156764.6,,,494717.3,158954.0,,,,,1261599.4,83307.4,,438329.9,,,5451903.9,77426.4,852464.8,,11539036.3,901437.6,119922.7,,,,,37484.4,5415.3,,909109.0,2046336.1,281269.4,,8974.0,,596043.7,237636.1,70861.9,43942.0,15657747.4,14867093.1,6072437.5,,94960.3,,,,,,150445.0,385302.4,5073372.0,6164133.0,237658.1
1987-10-01,,254649.6,122301.3,154002.4,,,483610.6,157021.5,,,,,1263886.8,82554.2,,433742.4,,,5374506.0,75767.2,834975.8,,11346803.4,881859.2,116250.3,,,,,36715.3,5383.6,,888774.7,1985702.2,259895.7,,8710.0,,593931.3,235005.9,69197.5,42889.8,15404947.0,14627058.1,5998384.9,,91145.0,,,,,,148815.5,392276.4,5007994.0,6085535.9,232995.5
1987-07-01,,247800.3,120325.9,150868.6,,,473613.0,154566.9,,,,,1233484.7,81009.8,,421518.6,,,5258284.8,73584.1,816511.0,,11070039.0,867480.2,108907.6,,,,,35929.2,5323.4,,872124.4,1922270.6,253012.4,,8501.1,,580008.8,231091.5,68123.8,43183.2,15016128.8,14257873.6,5853430.4,,89856.0,,,,,,147092.0,367131.6,4884555.0,5938176.9,228884.1
1987-04-01,,241603.9,118064.0,147680.0,,,463200.2,151663.7,,,,,1215792.5,81739.5,,409653.4,,,5164836.5,72783.9,804702.0,,10865344.0,840946.4,107804.9,,,,,35136.7,5221.1,,863207.7,1871335.1,248145.7,,8359.2,,573494.4,226246.1,68417.6,42405.5,14738511.2,13994274.7,5747929.8,,88118.5,,,,,,144601.8,357791.0,4806160.0,5842854.6,227173.4
1987-01-01,,235889.0,115382.7,144965.2,,,454079.8,149462.0,,,,,1181070.3,78872.7,,400687.7,,,5047485.2,70868.8,787623.2,,10634882.0,825144.8,109102.3,,,,,34369.1,5081.5,,844395.3,1820412.6,233932.5,,8266.8,,553726.9,220346.4,66468.1,40918.0,14396590.5,13669619.6,5608504.7,,86100.0,,,,,,140290.0,340007.9,4722156.0,5729962.7,225025.3
1986-10-01,,232178.6,115750.2,143085.4,,,441250.8,148490.5,,,,,1203841.9,79611.7,,390550.7,,,5033913.6,69847.5,782272.2,,10547577.9,817364.3,113326.3,,,,,33664.9,4922.6,,835662.4,1809559.3,226093.5,,8181.7,,544138.7,218382.0,67668.3,40437.3,14267051.1,13546621.4,5595336.3,,83669.6,,,,,,138702.6,340341.3,4657627.0,5643016.5,222529.7
1986-07-01,,227268.6,115102.9,143917.9,,,441823.6,147795.9,,,,,1185411.8,79020.2,,385820.7,,,4972841.6,70464.7,776769.3,,10422530.5,798350.7,109707.4,,,,,33148.8,4764.4,,827634.9,1784871.2,221408.1,,8065.3,,542617.7,219965.5,65504.6,43277.6,14100797.3,13388762.8,5519826.9,,81703.7,,,,,,137757.8,328920.3,4607669.0,5592110.4,221232.5
1986-04-01,,225881.6,114571.8,141628.7,,,439278.4,147138.1,,,,,1171472.3,78777.8,,386993.3,,,4922345.7,67316.9,768871.5,,10296863.5,789415.9,110830.1,,,,,32880.2,4631.5,,816242.6,1766242.8,210860.0,,7883.0,,552055.4,218537.9,63334.4,41256.3,13942425.8,13238388.4,5457474.1,,80838.7,,,,,,136085.1,320024.3,4545340.0,5536673.8,220760.6
1986-01-01,,225441.0,112835.5,140782.8,,,435401.9,145532.1,,,,,1154052.8,78033.5,,376688.0,,,4850581.3,66822.2,757952.3,,10204573.9,778534.3,107513.7,,,,,32815.1,4527.8,,807972.0,1762766.7,202021.1,,7637.0,,553556.8,214480.2,64590.3,38021.5,13800858.9,13103970.1,5378867.0,,79474.6,,,,,,134987.4,313635.5,4507894.0,5496852.6,219575.7
1985-10-01,,223299.7,111505.9,139328.7,,,433375.5,144218.2,,,,,1155107.9,76200.6,,373432.0,,,4813285.3,66462.0,751712.5,,10092268.2,763306.3,114240.7,,,,,32837.5,4440.7,,798989.8,1745682.0,197641.9,,7363.6,,569657.3,213303.3,64841.1,40238.9,13678583.0,12987868.7,5333879.3,,78090.0,,,,,,131404.5,307093.9,4444094.0,5447126.8,221914.5
1985-07-01,,222542.4,111382.7,137808.0,,,424582.6,142187.9,,,,,1141785.0,74227.6,,367456.2,,,4751659.3,65939.4,743928.5,,9954414.8,755500.9,109179.9,,,,,32789.8,4370.5,,789099.0,1712745.8,190747.4,,7119.7,,570641.6,206893.0,63478.0,39367.3,13490713.8,12809486.1,5262085.9,,76503.2,,,,,,132046.4,300390.1,4386773.0,5381997.2,219407.8
1985-04-01,,218626.3,109028.6,136150.1,,,417015.8,141080.0,,,,,1120265.4,71682.1,,361542.4,,,4683691.4,65257.9,735488.7,,9775892.2,749129.5,103539.5,,,,,32595.0,4313.6,,778195.0,1680910.9,186782.8,,6955.5,,564564.8,207374.3,59130.3,39793.9,13255246.9,12585909.3,5183327.9,,76607.5,,,,,,129880.0,295112.5,4294887.0,5276467.6,219341.7
1985-01-01,,212221.2,108078.3,134719.9,,,412261.5,139276.5,,,,,1102711.8,70197.8,,359575.5,,,4603001.6,64076.3,724544.0,,9600279.7,729362.9,102798.3,,,,,32228.5,4265.4,,762947.4,1638284.1,181079.4,,6871.3,,560257.9,201677.0,58672.1,39898.3,13028389.5,12370507.3,5096336.8,,75384.4,,,,,,127828.1,291121.2,4230168.0,5202687.4,220460.6
1984-10-01,,206460.5,106406.7,132890.5,,,402355.3,136127.4,,,,,1097854.2,69321.7,,352136.9,,,4549612.3,62957.3,715488.0,,9421429.9,720420.0,104674.2,,,,,31642.1,4209.1,,751289.0,1585472.6,175260.3,,6809.4,,540468.1,197852.5,57692.2,38898.5,12776100.0,12130957.5,5033491.3,,73564.1,,,,,,126305.8,285850.3,4148551.0,5091374.3,220982.3
1984-07-01,,203697.4,104587.4,131063.9,,,393347.6,133995.8,,,,,1080071.4,68645.6,,348941.1,,,4488910.3,61732.1,711140.1,,9290125.0,703714.3,102756.4,,,,,31029.5,4148.3,,745549.0,1572052.6,172776.3,,6753.6,,537733.8,195404.0,57923.9,37905.3,12603674.0,11967238.3,4965475.3,,73510.3,,,,,,124011.6,280497.1,4084250.0,5015331.4,219516.5
1984-04-01,,200598.6,102833.3,129598.7,,,388248.1,130694.4,,,,,1042260.6,67282.1,,342996.5,,,4390451.3,60621.3,700603.9,,9104614.2,693817.2,98909.5,,,,,30339.9,4065.6,,730700.3,1539383.2,168155.9,,6644.7,,517505.2,191741.2,56204.7,37333.9,12339810.8,11716699.1,4855873.3,,70835.9,,,,,,121266.2,274457.3,4009601.0,4915354.2,222761.3
1984-01-01,,196915.6,102866.9,128224.8,,,377690.6,128935.5,,,,,1050386.5,66121.2,,341050.4,,,4373847.1,60012.7,691602.3,,8943312.3,690610.1,100704.5,,,,,29652.7,3970.0,,722352.5,1502616.2,163037.8,,6486.3,,518817.1,190810.4,54100.0,38154.5,12147892.5,11534471.9,4829186.1,,71071.2,,,,,,121894.4,268333.6,3908054.0,4804561.7,216497.4
1983-10-01,,190557.5,103199.8,126476.0,,,367670.4,126388.1,,,,,1026566.7,64634.2,,334826.4,,,4301655.0,58515.0,681550.8,,8733301.9,677639.8,100231.0,,,,,28979.3,3862.6,,716406.8,1468761.4,155207.9,,6296.2,,501237.3,186734.8,52703.1,35054.1,11857621.0,11258858.0,4745663.3,,71193.0,,,,,,118405.3,261054.6,3794706.0,4663613.7,211866.4
1983-07-01,,186302.1,101524.1,124037.8,,,360488.1,124907.8,,,,,1004584.2,62797.2,,330208.5,,,4217495.8,58204.9,672371.5,,8530934.7,665256.1,96284.1,,,,,28475.1,3791.8,,694729.1,1444326.6,152255.7,,6122.9,,492566.1,186963.1,51944.9,34543.9,11596599.4,11011016.9,4651355.4,,70911.2,,,,,,115026.0,253215.0,3689179.0,4542233.2,204967.3
1983-04-01,,178953.9,99704.7,121768.8,,,352147.0,122928.2,,,,,995593.2,62696.5,,326389.2,,,4145730.0,57082.5,663764.3,,8322790.4,650005.7,93125.4,,,,,28082.4,3746.5,,675215.8,1407216.4,145118.2,,5970.6,,484840.3,182596.1,50960.0,33659.3,11322469.5,10750729.6,4569946.5,,71118.1,,,,,,112616.6,246581.7,3578848.0,4415835.3,200807.2
1983-01-01,,178007.7,97628.8,120752.1,,,342787.7,121902.8,,,,,978091.7,61373.3,,321969.7,,,4095539.9,56035.0,657830.4,,8152415.6,643224.2,95423.3,,,,,27905.9,3745.8,,671013.8,1386054.8,140194.5,,5871.9,,492991.0,176400.9,49949.6,32029.8,11120867.7,10559307.8,4513829.4,,71284.2,,,,,,110734.8,242691.3,3473413.0,4309191.7,199345.2
1982-10-01,,178064.0,95636.7,119861.6,,,335143.4,119938.9,,,,,962032.3,60438.8,,318268.4,,,4036132.1,55511.8,649888.2,,8015762.1,626354.5,95843.8,,,,,27799.1,3774.7,,664875.9,1374906.9,133276.9,,5796.1,,498285.7,173056.8,48870.7,32604.5,10954891.3,10401712.6,4446870.3,,69839.1,,,,,,110929.1,238154.0,3402561.0,4235990.1,202125.6
1982-07-01,,178559.6,94719.6,119337.2,,,334545.4,119057.7,,,,,950098.4,59930.4,,313770.4,,,3983016.3,54223.2,640272.3,,7908145.2,615152.2,92302.7,,,,,27608.3,3779.2,,659232.7,1342522.1,127395.9,,5719.3,,507309.1,174153.5,48226.5,32219.1,10822225.3,10275745.7,4386872.4,,68734.3,,,,,,107761.8,232792.7,3366322.0,4208176.5,205984.3
1982-04-01,,177481.6,93430.5,117662.6,,,333097.6,117983.8,,,,,946146.6,58352.0,,307377.3,,,3934215.0,52914.2,632540.3,,7818101.9,605465.9,91996.7,,,,,27239.5,3747.1,,650255.1,1318624.4,123153.6,,5623.6,,505834.3,169587.1,46993.6,31383.1,10691722.5,10151832.7,4330286.2,,67756.0,,,,,,107867.6,227346.6,3331972.0,4170903.9,204458.7
1982-01-01,,173677.7,91889.0,115773.4,,,332586.6,117227.5,,,,,939638.8,56694.0,,302324.2,,,3884530.0,51733.9,620147.2,,7696413.7,592045.5,94679.0,,,,,26775.4,3692.5,,643972.7,1293720.9,118889.1,,5528.0,,498596.3,171222.5,46203.6,30701.0,10528642.6,9996987.8,4274514.1,,67838.8,,,,,,104267.4,222860.6,3274302.0,4105484.9,204699.9
1981-10-01,,172889.6,89007.5,114065.1,,,331326.9,116404.6,,,,,923564.5,55290.1,,297044.9,,,3813820.0,50692.7,606750.9,,7616775.2,580782.3,95042.6,,,,,26216.5,3606.4,,635501.1,1258031.4,116433.3,,5433.1,,496685.6,166777.2,45164.6,29861.9,10408953.9,9883342.9,4197296.1,,65235.0,,,,,,102416.7,218300.4,3280818.0,4108830.6,204367.2
1981-07-01,,170635.2,87972.1,111778.1,,,327792.5,114877.2,,,,,908578.3,54191.8,,292261.4,,,3733606.6,49639.6,592228.6,,7504331.8,567648.4,89800.7,,,,,25536.4,3510.3,,619461.5,1228013.5,112297.7,,5325.2,,477968.9,163442.3,45412.4,29068.9,10233564.9,9716810.3,4110424.5,,63744.9,,,,,,101997.2,213018.0,3260609.0,4066370.5,200036.0
1981-04-01,,163929.1,86396.0,110217.9,,,324706.2,112400.4,,,,,889575.2,52841.7,,285643.6,,,3648273.4,48522.2,577176.6,,7320150.1,550889.3,85717.6,,,,,24828.5,3411.4,,607735.4,1207535.5,106068.3,,5223.6,,465893.7,161923.1,45347.7,28216.6,9978722.9,9474836.9,4015955.6,,62466.7,,,,,,99116.1,206522.6,3162532.0,3953131.8,193543.0
1981-01-01,,158262.2,83903.5,106531.9,,,314935.8,109018.9,,,,,873891.6,51953.8,,280118.5,,,3571639.0,47090.9,561776.0,,7176667.4,538907.5,86020.1,,,,,24128.3,3309.8,,594398.7,1168551.9,101457.9,,5129.9,,444766.0,159363.4,42870.2,27412.9,9758258.4,9265504.9,3925912.2,,61226.3,,,,,,97198.7,199074.3,3124206.0,3883907.8,185326.5
1980-10-01,,153742.0,82322.9,103781.2,,,300399.4,106330.4,,,,,841659.6,50732.9,,274635.3,,,3478003.4,45886.5,545546.2,,6911247.6,525797.2,85591.7,,,,,23341.0,3187.9,,582479.4,1129808.7,95118.1,,5013.8,,423970.2,157694.7,41489.6,26469.0,9409940.1,8934775.4,3819710.8,,59319.2,,,,,,94201.8,190699.5,2985557.0,3709926.7,178770.9
1980-07-01,,147134.1,80305.6,101361.0,,,288541.1,103043.2,,,,,822144.7,49255.6,,266233.5,,,3387283.8,45931.4,533171.8,,6657400.5,516514.4,80268.5,,,,,22580.0,3066.3,,563482.4,1077063.1,94871.3,,4903.4,,401440.3,150768.6,39879.3,25588.3,9064937.5,8607194.0,3716072.8,,57023.1,,,,,,93339.7,182800.2,2856483.0,3546464.3,173383.8
1980-04-01,,142938.8,78192.9,100174.2,,,282381.3,100256.5,,,,,807538.2,49146.1,,261389.8,,,3318028.2,42915.2,520679.6,,6494318.2,505706.7,82908.2,,,,,21903.7,2955.7,,550799.4,1029861.0,91219.8,,4799.4,,384269.4,148466.2,39755.4,24939.3,8838539.0,8392227.7,3639266.1,,56036.2,,,,,,87372.4,178270.3,2797352.0,3464002.8,167724.0
1980-01-01,,139431.9,77279.1,98511.2,,,275953.3,97714.3,,,,,793562.3,49219.3,,254690.7,,,3265212.4,42094.8,512251.4,,6420439.7,503611.4,82510.9,,,,,21233.5,2845.5,,534027.9,1011191.3,89734.4,,4682.4,,373054.1,147164.0,39495.5,24368.4,8725565.0,8284958.5,3581383.0,,54934.0,,,,,,89439.3,176115.4,2789842.0,3438849.5,159655.8
1979-10-01,,135971.0,74998.6,92946.1,,,268590.1,93666.0,,,,,770597.3,47771.8,,247501.1,,,3173766.8,40497.4,495351.8,,6265955.8,498203.5,78181.2,,,,,20627.4,2749.0,,522318.7,987011.5,87106.7,,4572.4,,355785.0,143368.5,36962.6,23840.8,8492640.7,8063795.9,3481607.8,,52898.3,,,,,,83932.7,174463.4,2723883.0,3348258.1,156601.4
1979-07-01,,131060.7,72749.6,89801.0,,,261766.0,90531.6,,,,,752116.6,46345.4,,241968.4,,,3080331.5,39203.7,484799.1,,6115895.9,484483.7,73314.5,,,,,20090.1,2661.7,,499983.4,965182.0,86784.3,,4468.0,,342267.4,138116.0,36216.1,23307.1,8278247.8,7860229.0,3382296.5,,50651.1,,,,,,82241.0,172555.6,2667565.0,3271598.4,152596.7
1979-04-01,,127140.6,70719.9,87060.9,,,254434.7,87744.8,,,,,735917.9,45431.3,,236203.0,,,3008456.5,38042.0,471415.5,,5951625.5,480983.0,75801.2,,,,,19543.3,2573.3,,479936.8,937690.6,87185.7,,4357.7,,328193.9,133846.0,34808.4,22668.6,8059325.1,7652361.0,3303800.1,,48816.1,,,,,,80381.8,170217.1,2591247.0,3173875.6,149347.6
1979-01-01,,126117.0,68323.1,84728.8,,,244913.5,85171.5,,,,,696935.9,43768.2,,230329.6,,,2878801.8,36269.4,455690.5,,5740410.2,452691.8,74439.9,,,,,18991.2,2485.1,,464461.0,899107.4,84559.3,,4244.1,,313979.6,123334.2,32970.5,22279.4,7777396.0,7384668.2,3167102.1,,46577.2,,,,,,78016.9,167673.2,2526610.0,3085503.1,143659.0
1978-10-01,,120622.1,65684.0,82904.1,,,238709.7,83087.0,,,,,683477.1,42392.2,,226603.2,,,2819439.9,34944.5,444530.6,,5608716.2,446387.1,72728.6,,,,,18530.0,2411.7,,448433.0,870229.6,79298.4,,4147.0,,301601.7,127498.0,33281.2,22035.7,7595989.6,7212422.1,3102976.0,,45492.1,,,,,,75688.3,164756.3,2476949.0,3017260.4,139726.2
1978-07-01,,117460.7,64012.7,80952.6,,,231913.2,81136.5,,,,,662425.9,41531.5,,222416.2,,,2731375.0,33482.3,430818.4,,5429053.9,435048.8,65046.2,,,,,18014.7,2337.6,,433077.6,840717.1,74245.3,,4037.6,,288696.6,123054.6,32033.4,21485.4,7348022.1,6976976.0,3007404.7,,43855.4,,,,,,73600.6,160522.4,2395053.0,2915662.8,135485.3
1978-04-01,,113838.6,62592.3,79072.8,,,226056.8,79826.2,,,,,642755.9,40128.3,,218889.9,,,2668343.9,32745.9,419669.3,,5284593.8,424300.7,66111.5,,,,,17510.8,2271.7,,424073.4,816104.7,71454.4,,3927.3,,277612.9,119975.2,30083.8,21023.9,7156686.0,6795301.6,2937577.2,,42952.9,,,,,,73637.8,157051.7,2331633.0,2835302.7,136759.8
1978-01-01,,110777.9,60321.2,76905.7,,,220100.6,78256.1,,,,,628290.8,38525.5,,214351.8,,,2595718.6,31850.0,406448.8,,5072350.7,412305.4,65918.9,,,,,16945.8,2201.4,,409508.4,792936.8,68067.9,,3804.9,,266882.2,117546.8,29384.3,20514.8,6889654.8,6541754.5,2859714.3,,41776.4,,,,,,71218.3,154154.0,2202760.0,2689742.8,131150.1
1977-10-01,,108164.3,62125.8,75068.9,,,215004.8,77269.2,,,,,616617.9,38548.5,,209875.5,,,2535875.3,31057.4,395199.2,,4957049.4,401613.5,62488.5,,,,,16394.0,2139.4,,397509.1,766834.8,67474.4,,3700.9,,257282.7,115690.2,28204.0,20297.7,6734544.9,6394477.0,2795148.4,,40933.1,,,,,,69052.8,151660.4,2164270.0,2636557.4,126688.7
1977-07-01,,106396.0,59484.3,72859.2,,,207559.5,75701.3,,,,,593357.8,38014.7,,204146.6,,,2454587.0,30427.5,385740.0,,4819497.2,387416.1,57671.2,,,,,15738.4,2060.1,,386595.7,740355.0,63784.3,,3589.3,,246513.2,112190.4,27495.7,19974.1,6541103.0,6210803.2,2707748.1,,39938.0,,,,,,67417.8,147904.0,2118473.0,2572545.7,123778.6
1977-04-01,,105482.7,58497.4,71708.9,,,203622.3,74169.3,,,,,586346.4,36259.6,,200858.6,,,2419447.0,29795.1,378611.7,,4717501.7,380948.7,56765.1,,,,,15168.7,1995.7,,385762.0,726301.5,59482.8,,3526.1,,240094.5,109664.1,26799.7,19930.1,6402033.8,6078756.4,2667933.4,,39260.9,,,,,,66273.6,145521.7,2055909.0,2499625.8,124429.3
1977-01-01,,102507.1,56790.5,70861.3,,,199577.4,73000.8,,,,,574734.2,35409.5,,197088.8,,,2381029.4,29370.7,371074.9,,4604688.2,377429.4,58092.3,,,,,14583.3,1927.2,,382219.1,711005.2,55963.5,,3476.0,,235274.4,107665.6,26160.2,19868.9,6253900.3,5938103.1,2625258.6,,38048.0,,,,,,64185.9,143141.0,1988648.0,2423499.7,122869.5
1976-10-01,,101236.5,55689.8,69939.4,,,193377.3,71651.9,,,,,560878.1,35357.6,,192505.6,,,2331069.5,29147.5,361316.7,,4480978.0,371000.2,57408.0,,,,,14014.9,1854.7,,375491.9,684640.8,54353.7,,3418.2,,230313.7,103940.6,25574.8,19749.0,6096004.2,5788180.1,2570236.0,,37246.2,,,,,,63714.9,140085.1,1934273.0,2357964.1,121066.1
1976-07-01,,98684.7,53920.6,68916.9,,,189676.2,69476.8,,,,,541044.0,34661.3,,187726.4,,,2254549.1,28395.8,350640.7,,4358287.8,356610.8,52316.8,,,,,13526.0,1783.2,,362036.4,671721.6,52822.2,,3353.2,,224781.8,103304.3,24982.6,19678.2,5930740.5,5631261.5,2487338.8,,35296.5,,,,,,62799.2,136547.1,1886558.0,2301016.0,119985.8
1976-04-01,,96662.1,51958.5,67448.8,,,186929.0,67450.3,,,,,533942.5,33780.9,,183547.3,,,2202850.0,27714.7,343606.7,,4267428.5,348422.9,52992.8,,,,,13220.8,1724.0,,348211.6,653983.8,51098.1,,3277.5,,220133.8,98344.6,24356.4,19708.9,5802508.0,5509504.3,2428656.6,,34665.0,,,,,,61715.5,132275.9,1852332.0,2259394.7,115340.4
1976-01-01,,95203.7,50479.4,65453.5,,,180805.2,66519.2,,,,,520708.5,32742.1,,179662.6,,,2153319.4,27331.2,335092.8,,4183467.5,345449.9,52212.9,,,,,13063.3,1674.2,,337150.5,643773.5,48469.0,,3192.1,,215953.6,97186.7,23702.7,19321.9,5683423.4,5396432.9,2372419.1,,33771.8,,,,,,59822.0,127203.5,1820487.0,2217245.8,118261.7
1975-10-01,,90871.9,50225.9,63451.3,,,175868.5,66061.1,,,,,510802.9,31532.5,,176088.1,,,2103232.3,26933.4,326336.0,,4070577.3,335868.6,50004.6,,,,,12964.0,1630.2,,327966.2,631904.2,46355.3,,3119.7,,211485.3,95863.7,23031.2,18857.7,5532648.3,5253271.5,2316097.7,,32420.1,,,,,,59655.4,122142.8,1761831.0,2149184.8,116003.0
1975-07-01,,90228.4,48336.4,61148.2,,,171156.1,65614.6,,,,,492708.3,30726.4,,172114.1,,,2037548.3,26798.2,317050.9,,3951490.1,326293.4,46911.2,,,,,12768.5,1585.9,,319517.8,614943.6,44222.9,,3049.2,,205752.1,91063.3,22336.9,18575.1,5369443.5,5098307.8,2243609.7,,31245.3,,,,,,57817.1,116523.9,1709820.0,2086728.2,112651.3
1975-04-01,,89441.1,46974.9,59773.4,,,164798.7,65394.1,,,,,479252.8,29921.3,,168368.2,,,1992443.6,26636.2,310998.8,,3835562.1,321683.7,46975.4,,,,,12468.7,1550.9,,309899.6,597075.5,42362.7,,3025.1,,199663.1,89148.8,21608.5,18224.2,5219885.0,4956301.5,2192883.2,,30731.4,,,,,,56585.3,111886.1,1651853.0,2016314.8,110651.5
1975-01-01,,85558.1,46658.1,59416.0,,,160083.9,65306.6,,,,,474501.3,29573.6,,165849.8,,,1970927.7,26377.8,306807.4,,3758641.7,320427.6,46756.1,,,,,12099.7,1528.0,,305802.9,574902.6,40048.6,,3048.0,,193934.5,86753.7,20842.1,18003.2,5113970.1,4855734.8,2167088.0,,30763.7,,,,,,56092.0,108483.5,1616116.0,1970134.4,106197.4
1974-10-01,,83424.9,45637.0,58663.7,,,157437.3,65395.3,,,,,466589.2,29158.6,,162870.8,,,1936332.8,25280.0,302710.0,,3703737.6,312078.0,42375.9,,,,,11625.1,1497.6,,304725.1,560519.0,38347.6,,3054.8,,186842.8,86556.8,20078.5,17817.6,5025581.9,4771809.9,2127741.6,,30657.0,,,,,,54350.6,104437.3,1599679.0,1943959.2,104523.7
1974-07-01,,80628.5,44910.2,57599.1,,,154030.9,65961.5,,,,,458946.2,28398.9,,158154.1,,,1902822.4,24355.6,298854.1,,3628714.8,307180.3,39152.4,,,,,11092.5,1456.1,,302789.9,546887.3,37249.8,,3043.6,,178972.8,85378.5,19389.2,17569.6,4913001.2,4664914.1,2089549.2,,30032.4,,,,,,52934.5,99920.0,1560026.0,1893029.7,103366.1
1974-04-01,,77235.3,43438.1,55914.5,,,149520.9,65685.5,,,,,445896.4,27908.9,,152867.0,,,1844513.8,23492.6,287863.4,,3527591.2,296392.3,40696.5,,,,,10625.7,1407.9,,293550.6,524311.7,35775.9,,2991.1,,171511.4,82306.5,18747.6,16943.1,4772337.0,4531352.8,2025998.5,,29576.6,,,,,,50993.8,95643.6,1530056.0,1851088.3,98967.7
1974-01-01,,77024.6,42602.6,53952.8,,,144666.0,63913.9,,,,,436003.2,27539.9,,147558.9,,,1789774.7,22813.4,279068.6,,3426602.9,283254.4,41942.7,,,,,10270.1,1359.5,,283932.3,508469.4,35280.6,,2905.8,,165263.1,79467.0,18133.4,16353.9,4637658.6,4403475.2,1965208.5,,29456.2,,,,,,49007.0,92027.0,1491209.0,1801138.1,95543.0
1973-10-01,,75655.6,40964.6,52255.0,,,140767.0,61717.2,,,,,424158.3,26948.8,,142248.5,,,1750604.5,22504.0,270182.6,,3389693.1,285404.4,41969.5,,,,,9968.5,1311.8,,275879.6,517012.3,32796.6,,2807.4,,159948.4,77471.9,17545.2,15818.8,4569010.7,4338293.7,1920006.1,,28742.9,,,,,,49098.6,88827.3,1476289.0,1777004.4,92632.7
1973-07-01,,72402.8,39310.1,50517.1,,,135396.4,59368.0,,,,,414830.2,26484.7,,137097.9,,,1695679.1,21614.4,260060.1,,3288885.1,278832.3,40862.4,,,,,9712.9,1261.8,,264948.1,500980.0,31837.3,,2685.6,,154455.2,73158.7,17018.9,14942.9,4426307.8,4202796.7,1858944.3,,27774.7,,,,,,47789.9,85616.5,1433838.0,1723689.5,89532.8
1973-04-01,,70285.9,38447.5,48863.2,,,132316.8,57619.1,,,,,405749.6,25922.0,,132197.6,,,1646559.5,20355.6,251816.5,,3219843.3,273715.6,39829.2,,,,,9464.9,1214.7,,252074.5,490283.3,29820.6,,2570.3,,148934.3,72281.3,16550.8,14501.8,4323555.4,4105233.0,1805203.3,,26502.8,,,,,,46768.8,83259.3,1413887.0,1695138.1,86212.5
1973-01-01,,69023.6,37093.0,47442.8,,,128951.5,56747.7,,,,,396979.4,25243.8,,127881.2,,,1604656.2,20640.5,244684.4,,3138651.5,270840.9,37945.5,,,,,9233.6,1175.9,,240902.7,478802.4,28230.0,,2478.7,,143912.5,71400.8,16133.0,14148.4,4213984.7,4001195.1,1760636.7,,25573.8,,,,,,46315.0,81923.9,1377490.0,1650354.0,86200.3
1972-10-01,,66715.2,37175.6,46180.0,,,124353.0,55797.9,,,,,386662.3,24565.8,,124208.5,,,1551967.8,19659.4,236819.7,,3025377.9,254720.1,37407.4,,,,,9027.7,1144.2,,235562.3,458356.5,26839.1,,2404.4,,139355.4,68318.5,15767.7,13397.6,4068824.1,3863364.5,1705443.7,,24260.5,,,,,,44995.5,80766.1,1328904.0,1592612.4,85302.1
1972-07-01,,65350.6,35198.7,44890.0,,,120033.5,54138.8,,,,,376012.5,23981.5,,120318.1,,,1506593.3,19040.0,230113.1,,2935345.7,245358.8,35028.2,,,,,8783.8,1113.3,,231484.4,441777.5,25495.7,,2336.0,,134647.6,66597.7,15413.8,13066.3,3946812.8,3747514.4,1656577.2,,23844.4,,,,,,43606.2,79317.9,1290566.0,1545247.1,83464.7
1972-04-01,,65156.5,34346.3,43822.2,,,118555.9,53226.2,,,,,363878.7,23472.0,,116645.5,,,1470627.5,18462.7,225339.4,,2871172.1,241987.1,34978.6,,,,,8552.7,1087.7,,226355.1,428686.9,24879.8,,2276.0,,130506.5,65826.8,15064.1,13142.9,3859644.4,3664747.6,1617450.1,,22550.8,,,,,,42133.5,77444.6,1266369.0,1515431.4,83716.3
1972-01-01,,63347.3,34088.5,42969.5,,,114617.4,52858.6,,,,,355895.9,23020.8,,113275.2,,,1442040.4,18306.4,222682.9,,2800827.9,233802.7,33732.0,,,,,8347.4,1066.6,,224852.4,418367.6,23961.8,,2222.7,,126916.3,65158.2,14721.4,12657.0,3766582.0,3576384.5,1585908.0,,21945.5,,,,,,41740.3,75221.0,1230609.0,1472142.7,82078.7
1971-10-01,,62989.2,32493.1,41803.7,,,113249.1,51722.0,,,,,349996.7,22450.7,,109739.1,,,1406529.5,17220.8,216512.6,,2718754.8,230927.1,31611.8,,,,,8098.6,1037.0,,218524.3,399247.9,23200.4,,2157.3,,122305.1,62377.0,14414.8,12304.4,3654174.7,3469653.4,1546060.2,,21682.5,,,,,,40934.3,72356.8,1190297.0,1425851.2,82032.3
1971-07-01,,62775.1,32468.3,40884.1,,,110958.4,51022.8,,,,,347519.6,22009.1,,106663.4,,,1388537.0,17148.0,212877.3,,2684756.7,228207.5,31930.3,,,,,7904.5,1012.8,,215184.9,392334.0,22930.7,,2103.7,,118500.6,62435.1,14103.3,12129.9,3603955.4,3421969.9,1524666.2,,20730.5,,,,,,40470.8,69990.3,1177675.0,1407134.0,81209.8
1971-04-01,,60348.7,31562.6,40045.7,,,107023.9,50272.7,,,,,338096.4,21509.7,,103696.1,,,1352884.2,16948.7,207085.6,,2624861.9,222936.2,30185.4,,,,,7719.8,984.9,,209965.2,383483.6,22670.3,,2050.6,,115572.5,61417.6,13804.3,11715.2,3520784.6,3342998.9,1485913.8,,20390.0,,,,,,39274.5,67967.7,1156271.0,1378867.3,79775.9
1971-01-01,,59298.1,30608.4,39247.6,,,102658.0,48881.4,,,,,327106.9,20987.4,,100475.8,,,1316179.0,15831.0,200978.5,,2561902.8,217265.3,29128.0,,,,,7541.1,951.2,,206608.3,372129.7,21629.5,,1998.7,,113341.2,60194.9,13519.2,11447.2,3434894.2,3261445.7,1445786.0,,19348.4,,,,,,38858.7,66255.3,1135156.0,1351155.2,80069.0
1970-10-01,,57604.2,29985.1,38384.0,,,101518.2,47628.9,,,,,327903.6,20592.0,,98147.6,,,1303297.4,16264.9,196866.2,,2498567.8,216191.6,27967.1,,,,,7371.3,911.2,,204756.9,362723.3,21139.9,,1950.5,,110927.0,59160.5,13245.0,11230.3,3352770.6,3183469.0,1429718.0,,19074.7,,,,,,38681.4,64635.5,1088608.0,1301053.1,76964.0
1970-07-01,,56660.3,29232.4,37595.4,,,100162.1,46840.5,,,,,321431.5,20218.9,,96150.7,,,1276006.9,15895.6,191336.1,,2471506.4,211678.4,27746.7,,,,,7230.3,866.1,,202100.3,358738.9,19474.7,,1921.2,,108740.8,57366.8,12905.4,10944.6,3307665.0,3140641.0,1399860.5,,18533.1,,,,,,37569.3,63241.6,1086059.0,1294961.9,73623.3
1970-04-01,,56342.5,28508.7,36836.8,,,98291.1,45841.8,,,,,312879.8,19924.1,,94906.3,,,1246325.4,15479.0,186942.3,,2416121.2,207825.8,27028.2,,,,,7133.0,817.3,,196548.7,346258.5,19069.0,,1915.1,,106420.1,56077.1,12496.2,10773.9,3235784.6,3072390.3,1367860.2,,18251.7,,,,,,36068.8,62379.5,1067375.0,1272086.3,73671.4
1970-01-01,,54441.9,27397.6,35785.5,,,97041.9,44665.0,,,,,296948.2,19604.6,,93526.4,,,1203392.1,14836.5,181935.9,,2356776.2,200236.0,25695.1,,,,,7024.2,755.9,,192145.4,337268.8,18069.9,,1917.6,,102993.8,53822.9,12039.1,10718.9,3153262.6,2994035.3,1322300.1,,17520.4,,,,,,34995.8,61447.9,1051200.0,1251235.8,71269.0
1969-10-01,,52718.9,26525.6,34748.1,,,95069.6,43160.1,,,,,297361.9,19175.0,,90486.3,,,1174349.8,14448.9,176001.0,,2305935.2,197589.5,25100.4,,,,,6818.7,765.8,,179060.5,322705.6,18070.5,,1826.4,,99603.3,53824.5,11526.3,10600.4,3082894.2,2927220.3,1290304.9,,16845.9,,,,,,34537.3,60502.9,1038147.0,1232819.9,68452.3
1969-07-01,,51018.4,25945.8,33755.9,,,92618.5,42728.1,,,,,288831.1,18776.3,,88407.0,,,1150882.2,14090.0,172321.1,,2264625.8,193775.5,24313.4,,,,,6676.3,741.2,,180503.0,306620.7,17544.5,,1783.9,,96348.7,51706.0,11102.3,10396.7,3022178.5,2869570.4,1265066.9,,16180.0,,,,,,33817.0,59613.2,1029956.0,1218923.2,68622.8
1969-04-01,,49440.4,24996.5,32758.9,,,90466.6,40414.5,,,,,278868.1,18236.0,,85461.6,,,1119139.6,13533.8,168370.1,,2209426.7,189941.4,23456.7,,,,,6502.8,719.2,,177465.8,295294.7,15933.6,,1726.6,,93504.0,49865.3,10769.1,10136.7,2942152.7,2793585.6,1229789.5,,15673.9,,,,,,32282.1,58747.2,1009020.0,1192990.6,64284.5
1969-01-01,,47899.7,24227.0,31829.7,,,88923.3,38511.9,,,,,271582.7,17699.8,,84725.9,,,1090326.7,13242.8,162662.2,,2158491.0,186542.4,22596.1,,,,,6312.9,701.3,,172117.9,283325.4,15094.3,,1660.0,,91252.3,48398.8,10522.2,9684.4,2872655.8,2727598.0,1198081.6,,15503.6,,,,,,31225.0,58019.5,993337.0,1173512.6,63847.5
1968-10-01,,47631.8,23758.2,30972.7,,,86764.4,39104.0,,,,,262855.3,17089.3,,80926.4,,,1063679.9,12495.2,159993.8,,2107877.7,184491.5,21796.5,,,,,6133.6,684.5,,167735.1,278007.6,14228.0,,1596.5,,89215.4,47621.3,10360.4,9637.3,2806451.8,2664737.1,1171222.6,,15387.2,,,,,,30827.2,57393.7,968030.0,1144009.8,63376.3
1968-07-01,,45276.6,23243.9,30027.8,,,84454.1,37612.5,,,,,255304.1,16568.5,,76740.8,,,1032330.3,12133.6,155939.1,,2048618.7,180958.4,20931.3,,,,,5939.2,665.6,,161785.4,259352.6,14287.2,,1529.4,,86907.1,45475.1,10211.1,9178.5,2725278.0,2587662.2,1137381.1,,15125.5,,,,,,30628.3,56561.6,950825.0,1122186.2,61184.9
1968-04-01,,44199.3,22624.6,29355.5,,,82515.8,36220.7,,,,,247396.9,16205.3,,75467.9,,,991578.5,11939.5,139030.0,,1986712.8,175716.5,20306.5,,,,,5766.1,659.7,,156569.6,251140.1,13462.9,,1484.5,,84744.7,44778.4,10062.8,8595.9,2646990.9,2513328.3,1094325.5,,14826.9,,,,,,30110.5,55803.8,934344.0,1101604.5,60111.8
1968-01-01,,42346.4,22127.7,28814.1,,,79646.6,35644.6,,,,,242538.5,15854.0,,72486.3,,,981940.3,11614.6,148114.4,,1946220.4,174364.7,19809.1,,,,,5594.2,663.5,,151846.7,240322.4,13062.2,,1455.1,,82345.6,44318.3,9922.8,8667.4,2589579.9,2458816.3,1083038.8,,14411.0,,,,,,28591.5,54867.7,909387.0,1071379.2,58881.7
1967-10-01,,42142.4,21654.2,28266.1,,,78073.3,34682.5,,,,,237561.3,15531.4,,70190.6,,,954446.5,11296.3,142536.5,,1888129.8,166502.1,19308.5,,,,,5422.0,666.7,,149870.8,232146.7,12142.6,,1425.3,,79942.0,42384.3,9791.0,8611.1,2514964.9,2387969.1,1053472.0,,13894.0,,,,,,28603.2,53885.4,881439.0,1039454.3,57361.2
1967-07-01,,41329.9,21073.6,27723.1,,,76866.1,34120.4,,,,,232058.5,15211.2,,69770.0,,,934716.1,11219.5,139945.9,,1848874.9,164053.4,18814.1,,,,,5250.8,669.8,,145489.5,225228.5,11897.9,,1395.7,,77562.6,41609.4,9637.8,8560.5,2463079.0,2338703.2,1032024.8,,13401.1,,,,,,27700.3,52880.7,865233.0,1019661.6,57540.7
1967-04-01,,40305.7,21026.3,27214.1,,,75977.8,34202.0,,,,,224756.8,14731.3,,67944.4,,,914575.8,11172.8,137237.1,,1806804.6,162218.8,18380.3,,,,,5110.2,670.8,,142025.3,215605.8,11296.6,,1379.3,,75600.4,40505.9,9460.8,8651.9,2409282.3,2287623.1,1011201.9,,12953.6,,,,,,27919.5,52292.5,848983.0,1000561.1,54324.9
1967-01-01,,40135.9,20724.0,26808.4,,,73964.4,34372.4,,,,,224329.3,14457.6,,66699.1,,,900769.4,11016.6,135099.5,,1783685.2,158928.3,18055.9,,,,,5008.8,671.7,,138293.9,208899.8,10938.7,,1377.9,,74229.1,39832.3,9256.2,8691.8,2378459.6,2258356.8,997327.1,,12618.5,,,,,,27519.2,52257.4,844170.0,992363.4,54263.2
1966-10-01,,38539.8,20477.1,26424.9,,,73675.2,33327.8,,,,,224465.0,14216.5,,66097.7,,,889149.0,11094.0,132208.9,,1757840.5,156604.2,17748.7,,,,,4910.0,673.3,,134938.7,202646.5,10544.2,,1377.4,,72922.9,39118.9,9028.6,8776.1,2343179.3,2224858.0,984451.2,,12333.7,,,,,,27133.3,52272.5,833302.0,979900.1,51872.0
1966-07-01,,37895.0,20132.2,25945.5,,,72212.0,32655.6,,,,,226317.3,13991.3,,65289.2,,,881629.7,10657.8,130369.3,,1734496.0,155681.1,17370.2,,,,,4797.3,672.4,,133249.6,197028.8,10322.2,,1372.8,,71340.9,38639.7,8830.2,8835.6,2309757.4,2193123.8,975851.3,,12032.5,,,,,,25783.8,52063.5,819638.0,963190.8,51546.2
1966-04-01,,36452.1,19858.0,25481.8,,,71508.7,32767.6,,,,,223899.5,13785.2,,63389.9,,,864869.0,10434.7,127744.0,,1700516.6,153468.9,16976.9,,,,,4718.0,658.8,,128405.4,190509.1,10343.4,,1360.4,,69649.0,37545.4,8657.3,8779.4,2264586.7,2150234.0,958011.3,,11777.9,,,,,,26023.0,51058.6,804981.0,946138.6,50280.4
1966-01-01,,35652.4,19713.4,25092.1,,,69389.1,30869.0,,,,,221442.6,13506.0,,59670.2,,,847264.5,10085.0,124756.0,,1670019.3,151243.3,16615.1,,,,,4678.0,635.2,,125616.4,181837.9,9629.8,,1343.4,,68030.8,36190.2,8506.8,8598.2,2217569.5,2105591.0,936718.8,,11582.8,,,,,,25730.0,49443.3,795734.0,933153.9,49505.1
1965-10-01,,35510.7,18999.2,24741.8,,,67530.4,31130.1,,,,,216006.6,13282.9,,59646.3,,,834966.5,10172.0,122820.9,,1627562.5,149763.9,16284.6,,,,,4643.3,612.7,,123641.1,175942.5,9024.1,,1328.1,,66528.7,36848.0,8378.6,8365.3,2167166.2,2057732.9,922974.2,,11421.5,,,,,,25366.2,47886.3,771857.0,905916.2,48723.0
1965-07-01,,35169.1,18803.1,24383.1,,,65419.0,31011.0,,,,,213256.6,13021.6,,57442.6,,,819253.2,10143.2,120385.7,,1589013.4,147557.7,15947.3,,,,,4607.4,589.7,,120984.9,172086.5,8704.1,,1312.3,,65003.4,35652.6,8232.1,8160.7,2116084.8,2009230.9,905365.0,,11238.3,,,,,,24517.1,46279.0,749323.0,879745.5,47421.6
1965-04-01,,35127.4,18342.3,24089.2,,,64197.3,30577.5,,,,,210986.6,12764.0,,56525.7,,,807350.5,9951.6,118190.9,,1555431.7,145344.2,15583.4,,,,,4571.8,572.9,,118902.8,167618.8,8703.8,,1302.2,,63790.4,35114.2,8063.2,8020.2,2074663.3,1969901.0,892252.1,,11038.7,,,,,,24642.9,45688.0,730191.0,858178.7,47419.1
1965-01-01,,34441.9,18157.1,23783.2,,,63192.7,30411.5,,,,,206731.4,12518.7,,55913.4,,,794044.4,9798.9,114968.7,,1528211.2,144641.1,15143.6,,,,,4525.8,560.2,,116095.9,164791.5,8640.2,,1294.2,,62667.4,35192.3,7876.2,7862.6,2041242.6,1938167.9,878781.5,,10778.0,,,,,,24502.1,45889.3,717790.0,843650.1,46589.7
1964-10-01,,33975.8,18201.0,23468.1,,,60976.2,29490.8,,,,,202274.1,12249.2,,54413.0,,,780651.1,9453.9,114034.3,,1494782.8,143652.2,14697.5,,,,,4478.5,547.1,,113898.9,162628.1,8572.1,,1285.8,,61520.4,34058.4,7670.6,7651.3,1997944.7,1897056.4,864413.5,,10490.3,,,,,,23995.9,46053.9,697319.0,819815.6,45793.0
1964-07-01,,32901.7,17619.4,23162.2,,,60356.9,29570.7,,,,,198649.6,11969.6,,52857.4,,,767337.0,9371.8,112342.2,,1477558.4,140536.9,14259.4,,,,,4432.4,534.1,,113755.6,159886.2,8154.6,,1277.9,,60402.2,33481.4,7472.8,7487.5,1971950.0,1872374.3,851154.2,,10237.9,,,,,,23383.4,46239.5,692031.0,812790.1,44359.8
1964-04-01,,32542.7,17381.9,22740.9,,,59402.8,29650.2,,,,,195708.1,11665.1,,52123.5,,,756694.8,9227.1,110392.7,,1453360.8,138915.6,13900.5,,,,,4365.4,518.9,,113441.1,156826.5,7588.4,,1255.0,,58895.7,32696.1,7282.7,7332.2,1939585.3,1841643.9,840381.5,,10004.3,,,,,,22877.6,46234.9,678674.0,796972.6,43658.8
1964-01-01,,31643.3,17096.9,22232.4,,,58925.9,28574.5,,,,,192855.6,11288.8,,51111.2,,,746324.4,9146.1,109060.9,,1433163.2,135494.5,13631.6,,,,,4281.0,502.0,,114239.2,152765.1,7680.0,,1218.9,,57079.0,32210.7,7099.4,7263.2,1910237.9,1813778.4,828600.0,,9812.4,,,,,,22644.2,46099.7,669822.0,785826.9,42719.2
1963-10-01,,31534.2,16863.3,21708.2,,,57378.5,28451.4,,,,,189521.3,10841.3,,50628.9,,,733432.3,8893.1,106526.3,,1401520.2,134478.1,13353.0,,,,,4193.0,484.5,,112100.4,147577.7,7219.6,,1181.9,,55220.1,31478.4,6925.5,7188.2,1869669.2,1775258.3,815202.1,,9636.7,,,,,,22028.4,45908.5,653938.0,766536.5,41883.8
1963-07-01,,30692.2,16386.4,21092.4,,,55189.4,27953.0,,,,,187221.5,10530.0,,49280.8,,,718874.5,8683.3,105468.3,,1374227.9,130472.9,13010.8,,,,,4089.6,464.8,,109923.7,141508.0,7058.1,,1140.7,,53114.9,30568.4,6775.2,7014.3,1830987.8,1738530.2,799509.2,,9417.1,,,,,,21588.5,45441.6,644444.0,752748.3,40675.7
1963-04-01,,29382.5,16188.7,20741.9,,,54621.8,27312.2,,,,,180650.9,10305.9,,48101.3,,,701658.8,8596.1,101814.2,,1341422.6,129373.5,12691.8,,,,,4020.3,450.2,,107923.2,137287.0,6760.0,,1118.4,,51764.3,29771.8,6638.2,6931.6,1787788.6,1697512.4,781013.1,,9288.8,,,,,,21072.0,44953.7,629752.0,736138.1,39868.1
1963-01-01,,29695.8,15677.8,20515.3,,,53707.3,26228.6,,,,,172536.6,10240.9,,47875.6,,,674742.8,8349.7,96864.4,,1306179.7,123580.2,12310.2,,,,,3965.5,437.9,,104710.0,133109.2,6865.1,,1108.3,,50791.3,27373.3,6521.0,6792.4,1742673.0,1654674.9,752041.8,,9139.5,,,,,,20495.8,44111.6,621672.0,726170.5,38709.9
1962-10-01,,28888.9,15543.0,20242.0,,,53162.6,26372.6,,,,,177925.3,10226.8,,44998.2,,,676702.2,8378.1,97843.5,,1298384.9,123108.4,11896.0,,,,,3903.5,424.6,,103332.3,130732.7,6374.2,,1096.0,,49693.4,28850.9,6425.4,6503.4,1727930.8,1640677.1,753041.9,,8962.9,,,,,,20395.3,43117.2,612280.0,715136.1,38267.1
1962-07-01,,28280.0,15488.4,20008.5,,,52029.1,26191.2,,,,,178021.9,10159.7,,44669.4,,,671753.6,8218.1,96266.3,,1287697.8,123100.5,11508.7,,,,,3847.4,412.1,,101456.4,127796.7,6077.2,,1085.6,,48700.4,28894.8,6323.5,6596.4,1711836.0,1625395.1,746888.3,,8810.4,,,,,,20217.6,42208.0,609027.0,709756.5,37700.7
1962-04-01,,27988.8,15334.7,19739.3,,,51208.7,25775.4,,,,,173281.7,10027.2,,43416.3,,,659641.3,8044.0,94579.0,,1268039.5,122077.6,11336.5,,,,,3796.6,400.1,,100531.0,125995.6,5922.3,,1076.7,,47907.3,27954.5,6217.4,6437.7,1684519.2,1599457.6,733631.2,,8661.5,,,,,,19784.8,41597.1,600366.0,699482.0,36892.7
1962-01-01,,27418.0,15301.2,19447.3,,,50713.1,25477.7,,,,,171078.6,9838.0,,42252.9,,,649741.4,8204.2,92779.5,,1252039.7,120272.3,11370.4,,,,,3752.1,388.9,,99126.8,124056.3,5981.0,,1069.6,,47326.4,27400.2,6106.8,6353.9,1662846.6,1578879.5,723017.7,,8508.1,,,,,,19340.1,41302.9,594013.0,692052.5,36622.7
1961-10-01,,26560.0,14985.4,19097.1,,,49198.3,25205.1,,,,,167792.4,9523.6,,41000.4,,,636988.0,8041.1,90364.1,,1225802.6,118996.3,11366.3,,,,,3698.6,376.4,,97057.8,121781.7,5765.3,,1059.9,,46594.7,26522.7,5994.8,6305.6,1628443.5,1546213.6,709396.1,,8344.6,,,,,,19137.7,40831.8,580612.0,676405.0,35303.9
1961-07-01,,26217.5,14901.9,18778.9,,,48375.7,24649.3,,,,,166516.1,9281.8,,39703.3,,,629083.4,7854.3,88477.7,,1201395.0,119400.4,11383.9,,,,,3649.4,364.5,,94901.9,116059.1,5636.7,,1051.5,,45947.7,26041.3,5879.7,6270.2,1597257.8,1516602.6,700431.7,,8193.6,,,,,,18947.4,40454.7,567664.0,661987.4,34822.6
1961-04-01,,26308.2,14640.6,18495.7,,,47119.4,24301.8,,,,,162389.1,9039.7,,38834.2,,,617214.6,7783.4,86779.1,,1176226.3,118317.2,11211.7,,,,,3597.2,357.9,,92504.4,113572.1,5699.9,,1043.4,,45348.5,25959.0,5762.5,6199.1,1566825.4,1487706.9,687914.7,,8032.6,,,,,,18587.1,40277.9,555545.0,648012.9,34076.2
1961-01-01,,26625.7,14693.9,18242.2,,,45918.2,23941.7,,,,,162883.5,8770.2,,37104.8,,,610977.8,7701.6,85386.2,,1158335.2,117856.7,10861.7,,,,,3541.8,356.1,,90336.5,110936.2,5471.2,,1035.4,,44785.0,26215.5,5643.3,6121.9,1544023.0,1466055.9,681179.8,,7886.0,,,,,,18461.8,40260.9,545018.0,635721.3,34116.8
1960-10-01,,26535.0,14195.8,17989.3,,,,23107.6,,,,,160709.5,8588.5,,36014.9,,,597949.7,7389.8,83807.9,,,115465.2,10513.1,,,,,3486.4,354.2,,86958.2,107417.7,5241.1,,1027.3,,44223.6,26022.1,5522.1,6026.2,,,667160.8,,7765.3,,,,,,18016.4,40227.2,540197.0,,33723.5
1960-07-01,,26480.2,13975.6,17723.8,,,,23033.3,,,,,158870.3,8416.5,,35165.7,,,590137.1,7228.7,82532.3,,,114100.4,10154.2,,,,,3429.0,351.9,,86662.6,103133.0,5178.6,,1018.5,,43629.0,25577.8,5404.5,5930.0,,,659061.3,,7638.7,,,,,,17642.9,40134.4,545604.0,,33492.4
1960-04-01,,26341.8,13734.9,17453.3,,,,22134.0,,,,,152471.7,8300.8,,34024.6,,,576798.8,7104.9,81520.7,,,112227.7,9794.4,,,,,3370.9,349.5,,85043.3,99355.1,5144.9,,1009.4,,43020.3,25848.1,5290.3,5869.7,,,644568.9,,7544.3,,,,,,17349.9,39996.3,541080.0,,32635.2
1960-01-01,,25469.8,13380.7,17199.2,,,,21649.1,,,,,149649.6,8214.0,,33200.1,,,568679.0,6935.3,80652.4,,,112259.7,9447.2,,,,,3315.2,347.1,,83646.0,98919.1,4868.5,,1000.9,,42452.3,25203.7,5178.8,5827.4,,,635734.5,,7478.6,,,,,,17096.3,39880.5,542648.0,,31902.8
1959-10-01,,,,,,,,,,,,,,,,,,,,,,,,109546.8,,,,,,,,,,,,,,,,,,,,,,,,,,,,,,,528600.0,,
1959-07-01,,,,,,,,,,,,,,,,,,,,,,,,106246.2,,,,,,,,,,,,,,,,,,,,,,,,,,,,,,,525034.0,,
1959-04-01,,,,,,,,,,,,,,,,,,,,,,,,104382.0,,,,,,,,,,,,,,,,,,,,,,,,,,,,,,,522653.0,,
1959-01-01,,,,,,,,,,,,,,,,,,,,,,,,102119.0,,,,,,,,,,,,,,,,,,,,,,,,,,,,,,,510330.0,,
1958-10-01,,,,,,,,,,,,,,,,,,,,,,,,101497.4,,,,,,,,,,,,,,,,,,,,,,,,,,,,,,,499555.0,,
1958-07-01,,,,,,,,,,,,,,,,,,,,,,,,100710.6,,,,,,,,,,,,,,,,,,,,,,,,,,,,,,,485841.0,,
1958-04-01,,,,,,,,,,,,,,,,,,,,,,,,98331.4,,,,,,,,,,,,,,,,,,,,,,,,,,,,,,,471978.0,,
1958-01-01,,,,,,,,,,,,,,,,,,,,,,,,100279.7,,,,,,,,,,,,,,,,,,,,,,,,,,,,,,,467540.0,,
1957-10-01,,,,,,,,,,,,,,,,,,,,,,,,97546.0,,,,,,,,,,,,,,,,,,,,,,,,,,,,,,,474864.0,,
1957-07-01,,,,,,,,,,,,,,,,,,,,,,,,96694.2,,,,,,,,,,,,,,,,,,,,,,,,,,,,,,,479490.0,,
1957-04-01,,,,,,,,,,,,,,,,,,,,,,,,96076.5,,,,,,,,,,,,,,,,,,,,,,,,,,,,,,,472025.0,,
1957-01-01,,,,,,,,,,,,,,,,,,,,,,,,95209.6,,,,,,,,,,,,,,,,,,,,,,,,,,,,,,,469779.0,,
1956-10-01,,,,,,,,,,,,,,,,,,,,,,,,93175.1,,,,,,,,,,,,,,,,,,,,,,,,,,,,,,,460463.0,,
1956-07-01,,,,,,,,,,,,,,,,,,,,,,,,91794.2,,,,,,,,,,,,,,,,,,,,,,,,,,,,,,,451191.0,,
1956-04-01,,,,,,,,,,,,,,,,,,,,,,,,90670.5,,,,,,,,,,,,,,,,,,,,,,,,,,,,,,,446010.0,,
1956-01-01,,,,,,,,,,,,,,,,,,,,,,,,89990.6,,,,,,,,,,,,,,,,,,,,,,,,,,,,,,,439746.0,,
1955-10-01,,,,,,,,,,,,,,,,,,,,,,,,87916.6,,,,,,,,,,,,,,,,,,,,,,,,,,,,,,,437092.0,,
1955-07-01,,,,,,,,,,,,,,,,,,,,,,,,87172.2,,,,,,,,,,,,,,,,,,,,,,,,,,,,,,,430221.0,,
1955-04-01,,,,,,,,,,,,,,,,,,,,,,,,84800.5,,,,,,,,,,,,,,,,,,,,,,,,,,,,,,,421532.0,,
1955-01-01,,,,,,,,,,,,,,,,,,,,,,,,84427.0,,,,,,,,,,,,,,,,,,,,,,,,,,,,,,,413073.0,,
1954-10-01,,,,,,,,,,,,,,,,,,,,,,,,,,,,,,,,,,,,,,,,,,,,,,,,,,,,,,,399734.0,,
1954-07-01,,,,,,,,,,,,,,,,,,,,,,,,,,,,,,,,,,,,,,,,,,,,,,,,,,,,,,,390996.0,,
1954-04-01,,,,,,,,,,,,,,,,,,,,,,,,,,,,,,,,,,,,,,,,,,,,,,,,,,,,,,,386121.0,,
1954-01-01,,,,,,,,,,,,,,,,,,,,,,,,,,,,,,,,,,,,,,,,,,,,,,,,,,,,,,,385345.0,,
1953-10-01,,,,,,,,,,,,,,,,,,,,,,,,,,,,,,,,,,,,,,,,,,,,,,,,,,,,,,,385970.0,,
1953-07-01,,,,,,,,,,,,,,,,,,,,,,,,,,,,,,,,,,,,,,,,,,,,,,,,,,,,,,,391171.0,,
1953-04-01,,,,,,,,,,,,,,,,,,,,,,,,,,,,,,,,,,,,,,,,,,,,,,,,,,,,,,,391749.0,,
1953-01-01,,,,,,,,,,,,,,,,,,,,,,,,,,,,,,,,,,,,,,,,,,,,,,,,,,,,,,,387980.0,,
1952-10-01,,,,,,,,,,,,,,,,,,,,,,,,,,,,,,,,,,,,,,,,,,,,,,,,,,,,,,,380812.0,,
1952-07-01,,,,,,,,,,,,,,,,,,,,,,,,,,,,,,,,,,,,,,,,,,,,,,,,,,,,,,,367701.0,,
1952-04-01,,,,,,,,,,,,,,,,,,,,,,,,,,,,,,,,,,,,,,,,,,,,,,,,,,,,,,,361030.0,,
1952-01-01,,,,,,,,,,,,,,,,,,,,,,,,,,,,,,,,,,,,,,,,,,,,,,,,,,,,,,,359820.0,,
1951-10-01,,,,,,,,,,,,,,,,,,,,,,,,,,,,,,,,,,,,,,,,,,,,,,,,,,,,,,,356178.0,,
1951-07-01,,,,,,,,,,,,,,,,,,,,,,,,,,,,,,,,,,,,,,,,,,,,,,,,,,,,,,,351385.0,,
1951-04-01,,,,,,,,,,,,,,,,,,,,,,,,,,,,,,,,,,,,,,,,,,,,,,,,,,,,,,,344090.0,,
1951-01-01,,,,,,,,,,,,,,,,,,,,,,,,,,,,,,,,,,,,,,,,,,,,,,,,,,,,,,,336000.0,,
1950-10-01,,,,,,,,,,,,,,,,,,,,,,,,,,,,,,,,,,,,,,,,,,,,,,,,,,,,,,,319945.0,,
1950-07-01,,,,,,,,,,,,,,,,,,,,,,,,,,,,,,,,,,,,,,,,,,,,,,,,,,,,,,,308153.0,,
1950-04-01,,,,,,,,,,,,,,,,,,,,,,,,,,,,,,,,,,,,,,,,,,,,,,,,,,,,,,,290383.0,,
1950-01-01,,,,,,,,,,,,,,,,,,,,,,,,,,,,,,,,,,,,,,,,,,,,,,,,,,,,,,,280828.0,,
1949-10-01,,,,,,,,,,,,,,,,,,,,,,,,,,,,,,,,,,,,,,,,,,,,,,,,,,,,,,,270627.0,,
1949-07-01,,,,,,,,,,,,,,,,,,,,,,,,,,,,,,,,,,,,,,,,,,,,,,,,,,,,,,,272889.0,,
1949-04-01,,,,,,,,,,,,,,,,,,,,,,,,,,,,,,,,,,,,,,,,,,,,,,,,,,,,,,,271351.0,,
1949-01-01,,,,,,,,,,,,,,,,,,,,,,,,,,,,,,,,,,,,,,,,,,,,,,,,,,,,,,,275034.0,,
1948-10-01,,,,,,,,,,,,,,,,,,,,,,,,,,,,,,,,,,,,,,,,,,,,,,,,,,,,,,,280366.0,,
1948-07-01,,,,,,,,,,,,,,,,,,,,,,,,,,,,,,,,,,,,,,,,,,,,,,,,,,,,,,,279196.0,,
1948-04-01,,,,,,,,,,,,,,,,,,,,,,,,,,,,,,,,,,,,,,,,,,,,,,,,,,,,,,,272567.0,,
1948-01-01,,,,,,,,,,,,,,,,,,,,,,,,,,,,,,,,,,,,,,,,,,,,,,,,,,,,,,,265742.0,,
1947-10-01,,,,,,,,,,,,,,,,,,,,,,,,,,,,,,,,,,,,,,,,,,,,,,,,,,,,,,,259745.0,,
1947-07-01,,,,,,,,,,,,,,,,,,,,,,,,,,,,,,,,,,,,,,,,,,,,,,,,,,,,,,,249585.0,,
1947-04-01,,,,,,,,,,,,,,,,,,,,,,,,,,,,,,,,,,,,,,,,,,,,,,,,,,,,,,,245968.0,,
1947-01-01,,,,,,,,,,,,,,,,,,,,,,,,,,,,,,,,,,,,,,,,,,,,,,,,,,,,,,,243164.0,,
