cik,ticker,name
0001045810,NVDA,NVIDIA CORP
0000320193,AAPL,Apple Inc.
0001652044,GOOGL,Alphabet Inc.
0000789019,MSFT,MICROSOFT CORP
0001018724,AMZN,AMAZON COM INC
0001730168,AVGO,Broadcom Inc.
0001326801,META,"Meta Platforms, Inc."
0001318605,TSLA,"Tesla, Inc."
0001067983,BRK-B,BERKSHIRE HATHAWAY INC
0000104169,WMT,Walmart Inc.
0001403161,V,VISA INC.
0000937966,ASML,ASML HOLDING NV
0000200406,JNJ,JOHNSON & JOHNSON
0000050863,INTC,INTEL CORP
0000858877,CSCO,"CISCO SYSTEMS, INC."
0001551152,ABBV,AbbVie Inc.
0000909832,COST,COSTCO WHOLESALE CORP /NEW
0000006951,AMAT,APPLIED MATERIALS INC /DE
0001781193,QH,QUHUO Ltd
0000093410,CVX,CHEVRON CORP
0000731766,UNH,UNITEDHEALTH GROUP INC
0000707549,LRCX,LAM RESEARCH CORP
0000021344,KO,COCA COLA CO
0000040545,GE,GENERAL ELECTRIC CO
0001341439,ORCL,ORACLE CORP
0002070829,CYATY,"Contemporary Amperex Technology Co., Limited/ADR"
0001089113,HSBC,HSBC HOLDINGS PLC
0000895421,MS,MORGAN STANLEY
0001065280,NFLX,NETFLIX INC
0001413329,PM,Philip Morris International Inc.
0001114448,NVS,NOVARTIS AG
0001321655,PLTR,Palantir Technologies Inc.
0001000275,RY,ROYAL BANK OF CANADA
0001577552,BABA,Alibaba Group Holding Ltd
0000101829,RTX,RTX Corp
0001327567,PANW,Palo Alto Networks Inc
0001996810,GEV,GE Vernova Inc.
0001571996,DELL,Dell Technologies Inc.
0001973239,ARM,ARM HOLDINGS PLC /UK
0000072971,WFC,WELLS FARGO & COMPANY/MN
0001306965,SHEL,Shell plc
0000067088,MUFG,MITSUBISHI UFJ FINANCIAL GROUP INC
0000097476,TXN,TEXAS INSTRUMENTS INC
0000319201,KLAC,KLA CORP
0000004962,AXP,AMERICAN EXPRESS CO
0001596532,ANET,"Arista Networks, Inc."
0001094517,TM,TOYOTA MOTOR CORP/
0000831001,C,CITIGROUP INC
0001707925,LIN,LINDE PLC
0000811809,BHP,BHP Group Ltd
0001000184,SAP,SAP SE
0000051143,IBM,INTERNATIONAL BUSINESS MACHINES CORP
0000318154,AMGN,AMGEN INC
0000353278,NVO,NOVO NORDISK A S
0000891478,SAN,"Banco Santander, S.A."
0000947263,TD,TORONTO DOMINION BANK
0001137789,STX,Seagate Technology Holdings plc
0000879764,TTE,TotalEnergies SE
0000732712,VZ,VERIZON COMMUNICATIONS INC
0001535527,CRWD,"CrowdStrike Holdings, Inc."
0000077476,PEP,PEPSICO INC
0002023554,SNDK,Sandisk Corp
0001283699,TMUS,"T-Mobile US, Inc."
0000001800,ABT,ABBOTT LABORATORIES
0000753308,NEE,NEXTERA ENERGY INC
0000316709,SCHW,SCHWAB CHARLES CORP
0000887028,RTNTF,RIO TINTO LTD
0000109198,TJX,TJX COMPANIES INC /DE/
0000100885,UNP,UNION PACIFIC CORP
0001835632,MRVL,"Marvell Technology, Inc."
0001610520,UBS,UBS Group AG
0000012927,BA,BOEING CO
0000766704,WELL,WELLTOWER INC.
0001668717,BUD,Anheuser-Busch InBev SA/NV
0001022837,SMFG,"SUMITOMO MITSUI FINANCIAL GROUP, INC."
0000882095,GILD,"GILEAD SCIENCES, INC."
0000315189,DE,DEERE & CO
0001393818,BX,Blackstone Inc.
0000732717,T,AT&T INC.
0000863064,RIO,RIO TINTO PLC
0000804328,QCOM,QUALCOMM INC/DE
0002053383,KXIAY,Kioxia Holdings Corporation/ADR
0000842180,BBVA,"BANCO BILBAO VIZCAYA ARGENTARIA, S.A."
0001594805,SHOP,SHOPIFY INC.
0001075531,BKNG,Booking Holdings Inc.
0000946770,DTEGY,DEUTSCHE TELEKOM AG
0001381197,IBKR,"Interactive Brokers Group, Inc."
0000047710,HTHIY,HITACHI LTD
0001163165,COP,CONOCOPHILLIPS
0001830056,SMERY,Siemens Energy AG/ADR
0001001838,SCCO,SOUTHERN COPPER CORP/
0001158838,ATEYY,ADVANTEST CORP
0001543151,UBER,"Uber Technologies, Inc"
0001045609,PLD,"Prologis, Inc."
0000313616,DHR,DANAHER CORP /DE/
0000217410,UL,UNILEVER PLC
0000313838,SONY,Sony Group Corp
0000896159,CB,Chubb Ltd
0000064803,CVS,CVS HEALTH Corp
0000936468,LMT,LOCKHEED MARTIN CORP
0000014272,BMY,BRISTOL MYERS SQUIBB CO
0001751008,APP,AppLovin Corp
0001303523,BTI,British American Tobacco p.l.c.
0000927628,COF,CAPITAL ONE FINANCIAL CORP
0001035267,ISRG,INTUITIVE SURGICAL INC
0001335730,MFG,MIZUHO FINANCIAL GROUP INC
0000927971,BMO,BANK OF MONTREAL /CAN/
0001737806,PDD,PDD Holdings Inc.
0001119639,PBR,PETROBRAS - PETROLEO BRASILEIRO SA
0000310764,SYK,STRYKER CORP
0000080661,PGR,PROGRESSIVE CORP/OH/
0000076334,PH,Parker-Hannifin Corp
0001144967,HDB,HDFC BANK LTD
0000064040,SPGI,S&P Global Inc.
0000024741,GLW,CORNING INC /NY
0000875320,VRTX,VERTEX PHARMACEUTICALS INC / MA
0000829224,SBUX,STARBUCKS CORP
0001262039,FTNT,"Fortinet, Inc."
0000313807,BP,BP PLC
0001373715,NOW,"ServiceNow, Inc."
0000764180,MO,"ALTRIA GROUP, INC."
0000004281,HWM,Howmet Aerospace Inc.
0000092122,SO,SOUTHERN CO
0001045520,CM,CANADIAN IMPERIAL BANK OF COMMERCE /CAN/
0000009631,BNS,BANK OF NOVA SCOTIA
0001390777,BNY,Bank of New York Mellon Corp
0000008670,ADP,AUTOMATIC DATA PROCESSING INC
0001131399,GSK,GSK plc
0001639920,SPOT,Spotify Technology S.A.
0000040533,GD,GENERAL DYNAMICS CORP
0001121404,SNY,Sanofi
0001640147,SNOW,Snowflake Inc.
0001101239,EQIX,EQUINIX INC
0001467373,ACN,Accenture plc
0001466258,TT,Trane Technologies plc
0001050915,PWR,"QUANTA SERVICES, INC."
0001039765,ING,ING GROEP NV
0000713676,PNC,"PNC FINANCIAL SERVICES GROUP, INC."
0000796343,ADBE,ADOBE INC.
0001477333,NET,"Cloudflare, Inc."
0001017413,CNQ,CANADIAN NATURAL RESOURCES Ltd
0001164727,NEM,NEWMONT Corp /DE/
0000036104,USB,US BANCORP DE
0001326160,DUK,Duke Energy CORP
0001140625,EQNR,EQUINOR ASA
0001561550,DDOG,"Datadog, Inc."
0001156375,CME,CME GROUP INC.
0001169486,TKOMY,"TOKIO MARINE HOLDINGS, INC."
0002039784,MGCLY,"Midea Group Co., Ltd./ADR"
0001001085,BN,BROOKFIELD Corp /ON/
0001099590,MELI,MERCADOLIBRE INC
0001868275,CEG,Constellation Energy Corp
0000865752,MNST,Monster Beverage Corp
0001674101,VRT,Vertiv Holdings Co
0001404912,KKR,KKR & Co. Inc.
0001107457,IFNNY,INFINEON TECHNOLOGIES AG
0001132597,ITUB,Itau Unibanco Holding S.A.
0000277948,CSX,CSX CORP
0000813672,CDNS,CADENCE DESIGN SYSTEMS INC
0000312069,BCS,BARCLAYS PLC
0001035002,VLO,VALERO ENERGY CORP/TX
0001510295,MPC,Marathon Petroleum Corp
0001690820,CVNA,CARVANA CO.
0000066740,MMM,3M CO
0000062709,MRSH,"MARSH & MCLENNAN COMPANIES, INC."
0000823768,WM,WASTE MANAGEMENT INC
0001559720,ABNB,"Airbnb, Inc."
0001160106,LYG,Lloyds Banking Group plc
0000833444,JCI,Johnson Controls International plc
0000026172,CMI,CUMMINS INC
0002098326,SNHIY,"Sany Heavy Industries Co., Ltd./ADR"
0000107263,WMB,"WILLIAMS COMPANIES, INC."
0000860730,HCA,"HCA Healthcare, Inc."
0000896878,INTU,INTUIT INC.
0001792789,DASH,"DoorDash, Inc."
0001110646,NTES,"NetEase, Inc."
0001166691,CMCSA,COMCAST CORP
0000884887,RCL,ROYAL CARIBBEAN CRUISES LTD
0001534701,PSX,Phillips 66
0000032604,EMR,EMERSON ELECTRIC CO
0000895564,BAESY,BAE SYSTEMS PLC /FI/
0001059556,MCO,MOODYS CORP /DE/
0000089800,SHW,SHERWIN WILLIAMS CO
0000049826,ITW,ILLINOIS TOOL WORKS INC
0000723254,CTAS,CINTAS CORP
0001156039,ELV,"Elevance Health, Inc."
0001061219,EPD,ENTERPRISE PRODUCTS PARTNERS L.P.
0000745732,ROST,"ROSS STORES, INC."
0001053507,AMT,AMERICAN TOWER CORP /MA/
0001004315,NGG,NATIONAL GRID PLC
0001002242,E,ENI SPA
0001467858,GM,General Motors Co
0001103982,MDLZ,"Mondelez International, Inc."
0001783879,HOOD,"Robinhood Markets, Inc."
0000086312,TRV,"TRAVELERS COMPANIES, INC."
0000821189,EOG,EOG RESOURCES INC
0000031462,ECL,ECOLAB INC.
0000872589,REGN,"REGENERON PHARMACEUTICALS, INC."
0000016875,CP,CANADIAN PACIFIC KANSAS CITY LTD/CN
0001122411,ASX,"ASE Technology Holding Co., Ltd."
0001937926,BAM,Brookfield Asset Management Ltd.
0000773840,HON,HONEYWELL INTERNATIONAL INC
0000315293,AON,Aon plc
0001133421,NOC,NORTHROP GRUMMAN CORP /DE/
0000016868,CNI,CANADIAN NATIONAL RAILWAY CO
0001129137,AMX,AMERICA MOVIL SAB DE CV/
0000844150,NWG,NatWest Group plc
0000702165,NSC,NORFOLK SOUTHERN CORP
0001086888,MFC,MANULIFE FINANCIAL CORP
0001739940,CI,Cigna Group
0000883241,SNPS,SYNOPSYS INC
0000002809,AEM,AGNICO EAGLE MINES LTD
0000087347,SLB,SLB LIMITED/NV
0001048911,FDX,FEDEX CORP
0000898173,ORLY,O REILLY AUTOMOTIVE INC
0000068505,MSI,"Motorola Solutions, Inc."
0001585689,HLT,Hilton Worldwide Holdings Inc.
0001858681,APO,"Apollo Global Management, Inc."
0001506307,KMI,"KINDER MORGAN, INC."
0001297996,DLR,"DIGITAL REALTY TRUST, INC."
0001276187,ET,Energy Transfer LP
0001280452,MPWR,"MONOLITHIC POWER SYSTEMS, INC."
0002046386,MDLN,Medline Inc.
0000075362,PCAR,PACCAR INC
0001691493,NU,Nu Holdings Ltd.
0001648416,RACE,Ferrari N.V.
0001159508,DB,DEUTSCHE BANK AKTIENGESELLSCHAFT
0000885725,BSX,BOSTON SCIENTIFIC CORP
0000899051,ALL,ALLSTATE CORP
0001067701,URI,"UNITED RENTALS, INC."
0001437107,WBD,"Warner Bros. Discovery, Inc."
0002089271,HONA,Honeywell Aerospace Inc.
0000917851,VALE,Vale S.A.
0000849395,CRH,CRH PUBLIC LTD CO
0001645590,HPE,Hewlett Packard Enterprise Co
0000092230,TFC,TRUIST FINANCIAL CORP
0001664703,BE,Bloom Energy Corp
0001099219,MET,METLIFE INC
0000320187,NKE,"NIKE, Inc."
0000929869,RELX,RELX PLC
0001035983,FIX,COMFORT SYSTEMS USA INC
0000715957,D,"DOMINION ENERGY, INC"
0001140859,COR,"Cencora, Inc."
0001393311,PSA,Public Storage
0001385157,TEL,TE Connectivity plc
0001701605,BKR,Baker Hughes Co
0000850918,GWLIF,GREAT-WEST LIFECO INC.
0001552000,MPLX,MPLX LP
0001413447,NXPI,NXP Semiconductors N.V.
0000037996,F,FORD MOTOR CO
0001389170,TRGP,Targa Resources Corp.
0001121788,GRMN,GARMIN LTD
0001539838,FANG,"Diamondback Energy, Inc."
0001039684,OKE,ONEOK INC /NEW/
0001633978,LITE,Lumentum Holdings Inc.
0000797468,OXY,OCCIDENTAL PETROLEUM CORP /DE/
0001136808,EONGY,E.ON SE
0001037868,AME,AMETEK INC/
0001475260,CVE,CENOVUS ENERGY INC.
0001601046,KEYS,"Keysight Technologies, Inc."
0001842726,LSEGY,London Stock Exchange Group plc
0001395064,TAK,TAKEDA PHARMACEUTICAL CO LTD
0001736297,ALAB,"Astera Labs, Inc."
0000815556,FAST,FASTENAL CO
0000936395,CIEN,CIENA CORP
0000721371,CAH,CARDINAL HEALTH INC
0001755672,CTVA,"Corteva, Inc."
0001024478,ROK,"ROCKWELL AUTOMATION, INC"
0001697862,ARGX,ARGENX SE
0001243429,MT,ArcelorMittal
0000712515,EA,ELECTRONIC ARTS INC.
0001120193,NDAQ,"NASDAQ, INC."
0000820318,COHR,COHERENT CORP.
0000202058,LHX,"L3HARRIS TECHNOLOGIES, INC. /DE/"
0000035527,FITB,FIFTH THIRD BANCORP
0001783180,CARR,CARRIER GLOBAL Corp
0002021390,GALDY,Galderma Group AG/ADR
0001065088,EBAY,EBAY INC
0000093751,STT,STATE STREET CORP
0000065984,ETR,ENTERGY CORP /DE/
0001692819,VST,Vistra Corp.
0001323404,WPM,Wheaton Precious Metals Corp.
0001099800,EW,Edwards Lifesciences Corp
0000769397,ADSK,"Autodesk, Inc."
0000943452,WAB,WESTINGHOUSE AIR BRAKE TECHNOLOGIES CORP
0001067491,INFY,Infosys Ltd
0000072903,XEL,XCEL ENERGY INC
0000835403,DEO,DIAGEO PLC
0001633917,PYPL,"PayPal Holdings, Inc."
0001513845,NBIS,Nebius Group N.V.
0000820027,AMP,AMERIPRISE FINANCIAL INC
0001650107,CCEP,COCA-COLA EUROPACIFIC PARTNERS plc
0001512673,XYZ,"Block, Inc."
0001033767,UMC,UNITED MICROELECTRONICS CORP
0001565025,ABEV,AMBEV S.A.
0000740260,VTR,"Ventas, Inc."
0001058090,CMG,CHIPOTLE MEXICAN GRILL INC
0000932787,STM,STMicroelectronics N.V.
0001468522,FER,Ferrovial N.V.
0001745201,VIK,Viking Holdings Ltd
0001097362,SLF,SUN LIFE FINANCIAL INC
0001791942,JBS,JBS N.V.
0002011641,FERG,Ferguson Enterprises Inc. /DE/
0001109262,AGGI,"BILI Social International, Inc."
0000946581,TTWO,TAKE TWO INTERACTIVE SOFTWARE INC
0002071868,JHPCY,"Jiangsu Hengrui Pharmaceuticals Co., Ltd./ADR"
0000095227,SMTOY,SUMITOMO ELECTRIC INDUSTRIES LTD/ADR/
0002021728,CBRS,Cerebras Systems Inc.
0000049071,HUM,HUMANA INC
0000878927,ODFL,"OLD DOMINION FREIGHT LINE, INC."
0000874716,IDXX,IDEXX LABORATORIES INC /DE
0001900304,HLN,Haleon plc
0001061736,FMX,MEXICAN ECONOMIC DEVELOPMENT INC
0001075124,TRI,THOMSON REUTERS CORP /CAN/
0001041061,YUM,YUM BRANDS INC
0001418135,KDP,Keurig Dr Pepper Inc.
0001318220,WCN,"Waste Connections, Inc."
0000866374,FLEX,FLEX LTD.
0001069183,AXON,"AXON ENTERPRISE, INC."
0001138118,CBRE,"CBRE GROUP, INC."
0001408198,MSCI,MSCI Inc.
0001176948,ARES,Ares Management Corp
0000723531,PAYX,PAYCHEX INC
0001274152,CSLLY,CSL LTD
0001445930,KB,KB Financial Group Inc.
0000818686,TEVA,TEVA PHARMACEUTICAL INDUSTRIES LTD
0000096021,SYY,SYSCO CORP
0001446250,BMWKY,Bayerische Motoren Werke AG/ADR
0000827054,MCHP,MICROCHIP TECHNOLOGY INC
0001819994,RKLB,Rocket Lab Corp
0001628171,RVMD,"Revolution Medicines, Inc."
0000882184,DHI,HORTON D R INC /DE/
0001069336,SCMWY,SWISSCOM AG
0001973832,AU,AngloGold Ashanti PLC
0001807794,CRDO,Credo Technology Group Holding Ltd
0001327811,WDAY,"Workday, Inc."
0001679788,COIN,"Coinbase Global, Inc."
0000100517,UAL,"United Airlines Holdings, Inc."
0001030894,CLS,CELESTICA INC
0001769628,CRWV,"CoreWeave, Inc."
0001090872,A,"AGILENT TECHNOLOGIES, INC."
0000874766,HIG,"HARTFORD INSURANCE GROUP, INC."
0000882835,ROP,ROPER TECHNOLOGIES INC
0001478242,IQV,IQVIA HOLDINGS INC.
0001004980,PCG,PG&E Corp
0000788784,PEG,PUBLIC SERVICE ENTERPRISE GROUP INC
0001604821,NTRA,"Natera, Inc."
0001160330,BBD,BANK BRADESCO
0001027664,ESLT,ELBIT SYSTEMS LTD
0000815097,CCL,Carnival Corp Ltd.
0001116578,PUK,PRUDENTIAL PLC
0001329099,BIDU,"Baidu, Inc."
0001000697,WAT,WATERS CORP /DE/
0001944048,KVUE,Kenvue Inc.
0001020569,IRM,IRON MOUNTAIN INC
0002073893,DLMAY,Dollarama Inc./ADR
0000839923,VOD,VODAFONE GROUP PUBLIC LTD CO
0000055785,KMB,KIMBERLY CLARK CORP
0001022671,STLD,STEEL DYNAMICS INC
0000105634,EME,"EMCOR Group, Inc."
0000036270,MTB,M&T BANK CORP
0000783325,WEC,"WEC ENERGY GROUP, INC."
0001324424,EXPE,"Expedia Group, Inc."
0000047111,HSY,HERSHEY CO
0001396009,VMC,Vulcan Materials CO
0001002047,NTAP,"NetApp, Inc."
0001973266,TKO,"TKO Group Holdings, Inc."
0001444406,EC,ECOPETROL S.A.
0001050446,MSTR,Strategy Inc
0000915191,FRFHF,FAIRFAX FINANCIAL HOLDINGS LTD/ CAN
0000049196,HBAN,HUNTINGTON BANCSHARES INC /MD/
0000947484,ACGL,ARCH CAPITAL GROUP LTD.
0001802768,RPRX,Royalty Pharma plc
0000720005,RJF,RAYMOND JAMES FINANCIAL INC
0001511737,UI,Ubiquiti Inc.
0002007855,VG,"Venture Global, Inc."
0001167379,ALC,ALCON INC
0001051470,CCI,CROWN CASTLE INC.
0001725964,NTR,Nutrien Ltd.
0000033213,EQT,EQT Corp
0001132924,CHT,CHUNGHWA TELECOM CO LTD
0001393052,VEEV,VEEVA SYSTEMS INC
0000898293,JBL,JABIL INC
0001263043,SHG,SHINHAN FINANCIAL GROUP CO LTD
0001651308,ONC,BeOne Medicines Ltd.
0001289490,EXR,Extra Space Storage Inc.
0001097864,ON,ON SEMICONDUCTOR CORP
0000726958,CASY,CASEYS GENERAL STORES INC
0001093557,DXCM,DEXCOM INC
0000717826,ERIC,ERICSSON LM TELEPHONE CO
0001374310,CBOE,"Cboe Global Markets, Inc."
0000916076,MLM,MARTIN MARIETTA MATERIALS INC
0001001290,BAP,CREDICORP LTD
0001300514,LVS,LAS VEGAS SANDS CORP
0001140536,WTW,WILLIS TOWERS WATSON PLC
0001116132,TPR,"TAPESTRY, INC."
0001110803,ILMN,"ILLUMINA, INC."
0001932393,GEHC,GE HealthCare Technologies Inc.
0001637459,KHC,Kraft Heinz Co
0001071739,CNC,CENTENE CORP
0000943819,RMD,RESMED INC
0001447391,RSHGY,RESONA HOLDINGS INC
0001890126,UNVGY,Universal Music Group N.V./ADR
0001038683,RYAAY,RYANAIR HOLDINGS PLC
0000759944,CFG,CITIZENS FINANCIAL GROUP INC/RI
0000875045,BIIB,BIOGEN INC.
0001447669,TWLO,TWILIO INC
0001269238,TCOM,Trip.com Group Ltd
0000936340,DTE,DTE ENERGY CO
0000886986,TECK,TECK RESOURCES LTD
0002083785,SUNB,"Sunbelt Rentals Holdings, Inc."
0001834584,CPNG,"Coupang, Inc."
0000904868,FSNUY,Fresenius SE & Co. KGaA
0001666175,FTS,Fortis Inc.
0000731802,ATO,ATMOS ENERGY CORP
0001705696,VICI,VICI PROPERTIES INC.
0000798354,FISV,FISERV INC
0001546066,PBA,PEMBINA PIPELINE CORP
0001397911,LPLA,LPL Financial Holdings Inc.
0001163653,NMR,NOMURA HOLDINGS INC
0001585521,ZM,"Zoom Communications, Inc."
0000029534,DG,DOLLAR GENERAL CORP
0001031296,FE,FIRSTENERGY CORP
0001811074,TPL,Texas Pacific Land Corp
0002058873,Q,"Qnity Electronics, Inc."
0001709048,GFS,GLOBALFOUNDRIES Inc.
0001130310,CNP,CENTERPOINT ENERGY INC
0000029905,DOV,DOVER Corp
0001524472,XYL,Xylem Inc.
0001713445,RDDT,"Reddit, Inc."
0000701818,KGC,KINROSS GOLD CORP
0001781335,OTIS,Otis Worldwide Corp
0002035989,AMRZ,Amrize Ltd
0001474968,GELHY,Geely Automobile Holdings Limited/ADR
0000072741,ES,EVERSOURCE ENERGY
0000719955,WSM,WILLIAMS SONOMA INC
0000020286,CINF,CINCINNATI FINANCIAL CORP
0001535759,KBGGY,Kongsberg Gruppen ASA/ADR
0001178670,ALNY,"ALNYLAM PHARMACEUTICALS, INC."
0000011544,WRB,BERKLEY W R CORP
0001410636,AWK,"American Water Works Company, Inc."
0001441816,MDB,"MongoDB, Inc."
0000045012,HAL,HALLIBURTON CO
0000900075,CPRT,COPART INC
0000915912,AVB,AVALONBAY COMMUNITIES INC
0001885110,CHLSY,Chocoladefabriken Lindt & Spruengli AG/ADR
0001014473,VRSN,VERISIGN INC/CA
0001837240,SYM,Symbotic Inc.
0001082554,UTHR,UNITED THERAPEUTICS Corp
0001022079,DGX,QUEST DIAGNOSTICS INC
0001018963,ATI,ATI INC
0000728535,JBHT,HUNT J B TRANSPORT SERVICES INC
0001650372,TEAM,Atlassian Corp
0000313216,PHG,KONINKLIJKE PHILIPS NV
0001720635,NVT,nVent Electric plc
0000928876,TSEM,TOWER SEMICONDUCTOR LTD
0001442145,VRSK,"Verisk Analytics, Inc."
0001175454,CPAY,"CORPAY, INC."
0001315098,RBLX,Roblox Corp
0000048898,HUBB,HUBBELL INC
0000798941,FCNCA,FIRST CITIZENS BANCSHARES INC /DE/
0001058290,CTSH,COGNIZANT TECHNOLOGY SOLUTIONS CORP
0001601712,SYF,Synchrony Financial
0000079879,PPG,PPG INDUSTRIES INC
0000935703,DLTR,"DOLLAR TREE, INC."
0001660134,OKTA,"Okta, Inc."
0001415404,ECHO,EchoStar CORP
0001754301,FOXA,Fox Corp
0001635088,ROIV,Roivant Sciences Ltd.
0001126328,PFG,PRINCIPAL FINANCIAL GROUP INC
0000879169,INCY,INCYTE CORP
0001713683,ZS,"Zscaler, Inc."
0000091576,KEY,KEYCORP /NEW/
0000858446,IHG,INTERCONTINENTAL HOTELS GROUP PLC /NEW/
0000814547,FICO,FAIR ISAAC CORP
0002005951,SW,Smurfit Westrock plc
0001820953,AFRM,"Affirm Holdings, Inc."
0000105770,WST,WEST PHARMACEUTICAL SERVICES INC
0000060086,L,LOEWS CORP
0001439124,AXIA,AXIA Energia S.A.
0001113169,TROW,PRICE T ROWE GROUP INC
0001378789,AER,AerCap Holdings N.V.
0000079282,BRO,"BROWN & BROWN, INC."
0000940944,DRI,DARDEN RESTAURANTS INC
0001579298,BURL,"Burlington Stores, Inc."
0001096343,MKL,MARKEL GROUP INC.
0001163420,MTNOY,MTN GROUP LTD/ADR
0001136893,FIS,"Fidelity National Information Services, Inc."
0001142231,HKHHY,HEINEKEN HOLDING N V
0001048695,FFIV,"F5, INC."
0001967680,VLTO,Veralto Corp
0001776985,BNTX,BioNTech SE
0001780312,ASTS,"AST SpaceMobile, Inc."
0001274494,FSLR,"FIRST SOLAR, INC."
0001037038,RL,RALPH LAUREN CORP
0000811156,CMS,CMS ENERGY CORP
0001560385,FWONA,Liberty Media Corp
0002093536,ARXS,"Arxis, Inc."
0000073124,NTRS,NORTHERN TRUST CORP
0001874178,RIVN,"Rivian Automotive, Inc. / DE"
0001757898,STE,STERIS plc
0000016918,STZ,"CONSTELLATION BRANDS, INC."
0002004711,BSP,Bending Spoons S.p.A.
0001665918,USFD,US Foods Holding Corp.
0002058897,CIB,Grupo Cibest S.A.
0001682852,MRNA,"Moderna, Inc."
0000092380,LUV,SOUTHWEST AIRLINES CO
0001403568,ULTA,"Ulta Beauty, Inc."
0000746515,EXPD,EXPEDITORS INTERNATIONAL OF WASHINGTON INC
0000075677,PKG,PACKAGING CORP OF AMERICA
0001751788,DOW,DOW INC.
0000895126,EXE,EXPAND ENERGY Corp
0001428439,ROKU,"ROKU, INC"
0000029989,OMC,OMNICOM GROUP INC.
0000108312,WWD,"Woodward, Inc."
0001576280,GH,"Guardant Health, Inc."
0001111711,NI,NISOURCE INC.
0001039610,EDPFY,EDP ENERGIAS DE PORTUGAL SA
0000091440,SNA,Snap-on Inc
0001104506,INSM,INSMED Inc
0001861737,HSAI,Hesai Group
0001818874,SOFI,"SoFi Technologies, Inc."
0001471055,BSBR,Banco Santander (Brasil) S.A.
0002082247,FDXF,"FedEx Freight Holding Company, Inc."
0001161125,BCH,BANK OF CHILE
0000861884,RS,"RELIANCE, INC."
0001590364,FTAI,FTAI Aviation Ltd.
0001748790,AMCR,Amcor plc
0000904851,YPF,YPF SOCIEDAD ANONIMA
0001049502,MKSI,MKS INC
0001792044,VTRS,Viatris Inc
0000033185,EFX,EQUIFAX INC
0001046102,RBA,RB GLOBAL INC.
0001996862,BG,Bunge Global SA
0000070318,THC,TENET HEALTHCARE CORP
0000718940,BCE,BCE INC
0000920760,LEN,LENNAR CORP /NEW/
0000920522,ESS,"ESSEX PROPERTY TRUST, INC."
0001091667,CHTR,"CHARTER COMMUNICATIONS, INC. /MO/"
0001493594,MTSI,"MACOM Technology Solutions Holdings, Inc."
0001123799,WIT,WIPRO LTD
0001170858,SBS,COMPANHIA DE SANEAMENTO BASICO DO ESTADO DE SAO PAULO-SABESP
0001324404,CF,"CF Industries Holdings, Inc."
0001423902,WES,"Western Midstream Partners, LP"
0001711269,EVRG,"Evergy, Inc."
0001034054,SBAC,SBA COMMUNICATIONS CORP
0001126113,TELNY,TELENOR ASA
0000909037,SQM,CHEMICAL & MINING CO OF CHILE INC
0001650164,TOST,"Toast, Inc."
0000874238,STRL,"STERLING INFRASTRUCTURE, INC."
0001901440,ULS,UL Solutions Inc.
0001809587,BEKE,KE Holdings Inc.
0001101302,ENTG,ENTEGRIS INC
0000749098,MGA,MAGNA INTERNATIONAL INC
0001402436,SSNC,SS&C Technologies Holdings Inc
0000733099,RCI,ROGERS COMMUNICATIONS INC
0001677250,ZTO,ZTO Express (Cayman) Inc.
0001658566,PR,Permian Resources Corp
0001375365,SMCI,"Super Micro Computer, Inc."
0001635327,FLUT,Flutter Entertainment plc
0000771992,PAAS,PAN AMERICAN SILVER CORP
0000352541,LNT,ALLIANT ENERGY CORP
0002109150,INIO,INNIO N.V.
0001136869,ZBH,"ZIMMER BIOMET HOLDINGS, INC."
0000084839,ROL,ROLLINS INC
0001618673,PFGC,Performance Food Group Co
0001069157,EWBC,EAST WEST BANCORP INC
0000855658,LSCC,LATTICE SEMICONDUCTOR CORP
0000106535,WY,WEYERHAEUSER CO
0001659166,FTV,Fortive Corp
0001715801,SOAGY,Sartorius AG/ADR
0001434265,GMAB,GENMAB A/S
0001687229,INVH,Invitation Homes Inc.
0001089063,DKS,"DICK'S SPORTING GOODS, INC."
0001324948,RBC,RBC Bearings INC
0001043277,CHRW,"C. H. ROBINSON WORLDWIDE, INC."
0000861967,WTKWY,WOLTERS KLUWER N V /FI
0000038777,BEN,FRANKLIN RESOURCES INC
0002071881,TRMOY,Tourmaline Oil Corp/ADR
0001796209,APG,APi Group Corp
0000009389,BALL,BALL Corp
0000040987,GPC,GENUINE PARTS CO
0001792580,OVV,Ovintiv Inc.
0001043219,NLY,ANNALY CAPITAL MANAGEMENT INC
0000832101,IEX,IDEX CORP /DE/
0001985487,KSPI,Joint Stock Co Kaspi.kz
0001264136,WF,WOORI FINANCIAL GROUP INC.
0000914475,NBIX,NEUROCRINE BIOSCIENCES INC
0000085535,RGLD,ROYAL GOLD INC
0000929008,WCC,WESCO INTERNATIONAL INC
0001025378,WPC,W. P. Carey Inc.
0001605484,STLA,Stellantis N.V.
0001719117,ARNNY,ASR Nederland N.V./ADR
0001880661,TPG,TPG Inc.
0001037976,JLL,JONES LANG LASALLE INC
0001086222,AKAM,AKAMAI TECHNOLOGIES INC
0001876042,CRCL,"Circle Internet Group, Inc."
0000072331,NDSN,NORDSON CORP
0000822818,CLH,CLEAN HARBORS INC
0001673358,YUMC,"Yum China Holdings, Inc."
0001127248,EMA,EMERA INC
0000906163,NVR,NVR INC
0001915657,DINO,HF Sinclair Corp
0000849399,GEN,Gen Digital Inc.
0001451809,SITM,SITIME Corp
0001027552,BSAC,BANCO SANTANDER CHILE
0001090425,LAMR,LAMAR ADVERTISING CO/NEW
0001612042,ASND,Ascendis Pharma A/S
0000889132,PKX,POSCO HOLDINGS INC.
0001764757,DIDIY,DiDi Global Inc.
0001668397,MEDP,"Medpace Holdings, Inc."
0000916365,TSCO,TRACTOR SUPPLY CO /DE/
0001622536,TLN,Talen Energy Corp
0001533232,BEP,Brookfield Renewable Partners L.P.
0002074176,VNOM,"Viper Energy, Inc."
0000912958,TIGO,MILLICOM INTERNATIONAL CELLULAR SA
0001618732,NTNX,"Nutanix, Inc."
0000888491,OHI,OMEGA HEALTHCARE INVESTORS INC
0001823945,OWL,BLUE OWL CAPITAL INC.
0000857005,PTC,PTC INC.
0000052988,J,JACOBS SOLUTIONS INC.
0002082866,PNFP,"Pinnacle Financial Partners, Inc."
0001232524,JAZZ,Jazz Pharmaceuticals plc
0000912593,SUI,SUN COMMUNITIES INC
0001743881,BBIO,"BridgeBio Pharma, Inc."
0000898174,RGA,REINSURANCE GROUP OF AMERICA INC
0001486957,BWXT,"BWX Technologies, Inc."
0001481045,DSEEY,Daiwa Securities Group Inc.
0000215466,CDE,"Coeur Mining, Inc."
0000927066,DVA,DAVITA INC.
0001744676,TME,Tencent Music Entertainment Group
0000887225,KEP,KOREA ELECTRIC POWER CORP
0001968385,BAWAY,BAWAG Group AG/ADR
0001159152,JHX,James Hardie Industries plc
0001544379,SCRNY,"SCREEN Holdings Co., Ltd./ADR"
0001061574,GIB,CGI INC
0001552033,TRU,TransUnion
0001584509,ARMK,Aramark
0001564708,NWSA,NEWS CORP
0001048268,IESC,"IES Holdings, Inc."
0000868675,TU,TELUS CORP
0001780232,GFL,GFL Environmental Inc.
0001964738,SOLV,Solventum Corp
0001754581,FUTU,Futu Holdings Ltd
0000217346,TXT,TEXTRON INC
0001943896,RBRK,"Rubrik, Inc."
0000089439,MLI,MUELLER INDUSTRIES INC
0002098430,MAIR,Madison Air Solutions Corp
0001032975,LOGI,LOGITECH INTERNATIONAL S.A.
0001477049,PHYS,Sprott Physical Gold Trust
0001816319,LYTHF,Lytus Technologies Holdings PTV. Ltd.
0001069202,LII,LENNOX INTERNATIONAL INC
0001095073,EG,"EVEREST GROUP, LTD."
0001552275,SUN,Sunoco LP
0000790051,CSL,CARLISLE COMPANIES INC
0002029472,PUGBY,Puig Brands S.A./ADR
0002098381,LNTCY,"Lens Technology Co., Ltd./ADR"
0000093556,SWK,"STANLEY BLACK & DECKER, INC."
0000059527,LECO,LINCOLN ELECTRIC HOLDINGS INC
0001336920,LDOS,"Leidos Holdings, Inc."
0001019849,PAG,"PENSKE AUTOMOTIVE GROUP, INC."
0000320335,GL,GLOBE LIFE INC.
0001582961,DOCN,"DigitalOcean Holdings, Inc."
0001889539,CRBG,"Corebridge Financial, Inc."
0001855612,GRAB,Grab Holdings Ltd
0000062996,MAS,MASCO CORP /DE/
0001842022,DTM,"DT Midstream, Inc."
0000769218,AEG,AEGON LTD.
0000074208,UDR,"UDR, Inc."
0001852131,NXT,Nextpower Inc.
0001236275,QXO,"QXO, Inc."
0001810806,U,Unity Software Inc.
0000915913,ALB,ALBEMARLE CORP
0001331875,FNF,"Fidelity National Financial, Inc."
0001206264,SGI,SOMNIGROUP INTERNATIONAL INC.
0000877212,ZBRA,ZEBRA TECHNOLOGIES CORP
0000004457,UHAL,U-Haul Holding Co /NV/
0001333141,FMS,Fresenius Medical Care AG
0000063754,MKC,MCCORMICK & CO INC
0000082811,RRX,REGAL REXNORD CORP
0000110621,RPM,RPM INTERNATIONAL INC/DE/
0000005513,UNM,Unum Group
0001824920,IONQ,"IonQ, Inc."
0002026053,PS,PERSHING SQUARE INC.
0001289460,TXRH,"Texas Roadhouse, Inc."
0001397187,LULU,lululemon athletica inc.
0001319161,WMG,Warner Music Group Corp.
0000010456,BAX,BAXTER INTERNATIONAL INC
0001506293,PINS,"PINTEREST, INC."
0001287750,ARCC,ARES CAPITAL CORP
0002110105,QNT,Quantinuum Inc.
0000910521,DECK,DECKERS OUTDOOR CORP
0000939767,EXEL,"EXELIXIS, INC."
0001878848,IREN,IREN Ltd
0000913144,RNR,RENAISSANCERE HOLDINGS LTD
0001579241,ALLE,Allegion plc
0000014693,BF-A,BROWN FORMAN CORP
0001791706,LI,Li Auto Inc.
0000864749,TRMB,TRIMBLE INC.
0000845982,SNN,SMITH & NEPHEW PLC
0000040729,ALLY,Ally Financial Inc.
0001739104,ELAN,Elanco Animal Health Inc
0001333986,EQH,"Equitable Holdings, Inc."
0001483994,HTHT,H World Group Ltd
0001015922,CHKP,CHECK POINT SOFTWARE TECHNOLOGIES LTD
0000895417,ELS,EQUITY LIFESTYLE PROPERTIES INC
0000914208,IVZ,Invesco Ltd.
0001575965,GLPI,"Gaming & Leisure Properties, Inc."
0001347557,PAC,Pacific Airport Group
0000704532,ONTO,ONTO INNOVATION INC.
0001060955,ICLR,ICON PLC
0000091419,SJM,J M SMUCKER Co
0001828108,AUR,"Aurora Innovation, Inc."
0001567094,CNH,CNH Industrial N.V.
0000042888,GGG,GRACO INC
0001773383,DT,"Dynatrace, Inc."
0001219601,CCK,"CROWN HOLDINGS, INC."
0002109234,BLMOY,BELIMO Holding AG/ADR
0000105016,WSO,WATSCO INC
0001528396,GWRE,"Guidewire Software, Inc."
0001109345,NVMI,NOVA LTD.
0000860731,TYL,TYLER TECHNOLOGIES INC
0000031791,RVTY,"REVVITY, INC."
0001592386,VIRT,"Virtu Financial, Inc."
0001047127,AMKR,"AMKOR TECHNOLOGY, INC."
0001321732,PEN,Penumbra Inc
0001049724,DLAKY,DEUTSCHE LUFTHANSA A G /FI
0001037540,BXP,"BXP, Inc."
0000720672,SF,STIFEL FINANCIAL CORP
0001531152,BJ,"BJ's Wholesale Club Holdings, Inc."
0000801337,WBS,WEBSTER FINANCIAL CORP
0001919275,VARRY,Var Energi ASA/ADR
0000317540,COKE,"Coca-Cola Consolidated, Inc."
0001423689,AGNC,AGNC Investment Corp.
0001810997,XPEV,XPENG INC.
0001964789,HUT,Hut 8 Corp.
0001088856,CORT,CORCEPT THERAPEUTICS INC
0000922621,ERIE,ERIE INDEMNITY CO
0001116942,TTMI,TTM TECHNOLOGIES INC
0000350894,SEIC,SEI INVESTMENTS CO
0000067887,MOG-A,MOOG INC.
0001858985,ONON,On Holding AG
0002077146,OBICY,"OBIC Co., Ltd./ADR"
0001072397,BZLFY,BUNZL PLC
0001355444,EMBJ,EMBRAER S.A.
0001097149,ALGN,ALIGN TECHNOLOGY INC
0001833756,DRS,"Leonardo DRS, Inc."
0001015650,SKM,SK TELECOM CO LTD
0001404655,HUBS,HUBSPOT INC
0000879407,ARWR,"ARROWHEAD PHARMACEUTICALS, INC."
0000003124,AKZOY,AKZO NOBEL NV
0001521332,APTV,Aptiv PLC
0002072098,TMTNY,Toromont Industries Ltd./ADR
0001279956,YARIY,YARA INTERNATIONAL ASA
0001177609,FIVE,"FIVE BELOW, INC"
0001494728,PSLV,Sprott Physical Silver Trust
0001849253,RYAN,"RYAN SPECIALTY HOLDINGS, INC."
0001922641,ENLT,Enlight Renewable Energy Ltd.
0001837429,BNT,Brookfield Wealth Solutions Ltd.
0002099039,WSE,Wise Group plc
0000927003,AEIS,ADVANCED ENERGY INDUSTRIES INC
0000089089,SCI,SERVICE CORP INTERNATIONAL
0001865782,BTSG,"BrightSpring Health Services, Inc."
0000930157,RTO,RENTOKIL INITIAL PLC /FI
0001474735,GNRC,GENERAC HOLDINGS INC.
0002103884,CONE,"Compass Sub North, Inc."
0001178819,AGI,ALAMOS GOLD INC
0001057352,CSGP,"COSTAR GROUP, INC."
0001883685,DKNG,DraftKings Inc.
0001866581,BROS,Dutch Bros Inc.
0000795403,WTS,WATTS WATER TECHNOLOGIES INC
0001048477,BMRN,BIOMARIN PHARMACEUTICAL INC
0001286681,DPZ,DOMINOS PIZZA INC
0001145197,PODD,INSULET CORP
0001632970,AHR,"American Healthcare REIT, Inc."
0001492691,KNX,Knight-Swift Transportation Holdings Inc.
0000078128,WTRG,"Essential Utilities, Inc."
0002071668,MICC,Magnum Ice Cream Co N.V.
0000889331,LFUS,LITTELFUSE INC /DE
0001579428,AXSM,"Axsome Therapeutics, Inc."
0001573516,MUSA,Murphy USA Inc.
0000842023,TECH,BIO-TECHNE Corp
0000049600,EGP,EASTGROUP PROPERTIES INC
0000763901,BPOP,"POPULAR, INC."
0000088941,SMTC,SEMTECH CORP
0000088205,SPXC,"SPX Technologies, Inc."
0000096223,JEF,Jefferies Financial Group Inc.
0001370946,OC,Owens Corning
0001056696,MANH,MANHATTAN ASSOCIATES INC
0000007536,ARW,"ARROW ELECTRONICS, INC."
0001588823,TFII,TFI International Inc.
0001433270,AR,ANTERO RESOURCES Corp
0000101382,UMBF,UMB FINANCIAL CORP
0000785161,EHC,Encompass Health Corp
0001609711,GDDY,GoDaddy Inc.
0000779152,JKHY,JACK HENRY & ASSOCIATES INC
0000016058,CACI,CACI INTERNATIONAL INC /DE/
0000851205,CGNX,COGNEX CORP
0000067347,MOD,MODINE MANUFACTURING CO
0000034903,FRT,FEDERAL REALTY INVESTMENT TRUST
0001015328,WTFC,WINTRUST FINANCIAL CORP
0001237831,GMED,GLOBUS MEDICAL INC
0001031308,BSY,BENTLEY SYSTEMS INC
0002052568,LGN,Legence Corp.
0001956827,ABVX,Abivax S.A.
0001366868,GSAT,"Globalstar, Inc."
0001157601,MDGL,"MADRIGAL PHARMACEUTICALS, INC."
0001604028,WMS,"ADVANCED DRAINAGE SYSTEMS, INC."
0001868159,LINE,"Lineage, Inc."
0000797721,VSAT,VIASAT INC
0001061983,CYTK,CYTOKINETICS INC
0000909327,SUZ,Suzano S.A.
0001599298,SMMT,Summit Therapeutics Inc.
0000039263,CFR,"CULLEN/FROST BANKERS, INC."
0000874761,AES,AES CORP
0001579091,CART,Maplebear Inc.
0001261333,DOCU,"DOCUSIGN, INC."
0000077360,PNR,PENTAIR plc
0001623925,AM,Antero Midstream Corp
0001061894,GIL,Gildan Activewear Inc.
0001125376,ENSG,"ENSIGN GROUP, INC"
0002080845,PAYP,PayPay Corp
0001829311,BMNR,"BITMINE IMMERSION TECHNOLOGIES, INC."
0001174922,WYNN,WYNN RESORTS LTD
0000091388,SFD,SMITHFIELD FOODS INC
0000764038,SSB,SouthState Bank Corp
0001711279,KRYS,"Krystal Biotech, Inc."
0001179929,MOH,"MOLINA HEALTHCARE, INC."
0000109380,ZION,"ZIONS BANCORPORATION, NATIONAL ASSOCIATION /UT/"
0000352915,UHS,UNIVERSAL HEALTH SERVICES INC
0000938323,PSO,PEARSON PLC
0001974640,APGE,"Apogee Therapeutics, Inc."
0000006201,AAL,American Airlines Group Inc.
0002080126,FPS,"Forgent Power Solutions, Inc."
0000707179,ONB,OLD NATIONAL BANCORP /IN/
0000908937,SIRI,SIRIUS XM HOLDINGS INC.
0001322422,HBM,Hudbay Minerals Inc.
0000749251,IT,GARTNER INC
0001869198,LTH,"Life Time Group Holdings, Inc."
0001475922,PRI,"Primerica, Inc."
0000897723,SANM,SANMINA CORP
0001838413,YMM,Full Truck Alliance Co. Ltd.
0000917273,RMBS,RAMBUS INC
0000085961,R,RYDER SYSTEM INC
0001144215,AYI,ACUITY INC. (DE)
0001192448,GKOS,GLAUKOS Corp
0001590717,CTRE,"CareTrust REIT, Inc."
0001767582,LKNCY,Luckin Coffee Inc.
0001021635,OGE,OGE ENERGY CORP.
0001159036,HALO,"HALOZYME THERAPEUTICS, INC."
0001135951,RDY,DR REDDYS LABORATORIES LTD
0001000228,HSIC,HENRY SCHEIN INC
0000751978,VICR,VICOR CORP
0001326380,GME,GameStop Corp.
0002025410,SARO,"StandardAero, Inc."
0000924805,FRHC,Freedom Holding Corp.
0001581068,BRX,Brixmor Property Group Inc.
0000098362,TKR,TIMKEN CO
0001109354,BRKR,BRUKER CORP
0002064953,SOLS,Solstice Advanced Materials Inc.
0001800667,FROG,JFrog Ltd
0000719413,HL,HECLA MINING CO/DE/
0000094845,LEVI,LEVI STRAUSS & CO
0001568651,OSCR,"Oscar Health, Inc."
0001636519,MSGS,Madison Square Garden Sports Corp.
0001411207,ALSN,Allison Transmission Holdings Inc
0002030781,SAIL,"SailPoint, Inc."
0001819989,CIFR,Cipher Digital Inc.
0000004127,SWKS,"SKYWORKS SOLUTIONS, INC."
0000917251,ADC,AGREE REALTY CORP
0001013237,FDS,FACTSET RESEARCH SYSTEMS INC
0000102729,VMI,VALMONT INDUSTRIES INC
0000315852,RRC,RANGE RESOURCES CORP
0001177702,SAIA,SAIA INC
0000913760,SNEX,StoneX Group Inc.
0001722482,AVTR,"Avantor, Inc."
0001766502,CHWY,"Chewy, Inc."
0002108185,AZBLY,Azbil Corporation/ADR
0002062522,GWKSY,GAMES WORKSHOP GROUP PLC/ADR
0001505880,PNDRY,Pandora A/S / ADR
0000912093,VIAV,VIAVI SOLUTIONS INC.
0001826168,TIMB,TIM S.A.
0000703351,EAT,"BRINKER INTERNATIONAL, INC"
0001262823,WLK,WESTLAKE CORP
0001801729,NCLTY,"Nitori Holdings Co., Ltd."
0001535929,VOYA,"Voya Financial, Inc."
0000751364,NNN,"NNN REIT, INC."
0001329394,SIMO,Silicon Motion Technology CORP
0001590714,ESI,Element Solutions Inc
0001034670,ALV,AUTOLIV INC
0000921825,FR,FIRST INDUSTRIAL REALTY TRUST INC
0002083221,SPIIY,SPIE SA/ADR
0001068851,PB,PROSPERITY BANCSHARES INC
0001083301,WULF,TERAWULF INC.
0001795586,CHYM,"Chime Financial, Inc."
0002041610,PSKY,Paramount Skydance Corp
0000840489,FCFS,"FirstCash Holdings, Inc."
0001658247,CRNX,"Crinetics Pharmaceuticals, Inc."
0000775158,OSK,OSHKOSH CORP
0000887343,COLB,"COLUMBIA BANKING SYSTEM, INC."
0001787425,XP,XP Inc.
0001212545,WAL,WESTERN ALLIANCE BANCORPORATION
0002078416,LLYVA,"Liberty Live Holdings, Inc."
0000913290,FRO,Frontline plc
0000059558,LNC,LINCOLN NATIONAL CORP
0001302215,HLI,"HOULIHAN LOKEY, INC."
0001041792,ELPC,ENERGY CO OF PARANA
0001377121,PTGX,"Protagonist Therapeutics, Inc"
0000012208,BIO,"BIO-RAD LABORATORIES, INC."
0001584273,SNROY,"Sanrio Company, Ltd./ADR"
0001069258,KTOS,"KRATOS DEFENSE & SECURITY SOLUTIONS, INC."
0001571283,REXR,"Rexford Industrial Realty, Inc."
0000892450,KT,KT CORP
0002107989,KERCY,Keisei Electric Railway Co. Ltd/ADR
0001689548,PRAX,"Praxis Precision Medicines, Inc."
0000875357,BOKF,BOK FINANCIAL CORP
0001636282,SYRE,"Spyre Therapeutics, Inc."
0000874015,IONS,IONIS PHARMACEUTICALS INC
0000022356,CBSH,COMMERCE BANCSHARES INC /MO/
0001015820,QGEN,QIAGEN N.V.
0001114700,GGAL,GRUPO FINANCIERO GALICIA SA
0001034983,MINBY,MINEBEA MITSUMI Inc.
0001563190,COMP,"Compass, Inc."
0001023128,LAD,LITHIA MOTORS INC
0001815442,KYMR,"Kymera Therapeutics, Inc."
0001513761,NCLH,Norwegian Cruise Line Holdings Ltd.
0001534504,PBF,PBF Energy Inc.
0000896622,ATR,"APTARGROUP, INC."
0001000377,VBREY,Vibra Energia S.A./ADR
0001039399,FORM,FORMFACTOR INC
0001822993,JXN,Jackson Financial Inc.
0001671933,TTD,"Trade Desk, Inc."
0001856525,CNM,"Core & Main, Inc."
0000831641,TTEK,TETRA TECH INC
0001040829,RHP,"Ryman Hospitality Properties, Inc."
0001692787,KNTK,Kinetik Holdings Inc.
0001439288,ZWS,Zurn Elkay Water Solutions Corp
0001789832,HESM,Hess Midstream LP
0001428336,HQY,"HEALTHEQUITY, INC."
0001443646,BAH,Booz Allen Hamilton Holding Corp
0001173382,CAE,CAE INC
0001611052,PCOR,"PROCORE TECHNOLOGIES, INC."
0001859392,GLXY,Galaxy Digital Inc.
0000091142,AOS,SMITH A O CORP
0002042694,PRMB,Primo Brands Corp
0001520262,ALKS,Alkermes plc.
0001575515,SFM,"Sprouts Farmers Market, Inc."
0001669162,KNSL,"Kinsale Capital Group, Inc."
0000100591,AGX,ARGAN INC
0000944695,THG,"HANOVER INSURANCE GROUP, INC."
0000730272,RGEN,REPLIGEN CORP
0001131383,STN,STANTEC INC
0000918608,EGO,ELDORADO GOLD CORP /FI
0001604778,QRVO,"Qorvo, Inc."
0001144879,APLD,Applied Digital Corp.
0001057877,IDA,IDACORP INC
0001723690,BILI,Bilibili Inc.
0001638826,TTAN,"ServiceTitan, Inc."
0001617640,ZG,"ZILLOW GROUP, INC."
0000912242,MAC,MACERICH CO
0001001316,TGTX,"TG THERAPEUTICS, INC."
0000714310,VLY,VALLEY NATIONAL BANCORP
0001762506,VIST,"Vista Energy, S.A.B. de C.V."
0001717115,TEM,"Tempus AI, Inc."
0001764013,IMVT,"Immunovant, Inc."
0001405495,IDCC,"InterDigital, Inc."
0002065601,CBC,"Central Bancompany, Inc."
0000717605,HXL,HEXCEL CORP /DE/
0001486159,CHRD,Chord Energy Corp
0001370637,ETSY,ETSY INC
0001649094,PCVX,"Vaxcyte, Inc."
0001167419,RIOT,"Riot Platforms, Inc."
0001750264,MAAS,Maase Inc.
0001282637,NEU,NEWMARKET CORP
0000866291,ALGM,"ALLEGRO MICROSYSTEMS, INC."
0000070145,NFG,NATIONAL FUEL GAS CO
0001564408,SNAP,Snap Inc
0000080420,POWL,POWELL INDUSTRIES INC
0002019061,SOBO,South Bow Corp
0000893538,SM,SM Energy Co
0000024545,TAP-A,MOLSON COORS BEVERAGE CO
0001214816,AXS,AXIS CAPITAL HOLDINGS LTD
0001819576,LQDA,Liquidia Corp
0001158114,AAOI,"APPLIED OPTOELECTRONICS, INC."
0001472787,FAF,First American Financial Corp
0001590955,PAYC,"Paycom Software, Inc."
0001616862,AXTA,Axalta Coating Systems Ltd.
0001639438,CAVA,"CAVA GROUP, INC."
0001567683,CWEN,"Clearway Energy, Inc."
0001326110,IBRX,"ImmunityBio, Inc."
0001476150,TRNO,Terreno Realty Corp
0001467623,DBX,"DROPBOX, INC."
0001368622,AVAV,AeroVironment Inc
0000824142,AAON,"AAON, INC."
0001479094,STAG,"STAG Industrial, Inc."
0001648512,SHMXY,Shimadzu Corporation/ADR
0001801368,MP,MP Materials Corp. / DE
0001308648,AG,FIRST MAJESTIC SILVER CORP
0000880266,AGCO,AGCO CORP /DE
0002041385,RAL,Ralliant Corp
0001360604,HR,Healthcare Realty Trust Inc
0001341766,CELH,"Celsius Holdings, Inc."
0001510599,PDI,PIMCO Dynamic Income Fund
0002001184,PACS,"PACS Group, Inc."
0000066570,MSA,MSA Safety Inc
0001856314,YOU,"Clear Secure, Inc."
0001529192,VIPS,Vipshop Holdings Ltd
0000007431,AWI,ARMSTRONG WORLD INDUSTRIES INC
0001591698,PCTY,Paylocity Holding Corp
0001836833,PL,Planet Labs PBC
0000008858,AVT,AVNET INC
0002098425,BJGPY,"Beijing Geekplus Technology Co., Ltd./ADR"
0001913510,VFS,VinFast Auto Ltd.
0001289419,MORN,"Morningstar, Inc."
0001433660,JBTM,JBT MAREL Corp
0001584207,OMF,"OneMain Holdings, Inc."
0001679273,LW,"Lamb Weston Holdings, Inc."
0001038074,SLAB,SILICON LABORATORIES INC.
0002003292,KLAR,Klarna Group plc
0001718512,GTES,Gates Industrial Corp Ltd.
0001977102,BIRK,Birkenstock Holding plc
0001756607,EQX,Equinox Gold Corp.
0001878057,SGHC,Super Group (SGHC) Ltd
0001739445,ACA,"Arcosa, Inc."
0001856437,VSXY,Victoria's Secret & Co.
0000019584,CHE,CHEMED CORP
0001316835,BLDR,"Builders FirstSource, Inc."
0000056047,KEX,KIRBY CORP
0000350698,AN,"AUTONATION, INC."
0001285785,MOS,MOSAIC CO
0001819848,JOBY,"Joby Aviation, Inc."
0001968378,BCHMY,Bachem Holding AG/ADR
0001849056,OKLO,Oklo Inc.
0000310522,FNMA,FEDERAL NATIONAL MORTGAGE ASSOCIATION FANNIE MAE
0001021860,NOV,NOV Inc.
0001626115,PJT,PJT Partners Inc.
0001707753,ESTC,Elastic N.V.
0001289308,ENS,EnerSys
0000785786,PLXS,PLEXUS CORP
0001971542,QMMM,QMMM Holdings Ltd
0001477294,ST,Sensata Technologies Holding plc
0001639723,NAVN,"Navan, Inc."
0002107018,DPC,DPC Holdings Ltd
0002068440,LPGCY,Laopu Gold Co. Ltd./ADR
0001839341,CORZ,"Core Scientific, Inc./tx"
0001728951,EPRT,"ESSENTIAL PROPERTIES REALTY TRUST, INC."
0001649904,RYTM,"RHYTHM PHARMACEUTICALS, INC."
0001895262,NE,Noble Corp plc
0001907982,QBTS,D-Wave Quantum Inc.
0000037808,FNB,FNB CORP/PA/
0000945841,POOL,POOL CORP
0000018926,LUMN,"Lumen Technologies, Inc."
0001622229,COGT,"Cogent Biosciences, Inc."
0001853868,FRVO,Fervo Energy Co
0001835963,GLBE,Global-E Online Ltd.
0001823529,ACT,"Enact Holdings, Inc."
0000729986,UBSI,UNITED BANKSHARES INC/WV
0001969729,RCWLY,Rockwool A/S/ADR
0001759425,MIRM,"Mirum Pharmaceuticals, Inc."
0000794367,M,"Macy's, Inc."
0001734722,PATH,"UiPath, Inc."
0001653653,RRR,"Red Rock Resorts, Inc."
0002015845,ECG,"Everus Construction Group, Inc."
0000802481,PPC,PILGRIMS PRIDE CORP
0000772406,CRUS,"CIRRUS LOGIC, INC."
0001526125,GDS,GDS Holdings Ltd
0000764065,CLF,CLEVELAND-CLIFFS INC.
0001521036,LNTH,"Lantheus Holdings, Inc."
0001637810,FSV,FirstService Corp
0001692115,SWX,"Southwest Gas Holdings, Inc."
0002090312,MBGL,Mobility Global Inc.
0001583708,S,"SentinelOne, Inc."
0002084022,SFGYY,Sony Financial Group Inc./ADR
0001897762,INGM,Ingram Micro Holding Corp
0001773751,HIMS,"Hims & Hers Health, Inc."
0001050140,DSGX,DESCARTES SYSTEMS GROUP INC
0001615903,IFS,Intercorp Financial Services Inc.
0002000178,LOAR,Loar Holdings Inc.
0001108426,TXNM,TXNM ENERGY INC
0000912615,URBN,URBAN OUTFITTERS INC
0000868671,GBCI,"GLACIER BANCORP, INC."
0000906553,BYD,BOYD GAMING CORP
0002100805,JAN,"Janus Living, Inc."
0001786909,SBSW,Sibanye Stillwater Ltd
0001433195,APPF,APPFOLIO INC
0001529864,ENVA,"Enova International, Inc."
0002040127,KRMN,Karman Holdings Inc.
0001309108,WEX,WEX Inc.
0001889109,BLTE,"BELITE BIO, INC"
0001507079,FND,"Floor & Decor Holdings, Inc."
0001470419,ESYJY,easyJet plc
0002070849,BLLN,"BillionToOne, Inc."
0000918646,EXP,EAGLE MATERIALS INC
0001793659,RSI,"Rush Street Interactive, Inc."
0002079706,MBSHY,"Mitsubishi Gas Chemical Company, Inc./ADR"
0001692063,SNDR,"Schneider National, Inc."
0001334036,CROX,"Crocs, Inc."
0001046257,INGR,Ingredion Inc
0001761918,ERAS,"Erasca, Inc."
0001389050,AROC,"Archrock, Inc."
0000040211,GATX,GATX CORP
0001603923,WFRD,Weatherford International plc
0001109138,CAMT,CAMTEK LTD
0002041918,LOTMY,Lottomatica Group S.p.A./ADR
0001562088,DUOL,"Duolingo, Inc."
0001991792,CGON,"CG Oncology, Inc."
0001698990,MGY,Magnolia Oil & Gas Corp
0001012019,RUSHA,RUSH ENTERPRISES INC \TX\
0001504764,AVAL,Grupo Aval Acciones Y Valores S.A.
0001331520,HOMB,HOME BANCSHARES INC
0000750577,HWC,HANCOCK WHITNEY CORP
0001570827,VCTR,"Victory Capital Holdings, Inc."
0001659939,ENIC,Enel Chile S.A.
0001288469,MXL,"MAXLINEAR, INC"
0001520006,MTDR,Matador Resources Co
0000003453,MATX,"Matson, Inc."
0001654795,BBUC,Brookfield Business Corp
0000876437,MTG,MGIC INVESTMENT CORP
0001582313,XENE,Xenon Pharmaceuticals Inc.
0001581990,PAGP,PLAINS GP HOLDINGS LP
0001791863,BEPC,Brookfield Renewable Corp
0001448893,ESNT,Essent Group Ltd.
0001002638,OTEX,OPEN TEXT CORP
0001465128,STWD,"STARWOOD PROPERTY TRUST, INC."
0001698535,NXE,NexGen Energy Ltd.
0001590895,CZR,"Caesars Entertainment, Inc."
0000769520,MIDD,MIDDLEBY Corp
0001454144,ERELY,Eregli Demir ve Celik Fabrikalari TAS/ADR
0002065636,MWH,"SOLV Energy, Inc."
0001770787,TXG,"10x Genomics, Inc."
0001370418,SLFPY,STANDARD LIFE PLC
0001041803,PSMT,PRICESMART INC
0000883948,AUB,Atlantic Union Bankshares Corp
0001296445,ORA,"ORMAT TECHNOLOGIES, INC."
0001476204,PECO,"Phillips Edison & Company, Inc."
0001860742,BLCO,Bausch & Lomb Corp
0001995807,LB,LandBridge Co LLC
0000910073,FLG,"FLAGSTAR BANK, NATIONAL ASSOCIATION"
0001829726,TFPM,Triple Flag Precious Metals Corp.
0000885550,CACC,CREDIT ACCEPTANCE CORP
0001759509,LYFT,"Lyft, Inc."
0001433642,HLNE,Hamilton Lane INC
0001347426,BMA,Macro Bank Inc.
0001767042,KGS,"Kodiak Gas Services, Inc."
0000853816,LSTR,LANDSTAR SYSTEM INC
0000020212,CHDN,Churchill Downs Inc
0001519751,FBIN,"Fortune Brands Innovations, Inc."
0001718227,ROAD,"Construction Partners, Inc."
0000351569,ABCB,Ameris Bancorp
0001730430,KNSA,"Kiniksa Pharmaceuticals International, plc"
0001673743,HNGE,"Hinge Health, Inc."
0000356309,NJR,NEW JERSEY RESOURCES CORP
0000935036,ACIW,"ACI WORLDWIDE, INC."
0000886163,LGND,LIGAND PHARMACEUTICALS INC
0001003935,NICE,NICE Ltd.
0001049521,MRCY,MERCURY SYSTEMS INC
0001690585,DNTH,"Dianthus Therapeutics, Inc. /DE/"
0000007789,ASB,ASSOCIATED BANC-CORP
0002044984,ARSTY,Ariston Holding N.V./ADR
0001142417,NXST,"NEXSTAR MEDIA GROUP, INC."
0001723128,AMRX,"Amneal Pharmaceuticals, Inc."
0001813814,DFTX,"Definium Therapeutics, Inc."
0001653482,GTLB,Gitlab Inc.
0001345105,CPA,"Copa Holdings, S.A."
0001735707,GTX,Garrett Motion Inc.
0001852244,GXO,"GXO Logistics, Inc."
0000907654,ORKA,"Oruka Therapeutics, Inc."
0001278021,MKTX,MARKETAXESS HOLDINGS INC
0001065696,LKQ,LKQ CORP
0000103379,VFC,V F CORP
0001299709,AX,"Axos Financial, Inc."
0000784977,POR,PORTLAND GENERAL ELECTRIC CO /OR/
0001581280,TWST,Twist Bioscience Corp
0001727196,SRRK,Scholar Rock Holding Corp
0000230557,SIGI,SELECTIVE INSURANCE GROUP INC
0000911177,CWST,CASELLA WASTE SYSTEMS INC
0000084246,RLI,RLI CORP
0001070081,PTCT,"PTC THERAPEUTICS, INC."
0000001750,AIR,AAR CORP
0001579877,OUT,OUTFRONT Media Inc.
0001646972,ACI,"Albertsons Companies, Inc."
0002064124,FIGR,"Figure Technology Solutions, Inc."
0001627272,OR,OR Royalties Inc.
0001796022,STEP,StepStone Group Inc.
0001722684,WH,"WYNDHAM HOTELS & RESORTS, INC."
0001569650,OZK,Bank OZK
0000012659,HRB,H&R BLOCK INC
0000091767,SON,SONOCO PRODUCTS CO
0001094831,BGC,"BGC Group, Inc."
0001308547,DLB,"Dolby Laboratories, Inc."
0001680062,ACMR,"ACM Research, Inc."
0001516324,BTDPY,Barratt Developments PLC/ADR
0000314808,VAL,Valaris Ltd
0001835830,KVYO,"Klaviyo, Inc."
0001130464,BKH,BLACK HILLS CORP /SD/
0001556593,RITM,Rithm Capital Corp.
0001352010,EPAM,"EPAM Systems, Inc."
0001877322,ESAB,ESAB Corp
0000861459,GVA,GRANITE CONSTRUCTION INC
0000102752,VSEC,VSE CORP
0002093907,RKGRY,RENK Group AG/ADR
0001849853,STVN,Stevanato Group S.p.A.
0002011286,AMTM,"Amentum Holdings, Inc."
0001487326,OGC,OceanaGold Corp
0001851003,ZETA,Zeta Global Holdings Corp.
0001736035,BXSL,Blackstone Secured Lending Fund
0001492298,SBRA,"Sabra Health Care REIT, Inc."
0001495153,MMYT,MakeMyTrip Ltd
0000812011,MTN,VAIL RESORTS INC
0000700923,MYRG,MYR GROUP INC.
0001655888,OBDC,Blue Owl Capital Corp
0000766421,ALK,"ALASKA AIR GROUP, INC."
0000921638,SSRM,SSR MINING INC.
0001624794,CSW,"CSW INDUSTRIALS, INC."
0001438569,GRFS,Grifols SA
0000103730,VSH,VISHAY INTERTECHNOLOGY INC
0001786431,REYN,Reynolds Consumer Products Inc.
0000717954,UNF,UNIFIRST CORP
0000813762,IEP,ICAHN ENTERPRISES L.P.
0000310142,SXT,SENSIENT TECHNOLOGIES CORP
0000009326,BCPC,BALCHEM CORP
0001794669,FOUR,"Shift4 Payments, Inc."
0001810546,EBC,"Eastern Bankshares, Inc."
0000912766,LAUR,"LAUREATE EDUCATION, INC."
0001795250,SPHR,Sphere Entertainment Co.
0002065708,ANDG,Andersen Group Inc.
0000776867,WTM,WHITE MOUNTAINS INSURANCE GROUP LTD
0000025232,CUZ,COUSINS PROPERTIES INC
0001317685,ALH,Alliance Laundry Holdings Inc.
0001297989,EXLS,"ExlService Holdings, Inc."
0001662991,SEZL,Sezzle Inc.
0001438533,TVTX,"Travere Therapeutics, Inc."
0001740332,REZI,"RESIDEO TECHNOLOGIES, INC."
0001788348,BIPC,Brookfield Infrastructure Corp
0001378239,OMAB,Central North Airport Group
0002044863,TKMTY,"Tokyo Metro Co., Ltd./ADR"
0001381668,TFSL,TFS Financial CORP
0001699136,WHD,"Cactus, Inc."
0000014930,BC,BRUNSWICK CORP
0001076930,NOVT,NOVANTA INC
0000856982,MMSI,MERIT MEDICAL SYSTEMS INC
0000887596,CAKE,CHEESECAKE FACTORY INC
0001822479,SHC,Sotera Health Co
0001727263,FTDR,"Frontdoor, Inc."
0001230245,PIPR,PIPER SANDLER COMPANIES
0001046311,CHH,CHOICE HOTELS INTERNATIONAL INC /DE
0001107843,QLYS,"QUALYS, INC."
0002067876,VSNT,"Versant Media Group, Inc."
0000060519,LPX,LOUISIANA-PACIFIC CORP
0002063196,NTSK,Netskope Inc
0002062583,MMED,"MiniMed Group, Inc."
0001402388,WFG,"WEST FRASER TIMBER CO., LTD"
0000036029,FFIN,FIRST FINANCIAL BANKSHARES INC
0001396440,MAIN,Main Street Capital CORP
0001070235,BB,BLACKBERRY Ltd
0000790526,RDNT,"RadNet, Inc."
0000913353,CIGI,Colliers International Group Inc.
0001880319,PRM,"Perimeter Solutions, Inc."
0001364479,HRI,HERC HOLDINGS INC
0001013857,PEGA,PEGASYSTEMS INC
0000355811,GNTX,GENTEX CORP
0001978954,TBBB,BBB FOODS INC
0001418819,IRDM,Iridium Communications Inc.
0001697500,SEI,"Solaris Energy Infrastructure, Inc."
0001463101,ENPH,"Enphase Energy, Inc."
0001207179,GLNG,GOLAR LNG LTD
0001838359,RGTI,"Rigetti Computing, Inc."
0002088896,XE,"X-Energy, Inc."
0001596967,MC,Moelis & Co
0001571123,SAIC,Science Applications International Corp
0000043920,GEF,"GREIF, INC"
0001857047,MDA,MDA Space Ltd.
0001611983,LBRDA,Liberty Broadband Corp
0001820872,GBTG,"Global Business Travel Group, Inc."
0001674910,VVV,VALVOLINE INC
0001032033,SLM,SLM Corp
0002083632,OCTV,Octave Intelligence plc
0001430723,SFBS,"ServisFirst Bancshares, Inc."
0000912767,UFPI,UFP INDUSTRIES INC
0001600033,ELF,"e.l.f. Beauty, Inc."
0000899715,SKT,TANGER INC.
0001258602,NNI,NELNET INC
0002094691,OBOCY,Ottobock SE & Co. KGaA/ADR
0000073756,OII,OCEANEERING INTERNATIONAL INC
0001561894,HASI,"HA Sustainable Infrastructure Capital, Inc."
0001306830,CE,Celanese Corp
0001782170,RELY,"Remitly Global, Inc."
0000723612,CAR,"AVIS BUDGET GROUP, INC."
0000275880,PSN,PARSONS CORP
0000931427,TGS,GAS TRANSPORTER OF THE SOUTH INC
0001169561,CVLT,COMMVAULT SYSTEMS INC
0000056978,KLIC,KULICKE & SOFFA INDUSTRIES INC
0001841408,DAVE,Dave Inc./DE
0001869666,HAPVY,Hapvida Participacoes e Investimentos S.A./ADR
0001679049,INSW,"International Seaways, Inc."
0001853717,ATAT,Atour Lifestyle Holdings Ltd
0000315709,IBOC,INTERNATIONAL BANCSHARES CORP
0001693736,EQPT,EquipmentShare.com Inc
0001657573,XMTR,"Xometry, Inc."
0001045450,EPR,EPR PROPERTIES
0001469395,PAM,Pampa Energy Inc.
0001674416,CRSP,CRISPR Therapeutics AG
0001384905,RNG,"RingCentral, Inc."
0001604481,CMBT,CMB.TECH NV
0001449664,NWSGY,CTF Services Ltd
0001625297,INDV,"Indivior Pharmaceuticals, Inc."
0001516536,RMVEY,Rightmove PLC/ADR
0001496919,MBRFY,MARFRIG GLOBAL FOODS S.A.
0001071321,TKC,TURKCELL ILETISIM HIZMETLERI A S
0000700564,FULT,FULTON FINANCIAL CORP
0001818794,DYN,"Dyne Therapeutics, Inc."
0001760965,KTB,"Kontoor Brands, Inc."
0001517175,CHEF,"Chefs' Warehouse, Inc."
0001811935,PTRN,Pattern Group Inc.
0002017206,MRP,"Millrose Properties, Inc."
0001609253,CRC,California Resources Corp
0001361658,TNL,Travel & Leisure Co.
0001361113,VRNS,VARONIS SYSTEMS INC
0001357615,KBR,"KBR, INC."
0001361538,PRIM,Primoris Services Corp
0000833079,MTH,Meritage Homes CORP
0000038725,FELE,FRANKLIN ELECTRIC CO INC
0001468642,AUGO,Aura Minerals Inc.
0001747777,OTF,Blue Owl Technology Finance Corp.
0001830918,MAUTF,Montage Gold Corp.
0002085236,AMVOY,AUMOVIO SE
0001025996,KRC,KILROY REALTY CORP
0001748797,DOO,BRP Inc.
0001610250,BOOT,"Boot Barn Holdings, Inc."
0001056288,FHI,"FEDERATED HERMES, INC."
0001786842,VNT,Vontier Corp
0000016040,CBT,CABOT CORP
0001069878,TREX,TREX CO INC
0001174169,AQN,ALGONQUIN POWER & UTILITIES CORP.
0001438472,MIAX,"MIAMI INTERNATIONAL HOLDINGS, INC."
0001114995,PI,IMPINJ INC
0001786352,BILL,"BILL Holdings, Inc."
0001827635,MANE,"Veradermics, Inc"
0001784570,BETA,"BETA Technologies, Inc."
0001757073,NVST,Envista Holdings Corp
0001018840,ANF,ABERCROMBIE & FITCH CO /DE/
0000887936,FCN,"FTI CONSULTING, INC"
0001104657,MTRN,MATERION Corp
0001846832,DLO,dLocal Ltd
0001639691,LIVN,LivaNova PLC
0000949157,CENX,CENTURY ALUMINUM CO
0001639300,OLLI,"Ollie's Bargain Outlet Holdings, Inc."
0001819133,TNGX,"Tango Therapeutics, Inc."
0001647088,WSC,WillScot Holdings Corp
0001507605,MARA,"MARA Holdings, Inc."
0001581760,LIF,"Life360, Inc."
0001057706,FBP,FIRST BANCORP /PR/
0002019410,CAI,"Caris Life Sciences, Inc."
0000860546,CDP,COPT DEFENSE PROPERTIES
0001637207,PLNT,"Planet Fitness, Inc."
0000887153,SIM,"GRUPO SIMEC, S.A.B. de C.V."
0001070494,ACAD,ACADIA PHARMACEUTICALS INC
0002067129,NP,Neptune Insurance Holdings Inc.
0000063276,MAT,MATTEL INC /DE/
0000090896,SKY,"Champion Homes, Inc."
0000008947,AZZ,AZZ INC
0001836470,SRAD,Sportradar Group AG
0001101215,BFH,"BREAD FINANCIAL HOLDINGS, INC."
0000806968,WPP,WPP plc
0000780571,ITRI,"ITRON, INC."
0000886977,MEOH,METHANEX CORP
0000278166,CVCO,"CAVCO INDUSTRIES, INC."
0000821483,PARR,"PAR PACIFIC HOLDINGS, INC."
0001077428,TCBI,TEXAS CAPITAL BANCSHARES INC/TX
0001144980,ABG,ASBURY AUTOMOTIVE GROUP INC
0001424182,BNL,"Broadstone Net Lease, Inc."
0000793733,SKYW,SKYWEST INC
0000088121,SEB,SEABOARD CORP /DE/
0000817720,SYNA,SYNAPTICS Inc
0001921963,ATMU,Atmus Filtration Technologies Inc.
0000857855,UCB,UNITED COMMUNITY BANKS INC
0000849869,SLGN,SILGAN HOLDINGS INC
0001646188,ONDS,Ondas Inc.
0001993004,NWE,"NorthWestern Energy Group, Inc."
0001603454,CELC,Celcuity Inc.
0001717393,CAAP,CORPORACION AMERICA AIRPORTS S.A.
0001385280,CNK,"Cinemark Holdings, Inc."
0000730464,CVSA,Covista Inc.
0001395942,OPLN,"OPENLANE, Inc."
0000883984,ICUI,ICU MEDICAL INC/DE
0000861842,CATY,CATHAY GENERAL BANCORP
0001691303,HCC,"WARRIOR MET COAL, INC."
0001955520,KNF,Knife River Corp
0000067716,MDU,MDU RESOURCES GROUP INC
0001600928,HPHTY,Hamamatsu Photonics K.K./ADR
0001710072,EWTX,"Edgewise Therapeutics, Inc."
0001650729,SITE,"SiteOne Landscape Supply, Inc."
0001530950,POST,"Post Holdings, Inc."
0001812364,RLAY,"Relay Therapeutics, Inc."
0001433087,FLIDY,FLSMIDTH & CO. A/S
0002035057,IFHLY,Inficon Holding AG/ADR
0000828944,WSFS,WSFS FINANCIAL CORP
0000016160,CALM,CAL-MAINE FOODS INC
0001657677,PBLS,"Parabilis Medicines, Inc."
0001311370,LAZ,"Lazard, Inc."
0001489079,ADOOY,Adaro Energy PT/ADR/
0001990354,WAY,Waystar Holding Corp.
0000806628,DNP,DNP SELECT INCOME FUND INC
0001455863,COLD,AMERICOLD REALTY TRUST
0001845257,LFST,"LifeStance Health Group, Inc."
0001040971,SLG,SL GREEN REALTY CORP
0000701985,BBWI,"Bath & Body Works, Inc."
0002014596,CON,"Concentra Group Holdings Parent, Inc."
0001113232,ACLS,AXCELIS TECHNOLOGIES INC
0001710366,CNR,"Core Natural Resources, Inc."
0001466085,IRT,"INDEPENDENCE REALTY TRUST, INC."
0000822663,IPAR,INTERPARFUMS INC
0001437578,BFAM,BRIGHT HORIZONS FAMILY SOLUTIONS INC.
0000868780,DORM,"Dorman Products, Inc."
0000776901,INDB,INDEPENDENT BANK CORP
0000050725,GFF,GRIFFON CORP
0000203596,WSBC,WESBANCO INC
0001051627,AXTI,AXT INC
0001078271,EXTR,EXTREME NETWORKS INC
0000715072,RNST,RENASANT CORP
0002052959,LION,Lionsgate Studios Corp.
0001877787,ZGN,Ermenegildo Zegna N.V.
0000354647,CVBF,CVB FINANCIAL CORP
0001840776,HGTY,"Hagerty, Inc."
0002089661,SUNC,SunocoCorp LLC
0001672619,ELVN,"Enliven Therapeutics, Inc."
0001124796,LASR,"NLIGHT, INC."
0000889900,PTEN,PATTERSON UTI ENERGY INC
0000825542,SMG,SCOTTS MIRACLE-GRO CO
0000730263,THO,THOR INDUSTRIES INC
0001418121,APLE,"Apple Hospitality REIT, Inc."
0000913059,BBAR,Banco BBVA Argentina S.A.
0000932696,NSIT,INSIGHT ENTERPRISES INC
0000003197,CECO,CECO ENVIRONMENTAL CORP
0001815846,MNSO,MINISO Group Holding Ltd
0000009092,BMI,BADGER METER INC
0001745916,PFSI,"PennyMac Financial Services, Inc."
0001388658,IRTC,"iRhythm Holdings, Inc."
0001985406,NEXHY,"Nippon Express Holdings, Inc./ADR"
0001482981,COCO,"Vita Coco Company, Inc."
0001483934,STNG,Scorpio Tankers Inc.
0001434588,LOPE,"Grand Canyon Education, Inc."
0000029002,DIOD,DIODES INC /DEL/
0001410384,QTWO,"Q2 Holdings, Inc."
0001815779,HAFN,Hafnia Ltd
0001275014,UCTT,"Ultra Clean Holdings, Inc."
0000313143,HAE,HAEMONETICS CORP
0001981792,HHH,Howard Hughes Holdings Inc.
0001934850,FG,"F&G Annuities & Life, Inc."
0001823144,GPGI,"GPGI, Inc."
0001809987,MIR,"Mirion Technologies, Inc."
0002044153,NGXXF,NGEx Minerals Ltd.
0001691421,LMND,"Lemonade, Inc."
0000931015,PII,Polaris Inc.
0000799292,MHO,"M/I HOMES, INC."
0002013745,CLMT,"Calumet, Inc. /DE"
0002071778,FRMI,Fermi Inc.
0001280263,AMBA,AMBARELLA INC
0000760498,BANF,BANCFIRST CORP /OK/
0001522727,USAC,"USA Compression Partners, LP"
0001276520,GNW,GENWORTH FINANCIAL INC
0001866364,BULL,Webull Corp
0001516513,DOCS,"Doximity, Inc."
0001563411,CSTM,CONSTELLIUM SE
0001670592,YETI,"YETI Holdings, Inc."
0000805676,PRK,PARK NATIONAL CORP /OH/
0001866175,CRGY,Crescent Energy Co
0000098222,TDW,TIDEWATER INC
0001466593,OTTR,Otter Tail Corp
0001850351,LFTO,"Liftoff Mobile, Inc."
0001690680,NMRK,"NEWMARK GROUP, INC."
0001607678,VKTX,"Viking Therapeutics, Inc."
0001384101,VCYT,"VERACYTE, INC."
0001714899,DNLI,Denali Therapeutics Inc.
0001518715,MCHB,Mechanics Bancorp
0001530238,JOYY,JOYY Inc.
0000860413,FIBK,FIRST INTERSTATE BANCSYSTEM INC
0001801169,OPEN,Opendoor Technologies Inc.
0001845338,MNDY,monday.com Ltd.
0001818201,CCC,CCC Intelligent Solutions Holdings Inc.
0001111928,IPGP,IPG PHOTONICS CORP
0001660280,TENB,"Tenable Holdings, Inc."
0001970622,USAR,"USA Rare Earth, Inc."
0001854587,CLBT,Cellebrite DI Ltd.
0001468091,VEON,VEON Ltd.
0001952073,MSGE,Madison Square Garden Entertainment Corp.
0001674168,HGV,Hilton Grand Vacations Inc.
0000310354,SXI,STANDEX INTERNATIONAL CORP/DE/
0001478320,ADPT,Adaptive Biotechnologies Corp
0001026214,FMCC,FEDERAL HOME LOAN MORTGAGE CORP
0001039065,OSIS,OSI SYSTEMS INC
0000925261,AKO-A,ANDINA BOTTLING CO INC
0001636222,WING,Wingstop Inc.
0000827876,CLSK,"CLEANSPARK, INC."
0001570585,LBTYA,Liberty Global Ltd.
0001685040,BHF,"Brighthouse Financial, Inc."
0001174850,NIC,NICOLET BANKSHARES INC
0001376139,CVI,CVR ENERGY INC
0001847367,ALMS,ALUMIS INC.
0001801198,LEGN,Legend Biotech Corp
0001761312,PLMR,"Palomar Holdings, Inc."
0000910108,LXP,LXP Industrial Trust
0001821825,OGN,Organon & Co.
0001593275,HG,"Hamilton Insurance Group, Ltd."
0001824502,ACHR,Archer Aviation Inc.
0001517413,FSLY,"Fastly, Inc."
0000708955,FFBC,FIRST FINANCIAL BANCORP /OH/
0001724521,RCUS,"Arcus Biosciences, Inc."
0001680056,ORLA,Orla Mining Ltd.
0001047335,NHC,NATIONAL HEALTHCARE CORP
0001263994,UTG,REAVES UTILITY INCOME FUND
0001065059,LEU,CENTRUS ENERGY CORP
0002027317,CURB,Curbline Properties Corp.
0000745308,JOE,ST JOE Co
0001958140,BATRA,"Atlanta Braves Holdings, Inc."
0001974138,NATL,NCR Atleos Corp
0000833640,POWI,POWER INTEGRATIONS INC
0000008063,ATRO,ASTRONICS CORP
0001114483,ITGR,Integer Holdings Corp
0001969302,PONY,Pony AI Inc.
0001014739,OPCH,"Option Care Health, Inc."
0000913241,SHOO,"STEVEN MADDEN, LTD."
0001854640,CGAU,Centerra Gold Inc.
0001676725,IDYA,"IDEAYA Biosciences, Inc."
0001649313,BWLP,BW LPG Ltd
0000090498,SFNC,SIMMONS FIRST NATIONAL CORP
0000723188,CBU,"COMMUNITY FINANCIAL SYSTEM, INC."
0001888886,GPCR,Structure Therapeutics Inc.
0000036377,FHB,"FIRST HAWAIIAN, INC."
0001563577,GRTX,"Galera Therapeutics, Inc."
0001056903,AWR,AMERICAN STATES WATER CO
0001210677,FA,FIRST ADVANTAGE CORP
0001524358,VAC,MARRIOTT VACATIONS WORLDWIDE Corp
0000730708,SBCF,SEACOAST BANKING CORP OF FLORIDA
0001929561,RXO,"RXO, Inc."
0002007191,TLX,Telix Pharmaceuticals Ltd
0001547903,NMIH,"NMI Holdings, Inc."
0000104918,AVA,AVISTA CORP
0001504008,BKU,"BankUnited, Inc."
0002054696,NIQ,NIQ Global Intelligence plc
0000837465,CALY,Callaway Golf Co
0001122976,AVNT,AVIENT CORP
0001787306,ARQT,"Arcutis Biotherapeutics, Inc."
0001086600,ARLP,ALLIANCE RESOURCE PARTNERS LP
0001445305,WK,WORKIVA INC
0001031203,GPI,GROUP 1 AUTOMOTIVE INC
0001476765,GBDC,"GOLUB CAPITAL BDC, Inc."
0001674862,ASH,ASHLAND INC.
0001713748,SKE,Skeena Resources Ltd
0001872195,BLSH,Bullish
0001504776,WRBY,Warby Parker Inc.
0001795589,KC,Kingsoft Cloud Holdings Ltd
0000899629,AKR,ACADIA REALTY TRUST
0001832466,ALHC,"Alignment Healthcare, Inc."
0001494259,CARG,"CarGurus, Inc."
0001834622,HAYW,"Hayward Holdings, Inc."
0001936258,NAMS,NewAmsterdam Pharma Co N.V.
0001811414,QS,QuantumScape Corp
0001549084,CHRN,ChronoScale Holdings Corp
0001532173,KOZAY,Turk Altin Isletmeleri A.S./ADR
0001275214,CSQ,CALAMOS STRATEGIC TOTAL RETURN FUND
0001552797,DKL,"Delek Logistics Partners, LP"
0000894405,ARCB,ARCBEST CORP /DE/
0002097163,XNDU,Xanadu Quantum Technologies Ltd
0001969373,VTMX,"Vesta Real Estate Corporation, S.A.B. de C.V."
0001670061,ALM,Almonty Industries Inc.
0000851520,EXPO,EXPONENT INC
0001386716,SBLK,Star Bulk Carriers Corp.
0001430162,CSAN,Cosan S.A.
0000019745,CPK,CHESAPEAKE UTILITIES CORP
0001628369,CWK,Cushman & Wakefield Ltd.
0001776111,MBX,"MBX Biosciences, Inc."
0001621434,BSM,"Black Stone Minerals, L.P."
0001587523,KN,Knowles Corp
0000048287,HNI,HNI CORP
0001337634,STUB,"StubHub Holdings, Inc."
0000046195,BOH,BANK OF HAWAII CORP
0002092258,AWATY,Air Water Inc./ADR
0001528849,RH,RH
0002105398,CSQR,"Csquare, Inc."
0001544522,FRSH,Freshworks Inc.
0000082020,USLM,UNITED STATES LIME & MINERALS INC
0000826675,DX,DYNEX CAPITAL INC
0002062440,KYIV,Kyivstar Group Ltd.
0001671235,BMRRY,B&M European Value Retail S.A./ADR
0000103145,VECO,VEECO INSTRUMENTS INC
0001655891,TRMD,TORM plc
0001649749,FBK,FB Financial Corp
0001748824,AAMI,Acadian Asset Management Inc.
0001800227,PPLI,People Inc
0001280784,HTGC,"Hercules Capital, Inc."
0001020859,UNFI,UNITED NATURAL FOODS INC
0001050797,COLM,COLUMBIA SPORTSWEAR CO
0000874866,CRVL,CORVEL CORP
0000105132,WDFC,WD 40 CO
0001820144,GRND,Grindr Inc.
0001617406,PK,Park Hotels & Resorts Inc.
0000937098,TNET,"TRINET GROUP, INC."
0001694028,LBRT,Liberty Energy Inc.
0001654126,ZIM,ZIM Integrated Shipping Services Ltd.
0001035201,CWT,CALIFORNIA WATER SERVICE GROUP
0001373670,GRBK,"Green Brick Partners, Inc."
0000821130,AD,"ARRAY DIGITAL INFRASTRUCTURE, INC."
0001611547,UE,Urban Edge Properties
0000025445,CXT,"Crane NXT, Co."
0001822966,SMR,NUSCALE POWER Corp
0001161728,MGEE,MGE ENERGY INC
0001590560,QURE,uniQure N.V.
0000944148,CBZ,"CBIZ, Inc."
0001867072,KD,"Kyndryl Holdings, Inc."
0001169770,BANC,"BANC OF CALIFORNIA, INC."
0001759655,PRVA,"Privia Health Group, Inc."
0000078749,AGYS,AGILYSYS INC
0001290109,LPL,"LG Display Co., Ltd."
0000069891,FIZZ,NATIONAL BEVERAGE CORP
0000880631,WT,"WisdomTree, Inc."
0001726978,GSHD,"Goosehead Insurance, Inc."
0001817358,ASO,"Academy Sports & Outdoors, Inc."
0001699031,GRAL,"GRAIL, Inc."
0001078075,NTCT,NETSCOUT SYSTEMS INC
0001422183,FSK,FS KKR Capital Corp
0000039368,FUL,FULLER H B CO
0002078008,VGNT,Versigent PLC
0001803696,ADEA,Adeia Inc.
0000744218,CLDX,"Celldex Therapeutics, Inc."
0001070985,CXW,"CoreCivic, Inc."
0001611647,FRPT,"Freshpet, Inc."
0001486749,HYPMY,Hypermarcas S.A.
0001679688,DBRG,"DigitalBridge Group, Inc."
0001816736,IRON,"Disc Medicine, Inc."
0001783398,UWMC,UWM Holdings Corp
0001811210,LCID,"Lucid Group, Inc."
0000057515,MZTI,MARZETTI CO
0000863436,BHE,BENCHMARK ELECTRONICS INC
0000729580,BELFA,BEL FUSE INC /NJ
0000874499,GPOR,GULFPORT ENERGY CORP
0001821769,NVTS,Navitas Semiconductor Corp
0001216583,JPC,Nuveen Preferred & Income Opportunities Fund
0002035304,TTAM,Titan America SA
0001385849,UUUU,ENERGY FUELS INC
0002091467,BGSI,Boyd Group Services Inc.
0001336917,UAA,"Under Armour, Inc."
0001093691,PLUG,PLUG POWER INC
0001826836,AYA,Aya Gold & Silver Inc.
0001493318,ETOR,eToro Group Ltd.
0000940942,HUBG,"Hub Group, Inc."
0001295401,TBBK,"Bancorp, Inc."
0000752714,MGRC,MCGRATH RENTCORP
0001845097,AMBP,Ardagh Metal Packaging S.A.
0002110029,EROC,"ERock, Inc."
0001676238,BRZE,"Braze, Inc."
0001737706,SDRL,SEADRILL Ltd
0001601548,VVX,"V2X, Inc."
0001111335,VC,VISTEON CORP
0000771497,ABM,ABM INDUSTRIES INC /DE/
0001231346,SA,SEABRIDGE GOLD INC
0001853860,ERO,Ero Copper Corp.
0001517302,APAM,Artisan Partners Asset Management Inc.
0001650132,FCPT,"Four Corners Property Trust, Inc."
0000108516,WOR,"WORTHINGTON ENTERPRISES, INC."
0001981599,CTRI,"Centuri Holdings, Inc."
0001595974,MGNI,"MAGNITE, INC."
0001964504,ARIS,Aris Mining Corp
0001029199,EEFT,"EURONET WORLDWIDE, INC."
0000921738,PENN,"PENN Entertainment, Inc."
0001876183,IHS,IHS Holding Ltd
0001639825,PTON,"PELOTON INTERACTIVE, INC."
0000036146,TRMK,TRUSTMARK CORP
0001307748,IVT,InvenTrust Properties Corp.
0001419945,TNK,TEEKAY TANKERS LTD.
0001777921,AVPT,"AvePoint, Inc."
0000076605,PATK,PATRICK INDUSTRIES INC
0001688757,ESTA,ESTABLISHMENT LABS HOLDINGS INC.
0001520697,ACHC,"Acadia Healthcare Company, Inc."
0001287865,MPT,MEDICAL PROPERTIES TRUST INC
0001745431,STNE,StoneCo Ltd.
0000790359,NBTB,NBT BANCORP INC
0001576018,SPNT,SiriusPoint Ltd
0001968915,PHIN,PHINIA INC.
0001164009,FXCNY,FIH Mobile Ltd
0001083839,NAD,Nuveen Quality Municipal Income Fund
0001904856,EFXT,Enerflex Ltd.
0001298946,DRH,DiamondRock Hospitality Co
0000936528,WAFD,WAFD INC
0001698514,NESR,National Energy Services Reunited Corp.
0001616533,PENG,"Penguin Solutions, Inc."
0001849635,DJT,Trump Media & Technology Group Corp.
0000887733,CENT,CENTRAL GARDEN & PET CO
0001092699,SPSC,SPS COMMERCE INC
0001781755,BWIN,"Baldwin Insurance Group, Inc."
0001459200,ALRM,"Alarm.com Holdings, Inc."
0000818479,XRAY,DENTSPLY SIRONA Inc.
0001620533,SHAK,Shake Shack Inc.
0001712807,PAGS,PagSeguro Digital Ltd.
0000712534,FRME,FIRST MERCHANTS CORP
0001838406,BKV,BKV Corp
0001840856,SOUN,"SOUNDHOUND AI, INC."
0001652535,ICHR,"ICHOR HOLDINGS, LTD."
0001512920,SII,SPROTT INC.
0001328581,BCC,BOISE CASCADE Co
0001090116,NVG,Nuveen AMT-Free Municipal Credit Income Fund
0001533082,EBOSY,EBOS Group Limited/ADR
0001527636,ATHM,Autohome Inc.
0002081043,ATAI,AtaiBeckley Inc.
0001517228,VISN,"Vistance Networks, Inc."
0001816581,OUST,"Ouster, Inc."
0000835324,SYBT,"Stock Yards Bancorp, Inc."
0000107140,WLY,"JOHN WILEY & SONS, INC."
0001488813,CUBI,"Customers Bancorp, Inc."
0001647639,UPST,"Upstart Holdings, Inc."
0001394832,ATS,ATS Corp /ATS
0001362468,ALGT,Allegiant Travel CO
0001040470,AEHR,AEHR TEST SYSTEMS
0000921582,IMAX,IMAX CORP
0001745999,BEAM,Beam Therapeutics Inc.
0001108134,BBT,Beacon Financial Corp
0000854775,DGII,DIGI INTERNATIONAL INC
0001693256,WTTR,"Select Water Solutions, Inc."
0001468748,KOD,Kodiak Sciences Inc.
0001756262,TMDX,"TransMedics Group, Inc."
0000811589,FBNC,FIRST BANCORP /NC/
0000711377,NEOG,NEOGEN CORP
0000811596,KALU,KAISER ALUMINUM CORP
0001563880,TRVI,"Trevi Therapeutics, Inc."
0001024795,HLIO,"HELIOS TECHNOLOGIES, INC."
0001260729,GDV,GABELLI DIVIDEND & INCOME TRUST
0001758488,OSW,ONESPAWORLD HOLDINGS Ltd
0000046250,HWKN,HAWKINS INC
0001899123,BTDR,Bitdeer Technologies Group
0001868941,FLNC,"Fluence Energy, Inc."
0001356576,SUPN,"SUPERNUS PHARMACEUTICALS, INC."
0000766829,HTO,H2O AMERICA
0001472012,IMNM,Immunome Inc.
0001997350,ARX,Accelerant Holdings
0000055242,KMT,KENNAMETAL INC
0001173420,NG,NOVAGOLD RESOURCES INC
0001653477,NGVT,Ingevity Corp
0000314489,BUSE,FIRST BUSEY CORP /NV/
0000885590,BHC,Bausch Health Companies Inc.
0001063259,DNN,DENISON MINES CORP.
0001599617,DNOW,DNOW Inc.
0001341335,FSM,FORTUNA MINING CORP.
0001819790,TARS,"Tarsus Pharmaceuticals, Inc."
0000028823,DBD,"DIEBOLD NIXDORF, Inc"
0001419612,SEDG,"SOLAREDGE TECHNOLOGIES, INC."
0001802255,GRDN,"Guardian Pharmacy Services, Inc."
0001629019,MBIN,Merchants Bancorp
0001901279,NYAX,Nayax Ltd.
0000099780,TRN,TRINITY INDUSTRIES INC
0001724965,TALO,TALOS ENERGY INC.
0001565687,INTA,"Intapp, Inc."
0001627223,CC,Chemours Co
0000763744,LCII,LCI INDUSTRIES
0001190935,PTY,PIMCO CORPORATE & INCOME OPPORTUNITY FUND
0001864163,INTR,"Inter & Co, Inc."
0001666138,ATKR,Atkore Inc.
0001560968,SMSGY,Samsonite International SA/ADR
0001061630,BXMT,"BLACKSTONE MORTGAGE TRUST, INC."
0001293613,KYN,"Kayne Anderson Energy Infrastructure Fund, Inc."
0001515673,RARE,Ultragenyx Pharmaceutical Inc.
0000814453,NWL,NEWELL BRANDS INC.
0001812477,KEEL,Keel Infrastructure Corp.
0001828365,RLX,RLX Technology Inc.
0001625101,PLSE,"PULSE BIOSCIENCES, INC."
0001555815,TSCFY,Tisco Financial Group Public Co Limited/ADR
0000871763,MAN,ManpowerGroup Inc.
0000845877,AGM,FEDERAL AGRICULTURAL MORTGAGE CORP
0001551306,PGNY,"Progyny, Inc."
0001519449,SKWD,"Skyward Specialty Insurance Group, Inc."
0001020710,DXPE,DXP ENTERPRISES INC
0001545057,PTXKY,PT XLSMART Telecom Sejahtera Tbk/ADR
0001653242,NTB,Bank of N.T. Butterfield & Son Ltd
0001823239,MRVI,"MARAVAI LIFESCIENCES HOLDINGS, INC."
0001845815,PAYO,Payoneer Global Inc.
0000821026,ANDE,"Andersons, Inc."
0001289848,HURN,Huron Consulting Group Inc.
0001022408,PLUS,EPLUS INC
0001549595,NRIX,"Nurix Therapeutics, Inc."
0001137887,NZF,Nuveen Municipal Credit Income Fund
0001025835,EFSC,ENTERPRISE FINANCIAL SERVICES CORP
0001362988,AYR,Aircastle LTD
0001024305,COTY,COTY INC.
0000906709,NKTR,NEKTAR THERAPEUTICS
0000946673,BANR,BANNER CORP
0001364250,DEI,Douglas Emmett Inc
0001589526,BLBD,Blue Bird Corp
0001866226,EMAT,Evolution Metals & Technologies Corp.
0002020795,UNIT,Uniti Group Inc.
0001964954,ECO,Okeanis Eco Tankers Corp.
0000078814,PBI,PITNEY BOWES INC /DE/
0000887359,VCEL,Vericel Corp
0001756770,CURLF,"Curaleaf Holdings, Inc."
0001469367,RUN,Sunrun Inc.
0001262976,CMPR,CIMPRESS plc
0001886428,SLDE,"Slide Insurance Holdings, Inc."
0001709682,CTOS,"Custom Truck One Source, Inc."
0001804745,DRVN,Driven Brands Holdings Inc.
0001428205,ARR,"Armour Residential REIT, Inc."
0001158895,LMAT,LEMAITRE VASCULAR INC
0001526243,PPTA,PERPETUA RESOURCES CORP.
0001831828,VERA,"Vera Therapeutics, Inc."
0001415921,NMM,Navios Maritime Partners L.P.
0000733269,RAMP,"LiveRamp Holdings, Inc."
0001471265,NWBI,"Northwest Bancshares, Inc."
0001576789,WIX,Wix.com Ltd.
0001717161,CEPU,CENTRAL PUERTO S.A.
0001830487,PHVS,Pharvaris N.V.
0001104485,NOG,"NORTHERN OIL & GAS, INC."
0001993344,AAUC,Allied Gold Corp
0000882796,BCRX,BIOCRYST PHARMACEUTICALS INC
0001158463,JBLU,JETBLUE AIRWAYS CORP
0000021535,COHU,COHU INC
0001400810,HCI,"HCI Group, Inc."
0001561861,AERO,"Grupo Aeromexico, S.A.B. de C.V."
0000793074,WERN,WERNER ENTERPRISES INC
0000805928,AXGN,"Axogen, Inc."
0001381640,MLCO,Melco Resorts & Entertainment LTD
0001848763,RNW,ReNew Energy Global plc
0001980088,MNR,MACH NATURAL RESOURCES LP
0001933414,MLYS,"Mineralys Therapeutics, Inc."
0001265131,HTH,Hilltop Holdings Inc.
0001406666,CALX,"CALIX, INC"
0001801170,CLOV,"CLOVER HEALTH INVESTMENTS, CORP. /DE"
0001217234,CDNA,"CareDx, Inc."
0001658551,AMLX,"Amylyx Pharmaceuticals, Inc."
0001277866,EXK,ENDEAVOUR SILVER CORP
0001030469,OFG,OFG BANCORP
0001409970,HAPN,"Happen, Inc."
0000084748,ROG,ROGERS CORP
0000804116,RVT,"ROYCE SMALL-CAP TRUST, INC."
0001342338,HIMX,"Himax Technologies, Inc."
0002088281,MFP,"Midera Food Processing, Inc."
0002114044,COAG,"Hemab Therapeutics Holdings, Inc."
0000814083,CLM,"Cornerstone Strategic Investment Fund, Inc."
0002085187,BOBS,"Bob's Discount Furniture, Inc."
0001811063,NUVB,Nuvation Bio Inc.
0000907242,MCRI,MONARCH CASINO & RESORT INC
0001295810,SHO,"Sunstone Hotel Investors, Inc."
0001464521,HTFL,"Heartflow, Inc."
0001978867,CDLR,Cadeler A/S
0001261654,UTI,UNIVERSAL TECHNICAL INSTITUTE INC
0001266585,NMZ,NUVEEN MUNICIPAL HIGH INCOME OPPORTUNITY FUND
0002096997,KLRA,"Kailera Therapeutics, Inc."
0002035149,FLOC,Flowco Holdings Inc.
0001925283,LCLN,"Lincoln International, Inc."
0001468328,ADUS,Addus HomeCare Corp
0000712537,FCF,FIRST COMMONWEALTH FINANCIAL CORP /PA/
0001356090,PGEN,"PRECIGEN, INC."
0002013649,CHA,Chagee Holdings Ltd.
0001075415,DHC,DIVERSIFIED HEALTHCARE TRUST
0001853145,EVCM,EverCommerce Inc.
0001580808,ATEN,"A10 Networks, Inc."
0002007825,INFQ,"Infleqtion, Inc."
0000034782,SRCE,1ST SOURCE CORP
0000042682,GRC,GORMAN RUPP CO
0001636639,PLGO,Pelagos Insurance Capital Ltd
0001309167,AEGXF,Aecon Group Inc.
0001474098,PEB,Pebblebrook Hotel Trust
0001884082,PSNY,Polestar Automotive Holding UK PLC
0002036042,SION,"Sionna Therapeutics, Inc."
0001050377,CNXN,PC CONNECTION INC
0000819793,AIN,ALBANY INTERNATIONAL CORP /DE/
0001054905,IOSP,INNOSPEC INC.
0000850141,HMN,HORACE MANN EDUCATORS CORP /DE/
0001052752,GTY,GETTY REALTY CORP /MD/
0001253327,EVT,Eaton Vance Tax-Advantaged Dividend Income Fund
0001798100,NTST,NETSTREIT Corp.
0001590750,VRDN,"Viridian Therapeutics, Inc.\DE"
0002100161,BXDC,Blackstone Digital Infrastructure Trust Inc.
0001564902,PRKS,United Parks & Resorts Inc.
0001951070,MH,"McGraw Hill, Inc."
0001750704,HAWK,"HawkEye 360, Inc."
0000094344,STC,STEWART INFORMATION SERVICES CORP
0002035697,PLBL,Polibeli Group Ltd
0001806837,VERX,"Vertex, Inc."
0000903651,INOD,INNODATA INC
0001288847,FIVN,"Five9, Inc."
0000876883,STGW,Stagwell Inc
0001704292,ZLAB,Zai Lab Ltd
0002113060,IQMX,IQM Quantum Computers Oyj
0000887905,LTC,LTC PROPERTIES INC
0002091017,SSMR,Sunshine Silver Mining & Refining Co
0000726854,CHCO,CITY HOLDING CO
0001084961,ECPG,ENCORE CAPITAL GROUP INC
0001832332,AVAH,"Aveanna Healthcare Holdings, Inc."
0001781753,DAO,"Youdao, Inc."
0000109177,SPB,"Spectrum Brands Holdings, Inc."
0002042556,SPGNY,Springer Nature AG & Co. KGaA/ADR
0001508475,VNET,"VNET Group, Inc."
0001819810,RDW,Redwire Corp
0001902733,NCNO,"nCino, Inc."
0001583648,PVLA,"PALVELLA THERAPEUTICS, INC."
0001935979,BHVN,Biohaven Ltd.
0000789460,WKC,WORLD KINECT CORP
0001638833,SGRY,"Surgery Partners, Inc."
0001802665,HRMY,"Harmony Biosciences Holdings, Inc."
0001910139,MBLY,Mobileye Global Inc.
0001616000,XHR,"Xenia Hotels & Resorts, Inc."
0001828102,KARO,Karooooo Ltd.
0001077183,NEO,NEOGENOMICS INC
0001832511,PIII,P3 Health Partners Inc.
0001798562,TMC,TMC the metals Co Inc.
0001595761,WB,WEIBO Corp
0001441683,APPN,APPIAN CORP
0001596993,LPG,DORIAN LPG LTD.
0001365135,WU,Western Union CO
0002012593,RAPP,"Rapport Therapeutics, Inc."
0000715787,TILE,INTERFACE INC
0001580560,FLYW,Flywire Corp
0001462120,LOB,"Live Oak Bancshares, Inc."
0001818331,WGS,GeneDx Holdings Corp.
0001844452,LUNR,"Intuitive Machines, Inc."
0000914156,UFPT,UFP TECHNOLOGIES INC
0001046568,PRDO,PERDOCEO EDUCATION Corp
0001390478,SLS,"SELLAS Life Sciences Group, Inc."
0001042893,INVX,"Innovex International, Inc."
0002086587,YSS,York Space Systems Inc.
0001368514,ADMA,"ADMA BIOLOGICS, INC."
0001768666,BSTZ,BlackRock Science & Technology Term Trust
0001760854,NBTX,Nanobiotix S.A.
0000921557,RBCAA,REPUBLIC BANCORP INC /KY/
0001512499,LIND,"LINDBLAD EXPEDITIONS HOLDINGS, INC."
0001845840,TSAT,Telesat Corp
0001084048,ZD,"ZIFF DAVIS, INC."
0001967649,VSTS,Vestis Corp
0001120914,PDFS,PDF SOLUTIONS INC
0001855129,GHRS,GH Research PLC
0001648257,HCM,HUTCHMED (China) Ltd
0001534675,TGLS,Tecnoglass Holdings Inc.
0001529274,ALKT,"ALKAMI TECHNOLOGY, INC."
0002096861,SIND,Sinda Ltd.
0001788451,LIFE,Ethos Technologies Inc.
0001600620,AUPH,Aurinia Pharmaceuticals Inc.
0001323885,ATRC,"AtriCure, Inc."
0001576940,CCS,"Century Communities, Inc."
0001280058,BLKB,BLACKBAUD INC
0001867729,WRD,WeRide Inc.
0001475841,NBHC,National Bank Holdings Corp
0001804176,BFLY,"Butterfly Network, Inc."
0000949870,SAM,BOSTON BEER CO INC
0001477720,ASAN,"Asana, Inc."
0000714395,GABC,"GERMAN AMERICAN BANCORP, INC."
0001043000,SNDA,"SONIDA SENIOR LIVING, INC."
0001863127,TYRA,"Tyra Biosciences, Inc."
0001559865,EVTC,"EVERTEC, Inc."
0001709442,FSUN,FIRSTSUN CAPITAL BANCORP
0001668243,URGN,UroGen Pharma Ltd.
0000812801,NUV,NUVEEN MUNICIPAL VALUE FUND INC
0001511337,RLJ,RLJ Lodging Trust
0000719220,STBA,S&T BANCORP INC
0001013934,STRA,"Strategic Education, Inc."
0001834489,GENI,Genius Sports Ltd
0001022321,GEL,GENESIS ENERGY LP
0001798618,PDO,PIMCO Dynamic Income Opportunities Fund
0001699963,LIME,"Neutron Holdings, Inc."
0001503584,CMRE,Costamare Inc.
0000907471,CASH,"PATHWARD FINANCIAL, INC."
0000099614,TY,TRI-CONTINENTAL Corp
0001439222,AGIO,"AGIOS PHARMACEUTICALS, INC."
0000356171,TCBK,TRICO BANCSHARES /
0001585389,SMA,"SmartStop Self Storage REIT, Inc."
0000006955,EPAC,ENERPAC TOOL GROUP CORP
0002095292,BVENY,Brava Energia S.A.
0000026058,CTS,CTS CORP
0000876523,EZPW,EZCORP INC
0001522540,MQ,"Marqeta, Inc."
0001619762,BRSL,Brightstar Lottery PLC
0001345099,MESO,MESOBLAST LTD
0001688568,DXC,DXC Technology Co
0001666134,BL,"BLACKLINE, INC."
0001526113,GNL,"Global Net Lease, Inc."
0001718405,HYMC,HYCROFT MINING HOLDING CORP
0001530721,CPRI,Capri Holdings Ltd
0001304492,ATEX,Anterix Inc.
0000886128,FCEL,FUELCELL ENERGY INC
0001758009,QUBT,Quantum Computing Inc.
0002123613,KARD,"Kardigan, Inc."
0002126198,XPRO,Expro Ltd
0001965040,FTRE,Fortrea Holdings Inc.
0001293135,VET,VERMILION ENERGY INC.
0001393434,OCUL,"OCULAR THERAPEUTIX, INC"
0001425205,IOVA,"IOVANCE BIOTHERAPEUTICS, INC."
0001746618,RVLV,"Revolve Group, Inc."
0001539638,TFIN,"Triumph Financial, Inc."
0001270523,ETG,Eaton Vance Tax-Advantaged Global Dividend Income Fund
0001968487,WS,"Worthington Steel, Inc."
0002100782,GENB,"Generate Biomedicines, Inc."
0000846617,DCOM,"Dime Commercial Bancshares, Inc. /NY/"
0001623526,STOK,"Stoke Therapeutics, Inc."
0001023024,ANIP,ANI PHARMACEUTICALS INC
0002073620,PAEXY,Parex Resources Inc./ADR
0000102426,STEW,"SRH Total Return Fund, Inc."
0001421876,LKFT,Lakefront Biotherapeutics NV
0000810136,PLAB,PHOTRONICS INC
0001128361,HOPE,HOPE BANCORP INC
0001800315,DMRA,"Damora Therapeutics, Inc."
0001865631,NN,NEXTNAV INC.
0001785680,BVC,BitVentures Ltd
0001702750,BY,"BYLINE BANCORP, INC."
0001999001,FUN,Six Flags Entertainment Corporation/NEW
0001083446,ASTH,"Astrana Health, Inc."
0001612720,NEXT,NextDecade Corp
0001443669,PRLB,Proto Labs Inc
0001846576,FIGS,"FIGS, Inc."
0001645113,NVCR,NovoCure Ltd
0002023658,BCAX,Bicara Therapeutics Inc.
0000080035,PLPC,PREFORMED LINE PRODUCTS CO
0001704715,AMR,"Alpha Metallurgical Resources, Inc."
0001307954,HUN,Huntsman CORP
0002104204,ALMR,"Alamar Biosciences, Inc."
0001332283,BDJ,BlackRock Enhanced Equity Dividend Trust
0001314727,SONO,Sonos Inc
0002094100,MDCOY,PT Medco Energi Internasional Tbk/ADR
0001508478,ARCO,Arcos Dorados Holdings Inc.
0001622629,SXGCF,Southern Cross Gold Consolidated Ltd.
0001825570,PAX,Patria Investments Ltd
0001603015,VIA,"Via Transportation, Inc."
0001819928,DV,"DoubleVerify Holdings, Inc."
0001322436,ETV,Eaton Vance Tax-Managed Buy-Write Opportunities Fund
0001671927,IMCR,Immunocore Holdings plc
0001677576,IIPR,INNOVATIVE INDUSTRIAL PROPERTIES INC
0001808834,PRG,"PROG Holdings, Inc."
0001703057,ABCL,AbCellera Biologics Inc.
0001018164,WLFC,WILLIS LEASE FINANCE CORP
0000050493,IMKTA,INGLES MARKETS INC
0001157842,RQI,COHEN & STEERS QUALITY INCOME REALTY FUND INC
0001841644,PICS,PicS N.V.
0001713930,NEXA,Nexa Resources S.A.
0001411342,EFC,Ellington Financial Inc.
0001741530,QFIN,"Qfin Holdings, Inc."
0001323468,GLP,GLOBAL PARTNERS LP
0000906465,QCRH,QCR HOLDINGS INC
0001516912,OBK,"Origin Bancorp, Inc."
0001737450,OPRA,Opera Ltd
0001772253,FLNG,Flex LNG Ltd.
0001746109,BFC,Bank First Corp
0001420800,ENOV,Enovis CORP
0001806310,TSHA,"Taysha Gene Therapies, Inc."
0000860748,KMPR,KEMPER Corp
0001004702,OCFC,OCEANFIRST FINANCIAL CORP
0002080921,APC,ARKO Petroleum Corp.
0001395937,SNDX,Syndax Pharmaceuticals Inc
0002068385,SHAZ,SharonAI Holdings Inc.
0001777835,PWP,Perella Weinberg Partners
0001123134,IMOS,CHIPMOS TECHNOLOGIES INC
0001809541,BCAT,BlackRock Capital Allocation Term Trust
0001526520,TRIP,"TripAdvisor, Inc."
0000712771,CNOB,"ConnectOne Bancorp, Inc."
0000876167,PRGS,PROGRESS SOFTWARE CORP /MA
0001712184,LILA,Liberty Latin America Ltd.
0002094433,RMIX,"Suncrete, Inc."
0001508655,TSLX,"Sixth Street Specialty Lending, Inc."
0001754195,TRLV,Trulieve Cannabis Corp.
0001857816,GCT,GigaCloud Technology Inc
0001906364,BXBL,BOXABL Inc.
0001045986,FORTY,FORMULA SYSTEMS (1985) LTD
0001670541,ADNT,Adient plc
0002064947,WBI,WaterBridge Infrastructure LLC
0000720762,NIMU,NON INVASIVE MONITORING SYSTEMS INC /FL/
0001464343,ATLC,Atlanticus Holdings Corp
0001830081,RUM,RUM Group Inc.
0001937653,ZYME,Zymeworks Inc.
0001657788,KRP,"Kimbell Royalty Partners, LP"
0000926326,OMCL,"OMNICELL, INC."
0002023311,AAPG,ASCENTAGE PHARMA GROUP INTERNATIONAL
0002110117,ITG,"ITG, Inc./DE/"
0002032966,TIC,"TIC Solutions, Inc."
0001432364,AZUL,AZUL SA
0001784535,PRCH,"Porch Group, Inc."
0002091349,TRAX,"First Tracks Biotherapeutics, Inc."
0000873303,SRPT,"Sarepta Therapeutics, Inc."
0001736946,ARLO,"Arlo Technologies, Inc."
0000703604,DSGR,"Distribution Solutions Group, Inc."
0001819974,SKYT,"SkyWater Technology, LLC"
0000731012,HCSG,HEALTHCARE SERVICES GROUP INC
0001883085,PGY,Pagaya Technologies Ltd.
0001601830,RXRX,"RECURSION PHARMACEUTICALS, INC."
0000057131,LZB,LA-Z-BOY INC
0001786108,TRIN,Trinity Capital Inc.
0002082141,AVVSY,Avio S.p.A./ADR
0001883313,SVV,"Savers Value Village, Inc."
0001831097,AGL,"agilon health, inc."
0001370053,ANAB,"ANAPTYSBIO, INC"
0001557860,GLOB,Globant S.A.
0001419041,FBRX,"Forte Biosciences, Inc."
0001500412,AMBQ,"Ambiq Micro, Inc."
0000040417,GAM,GENERAL AMERICAN INVESTORS CO INC
0001821586,MLTX,MoonLake Immunotherapeutics
0001795139,GTBIF,Green Thumb Industries Inc.
0001311307,LNXSY,LANXESS AG
0001984086,SEPN,"Septerna, Inc."
0001834376,INNV,InnovAge Holding Corp.
0000721994,LKFN,LAKELAND FINANCIAL CORP
0001822492,HLMN,Hillman Solutions Corp.
0001080014,INVA,"Innoviva, Inc."
0001670076,ULCC,"Frontier Group Holdings, Inc."
0000821002,GIII,G III APPAREL GROUP LTD /DE/
0000834365,BLFS,BIOLIFE SOLUTIONS INC
0001541401,ESRT,"Empire State Realty Trust, Inc."
0001816590,CMPS,COMPASS Pathways plc
0000923120,GBX,GREENBRIER COMPANIES INC
0000066382,MLKN,"MILLERKNOLL, INC."
0001756655,ARDT,"Ardent Health, Inc."
0000046129,ALNT,ALLIENT INC
0001172052,SAFT,SAFETY INSURANCE GROUP INC
0001828016,PLTK,Playtika Holding Corp.
0001651562,COUR,"Coursera, Inc."
0001712189,TH,Target Hospitality Corp.
0002070457,XXI,"Twenty One Capital, Inc."
0000912892,TV,"GRUPO TELEVISA, S.A.B."
0001652130,NTLA,"Intellia Therapeutics, Inc."
0000318300,PEBO,PEOPLES BANCORP INC
0001803599,CNXC,Concentrix Corp
0001864843,ECAT,BlackRock ESG Capital Allocation Term Trust
0001842295,MAZE,"Maze Therapeutics, Inc."
0001326732,XNCR,Xencor Inc
0002070534,SLBT,SL Science Holding Ltd
0001856485,SLVM,Sylvamo Corp
0002087852,SBCLY,Sumitomo Bakelite Co Limited/ADR
0001964333,BHRB,Burke & Herbert Financial Services Corp.
0001350653,ATEC,"Alphatec Holdings, Inc."
0001128928,FLO,FLOWERS FOODS INC
0001823608,AMAL,Amalgamated Financial Corp.
0001831651,SHLS,"Shoals Technologies Group, Inc."
0001573221,REAL,"TheRealReal, Inc."
0001069899,PAHC,PHIBRO ANIMAL HEALTH CORP
0000017313,CSWC,CAPITAL SOUTHWEST CORP
0001362004,ICFI,"ICF International, Inc."
0001481582,RYZ,Ryerson Holding Corp
0001725255,AHCO,AdaptHealth Corp.
0001290677,TPB,"Turning Point Brands, Inc."
0001706431,VIR,"Vir Biotechnology, Inc."
0001368458,SBH,"Sally Beauty Holdings, Inc."
0001772016,BRBR,"BELLRING BRANDS, INC."
0001345016,YELP,YELP INC
0001632790,ENR,"ENERGIZER HOLDINGS, INC."
0001609550,INSP,"Inspire Medical Systems, Inc."
0001013488,BJRI,BJs RESTAURANTS INC
0001360214,HROW,"HARROW, INC."
0000880807,AMSC,AMERICAN SUPERCONDUCTOR CORP /DE/
0001608741,QQQX,Nuveen NASDAQ 100 Dynamic Overwrite Fund
0001879016,IE,Ivanhoe Electric Inc.
0000097134,TNC,TENNANT CO
0001873951,XZO,"Exzeo Group, Inc."
0000785956,JJSF,J&J SNACK FOODS CORP
0001528437,BTT,BlackRock Municipal 2030 Target Term Trust
0001499505,AGRO,Adecoagro S.A.
0001260563,NFJ,"Virtus Dividend, Interest & Premium Strategy Fund"
0000350852,CTBI,COMMUNITY TRUST BANCORP INC /KY/
0001969796,EBCRY,Embracer Group AB/ADR
0001788060,VOYG,"Voyager Technologies, Inc./TX"
0001005817,TMP,TOMPKINS FINANCIAL CORP
0000744187,REX,REX AMERICAN RESOURCES Corp
0001524566,WLTH,WEALTHFRONT CORP
0001047340,DMC,DEL MONTE CORP
0001630805,BW,"Babcock & Wilcox Enterprises, Inc."
0001766400,PNTG,"Pennant Group, Inc."
0001867096,XERS,"Xeris Biopharma Holdings, Inc."
0001585364,PRGO,PERRIGO Co plc
0001667011,AIP,"Arteris, Inc."
0000700565,FMBH,"FIRST MID BANCSHARES, INC."
0000884219,PRSU,"Pursuit Attractions & Hospitality, Inc."
0000311094,WABC,WESTAMERICA BANCORPORATION
0000319654,PBT,PERMIAN BASIN ROYALTY TRUST
0001899287,AMPX,"Amprius Technologies, Inc."
0001581804,NVGS,Navigator Holdings Ltd.
0000816956,CNMD,CONMED Corp
0000945114,GIC,GLOBAL INDUSTRIAL Co
0001493507,SFDMY,Shanghai Fudan Microelectronics Co Limited/ADR/
0000037785,FMC,FMC CORP
0001816007,LU,Lufax Holding Ltd
0001702318,AHG,Akso Health Group
0001680247,PUMP,ProPetro Holding Corp.
0001222401,HYT,"BLACKROCK CORPORATE HIGH YIELD FUND, INC."
0001840502,TBLA,Taboola.com Ltd.
0001392326,CCEC,Capital Clean Energy Carriers Corp.
0001711375,LOMA,Loma Negra Compania Industrial Argentina Sociedad Anonima
0001286139,LZ,"LEGALZOOM.COM, INC."
0001818502,OPFI,OppFi Inc.
0001620393,NXRT,"NexPoint Residential Trust, Inc."
0001826457,GLUE,"Monte Rosa Therapeutics, Inc."
0001553079,ESBA,"Empire State Realty OP, L.P."
0001062231,DCH,Dauch Corp
0001984060,AESI,Atlas Energy Solutions Inc.
0001527753,PSNL,"Personalis, Inc."
0001525221,VTOL,Bristow Group Inc.
0001857475,DOLE,Dole plc
0002033377,MGRT,Mega Fortune Co Ltd
0001286613,LINC,LINCOLN EDUCATIONAL SERVICES CORP
0001877184,KMTS,"KESTRA MEDICAL TECHNOLOGIES, LTD."
0001708035,ECVT,Ecovyst Inc.
0001172358,DMLP,"DORCHESTER MINERALS, L.P."
0001898416,ALVO,Alvotech
0001438133,TNDM,TANDEM DIABETES CARE INC
0001836981,BBAI,"BigBear.ai Holdings, Inc."
0001860543,CDRE,"Cadre Holdings, Inc."
0000069633,NSSC,"NAPCO SECURITY TECHNOLOGIES, INC"
0000101199,UFCS,UNITED FIRE GROUP INC
0001672688,ABSI,Absci Corp
0000003499,ALX,ALEXANDERS INC
0001848275,TOP,TOP Financial Group Ltd
0001142750,AMN,AMN HEALTHCARE SERVICES INC
0001859836,YSWY,"Yesway, Inc."
0000775215,HBT,"HBT Financial, Inc."
0000784199,AORT,"ARTIVION, INC."
0001823306,LSPD,Lightspeed Commerce Inc.
0002143673,UROY,Uranium Royalty Corp.
0000933267,IRS,IRSA INVESTMENTS & REPRESENTATIONS INC
0001771007,AFYA,Afya Ltd
0000933974,AZTA,"Azenta, Inc."
0000069488,MYE,MYERS INDUSTRIES INC
0001637873,ACVA,ACV Auctions Inc.
0000917520,IART,INTEGRA LIFESCIENCES HOLDINGS CORP
0000752642,UMH,"UMH PROPERTIES, INC."
0001580670,LGIH,"LGI Homes, Inc."
0001286973,USAS,Americas Gold & Silver Corp
0001764046,CLVT,CLARIVATE PLC
0000357173,OSBC,OLD SECOND BANCORP INC
0001180262,HLF,HERBALIFE LTD.
0001981535,SBET,"Sharplink, Inc."
0002086716,STDN,"Standard Nuclear, Inc."
0002054507,HBNB,Hotel101 Global Holdings Corp.
0001465740,TWO,TWO HARBORS INVESTMENT CORP.
0002078856,PURR,Hyperliquid Strategies Inc
0001830033,PCT,"PureCycle Technologies, Inc."
0001579684,TDAY,"USA TODAY Co., Inc."
0001540171,AVLN,Avalyn Pharma Inc.
0002079999,CDNL,Cardinal Infrastructure Group Inc.
0001163739,NBR,NABORS INDUSTRIES LTD
0001710340,ETON,"Eton Pharmaceuticals, Inc."
0000851310,HLIT,HARMONIC INC.
0002019103,SLSR,Solaris Resources Inc.
0001067294,CBRL,"CRACKER BARREL OLD COUNTRY STORE, INC"
0001514416,BAND,Bandwidth Inc.
0001827090,CERT,"Certara, Inc."
0000912562,ROCK,"GIBRALTAR INDUSTRIES, INC."
0001096752,EPC,EDGEWELL PERSONAL CARE Co
0001739566,UTZ,"Utz Brands, Inc."
0001722608,IQ,"iQIYI, Inc."
0000895419,WOLF,"WOLFSPEED, INC."
0001715497,BORR,Borr Drilling Ltd
0000903129,THRM,Gentherm Inc
0001805077,EOSE,"Eos Energy Enterprises, Inc."
0001782524,MSDL,Morgan Stanley Direct Lending Fund
0001005210,SPH,SUBURBAN PROPANE PARTNERS LP
0002035832,AKTS,"Aktis Oncology, Inc."
0001997859,WBTN,WEBTOON Entertainment Inc.
0001492165,PFBC,Preferred Bank
0002046042,JCAP,"Jefferson Capital, Inc. / DE"
0001734713,BV,"BrightView Holdings, Inc."
0001477449,TDOC,"Teladoc Health, Inc."
0001437424,POET,POET TECHNOLOGIES INC.
0000742278,RES,RPC INC
0001566388,DSL,DoubleLine Income Solutions Fund
0001437402,ARDX,"ARDELYX, INC."
0001726173,BH-A,Biglari Holdings Inc.
0000885978,USPH,U S PHYSICAL THERAPY INC /NV
0000102212,UVSP,UNIVEST FINANCIAL Corp
0002007919,INBX,"Inhibrx Biosciences, Inc."
0000718937,STAA,STAAR SURGICAL CO
0000799167,MRTN,MARTEN TRANSPORT LTD
0001767258,XPEL,"XPEL, Inc."
0000891166,UVE,"UNIVERSAL INSURANCE HOLDINGS, INC."
0001798749,JBIO,"Jade Biosciences, Inc."
0001046025,HFWA,HERITAGE FINANCIAL CORP /WA/
0001577670,LADR,Ladder Capital Corp
0002090646,BRUN,Boost Run Inc.
0001166663,TEN,TSAKOS ENERGY NAVIGATION LTD
0001235468,LQDT,LIQUIDITY SERVICES INC
0001042776,PDM,"Piedmont Realty Trust, Inc."
0001789029,AEVA,"Aeva Technologies, Inc."
0001591588,GOLD,"Gold.com, Inc."
0001584297,MNSKY,MoneySupermarket.com Group PLC/ADR
0000899460,MNKD,MANNKIND CORP
0000908315,WINA,WINMARK CORP
0001000694,NVAX,NOVAVAX INC
0001794338,IGIC,International General Insurance Holdings Ltd.
0001001385,NWPX,"NWPX Infrastructure, Inc."
0001809196,IMTX,Immatics N.V.
0001825088,DFH,"Dream Finders Homes, Inc."
0001611115,OMDA,"Omada Health, Inc."
0000027996,DLX,DELUXE CORP
0000792987,ASTE,ASTEC INDUSTRIES INC
0001309402,GPRE,Green Plains Inc.
0001669811,DFIN,"Donnelley Financial Solutions, Inc."
0001622194,DEA,"Easterly Government Properties, Inc."
0001992243,TE,T1 Energy Inc.
0001053706,CRAI,"CRA INTERNATIONAL, INC."
0001325618,IRMD,IRADIMED CORP
0002076975,BRAI,Braiin Ltd
0001095651,SAFE,Safehold Inc.
0001691710,CPPKF,Faraday Copper Corp.
0001997652,TBN,Tamboran Resources Corp
0001843181,NBXG,Neuberger Next Generation Connectivity Fund Inc.
0002017526,FRNM,"Freenome, Inc."
0001866692,AMPL,"Amplitude, Inc."
0001953575,CNL,Collective Mining Ltd.
0000918965,SCSC,"SCANSOURCE, INC."
0001796280,ORIC,"Oric Pharmaceuticals, Inc."
0001734342,AMTB,Amerant Bancorp Inc.
0001691445,FINV,FinVolution Group
0001267565,COLL,"COLLEGIUM PHARMACEUTICAL, INC"
0000791963,OPY,OPPENHEIMER HOLDINGS INC
0000070866,VYX,NCR Voyix Corp
0000748268,RCAT,"Red Cat Holdings, Inc."
0001498547,CMRF,"CIM GROUP, INC."
0001476034,MCB,Metropolitan Bank Holding Corp.
0001906324,QDEL,QuidelOrtho Corp
0000716314,GHM,GRAHAM CORP
0001817229,VOR,Vor Biopharma Inc.
0002081206,AGBK,AGI Inc
0001603145,XIFR,"XPLR Infrastructure, LP"
0001308335,EOS,Eaton Vance Enhanced Equity Income Fund II
0001691082,LBRX,LB PHARMACEUTICALS INC
0001561032,NHP,"National Healthcare Properties, Inc."
0000088948,SENEA,Seneca Foods Corp
0000836157,LNN,LINDSAY CORP
0000890564,EFOR,Everforth Inc
0001743759,CRSR,"Corsair Gaming, Inc."
0001488139,AMRC,"Ameresco, Inc."
0001853962,IAUX,i-80 Gold Corp.
0002115119,CLBK,"Columbia Financial, Inc./MD/"
0001531031,ESQ,"Esquire Financial Holdings, Inc."
0001326200,GNK,GENCO SHIPPING & TRADING LTD
0001627475,UPWK,"UPWORK, INC"
0001626971,CRVS,"Corvus Pharmaceuticals, Inc."
0001490978,SDGR,"Schrodinger, Inc."
0000933036,UPBD,"UPBOUND GROUP, INC."
0001802974,AVO,"Mission Produce, Inc."
0001160308,SVRA,Savara Inc
0001796073,VZLA,Vizsla Silver Corp.
0001831907,LUXE,LuxExperience B.V.
0001848309,SGML,Sigma Lithium Corp
0001735438,MGTX,MeiraGTx Holdings plc
0001337117,ITRN,Ituran Location & Control Ltd.
0001094366,RDWR,RADWARE LTD
0000812074,OI,"O-I Glass, Inc. /DE/"
0001490906,CFFN,"Capitol Federal Financial, Inc."
0001631574,WVE,Wave Life Sciences Ltd.
0001370450,WLDN,"Willdan Group, Inc."
0001689796,JBGS,JBG SMITH Properties
0001576427,CRTO,Criteo S.A.
0000071829,NPKI,NPK International Inc.
0002042347,SPTX,"Seaport Therapeutics, Inc."
0000066004,MSEX,MIDDLESEX WATER CO
0001567569,FPF,First Trust Intermediate Duration Preferred & Income Fund
0001309251,MALG,MICROALLIANCE GROUP INC.
0001871321,DRTS,Alpha Tau Medical Ltd.
0000710752,SBR,SABINE ROYALTY TRUST
0001371285,TRUP,"TRUPANION, INC."
0001287032,PSEC,PROSPECT CAPITAL CORP
0001094324,SIFY,SIFY TECHNOLOGIES LTD
0001490281,GRPN,"Groupon, Inc."
0001810019,RXT,"Rackspace Technology, Inc."
0001941365,MBC,"MasterBrand, Inc."
0001656472,CRON,Cronos Group Inc.
0001850235,HEPS,D-MARKET Electronic Services & Trading
0001756594,IVA,Inventiva S.A.
0000706129,HBNC,HORIZON BANCORP INC /IN/
0001227500,EQBK,EQUITY BANCSHARES INC
0000945394,SVC,Service Properties Trust
0001875444,ARHS,"Arhaus, Inc."
0000883237,VRTS,"VIRTUS INVESTMENT PARTNERS, INC."
0000736772,CCNE,CNB FINANCIAL CORP/PA
0001809519,GDRX,"GoodRx Holdings, Inc."
0001793882,PTA,Cohen & Steers Tax-Advantaged Preferred Securities & Income Fund
0001624322,BFST,"Business First Bancshares, Inc."
0001322435,ETW,Eaton Vance Tax-Managed Global Buy-Write Opportunities Fund
0001409493,CIM,CHIMERA INVESTMENT CORP
0001062822,LXRX,"LEXICON PHARMACEUTICALS, INC."
0001042729,MBWM,MERCANTILE BANK CORP
0001396814,PCRX,"Pacira BioSciences, Inc."
0002039497,RHLD,"Resolute Holdings Management, Inc."
0002107946,YKCLY,Yamato Kogyo Co. Ltd/ADR
0001588978,PRCT,PROCEPT BioRobotics Corp
0001109116,EVC,ENTRAVISION COMMUNICATIONS CORP
0001479681,NUTX,Nutex Health Inc.
0001600222,PXED,"Phoenix Education Partners, Inc."
0001829118,TUYA,Tuya Inc.
0001287213,PLOW,"DOUGLAS DYNAMICS, INC"
0001314102,EYPT,"EyePoint, Inc."
0001956955,UMAC,"Unusual Machines, Inc."
0001375877,CSIQ,Canadian Solar Inc.
0001885680,RAJAF,"TFA Therapeutics, Inc."
0001414932,OCSL,Oaktree Specialty Lending Corp
0000701347,CPF,CENTRAL PACIFIC FINANCIAL CORP
0001750284,OLMA,"Olema Pharmaceuticals, Inc."
0001743235,RIOFF,Rio2 Ltd
0001739016,ELVR,Elevra Lithium Ltd
0001789972,CGEM,"Cullinan Therapeutics, Inc."
0000930420,KFRC,KFORCE INC
0000911971,TK,TEEKAY CORP LTD
0002097725,AIIR,AIR Global PLC
0002048519,AEBI,Aebi Schmidt Holding AG
0001747068,MCBS,"MetroCity Bankshares, Inc."
0001325964,LWLG,"Lightwave Logic, Inc."
0001171471,CHI,CALAMOS CONVERTIBLE OPPORTUNITIES & INCOME FUND
0001275168,FSBC,FIVE STAR BANCORP
0001966983,LAC,LITHIUM AMERICAS CORP.
0001568194,FSCO,FS Credit Opportunities Corp.
0002086771,ELE,Elemental Royalty Corp
0001805385,EVLV,"Evolv Technologies Holdings, Inc."
0001221029,CPAC,CEMENTOS PACASMAYO SAA
0001222719,CHY,CALAMOS CONVERTIBLE & HIGH INCOME FUND
0002002473,BOW,Bowhead Specialty Holdings Inc.
0000944809,OPK,"OPKO HEALTH, INC."
0001013605,PDS,PRECISION DRILLING Corp
0001979330,NBBK,"NB Bancorp, Inc."
0001051004,MUC,"BLACKROCK MUNIHOLDINGS CALIFORNIA QUALITY FUND, INC."
0001534120,AVTX,"Avalo Therapeutics, Inc."
0001440972,LAR,Lithium Argentina AG
0001814287,ABX,"Abacus Global Management, Inc."
0001831481,SOC,Sable Offshore Corp.
0002026478,NMAX,Newsmax Inc.
0001971213,SBGI,"Sinclair, Inc."
0002071288,LMRI,"Lumexa Imaging Holdings, Inc."
0002094496,SECZ,Securitize Corp.
0000901491,PZZA,PAPA JOHNS INTERNATIONAL INC
0000317788,APPS,"Digital Turbine, Inc."
0001224450,RNP,COHEN & STEERS REIT & PREFERRED & INCOME FUND INC
0001828962,CRCT,"Cricut, Inc."
0001278895,CII,"BlackRock Enhanced Large Cap Core Fund, Inc."
0000798359,CSR,CENTERSPACE
0000750686,CAC,CAMDEN NATIONAL CORP
0001698991,ACEL,"Accel Entertainment, Inc."
0001794515,GTM,ZoomInfo Technologies Inc.
0001493683,BBN,BlackRock Taxable Municipal Bond Trust
0000810332,RJET,REPUBLIC AIRWAYS HOLDINGS INC.
0001720116,RDVT,"Red Violet, Inc."
0001785971,BMEZ,BlackRock Health Sciences Term Trust
0001920294,RZLV,REZOLVE AI PLC
0000357301,TRST,TRUSTCO BANK CORP N Y
0000755001,UTL,UNITIL CORP
0000879635,MPB,MID PENN BANCORP INC
0001569963,LTGHY,Life Healthcare Group Holdings Limited/ADR
0001572694,GSBD,"Goldman Sachs BDC, Inc."
0000880117,JBSS,SANFILIPPO JOHN B & SON INC
0001387467,AOSL,ALPHA & OMEGA SEMICONDUCTOR Ltd
0001999480,ANRO,"Alto Neuroscience, Inc."
0002080073,VMET,Versamet Royalties Corp
0000705432,SBSI,SOUTHSIDE BANCSHARES INC
0000799233,HTLD,HEARTLAND EXPRESS INC
0000902791,BBSI,BARRETT BUSINESS SERVICES INC
0000714562,THFF,FIRST FINANCIAL CORP /IN/
0000915779,DAKT,DAKTRONICS INC /SD/
0001756908,PDX,PIMCO Dynamic Income Strategy Fund
0001315257,KOP,Koppers Holdings Inc.
0001085913,FMCB,FARMERS & MERCHANTS BANCORP
0001836057,BTX,BlackRock Technology & Private Equity Term Trust
0002042022,WYFI,"WhiteFiber, Inc."
0001530804,TROX,Tronox Holdings plc
0001841968,RPC,"Ridgepost Capital, Inc."
0001109242,HAFC,HANMI FINANCIAL CORP
0001838957,RERE,ATRenew Inc.
0002057463,GLIBA,Liberty Capital Corp/NV
0000709337,FMNB,FARMERS NATIONAL BANC CORP /OH/
0001753539,BKSY,BlackSky Technology Inc.
0001920406,ASST,"Strive, Inc."
0001071438,BAK,BRASKEM SA
0001737953,REPL,"Replimune Group, Inc."
0001922446,DEC,Diversified Energy Co
0002096300,AVEX,AEVEX Corp.
0002004340,SYNSY,Syensqo SA/ADR
0002087844,MSSHY,Mitsui-Soko Holdings Co Limited/ADR
0001055160,MFA,"MFA FINANCIAL, INC."
0001817713,JANX,"Janux Therapeutics, Inc."
0001840572,LUCK,Lucky Strike Entertainment Corp
0001173489,CEVA,CEVA INC
0001506289,BCX,BlackRock Resources & Commodities Strategy Trust
0001379041,EIG,"Employers Holdings, Inc."
0001260041,HTD,JOHN HANCOCK TAX-ADVANTAGED DIVIDEND INCOME FUND
0001792849,HPK,"HighPeak Energy, Inc."
0001787117,REF,Reformation Inc.
0000928658,CVLG,"COVENANT LOGISTICS GROUP, INC."
0001882782,ODTX,"Odyssey Therapeutics, Inc."
0001702744,SMPL,Simply Good Foods Co
0001520504,VLRS,"Controladora Vuela Compania de Aviacion, S.A.B. de C.V."
0001195739,NRK,NUVEEN NEW YORK AMT-FREE QUALITY MUNICIPAL INCOME FUND
0001879248,ADSE,Ads-Tec Energy Public Ltd Co
0001447362,CSTL,CASTLE BIOSCIENCES INC
0001038773,SMBK,SMARTFINANCIAL INC.
0000859070,FCBC,FIRST COMMUNITY BANKSHARES INC /VA/
0000062234,MCS,MARCUS CORP
0001201792,APEI,AMERICAN PUBLIC EDUCATION INC
0001517399,SUPV,Grupo Supervielle S.A.
0001640428,EVER,"EverQuote, Inc."
0001598665,HRTG,"Heritage Insurance Holdings, Inc."
0001665988,BVS,Bioventus Inc.
0001117297,QNST,"QUINSTREET, INC"
0001823794,ARKO,ARKO Corp.
0001828318,ENVX,Enovix Corp
0001495222,OXLC,Oxford Lane Capital Corp.
0000726601,CCBG,CAPITAL CITY BANK GROUP INC
0001747172,KBDC,"Kayne Anderson BDC, Inc."
0001610601,MOMO,Hello Group Inc.
0002101833,NANO,ATII Holdings Inc.
0000915840,BZH,BEAZER HOMES USA INC
0000854560,GSBC,"GREAT SOUTHERN BANCORP, INC."
0001467760,ARI,"Apollo Commercial Real Estate Finance, Inc."
0002013223,HSLV,Highlander Silver Corp.
0001583107,TBPH,"Theravance Biopharma, Inc."
0001770121,SANA,"Sana Biotechnology, Inc."
0001803901,TALK,"Talkspace, Inc."
0001690511,GOOS,Canada Goose Holdings Inc.
0000080172,NPK,NATIONAL PRESTO INDUSTRIES INC
0000906013,AWF,ALLIANCEBERNSTEIN GLOBAL HIGH INCOME FUND INC
0001756699,TIGR,UP Fintech Holding Ltd
0001742692,INMD,InMode Ltd.
0001923891,NNE,Nano Nuclear Energy Inc.
0001788882,ROOT,"Root, Inc."
0001606163,LMB,"Limbach Holdings, Inc."
0001297184,AMPH,"Amphastar Pharmaceuticals, Inc."
0001778114,AIO,Virtus Artificial Intelligence & Technology Opportunities Fund
0001834488,NABL,"N-able, Inc."
0001759774,PSTL,"Postal Realty Trust, Inc."
0000063296,MATW,MATTHEWS INTERNATIONAL CORP
0001369085,NEWP,NEW PACIFIC METALS CORP
0001538263,HTB,"HomeTrust Bancshares, Inc."
0001848731,GLAS,Glass House Brands Inc.
0001379785,BBDC,"Barings BDC, Inc."
0001285819,OMER,OMEROS CORP
0000107687,WGO,WINNEBAGO INDUSTRIES INC
0001520358,MAMA,"Mama's Creations, Inc."
0001494191,KRNGY,Karoon Gas Australia Ltd /ADR/
0000763532,LYTS,LSI INDUSTRIES INC
0000916907,SMBC,"SOUTHERN MISSOURI BANCORP, INC."
0001795851,SWRD,"Stewards, Inc."
0001447028,ABUS,Arbutus Biopharma Corp
0002065812,FSSL,FS Specialty Lending Fund
0001853138,KDK,"Kodiak AI, Inc."
0001538849,CAPL,CrossAmerica Partners LP
0001846069,NXDR,"Nextdoor Holdings, Inc."
0001163668,SPFI,"SOUTH PLAINS FINANCIAL, INC."
0000826154,ORRF,ORRSTOWN FINANCIAL SERVICES INC
0001944552,ANL,Adlai Nortye Ltd.
0000108385,WRLD,WORLD ACCEPTANCE CORP
0001598428,MTUS,Metallus Inc.
0001050441,EGBN,EAGLE BANCORP INC
0000897322,GILT,GILAT SATELLITE NETWORKS LTD
0001528115,ANNX,"Annexon, Inc."
0002001201,TALMF,Fuerte Metals Corp
0000903419,ALRS,ALERUS FINANCIAL CORP
0000006845,APOG,"APOGEE ENTERPRISES, INC."
0001828105,HIPO,Hippo Holdings Inc.
0000783412,DJCO,DAILY JOURNAL CORP
0001477641,DQ,DAQO NEW ENERGY CORP.
0001423221,NX,Quanex Building Products CORP
0001462056,BLZE,"Backblaze, Inc."
0000031235,KODK,EASTMAN KODAK CO
0001794350,YALA,Yalla Group Ltd
0000023795,CTO,"CTO Realty Growth, Inc."
0001273685,ADAM,"ADAMAS TRUST, INC."
0001095565,HSTM,HEALTHSTREAM INC
0001823587,SKYH,Sky Harbour Group Corp
0001035092,SHBI,SHORE BANCSHARES INC
0000862831,FISI,FINANCIAL INSTITUTIONS INC
0001568100,PD,"PagerDuty, Inc."
0001300391,EOI,Eaton Vance Enhanced Equity Income Fund
0001453015,BLDP,Ballard Power Systems Inc.
0000890196,MQY,"BLACKROCK MUNIYIELD QUALITY FUND, INC."
0001145604,NIKA,"NIKA PHARMACEUTICALS, INC"
0001758021,KRT,Karat Packaging Inc.
0000099302,TRNS,TRANSCAT INC
0001966287,GFR,Greenfire Resources Ltd.
0001951089,CRML,Critical Metals Corp.
0001655050,BCSF,"Bain Capital Specialty Finance, Inc."
0001789940,FWRG,"First Watch Restaurant Group, Inc."
0001826470,WOOF,"Petco Health & Wellness Company, Inc."
0001707502,SLDB,Solid Biosciences Inc.
0001434754,SB,"SAFE BULKERS, INC."
0001823652,EVEX,"Eve Holding, Inc."
0001034957,CRESY,CRESUD INC
0001613780,DBVT,DBV Technologies S.A.
0001855066,MEGI,NYLI CBRE Global Infrastructure Megatrends Term Fund
0002074850,GFUZ,General Fusion Group Ltd.
0001422143,KURA,"Kura Oncology, Inc."
0001593538,NAVI,NAVIENT CORP
0001282631,NLST,NETLIST INC
0001720424,HIVE,HIVE Digital Technologies Ltd.
0001806347,WEST,Westrock Coffee Co
0001459839,SIBN,"SI-BONE, Inc."
0000039311,IBCP,INDEPENDENT BANK CORP /MI/
0001820721,ARRY,"Array Technologies, Inc."
0001676163,SSII,"SS Innovations International, Inc."
0001682745,VRRM,VERRA MOBILITY Corp
0001481513,JKS,"JinkoSolar Holding Co., Ltd."
0001278752,MFIC,MidCap Financial Investment Corp
0000886744,GERN,GERON CORP
0000732417,HBIA,HILLS BANCORPORATION
0001809104,ALIT,"Alight, Inc. / Delaware"
0001604522,THQ,abrdn Healthcare Opportunities Fund
0001995306,HDL,SUPER HI INTERNATIONAL HOLDING LTD.
0000060714,LXU,"LSB INDUSTRIES, INC."
0001174164,FFC,Flaherty & Crumrine PREFERRED & INCOME SECURITIES FUND INC
0001574197,FPH,"Five Point Holdings, LLC"
0002074973,CCXI,Churchill Capital Corp XI
0001477815,SG,"Sweetgreen, Inc."
0002074220,CAZGF,Catapult Group International Ltd
0001807120,DSGN,"Design Therapeutics, Inc."
0000866729,SCHL,SCHOLASTIC CORP
0001818383,MAX,"MediaAlpha, Inc."
0002011514,AVR,Anteris Technologies Global Corp.
0001828791,DSP,Viant Technology Inc.
0002128115,AAC,Ares Acquisition Corp III
0001057060,HZO,MARINEMAX INC
0001604665,WLKP,Westlake Chemical Partners LP
0001643615,ONT,"Onterris, Inc."
0000807863,MITK,MITEK SYSTEMS INC
0001898601,IPX,IPERIONX Ltd
0001124524,CYRX,"Cryoport, Inc."
0001829576,CARE,"Carter Bankshares, Inc."
0001345126,CODI,Compass Diversified Holdings
0001793855,ASGI,abrdn Global Infrastructure Income Fund
0001482512,HPP,"Hudson Pacific Properties, Inc."
0000101538,UAMY,UNITED STATES ANTIMONY CORP
0001778922,SGP,"SpyGlass Pharma, Inc."
0001484778,TDUP,ThredUp Inc.
0001819796,GCMG,GCM Grosvenor Inc.
0001513363,FDUS,FIDUS INVESTMENT Corp
0001497645,INN,"Summit Hotel Properties, Inc."
0001386278,GDOT,GREEN DOT CORP
0001865200,ANGX,"Angel Studios, Inc."
0000737468,WASH,WASHINGTON TRUST BANCORP INC
0001756708,JMIA,Jumia Technologies AG
0000216851,PEO,"ADAMS NATURAL RESOURCES FUND, INC."
0001424929,FOXF,FOX FACTORY HOLDING CORP
0001645469,MNPR,Monopar Therapeutics
0001001614,REPX,"Riley Exploration Permian, Inc."
0000076267,PKE,PARK AEROSPACE CORP
0001559432,TXO,"TXO Partners, L.P."
0001841387,CADL,"Candel Therapeutics, Inc."
0001547459,NGVC,"Natural Grocers by Vitamin Cottage, Inc."
0000357294,HOV,HOVNANIAN ENTERPRISES INC
0001546417,BLMN,"Bloomin' Brands, Inc."
0001959455,HSHP,Himalaya Shipping Ltd.
0001793663,VTEX,VTEX
0001597033,SABR,Sabre Corp
0000912147,RMT,"ROYCE MICRO-CAP TRUST, INC."
0001431852,OGG,Osisko Gold Group Inc.
0001827401,DRUG,BRIGHT MINDS BIOSCIENCES INC.
0001881487,ACDC,ProFrac Holding Corp.
0001781730,TCBX,"Third Coast Bancshares, Inc."
0001501796,AURA,"Aura Biosciences, Inc."
0001783183,PHAT,"Phathom Pharmaceuticals, Inc."
0001557746,ACRS,"Aclaris Therapeutics, Inc."
0001829802,FTH,"Faeth Therapeutics, Inc."
0000800457,DGICA,DONEGAL GROUP INC
0002047190,TCGLF,TechCreate Group Ltd.
0000708781,CASS,CASS INFORMATION SYSTEMS INC
0001383441,NIE,Virtus Equity & Convertible Income Fund
0001334388,OBE,OBSIDIAN ENERGY LTD.
0001828316,PHAR,Pharming Group N.V.
0001602584,CCD,Calamos Dynamic Convertible & Income Fund
0001268884,IGR,CBRE GLOBAL REAL ESTATE INCOME FUND
0001577437,ASC,Ardmore Shipping Corp
0001655099,RA,Brookfield Real Assets Income Fund Inc.
0001514705,SXC,"SunCoke Energy, Inc."
0001625791,KRNT,Kornit Digital Ltd.
0001957538,OIO,OIO Group
0001843974,DXYZ,Destiny Tech100 Inc.
0001820378,TBLD,Thornburg Income Builder Opportunities Trust
0001446847,IRWD,IRONWOOD PHARMACEUTICALS INC
0001898718,GMRS,GMR Solutions Inc.
0001056943,PFIS,PEOPLES FINANCIAL SERVICES CORP.
0000708821,PAR,PAR TECHNOLOGY CORP
0001562818,BIT,BlackRock Multi-Sector Income Trust
0001768446,CLYM,"Climb Bio, Inc."
0001466026,MSBI,"Midland States Bancorp, Inc."
0000926282,ADTN,"ADTRAN Holdings, Inc."
0001839839,JBI,"Janus International Group, Inc."
0001851112,RSKD,RISKIFIED LTD.
0001296250,PFN,PIMCO Income Strategy Fund II
0001544206,CGBD,"Carlyle Secured Lending, Inc."
0001594204,RBTK,ZHEN DING RESOURCES INC.
0001257640,KRO,KRONOS WORLDWIDE INC
0001875558,NVCT,"Nuvectis Pharma, Inc."
0001722606,MTA,Metalla Royalty & Streaming Ltd.
0001841925,INDI,"indie Semiconductor, Inc."
0001501989,CTMX,"CytomX Therapeutics, Inc."
0001692376,VEL,"Velocity Financial, Inc."
0002095096,ENRD,Einride AB
0001971975,ABXXF,Abaxx Technologies Inc.
0001412558,EVO,Evotec SE
0001504619,PFLT,PennantPark Floating Rate Capital Ltd.
0001418076,SLRC,SLR Investment Corp.
0001680367,STTK,"Shattuck Labs, Inc."
0001517396,SSYS,STRATASYS LTD.
0001795815,BCAL,California BanCorp \ CA
0001034842,RIGL,RIGEL PHARMACEUTICALS INC
0001824403,RSVR,"Reservoir Media, Inc."
0001891027,MNTN,"MNTN, Inc."
0001953530,OCS,Oculis Holding AG
0001127371,CWBC,Community West Bancshares
0001788399,DLY,DoubleLine Yield Opportunities Fund
0001747079,BALY,Bally's Corp
0001569187,AHRT,"AH Realty Trust, Inc."
0001819559,WDI,Western Asset Diversified Income Fund (WDI)
0002019804,IMSR,Terrestrial Energy Inc. /DE/
0000788965,HNRG,HALLADOR ENERGY CO
0002085091,RVI,Robinhood Ventures Fund I
0000872716,ALPIB,ALPINE BANKS OF COLORADO
0001071236,RRBI,RED RIVER BANCSHARES INC
0001866633,CCSI,"Consensus Cloud Solutions, Inc."
0001755953,ABTC,American Bitcoin Corp.
0001861107,CBLL,"Ceribell, Inc."
0000743367,BHB,BAR HARBOR BANKSHARES
0001886878,PAXS,PIMCO Access Income Fund
0001766368,MEC,"Mayville Engineering Company, Inc."
0001412408,PHR,"Phreesia, Inc."
0000889971,LPTH,LIGHTPATH TECHNOLOGIES INC
0000771266,KOPN,KOPIN CORP
0001956744,TRON,Tron Inc.
0001495932,AGNT,"AGNT, Inc."
0001404644,NGNE,Neurogene Inc.
0000717538,AROW,ARROW FINANCIAL CORP
0002059573,PINWF,Pinewood Technologies Group plc
0000354963,SHEN,SHENANDOAH TELECOMMUNICATIONS CO/VA/
0001476045,CLDT,Chatham Lodging Trust
0001185348,PRAA,PRA GROUP INC
0001737287,ALLO,"Allogene Therapeutics, Inc."
0002076631,AMRQF,AMAROQ LTD.
0001824814,CGNT,Cognyte Software Ltd.
0001158324,CCOI,"COGENT COMMUNICATIONS HOLDINGS, INC."
0001393726,TIPT,TIPTREE INC.
0000949858,ACHV,"ACHIEVE LIFE SCIENCES, INC."
0001683606,CARS,Cars.com Inc.
0000103595,VLGEA,VILLAGE SUPER MARKET INC
0000715579,ACNB,ACNB CORP
0001092796,SWBI,"SMITH & WESSON BRANDS, INC."
0001907085,ODD,Oddity Tech Ltd
0001869105,BBOT,"BridgeBio Oncology Therapeutics, Inc."
0001560327,RPD,"Rapid7, Inc."
0001496099,NMFC,New Mountain Finance Corp
0001122904,NTGR,"NETGEAR, INC."
0001759631,HYLN,Hyliion Holdings Corp.
0001195738,NKX,NUVEEN CALIFORNIA AMT-FREE QUALITY MUNICIPAL INCOME FUND
0000916789,HELE,HELEN OF TROY LTD
0002040475,DMII,Drugs Made In America Acquisition II Corp.
0001944558,VTS,"Vitesse Energy, Inc."
0001124105,GYRE,"GYRE THERAPEUTICS, INC."
0001826286,VINP,Vinci Compass Investments Ltd.
0001831631,LDI,"loanDepot, Inc."
0000039020,FEIM,FREQUENCY ELECTRONICS INC
0001137091,PSIX,"POWER SOLUTIONS INTERNATIONAL, INC."
0002067627,NKLR,Terra Innovatum Global N.V.
0001696556,OFRM,"Once Upon a Farm, PBC"
0001873529,KLC,"KinderCare Learning Companies, Inc."
0001704720,CNNE,"Cannae Holdings, Inc."
0001503290,ACP,abrdn Income Credit Strategies Fund
0002104052,NVRI,Enviri Corp
0001464591,GPRK,GeoPark Ltd
0001788257,BWMX,"BETTERWARE DE MEXICO, S.A.P.I. DE C.V"
0001997377,ISOU,IsoEnergy Ltd.
0001717547,BRSP,"BrightSpire Capital, Inc."
0002081119,BOT,"RoboStrategy, Inc."
0001027838,TCMD,TACTILE SYSTEMS TECHNOLOGY INC
0001842731,SMWB,SIMILARWEB LTD.
0001437958,CCB,COASTAL FINANCIAL CORP
0001928446,GRNT,"Granite Ridge Resources, Inc."
0001833197,SWIM,"Latham Group, Inc."
0002020932,AGMB,Agomab Therapeutics NV
0001590877,RGNX,REGENXBIO Inc.
0001512228,NB,NIOCORP DEVELOPMENTS LTD
0001700844,EVOH,EvoAir Holdings Inc.
0001784930,MAKO,Mako Mining Corp.
0001436208,LEGH,Legacy Housing Corp
0001562528,FBRT,"Franklin BSP Realty Trust, Inc."
0001690639,VBNK,VersaBank
0001995520,YB,Yuanbao Inc.
0001505065,BWAY,Brainsway Ltd.
0001567900,ALOY,REALLOYS INC.
0001731348,TLRY,"Tilray Brands, Inc."
0001630472,TRTX,"TPG RE Finance Trust, Inc."
0001234006,GOOD,GLADSTONE COMMERCIAL CORP
0002088256,HQ,Horizon Quantum Holdings Ltd.
0001770069,MPLT,"MapLight Therapeutics, Inc."
0001275187,ANGO,ANGIODYNAMICS INC
0001852353,DC,Dakota Gold Corp.
0001834026,GROY,Gold Royalty Corp.
0001687187,METC,"Ramaco Resources, Inc."
0001419536,CBNK,Capital Bancorp Inc
0000798783,UHT,UNIVERSAL HEALTH REALTY INCOME TRUST
0001617242,KRNY,Kearny Financial Corp.
0001597672,RYAM,RAYONIER ADVANCED MATERIALS INC.
0000944745,CIVB,"CIVISTA BANCSHARES, INC."
0001921603,WHK,WhiteHawk Minerals Corp.
0001793129,NDMO,Nuveen Dynamic Municipal Opportunities Fund
0001945240,ROMA,Roma Green Finance Ltd
0001336706,NPB,NORTHPOINTE BANCSHARES INC
0001548536,SCZM,Santacruz Silver Mining Ltd.
0001376339,MDXG,"MIMEDX GROUP, INC."
0000095029,RGR,STURM RUGER & CO INC
0001173514,HY,"HYSTER-YALE, INC."
0001674632,BBNX,"Beta Bionics, Inc."
0002042902,EVAC,EQV Ventures Acquisition Corp. II
0001606757,KE,"Kimball Electronics, Inc."
0001737924,NCDL,Nuveen Churchill Direct Lending Corp.
0001873835,IMMX,"Immix Biopharma, Inc."
0000764401,IIIN,INSTEEL INDUSTRIES INC
0001327688,OOMA,OOMA INC
0000790500,FAX,"ABRDN ASIA-PACIFIC INCOME FUND, INC."
0002064355,BCSS,Bain Capital GSS Investment Corp.
0001051003,DSU,"BLACKROCK DEBT STRATEGIES FUND, INC."
0002034267,CEPF,"Cantor Equity Partners IV, Inc."
0002087587,CSHR,CoinShares PLC
0000920427,UNTY,UNITY BANCORP INC /NJ/
0002114227,CXII,Churchill Capital Corp XII
0001625278,NRDS,"NERDWALLET, INC."
0001728688,IIIV,"i3 Verticals, Inc."
0001988494,FVR,"FrontView REIT, Inc."
0001163370,NRIM,NORTHRIM BANCORP INC
0000885601,IIM,Invesco Value Municipal Income Trust
0001090009,SFST,SOUTHERN FIRST BANCSHARES INC
0001521951,FBIZ,"FIRST BUSINESS FINANCIAL SERVICES, INC."
0001422930,PUBM,"PubMatic, Inc."
0001539190,SPPP,SPROTT PHYSICAL PLATINUM & PALLADIUM TRUST
0001638290,MCFT,"MasterCraft Boat Holdings, Inc."
0001410098,CRMD,CorMedix Inc.
0002049662,FAC,Factorial Energy Inc.
0001641229,FFMGF,First Mining Gold Corp.
0001562051,NML,Neuberger Energy Infrastructure & Income Fund Inc.
0001918102,FISN,"DEEP FISSION, INC."
0001499543,NOAH,NOAH HOLDINGS LTD
0001774342,NMCO,Nuveen Municipal Credit Opportunities Fund
0001785493,RHNO,RHINO BITCOIN INC.
0001070524,GCBC,GREENE COUNTY BANCORP INC
0001799567,DDI,"DoubleDown Interactive Co., Ltd."
0001849396,NEXN,Nexxen International Ltd.
0000076282,PKOH,PARK OHIO HOLDINGS CORP
0001341317,BWB,Bridgewater Bancshares Inc
0000894627,EGY,VAALCO ENERGY INC /DE/
0001959224,AXG,"Solowin Holdings, Ltd."
0000075288,OXM,OXFORD INDUSTRIES INC
0001740604,BTGO,"BITGO HOLDINGS, INC."
0001434647,ZVRA,"ZEVRA THERAPEUTICS, INC."
0001855175,CTNM,"Contineum Therapeutics, Inc."
0001538379,IBTA,"Ibotta, Inc."
0000896156,ETD,ETHAN ALLEN INTERIORS INC
0001728190,HUYA,HUYA Inc.
0000930236,RWT,REDWOOD TRUST INC
0000701719,ELA,Envela Corp
0001044777,OSPN,OneSpan Inc.
0001395325,ETJ,Eaton Vance Risk-Managed Diversified Equity Income Fund
0001717307,ILPT,Industrial Logistics Properties Trust
0000724910,NVEC,NVE CORP /NEW/
0001772177,KRUS,"KURA SUSHI USA, INC."
0001436425,HBCP,"HOME BANCORP, INC."
0000724004,MLAB,MESA LABORATORIES INC /CO/
0001854545,DDL,Dingdong (Cayman) Ltd
0001533615,XRN,Chiron Real Estate Inc.
0001743725,GDYN,"GRID DYNAMICS HOLDINGS, INC."
0001553643,RLMD,"RELMADA THERAPEUTICS, INC."
0002095161,DBCA,D. Boral Acquisition I Corp.
0001832803,THSGF,THESIS GOLD INC.
0001318484,CTRN,Citi Trends Inc
0001341170,ESEA,EUROSEAS LTD.
0001857154,DNUT,"Krispy Kreme, Inc."
0001326190,ALT,"Altimmune, Inc."
0002079173,AEXA,American Exceptionalism Acquisition Corp. A
0001537054,GOGO,Gogo Inc.
0000880892,VGM,Invesco Trust for Investment Grade Municipals
0001579733,VITL,"Vital Farms, Inc."
0001385613,GLRE,"GREENLIGHT CAPITAL RE, LTD."
0000720858,ITIC,INVESTORS TITLE CO
0001473334,XMAX,XMax Inc.
0001829864,TASK,"TaskUs, Inc."
0001018979,AMSF,AMERISAFE INC
0000886043,MMU,WESTERN ASSET MANAGED MUNICIPALS FUND INC.
0001732379,BMM,Blue Moon Metals Inc.
0001831915,CTKB,"Cytek Biosciences, Inc."
0001962746,LOT,Lotus Technology Inc.
0001838615,ALTI,"AlTi Global, Inc."
0001543418,TMQ,Trilogy Metals Inc.
0001005229,CMCO,COLUMBUS MCKINNON CORP
0001614178,YEXT,"Yext, Inc."
0001650648,FDMT,"4D Molecular Therapeutics, Inc."
0001590976,MBUU,"MALIBU BOATS, INC."
0001576942,SFIX,"Stitch Fix, Inc."
0001505732,BWFG,"Bankwell Financial Group, Inc."
0001673985,ASIX,AdvanSix Inc.
0001635977,THW,abrdn World Healthcare Fund
0001400891,IHRT,"iHeartMedia, Inc."
0001653558,PRTH,"Priority Technology Holdings, Inc."
0001894562,PRME,"Prime Medicine, Inc."
0000025475,CRD-A,CRAWFORD & CO
0002104882,EROK,"EagleRock Land, LLC"
0002098395,IMC,IMC Rare Earths Ltd
0001874315,SATL,Satellogic Inc.
0001288403,WTI,W&T OFFSHORE INC
0001830214,DNA,"Ginkgo Bioworks Holdings, Inc."
0001828536,NRGV,"Energy Vault Holdings, Inc."
0000712770,OLP,ONE LIBERTY PROPERTIES INC
0001130144,BSRR,SIERRA BANCORP
0001393299,BGY,BlackRock Enhanced International Dividend Trust
0001253689,CBIO,"CRESCENT BIOPHARMA, INC."
0001631569,CHCT,Community Healthcare Trust Inc
0001951222,LAES,SEALSQ Corp
0001515671,DPG,Duff & Phelps Utility & Infrastructure Fund Inc.
0001481792,QUAD,"Quad/Graphics, Inc."
0001681087,TECX,"Tectonic Therapeutic, Inc."
0001840616,NFGC,New Found Gold Corp.
0001502377,CTGO,Contango Silver & Gold Inc.
0001479615,SLN,Silence Therapeutics plc
0001829959,DCBO,Docebo Inc.
0001774170,AIOT,"Powerfleet, Inc."
0000790816,BDN,BRANDYWINE REALTY TRUST
0001609151,WEAV,"Weave Communications, Inc."
0001839886,MRRDF,Meridian Mining UK Societas
0001655759,ARVN,"ARVINAS, INC."
0001285890,IGD,Voya GLOBAL EQUITY DIVIDEND & PREMIUM OPPORTUNITY FUND
0000088000,HKHC,Horizon Kinetics Holding Corp
0000895531,VCV,Invesco California Value Municipal Income Trust
0000808439,TATT,TAT TECHNOLOGIES LTD
0001425450,KIDS,ORTHOPEDIATRICS CORP
0000055135,KELYA,KELLY SERVICES INC
0001671858,SPRY,"ARS Pharmaceuticals, Inc."
0002108962,GCGR,General Catalyst Global Resilience Merger Corp.
0000879526,WNC,WABASH NATIONAL Corp
0001401521,ACIC,AMERICAN COASTAL INSURANCE Corp
0000096664,AMFN,"American Fusion, Inc."
0001320461,CPS,Cooper-Standard Holdings Inc.
0001776661,ADV,Advantage Solutions Inc.
0001855644,ZURA,Zura Bio Ltd
0001349436,SD,SANDRIDGE ENERGY INC
0000784539,EACO,EACO CORP
0001517375,SPT,"Sprout Social, Inc."
0001496443,PAYS,"Paysign, Inc."
0001754226,OBT,"Orange County Bancorp, Inc. /DE/"
0000803164,COFS,CHOICEONE FINANCIAL SERVICES INC
0001864208,GUG,Guggenheim Active Allocation Fund
0001281926,ETO,Eaton Vance Tax-Advantaged Global Dividend Opportunities Fund
0001921865,ASPI,ASP Isotopes Inc.
0002052053,PWRL,Powerlaw Corp.
0001535778,MSIF,"MSC INCOME FUND, INC."
0001836564,VALN,Valneva SE
0000061986,MTW,MANITOWOC CO INC
0002074878,NWAX,New America Acquisition I Corp.
0001514991,AMCX,AMC Global Media Inc.
0002035992,MCTA,Charming Medical Ltd
0000108985,YORW,YORK WATER CO
0001537137,SLI,STANDARD LITHIUM LTD.
0001581091,RMAX,"RE/MAX Holdings, Inc."
0001821866,BTQ,BTQ Technologies Corp.
0001426800,ASMB,"ASSEMBLY BIOSCIENCES, INC."
0001606366,LOCO,"El Pollo Loco Holdings, Inc."
0000917100,IFN,"ABERDEEN INDIA FUND, INC."
0001809691,HKD,AMTD Digital Inc.
0000945983,CLMB,"Climb Global Solutions, Inc."
0001810523,FTHY,FIRST TRUST HIGH YIELD OPPORTUNITIES 2027 TERM FUND
0002035709,PHOE,Phoenix Asia Holdings Ltd
0002087361,MEVO,M Evo Global Acquisition Corp II
0001861123,EIKN,"Eikon Therapeutics, Inc."
0001799191,TOI,"Oncology Institute, Inc."
0002055592,GEMI,"Gemini Space Station, Inc."
0000065270,MEI,METHODE ELECTRONICS INC
0001703956,BBCP,"Concrete Pumping Holdings, Inc."
0001606909,PANL,Pangaea Logistics Solutions Ltd.
0001863934,ADUR,ADURO CLEAN TECHNOLOGIES INC.
0001958086,CLB,Core Laboratories Inc. /DE/
0000788329,JOUT,JOHNSON OUTDOORS INC
0001131903,FCCN,SPECTRAL CAPITAL Corp
0001817241,ARTV,"Artiva Biotherapeutics, Inc."
0001821159,EVGO,EVgo Inc.
0001176984,EIM,Eaton Vance Municipal Bond Fund
0001526119,VSTM,"Verastem, Inc."
0001233681,BLW,BLACKROCK Ltd DURATION INCOME TRUST
0001436126,MG,"Mistras Group, Inc."
0001874071,PDLB,"Ponce Financial Group, Inc."
0001833141,HELP,CYBIN INC.
0001705284,PBAM,"Private Bancorp of America, Inc."
0001121484,OIS,"OIL STATES INTERNATIONAL, INC"
0001674930,FLGT,"Fulgent Genetics, Inc."
0001130713,BBBY,"BED BATH & BEYOND, INC."
0001937987,FBYD,"Falcon's Beyond Global, Inc."
0001000623,MATV,"Mativ Holdings, Inc."
0002074872,KRSP,Rice Acquisition Corp 3
0001746129,BSVN,Bank7 Corp.
0002080019,GIW,GigCapital8 Corp.
0001554697,GHY,"PGIM Global High Yield Fund, Inc."
0001854149,ANSC,Agriculture & Natural Solutions Acquisition Corp
0001403475,BMRC,Bank of Marin Bancorp
0001840706,SOPH,SOPHiA GENETICS SA
0001166928,WTBA,WEST BANCORPORATION INC
0000804123,TWN,TAIWAN FUND INC
0002081358,CRAN,Crane Harbor Acquisition Corp. II
0000884624,OFIX,Orthofix Medical Inc.
0001847590,BWMN,Bowman Consulting Group Ltd.
0002028336,NUAI,"New ERA Energy & Digital, Inc."
0001699350,SI,"SHOULDER INNOVATIONS, INC."
0001720420,IBEX,IBEX Ltd
0000928340,CWCO,Consolidated Water Co. Ltd.
0001986817,GTEN,"Gores Holdings X, Inc. / CI"
0001647822,SVMB,"Jingbo Technology, Inc."
0002025416,OWLS,OBOOK HOLDINGS INC.
0001681622,VREX,Varex Imaging Corp
0001932737,AIIO,ROBO.AI INC.
0001771706,VREOF,Vireo Growth Inc.
0001661998,QTTB,Q32 Bio Inc.
0001862044,ZKH,ZKH Group Ltd
0001131312,ZNOG,ZION OIL & GAS INC
0001981546,CBK,"Commercial Bancgroup, Inc."
0002033535,CMDB,Costamare Bulkers Holdings Ltd
0001844862,SLDP,"Solid Power, Inc."
0001861115,NMAI,Nuveen Multi-Asset Income Fund
0001843586,OTLY,Oatly Group AB
0002079253,APXT,Apex Treasury Corp
0001398733,AQST,"Aquestive Therapeutics, Inc."
0000899751,TWI,TITAN INTERNATIONAL INC
0001710350,BTBT,"Bit Digital, Inc"
0000711669,CBAN,COLONY BANKCORP INC
0001850270,PROK,PROKIDNEY CORP.
0000041719,MAGN,Magnera Corp
0001364125,WRN,Western Copper & Gold Corp
0002075786,SEAH,"Seahawk Recycling Holdings, Inc."
0000814586,LWAY,"Lifeway Foods, Inc."
0001215913,HPS,JOHN HANCOCK PREFERRED INCOME FUND III
0000792966,FMAO,FARMERS & MERCHANTS BANCORP INC
0001096056,LXFR,LUXFER HOLDINGS PLC
0001059386,VVR,Invesco Senior Income Trust
0002106613,QNC,Quantum eMotion Corp
0000810958,CZNC,CITIZENS & NORTHERN CORP
0001515940,KIO,KKR Income Opportunities Fund
0000049754,DIN,"Dine Brands Global, Inc."
0001030192,IDR,"Idaho Strategic Resources, Inc."
0000912728,FWRD,FORWARD AIR CORP
0001509261,RZLT,"Rezolute, Inc."
0001308927,ETB,Eaton Vance Tax-Managed Buy-Write Income Fund
0001434621,TREE,"LendingTree, Inc."
0001291334,FFA,FIRST TRUST ENHANCED EQUITY INCOME FUND
0001285550,CLPT,"ClearPoint Neuro, Inc."
0001631596,KREF,KKR Real Estate Finance Trust Inc.
0001499422,RBB,RBB Bancorp
0001377757,GAU,Galiano Gold Inc.
0001994702,KYTX,"Kyverna Therapeutics, Inc."
0001729149,VMD,"VIEMED HEALTHCARE, INC."
0001400118,SGMT,Sagimet Biosciences Inc.
0001899883,FIP,FTAI Infrastructure Inc.
0002084396,IEAG,Infinite Eagle Acquisition Corp.
0002088749,KBON,Karbon Capital Partners Corp.
0001816017,SPIR,"Spire Global, Inc."
0000070487,NRC,NRC HEALTH
0000929351,STRZ,STARZ ENTERTAINMENT CORP /CN/
0001865389,NPFD,Nuveen Variable Rate Preferred & Income Fund
0002064307,LOGC,ContextLogic Holdings Inc.
0001712463,PACK,Ranpak Holdings Corp.
0002073928,MBVI,M3-Brigade Acquisition VI Corp.
0001835856,BETR,Better Home & Finance Holding Co
0001421517,ERII,"Energy Recovery, Inc."
0001299130,PACB,"PACIFIC BIOSCIENCES OF CALIFORNIA, INC."
0001020214,CERS,CERUS CORP
0001635282,RMNI,"Rimini Street, Inc."
0001855747,BLND,"Blend Labs, Inc."
0001313310,GRVY,"GRAVITY Co., Ltd."
0001528287,NPCE,NeuroPace Inc
0002091176,IACO,Idea Acquisition Corp.
0001768259,GOTU,Gaotu Techedu Inc.
0000352825,FSTR,FOSTER L B CO
0001759138,CABA,"Cabaletta Bio, Inc."
0000014707,CAL,CALERES INC
0002073340,TLNC,Talon Capital Corp.
0000910638,DDD,3D SYSTEMS CORP
0002081468,MESH,Meshflow Acquisition Corp
0002082119,KRAQ,KRAKacquisition Corp
0001779128,SRTA,"Strata Critical Medical, Inc."
0001868995,CINT,CI&T Inc
0000844059,FRPH,"FRP HOLDINGS, INC."
0001769663,PBFS,"Pioneer Bancorp, Inc./MD"
0001830043,BMBL,Bumble Inc.
0001494582,BOC,BOSTON OMAHA Corp
0002024218,SMC,Summit Midstream Corp
0001634117,BNED,"Barnes & Noble Education, Inc."
0001709941,BIOA,"BioAge Labs, Inc."
0000934549,ACTG,ACACIA RESEARCH CORP
0001559991,DFP,Flaherty & Crumrine Dynamic Preferred & Income Fund Inc
0001587987,NEWT,"NewtekOne, Inc."
0001982708,NNNN,Anbio Biotechnology
0001168455,PLBC,PLUMAS BANCORP
0000018498,GCO,GENESCO INC
0001649752,NMG,Nouveau Monde Graphite Inc.
0001559053,PRTA,PROTHENA CORP PUBLIC LTD CO
0001372299,OCGN,"Ocugen, Inc."
0001368265,CLNE,Clean Energy Fuels Corp.
0001722387,ITRG,Integra Resources Corp.
0001833835,PSFE,Paysafe Ltd
0002093912,PTOR,Praetorian Acquisition Corp.
0001143513,GLAD,GLADSTONE CAPITAL CORP
0000709283,QMCO,QUANTUM CORP /DE/
0001861974,ECX,ECARX Holdings Inc.
0001745059,FINS,Angel Oak Financial Strategies Income Term Trust
0001581178,EPRX,EUPRAXIA PHARMACEUTICALS INC.
0001944955,GSKRF,FIRST NORDIC METALS CORP.
0001636651,OVID,Ovid Therapeutics Inc.
0001306550,BGR,BlackRock Energy & Resources Trust
0001811115,RNLXY,Renalytix plc
0000796505,CLFD,"Clearfield, Inc."
0001866782,CDRO,"Codere Online Luxembourg, S.A."
0000895447,SHOE,SHOE STATION GROUP INC
0001602658,ISTR,Investar Holding Corp
0002029976,KFII,K&F GROWTH ACQUISITION CORP. II
0000872912,DCTH,"DELCATH SYSTEMS, INC."
0002058758,AVBC,"Avidia Bancorp, Inc."
0001734107,SOHU,Sohu.com Ltd
0001844450,ELVA,Electrovaya Inc.
0001301787,BXC,BlueLinx Holdings Inc.
0001534880,ISD,"PGIM High Yield Bond Fund, Inc."
0001074540,EVN,Eaton Vance Municipal Income Trust
0001002590,SGU,"STAR GROUP, L.P."
0001567529,KMDA,KAMADA LTD
0002044009,XRPN,Armada Acquisition Corp. II
0001737927,CGC,Canopy Growth Corp
0002091024,CLBR,Colombier Acquisition Corp. III
0001934114,SUJA,"SUJA LIFE, INC."
0001710680,HFRO,HIGHLAND OPPORTUNITIES & INCOME FUND
0002101698,ELMT,Elmet Group Co.
0002048951,TMS,Teamshares Inc
0001940941,MFI,mF International Ltd
0001591670,FPI,Farmland Partners Inc.
0001808898,BNTC,Benitec Biopharma Inc.
0001832483,SERV,Serve Robotics Inc. /DE/
0000896264,USNA,USANA HEALTH SCIENCES INC
0001650664,EDIT,"Editas Medicine, Inc."
0001730463,AUTL,Autolus Therapeutics plc
0002044725,EVMN,"Evommune, Inc."
0001530979,HNST,"Honest Company, Inc."
0001382101,STRO,"SUTRO BIOPHARMA, INC."
0001860805,ASTL,Algoma Steel Group Inc.
0002058359,CRAQ,Cal Redwood Acquisition Corp.
0001041514,LSAK,LESAKA TECHNOLOGIES INC
0001315399,PKBK,"PARKE BANCORP, INC."
0001823986,WDH,Waterdrop Inc.
0001494904,GBLI,"Global Indemnity Group, LLC"
0001901637,USCB,"USCB FINANCIAL HOLDINGS, INC."
0001402829,ORN,Orion Group Holdings Inc
0001842279,OPAL,OPAL Fuels Inc.
0002092574,SWMR,"Swarmer, Inc"
0000069733,NATH,"NATHANS FAMOUS, INC."
0001409171,TITN,Titan Machinery Inc.
0001456772,OPI,OFFICE PROPERTIES INCOME TRUST
0002048948,NPAC,New Providence Acquisition Corp. III/Cayman
0001633336,CCAP,"Crescent Capital BDC, Inc."
0002007587,AII,"American Integrity Insurance Group, Inc."
0001401667,PBYI,"PUMA BIOTECHNOLOGY, INC."
0001053369,ELTP,ELITE PHARMACEUTICALS INC /NV/
0001064052,FGOVF,FREEGOLD VENTURES LTD
0002035173,RTAC,Renatus Tactical Acquisition Corp I
0001812923,SDHY,PGIM Short Duration High Yield Opportunities Fund
0002091222,SAAQ,Space Asset Acquisition Corp.
0001325670,FRST,Primis Financial Corp.
0000216085,HVT,HAVERTY FURNITURE COMPANIES INC
0001433551,SGLA,Sino Green Land Corp.
0001277902,MVBF,MVB FINANCIAL CORP
0000908993,VKI,Invesco Advantage Municipal Income Trust II
0001793229,CTEV,Claritev Corp
0000763563,CHMG,CHEMUNG FINANCIAL CORP
0000765207,FNLC,"First Bancorp, Inc /ME/"
0001374690,LRMR,"Larimar Therapeutics, Inc."
0001834526,GPAT,GP-Act III Acquisition Corp.
0002107724,MTAL,Metals Acquisition Corp. II
0001848416,VRNO,Verano Holdings Corp.
0002081515,GUAC,Berto Acquisition Corp. II
0002056634,PCAP,ProCap Acquisition Corp
0002033122,TACO,Berto Acquisition Corp.
0001965615,MGMNF,MAGNA MINING INC.
0002088295,BBCQ,Bleichroeder Acquisition Corp. II
0001108109,CYH,COMMUNITY HEALTH SYSTEMS INC
0001786248,NREF,"NexPoint Real Estate Finance, Inc."
0001338940,PERI,Perion Network Ltd.
0002087447,ZKP,Lafayette Digital Acquisition Corp. I
0001171155,RLGT,"RADIANT LOGISTICS, INC"
0001742518,MTC,"MMTEC, INC."
0001423869,PCB,PCB BANCORP
0001662579,CCCC,"C4 Therapeutics, Inc."
0001768267,CRNC,Cerence Inc.
0002055459,RDAG,Republic Digital Acquisition Co
0001277575,SCGX,SAXON CAPITAL GROUP INC
0001759783,EH,EHang Holdings Ltd
0002057043,WENN,WEN Acquisition Corp
0001708055,RBBN,Ribbon Communications Inc.
0001145986,ASPN,ASPEN AEROGELS INC
0000876427,MNRO,"MONRO, INC."
0001528985,INRE,"Inland Real Estate Income Trust, Inc."
0002016072,VLOS,Velos Acquisition I Corp.
0002122505,IACQ,Irenic Acquisition Corp.
0001770450,XRX,Xerox Holdings Corp
0000818972,LEO,"BNY MELLON STRATEGIC MUNICIPALS, INC."
0000034956,TENX,"TENAX THERAPEUTICS, INC."
0000059255,VHI,VALHI INC /DE/
0001669779,CWH,"Camping World Holdings, Inc."
0001495825,GBAB,Guggenheim Taxable Municipal Bond & Investment Grade Debt Trust
0001678660,PRLD,Prelude Therapeutics Inc
0001862935,CURR,Currenc Group Inc.
0001570562,EOLS,"Evolus, Inc."
0000835011,MGPI,MGP INGREDIENTS INC
0001699039,RNGR,"Ranger Energy Services, Inc."
0001447221,LGSXY,Light S.A./ADR
0001448397,SHIP,Seanergy Maritime Holdings Corp.
0001531193,FCBM,"First Carolina Financial Services, Inc."
0001501697,XFOR,"X4 Pharmaceuticals, Inc"
0001593899,AVIR,"Atea Pharmaceuticals, Inc."
0002087398,TMCR,Metals Royalty Co Inc.
0001609804,OEC,Orion S.A.
0001799207,AUNA,AUNA S.A.
0002089982,HACQ,HCM IV Acquisition Corp.
0001564180,KNOP,KNOT Offshore Partners LP
0001030997,WILC,G WILLI FOOD INTERNATIONAL LTD
0001365767,ALLT,Allot Ltd.
0001703157,SCTH,"Securetech Innovations, Inc."
0001525769,PLAY,"Dave & Buster's Entertainment, Inc."
0001692705,HTT,High Templar Tech Ltd
0002097376,MZYX,MOZAYYX Acquisition Corp.
0000799288,LE,"LANDS' END, INC."
0001390195,AWP,abrdn Global Premier Properties Fund
0002083989,ALOV,"Aldabra 4 Liquidity Opportunity Vehicle, Inc."
0001683825,TRVG,trivago N.V.
0002047273,BUUU,BUUU Group Ltd
0001210123,EAD,ALLSPRING INCOME OPPORTUNITIES FUND
0001377630,NCMI,"National CineMedia, Inc."
0001806201,LPRO,Open Lending Corp
0000882150,MYN,"BLACKROCK MUNIYIELD NEW YORK QUALITY FUND, INC."
0001091223,MTLS,MATERIALISE NV
0001569994,WSBF,"Waterstone Financial, Inc."
0001023459,SLP,"Simulations Plus, Inc."
0000106532,WEYS,WEYCO GROUP INC
0001368519,NOA,North American Construction Group Ltd.
0000778164,ALTO,"Alto Ingredients, Inc."
0001177648,ENTA,ENANTA PHARMACEUTICALS INC
0002074697,FCRS,FutureCrest Acquisition Corp.
0001788999,XPER,Xperi Inc.
0001854368,DGXX,Digi Power X Inc.
0001850733,FVAV,Fortress Value Acquisition Corp. V
0001850119,IPSC,"Century Therapeutics, Inc."
0002111762,GSRV,GSR V Acquisition Corp.
0000933034,STRT,STRATTEC SECURITY CORP
0001898795,LVWR,"LiveWire Group, Inc."
0001847398,NECB,"NorthEast Community Bancorp, Inc./MD/"
0000879585,ATNI,"ATN International, Inc."
0001956439,ENHA,Enhanced Group Inc.
0002088325,OIM,OneIM Acquisition Corp.
0000739421,CZFS,CITIZENS FINANCIAL SERVICES INC
0001013272,NWFL,NORWOOD FINANCIAL CORP
0002034037,SDHI,Siddhi Acquisition Corp (Cayman Islands)
0002039972,GMTL,Guardian Metal Resources PLC
0002098712,GIX,GigCapital9 Corp.
0000895456,RCKY,"ROCKY BRANDS, INC."
0000318306,ABEO,ABEONA THERAPEUTICS INC.
0002041493,ALUB,Alussa Energy Acquisition Corp. II
0001392380,GEVO,"Gevo, Inc."
0001713334,MSC,STUDIO CITY INTERNATIONAL HOLDINGS Ltd
0001489993,MOBI,"Mobia Medical, Inc."
0001902314,MPTI,"M-tron Industries, Inc."
0002009183,TACH,Titan Acquisition Corp.
0002077010,OTGA,OTG Acquisition Corp. I
0002064683,CCII,Cohen Circle Acquisition Corp. II
0001786117,PINE,"Alpine Income Property Trust, Inc."
0001443575,AVBH,"Avidbank Holdings, Inc."
0000846676,AEF,"abrdn Emerging Markets ex-China Fund, Inc."
0002028707,MRLN,"Merlin, Inc."
0001683695,IMXI,"International Money Express, Inc."
0002083910,ARCI,Archimedes Tech SPAC Partners III Co.
0002053799,KCHV,Kochav Defense Acquisition Corp.
0000789933,NC,NACCO INDUSTRIES INC
0000766011,CMCL,Caledonia Mining Corp Plc
0000275053,NATR,NATURES SUNSHINE PRODUCTS INC
0000863110,ARTNA,ARTESIAN RESOURCES CORP
0001957413,DCX,Digital Currency X Technology Inc.
0001270131,SCD,LMP CAPITAL & INCOME FUND INC.
0002096900,ACAA,Averin Capital Acquisition Corp.
0001308208,ULH,"UNIVERSAL LOGISTICS HOLDINGS, INC."
0002099093,HCIC,Hennessy Capital Investment Corp. VIII
0001539337,JRI,Nuveen Real Asset Income & Growth Fund
0002069238,PAII,Pyrophyte Acquisition Corp. II
0002025608,SOUL,Soulpower Acquisition Corp.
0000891532,PESI,PERMA FIX ENVIRONMENTAL SERVICES INC
0000890393,MIY,"BLACKROCK MUNIYIELD MICHIGAN QUALITY FUND, INC."
0001615905,JGH,Nuveen Global High Income Fund
0001517022,AKBA,"Akebia Therapeutics, Inc."
0002130386,YICC,Yorkville International Capital Corp.
0001720592,RPAY,Repay Holdings Corp
0001862461,REAX,Real Brokerage Inc
0001058239,HIX,WESTERN ASSET HIGH INCOME FUND II INC.
0002042292,BDCI,BTC Development Corp.
0000063330,MLP,MAUI LAND & PINEAPPLE CO INC
0001495240,LAND,GLADSTONE LAND Corp
0002007596,TWFG,"TWFG, Inc."
0002042182,OYSE,Oyster Enterprises II Acquisition Corp
0002081909,SBXE,SilverBox Corp V
0001046050,TSBK,TIMBERLAND BANCORP INC
0002100457,AIBZ,Bitzero Holdings Inc.
0002057030,AXIN,Axiom Intelligence Acquisition Corp 1
0002075310,BLZR,Trailblazer Acquisition Corp.
0000839533,KTF,DWS MUNICIPAL INCOME TRUST
0001590584,CVEO,Civeo Corp
0002069856,HCMA,HCM III ACQUISITION CORP.
0002022626,UPB,"Upstream Bio, Inc."
0002086263,SORN,Soren Acquisition Corp.
0002082149,DSAC,Daedalus Special Acquisition Corp.
0001438423,MRAM,EVERSPIN TECHNOLOGIES INC.
0002096362,AIAI,AIAI Holdings Corp
0001401040,DMAC,DiaMedica Therapeutics Inc.
0001725160,ZNTL,"Zentalis Pharmaceuticals, Inc."
0002135163,ATAC,Albatross Acquisition Corp
0001162194,LAB,STANDARD BIOTOOLS INC.
0001189740,HPF,JOHN HANCOCK PREFERRED INCOME FUND II
0001738021,CMPX,"Compass Therapeutics, Inc."
0001750149,IKT,"Inhibikase Therapeutics, Inc."
0000275694,MCI,BARINGS CORPORATE INVESTORS
0002060016,AGCC,Agencia Comercial Spirits Ltd.
0002102041,IPFX,Inflection Point Acquisition Corp. VI
0001441236,CLW,Clearwater Paper Corp
0002102771,KEYY,Keystone Acquisition Corp.
0001488917,ELMD,"Electromed, Inc."
0002092897,AACI,Armada Acquisition Corp. III
0001281895,RCKT,"ROCKET PHARMACEUTICALS, INC."
0001510593,XNET,Xunlei Ltd
0001802883,API,"Agora, Inc."
0000826020,BRW,Saba Capital Income & Opportunities Fund
0002115404,CAII,Collective Acquisition Corp. II
0001628908,EVH,"Evolent Health, Inc."
0001794546,CARL,"CARLSMED, INC."
0002050501,BLUW,Blue Water Acquisition Corp. III
0000320121,TLS,TELOS CORP
0001852207,BEAG,Bold Eagle Acquisition Corp.
0002012318,IPCX,Inflection Point Acquisition Corp. III
0001704711,FNKO,"Funko, Inc."
0000728387,CATX,"Perspective Therapeutics, Inc."
0002009684,SEG,Seaport Entertainment Group Inc.
0000717720,VALU,VALUE LINE INC
0001378325,CV,"CapsoVision, Inc"
0001338561,SPXX,Nuveen S&P 500 Dynamic Overwrite Fund
0001318008,ZUMZ,Zumiez Inc
0001328919,GASS,StealthGas Inc.
0001675644,FVCB,"FVCBankcorp, Inc."
0000836690,ISSC,INNOVATIVE SOLUTIONS & SUPPORT INC
0001211583,FENC,FENNEC PHARMACEUTICALS INC.
0002034266,CEPV,"Cantor Equity Partners V, Inc."
0000798287,PAMT,PAMT CORP
0000100378,TWIN,TWIN DISC INC
0000866273,MTRX,MATRIX SERVICE CO
0002097461,BORAY,"Bora Pharmaceuticals Co., Ltd./ADR"
0000832327,BKT,"BLACKROCK INCOME TRUST, INC."
0001870940,AIRS,"Airsculpt Technologies, Inc."
0001871509,PTLO,Portillo's Inc.
0001357459,PALI,"PALISADE BIO, INC."
0001506488,NXG,NXG NextGen Infrastructure Income Fund
0001290877,CUVL,Clinuvel Pharmaceuticals Ltd
0001854964,NLCP,"NewLake Capital Partners, Inc."
0001730984,BCML,BayCom Corp
0001644378,RMR,RMR GROUP INC.
0002025401,FERA,Fifth Era Acquisition Corp I
0000786035,ASG,LIBERTY ALL STAR GROWTH FUND INC.
0001710482,JMSB,"John Marshall Bancorp, Inc."
0001297107,COSO,"CoastalSouth Bancshares, Inc."
0002032528,DRDB,Roman DBDR Acquisition Corp. II
0001903508,PPHC,"Public Policy Holding Company, Inc."
0002040381,PACH,Pioneer Acquisition I Corp
0001819580,YSG,Yatsen Holding Ltd
0002030663,SZZL,Sizzle Acquisition Corp. II
0002034313,OBA,Oxley Bridge Acquisition Ltd
0001706946,SPCE,"Virgin Galactic Holdings, Inc"
0001907108,LXEO,"Lexeo Therapeutics, Inc."
0001555279,MASS,908 Devices Inc.
0001822928,HLLY,Holley Inc.
0001963685,RR,RICHTECH ROBOTICS INC.
0001876431,PRE,Prenetics Global Ltd
0001368493,CAF,"Morgan Stanley China A Share Fund, Inc."
0001762301,FVRR,Fiverr International Ltd.
0001287480,BGT,BLACKROCK FLOATING RATE INCOME TRUST
0000932781,FCCO,FIRST COMMUNITY CORP /SC/
0002031561,ALDF,Aldel Financial II Inc.
0001806952,LYEL,"Lyell Immunopharma, Inc."
0002077954,EVOX,Evolution Global Acquisition Corp
0002068454,KOYN,"CSLM Digital Asset Acquisition Corp III, Ltd"
0001643303,NNDM,Nano Dimension Ltd.
0002124403,VCRE,Vicore Pharma Holding AB
0002087965,CAES,"Cantor Equity Partners VII, Inc."
0002018064,TTGT,"TechTarget, Inc."
0002061473,PMTR,Perimeter Acquisition Corp. I
0001820302,BKKT,"Bakkt, Inc."
0001384195,REI,"RING ENERGY, INC."
0001853921,SCTX,"Scribe Therapeutics, Inc."
0002025341,POLE,Andretti Acquisition Corp. II
0001817159,RFMZ,"RiverNorth Flexible Municipal Income Fund II, Inc."
0001766600,SNDL,SNDL Inc.
0002082844,SAC,Safeguard Acquisition Corp.
0002039058,JACS,Jackson Acquisition Co II
0002078653,RNGT,Range Capital Acquisition Corp II
0001617553,ZIP,"ZIPRECRUITER, INC."
0002053033,PLTS,Platinum Analytics Cayman Ltd
0001913847,CNCK,Coincheck Group N.V.
0000065433,MXF,MEXICO FUND INC
0002028516,ATII,Archimedes Tech SPAC Partners II Co.
0002067592,MKLY,McKinley Acquisition Corp
0002033991,TVA,Texas Ventures Acquisition III Corp
0001530249,FSBW,"FS Bancorp, Inc."
0000909112,TEI,TEMPLETON EMERGING MARKETS INCOME FUND
0000809708,EMF,TEMPLETON EMERGING MARKETS FUND
0001802156,XPOF,"Xponential Fitness, Inc."
0000842717,BRBS,"BLUE RIDGE BANKSHARES, INC."
0001930313,SBC,SBC Medical Group Holdings Inc
0002083689,AEAQ,Activate Energy Acquisition Corp.
0001258623,EFR,Eaton Vance Senior Floating-Rate Trust
0002088805,CMII,Columbus Circle Capital Corp II
0002098242,SVIV,Spring Valley Acquisition Corp. IV
0000807882,JACK,JACK IN THE BOX INC
0001903145,GRRR,Gorilla Technology Group Inc.
0001709164,HBB,Hamilton Beach Brands Holding Co
0002087450,LEGO,Legato Merger Corp. IV
0001958217,LZM,Lifezone Metals Ltd
0002099906,AACO,Abony Acquisition Corp. I
0001681206,NODK,"NI Holdings, Inc."
0001501072,RIV,"RIVERNORTH OPPORTUNITIES FUND, INC."
0000714256,SMTI,Sanara MedTech Inc.
0001319947,DBI,Designer Brands Inc.
0002080023,VACI,Viking Acquisition Corp I
0002101135,ILLU,Illumination Acquisition Corp. I
0001098972,AGEN,AGENUS INC
0001377936,SAR,SARATOGA INVESTMENT CORP.
0002023676,LPBB,Launch Two Acquisition Corp.
0002061379,LWAC,LightWave Acquisition Corp.
0002097364,TMTS,Spartacus Acquisition Corp. II
0001791145,GBFH,GBank Financial Holdings Inc.
0002047497,RAC,Rithm Acquisition Corp.
0001098151,FDBC,FIDELITY D & D BANCORP INC
0000731122,CCFN,MUNCY COLUMBIA FINANCIAL Corp
0000873860,ONIT,ONITY GROUP INC.
0001729173,UXIN,Uxin Ltd
0002086264,VHCP,Vine Hill Capital Investment Corp. II
0002080985,ITHA,ITHAX Acquisition Corp III
0002043766,GTERA,Globa Terra Acquisition Corp
0001734750,MOVE,"Corvex, Inc."
0001825079,VELO,"Velo3D, Inc."
0001327607,MYFW,First Western Financial Inc
0001347178,VNDA,Vanda Pharmaceuticals Inc.
0001855474,AIRJ,AirJoule Technologies Corp.
0000015847,BUKS,BUTLER NATIONAL CORP
0001419806,REEMF,RARE ELEMENT RESOURCES LTD
0001394056,OSS,"ONE STOP SYSTEMS, INC."
0002058349,EFTY,"ETOILES CAPITAL GROUP CO., LTD"
0001114927,FNRN,FIRST NORTHERN COMMUNITY BANCORP
0002082542,BIXI,Bitcoin Infrastructure Acquisition Corp Ltd
0001228627,IRD,"Opus Genetics, Inc."
0002060337,JENA,JENA ACQUISITION Corp II
0000002186,BKTI,BK Technologies Corp
0000842517,ISBA,ISABELLA BANK CORP
0002058601,BRBI,BRBI BR Partners S.A.
0001661181,ORGO,Organogenesis Holdings Inc.
0000037472,FLXS,FLEXSTEEL INDUSTRIES INC
0000897448,AMRN,AMARIN CORP PLCUK
0001009829,JAKK,JAKKS PACIFIC INC
0002102155,QLEP,Quantum Leap Acquisition Corp
0002070602,HVMC,Highview Merger Corp.
0001318885,DSX,DIANA SHIPPING INC.
0001317945,OFLX,"Omega Flex, Inc."
0002072404,GSRF,GSR IV Acquisition Corp.
0001859690,ARQQ,Arqit Quantum Inc.
0000825202,FUND,SPROTT FOCUS TRUST INC.
0001794776,PSBD,Palmer Square Capital BDC Inc.
0001907909,VOXR,VOX ROYALTY CORP.
0001392272,CBNA,CHAIN BRIDGE BANCORP INC
0002043699,NHIC,NewHold Investment Corp. III
0001828805,ALMU,"Aeluma, Inc."
0001519401,RM,Regional Management Corp.
0001515324,ARDC,"Ares Dynamic Credit Allocation Fund, Inc."
0001655210,BYND,"BEYOND MEAT, INC."
0000038264,FWDI,"Forward Industries, Inc."
0000056868,PNRG,PRIMEENERGY RESOURCES CORP
0001487428,HRZN,Horizon Technology Finance Corp
0002111542,ACGC,ACP Holdings Acquisition Corp.
0001534254,CION,CION Investment Corp
0002044817,MTNE,CH4 Natural Solutions Corp
0001570132,ANVI,"ANVI GLOBAL HOLDINGS, INC."
0002085408,GPAC,General Purpose Acquisition Corp.
0000883569,FOSL,"Fossil Group, Inc."
0002085659,SVAQ,Silicon Valley Acquisition Corp.
0002079013,HCAC,Hall Chadwick Acquisition Corp
0001754170,ASLE,AerSale Corp
0001885522,NMRA,"Neumora Therapeutics, Inc."
0002051985,IRHO,Iron Horse Acquisition II Corp.
0002059654,BACC,Blue Acquisition Corp/Cayman
0002034334,AACB,Artius II Acquisition Inc.
0002102123,AACP,Apogee Acquisition Corp
0000033992,KINS,"KINGSTONE COMPANIES, INC."
0001682149,DVLT,Datavault AI Inc.
0001227857,NCZ,Virtus Convertible & Income Fund II
0002111846,GYGY,Game Your Game Inc.
0002083002,ADAC,American Drive Acquisition Co
0000835333,OIA,Invesco Municipal Income Opportunities Trust
0001702780,OPTU,"Optimum Communications, Inc."
0000719402,FXNC,FIRST NATIONAL CORP /VA/
0001464790,RILY,"BRC Group Holdings, Inc."
0002095297,KPET,KPET Ultra Paceline Corp
0001278027,BGS,"B&G Foods, Inc."
0001897087,SUPX,SuperX AI Technology Ltd
0002090452,FGII,FG Imperii Acquisition Corp.
0000855887,DSM,"BNY MELLON STRATEGIC MUNICIPAL BOND FUND, INC."
0001901203,UCFI,CN Healthy Food Tech Group Corp.
0001703079,XFLT,XAI Floating Rate & Alternative Income Trust
0001434316,FATE,FATE THERAPEUTICS INC
0002083728,LPCV,Launchpad Cadenza Acquisition Corp I
0001576873,ABAT,AMERICAN BATTERY TECHNOLOGY Co
0001084554,LTBR,LIGHTBRIDGE Corp
0001903870,AFRI,Forafric Global PLC
0001531177,SGHT,"Sight Sciences, Inc."
0001831359,JWSMF,Jaws Mustang Acquisition Corp
0002069785,GLOO,"Gloo Holdings, Inc."
0001771226,RMM,"RiverNorth Managed Duration Municipal Income Fund, Inc."
0002015955,CUB,Lionheart Holdings
0001074902,LCNB,LCNB CORP
0001823584,AENT,ALLIANCE ENTERTAINMENT HOLDING CORP
0001872228,TVAI,Thayer Ventures Acquisition Corp II
0001913971,BPRN,"Princeton Bancorp, Inc."
0001835724,ZH,Zhihu Inc.
0000003545,ALCO,"ALICO, INC."
0000763907,FUNC,FIRST UNITED CORP/MD/
0002083493,XCBE,X3 Acquisition Corp. Ltd.
0001431567,OVLY,Oak Valley Bancorp
0001636289,ACV,Virtus Diversified Income & Convertible Fund
0001386067,EOD,ALLSPRING GLOBAL DIVIDEND OPPORTUNITY FUND
0001835068,NPCT,Nuveen Core Plus Impact Fund
0000723646,FRAF,FRANKLIN FINANCIAL SERVICES CORP /PA/
0001630627,TMCI,"TREACE MEDICAL CONCEPTS, INC."
0001627281,CLLS,Cellectis S.A.
0000879911,AERG,"APPLIED ENERGETICS, INC."
0002099767,NHIV,NewHold Investment Corp IV
0002099656,HLXC,Helix Acquisition Corp. III
0001826667,TLSI,"TriSalus Life Sciences, Inc."
0001320760,TSSI,"TSS, Inc."
0000014846,BRT,BRT Apartments Corp.
0002015947,SBXD,SilverBox Corp IV
0001474627,NEGG,"Newegg Commerce, Inc."
0000033488,ESCA,ESCALADE INC
0002088807,XSLL,Xsolla SPAC 1
0000876343,LCTX,"Lineage Cell Therapeutics, Inc."
0001116463,OSUR,ORASURE TECHNOLOGIES INC
0001760689,MVST,"Microvast Holdings, Inc."
0001846416,HVII,Hennessy Capital Investment Corp. VII
0001833214,SABS,"SAB Biotherapeutics, Inc."
0001987240,SHMD,SCHMID Group N.V.
0002027708,CEPO,"Cantor Equity Partners I, Inc."
0001396536,DUOT,"DUOS TECHNOLOGIES GROUP, INC."
0002093484,MUZE,Muzero Acquisition Corp
0001747657,SITKF,Sitka Gold Corp.
0002001557,INV,"Innventure, Inc."
0001357971,ESOA,Energy Services of America CORP
0000919893,TDF,TEMPLETON DRAGON FUND INC
0001684693,SLGL,Sol-Gel Technologies Ltd.
0001896084,IONR,ioneer Ltd
0000355948,RELL,"RICHARDSON ELECTRONICS, LTD."
0001057379,HCKT,"HACKETT GROUP, INC."
0001628808,PROF,Profound Medical Corp.
0000720500,ASYS,AMTECH SYSTEMS INC
0001687932,JILL,"J.Jill, Inc."
0000946394,ELLO,Ellomay Capital Ltd.
0000913341,CFFI,C & F FINANCIAL CORP
0001370755,TCPC,BlackRock TCP Capital Corp.
0002081125,DNMX,Dynamix Corp III
0000899923,MYGN,MYRIAD GENETICS INC
0001509470,NSLR,Neostellar Capital Corp.
0000844790,PMM,PUTNAM MANAGED MUNICIPAL INCOME TRUST
0001072379,NWBO,NORTHWEST BIOTHERAPEUTICS INC
0001132651,ATLO,AMES NATIONAL CORP
0001318596,KRYXF,KORYX COPPER INC.
0001386570,NAGE,"Niagen Bioscience, Inc."
0001822462,FHTX,Foghorn Therapeutics Inc.
0000893847,HWBK,"HAWTHORN BANCSHARES, INC."
0001790340,IMRX,Immuneering Corp
0001810182,ALXO,ALX ONCOLOGY HOLDINGS INC
0001866874,RLTY,Cohen & Steers Real Estate Opportunities & Income Fund
0001377789,AVNW,"AVIAT NETWORKS, INC."
0001023731,EGHT,8X8 INC /DE/
0001866816,OPTX,"SYNTEC OPTICS HOLDINGS, INC."
0001850902,TKNO,"Alpha Teknova, Inc."
0001320854,RAIL,"FreightCar America, Inc."
0000814585,MBI,MBIA INC
0001943289,SVCO,"Silvaco Group, Inc."
0000850429,TG,TREDEGAR CORP
0002029769,OACC,Oaktree Acquisition Corp. III Life Sciences
0001616543,SENS,"Senseonics Holdings, Inc."
0001689375,TRDA,"Entrada Therapeutics, Inc."
0001273441,GTE,GRAN TIERRA ENERGY INC.
0001404281,ELDN,"Eledon Pharmaceuticals, Inc."
0002083946,WLII,Willow Lane Acquisition Corp. II
0001175680,CYDY,CytoDyn Inc.
0002028614,DMAA,Drugs Made In America Acquisition Corp.
0001717457,CPZ,Calamos Long/Short Equity & Dynamic Income Trust
0000829365,NTPIF,NAM TAI PROPERTY INC.
0002125750,CLCHF,Clinch Resources Ltd.
0000922358,FGPR,FERRELLGAS PARTNERS L P
0001009759,CEPL,"Capstone Energy Plus, Inc."
0001759186,ZSQR,Z Squared Inc.
0002028935,FACT,FACT II Acquisition Corp.
0001866030,AZ,A2Z CUST2MATE SOLUTIONS CORP.
0001157647,WNEB,"Western New England Bancorp, Inc."
0000803016,CFNB,CALIFORNIA FIRST LEASING CORP
0002028027,NTWO,Newbury Street II Acquisition Corp
0001484769,FUBO,FuboTV Inc.
0001626450,CMRC,"Commerce.com, Inc."
0002098780,TRGS,TRG Latin America Acquisitions Corp.
0000796534,NKSH,NATIONAL BANKSHARES INC
0000727273,CDZI,CADIZ INC
0002046223,CDPMF,Cerro de Pasco Resources Inc.
0002030482,PLMK,"Plum Acquisition Corp, IV"
0001824893,SRZN,"Surrozen, Inc./DE"
0002055879,VNME,Vendome Acquisition Corp I
0001690334,SMHI,SEACOR Marine Holdings Inc.
0000918251,MPAA,MOTORCAR PARTS OF AMERICA INC
0002079109,VRXA,Veraxa Biotech Holding AG
0000918541,NNBR,NN INC
0001227073,ERC,ALLSPRING MULTI-SECTOR INCOME FUND
0001527590,RC,Ready Capital Corp
0001562463,INBK,First Internet Bancorp
0001072627,KWY,KINGSWAY Corp
0002120422,PFSTY,Pfisterer Holdings SE/ADR
0001792781,CURV,Torrid Holdings Inc.
0000276720,PCYO,PURE CYCLE CORP
0001966041,DSC,DSC Holdings Ltd.
0000925528,HDSN,HUDSON TECHNOLOGIES INC /NY
0001314052,AVXL,ANAVEX LIFE SCIENCES CORP.
0002021880,HMH,HMH Holding Inc
0001826600,MNTK,"Montauk Renewables, Inc."
0001058811,IMMR,IMMERSION CORP
0002076739,SCII,SC II Acquisition Corp.
0002105274,IPVV,"InterPrivate Investment Partners V, Inc."
0000898437,ANIK,"Anika Therapeutics, Inc."
0001708688,IFRX,InflaRx N.V.
0001538716,OPRT,Oportun Financial Corp
0001767837,RMBI,"Richmond Mutual Bancorporation, Inc."
0001826681,PDYN,Palladyne AI Corp.
0001572334,VABK,Virginia National Bankshares Corp
0002100125,CAQ,Cambridge Acquisition Corp.
0001015383,POWW,Outdoor Holding Co
0001423867,WHGOF,White Gold Corp.
0001111485,RXST,"RxSight, Inc."
0002083217,QADR,QDRO Acquisition Corp.
0002090787,OHAC,Oceanhawk Acquisition Corp.
0001084869,FLWS,1 800 FLOWERS COM INC
0001450445,NUW,Nuveen AMT-Free Municipal Value Fund
0002045473,COPL,Copley Acquisition Corp
0001832928,CRLBF,Cresco Labs Inc.
0002013639,FBLA,"FB Bancorp, Inc. /MD/"
0001867949,REFI,"Chicago Atlantic Real Estate Finance, Inc."
0001818838,ADAG,Adagene Inc.
0001625641,LAW,"CS Disco, Inc."
0001666291,CMTG,"Claros Mortgage Trust, Inc."
0001086434,AUDC,AUDIOCODES LTD
0001596961,RDNW,"RideNow Group, Inc."
0001677703,CNDT,CONDUENT Inc
0001612940,PRQR,ProQR Therapeutics N.V.
0002023016,TTRX,Turn Therapeutics Inc.
0000916183,RCS,"PIMCO STRATEGIC INCOME FUND, INC."
0002029118,INR,"INFINITY NATURAL RESOURCES, INC."
0001921050,TDRRF,Tudor Gold Corp.
0001114925,LTRX,LANTRONIX INC
0000039092,FRD,FRIEDMAN INDUSTRIES INC
0002065948,SOCA,Solarius Capital Acquisition Corp.
0002064658,MCGA,Yorkville Acquisition Corp.
0000318673,SNFCA,SECURITY NATIONAL FINANCIAL CORP
0001493761,TBCH,Turtle Beach Corp
0001708259,LX,LexinFintech Holdings Ltd.
0001547452,TAKOF,Volatus Aerospace Inc.
0002028699,DYNC,Dynamix Corp
0002001288,PN,PN Smart Energy Ltd
0000024090,CIA,"CITIZENS, INC."
0002075068,IGAC,Invest Green Acquisition Corp
0002081300,SSAC,SPACSphere Acquisition Corp.
0000874501,OSG,OCTAVE SPECIALTY GROUP INC
0001814114,OBIO,"Orchestra BioMed Holdings, Inc."
0000884144,ASUR,ASURE SOFTWARE INC
0001125345,MGNX,MACROGENICS INC
0000809173,MMT,ABERDEEN MULTI-MARKET INCOME FUND
0001680581,FULC,"Fulcrum Therapeutics, Inc."
0002111009,AVAC,American Ventures Acquisition Corp. I
0001641614,PMTS,CPI Card Group Inc.
0002076616,TDWD,Tailwind 2.0 Acquisition Corp.
0000865400,GSVRF,GUANAJUATO SILVER CO LTD
0002016221,MACI,Melar Acquisition Corp. I/Cayman
0001913288,BRVMF,Bravo Mining Corp.
0000882508,QUIK,QUICKLOGIC Corp
0001529377,ACRE,Ares Commercial Real Estate Corp
0001342423,LMNR,Limoneira CO
0001356115,NXDT,NEXPOINT DIVERSIFIED REAL ESTATE TRUST
0001584549,VFF,"Village Farms International, Inc."
0001754836,EIC,Eagle Point Income Co Inc.
0000748691,KF,KOREA FUND INC
0001498612,PSF,"Cohen & Steers Select Preferred & Income Fund, Inc."
0002052243,TWLV,Twelve Seas Investment Co III/Cayman
0001070680,CFBK,CF BANKSHARES INC.
0001621910,PTHRF,Pantheon Resources plc
0002076427,LATA,Galata Acquisition Corp. II
0002081532,BLRK,Bluerock Acquisition Corp.
0002105838,SUMA,SUMA Acquisition Corp
0001921158,FUFU,Bitfufu Inc.
0001041934,FOCL,EDAP TMS SA
0001701758,LOVE,Lovesac Co
0001010086,SIGA,SIGA TECHNOLOGIES INC
0001892492,ORBS,Eightco Holdings Inc.
0002079292,DYOR,Insight Digital Partners II
0001722010,OPBK,OP Bancorp
0000055234,GAMG,"Global Asset Management Group, Inc."
0001653384,RWAY,Runway Growth Finance Corp.
0001750735,MRBK,Meridian Corp
0001141240,LQMT,LIQUIDMETAL TECHNOLOGIES INC
0001093672,PEBK,PEOPLES BANCORP OF NORTH CAROLINA INC
0002033593,SVCC,Stellar V Capital Corp. (Cayman Islands)
0002087087,BIII,Black Spade Acquisition III Co
0001000209,MFIN,MEDALLION FINANCIAL CORP
0001133869,CAPR,"CAPRICOR THERAPEUTICS, INC."
0002077785,IRAB,Iris Acquisition Corp II
0002104177,LTGR,Long Table Growth Corp.
0000916793,SILC,SILICOM LTD.
0002070887,CRAC,Crown Reserve Acquisition Corp. I
0000718413,CMTV,COMMUNITY BANCORP /VT
0001075736,CXDO,"Crexendo, Inc."
0002118032,RACC,Research Alliance Corp III
0002066836,CNXU,Conexeu Sciences Inc.
0001651625,ACIU,AC Immune SA
0002046117,MAGH,Magnitude International Ltd
0001453687,RNAC,"Cartesian Therapeutics, Inc."
0001705110,ANGI,Angi Inc.
0001527762,CD,Chaince Digital Holdings Inc.
0000008146,ALOT,"AstroNova, Inc."
0001840199,WALD,Waldencast plc
0000894315,SITC,SITE Centers Corp.
0000803742,KISB,KISH BANCORP INC
0002084026,QMLS,"QumulusAI, Inc."
0001069533,RGCO,RGC RESOURCES INC
0001289945,SPOK,"Spok Holdings, Inc"
0000706698,UTMD,UTAH MEDICAL PRODUCTS INC
0001059213,BXSY,BEXIL INVESTMENT TRUST
0001848739,GDEV,GDEV Inc.
0000801961,MFM,ABERDEEN MUNICIPAL INCOME FUND
0001514281,MITT,"TPG Mortgage Investment Trust, Inc."
0002054272,ONCH,1RT Acquisition Corp.
0000880641,EFSI,EAGLE FINANCIAL SERVICES INC
0001419275,RTB,"RTB Digital, Inc."
0000828803,SABA,Saba Capital Income & Opportunities Fund II
0001439725,BDSX,BIODESIX INC
0001359931,TARA,"Protara Therapeutics, Inc."
0001512762,CHRS,"Coherus Oncology, Inc."
0001985273,TOYO,"TOYO Co., Ltd"
0002099095,PTAC,Patriot Acquisition Corp./CI
0002008007,MAMK,MaxsMaking Inc.
0001766478,AOMR,"Angel Oak Mortgage REIT, Inc."
0001400897,SRV,NXG Cushing Midstream Energy Fund
0001023313,FORR,"FORRESTER RESEARCH, INC."
0001337298,FF,FutureFuel Corp.
0001682056,SVRSF,Silver Storm Mining Ltd.
0001126741,GSIT,GSI TECHNOLOGY INC
0002090441,IDAC,Iron Dome Acquisition I Corp.
0001119774,CGEN,COMPUGEN LTD
0001872789,EMBC,Embecta Corp.
0000750558,QNBC,QNB CORP.
0000027093,USAU,U.S. GOLD CORP.
0001616156,WEWA,"WEWARDS, INC."
0001383414,PNNT,PENNANTPARK INVESTMENT CORP
0001551901,SCM,Stellus Capital Investment Corp
0002044635,GSHR,Gesher Acquisition Corp. II
0001991413,PSRHF,Pulsar Helium Inc.
0001876581,IMPP,Imperial Petroleum Inc./Marshall Islands
0001759824,ALTG,ALTA EQUIPMENT GROUP INC.
0001930147,SPMC,"Sound Point Meridian Capital, Inc."
0001367859,CZWI,Citizens Community Bancorp Inc.
0000746838,UIS,UNISYS CORP
0001070296,FCAP,FIRST CAPITAL INC
0000809559,TSI,TCW STRATEGIC INCOME FUND INC
0002052547,EGHA,EGH Acquisition Corp.
0001843162,LIEN,"Chicago Atlantic BDC, Inc."
0002041047,CCAQ,COLLECTIVE ACQUISITION CORP.
0002101562,PALO,PALOMA ACQUISITION CORP I
0001927958,AIRO,"AIRO Group Holdings, Inc."
0000897421,NPV,NUVEEN VIRGINIA QUALITY MUNICIPAL INCOME FUND
0001099668,FOTB,"FIRST OTTAWA BANCSHARES, INC."
0001120970,LODE,Comstock Inc.
0002042460,HAVA,Harvard Ave Acquisition Corp
0001412095,TROO,"Troops, Inc. /Cayman Islands/"
0000064472,GENC,GENCOR INDUSTRIES INC
0001926599,TDAC,Translational Development Acquisition Corp.
0001562823,HHLKF,Hot Chili Ltd
0001819516,UP,Wheels Up Experience Inc.
0002094073,CTAA,Clearthink 1 Acquisition Corp.
0001434728,GWRS,"Global Water Resources, Inc."
0001620459,JRVR,"James River Group Holdings, Inc."
0002082526,AESP,Aeon Acquisition I Corp.
0001413855,AIFU,AIFU Inc.
0002096755,TVIV,Texas Ventures Acquisition IV Corp
0001645873,MDV,"MODIV INDUSTRIAL, INC."
0001996493,SUGRF,Sucro Ltd
0001421642,MSLE,Satellos Bioscience Inc.
0002065779,BCAR,D. Boral ARC Acquisition I Corp.
0001819142,SES,SES AI Corp
0001588871,OAKC,"Oakworth Capital, Inc."
0001026655,CMT,CORE MOLDING TECHNOLOGIES INC
0001772921,ONEW,OneWater Marine Inc.
0001432133,KLTR,KALTURA INC
0000746514,NEN,NEW ENGLAND REALTY ASSOCIATES LIMITED PARTNERSHIP
0001828937,FOA,Finance of America Companies Inc.
0001407582,CAMVF,Cambria Gold Mines Inc.
0001420520,ATOM,Atomera Inc
0000889609,CPSS,"CONSUMER PORTFOLIO SERVICES, INC."
0002086524,KTWO,K2 Capital Acquisition Corp
0001930459,PMMCF,Pampa Metals Corp
0000700841,RCMT,"RCM TECHNOLOGIES, INC."
0001744781,NIU,Niu Technologies
0002079933,BEBE,TGE Value Creative Solutions Corp
0002095743,REA,"Rare Earths Americas, Inc."
0001133416,GALT,GALECTIN THERAPEUTICS INC
0001549346,SSTK,"Shutterstock, Inc."
0002059033,FIGX,FIGX Capital Acquisition Corp.
0001371489,III,Information Services Group Inc.
0001945565,BGIN,BGIN BLOCKCHAIN Ltd
0002052162,DAAQ,Digital Asset Acquisition Corp.
0000894671,OVBC,OHIO VALLEY BANC CORP
0000914122,PPIH,"Perma-Pipe International Holdings, Inc."
0001563696,ETX,Eaton Vance Municipal Income 2028 Term Trust
0001733968,WRLGF,West Red Lake Gold Mines Ltd.
0002085932,ETSS,Energy Transition Special Opportunities
0002101393,APMC,AmperCap Acquisition Co
0001417802,IDE,"Voya Infrastructure, Industrials & Materials Fund"
0001578987,BANX,ArrowMark Financial Corp.
0002073553,AIIA,AI Infrastructure Acquisition Corp.
0002094919,BID,Tribeca Strategic Acquisition Corp.
0001899830,PERF,Perfect Corp.
0001664710,KROS,"Keros Therapeutics, Inc."
0001010134,ICTSF,ICTS INTERNATIONAL N V
0001783432,TETOF,Tectonic Metals Inc.
0001799788,GLSI,"Greenwich LifeSciences, Inc."
0000064463,SLNH,"Soluna Holdings, Inc"
0001880438,ANTX,"AN2 Therapeutics, Inc."
0001119769,CRNT,CERAGON NETWORKS LTD
0002093101,RNA,"Atrium Therapeutics, Inc."
0001837014,SMRT,"SmartRent, Inc."
0001463972,VUZI,Vuzix Corp
0001778129,TSNDF,TerrAscend Corp.
0001791703,TII,Titan Mining Corp
0001565381,DMB,"BNY Mellon Municipal Bond Infrastructure Fund, Inc."
0000919864,FNWD,Finward Bancorp
0000935419,RICK,"RCI HOSPITALITY HOLDINGS, INC."
0001725033,XYF,X Financial
0000874396,LCUT,"LIFETIME BRANDS, INC"
0001782430,STRW,"Strawberry Fields REIT, Inc."
0002067674,SBMT,SILVER BOW MINING CORP.
0000880417,CSBB,"CSB Bancorp, Inc."
0002084563,LFAC,Leapfrog Acquisition Corp
0002089283,NUCL,Eagle Nuclear Energy Corp.
0000804563,BMBN,BENCHMARK BANKSHARES INC
0001678130,OPP,"RiverNorth/DoubleLine Strategic Opportunity Fund, Inc."
0001261166,NRO,NEUBERGER REAL ESTATE SECURITIES INCOME FUND INC
0001141688,LARK,LANDMARK BANCORP INC
0001590715,AREC,American Resources Corp
0001280776,IMUX,"IMMUNIC, INC."
0000788920,PDEX,PRO DEX INC
0001422142,WHWK,"Whitehawk Therapeutics, Inc."
0000704440,KRMD,"KORU Medical Systems, Inc."
0001716410,GLATF,Global Atomic Corp
0001856365,FINW,Finwise Bancorp
0001828588,HNVR,"Hanover Bancorp, Inc. /MD"
0001998768,PAL,"Proficient Auto Logistics, Inc"
0001751783,RBKB,"Rhinebeck Bancorp, Inc."
0001605301,CBFV,"CB Financial Services, Inc."
0000847538,CPKF,CHESAPEAKE FINANCIAL SHARES INC
0000095574,SGC,"SUPERIOR GROUP OF COMPANIES, INC."
0001337013,INFU,"InfuSystem Holdings, Inc"
0001478454,EBMT,"Eagle Bancorp Montana, Inc."
0001529628,SND,"Smart Sand, Inc."
0002025947,TGMPF,Tantalus Systems Holding Inc.
0000855950,PNPNF,POWER METALLIC MINES INC.
0001847409,HITI,High Tide Inc.
0001066194,EGAN,EGAIN Corp
0001758530,SY,So-Young International Inc.
0001778016,NBP,NovaBridge Biosciences
0001893657,RLEA,Rubber Leaf Inc
0001620749,PHCI,Panamera Holdings Corp
0001598646,NERV,"Minerva Neurosciences, Inc."
0001254370,WIA,WESTERN ASSET INFLATION-LINKED INCOME FUND
0001006281,PLX,"Protalix BioTherapeutics, Inc."
0001640266,VYGR,"Voyager Therapeutics, Inc."
0001477081,KGEI,Kolibri Global Energy Inc.
0000786298,FGFH,FORESIGHT FINANCIAL GROUP INC
0001007587,KVHI,KVH INDUSTRIES INC \DE\
0001140102,HQI,"HireQuest, Inc."
0001649989,OTLK,"Outlook Therapeutics, Inc."
0001580345,TPVG,TriplePoint Venture Growth BDC Corp.
0001593984,MDWD,MediWound Ltd.
0000065312,EVI,"EVI INDUSTRIES, INC."
0001357874,DTIL,PRECISION BIOSCIENCES INC
0001655923,ACOG,Alpha Cognition Inc.
0001416090,BSAI,BLUSKY AI INC.
0001538847,GLDG,GoldMining Inc.
0001615063,INSE,"Inspired Entertainment, Inc."
0002082847,BWIV,Blue Water Acquisition Corp. IV
0001794276,ZHJD,Intelligent Hotel Group Ltd.
0001556739,THRY,"Thryv Holdings, Inc."
0001393584,AMWL,American Well Corp
0002012219,OMSE,OMS Energy Technologies Inc.
0001302387,BVFL,"BV Financial, Inc."
0002073515,ARCL,ARC Group Acquisition I Corp.
0001818382,HUMA,"Humacyte, Inc."
0001393883,DHX,"DHI GROUP, INC."
0001857044,INDP,"Indaptus Therapeutics, Inc."
0001914605,ECBK,"ECB Bancorp, Inc. /MD/"
0001941131,TORO,TORO CORP.
0002087446,PAAC,Proem Acquisition Corp. I
0002047177,CHEC,Chenghe Acquisition III Co.
0001867066,DERM,Journey Medical Corp
0000832480,UTGN,UTG INC
0001947016,FJET,"Starfighters Space, Inc."
0001851961,GCTS,"GCT Semiconductor Holding, Inc."
0001736730,CAMP,Camp4 Therapeutics Corp
0001228509,EHI,WESTERN ASSET GLOBAL HIGH INCOME FUND INC.
0001952976,NLOP,Net Lease Office Properties
0000831655,MPV,BARINGS PARTICIPATION INVESTORS
0002097986,FTHA,Forefront Tech Holdings Acquisition Corp
0001857853,COOK,"Traeger, Inc."
0001245648,FLC,FLAHERTY & CRUMRINE TOTAL RETURN FUND INC
0001807046,OZ,"Belpointe PREP, LLC"
0002006468,NUTR,NUSATRIP Inc
0001622148,HGLB,HIGHLAND GLOBAL ALLOCATION FUND
0001505952,DOMO,"DOMO, INC."
0002068577,BRCB,"Black Rock Coffee Bar, Inc."
0000931148,EAF,GRAFTECH INTERNATIONAL LTD
0001803800,TSKFF,Talisker Resources Ltd.
0002108164,PONO,"Pono Capital Four, Inc."
0001852551,NVA,Nova Minerals Corp
0001476840,EXFY,"Expensify, Inc."
0001922097,LANV,Lanvin Group Holdings Ltd
0001751912,NGEN,NERVGEN PHARMA CORP.
0002007599,LAWR,"Robot Consulting Co., Ltd."
0001455632,NXPGY,Mobico Group PLC/ADR
0001683541,ACB,AURORA CANNABIS INC
0001653087,ALEC,"Alector, Inc."
0001879726,SIDU,Sidus Space Inc.
0001057861,DHF,BNY MELLON HIGH YIELD STRATEGIES FUND
0000719135,APYX,Apyx Medical Corp
0001782223,PYXS,"Pyxis Oncology, Inc."
0002093667,MRUWY,"Maruwa Co., Ltd./ADR"
0001294133,INGN,Inogen Inc
0000921671,GGT,GABELLI MULTIMEDIA TRUST INC.
0002023153,HTLM,HomesToLife Ltd
0001228454,BCBP,BCB BANCORP INC
0002020385,TAVI,Tavia Acquisition Corp.
0001016838,RDCM,RADCOM LTD
0001452477,SEVN,Seven Hills Realty Trust
0001939801,SMDRF,SIERRA MADRE GOLD & SILVER LTD.
0001863006,VLN,Valens Semiconductor Ltd.
0000948320,LFMD,"LifeMD, Inc."
0000921114,ARMP,"Armata Pharmaceuticals, Inc."
0001566610,TONX,TON Strategy Co
0001726126,EPSN,Epsilon Energy Ltd.
0001823255,MINE,MAYFAIR GOLD CORP.
0001176309,ORMP,ORAMED PHARMACEUTICALS INC.
0001625414,BZUN,Baozun Inc.
0000005094,VBF,Invesco Bond Fund
0001799011,LUCD,Lucid Diagnostics Inc.
0000793040,ECF,ELLSWORTH GROWTH & INCOME FUND LTD
0001449794,EMYB,"Embassy Bancorp, Inc."
0001595097,CRBP,"Corbus Pharmaceuticals Holdings, Inc."
0001785476,TBXXF,King Copper Discovery Corp.
0001574085,BHR,Braemar Hotels & Resorts Inc.
0001954488,MENS,Jyong Biotech Ltd.
0000096536,TAYD,"TAYLOR DEVICES, INC."
0001815776,LENZ,"LENZ Therapeutics, Inc."
0001889112,RENEF,Cartesian Growth Corp II
0000010329,BSET,BASSETT FURNITURE INDUSTRIES INC
0001693577,MNSB,"MainStreet Bancshares, Inc."
0000767405,SBFG,"SB FINANCIAL GROUP, INC."
0002054876,NMP,NMP Acquisition Corp.
0001503274,QTRX,Quanterix Corp
0001259429,OXSQ,Oxford Square Capital Corp.
0001532286,NINE,"Nine Energy Service, Inc."
0001888274,DEFT,"Defi Technologies, Inc."
0001005286,LFCR,"LIFECORE BIOMEDICAL, INC. \DE\"
0001598599,IPHA,Innate Pharma SA
0000779227,STLE,STEELE BANCORP INC
0001560672,EARN,Ellington Credit Co
0001768224,ARCT,Arcturus Therapeutics Holdings Inc.
0001437479,ENBP,ENB Financial Corp
0001725262,TYFG,"Tri-County Financial Group, Inc."
0001858848,TNYA,"Tenaya Therapeutics, Inc."
0002075816,EMIS,Emmis Acquisition Corp.
0002083452,SAGU,Shreya Acquisition Group
0002104260,WENC,West Enclave Merger Corp.
0001408534,FGBI,"First Guaranty Bancshares, Inc."
0002085177,QRED,QuasarEdge Acquisition Corp
0002011674,YDES,YD Bio Ltd
0001858724,FLX,BingEx Ltd
0000036840,FREVS,"FIRST REAL ESTATE INVESTMENT TRUST OF NEW JERSEY, INC."
0001867102,EVTL,Vertical Aerospace Ltd.
0002043508,LKSP,Lake Superior Acquisition Corp
0001999124,HWAIF,Healwell AI Inc.
0001430306,TNXP,Tonix Pharmaceuticals Holding Corp.
0002091484,GLED,GalaxyEdge Acquisition Corp
0002079106,LAFA,LaFayette Acquisition Corp.
0000883265,VTN,Invesco Trust for Investment Grade New York Municipals
0001816431,QSI,Quantum-Si Inc
0001533924,AMPY,Amplify Energy Corp.
0001036262,INTT,INTEST CORP
0001832038,IVVD,"Invivyd, Inc."
0002028735,SPEG,Silver Pegasus Acquisition Corp.
0002099232,FMAC,Future Money Acquisition Corp
0001656081,DAVA,Endava plc
0000885508,STRS,STRATUS PROPERTIES INC
0001913577,SMNR,"Semnur Pharmaceuticals, Inc."
0001819404,NRDY,Nerdy Inc.
0002081536,WPAC,White Pearl Acquisition Corp.
0002070954,SMJF,SMJ International Holdings Inc.
0001832871,BMN,BlackRock 2037 Municipal Target Term Trust
0001808997,AOUT,"American Outdoor Brands, Inc."
0001898496,GETY,"Getty Images Holdings, Inc."
0001576885,ABOS,"Acumen Pharmaceuticals, Inc."
0001649744,DLTH,DULUTH HOLDINGS INC.
0001705843,CBUS,"Cibus, Inc."
0001821534,EXOD,"Exodus Movement, Inc."
0001878897,DOUG,Douglas Elliman Inc.
0001473490,GLAI,"Global AI, Inc."
0001637715,OKUR,"OnKure Therapeutics, Inc."
0001290900,CVGI,"Commercial Vehicle Group, Inc."
0002076163,BRR,"ProCap Financial, Inc."
0000050471,TRAK,"ReposiTrak, Inc."
0001515964,GORO,Goldgroup Mining Inc.
0001725569,GARLF,Roxmore Resources Inc.
0001852767,MRT,"Marti Technologies, Inc."
0001887944,SHIM,Shimmick Corp
0001636422,HCAT,"Health Catalyst, Inc."
0001638097,ENTX,Entera Bio Ltd.
0001175596,AXREF,AMARC RESOURCES LTD
0001897463,TONT,Graf Global Corp.
0001786286,DPRO,Draganfly Inc.
0002089536,CEPS,"Cantor Equity Partners VI, Inc."
0001836754,LGCY,Legacy Education Inc.
0001945415,HUHU,HUHUTECH International Group Inc.
0001328409,WRIV,WHITE RIVER BANCSHARES CO
0001616885,RVLGF,Revival Gold Inc.
0001843714,ZPTA,"Zapata Quantum, Inc."
0002063816,INAC,Indigo Acquisition Corp.
0002047148,CTW,CTW Cayman
0001084765,RGP,"RESOURCES CONNECTION, INC."
0000830487,MHF,WESTERN ASSET MUNICIPAL HIGH INCOME FUND INC.
0001299969,CHCI,"Comstock Holding Companies, Inc."
0002075336,YCY,AA Mission Acquisition Corp. II
0001958389,HYDTF,Hydreight Technologies Inc.
0001200375,CDXS,"CODEXIS, INC."
0001657642,SLBK,"Skyline Bankshares, Inc."
0001873923,ONL,Orion Properties Inc.
0000830622,PIM,PUTNAM MASTER INTERMEDIATE INCOME TRUST
0001780652,CAN,Canaan Inc.
0001801661,FIRY,Firy Inc.
0001787400,NKTX,"Nkarta, Inc."
0001816708,OWLT,"Owlet, Inc."
0001703647,KRRO,"Korro Bio, Inc."
0001397616,SSVFF,SOUTHERN SILVER EXPLORATION CORP
0000924719,SMID,SMITH MIDLAND CORP
0001600641,DIBS,"1stdibs.com, Inc."
0001075880,KZIA,KAZIA THERAPEUTICS LTD
0001745114,MOLN,MOLECULAR PARTNERS AG
0001642380,IMDX,Insight Molecular Diagnostics Inc.
0001077688,HOFT,HOOKER FURNISHINGS Corp
0002119322,DMRC,Digimarc Corp
0001407583,BHLL,Bunker Hill Mining Corp.
0001702123,CRDL,Cardiol Therapeutics Inc.
0000799165,DWSN,DAWSON GEOPHYSICAL CO
0000904112,MSD,MORGAN STANLEY EMERGING MARKETS DEBT FUND INC
0002093524,APUR,Aperture AC
0001855447,TYGO,"TIGO ENERGY, INC."
0001530766,STEX,Streamex Corp.
0002125551,ALPX,Alpex Acquisition Corp
0001861657,CNTN,"Canton Strategic Holdings, Inc."
0002085485,TRAD,APEX Tech Acquisition Inc.
0002022059,AGMRF,"Silver Mountain Resources, Inc."
0001598981,SKYX,SKYX Platforms Corp.
0000868578,PFD,FLAHERTY & CRUMRINE PREFERRED & INCOME FUND INC
0002001794,CIGL,Concorde International Group Ltd.
0002097288,BHAV,BHAV Acquisition Corp
0001480170,BEOB,BEO BANCORP
0001619856,CRBU,"Caribou Biosciences, Inc."
0002080087,MYX,Maywood Acquisition Corp. 2
0000104894,ELME,Elme Communities
0001171759,RRGB,RED ROBIN GOURMET BURGERS INC
0002088103,XFLH,XFLH Capital Corp
0001776909,CURI,CuriosityStream Inc.
0002027815,BMHL,Bluemount Holdings Ltd
0000740806,FMBM,F&M BANK CORP
0000105319,WW,"WW INTERNATIONAL, INC."
0001227636,STIM,"Neuronetics, Inc."
0001777393,CHPT,"ChargePoint Holdings, Inc."
0000891038,MPA,BLACKROCK MUNIYIELD PENNSYLVANIA QUALITY FUND
0001482436,AGXPF,SILVER X MINING CORP.
0001951276,SRBK,"SR Bancorp, Inc."
0002065661,PLUN,Plutonian Acquisition Corp. II
0000095953,ACNT,ASCENT INDUSTRIES CO.
0001823406,AFBI,"Affinity Bancshares, Inc."
0000897802,SPE,"SPECIAL OPPORTUNITIES FUND, INC."
0001746466,EQ,"Equillium, Inc."
0001762417,DOYU,DouYu International Holdings Ltd
0002019793,SAFX,"XCF Global, Inc."
0002007846,JLHL,Julong Holding Ltd
0001766140,UNCY,"Unicycive Therapeutics, Inc."
0002091712,RFAM,RF Acquisition Corp III
0002098669,UAC,United Acquisition Corp. I
0001967621,ATGL,Alpha Technology Group Ltd
0001498382,HURA,"TuHURA Biosciences, Inc./NV"
0001750777,HWKE,"Hawkeye Systems, Inc."
0001774857,AARD,"Aardvark Therapeutics, Inc."
0000034067,BOOM,DMC Global Inc.
0001857190,NYXH,Nyxoah SA
0001853889,KGFMF,Kingfisher Metals Corp.
0000740664,RFIL,R F INDUSTRIES LTD
0002083143,SCPQ,Social Commerce Partners Corp
0001552198,WHF,"WhiteHorse Finance, Inc."
0001437925,MRDN,Meridian Holdings Inc./NV
0001979408,STLRF,STLLR Gold Inc.
0001408443,MIST,Milestone Pharmaceuticals Inc.
0001235912,CVRX,"CVRx, Inc."
0001504234,BGX,Blackstone Long-Short Credit Income Fund
0001771910,ADCT,ADC Therapeutics SA
0001628063,SRG,Seritage Growth Properties
0002037400,CAAS,"China Automotive Systems, Inc."
0001059142,GHI,Greystone Housing Impact Investors LP
0001753368,SANG,Sangoma Technologies Corp
0002059653,LSBK,"Lake Shore Bancorp, Inc. /MD/"
0001987363,WTF,Waton Financial Ltd
0001438893,GNT,"GAMCO Natural Resources, Gold & Income Trust"
0000315374,HURC,HURCO COMPANIES INC
0001644540,SRGXF,Surge Copper Corp
0001098146,PNBK,PATRIOT NATIONAL BANCORP INC
0001697818,AMBR,Amber International Holding Ltd
0001578453,DLNG,Dynagas LNG Partners LP
0001000230,OCC,OPTICAL CABLE CORP
0001762303,RCEL,"AVITA Medical, Inc."
0001231457,GNLX,GENELUX Corp
0001794783,SLQT,"SelectQuote, Inc."
0001497186,HYI,Western Asset High Yield Opportunity Fund Inc.
0000009521,BCV,BANCROFT FUND LTD
0002081690,VECA,Vernal Capital Acquisition Corp.
0001514860,GCUMF,Gunnison Copper Corp.
0001620737,OGI,ORGANIGRAM GLOBAL INC.
0001719406,NRXP,"NRX Pharmaceuticals, Inc."
0000072444,VXRT,"Vaxart, Inc."
0001532383,VNJA,VANJIA CORP
0001437213,CCNB,"Coastal Carolina Bancshares, Inc."
0001006655,EPM,EVOLUTION PETROLEUM CORP
0001803914,PLBY,"Playboy, Inc."
0001828377,FTCO,Fortitude Gold Corp
0001723069,TLSA,Tiziana Life Sciences Ltd
0001641489,VTVT,vTv Therapeutics Inc.
0001835268,CNTB,Connect Biopharma Holdings Ltd
0001114936,UMEW,UMeWorld Inc.
0001472326,GRO,Brazil Potash Corp.
0001845437,NPWR,NET Power Inc.
0001374339,PMN,ProMIS Neurosciences Inc.
0002121703,FXAC,FortuneX Acquisition Corp
0001679268,TUSK,"MAMMOTH ENERGY SERVICES, INC."
0000759866,JHS,JOHN HANCOCK INCOME SECURITIES TRUST
0001971115,RYDE,Ryde Group Ltd
0001074828,USBC,"USBC, Inc."
0001337090,SPAUF,SPANISH MOUNTAIN GOLD LTD.
0001500435,GPRO,"GoPro, Inc."
0002028355,IPEX,Inflection Point Acquisition Corp. V
0001289340,STXS,"Stereotaxis, Inc."
0001982518,SDHC,Smith Douglas Homes Corp.
0001872061,VLTLF,Volt Lithium Corp.
0001870833,RMMZ,"RiverNorth Managed Duration Municipal Income Fund II, Inc."
0001275101,BOTJ,BANK OF THE JAMES FINANCIAL GROUP INC
0001285650,CGO,CALAMOS GLOBAL TOTAL RETURN FUND
0000913277,CLAR,Clarus Corp
0001332551,ACR,ACRES Commercial Realty Corp.
0001808805,NAUT,"Nautilus Biotechnology, Inc."
0001662684,KULR,"KULR Technology Group, Inc."
0001865107,AKA,A.K.A. BRANDS HOLDING CORP.
0000006207,AXR,AMREP CORP.
0001583962,KTGDF,K2 Gold Corp
0001305767,PHD,"Pioneer Floating Rate Fund, Inc."
0001891101,BRCC,BRC Inc.
0001337068,MGYR,"Magyar Bancorp, Inc."
0000779336,IAF,"ABRDN AUSTRALIA EQUITY FUND, INC."
0001468327,RENT,"Rent the Runway, Inc."
0001692427,NCSM,"NCS Multistage Holdings, Inc."
0001835597,PEPG,PepGen Inc.
0001726445,SEER,"Seer, Inc."
0001854139,ZVIA,Zevia PBC
0001013880,TTEC,"TTEC Holdings, Inc."
0002073153,HYNE,"Hoyne Bancorp, Inc."
0001843973,FLYX,FLYEXCLUSIVE INC.
0001770501,VENU,Venu Holding Corp
0001674335,JELD,"JELD-WEN Holding, Inc."
0001836775,TNYZF,Tiny Ltd.
0001518461,AMPG,"AmpliTech Group, Inc."
0001404353,WPGCF,West Point Gold Corp.
0001612630,JYNT,JOINT Corp
0001325702,MX,MAGNACHIP SEMICONDUCTOR Corp
0001980845,ENGN,enGene Therapeutics Inc.
0001683553,SPRB,"SPRUCE BIOSCIENCES, INC."
0001289868,MCN,XAI Madison Equity Premium Income Fund
0001937891,AMCI,AMC Robotics Corp
0002030829,PGAC,PANTAGES CAPITAL ACQUISITION Corp
0000715446,ANIX,Anixa Biosciences Inc
0002046656,HCHL,Happy City Holdings Ltd
0001478102,DMO,Western Asset Mortgage Opportunity Fund Inc.
0000737875,FKYS,FIRST KEYSTONE CORP
0001340476,DRTTF,DIRTT ENVIRONMENTAL SOLUTIONS LTD
0001334325,CODA,"Coda Octopus Group, Inc."
0002098707,BRKH,Burtech Acquisition Corp II
0001724755,GHG,GreenTree Hospitality Group Ltd.
0001481028,HYSR,"SUNHYDROGEN, INC."
0001748137,NEOV,NeoVolta Inc.
0001649096,CLPR,Clipper Realty Inc.
0002024459,CHAR,Charlton Aria Acquisition Corp
0002047235,WSBK,"Winchester Bancorp, Inc./MD/"
0001524025,TLYS,"TILLY'S, INC."
0001845123,ANNA,"AleAnna, Inc."
0001438461,ELRE,Yinfu Gold Corp.
0001919182,UTKN,Universal Token
0001787414,BSBK,Bogota Financial Corp.
0001930021,HOVR,New Horizon Aircraft Ltd.
0000883975,MBOT,Microbot Medical Inc.
0000811211,UNIB,UNIVERSITY BANCORP INC /DE/
0001645460,CUE,"Cue Biopharma, Inc."
0000890119,NIM,NUVEEN SELECT MATURITIES MUNICIPAL FUND
0001997403,ZENA,"ZenaTech, Inc."
0001364954,CHGG,"CHEGG, INC"
0001287098,MXCT,"MAXCYTE, INC."
0001743102,JFIN,Jiayin Group Inc.
0001580110,LBCMF,Copper Giant Resources Corp.
0001022652,INSG,INSEEGO CORP.
0002075320,PLYX,"Polaryx Therapeutics, Inc."
0001811931,APGOF,Apollo Silver Corp
0001871638,BZAI,"Blaize Holdings, Inc."
0001790538,SCTSF,Scottie Resources Corp.
0002070900,QUMS,Quantumsphere Acquisition Corp
0000075398,PAI,Western Asset Investment Grade Income Fund Inc.
0001448431,OPRX,OptimizeRx Corp
0001158172,SCOR,"COMSCORE, INC."
0001006837,VATE,INNOVATE Corp.
0001010470,PROV,PROVIDENT FINANCIAL HOLDINGS INC
0001953366,STHO,Star Holdings
0001266806,VANI,"Vivani Medical, Inc."
0001555980,FPRGF,Falco Resources Ltd.
0000798081,LAKE,LAKELAND INDUSTRIES INC
0001572616,GUTS,"FRACTYL HEALTH, INC."
0001275158,NDLS,NOODLES & Co
0001779578,BGM,BGM Group Ltd.
0001681348,VIVO,VivoPower PLC
0001274737,XGN,EXAGEN INC.
0001941536,BAER,"Bridger Aerospace Group Holdings, Inc."
0001438943,RNGE,"RANGE IMPACT, INC."
0001482541,BNC,CEA Industries Inc.
0001541119,SFBC,"Sound Financial Bancorp, Inc."
0001856725,RANI,"Rani Therapeutics Holdings, Inc."
0002023730,HDRN,"Hadron Energy, Inc."
0001556727,FNWB,First Northwest Bancorp
0001956648,NOEM,CO2 Energy Transition Corp.
0001463000,GRUSF,Grown Rogue International Inc.
0002047455,QSEA,Quartzsea Acquisition Corp
0001866757,BRLT,"Brilliant Earth Group, Inc."
0000882300,SBI,WESTERN ASSET INTERMEDIATE MUNI FUND INC.
0001477960,LMED,LataMed AI Corp.
0000706863,UNB,UNION BANKSHARES INC
0000738214,AMTX,"AEMETIS, INC"
0001041368,RVSB,RIVERVIEW BANCORP INC
0000055529,KEQU,KEWAUNEE SCIENTIFIC CORP /DE/
0001163389,NWPP,NEW PEOPLES BANKSHARES INC
0001621888,CFSU,Complete Financial Solutions Inc.
0001413119,KBLB,"Kraig Biocraft Laboratories, Inc."
0002012706,SUNS,"Sunrise Realty Trust, Inc."
0001659494,COE,51Talk Online Education Group
0001940177,PODC,"PodcastOne, Inc."
0001429260,FBIO,"Fortress Biotech, Inc."
0001932770,HERE,Here Group Ltd
0001380106,RPID,"RAPID MICRO BIOSYSTEMS, INC."
0002024460,CHPG,ChampionsGate Acquisition Corp
0001947244,USGO,U.S. GoldMining Inc.
0001526475,NICM,NICOLA MINING INC.
0000084112,RSKIA,"GEORGE RISK INDUSTRIES, INC."
0001514597,FURY,FURY GOLD MINES LTD
0001582982,CCLD,"CareCloud, Inc."
0000770460,PFBX,PEOPLES FINANCIAL CORP /MS/
0001460329,FLNT,"Fluent, Inc."
0001609065,PBHC,"Pathfinder Bancorp, Inc."
0001921582,LGCXF,Lahontan Gold Corp.
0001834032,CSTAF,Constellation Acquisition Corp I
0001941506,ZJK,"ZJK Industrial Co., Ltd."
0001684505,XTRAF,Xtract One Technologies Inc.
0001839140,RVRC,Revium Rx.
0001982961,EGG,ENIGMATIG LTD
0001354866,BYRN,Byrna Technologies Inc.
0001713863,RFL,"Rafael Holdings, Inc."
0000811641,ICCC,IMMUCELL CORP /DE/
0001884046,SPKL,Spark I Acquisition Corp
0001615165,VERI,"Veritone, Inc."
0001482554,HFUS,"Hartford Creative Group, Inc."
0001702924,WRAP,"WRAP TECHNOLOGIES, INC."
0002079720,BUDA,"BUDA JUICE, INC."
0001495320,VRA,"Vera Bradley, Inc."
0001537435,TGEN,TECOGEN INC.
0000887396,EP,EMPIRE PETROLEUM CORP
0002034723,YDDL,One & one Green Technologies. INC
0000810943,PCF,HIGH INCOME SECURITIES FUND
0001087294,CPIX,CUMBERLAND PHARMACEUTICALS INC
0002137777,RACD,Research Alliance Corp IV
0001828972,BZFD,"BuzzFeed, Inc."
0001351636,SSTI,"SOUNDTHINKING, INC."
0001944712,BIYA,Baiya International Group Inc.
0002112457,AMAN,Amanat Acquisition Corp.
0001903382,BHM,"Bluerock Homes Trust, Inc."
0001859795,NVX,NOVONIX Ltd
0001868640,RDZN,Roadzen Inc.
0001919246,PTHS,Pelthos Therapeutics Inc.
0001610853,HSDT,Solana Co
0001006830,CBKM,CONSUMERS BANCORP INC /OH/
0001614806,RPT,Rithm Property Trust Inc.
0001961847,INHD,INNO HOLDINGS INC.
0001001500,LMRXF,LARAMIDE RESOURCES LTD
0001835022,COYA,"Coya Therapeutics, Inc."
0001746967,RMI,"RiverNorth Opportunistic Municipal Income Fund, Inc."
0001701541,BDTX,"Black Diamond Therapeutics, Inc."
0002112446,JATT,JATT II Acquisition Corp.
0000898171,UWHR,UWHARRIE CAPITAL CORP
0001446159,AGPU,Axe Compute Inc.
0001176334,MMLP,MARTIN MIDSTREAM PARTNERS L.P.
0000751365,VIRC,VIRCO MFG CORPORATION
0001001115,GEOS,GEOSPACE TECHNOLOGIES CORP
0001120370,BWEN,"BROADWIND, INC."
0001925511,NZAUF,Rua Gold Inc.
0001472215,JLS,Nuveen Mortgage & Income Fund/MA/
0002093507,GLND,Greenland Energy Co
0000877019,GGOXF,Galleon Gold Corp.
0001341235,ALDX,"Aldeyra Therapeutics, Inc."
0001462586,IGI,Western Asset Investment Grade Opportunity Trust Inc.
0001001171,BYFC,BROADWAY FINANCIAL CORP \DE\
0001792267,BNR,Burning Rock Biotech Ltd
0001835654,INVZ,Innoviz Technologies Ltd.
0000818033,HRTX,"HERON THERAPEUTICS, INC. /DE/"
0002012726,FDSB,"Fifth District Bancorp, Inc."
0002049248,LCCC,Lakeshore Acquisition III Corp.
0001833769,HYPR,"Hyperfine, Inc."
0001660334,VRCA,Verrica Pharmaceuticals Inc.
0001984124,LUD,Luda Technology Group Ltd
0001496690,BCRD,"BlueOne Technologies, Inc."
0001374328,FTLF,"FITLIFE BRANDS, INC."
0001749723,NFE,New Fortress Energy Inc.
0001288855,OPHC,"OptimumBank Holdings, Inc."
0002012807,RFAI,RF Acquisition Corp II
0000717806,FUSB,"FIRST US BANCSHARES, INC."
0001801417,BYNO,byNordic Acquisition Corp
0001997711,LPA,Logistic Properties of the Americas
0001979414,NTHI,"NEONC TECHNOLOGIES HOLDINGS, INC."
0001385632,IAE,Voya Asia Pacific High Dividend Equity Income Fund
0000750574,AUBN,"AUBURN NATIONAL BANCORPORATION, INC"
0000845611,GCV,GABELLI CONVERTIBLE & INCOME SECURITIES FUND INC
0001070732,EVF,Eaton Vance Senior Income Trust
0001066684,TGLO,THEGLOBE COM INC
0001855557,HLP,Hongli Group Inc.
0001043186,SLNG,"Stabilis Solutions, Inc."
0000071557,NUVR,"Nuvera Communications, Inc."
0002109876,MCAH,Mountain Crest Acquisition 6 Corp.
0001917599,EDVR,Endeavor Bancorp
0000731653,UBCP,UNITED BANCORP INC /OH/
0002014982,SIMA,SIM Acquisition Corp. I
0001790177,RFM,"RiverNorth Flexible Municipal Income Fund, Inc."
0002044523,ORIQ,Origin Investment Corp I
0002077033,MMTX,Miluna Acquisition Corp
0001562151,CWGL,"Crimson Wine Group, Ltd"
0000072205,NOBH,NOBILITY HOMES INC
0000065770,MVIS,"MICROVISION, INC."
0001129928,ONCY,ONCOLYTICS BIOTECH INC
0000912764,KSBI,KS BANCORP INC
0001597835,CMCM,Cheetah Mobile Inc.
0001372807,BCIC,BCP Investment Corp
0001849296,OKYO,OKYO Pharma Ltd
0000868822,CRCUF,Canagold Resources Ltd.
0001864597,AURFF,Tincorp Metals Inc.
0001576159,BDCTF,BuildDirect.com Technologies Inc.
0001484612,OM,"Outset Medical, Inc."
0001818093,SKIN,SkinHealth Systems Inc.
0001819258,FTZFF,Fitzroy Minerals Inc.
0002088626,PECE,Peace Acquisition Corp.
0001604868,GRWG,GrowGeneration Corp.
0001384831,SNNGF,PPX Mining Corp.
0000949961,IOR,INCOME OPPORTUNITY REALTY INVESTORS INC /TX/
0001199004,FMN,Federated Hermes Premier Municipal Income Fund
0001840439,BMEA,"Biomea Fusion, Inc."
0000875657,ULBI,ULTRALIFE CORP
0001697851,REKR,"Rekor Systems, Inc."
0001339688,LCGMF,LION COPPER & GOLD CORP.
0001390352,ORRCF,OROCO RESOURCE CORP
0000072633,NRT,NORTH EUROPEAN OIL ROYALTY TRUST
0001684144,ZOMDF,Zomedica Corp.
0002026767,ALIS,Calisa Acquisition Corp
0001515156,ARQ,"Arq, Inc."
0002077709,ROC,Rank One Computing Corp
0001965052,MGTE,Marblegate Capital Corp
0001571776,CHMI,Cherry Hill Mortgage Investment Corp
0001739410,RLYB,Rallybio Corp
0000773717,ACRG,"American Clean Resources Group, Inc."
0002009312,PUSA,Aureus Greenway Holdings Inc
0001546383,JXG,JX Luxventure Group Inc.
0001720580,ACET,"Adicet Bio, Inc."
0001856031,SEAT,Vivid Seats Inc.
0001754068,KLRS,"Kalaris Therapeutics, Inc."
0000714712,JUVF,JUNIATA VALLEY FINANCIAL CORP
0001819574,BARK,"Bark, Inc."
0001979332,CPBI,"Central Plains Bancshares, Inc."
0001490349,PFX,PhenixFIN Corp
0002010653,FVN,Future Vision II Acquisition Corp.
0001946573,NAKA,Nakamoto Inc.
0002024306,JFB,JFB Construction Holdings
0001909747,JUSHF,Jushi Holdings Inc.
0001971532,TELO,"Telomir Pharmaceuticals, Inc."
0001936224,SRFM,SURF AIR MOBILITY INC.
0001863218,SFWL,SHENGFENG DEVELOPMENT Ltd
0002036973,UYSC,UY Scuti Acquisition Corp.
0002069604,PARK,"Park Dental Partners, Inc."
0000939930,PYYX,"PYXUS INTERNATIONAL, INC."
0001335105,NMAD,"NOMAD POWER SOLUTIONS, INC."
0001966233,NIPG,NIP Group Inc.
0002043630,APAC,StoneBridge Acquisition II Corp
0001528811,VGI,Virtus Global Multi-Sector Income Fund
0001884516,DTI,Drilling Tools International Corp
0002011208,SPAI,Safe Pro Group Inc.
0001579157,VNCE,VINCE HOLDING CORP.
0002083526,MWC,"Micware Co., Ltd."
0002076192,WSTN,Westin Acquisition Corp
0001456189,LEAT,Leatt Corp
0001971828,ENGS,Energys Group Ltd
0001611842,PYPD,PolyPid Ltd.
0001577783,SIREF,Sirios Resources Inc.
0001728117,GOSS,"Gossamer Bio, Inc."
0001915328,ISRLF,Israel Acquisitions Corp
0001131343,ATHE,ALTERITY THERAPEUTICS LTD
0000318833,TISI,TEAM INC
0002015502,LPAA,Launch One Acquisition Corp.
0001397016,OPXS,Optex Systems Holdings Inc
0000849146,LFVN,Lifevantage Corp
0001936804,SDA,SunCar Technology Group Inc.
0001672909,CPHC,Canterbury Park Holding Corp
0000806172,SOTK,SONO TEK CORP
0001680873,HFFG,HF Foods Group Inc.
0001953988,HLEO,Helio Corp /FL/
0001829794,EMPD,Empery Digital Inc.
0001861841,ARBE,Arbe Robotics Ltd.
0001455365,CGTX,COGNITION THERAPEUTICS INC
0000879535,DTF,DTF TAX-FREE INCOME 2028 TERM FUND INC
0001819253,BTMD,biote Corp.
0001534969,SERA,"SERA PROGNOSTICS, INC."
0002051587,BSAA,BEST SPAC I Acquisition Corp.
0001948455,ISPR,Ispire Technology Inc.
0001943802,FSEA,"First Seacoast Bancorp, Inc."
0000912967,FBSI,FIRST BANCSHARES INC /MO/
0002034520,GIBO,GIBO HOLDINGS Ltd
0001540684,ATLX,Atlas Lithium Corp
0001993400,FATN,Fatpipe Inc/UT
0001845550,PLMJF,Plum Acquisition Corp. III
0000356037,CSPI,CSP INC /MA/
0001756390,AAWH,"Ascend Wellness Holdings, Inc."
0001904501,ZTEK,Zentek Ltd.
0000054187,MAYS,MAYS J W INC
0001781162,MNTS,Momentus Inc.
0001838163,BNAI,Brand Engagement Network Inc.
0001823878,MYPS,"PLAYSTUDIOS, Inc."
0001933567,NRXS,"Neuraxis, INC"
0002059165,SSEA,STARRY SEA ACQUISITION CORP
0001288795,GLV,Clough Global Dividend & Income Fund
0001575793,WATT,Energous Corp
0001123267,HANNF,Hannan Metals Ltd.
0001866501,WBX,Wallbox N.V.
0000016859,SRL,Scully Royalty Ltd.
0001892747,VMCAF,Valuence Merger Corp. I
0000875582,NTIC,NORTHERN TECHNOLOGIES INTERNATIONAL CORP
0001687451,ZKIN,"ZK International Group Co., Ltd."
0000814676,CPSH,CPS TECHNOLOGIES CORP/DE/
0001145255,HNNA,HENNESSY ADVISORS INC
0002011458,ZTG,Zenta Group Co Ltd
0001784254,MDIA,Mediaco Holding Inc.
0001604464,ATRA,"Atara Biotherapeutics, Inc."
0001549966,SAMG,Silvercrest Asset Management Group Inc.
0001506929,VRDR,"VERDE RESOURCES, INC."
0000707605,ASRV,AMERISERV FINANCIAL INC /PA/
0000924383,GNSS,Genasys Inc.
0001288770,XTGRF,XTRA-GOLD RESOURCES CORP
0001224133,MCHX,MARCHEX INC
0001956741,ZONE,"CleanCore Solutions, Inc."
0000930245,AASP,Agassi Sports Entertainment Corp.
0002053927,WTG,Wintergreen Acquisition Corp.
0000771856,CSBR,"CHAMPIONS ONCOLOGY, INC."
0001805526,DFDV,DeFi Development Corp.
0001734520,ALYAF,Alithya Group inc
0001878313,MAIA,"MAIA Biotechnology, Inc."
0001429764,BLNK,Blink Charging Co.
0000711034,THMG,THUNDER MOUNTAIN GOLD INC
0000795800,NEXM,NexMetals Mining Corp.
0000353184,AIRT,AIR T INC
0001918414,NBRG,Newbridge Acquisition Ltd
0001836295,RTGN,RetinalGenix Technologies Inc.
0000791718,EEA,"EUROPEAN EQUITY FUND, INC / MD"
0001852016,AEAE,AltEnergy Acquisition Corp
0000942895,REDW,REDWOOD FINANCIAL INC /MN/
0001272842,AIRG,AIRGAIN INC
0002064177,BPAC,Blueport Acquisition Ltd
0001851959,CNDA,Concord Acquisition Corp II
0001985139,LSE,"Leishen Energy Holding Co., Ltd."
0001594856,VMXXF,VALHALLA METALS INC.
0001477845,ANVS,"Annovis Bio, Inc."
0001731388,EDRY,EuroDry Ltd.
0001601485,ELTX,"Elicio Therapeutics, Inc."
0001847874,BEEP,Mobile Infrastructure Corp
0001386301,RSSS,"Research Solutions, Inc."
0002026514,NAMM,Namib Minerals
0001133311,TZOO,TRAVELZOO
0001838716,GNTA,Genenta Science S.p.A.
0001751707,OZVN,OZ VISION INC.
0001040896,IDN,"Intellicheck, Inc."
0001861795,DH,Definitive Healthcare Corp.
0001607997,NMS,Nuveen Minnesota Quality Municipal Income Fund
0002044255,ANTA,Antalpha Platform Holding Co
0001171326,EUBG,ENTREPRENEUR UNIVERSE BRIGHT GROUP
0002019505,HIT,"Health In Tech, Inc."
0002051380,PEW,GrabAGun Digital Holdings Inc.
0001632121,BLNC,"Balance Labs, Inc."
0001362190,AEYE,AUDIOEYE INC
0001716951,OCCI,"OFS Credit Company, Inc."
0001819411,GANX,"Gain Therapeutics, Inc."
0001577445,ODYS,Odysight.ai Inc.
0001127537,LUNG,Pulmonx Corp
0001437283,RPMT,"REGO PAYMENT ARCHITECTURES, INC."
0001420720,IBIO,"iBio, Inc."
0001826889,BODI,"Beachbody Company, Inc."
0001884122,VCUFF,Vizsla Copper Corp.
0000927719,DWNX,DELHI BANK CORP
0001769731,AMTD,AMTD IDEA GROUP
0001843724,LNZA,"LanzaTech Global, Inc."
0001425355,SUIG,SUI Group Holdings Ltd.
0001675033,GECC,Great Elm Capital Corp.
0001074692,CEV,Eaton Vance California Municipal Income Trust
0001868395,YIBO,Planet Image International Ltd
0000785557,DLHC,DLH Holdings Corp.
0001504379,CSTE,Caesarstone Ltd.
0001983736,GOAI,Eva Live Inc
0001703644,GPMT,Granite Point Mortgage Trust Inc.
0001690080,FRMM,FORUM MARKETS Inc
0001500375,HFBL,"Home Federal Bancorp, Inc. of Louisiana"
0001738699,WKEY,Wisekey International Holding S.A.
0001786471,SEV,Aptera Motors Corp
0001853825,DTCX,"Datacentrex, Inc."
0001755058,AUC,ATIF Holdings Ltd
0001846235,IMAQ,International Media Acquisition Corp.
0001795091,OSTX,OS Therapies Inc
0002014337,NPT,Texxon Holding Ltd
0002055116,KG,Kestrel Group Ltd
0000832370,EAXR,"Ealixir, Inc."
0001814423,IH,iHuman Inc.
0001831096,GEG,"Great Elm Group, Inc."
0001133062,JANL,JANEL CORP
0001427925,TLPH,"TALPHERA, INC."
0001533998,DRIO,DarioHealth Corp.
0001701108,SPRO,"Spero Therapeutics, Inc."
0002025774,ALPS,Alps Group Inc
0001162896,PROP,Prairie Operating Co.
0001795251,NNOX,Nano-X Imaging Ltd.
0001765850,AURE,Aurelion Inc.
0001849867,CLST,"Catalyst Bancorp, Inc."
0001877939,CTM,"Castellum, Inc."
0000018255,CATO,CATO CORP
0001737319,CUAUF,C3 Metals Inc.
0001557523,PGZ,Principal Real Estate Income Fund
0001454938,TEAD,Teads Holding Co.
0001291855,SPCB,SuperCom Ltd
0001626878,XBIT,XBiotech Inc.
0001523289,DMA,Destra Multi-Alternative Fund
0001891856,GENK,"GEN Restaurant Group, Inc."
0000727510,ENZN,"Viskase Holdings, Inc."
0001103795,QSEP,"QS Energy, Inc."
0001620463,LONA,"LeonaBio, Inc."
0001296774,NCTY,The9 LTD
0000065596,SIEB,SIEBERT FINANCIAL CORP
0000091668,SODI,SOLITRON DEVICES INC
0001288268,IMTCF,Intrepid Metals Corp.
0001720446,ZEPP,Zepp Health Corp
0001881592,NSTS,"NSTS Bancorp, Inc."
0001720250,KNDI,"Kandi Technologies Group, Inc."
0001781174,ACRV,"Acrivon Therapeutics, Inc."
0001627868,NCAUF,Newcore Gold Ltd.
0001213037,CRDF,"Cardiff Oncology, Inc."
0000793306,BDCO,BLUE DOLPHIN ENERGY CO
0002029471,HMR,Heidmar Maritime Holdings Corp.
0001947210,ROLR,"High Roller Technologies, Inc."
0002030277,LFS,"LEIFRAS Co., Ltd."
0001226616,MNOV,MEDICINOVA INC
0001839799,GRSD,GRANDSTAND Ltd
0001462418,ASPS,ALTISOURCE PORTFOLIO SOLUTIONS S.A.
0002027265,MB,MASTERBEEF GROUP
0001889983,KVAC,Keen Vision Acquisition Corp.
0001822359,DCGO,DocGo Inc.
0001746473,PLRX,"PLIANT THERAPEUTICS, INC."
0001069394,FSI,FLEXIBLE SOLUTIONS INTERNATIONAL INC
0000828146,LINK,INTERLINK ELECTRONICS INC
0001774675,SKIL,Skillsoft Corp.
0001605888,CIRC,CIRCLE8 GROUP INC
0001807765,PMVC,PMV Consumer Acquisition Corp.
0001036044,INVE,"Identiv, Inc."
0001862150,CING,Cingulate Inc.
0001838987,SPWR,SunPower Inc.
0001310488,BFNH,"BIOFORCE NANOSCIENCES HOLDINGS, INC."
0001509745,CYPH,CYPHERPUNK TECHNOLOGIES INC.
0001822791,CLNN,Clene Inc.
0001835579,IMA,"ImageneBio, Inc."
0001706524,FLZH,"Flash Sports & Media Holdings, Inc."
0001750155,CWBHF,"Charlotte's Web Holdings, Inc."
0001975641,ZYBT,Zhengye Biotechnology Holding Ltd
0001420565,RNTX,"Rein Therapeutics, Inc."
0002016337,PTLE,PTL Ltd
0001874875,HOUR,"Hour Loop, Inc"
0001972234,VHUB,"VenHub Global, Inc."
0001499780,GLBS,GLOBUS MARITIME LTD
0001962481,BOF,BranchOut Food Inc.
0001507957,IPWR,Ideal Power Inc.
0000881787,CRT,CROSS TIMBERS ROYALTY TRUST
0001644771,RSF,"RiverNorth Capital & Income Fund, Inc."
0002031688,ANPA,Rich Sparkle Holdings Ltd
0001698022,FMFG,"Farmers & Merchants Bancshares, Inc."
0001320350,LNSR,"LENSAR, Inc."
0001491419,LVO,"LiveOne, Inc."
0000027367,DXR,DAXOR CORP
0001023109,CVVUF,CANALASKA URANIUM LTD
0001822523,AFCG,Advanced Flower Capital Inc.
0001360565,WFCF,"Where Food Comes From, Inc."
0001088034,USIO,"Usio, Inc."
0001715925,HYFT,MindWalk Holdings Corp.
0001927719,CRGO,Freightos Ltd
0000844985,POSC,POSITRON CORP
0001474903,BGSF,"BGSF, INC."
0001898643,MOB,Mobilicom Ltd
0001998043,PDCC,Pearl Diver Credit Co Inc.
0001517767,CCIF,Carlyle Credit Income Fund
0001400438,LGO,Largo Inc.
0001842566,AISP,"Airship AI Holdings, Inc."
0001699382,PMVP,"PMV Pharmaceuticals, Inc."
0000069422,INTG,INTERGROUP CORP
0000883107,SLSN,"SOLESENCE, INC."
0001851909,CDAQF,Compass Digital Acquisition Corp.
0001865506,ZEO,Zeo Energy Corp.
0000101594,BSIN,BIG SKY INDUSTRIAL INC.
0001490161,SOWG,Sow Good Inc.
0001453593,XTNT,"Xtant Medical Holdings, Inc."
0000923883,TLTFF,THERALASE TECHNOLOGIES INC /FI
0001840233,XLO,"Xilio Therapeutics, Inc."
0001658678,BSEM,"BioStem Technologies, Inc."
0001725123,CANG,Cango Inc.
0002049560,TUNGF,American Tungsten Corp.
0001495231,IZEA,"IZEA Worldwide, Inc."
0001035354,ELOX,"Eloxx Pharmaceuticals, Inc."
0001931055,MDNC,Medinotec Inc.
0002024203,CAPN,Cayson Acquisition Corp
0001562530,WTHVF,Westhaven Gold Corp.
0001026980,APWC,ASIA PACIFIC WIRE & CABLE CORP LTD
0001633369,CAST,"FreeCast, Inc."
0002002045,GCL,GCL Global Holdings Ltd
0001696558,JRSH,"Jerash Holdings (US), Inc."
0001529113,XTIA,"XTI Aerospace, Inc."
0001970743,RMXI,"RMX INDUSTRIES, INC."
0001994214,NOMA,Nomadar Corp.
0001031235,SELF,"Global Self Storage, Inc."
0001857030,INCR,Intercure Ltd.
0000101984,UEIC,UNIVERSAL ELECTRONICS INC
0001847846,EUDA,EUDA Health Holdings Ltd
0000797542,QXL,QUANTUM X LABS INC.
0000014177,BRID,BRIDGFORD FOODS CORP
0001886190,GGR,Gogoro Inc.
0000863900,MXE,MEXICO EQUITY & INCOME FUND INC
0000886136,SGA,SAGA COMMUNICATIONS INC
0001680637,NRRWF,Nuran Wireless Inc.
0001541190,SYHBF,SKYHARBOUR RESOURCES LTD
0001520048,PVL,Permianville Royalty Trust
0002094107,BSPA,"Ballston Spa Bancorp, Inc."
0000894871,AREN,"Arena Group Holdings, Inc."
0001024672,ELTK,ELTEK LTD
0001978057,TWG,Top Wealth Group Holding Ltd
0001399520,STKS,"ONE Group Hospitality, Inc."
0001173204,CNVS,Cineverse Corp.
0001782303,BOLD,"Boundless Bio, Inc."
0002048271,WSHP,WeShop Holdings Ltd
0001737995,SKYA,"SkyAI, Inc."
0001506184,IMMP,IMMUTEP Ltd
0001850059,FSHP,Flag Ship Acquisition Corp
0001839154,NKGFF,Nevada King Gold Corp.
0001954694,LGCL,Lucas GC Ltd
0001865429,OAKV,"Oak View Bankshares, Inc."
0000862861,AIFC,AI Financial Corp
0001775194,UPXI,"UPEXI, INC."
0001712178,NAAS,NaaS Technology Inc.
0000050292,IEHC,IEH Corp
0001711141,LEEEF,Leef Brands Inc.
0001907184,ELBM,Electra Battery Materials Corp
0000012239,DOMH,Dominari Holdings Inc.
0001523836,LITB,"LightInTheBox Holding Co., Ltd."
0001442492,LRDC,"Laredo Oil, Inc."
0001597095,TOUR,Tuniu Corp
0001851484,CTOR,"CITIUS ONCOLOGY, INC."
0000838131,JMM,Nuveen Multi-Market Income Fund
0001881551,STI,Solidion Technology Inc.
0001041859,PLCE,"Childrens Place, Inc."
0001844392,MRAI,"Marpai, Inc."
0001842952,CNTX,Context Therapeutics Inc.
0001877333,THCH,TH International Ltd
0001998781,IBAC,IB Acquisition Corp.
0001560258,ECOR,"electroCore, Inc."
0001467093,SRCRF,Scorpio Gold Corp
0002063863,ELWT,"Elauwit Connection, Inc."
0001725603,AUXXF,A2 Gold Corp.
0001230058,KANP,KAANAPALI LAND LLC
0001805651,MKTW,"MARKETWISE, INC."
0001818644,LIDR,"AEye, Inc."
0001743340,TC,Token Cat Ltd
0000943535,WHEN,"WORLD HEALTH ENERGY HOLDINGS, INC."
0001818844,DWTX,"Dogwood Therapeutics, Inc."
0001969928,TJGC,TJGC GROUP Ltd
0001719714,MREO,Mereo BioPharma Group plc
0001606242,VTIX,Virtuix Holdings Inc.
0002012600,RYOJ,"rYojbaba Co., Ltd."
0000844856,HCMC,Healthier Choices Management Corp.
0001516899,YTRA,"Yatra Online, Inc."
0001285170,ITMSF,INTERMAP TECHNOLOGIES CORP
0001417663,SNWV,"SANUWAVE Health, Inc."
0001840229,INKT,"MiNK Therapeutics, Inc."
0000839470,WWR,"WESTWATER RESOURCES, INC."
0002035016,RIBB,Ribbon Acquisition Corp.
0001742770,VIOT,"Viomi Technology Co., Ltd"
0001039280,NTWK,NETSOL TECHNOLOGIES INC
0001840877,COCH,"Envoy Medical, Inc."
0002053641,ETS,Elite Express Holding Inc.
0000946936,DSWL,DESWELL INDUSTRIES INC
0001778940,NRRSF,Norsemont Mining Inc.
0001113152,BEWFF,BEWHERE HOLDINGS INC
0001445942,TMRC,Texas Mineral Resources Corp.
0000884269,APT,ALPHA PRO TECH LTD
0001436229,BTCS,BTCS Inc.
0000716634,RDI,READING INTERNATIONAL INC
0001849466,TCBS,"Texas Community Bancshares, Inc."
0000861972,SRLZF,Salazar Resources Ltd
0001867834,BRAG,Bragg Gaming Group Inc.
0001134765,CHUC,"Charlie's Holdings, Inc."
0001901336,ALCYF,Alchemy Investments Acquisition Corp 1
0001566073,PGZFF,Pan Global Resources Inc.
0001999860,WYHG,Wing Yip Food Holdings Group Ltd
0001893899,WAMFF,Alaska Silver Corp.
0002000775,BKHA,Black Hawk Acquisition Corp
0001783407,SOGP,Sound Group Inc.
0001017303,TACT,TRANSACT TECHNOLOGIES INC
0002067767,NXB,NextBoat Inc.
0001903595,HODO,House of Doge Inc.
0001807887,LASE,Laser Photonics Corp
0000023197,CMTL,COMTECH TELECOMMUNICATIONS CORP /DE/
0001837493,QTEX,QTREX Quantum Ltd.
0001968043,NCEW,New Century Logistics (BVI) Ltd
0001723464,BHST,BIOHARVEST SCIENCES INC.
0001865111,ALSAF,Alpha Star Acquisition Corp
0001833498,MDAI,"Spectral AI, Inc."
0001378140,OPTT,"Ocean Power Technologies, Inc."
0002018462,PCLA,PicoCELA Inc.
0001973062,VIDA,VIDA Global Inc.
0000924396,CRSF,Crisp Momentum Inc.
0001895597,ICG,Intchains Group Ltd
0001319183,FMY,FIRST TRUST MORTGAGE INCOME FUND
0001769256,XHG,XChange TEC.INC
0001640043,PXS,Pyxis Tankers Inc.
0001783328,TCRX,"TScan Therapeutics, Inc."
0001069530,FLNA,"FILANA THERAPEUTICS, INC."
0002031009,KAZR,Skyline Builders Group Holding Ltd
0001789769,TIL,"Instil Bio, Inc."
0001091596,AURX,"Nuo Therapeutics, Inc."
0002000530,GMHS,Gamehaus Holdings Inc.
0001494891,SRTS,"Sensus Healthcare, Inc."
0001758766,STEM,"STEM, INC."
0002028201,COLA,Columbus Acquisition Corp/Cayman Islands
0001820190,SCLX,Scilex Holding Co
0001677940,BYSI,BeyondSpring Inc.
0001005101,MGLD,"Marygold Companies, Inc."
0001080340,LOAN,"MANHATTAN BRIDGE CAPITAL, INC"
0001991332,MKDW,MKDWELL Tech Inc.
0001031316,FSP,FRANKLIN STREET PROPERTIES CORP /MA/
0001939479,USPCY,China Strategic Technology Group Limited/ADR
0001339970,ATYR,aTYR PHARMA INC
0001711754,INMB,"Inmune Bio, Inc."
0000880984,ACFN,"ACORN ENERGY, INC."
0001784440,BHIC,"BioScience Health Innovations, Inc."
0002020987,YHNA,YHN Acquisition I Ltd
0001089872,GAIA,"GAIA, INC"
0001178253,SCYX,SCYNEXIS INC
0001106644,CPHI,"CHINA PHARMA HOLDINGS, INC."
0001678748,ISTKF,Intellistake Technologies Corp.
0001841425,VGAS,"Verde Clean Fuels, Inc."
0002038439,VWAV,"VisionWave Holdings, Inc."
0001328792,TPCS,TECHPRECISION CORP
0001609809,MCRB,"Seres Therapeutics, Inc."
0001834105,IBO,IMPACT BIOMEDICAL INC.
0001841761,GROV,"Grove Collaborative Holdings, Inc."
0002010499,DGNX,Diginex Ltd
0001775734,BENF,Beneficient
0001650696,LSF,"Laird Superfood, Inc."
0000926423,MIND,"MIND TECHNOLOGY, INC"
0001846715,WAVE,Eco Wave Power Global AB (publ)
0000910406,HAIN,HAIN CELESTIAL GROUP INC
0000867840,POCI,"PRECISION OPTICS CORPORATION, INC."
0001888654,FEAM,"5E Advanced Materials, Inc."
0001002366,REVFF,Gitennes Exploration Inc.
0001780201,LVLU,"Lulu's Fashion Lounge Holdings, Inc."
0000061004,LGL,LGL GROUP INC
0002010788,EXOZ,EXOZYMES INC.
0001785279,MGX,"Metagenomi Therapeutics, Inc."
0001757840,INDO,Indonesia Energy Corp Ltd
0002006413,DRYGF,Dryden Gold Corp.
0001487918,OFS,OFS Capital Corp
0001738827,KLXE,"KLX Energy Services Holdings, Inc."
0001132105,SPWH,"SPORTSMAN'S WAREHOUSE HOLDINGS, INC."
0000862651,INVU,"Investview, Inc."
0001993431,MCRP,Micropolis AI Robotics
0000723603,CULP,CULP INC
0001682241,MATH,Metalpha Technology Holding Ltd
0000718332,RAVE,"RAVE RESTAURANT GROUP, INC."
0002053456,TGE,Generation Essentials Group
0001856082,RDEXF,RPX Gold Inc.
0001817004,NXXT,"NEXTNRG, INC."
0001297341,KFFB,Kentucky First Federal Bancorp
0000846913,FTEK,"FUEL TECH, INC."
0001835385,MBBC,"Marathon Bancorp, Inc. /MD/"
0001723935,STG,Sunlands Technology Group
0001978528,QETA,Quetta Acquisition Corp
0001525306,FSTJ,First America Resources Corp
0001800392,MLGO,MicroAlgo Inc.
0001378950,PRTS,"CarParts.com, Inc."
0001587603,WNRS,"WINNERS, INC."
0002086841,CBAT,CBAK Energy Technology Ltd
0001872302,NA,Nano Labs Ltd
0001828161,FTCI,"FTC Solar, Inc."
0001665300,PHUN,"Phunware, Inc."
0001939965,SLMT,Brera Holdings PLC
0001992818,ZOOZ,ZOOZ Strategy Ltd.
0001538189,SMOFF,Sonoro Gold Corp.
0000864240,SYPR,SYPRIS SOLUTIONS INC
0001094032,QDMI,QDM International Inc.
0001574094,RNXT,"RenovoRx, Inc."
0002033515,SORA,AsiaStrategy
0002119416,OP,OpenPayd Global Holdings Ltd
0001952853,MAMO,Massimo Group
0001509397,LOMLF,Lion One Metals Ltd.
0001011060,NORD,Nordicus Partners Corp
0001846084,JETMF,Global Crossing Airlines Group Inc.
0000719733,KTCC,KEY TRONIC CORP
0001591890,FGNX,FG Nexus Inc.
0001040130,PETS,PETMED EXPRESS INC
0001333493,EHTH,"eHealth, Inc."
0001974044,MNY,MoneyHero Ltd
0001957489,ABLV,Able View Global Inc.
0001503802,KPTI,Karyopharm Therapeutics Inc.
0001886894,SNAL,"Snail, Inc."
0001841675,ARBK,Argo Blockchain Plc
0000896493,GPUS,"Hyperscale Data, Inc."
0001753673,SJ,Scienjoy Holding Corp
0002017950,DTSQ,DT Cloud Star Acquisition Corp
0001796949,GFLT,"GenFlat Holdings, Inc."
0001900679,TETEF,Technology & Telecommunication Acquisition Corp
0001769697,FNUC,Frontier Nuclear & Minerals Inc.
0001333274,MERC,MERCER INTERNATIONAL INC.
0002026353,ATHR,"Aether Holdings, Inc."
0001570505,PLLMF,EDGE COPPER Corp
0001979887,XCH,XCHG Ltd
0001420529,AACG,ATA Creativity Global
0001882464,MSSAF,Metal Sky Star Acquisition Corp
0001409375,OESX,"ORION ENERGY SYSTEMS, INC."
0001356093,CREX,"CREATIVE REALITIES, INC."
0001718500,AXIL,"Axil Brands, Inc."
0000008504,UAVS,AgEagle Aerial Systems Inc.
0001682639,HYPD,"HYPERION DEFI, INC."
0000013156,GLXZ,"Galaxy Gaming, Inc."
0001156041,AGIG,"ABUNDIA GLOBAL IMPACT GROUP, INC."
0001849380,ONMD,OneMedNet Corp
0001750106,AEI,Alset Inc.
0000830616,SCIA,"SCI Engineered Materials, Inc."
0001368845,TKRFF,TINKA RESOURCES Ltd
0000849145,HGBL,Heritage Global Inc.
0002078149,VRHI,"Veri MedTech Holdings, Inc."
0000850027,GRF,"EAGLE CAPITAL GROWTH FUND, INC."
0001054102,IDXG,"INTERPACE BIOSCIENCES, INC."
0001800637,RYM,"RYTHM, Inc."
0001083522,JSDA,JONES SODA CO.
0001784970,NXTT,Next Technology Holding Inc.
0001871181,FOFA,"FAMILY OFFICE OF AMERICA, INC."
0001682220,SACH,Sachem Capital Corp.
0001210708,STRR,"Star Equity Holdings, Inc."
0001530185,ATVK,"Globaltek Ventures, Inc."
0002018145,RDAC,Rising Dragon Acquisition Corp.
0002080215,USDE,StableCoinX Inc.
0001379006,NNVC,"NANOVIRICIDES, INC."
0000889353,SNTL,Sentinel Holdings Ltd.
0001213809,DYAI,DYADIC INTERNATIONAL INC
0002010959,AHMA,AMBITIONS ENTERPRISE MANAGEMENT CO. L.L.C
0001667313,ZDGE,"Zedge, Inc."
0001701599,AZASF,Arizona Gold & Silver Inc.
0001993727,SNT,Senstar Technologies Corp
0001813452,PLNH,Planet 13 Holdings Inc.
0001369290,MYO,"MYOMO, INC."
0001873454,RYET,Ruanyun Edai Technology Inc.
0001472091,PDSB,PDS Biotechnology Corp
0000933972,SCWO,374Water Inc.
0001859035,MCAG,Mountain Crest Acquisition Corp. V
0001846839,STKE,SOL Strategies Inc.
0001099160,BBGI,BEASLEY BROADCAST GROUP INC
0001979005,AFJK,"Aimei Health Technology Co., Ltd."
0001894942,FRFAF,Fresh Factory B.C. Ltd.
0001196298,NEPH,NEPHROS INC
0000722313,NSYS,NORTECH SYSTEMS INC
0002014254,KBSX,FST Corp.
0001708527,ELUT,ELUTIA INC.
0002029039,NSRX,Nasus Pharma Ltd
0001391933,QNTO,"QUAINT OAK BANCORP, INC."
0001603993,AIOS,AIOS Tech Inc.
0001944885,APLM,Apollomics Inc.
0001879848,PEVM,PHOENIX MOTOR INC.
0001844971,VIP,Vulcan Infrastructure & Power Inc.
0001065078,NTIP,"NETWORK-1 TECHNOLOGIES, INC."
0001624326,PAVM,PAVmed Inc.
0001872525,SWAG,"Stran & Company, Inc."
0001813241,GPGCF,Great Pacific Gold Corp.
0001043961,PRPO,"Precipio, Inc."
0001844505,QTI,"QT IMAGING HOLDINGS, INC."
0002056030,SPMEF,South Pacific Metals Corp.
0001038277,INIS,RADNOSTIX INC
0001580864,VRM,"Vroom, Inc."
0001040161,PXLW,"PIXELWORKS, INC"
0001383395,SQNS,SEQUANS COMMUNICATIONS
0001933021,PLUT,Plutus Financial Group Ltd
0000728385,BCHT,Birchtech Corp.
0002032755,PFAI,Pinnacle Food Group Ltd
0002002453,STAK,STAK Inc.
0001504678,LOOP,"Loop Industries, Inc."
0001442620,RCON,"Recon Technology, Ltd"
0001733868,CNF,CNFinance Holdings Ltd.
0001714562,GAME,"GameSquare Holdings, Inc."
0001853044,AERT,"Aeries Technology, Inc."
0001643953,PRPL,"Purple Innovation, Inc."
0001355848,TOON,"Kartoon Studios, Inc."
0000863894,VERU,VERU INC.
0001772720,SPRU,SPRUCE POWER HOLDING CORP
0001649739,BAFN,BayFirst Financial Corp.
0001596812,ENLV,Enlivex Ltd.
0001549145,BIOF,"BLUE BIOFUELS, INC."
0001726906,KCCFF,Kutcho Copper Corp.
0001657800,ESAUF,ESGold Corp.
0000754811,GROW,U S GLOBAL INVESTORS INC
0001918151,RGCCF,Relevant Gold Corp.
0001976908,JDZG,JIADE Ltd
0000839087,VASO,VASO Corp
0000880242,BLGO,"BIOLARGO, INC."
0001410738,VPLM,Voip-pal.com Inc
0000056701,KOSS,KOSS CORP
0000798528,OMEX,ODYSSEY MARINE EXPLORATION INC
0001965473,CCG,Cheche Group Inc.
0001676047,NTRB,NutriBand Inc.
0000855683,MLSS,MILESTONE SCIENTIFIC INC.
0001547546,LFT,"Lument Finance Trust, Inc."
0001839530,XBP,"XBP Global Holdings, Inc."
0001085243,VTSI,"VirTra, Inc"
0002027722,GRAN,Grande Group Ltd/HK
0001873875,IXHL,Incannex Healthcare Inc.
0001706404,AZZTF,Aztec Minerals Corp.
0002051820,MLCI,Mount Logan Capital Inc.
0002028177,YOUL,Youlife Group Inc.
0001841209,HOLO,MicroCloud Hologram Inc.
0001370416,WPRT,WESTPORT FUEL SYSTEMS INC.
0001070789,HYOR,HyOrc Corp
0000911147,CNTY,CENTURY CASINOS INC /CO/
0001444192,GRCE,"Grace Therapeutics, Inc."
0001738906,YI,"111, Inc."
0001425287,WKHS,Workhorse Group Inc.
0001270436,COHN,Cohen & Co Inc.
0001394039,CYDVF,Century Lithium Corp.
0001904286,MIRA,"MIRA PHARMACEUTICALS, INC."
0001763950,LTRN,Lantern Pharma Inc.
0001737339,JG,Aurora Mobile Ltd
0001527038,BZDLF,KINCORA COPPER LTD
0001262104,LITS,"Lite Strategy, Inc."
0001746119,VGES,Vanguard Green Investment Ltd
0001948697,SPPL,SIMPPLE LTD.
0001786318,IBATF,INTERNATIONAL BATTERY METALS LTD.
0001844417,ESLA,"Estrella Immunopharma, Inc."
0001019742,BRKCF,BARKSDALE RESOURCES CORP.
0000101295,UG,UNITED GUARDIAN INC
0001775898,UCL,uCloudlink Group Inc.
0001982444,BDMD,Baird Medical Investment Holdings Ltd
0001319150,PBMLF,Pacific Booker Minerals Inc.
0001449792,PPSI,"PIONEER POWER SOLUTIONS, INC."
0001561921,TELA,"TELA Bio, Inc."
0001847075,SAIH,SAIHEAT Ltd
0000008177,AAME,ATLANTIC AMERICAN CORP
0001464165,BETRF,BetterLife Pharma Inc.
0001009922,NSFDF,NXT Energy Solutions Inc.
0000083350,RSRV,RESERVE PETROLEUM CO
0002039273,JAGU,Jaguar Uranium Corp.
0001643154,ITHUF,"iANTHUS CAPITAL HOLDINGS, INC."
0001934642,MDBH,"MDB Capital Holdings, LLC"
0001635729,EQTRF,Altamira Gold Corp.
0001720553,PHNMF,Phenom Resources Corp.
0001684662,VIPRF,SILVER VIPER MINERALS CORP.
0001005516,BOSC,BOS BETTER ONLINE SOLUTIONS LTD
0000025895,CRWS,CROWN CRAFTS INC
0000813298,DXLG,"DESTINATION XL GROUP, INC."
0001138723,ARAY,ACCURAY INC
0001282648,BATL,BATTALION OIL CORP
0001389545,SDEV,Stablecoin Development Corp
0002000230,BRIA,BrilliA Inc
0000880406,HERZ,"Herzfeld Credit Income Fund, Inc"
0001928948,HTCO,High-Trend International Group
0001491434,SEOVF,SERNOVA CORP.
0001967656,PFSB,"PFS Bancorp, Inc."
0001708599,SER,"Serina Therapeutics, Inc."
0001663038,QTZM,Quantum Genesis AI Corp.
0001869137,MHUBF,MineHub Technologies Inc.
0001790607,EMGDF,Eminent Gold Corp.
0002038378,ACCL,Acco Group Holdings Ltd
0001883814,SLND,"Southland Holdings, Inc."
0001895249,CNTM,"ConnectM Technology Solutions, Inc."
0000872699,KDKGF,KLONDIKE GOLD CORP /FI
0001785424,KPLT,"Katapult Holdings, Inc."
0001433607,NSPR,"InspireMD, Inc."
0001832487,GUER,"Guerrilla RF, Inc."
0001954269,GSIW,Garden Stage Ltd
0001860871,TVGN,Tevogen Bio Holdings Inc.
0001610820,BCTX,BriaCell Therapeutics Corp.
0001218683,BGDE,"Big Digital Energy, Inc."
0001263364,COPR,Idaho Copper Corp
0001437750,TRXA,T-REX Acquisition Corp.
0001045742,LIVE,LIVE VENTURES Inc
0000351998,DAIO,DATA I/O CORP
0001567663,ATCMF,ATICO MINING Corp
0000081955,RAND,RAND CAPITAL CORP
0001760233,GIFT,"GIFTIFY, INC."
0001787518,DFNS,T3 Defense Inc.
0001727370,SAGGF,Sterling Metals Corp.
0001993463,YSXT,"YSX Tech Co., Ltd"
0001297937,PRKA,"PARKS AMERICA, INC"
0001110607,KLNG,"Koil Energy Solutions, Inc."
0001489300,ZLME,Zhanling International Ltd
0001916331,NCI,Neo-Concept International Group Holdings Ltd
0001595527,NYC,American Strategic Investment Co.
0001871983,ANGH,Anghami Inc
0001819493,XOS,"Xos, Inc."
0001938109,PAPL,Pineapple Financial Inc.
0000924515,GTHP,GUIDED THERAPEUTICS INC
0001907223,GRML,Greenland Mines Ltd
0001538495,ETST,"Earth Science Tech, Inc."
0001847806,GNS,Genius Group Ltd
0001427901,GDSRF,Gold Strike Resources Corp.
0001859022,NPRFF,Nepra Foods Inc.
0001928340,GDHG,GOLDEN HEAVEN GROUP HOLDINGS LTD.
0001449349,RDGL,VIVOS INC
0001919191,ITHR,"Intelithrive, Inc."
0001743344,PYRGF,PyroGenesis Canada Inc.
0001041024,RMTI,"ROCKWELL MEDICAL, INC."
0001534708,BLNE,"Beeline Holdings, Inc."
0001817161,HWAUF,Headwater Gold Inc.
0001779372,BEAT,"HeartBeam, Inc."
0001415397,RAPH,Raphael Pharmaceutical Inc.
0000862692,CCEL,CRYO CELL INTERNATIONAL INC
0001742341,HKIT,HiTek Global Inc.
0001471727,SRXH,SRX Global Inc.
0001600983,KSCP,"Knightscope, Inc."
0000921299,KYNB,"KYNTRA BIO, INC."
0002027329,OPTH,Optimi Health Corp.
0001487197,BRFH,BARFRESH FOOD GROUP INC.
0001442236,QRHC,Quest Resource Holding Corp
0001759546,NRDE,Stark Novus Financial Inc.
0000351789,ELSE,ELECTRO SENSORS INC
0001045942,TRCK,"Track Group, Inc."
0000722572,FKWL,FRANKLIN WIRELESS CORP
0002011053,PBK,POWERBANK Corp
0001123494,HBIO,HARVARD BIOSCIENCE INC
0000826253,AUSI,AURA SYSTEMS INC
0001869601,EMCGF,Embrace Change Acquisition Corp.
0001479480,CGDXF,XALI GOLD CORP.
0000799850,CRMT,AMERICAS CARMART INC
0001173313,ABVC,"ABVC BIOPHARMA, INC."
0001903392,CLRCF,ClimateRock
0001799448,ALGS,"Aligos Therapeutics, Inc."
0001095981,PSTV,"PLUS THERAPEUTICS, INC."
0001652935,ACTU,"ACTUATE THERAPEUTICS, INC."
0001963088,ATCH,"AtlasClear Holdings, Inc."
0001546853,SKKY,"Skkynet Cloud Systems, Inc."
0002024114,TGHL,GrowHub Ltd
0001753162,FTHM,Fathom Holdings Inc.
0001388320,ATNM,"Actinium Pharmaceuticals, Inc."
0001724009,PRT,PermRock Royalty Trust
0001946021,HSPOF,Horizon Space Acquisition I Corp.
0001387473,TIGCF,Triumph Gold Corp.
0001015739,AWRE,AWARE INC /MA/
0001683408,RSGLF,Rocky Shore Gold Ltd.
0002000410,EURK,Eureka Acquisition Corp
0001367993,HAFG,"Holistic Asset Finance Group Co., Ltd."
0001512922,PETV,"PetVivo Holdings, Inc."
0001191832,KNGRF,Kingsmen Resources Ltd.
0001467761,FIEE,"FiEE, Inc."
0001874252,QUCY,Quantum Cyber N.V.
0001832161,VIPZ,"VIP Play, Inc."
0001726159,USGDF,AMERICAN PACIFIC MINING CORP
0001089815,EHSI,Elite Health Systems Inc.
0001724542,CLPS,CLPS Inc
0001912847,USEA,United Maritime Corp
0001522767,MRMD,MARIMED INC.
0000843006,ACCS,ACCESS Newswire Inc.
0002027037,GDGIF,"Gemdale Gold, Inc"
0001939780,UCAR,U Power Ltd
0001842556,EONR,EON Resources Inc.
0001785494,WBQNL,Woodbridge Liquidation Trust
0000831609,CXXIF,C21 Investments Inc.
0001720893,BTAI,"BioXcel Therapeutics, Inc."
0001855467,MOBX,"MOBIX LABS, INC"
0001275477,BMNM,"BIMINI CAPITAL MANAGEMENT, INC."
0001401835,SRGZ,Star Gold Corp.
0000788611,NTRP,"NextTrip, Inc."
0001890361,ASPC,ASPAC III Acquisition Corp.
0001619544,JFU,9F Inc.
0001571934,TAOX,TAO Synergies Inc.
0001943444,TRSG,Tungray Technologies Inc
0001800890,LFLRF,LaFleur Minerals Inc..
0001081745,INLX,"INTELLINETICS, INC."
0000315545,PVCT,"PROVECTUS BIOPHARMACEUTICALS, INC."
0001539850,STCB,"Starco Brands, Inc."
0001434524,CLIR,ClearSign Technologies Corp
0002033383,FUSE,Fusemachines Inc.
0001953984,BCG,"Binah Capital Group, Inc."
0001987189,SLGB,Smart Logistics Global Ltd
0001949257,RADX,Radiopharm Theranostics Ltd
0001420924,ADTI,"Adapti, Inc."
0001790693,DGNOF,Diagnos Inc.
0002000366,SCAG,Scage Future
0001982448,BLIV,BeLive Holdings
0001437517,CLOQ,"CYBERLOQ TECHNOLOGIES, INC."
0001828253,EVAX,Evaxion A/S
0001678105,CAHO,Caro Holdings Inc.
0001944399,PDC,Perpetuals.com Ltd
0001570843,GEBRF,Greenbriar Sustainable Living Inc.
0001662774,QNCX,"Quince Therapeutics, Inc."
0001893645,PLRZ,Polyrizon Ltd.
0001687277,RETO,"ReTo Eco-Solutions, Inc."
0001398805,BEEM,Beam Global
0001355839,IPM,INTELLIGENT PROTECTION MANAGEMENT CORP.
0000025743,TXMD,"TherapeuticsMD, Inc."
0001828185,BRNS,Barinthus Biotherapeutics plc.
0002040290,LGPS,LOGPROSTYLE INC.
0001935418,FMST,Foremost Clean Energy Ltd.
0001385818,AYTU,"AYTU BIOPHARMA, INC"
0001377149,CRVW,CareView Communications Inc
0001858007,GDST,Chi Special Acquisition Corp.
0000315958,CRMZ,CREDITRISKMONITOR COM INC
0002035644,RANG,Range Capital Acquisition Corp.
0002064764,PLSM,Pulsenmore Ltd.
0001053691,CRVO,CervoMed Inc.
0001493130,MAPPF,PROSTAR HOLDINGS INC. /BC
0001059689,NALG,North America Lithium & Gold Corp
0001041657,UONE,"URBAN ONE, INC."
0002021688,UFG,Uni-Fuels Holdings Ltd
0001175151,CTSO,Cytosorbents Corp
0001729653,STLNF,Stallion Uranium Corp.
0000040570,JOB,GEE Group Inc.
0001889123,FLD,"Fold Holdings, Inc."
0001030471,UTSI,UTSTARCOM HOLDINGS CORP.
0001742195,ROMJF,Rubicon Organics Inc.
0002049187,KMRK,K-TECH SOLUTIONS CO LTD
0001721484,LGVN,Longeveron Inc.
0001840780,LOCL,Local Bounti Corporation/DE
0001819438,GWH,"ESS Tech, Inc."
0002072421,SNNF,"Seneca Bancorp, Inc."
0002032779,EHLD,Euroholdings Ltd.
0001770088,WIMI,WiMi Hologram Cloud Inc.
0001928722,INIKF,PopReach Corp
0000747540,SPRS,SURGE COMPONENTS INC
0001948436,JL,J-Long Group Ltd
0000020639,ABCP,AmBase Corp
0001812447,SKYQ,Sky Quarry Inc.
0000352955,CKX,"CKX LANDS, INC."
0001418149,HLRTF,Hillcrest Energy Technologies Ltd.
0001883835,ESGH,ESG Inc.
0001750593,DUO,Fangdd Network Group Ltd.
0001769484,BIOX,Bioceres Crop Solutions Corp.
0001102993,LPSN,LIVEPERSON INC
0001650196,VCGMF,Visionary Copper & Gold Mines Inc.
0001877778,TTIPF,"Thiogenesis Therapeutics, Corp."
0001666071,CDLX,"Cardlytics, Inc."
0001980210,WFF,WF Holding Ltd
0001537317,IEGCF,Independence Gold Corp.
0001624985,SFCX,SUPA Consolidated Inc.
0001481241,PSHG,Performance Shipping Inc.
0001630176,HYEX,HEALTHY EXTRACTS INC.
0001488039,ATOS,"ATOSSA THERAPEUTICS, INC."
0001191070,NEUP,Neuphoria Therapeutics Inc.
0001544770,BONXF,BONTERRA RESOURCES INC.
0001872529,MDXH,MDxHealth SA
0001307579,LIQT,LIQTECH INTERNATIONAL INC
0001279704,CLRB,"Cellectar Biosciences, Inc."
0001672571,AAQL,Antiaging Quantum Living Inc.
0001808110,DDC,DDC Enterprise Ltd
0001017655,PAYD,PAID INC
0001597846,GRNQ,Greenpro Capital Corp.
0001487718,BLTH,"AMERICAN BATTERY MATERIALS, INC."
0001321834,QCLS,"Q/C TECHNOLOGIES, INC."
0001978811,GOVB,"Gouverneur Bancorp, Inc./MD/"
0000725363,CVM,CEL SCI CORP
0001563568,AZIO,"AZIO AI HOLDINGS, INC."
0001169760,CMGHF,CHAODA MODERN AGRICULTURE HOLDINGS LTD /FI
0001015647,AAUAF,ALMADEN MINERALS LTD
0001119083,MNDO,MIND CTI LTD
0000877028,TWOSF,T2 Metals Corp.
0000811522,QZMRF,QUARTZ MOUNTAIN RESOURCES LTD
0001090396,TBTC,TABLE TRAC INC
0001752828,CELU,Celularity Inc
0000779544,ARKR,ARK RESTAURANTS CORP
0002027160,VNTG,Vantage Corp (Singapore)
0001621906,WSTRF,Western Uranium & Vanadium Corp.
0001604191,GRDX,GridAI Technologies Corp.
0001657214,ILAL,International Land Alliance Inc.
0001967306,MSBB,"Mercer Bancorp, Inc."
0001519472,SMXT,"SolarMax Technology, Inc."
0001516551,SKYE,"Skye Bioscience, Inc."
0002044327,CFND,C1 Fund Inc.
0001174891,GEDC,"TerraVolt Holdings, Inc."
0001261002,GNOLF,GENOIL INC
0001502292,PRHI,"Presurance Holdings, Inc."
0000888981,NNUP,NOCOPI TECHNOLOGIES INC/MD/
0001788028,JSPR,"Jasper Therapeutics, Inc."
0002055938,GRLMF,GreenLight Metals Inc.
0001607962,LFWD,Lifeward Ltd.
0001711012,AIHS,Senmiao Technology Ltd
0000946563,RVP,RETRACTABLE TECHNOLOGIES INC
0001860657,ALLR,"Allarity Therapeutics, Inc."
0001653909,BIRD,"Smartbird, Inc."
0001821468,YQ,17 Education & Technology Group Inc.
0001346830,TVRD,"Tvardi Therapeutics, Inc."
0000924168,EFOI,"ENERGY FOCUS, INC/DE"
0000909724,TLF,TANDY LEATHER FACTORY INC
0001769624,ILLR,Triller Group Inc.
0001666782,IRVRF,Irving Resources Inc.
0001007019,JVA,COFFEE HOLDING CO INC
0001472072,CCM,Concord Medical Services Holdings Ltd
0001988634,POWMF,Power Metal Resources PLC
0001854445,GGRP,"Glimpse Group, Inc."
0001584693,SSGC,SafeSpace Global Corp
0001077640,WMLLF,Wealth Minerals Ltd.
0001861479,TRGXF,Terra Rossa Gold Ltd.
0001905688,MAUUF,AERO ENERGY Ltd
0001819794,HTOO,Fusion Fuel Green PLC
0001720161,CTRM,Castor Maritime Inc.
0001094038,MRKR,"Marker Therapeutics, Inc."
0001723047,VAUCF,Viva Gold Corp.
0001783036,NCEL,NewcelX Ltd.
0001821175,MSGM,Motorsport Games Inc.
0001862463,AMOD,"ALPHA MODUS HOLDINGS, INC."
0001066764,BESS,Bimergen Energy Corp
0002013807,FOXX,Foxx Development Holdings Inc.
0001771885,QNTM,Quantum Biopharma Ltd.
0001654595,MDRR,"Medalist Diversified, Inc."
0001419336,APAAF,Appia Rare Earths & Uranium Corp.
0001401914,DARE,"Dare Bioscience, Inc."
0001899005,BMR,Beamr Imaging Ltd.
0001563665,HRGN,"Harvard Apparatus Regenerative Technology, Inc."
0001509646,FENG,Phoenix New Media Ltd
0001424864,RYES,Rise Gold Corp.
0001709819,FEDU,Four Seasons Education (Cayman) Inc.
0001825024,OPAD,Offerpad Solutions Inc.
0001591956,ANY,Sphere 3D Corp.
0001960355,EXYN,"Exyn Technologies, Inc."
0001919776,DETX,"LIBERTY DEFENSE HOLDINGS, LTD."
0002009714,TMDE,TMD Energy Ltd
0000034285,RLBY,RELIABILITY INC
0001997201,PSIG,PS International Group Ltd.
0001852354,ARLSF,ARGO GRAPHENE SOLUTIONS CORP.
0001995116,RECT,Rectitude Holdings Ltd.
0001883437,EPSM,Epsium Enterprise Ltd
0000867038,SPND,SPINDLETOP OIL & GAS CO
0001084267,MOBQ,"Mobiquity Technologies, Inc."
0000797465,STLY,"HG Holdings, Inc."
0002001699,HPAI,Helport AI Ltd
0001872090,YXT,YXT.COM GROUP HOLDING Ltd
0000908259,OTLC,"Oncotelic Therapeutics, Inc."
0001711786,RKTO,Rocket One Inc.
0001999297,DSY,Big Tree Cloud Holdings Ltd
0001953021,MPU,Mega Matrix Inc
0001422532,RKHNF,ROCKHAVEN RESOURCES LTD
0001713923,AIJTY,Jianpu Technology Inc.
0001106861,CSDX,CS DIAGNOSTICS CORP.
0000736012,INTZ,INTRUSION INC
0001876766,LICN,Lichen International Ltd
0001638911,DUKR,DUKE Robotics Corp.
0001535955,LPCN,Lipocine Inc.
0001992500,LRRIF,Lion Rock Resources Inc.
0001333822,LEDS,SemiLEDs Corp
0001106213,SFRX,SEAFARER EXPLORATION CORP
0001785530,HOWL,"Werewolf Therapeutics, Inc."
0001805833,SST,"System1, Inc."
0001111741,DYNR,"DYNARESOURCE, INC."
0001982012,TLIH,Ten-League International Holdings Ltd
0001500620,BGAVF,Bravada Gold Corp
0001686000,JGLDF,Japan Gold Corp.
0001963439,TURB,"Turbo Energy, S.A."
0000878932,EQS,"EQUUS TOTAL RETURN, INC."
0001903995,MGIH,Millennium Group International Holdings Ltd
0001888980,LRE,"LEAD REAL ESTATE CO., LTD"
0001735514,OHCFF,Light AI Inc.
0001472466,LPSIF,LEGEND POWER SYSTEMS INC.
0001780731,EPOW,E-Power Inc.
0002060083,FOFO,"Hang Feng Technology Innovation Co., Ltd."
0001004989,SGRP,"SPAR Group, Inc."
0001820025,RDGMF,Ridgeline Minerals Corp
0001743971,MOGU,MOGU Inc.
0001708441,MYND,"Mynd.ai, Inc."
0001729637,KARX,Karbon-X Corp.
0000926617,AWHL,Aspira Women's Health Inc.
0001852973,BRLS,Borealis Foods Inc.
0001988776,MRNO,Murano Global Investments Plc
0001158780,PLUR,Pluri Inc.
0001086745,FABC,"Fabric.AI, Inc."
0001888525,MF,MindForge Inc.
0001346610,SOS,SOS Ltd
0001716338,JF,J & Friends Holdings Ltd
0002030834,ONEG,OneConstruction Group Ltd
0001058307,NXPL,NextPlat Corp
0001307926,STSBF,South Star Battery Metals Corp.
0001409036,TARSF,Silver North Resources Ltd.
0001948443,RAY,Raytech Holding Ltd
0001071840,WNDW,"SolarWindow Technologies, Inc."
0001837821,ZJYL,Jin Medical International Ltd.
0001956166,PMA,Ming Shing Group Holdings Ltd
0001740797,AVAI,"AVAI BIO, INC."
0001875091,NRSN,NeuroSense Therapeutics Ltd.
0002030522,MWYN,"Marwynn Holdings, Inc."
0000803578,AIFF,"FIREFLY NEUROSCIENCE, INC."
0001557440,COGDF,Compass Gold Corp
0001661059,NXTC,"NextCure, Inc."
0001677897,UPYY,UPAY
0001524769,CHKR,CHESAPEAKE GRANITE WASH TRUST
0001997296,MDCX,Medicus Pharma Ltd.
0001122020,PCSV,"PCS Edventures!, Inc."
0001891944,PMEC,Primech Holdings Ltd
0001940674,SMX,SMX (Security Matters) Public Ltd Co
0001506251,CTXR,"Citius Pharmaceuticals, Inc."
0001602409,FNGR,"FingerMotion, Inc."
0001311673,YTFD,"Yale Transaction Finders, Inc."
0001382574,SCNX,"Scienture Holdings, Inc."
0000875355,TULP,"BLOOMIA HOLDINGS, INC."
0001841330,KTTA,Pasithea Therapeutics Corp.
0001602842,ORIO,Orion Digital Corp.
0001114859,GLOH,"Glow Holdings, Inc."
0002028293,RAIN,"Rain Enhancement Technologies Holdco, Inc."
0001897532,PASW,"Ping An Biomedical Co., Ltd."
0001892316,LDDD,Longduoduo Co Ltd
0001969401,UZX,Linkage Global Inc
0000829323,INUV,"Inuvo, Inc."
0001105101,GIGM,GIGAMEDIA Ltd
0002029138,SAGT,SAGTEC GLOBAL Ltd
0001462223,NIXX,"Nixxy, Inc."
0001755237,CYCN,"Cyclerion Therapeutics, Inc."
0001805521,FFAI,FARADAY FUTURE INTELLIGENT ELECTRIC INC.
0000312257,IVFH,INNOVATIVE FOOD HOLDINGS INC
0001840425,OSRH,"OSR Health, Inc."
0001879293,MMCP,"Mag Mile Capital, Inc."
0000948708,SMSI,"SMITH MICRO SOFTWARE, INC."
0001782309,EDTK,Skillful Craftsman Education Technology Ltd
0001858685,BFRI,Biofrontera Inc.
0000787253,NAII,NATURAL ALTERNATIVES INTERNATIONAL INC
0001997637,IOTR,iOThree Ltd
0001500198,NMTC,NEUROONE MEDICAL TECHNOLOGIES Corp
0001847986,DFLI,Dragonfly Energy Holdings Corp.
0001718939,IDAI,T Stamp Inc
0000793524,REFR,RESEARCH FRONTIERS INC
0001282571,GRNL,GREENLITE VENTURES INC
0001463978,BKUCF,BLUE SKY URANIUM CORP.
0002020737,CABR,"Caring Brands, Inc."
0001378590,BLIN,"Bridgeline Digital, Inc."
0001787297,PASG,"Passage BIO, Inc."
0000825324,GTIM,Good Times Restaurants Inc.
0001006045,IRIX,IRIDEX CORP
0001427570,HIND,"Vyome Holdings, Inc"
0001318482,KDOZF,KIDOZ INC.
0001192323,SPST,Superstar Platforms Inc.
0001703292,ALGRF,KENADYR METALS CORP
0000912061,NHTC,NATURAL HEALTH TRENDS CORP
0001295514,MDWK,"MDWerks, Inc."
0001735041,GTEC,Greenland Technologies Holding Corp.
0001828748,ASFH,ASIAFIN HOLDINGS CORP.
0000010048,BRN,BARNWELL INDUSTRIES INC
0001534133,CALC,"CalciMedica, Inc."
0000709005,NROM,NOBLE ROMANS INC
0001603793,NRIS,"Norris Industries, Inc."
0001684688,ATCX,ATLAS CRITICAL MINERALS Corp
0000087050,NEON,Neonode Inc.
0001388994,CYDX,"CYduct Diagnostics, Inc."
0001701756,SDOT,Sadot Group Inc.
0001544227,TPST,"Tempest Therapeutics, Inc."
0001753373,MTWO,"M2i Global, Inc."
0001160420,ADIA,"Adia Nutrition, Inc."
0001527599,SYBX,"SYNLOGIC, INC."
0001758124,CNTMF,Fluent Corp.
0001414382,CLEV,Concrete Leveling Systems Inc
0002017758,LHAI,Linkhome Holdings Inc.
0001941029,ADVB,Advanced Biomed Inc.
0001803977,LIMX,Limitless X Holdings Inc.
0001809267,DGCOF,Daura Capital Corp.
0001450894,IAALF,IBC Advanced Alloys Corp.
0001042418,INTI,"Inhibitor Therapeutics, Inc."
0001541157,AKTX,Akari Therapeutics Plc
0001851491,AMSS,AMASS BRANDS
0001875609,SWVL,Swvl Holdings Corp
0001847064,PSQH,"PSQ Holdings, Inc."
0001141964,PCMC,PUBLIC CO MANAGEMENT CORP
0001826660,WETH,Wetouch Technology Inc.
0001817740,AUST,Austin Gold Corp.
0001715272,GRAPF,First Canadian Graphite Inc.
0001479419,KALA,"KALA BIO, Inc."
0001254435,PEXZF,PACIFIC RIDGE EXPLORATION LTD
0001524326,ENDMF,Enduro Metals Corp.
0001722731,FDCTD,"FDCTECH, INC."
0001101433,QMCI,QUOTEMEDIA INC
0001282224,DLPN,"Dolphin Entertainment, Inc."
0000911216,PTN,PALATIN TECHNOLOGIES INC
0001820875,CXAI,CXApp Inc.
0001310630,CFOO,China Foods Holdings Ltd.
0000900391,NTZ,NATUZZI S P A
0001572386,GWTI,"GREENWAY TECHNOLOGIES, INC. & SUBSIDIARIES"
0001065823,FNFI,FIRST NILES FINANCIAL INC
0001460702,AIXC,"AIxCrypto Holdings, Inc."
0001474167,COSM,Cosmos Health Inc.
0000914139,PRKR,PARKERVISION INC
0000838875,WVVI,WILLAMETTE VALLEY VINEYARDS INC
0001850269,ULTHF,NordX Metals Corp.
0001134982,AAPI,"Apple iSports Group, Inc."
0001342325,CGDCF,Carlin Gold Corp
0001009891,AIRI,AIR INDUSTRIES GROUP
0001001907,ASTC,ASTROTECH Corp
0001505155,UPLD,"Upland Software, Inc."
0001836747,TRUFF,Red Light Holland Corp.
0001960847,TOPP,Toppoint Holdings Inc.
0001756064,OBAI,"Our Bond, Inc."
0001966678,ZDAI,"DirectBooking Technology Co., Ltd."
0002027360,RCT,RedCloud Holdings plc
0001707303,DOGZ,Dogness (International) Corp
0001502557,KPEA,Kun Peng International Ltd.
0001096938,UEEC,"United Health Products, Inc."
0000314227,TOMZ,"TOMI Environmental Solutions, Inc."
0001831868,ICU,SeaStar Medical Holding Corp
0001999111,MTTAF,Meta Critical Minerals Inc.
0001498403,BLRX,BioLineRx Ltd.
0001814215,BURU,"Nuburu, Inc."
0001432588,BHSIF,BAYHORSE SILVER INC.
0001074871,MODD,"Modular Medical, Inc."
0001684425,PETZ,"TDH Holdings, Inc."
0001898766,TPET,Trio Petroleum Corp
0001589061,GYRO,"Gyrodyne, LLC"
0001912966,RGNT,REGENTIS BIOMATERIALS LTD.
0001021917,AWCA,"Awaysis Capital, Inc."
0002041829,CHOW,ChowChow Cloud International Holdings Ltd
0002092446,AVAT,Avalanche Treasury Corp
0001982960,KNRX,KNOREX LTD.
0001725332,ALAR,Alarum Technologies Ltd.
0001972529,BTOC,Armlogi Holding Corp.
0001411690,BNGO,"Bionano Genomics, Inc."
0001869467,SVRN,OceanPal Inc.
0001321851,SEED,Origin Agritech LTD
0002030954,XHLD,"TEN Holdings, Inc."
0001965143,NVNI,Nvni Group Ltd
0001916241,PRZO,ParaZero Technologies Ltd.
0002020027,CLIK,Click Holdings Ltd.
0000925741,BCDA,"BioCardia, Inc."
0001998560,MIMI,Mint Inc Ltd
0001778982,HUIZ,Huize Holding Ltd
0001964314,JBDI,JBDI Holdings Ltd
0001068897,FXBY,FOXBY CORP.
0001481504,XERI,"XERIANT, INC."
0001901931,KLGDF,Kalo Gold Corp.
0001777319,CISO,"CISO Global, Inc."
0001983550,TDTH,Trident Digital Tech Holdings Ltd
0001533040,PHIO,Phio Pharmaceuticals Corp.
0001371128,NEWH,"NewHydrogen, Inc."
0001481857,ORESF,Orestone Mining Corp.
0001412486,COCP,"Cocrystal Pharma, Inc."
0001837607,AEON,"AEON Biopharma, Inc."
0000031667,EDUC,EDUCATIONAL DEVELOPMENT CORP
0002044241,THH,TryHard Holdings Ltd
0000847942,STQN,STRATEGIC ACQUISITIONS INC /NV/
0001534154,AUID,authID Inc.
0001282980,DROR,"Dror Ortho-Design, Inc."
0001083743,FLUX,"Flux Power Holdings, Inc."
0001868419,CYCU,"Cycurion, Inc."
0001593001,NGTF,"NightFood Holdings, Inc."
0001771995,APHP,American Picture House Corp
0001372514,KPRX,KIORA PHARMACEUTICALS INC
0001858994,RSMXF,Regency Silver Corp.
0001420049,COPAF,COPAUR MINERALS INC.
0001699709,VNOV,VitaNova Life Sciences Corp
0000007623,ARTW,ARTS WAY MANUFACTURING CO INC
0001648960,MYSE,"Myseum.AI, Inc."
0001930419,ALRTF,ALR Technologies SG Ltd.
0001866460,MILIF,Military Metals Corp.
0001567264,INTS,"INTENSITY THERAPEUTICS, INC."
0001085921,MMTIF,MICROMEM TECHNOLOGIES INC
0001403870,GARWF,Golden Arrow Resources Corp
0001707910,REBN,"Reborn Coffee, Inc."
0001580149,BIVI,BIOVIE INC.
0001459188,CHEV,Charging Robotics Inc.
0001873093,GDTC,CytoMed Therapeutics Ltd
0001066130,LINMF,Linear Minerals Corp
0001096296,RITE,MINERALRITE Corp
0001673481,SEGG,Sports Entertainment Gaming Global Corp
0001605481,NGLD,Nevada Canyon Gold Corp.
0001816815,BON,Bon Natural Life Ltd
0001026662,CLWT,EURO TECH HOLDINGS CO LTD
0001854270,SNTI,"Senti Biosciences Holdings, Inc."
0001487798,ECTM,ECA Marcellus Trust I
0001509705,NZERF,New Zealand Energy Corp.
0001534248,CMMB,Chemomab Therapeutics Ltd.
0001872964,MTEK,Maris Tech Ltd.
0001816133,FRECF,Frequency Exchange Corp.
0001376231,VPRB,"VPR Brands, LP."
0001578348,ICMB,"Investcorp Credit Management BDC, Inc."
0001329606,CETY,"Clean Energy Technologies, Inc."
0001981519,MMA,MIXED MARTIAL ARTS GROUP LTD
0001070050,APCX,AppTech Payments Corp.
0001897245,HWH,HWH International Inc.
0001912582,AIEV,"Thunder Power Holdings, Inc."
0001959994,COOT,Australian Oilseeds Holdings Ltd
0001792941,GNVR,Genvor Inc
0001138476,PFHO,PACIFIC HEALTH CARE ORGANIZATION INC
0000840715,CLRO,CLEARONE INC
0001807689,FCCI,"FAST CASUAL CONCEPTS, INC."
0001495730,GMVMF,GMV Minerals Inc.
0001799290,EBON,Ebang International Holdings Inc.
0001651932,XITO,"Xenous Holdings, Inc."
0001584831,OXBR,OXBRIDGE RE HOLDINGS Ltd
0001584547,GP,GREENPOWER MOTOR Co INC.
0002013320,ELOG,Eastern International Ltd.
0001493137,LCTC,"Lifeloc Technologies, Inc"
0002007702,HKPD,"Cellyan Biotechnology Co., Ltd"
0001698530,XCUR,"EXICURE, INC."
0001996192,LSH,Lakeside Holding Ltd
0001967397,LZMH,LZ Technology Holdings Ltd
0001829247,BFRG,"BullFrog AI Holdings, Inc."
0001791725,HUDI,"Huadi International Group Co., Ltd."
0000109657,GTBP,"GT Biopharma, Inc."
0001565146,GULTU,Gulf Coast Ultra Deep Royalty Trust
0001427728,YNVYF,YNVISIBLE INTERACTIVE INC.
0001348362,LEXX,Lexaria Bioscience Corp.
0001708341,AIFA,"All In FutureTech Alliance, Inc."
0001932072,LOBO,LOBO TECHNOLOGIES LTD.
0001014763,AIMD,"Ainos, Inc."
0001803407,OST,"Ostin Technology Group Co., Ltd."
0001933951,INEO,INNEOVA Holdings Ltd
0001137883,BCLI,BRAINSTORM CELL THERAPEUTICS INC.
0000019871,CVR,CHICAGO RIVET & MACHINE CO
0000908311,CMCT,Creative Media & Community Trust Corp
0001411685,VTGN,"Vistagen Therapeutics, Inc."
0001863990,MSAI,"MultiSensor AI Holdings, Inc."
0001061069,AWX,AVALON HOLDINGS CORP
0001922335,SYRA,Syra Health Corp
0001096275,WKSP,Worksport Ltd
0002082729,CBAI,Coolbit Technologies Ltd
0001964946,YAAS,Youxin Technology Ltd
0001133519,MCUJF,MEDICURE INC
0001677084,GPMTF,GPM Metals Inc.
0001740279,INAB,"IN8BIO, INC."
0001364252,LTHIF,InZinc Mining Ltd.
0001957001,FEBO,Fenbo Holdings Ltd
0000894158,TOVX,"Theriva Biologics, Inc."
0001363598,NTRX,"Entrex Carbon Market, Inc."
0001140215,REED,"REED'S, INC."
0001836503,CEXYF,GIANT MINING CORP.
0001269026,SINT,"Sintx Technologies, Inc."
0001926792,SFHG,SAMFINE CREATION HOLDINGS GROUP Ltd
0001804469,GFAI,"Guardforce AI Co., Ltd."
0001584371,ICCM,IceCure Medical Ltd.
0001590418,FCUV,FOCUS UNIVERSAL INC.
0001680139,HLYK,HealthLynked Corp
0001056358,MTEX,MANNATECH INC
0001108205,CRIS,CURIS INC
0001304161,PBSV,"Pharma-Bio Serv, Inc."
0001081834,KUBR,Kuber Resources Corp
0000764630,AETN,"AETERNUM HEALTH, INC."
0000062362,MARPS,MARINE PETROLEUM TRUST
0000885307,JCTC,JEWETT CAMERON TRADING CO LTD
0001817083,ELECF,Electric Royalties Ltd.
0001683274,RYOOF,Rio Silver Inc.
0001979610,WXM,WF International Ltd.
0002024656,FMFC,Kandal M Venture Ltd
0000890394,PRSO,Peraso Inc.
0000875729,BNET,BION ENVIRONMENTAL TECHNOLOGIES INC
0001938046,MGRX,"MANGOCEUTICALS, INC."
0001807893,SPFX,"STANDARD PREMIUM FINANCE HOLDINGS, INC."
0001104038,VRME,"VerifyMe, Inc."
0000022701,SUNE,"SUNation Energy, Inc."
0001498067,CTGL,SKYTECH ORION GLOBAL CORP.
0001568969,LOTT,Techlott Inc.
0001977971,ALTUF,Altura Energy Corp.
0001821806,LESL,"Leslie's, Inc."
0001376793,CVAT,"Cavitation Technologies, Inc."
0001689448,LILIF,Argentina Lithium & Energy Corp.
0002004489,BMGL,Basel Medical Group Ltd
0000845819,KTEL,"KonaTel, Inc."
0001342916,HNOI,"HNO International, Inc."
0000320017,LSTA,"LISATA THERAPEUTICS, INC."
0000811222,CDIX,Cardiff Lexington Corp
0001061612,JPOTF,Jackpot Digital Inc.
0001914805,BANL,CBL International Ltd
0002019435,BGL,Blue Gold Ltd
0001619096,SNTW,Summit Networks Inc.
0002030617,PMI,"Picard Medical, Inc."
0001527728,LNAI,Lunai Bioworks Inc.
0001712294,CPIVF,CAPTIVA VERDE WELLNESS CORP.
0001882781,CBLO,"C2 Blockchain, Inc."
0001671502,QNRX,"Quoin Pharmaceuticals, Ltd."
0001621832,AQMS,"Aqua Metals, Inc."
0001743905,RVSN,Rail Vision Ltd.
0001660046,IMRN,Immuron Ltd
0001989815,TRGEF,Targa Exploration Corp.
0001190370,IVDN,INNOVATIVE DESIGNS INC
0001414953,MOJO,EQUATOR Beverage Co
0000093314,VNRX,VOLITIONRX LTD
0001713539,KXIN,Kaixin Holdings
0001870600,SBDS,"Solo Brands, Inc."
0002058584,DKI,DarkIris Inc.
0001443863,BICX,BioCorRx Inc.
0001339005,FEMY,FEMASYS INC
0001847345,ASBP,"Aspire Biopharma Holdings, Inc."
0001171838,SUND,"Sundance Strategies, Inc."
0001967631,NAMI,Jinxin Technology Holding Co
0001304409,AHNRF,ATHENA GOLD CORP
0001668010,DBGI,"Digital Brands Group, Inc."
0002030763,MEDS,"DataMeds AI, Inc."
0001470683,AEHL,Antelope Enterprise Holdings Ltd
0001889791,INNPF,INNOCAN PHARMA Corp
0001923780,NCL,Northann Corp.
0001829809,BBBMF,Lux Metals Corp.
0001410428,XWEL,"XWELL, Inc."
0001754180,VNTXF,FORTE GROUP HOLDINGS INC.
0001649009,CHAI,"Core AI Holdings, Inc."
0001006028,PURE,"PURE BIOSCIENCE, INC."
0002006986,ADGM,"Adagio Medical Holdings, Inc."
0001022505,SDCH,"SideChannel, Inc."
0001592560,VSA,VisionSys AI Inc
0001836242,TKLF,"Tokyo Lifestyle Co., Ltd."
0001117057,PLAG,Planet Green Holdings Corp.
0002110423,DTSS,Datasea Intelligent Technology Ltd.
0001848782,PLCKF,Plurilock Security Inc.
0001610590,MBAI,Check-Cap Ltd
0001815566,IFBD,"Infobird Co., Ltd"
0000723533,WYGC,Wenyuan Group Corp.
0001796514,BTCT,BTC Digital Ltd.
0002027262,FTRK,Fast Track Group
0001309082,CEIN,"CAMBER ENERGY, INC."
0001840317,VEEA,VEEA INC.
0001864943,FGI,FGI Industries Ltd.
0001616262,RMCF,"Rocky Mountain Chocolate Factory, Inc."
0001707919,CENN,Cenntro Inc.
0001894525,APUS,"Apimeds Pharmaceuticals US, Inc."
0001734005,NIKI,"Niki BioSolutions, Inc."
0001895618,GXAI,GAXOS.AI INC.
0001477201,BCUFF,Bell Copper Corp
0001549631,QURT,"Quarta-Rad, Inc."
0002013792,EWSB,"EWSB Bancorp, Inc. /MD/"
0000888721,TRIB,TRINITY BIOTECH PLC
0000032621,MSN,EMERSON RADIO CORP
0002004024,LHSW,Lianhe Sowell International Group Ltd
0001701963,VS,Versus Systems Inc.
0001468492,HSCS,HeartSciences Inc.
0001557376,ZEOX,"Zeo ScientifiX, Inc."
0001042187,YHGJ,YUNHONG GREEN CTI LTD.
0001806524,LGHL,Lion Group Holding Ltd
0001728328,INM,InMed Pharmaceuticals Inc.
0001487091,QWTR,"Quest Water Global, Inc."
0001729427,CNSP,"CNS Pharmaceuticals, Inc."
0001995704,CUPR,Cuprina Holdings (Cayman) LTD
0001905511,JCSE,JE Cleantech Holdings Ltd
0001760903,BNKK,"BONK, INC."
0001628935,APMCF,MORIEN RESOURCES CORP.
0001641281,BOLT,"Bolt Biotherapeutics, Inc."
0001356371,AMLM,"AMERICAN LITHIUM MINERALS, INC."
0001527352,NXL,"Nexalin Technology, Inc."
0001911545,GITS,"Global Interactive Technologies, Inc."
0001938186,JYD,Jayud Global Logistics Ltd
0001415744,NMEX,NORTHERN MINERALS & EXPLORATION LTD.
0001853599,CCOOF,CORE SILVER CORP.
0001781983,APRE,"Aprea Therapeutics, Inc."
0001821424,UK,Ucommune International Ltd
0001745078,VYND,"Vynleads, Inc."
0001819704,MRM,Medirom Healthcare Technologies Inc.
0001425061,ZCRMF,Golden Cross Resources Inc.
0001938534,FBGL,FBS Global Ltd
0001875016,YMAT,"J-Star Holding Co., Ltd."
0001638287,MTVA,MetaVia Inc.
0002034400,BTTC,Black Titan Corp
0001419951,DTST,Data Storage Corp
0001859199,AIRE,reAlpha Tech Corp.
0001889352,CMHSF,COMPREHENSIVE HEALTHCARE SYSTEMS INC. (CANADA)
0001513525,ADIL,"ADIAL PHARMACEUTICALS, INC."
0000946644,AIM,AIM ImmunoTech Inc.
0001718224,BTBD,"BT Brands, Inc."
0002024876,EDHL,Everbright Digital Holding Ltd.
0001853070,SOAR,"Volato Group, Inc."
0001593184,BRGX,"BIOREGENX, INC."
0001868866,HAMRF,SILVER HAMMER MINING CORP
0001680378,SNES,"SenesTech, Inc."
0001949864,MGNC,Mag Magna Corp
0002032545,CJMB,CALLAN JMB INC.
0000087802,SCND,SCIENTIFIC INDUSTRIES INC
0001536811,THURF,Thunderstruck Resources Ltd.
0001661053,NVNO,enVVeno Medical Corp
0001083220,XELB,"XCel Brands, Inc."
0001494413,TWOH,Two Hands Corp
0001930179,ARBB,ARB IOT Group Ltd
0001527702,IQST,iQSTEL Inc
0001971387,LIMN,"Liminatus Pharma, Inc."
0002075349,SERPY,Top End Energy Ltd/ADR
0001648636,TRLEF,Trillion Energy International Inc.
0001958399,HCAI,"Huachen AI Parking Management Technology Holding Co., Ltd"
0000066496,MMTRS,MILLS MUSIC TRUST
0002009233,AGRZ,Agroz Inc.
0001967822,CGTL,Creative Global Technology Holdings Ltd
0001641398,GDC,GD Culture Group Ltd
0001536196,CANF,Can-Fite BioPharma Ltd.
0002058707,ATTO,"Attovia Therapeutics, Inc."
0001419793,OCLN,"ORIGINCLEAR, INC."
0001716770,WAFU,Wah Fu Education Group Ltd
0001130598,TRAW,"Traws Pharma, Inc."
0001023994,OLOX,OLENOX INDUSTRIES INC.
0001785566,ZCMD,Zhongchao Inc.
0001854526,BRQL,DYNAMIC AEROSPACE SYSTEMS Corp
0000749647,IMNN,"Imunon, Inc."
0001976443,SYNX,Silynxcom Ltd.
0001738177,CMBMF,Cambium Networks Corp
0001128281,SKAS,"Saker Aviation Services, Inc."
0001948099,MTEN,Mingteng International Corp Inc.
0001970544,ITOC,iTonic Holdings Ltd
0001966750,ZBAO,Zhibao Technology Inc.
0001552670,TAOP,Taoping Inc.
0001936817,HXHX,Haoxin Holdings Ltd
0002025218,DLXY,Delixy Holdings Ltd
0001814963,ILAG,Intelligent Living Application Group Inc.
0001372114,KLYG,"Kelyniam Global, Inc."
0000835662,AIXN,"AiXin Life International, Inc."
0001520556,AITTF,TRENCHANT TECHNOLOGIES CAPITAL CORP.
0001677077,ALZN,"Alzamend Neuro, Inc."
0002024899,MFBI,"Monroe Federal Bancorp, Inc."
0001652561,DQWS,DSwiss Inc
0001894693,SVRE,SaverOne 2014 Ltd.
0001574232,ADXN,Addex Therapeutics Ltd.
0001962011,KAPA,"Kairos Pharma, LTD."
0001588084,TANH,TANTECH HOLDINGS LTD
0001398713,URZEF,URZ3 ENERGY CORP.
0001742927,RVPH,"REVIVA PHARMACEUTICALS HOLDINGS, INC."
0001406944,TRBMF,TORQ RESOURCES INC.
0001879754,EHGO,EShallGo Inc.
0001937993,CVKD,"Cadrenal Therapeutics, Inc."
0001807166,AMST,Amesite Inc.
0001574235,PULM,"Pulmatrix, Inc."
0000923601,RIME,"Algorhythm Holdings, Inc."
0001157075,PMCB,"PharmaCyte Biotech, Inc."
0001808377,LUCY,Innovative Eyewear Inc
0001855509,VEEE,"Twin Vee PowerCats, Co."
0002056751,UUUFF,Recharge Resources Ltd.
0001713979,TRRFF,TRIFECTA GOLD LTD
0001905660,HUBC,Hub Cyber Security Ltd.
0001813419,NBLXF,Noble Plains Uranium Corp.
0000845385,PIAC,PRINCETON CAPITAL CORP
0001023549,XTLB,XTL BIOPHARMACEUTICALS LTD
0001123596,BABB,"BAB, INC."
0001701261,FAMI,"Farmmi, Inc."
0001849820,KITT,"Nauticus Robotics, Inc."
0001908705,GLE,Global Engine Group Holding Ltd
0001376321,CNET,ZW Data Action Technologies Inc.
0002048847,FCHDF,Fairchild Gold Corp.
0001622345,POLA,"Polar Power, Inc."
0001119190,RWAX,"TAP REAL ESTATE TECHNOLOGIES, INC."
0001826011,BNZI,"Banzai International, Inc."
0000890821,ENVB,"Enveric Biosciences, Inc."
0001736243,ACXP,"Acurx Pharmaceuticals, Inc."
0001881472,MEGL,Magic Empire Global Ltd
0002024258,POAS,PHAOS TECHNOLOGY HOLDINGS (CAYMAN) Ltd
0001831979,SDST,Stardust Power Inc.
0001941158,WETO,Wetour Robotics Ltd
0001088413,GLGI,"GREYSTONE LOGISTICS, INC."
0000029332,DXYN,DIXIE GROUP INC
0001920092,GELS,Gelteq Ltd
0001759614,YJ,Yunji Inc.
0002002236,SPHL,SPRINGVIEW HOLDINGS LTD
0001493712,STME,Stimcell Energetics Inc.
0001279620,ZDPY,"Zoned Properties, Inc."
0001534525,XBIO,"Xenetic Biosciences, Inc."
0001815021,BQ,Boqii Holding Ltd
0001835615,MHUAF,"Meihua International Medical Technologies Co., Ltd."
0001413745,YDKG,Yueda Digital Holding
0001681682,NDRA,ENDRA Life Sciences Inc.
0001716166,VVOS,"Vivos Therapeutics, Inc."
0001951667,CTNT,CHEETAH NET SUPPLY CHAIN SERVICE INC.
0002025942,CURX,Curanex Pharmaceuticals Inc
0001574565,EVGN,Evogene Ltd.
0001375348,GLNS,Golden Star Resource Corp.
0001979407,ORKT,ORANGEKLOUD TECHNOLOGY INC.
0001554818,AUUD,AUDDIA INC.
0002000756,KWM,K Wave Media Ltd.
0001935092,CETI,"Cyber Enviro-Tech, Inc."
0001779476,KRKR,36Kr Holdings Inc.
0001840416,SSM,Sono Group N.V.
0000812796,SNGX,"SOLIGENIX, INC."
0001588014,ADMQ,"ADM ENDEAVORS, INC."
0001580490,IONI,I-ON Digital Corp.
0001392694,SURG,"SurgePays, Inc."
0000925779,HIRU,HIRU Corp
0001533743,PCSA,"Processa Pharmaceuticals, Inc."
0001113313,AVNI,ARVANA INC
0001138586,XCRT,"Xcelerate, Inc."
0001692415,CODX,"Co-Diagnostics, Inc."
0001635077,ACON,"Aclarion, Inc."
0001083490,SRRE,SUNRISE REAL ESTATE GROUP INC
0001826892,BCAB,"BioAtla, Inc."
0001905956,TGL,TREASURE GLOBAL INC
0000313364,MTR,MESA ROYALTY TRUST/TX
0001031093,SVBL,"SILVER BULL RESOURCES, INC."
0001905920,GLXG,Galaxy Payroll Group Ltd
0001415332,LTUM,Lithium Corp
0001913749,GMM,Global Mofy AI Ltd
0001887673,WLDS,Wearable Devices Ltd.
0001631487,CLGN,CollPlant Biotechnologies Ltd
0001115864,ILXP,ECOMINAS CORP.
0001168981,LVRLF,CordovaCann Corp.
0001644903,YCBD,"cbdMD, Inc."
0001709626,NCNA,NuCana plc
0001505497,BRTX,"BioRestorative Therapies, Inc."
0001852440,JZ,Jianzhi Education Technology Group Co Ltd
0001781446,GAUZ,Gauzy Ltd.
0001993599,EUEMF,European Energy Metals Corp.
0001731854,FASLF,First Andes Silver Ltd.
0001645155,WBSR,Webstar Technology Group Inc.
0001770236,MITQ,MOVING iMAGE TECHNOLOGIES INC.
0001367083,SNOA,"Sonoma Pharmaceuticals, Inc."
0001327899,AAMTF,Armada Mercantile Ltd
0001139685,AIDX,"20/20 Biolabs, Inc."
0001741489,ELVG,"Elvictor Group, Inc."
0001927026,OBULF,One Bullion Ltd
0001679628,JUNS,"JUPITER NEUROSCIENCES, INC."
0001352952,CNFN,CFN Enterprises Inc.
0001161814,KIQSF,KELSO TECHNOLOGIES INC
0001828673,HCWB,HCW Biologics Inc.
0001481443,TCRI,"TechCom, Inc."
0001937737,MLEC,Moolec Science SA
0001671584,APVO,Aptevo Therapeutics Inc.
0001099369,DSNY,DESTINY MEDIA TECHNOLOGIES INC
0001946703,WBUY,WEBUY GLOBAL LTD
0001866146,IMIMF,Interra Copper Corp.
0001959023,RENX,RenX Enterprises Corp.
0001103833,CRWE,"Crown Equity Holdings, Inc."
0002074123,CCHH,CCH Holdings Ltd
0001594968,VEST,Loan Artificial Intelligence Corp.
0001585608,JAGX,"Jaguar Health, Inc."
0001595353,GLMD,Galmed Pharmaceuticals Ltd.
0000079661,PRSI,PORTSMOUTH SQUARE INC
0002003061,STFS,Star Fashion Culture Holdings Ltd
0001958133,DXST,Decent Holding Inc.
0001016504,INBP,INTEGRATED BIOPHARMA INC
0001648087,AREB,AMERICAN REBEL HOLDINGS INC
0001854480,DEVSF,DevvStream Corp.
0001607807,NVGLF,NV Gold Corp
0001934245,NWTG,"Newton Golf Company, Inc."
0001178697,SONM,"DNA X, Inc."
0001829635,RNAZ,"Transcode Therapeutics, Inc."
0001948864,HCWC,HEALTHY CHOICE WELLNESS CORP.
0001514183,SILO,"Silo Pharma, Inc."
0001130166,BGMS,"Bio Green Med Solution, Inc."
0002003977,CRE,Cre8 Enterprise Ltd
0001929783,WOK,WORK Medical Technology Group LTD
0001492617,FWFW,"FLYWHEEL ADVANCED TECHNOLOGY, INC."
0001424657,CUEN,Cuentas Inc.
0000318299,SRCO,"SPARTA COMMERCIAL SERVICES, INC."
0001019034,BKYI,BIO KEY INTERNATIONAL INC
0001095435,ALP,Alpha Compute Corp
0001993097,MASK,3 E Network Technology Group Ltd
0001853816,DRMA,"Dermata Therapeutics, Inc."
0001983324,RMSG,Real Messenger Corp
0002032341,CYAB,"CYABRA, INC."
0001187953,CELZ,"CREATIVE MEDICAL TECHNOLOGY HOLDINGS, INC."
0001810467,SNTG,Sentage Holdings Inc.
0001870144,CDIO,"Cardio Diagnostics Holdings, Inc."
0001807389,CPOP,"Pop Culture Group Co., Ltd"
0001979484,ABVEF,Above Food Ingredients Inc.
0001603978,AQB,AQUABOUNTY TECHNOLOGIES INC
0001916416,INTJ,Intelligent Group Ltd
0001709628,CSAI,"CLOUDASTRUCTURE, INC."
0001896752,SABOF,Sabio Holdings Inc.
0000793628,CHNR,CHINA NATURAL RESOURCES INC
0001849221,PMNT,Perfect Moment Ltd.
0000073290,BMRA,BIOMERICA INC
0001817760,SMTK,"SmartKem, Inc."
0000885462,GURE,"GULF RESOURCES, INC."
0001926293,GCDT,Green Circle Decarbonize Technology Ltd
0001288614,KRTL,KRTL Holding Group Inc
0001805594,JWEL,Jowell Global Ltd.
0001725430,INBS,INTELLIGENT BIO SOLUTIONS INC.
0001107421,TCRT,"Alaunos Therapeutics, Inc."
0001388295,ONEI,OneMeta Inc.
0001780785,CNEY,CN ENERGY GROUP. INC.
0001080448,PGOL,PATRIOT GOLD CORP
0001736289,ROIUF,Route1 Inc.
0001688126,CRCW,Crypto Co
0000746210,TWAV,"TaoWeave, Inc."
0001757715,ATER,"Aterian, Inc."
0001422892,SGLY,Singularity Future Technology Ltd.
0001314196,OLB,"OLB GROUP, INC."
0001866034,AWLIF,Ameriwest Critical Metals Inc.
0000882361,APTOF,Aptose Biosciences Inc.
0001611746,SPRC,SciSparc Ltd.
0001621672,SLE,"Super League Enterprise, Inc."
0001011509,AUMN,Golden Minerals Co
0001627282,CWD,CaliberCos Inc.
0001546296,IPDN,"Professional Diversity Network, Inc."
0001122993,BMXI,BROOKMOUNT EXPLORATIONS INC
0001680048,MBIO,"MUSTANG BIO, INC."
0001435064,CETX,CEMTREX INC
0001864531,VSEE,"VSEE HEALTH, INC."
0001991592,INLF,INLIF Ltd
0001121795,GHST,GHST World Inc.
0001763660,SEAV,SEATech Ventures Corp.
0001840563,ELAB,PMGC Holdings Inc.
0001026785,HIHO,HIGHWAY HOLDINGS LTD
0001004724,RHEP,"REGIONAL HEALTH PROPERTIES, INC"
0001510964,CVSI,"CV Sciences, Inc."
0001840102,SPTY,"SPECIFICITY, INC."
0002020228,MSGY,Masonglory Ltd
0001948294,NWGL,CL Workshop Group Ltd
0001751876,PAVS,Paranovus Entertainment Technology Ltd.
0001712762,BIAF,"bioAffinity Technologies, Inc."
0001964979,ALUR,"ALLURION TECHNOLOGIES, INC."
0000862022,HGTXU,HUGOTON ROYALTY TRUST
0000824416,QPRC,QUEST PATENT RESEARCH CORP
0001703625,BLIS,"NAPC Defense, Inc."
0001553846,RDHL,RedHill Biopharma Ltd.
0001873213,BRWC,Birdie Win Corp
0001875547,LCFY,Locafy Ltd
0001468929,NXGL,"NEXGEL, INC."
0001279715,IWSH,"Wright Investors Service Holdings, Inc."
0001826376,GSUN,Golden Sun Technology Group Ltd.
0000856984,USAQ,"QHSLab, Inc."
0001439264,MVNC,Marvion Inc.
0000748592,ERNA,Ernexa Therapeutics Inc.
0001716947,ENSC,"Ensysce Biosciences, Inc."
0001985337,YYGH,YY Group Holding Ltd.
0001035422,CTTH,"CTT PHARMACEUTICAL HOLDINGS, INC."
0001641631,XAIR,"Beyond Air, Inc."
0000768408,CYAN,CYANOTECH CORP
0000887151,CAPS,Capstone Holding Corp.
0001854257,TBLLF,Tombill Mines Ltd
0001810560,REVB,"REVELATION BIOSCIENCES, INC."
0001435617,PWDY,"POWERDYNE INTERNATIONAL, INC."
0001769768,EJH,E-Home Household Service Holdings Ltd
0001613979,ZPHYF,ZEPHYR MINERALS LTD.
0001284237,ABCFF,ABACUS MINING & EXPLORATION CORP
0001995574,ICON,Icon Energy Corp
0001811999,FMHS,"FARMHOUSE, INC. /NV"
0001691221,FRSX,Foresight Autonomous Holdings Ltd.
0001729214,XRTX,XORTX Therapeutics Inc.
0001349706,TOGI,"TurnOnGreen, Inc."
0002099727,INEOF,INEO Tech Corp.
0001813783,VMAR,Vision Marine Technologies Inc.
0001790169,ZSTK,ZeroStack Corp.
0001959726,AZI,Autozi Internet Technology (Global) Ltd.
0001650101,ATXG,ADDENTAX GROUP CORP.
0001199392,EGMCF,EMERGENT METALS CORP.
0000832489,GOVX,"GeoVax Labs, Inc."
0001506983,GCTK,"Glucotrack, Inc."
0002041338,TDIC,Dreamland Ltd
0001889823,DFSC,DEFSEC Technologies Inc.
0001990251,WCT,Wellchange Holdings Co Ltd
0001958777,FBLG,"FibroBiologics, Inc."
0000814926,CAPC,"CAPSTONE COMPANIES, INC."
0001490873,ESSI,"ECO SCIENCE SOLUTIONS, INC."
0001296484,TOPS,TOP SHIPS INC.
0001951229,RITR,Reitar Logtech Holdings Ltd
0001575858,PUBC,Purebase Corp
0002079272,LABT,Lakewood-Amedex Biotherapeutics Inc.
0001650575,BRQSF,"Borqs Technologies, Inc."
0001413891,HWNI,"HIGH WIRE NETWORKS, INC."
0001794942,SKFG,"Stark Focus Group, Inc."
0001696025,KCRD,"Kindcard, Inc."
0001738758,CHR,"Cheer Holding, Inc."
0000944075,SCKT,"SOCKET MOBILE, INC."
0001894954,XPON,Expion360 Inc.
0001673475,GPOX,"GPO Plus, Inc."
0001937453,NIOMF,First American Uranium Inc.
0001927578,NTCL,NetClass Technology Inc
0001470129,VIIQ,VisitIQ Corp.
0001560293,TNON,"Tenon Medical, Inc."
0001781397,EEIQ,EpicQuest Education Group International Ltd
0000105744,GBR,"New Concept Energy, Inc."
0000730349,TOFB,TOFUTTI BRANDS INC
0001557798,CIIT,"Tianci International, Inc."
0001951294,VSME,VS MEDIA Holdings Ltd
0001892322,HTCR,"HeartCore Enterprises, Inc."
0001944902,OMH,Ohmyhome Ltd
0001433309,PLTYF,"Plastec Technologies, Ltd."
0001178660,TUTH,Standard Dental Labs Inc.
0002018222,JEM,707 Cayman Holdings Ltd.
0001917817,SYGCF,Sylla Gold Corp.
0001415758,NVSGF,Nevada Sunrise Metals Corp.
0000921968,HVGDF,HARVEST GOLD CORP
0001550913,MKZR,"MacKenzie Realty Capital, Inc."
0001308027,VYST,Vystar Corp
0001787803,WNW,Meiwu Technology Co Ltd
0001028357,BITTF,BITTERROOT RESOURCES LTD
0001847706,PSYCF,Psyched Wellness Ltd.
0001355736,AVCRF,Avricore Health Inc.
0001532619,PW,Power REIT
0001854572,IZM,ICZOOM Group Inc.
0001737523,BGLC,BioNexus Gene Lab Corp
0001946563,SXTP,"60 DEGREES PHARMACEUTICALS, INC."
0001776067,OCG,Oriental Culture Holding LTD
0001107280,OVTZ,OCULUS INC.
0001025771,WHLT,CHASE PACKAGING CORP
0001801834,PRFX,PRF Technologies Ltd.
0001823466,NOTE,"FiscalNote Holdings, Inc."
0001502966,FUNI,"Hypha Labs, Inc."
0001930510,VCIG,VCI Global Ltd
0001850767,ACUT,Accustem Sciences Inc.
0001517496,SLAIY,SOLAI Ltd
0001864055,ABTS,Abits Group Inc
0001960262,LUDG,"LUDWIG ENTERPRISES, INC."
0001595248,GNPX,"Genprex, Inc."
0001652539,SNRG,SusGlobal Energy Corp.
0001868050,CPCPF,CopperCorp Resources Inc.
0001393772,BUDZ,"WEED, INC."
0001659617,MBRX,"Moleculin Biotech, Inc."
0001391135,LIFD,LFTD PARTNERS INC.
0001447380,MFON,MOBIVITY HOLDINGS CORP.
0001888014,AKAN,AKANDA CORP.
0001358190,ITP,"IT TECH PACKAGING, INC."
0001756180,NCRA,"NOCERA, INC."
0001814067,LXEH,Lixiang Education Holding Co. Ltd.
0001397183,IVDA,"Iveda Solutions, Inc."
0001414767,NCPL,Netcapital Inc.
0001782107,ONCO,"Onconetix, Inc."
0000846377,TGNT,"Totaligent, Inc."
0002012096,PMAX,Powell Max Ltd
0001080657,SQFT,"Presidio Property Trust, Inc."
0001981662,NIVF,NewGenIvf Group Ltd
0001861622,JTAI,Jet.AI Inc.
0001402328,SBFM,Sunshine Biopharma Inc.
0001975940,FLYE,"Fly-E Group, Inc."
0001621221,ARTL,"ARTELO BIOSCIENCES, INC."
0001605331,AERA,AI Era Corp.
0001717695,VRRCF,VR Resources Ltd.
0001445815,BIXT,"BIOXYTRAN, INC"
0001589149,GWAV,"Greenwave Technology Solutions, Inc."
0001884164,KWIK,"KwikClick, Inc."
0001412126,RMSL,RemSleep Holdings Inc.
0001843165,YHC,LQR House Inc.
0000849401,ADMT,"ADM TRONICS UNLIMITED, INC."
0001856084,RDGT,Ridgetech Inc.
0001726711,ADTX,"Aditxt, Inc."
0001793895,CDTG,CDT Environmental Technology Investment Holdings Ltd
0001931717,CCTG,CCSC Technology International Holdings Ltd
0001962738,CASIF,"CASI Pharmaceuticals, Inc."
0001558569,ISPC,iSpecimen Inc.
0002036307,OFAL,OFA Group
0001630212,CHGA,Change Agents Corporation.
0001695295,HYFM,"HYDROFARM HOLDINGS GROUP, INC."
0001825349,CHSN,Chanson International Holding
0001991605,YMT,Yimutian Inc.
0001825875,RAYA,Erayak Power Solution Group Inc.
0001789192,NXTS,Nexentis Technologies Inc.
0001484674,ATMH,"ALL THINGS MOBILE ANALYTIC, INC."
0000774415,KRFG,"King Resources, Inc."
0002126221,RECX,"Recreatives Industries, Inc."
0001543652,FFLO,"Free Flow USA, Inc."
0001892500,CMND,Clearmind Medicine Inc.
0001874907,DEFG,Grayscale Decentralized Finance (DeFi) Fund LLC
0001969863,SUGP,SU Group Holdings Ltd
0001986247,BYAH,"Park Ha Biological Technology Co., Ltd."
0001824293,GRI,"GRI Bio, Inc."
0001498148,AITX,Artificial Intelligence Technology Solutions Inc.
0001324759,HGYN,HONG YUAN HOLDING GROUP
0001978527,GVH,Globavend Holdings Ltd
0000895464,YBGJ,Yubo International Biotech Ltd
0001771039,SSEBF,SILVER SPRUCE RESOURCES INC.
0001713210,ATPC,Agape ATP Corp
0001723980,SXTC,"China SXT Pharmaceuticals, Inc."
0001734427,CRUCF,Colibri Resource Corp
0001945619,KSEZ,Kinetic Seas Inc.
0001374567,LUVU,"Luvu Brands, Inc."
0001424768,VYCO,VYCOR MEDICAL INC
0001591913,IPSI,"Innovative Payment Solutions, Inc."
0001174940,OGEN,ORAGENICS INC
0001517681,PPCB,"Propanc Biopharma, Inc."
0001553788,SBEV,"SPLASH BEVERAGE GROUP, INC."
0001265521,PMHS,"Polomar Health Services, Inc."
0001839285,HCTI,"Healthcare Triangle, Inc."
0001789299,FXHO,UTime Ltd
0000775057,ALTX,ALTEX INDUSTRIES INC
0001440799,MMEX,MMEX Resources Corp
0001471781,GTCH,GBT Technologies Inc.
0001757499,SHPH,"Shuttle Pharmaceuticals Holdings, Inc."
0001809616,UPC,Universe Pharmaceuticals INC
0001082733,VISM,"VISIUM TECHNOLOGIES, INC."
0001701478,AZTR,"Azitra, Inc."
0001615219,DCOY,Decoy Therapeutics Inc.
0001624512,BOXL,Boxlight Corp
0001950209,ZHDM,Ainnova Tech
0001806904,EZGO,EZGO Technologies Ltd.
0001885827,VRAX,Virax Biolabs Group Ltd
0001976695,MNDR,Mobile-health Network Solutions
0001355790,ISCO,International Stem Cell CORP
0001912884,RPGL,Republic Power Group Ltd
0001172178,LBSR,LIBERTY STAR URANIUM & METALS CORP.
0001911467,CRCE,"Circle Energy, Inc./NV"
0001370816,FBCD,"FBC Holding, Inc."
0001855485,CLDI,"Calidi Biotherapeutics, Inc."
0001739174,PHGE,BiomX Inc.
0002022416,SLXN,Silexion Therapeutics Corp
0001326706,FEED,"ENvue Medical, Inc."
0001066923,FTFT,Future FinTech Group Inc.
0001630113,BTCY,BIOTRICITY INC.
0001582554,MTNB,"Matinas BioPharma Holdings, Inc."
0001885408,NEXR,Nexera Technologies Ltd
0001640384,PWCM,"POWERCOMPUTE, INC."
0001880613,DRCT,"Direct Digital Holdings, Inc."
0001018735,NYMXF,NYMOX PHARMACEUTICAL CORP
0001515317,MAGE,MAGELLAN COPPER & GOLD Corp
0001617867,AMIX,"Autonomix Medical, Inc."
0001958713,MI,NFT Ltd
0001735556,BTOG,BIT ORIGIN Ltd
0001341878,SCDA,"B-Scada, Inc."
0001211805,MYSZ,"My Size, Inc."
0000849997,FECOF,FEC Resources Inc.
0001445467,AVPMF,AVRUPA MINERALS LTD.
0001680513,IPTNF,IMPACT ANALYTICS INC.
0001584480,GTIC,"Greentech Innovations, Inc."
0001896212,CDT,CDT Equity Inc.
0001411057,CBIH,"Cannabis Bioscience International Holdings, Inc."
0000278165,OMQS,OMNIQ Corp.
0001417926,IVF,"INVO Fertility, Inc."
0001972074,LNKS,Linkers Industries Ltd
0001705402,AGMH,"AGM GROUP HOLDINGS, INC."
0001949478,DTCKF,DAVIS COMMODITIES Ltd
0001879403,LRHC,La Rosa Holdings Corp.
0001083468,EARI,"ENTERTAINMENT ARTS RESEARCH, INC."
0000882291,AEMD,AETHLON MEDICAL INC
0001568385,BMTM,"Bright Mountain Media, Inc."
0001723455,SRKZF,SKY GOLD CORP.
0001642178,AGNPF,Grey Matters Health Inc.
0001996586,CNRCF,Canter Resources Corp.
0001924482,IBG,Innovation Beverage Group Ltd
0001611046,MDLK,ModuLink Inc.
0001785056,TRNR,"Interactive Strength, Inc."
0001499494,DXF,Eason Technology Ltd
0001788230,IPST,"IP STRATEGY HOLDINGS, INC."
0001636051,FUST,FUSE GROUP HOLDING INC.
0001419554,BBLG,Bone Biologics Corp
0001543637,NUMD,"Nu-Med Plus, Inc."
0001425627,SOBR,"SOBR Safe, Inc."
0001812727,EZRA,"Reliance Global Group, Inc."
0001444839,BRVO,Bravo Multinational Inc.
0001973368,SVUHF,SRIVARU Holding Ltd
0001668438,IMTE,Integrated Media Technology Ltd
0001809750,EDBL,Edible Garden AG Inc
0001687542,FRGT,"Freight Technologies, Inc."
0001828098,STKH,Steakholder Foods Ltd.
0002039060,RBNE,Robin Energy Ltd.
0001178526,VERTF,Vertiqal Studios Corp.
0000932021,GTLL,GLOBAL TECHNOLOGIES LTD
0001945166,MECPF,MUSTANG ENERGY CORP.
0001970125,FDXTF,FENDX TECHNOLOGIES INC.
0001898604,VSTD,Vestand Inc.
0001081938,CPMD,"CANNAPHARMARX, INC."
0001469443,RKDA,"Arcadia Biosciences, Inc."
0001532390,WTER,ALKALINE WATER Co INC
0001570937,PREM,Premier Air Charter Holdings Inc.
0001880343,AMZE,"AMAZE HOLDINGS, INC."
0001555017,SKYI,"Sky Century Investment, Inc."
0001900720,EPWKF,EPWK Holdings Ltd.
0001971260,CLDVF,Cloud3 Ventures Inc.
0002023796,FCHL,Fitness Champs Holdings Ltd
0001611747,SCNI,Scinai Immunotherapeutics Ltd.
0001347858,XXII,"22nd Century Group, Inc."
0001893219,ABPO,"Abpro Holdings, Inc."
0001514443,AGSS,"AMERIGUARD SECURITY SERVICES, INC."
0001583771,HEPA,"Hepion Pharmaceuticals, Inc."
0000862668,ESMC,ESCALON MEDICAL CORP
0001744494,ADNH,"ADVENT TECHNOLOGIES HOLDINGS, INC."
0001708160,GPUSF,Alset Capital Inc.
0001450704,VIVK,"Vivakor, Inc."
0000894501,GRHI,"GOLD ROCK HOLDINGS, INC."
0001300306,EMRH,EMERGING HOLDINGS INC
0001943421,RUBI,Rubico Inc.
0001614744,PPBT,PURPLE BIOTECH LTD.
0001901215,BNRG,Brenmiller Energy Ltd.
0001643918,BDRX,Biodexa Pharmaceuticals Plc
0001787740,VBIO,"Valion Bio, Inc."
0001362516,CLRI,"Cleartronic, Inc."
0001854963,SHFS,"SHF Holdings, Inc."
0001335288,REOS,ReoStar Energy CORP
0001141284,ASNS,ACTELIS NETWORKS INC
0001743745,GNLN,"Greenlane Holdings, Inc."
0001497253,VIVS,"VivoSim Labs, INC."
0001928581,GMEX,GMEX Robotics Corp
0001892292,MSS,Maison Solutions Inc.
0001989930,FGL,Founder Group Ltd
0001745621,GENN,Genneia S.A.
0001358633,SNBH,SENTIENT BRANDS HOLDINGS INC.
0002022308,KIDZ,KIDZ AI Inc.
0002006925,LNTO,LELANTOS HOLDINGS INC.
0001651992,ASFT,"Appsoft Technologies, Inc."
0001360442,DOGP,"Dogecoin Cash, Inc."
0001807616,HIGR,Hi-Great Group Holding Co
0001515139,WAST,WASTE ENERGY CORP.
0001880431,VHAI,Vocodia Holdings Corp
0001085277,SKVI,"SKINVISIBLE, INC."
0002013186,TNMG,TNL Mediagene
0001757143,PAIYY,Aesthetic Medical International Holdings Group Ltd
0001830072,IPW,iPower Inc.
0001618835,EVFM,"Evofem Biosciences, Inc."
0001792030,IMCC,IM Cannabis Corp.
0001694617,ROYL,"Royale Energy, Inc."
0001143994,MRPT,MACREPORT NET INC
0001813603,HSTA,Hestia Insight Inc.
0001857086,TRUG,"TruGolf Holdings, Inc."
0001811216,BAOS,Baosheng Media Group Holdings Ltd
0001530425,ARRT,"Artisan Consumer Goods, Inc."
0001935172,AIXI,Xiao-I Corp
0001760026,RMTG,Regenerative Medical Technology Group Inc.
0001716621,VTAK,"Catheter Precision, Inc."
0001704287,BJDX,"Bluejay Diagnostics, Inc."
0001172069,PTOS,"P2 Solar, Inc."
0000794998,SETO,SETO HOLDINGS INC
0000790273,CONC,CONECTISYS CORP
0001465311,ZICX,Zicix Corp
0000744452,BNBX,BNB PLUS CORP.
0001452583,CBMJ,"CONSERVATIVE BROADCAST MEDIA & PUBLISHING, INC."
0001043150,EEGI,"Eline Entertainment Group, Inc."
0001386044,TAAG,"Awareness Group, Inc."
0001644963,ATXI,"AVENUE THERAPEUTICS, INC."
0001342958,KUST,"KUSTOM ENTERTAINMENT, INC."
0001859007,ZVSA,"ZyVersa Therapeutics, Inc."
0001964664,ORISF,ORIENTAL RISE HOLDINGS Ltd
0001603345,AGTX,Agentix Corp.
0002033770,DAIC,"CID Holdco, Inc."
0001409253,NAFS,"Havana Roasters Coffee Companies, Inc."
0000866439,DPLS,"DarkPulse, Inc."
0001393781,QIND,Quality Industrial Corp.
0001892274,GV,Visionary Holdings Inc.
0001346917,GNTOF,GENTOR RESOURCES INC.
0001637147,ZSPC,"zSpace, Inc."
0001544883,WLFFF,Wolfden Resources Corp
0001527613,CIMG,CIMG Inc.
0001586554,CBDY,Target Group Inc.
0001784058,PNYG,Pony Group Inc.
0001816172,JZXN,"Jiuzi Holdings, Inc."
0001680689,NRHI,"Natural Resource Holdings, Inc."
0001626644,ODYY,"Odyssey Health, Inc."
0001753391,QSJC,"TANCHENG GROUP CO., LTD."
0000822370,EMMA,"Emmaus Life Sciences, Inc."
0001703073,VIVC,VIVIC CORP.
0000802257,MITI,"Mitesco, Inc."
0001854275,ZCAR,"Zoomcar Holdings, Inc."
0001674227,WORX,SCWorx Corp.
0000724445,BZYR,BURZYNSKI RESEARCH INSTITUTE INC
0001599117,MNTR,"Mentor Capital, Inc."
0001755101,ALDS,APPlife Digital Solutions Inc
0001454742,GMER,"GOOD GAMING, INC."
0000868278,PRPH,"ProPhase Labs, Inc."
0001661600,SATT,SATIVUS TECH CORP.
0001978165,LITSF,LITHOS GROUP LTD.
0001651721,GIPR,"GENERATION INCOME PROPERTIES, INC."
0001487615,EMBYF,Nexera Energy Inc.
0001127475,DBMM,"Digital Brand Media & Marketing Group, Inc."
0001517389,JFIL,"Jubilant Flame International, Ltd"
0001978151,DGTEF,Eat & Beyond Global Holdings Inc.
0001502758,NULGF,NuLegacy Gold Corp
0001842939,XAGE,"Longevity Health Holdings, Inc."
0001776073,CBDL,CBD Life Sciences Inc.
0001463208,TLSS,"Transportation & Logistics Systems, Inc."
0001859807,PFSA,"Profusa, Inc."
0000721693,CREG,Smart Powerr Corp.
0001527541,WHLR,"Wheeler Real Estate Investment Trust, Inc."
0001825452,ONFO,"Onfolio Holdings, Inc"
0002015691,ELPW,Elong Power Holding Ltd.
0001747661,ZNB,Zeta Network Group
0000827187,SNBRQ,Sleep Number Corp
0000800523,GGLXF,GGL RESOURCES CORP.
0001812173,RBOT,Vicarious Surgical Inc.
0001346022,ENRT,Enertopia Corp.
0001836875,NVVE,Nuvve Holding Corp.
0001427644,SLDC,"Solidus Communications, Inc."
0000912544,NSTM,NovelStem International Corp.
0001762239,KAVL,"Kaival Brands Innovations Group, Inc."
0000820771,GFMH,Goliath Film & Media Holdings
0001916558,TRWD,Tradewinds Universal
0001847462,AYRWF,Ayr Wellness Inc.
0001902276,WCUFF,World Copper Ltd.
0001566826,LGMK,"LogicMark, Inc."
0001870404,CERO,"CERO THERAPEUTICS HOLDINGS, INC."
0001888151,FMTOF,Femto Technologies Inc.
0001084475,NIHK,"Video River Networks, Inc."
0001947861,NMHI,Nature's Miracle Holding Inc.
0001453122,DDDX,"3DX Industries, Inc."
0000836564,CPMV,Mosaic ImmunoEngineering Inc.
0001609258,PTCO,PetroGas Co
0000720154,NOTVQ,"Inotiv, Inc."
0001682265,ONAR,Onar Holding Corp
0001990446,GRPS,"Trans American Aquaculture, Inc"
0001381074,RTCJF,Baijiayun Group Ltd
0001680132,CSUI,CANNABIS SUISSE CORP.
0001796898,MAXNQ,"Maxeon Solar Technologies, Ltd."
0001954594,HAO,Haoxi Health Technology Ltd
0000946486,WINT,WINDTREE THERAPEUTICS INC /DE/
0001022899,PTIX,"Protagenic Therapeutics, Inc.\new"
0001404593,MDCE,Medical Care Technologies Inc.
0001695473,GCAN,"Greater Cannabis Company, Inc."
0001227282,SPOWF,Strata Power Corp
0001817232,HGAS,Global Gas Corp
0001877461,CBDW,1606 CORP.
0001416876,FCHS,"First Choice Healthcare Solutions, Inc."
0001084937,GREH,Green Rain Energy Holdings Inc.
0001290658,ITOX,"IIOT-OXYS, Inc."
0001741220,CWPE,CW Petroleum Corp
0000352991,AOXY,ADVANCED OXYGEN TECHNOLOGIES INC
0001601936,CYTOF,Altamira Therapeutics Ltd.
0001497230,FYNN,Fyntechnical Innovations Inc
0001763329,AIBT,"AIBOTICS, INC."
0001098462,MTLK,METALINK LTD
0001395005,BFCH,"UNLOCKD, Inc."
0001801602,SBIG,"SpringBig Holdings, Inc."
0001741534,UOKAF,MDJM LTD
0000918573,GRVE,GROOVE BOTANICALS INC.
0001511820,STEK,Stemtech Corp
0001901799,BTMCQ,Bitcoin Depot Inc.
0001823126,GRXXF,Critical Reagent Processing Corp.
0001873722,BBLR,Bubblr Inc.
0001404804,OMTK,Omnitek Engineering Corp
0001837254,MEHA,Functional Brands Inc.
0001872292,RAKR,Rainmaker Worldwide Inc.
0001530746,KAYS,"Kaya Holdings, Inc."
0001356914,ECPL,ECOPLUS INC
0001068689,ATDS,"Data443 Risk Mitigation, Inc."
0001951067,CISS,C3is Inc.
0001782941,TIRXF,TIAN RUIXIANG HOLDINGS LTD
0001392449,GPLB,Green Planet Bio Engineering Co. Ltd.
0001230524,LEEN,"Leopard Energy, Inc."
0001407704,BOTY,"LINGERIE FIGHTING CHAMPIONSHIPS, INC."
0001506492,NUWE,"Nuwellis, Inc."
0001343009,CNBX,CNBX Pharmaceuticals Inc.
0001347242,LIPO,LIPELLA PHARMACEUTICALS INC.
0000813716,CIRX,CIRTRAN CORP
0001815903,PTPI,"Petros Pharmaceuticals, Inc."
0001674440,YYAI,AIRWA INC.
0001062506,ALDA,ATLANTICA INC
0001622244,OWPC,"One World Products, Inc."
0001843588,REEAF,REE Automotive Ltd.
0001558740,WNLV,Winvest Group Ltd
0001730773,BSFC,Blue Star Foods Corp.
0001679817,OZSC,"OZOP ENERGY SOLUTIONS, INC."
0001058623,CMLS,CUMULUS MEDIA INC
0001869974,OCEA,"Ocean Biomedical, Inc."
0001788841,MCOM,micromobility.com Inc.
0001990950,SELXF,Semilux International Ltd.
0001132509,NNAX,New Momentum Corp.
0001495584,SVVC,"Firsthand Technology Value Fund, Inc."
0001589150,RGBP,Regen BioPharma Inc
0001575142,BDPT,"BIOADAPTIVES, INC."
0001865494,IOBTQ,"IO Biotech, Inc."
0000915661,GRLF,GREEN LEAF INNOVATIONS INC
0001896425,LBGJ,Li Bang International Corp Inc.
0001812360,FOXO,FOXO TECHNOLOGIES INC.
0001886362,MGAM,"Mobile Global Esports, Inc."
0002011954,TWNPQ,Twin Hospitality Group Inc.
0001365359,PCGC,"HYDRO POWER TECHNOLOGIES, INC."
0001725911,NBND,NetBrands Corp.
0001994624,STAI,ScanTech AI Systems Inc.
0001128189,PKTX,"ProtoKinetix, Inc."
0001710495,PNXP,PINEAPPLE EXPRESS CANNABIS Co
0001499961,BINI,"BOLLINGER INNOVATIONS, INC."
0001169138,GBUX,"GIVBUX, INC."
0001877430,ETUGF,E2Gold Inc.
0001817511,SOPAQ,SOCIETY PASS INCORPORATED.
0001130781,BMPA,"BMP AI Technologies, Inc."
0001409197,BSPK,"Bespoke Extracts, Inc."
0001576197,SENR,"Strategic Environmental & Energy Resources, Inc."
0001759136,BHATF,Blue Hat Interactive Entertainment Technology
0001804792,USAM,ARES STRATEGIC MINING INC.
0001619227,CLOW,"Cloudweb, Inc."
0001937441,AMBIQ,Ambipar Emergency Response
0001434601,TMGI,"Transglobal Management Group, Inc."
0001705012,FATAQ,"Fat Brands, Inc"
0001802450,MSPR,"MSP Recovery, Inc."
0001899658,WLGSF,"WANG & LEE GROUP, Inc."
0001803096,STRG,"STARGUIDE GROUP, INC."
0001732409,BCHG,Grayscale Bitcoin Cash Trust (BCH)
0001756404,PDSRX,Principal Real Asset Fund
0001744489,DIS,Walt Disney Co
0001852753,TSLVF,TIER ONE SILVER INC.
0001759124,IAUM,iShares Gold Trust Micro
0001805284,RKT,"Rocket Companies, Inc."
0001812286,VCRDX,Harrison Street Infrastructure Income Fund
0001610940,BDRY,Amplify Commodity Trust
0001618755,QSP,Restaurant Brands International Limited Partnership
0001642896,IOT,Samsara Inc.
0001499620,TAL,TAL Education Group
0001500881,EU,enCore Energy Corp.
0001501585,HII,"HUNTINGTON INGALLS INDUSTRIES, INC."
0001653192,CNGKY,Cheung Kong Property Holdings Limited/ADR
0001604174,ECC,Eagle Point Credit Co
0001588489,GBTC,Grayscale Bitcoin Trust ETF
0001560143,WYTC,WYTEC INTERNATIONAL INC
0001629210,PZG,Paramount Gold Nevada Corp.
0001705181,ETCG,Grayscale Ethereum Classic Trust (ETC)
0001703056,ADT,ADT Inc.
0001690437,BAR,GraniteShares Gold Trust
0001690842,PLTM,GraniteShares Platinum Trust
0001726122,CEF,Sprott Physical Gold & Silver Trust
0001729997,GDLC,Grayscale CoinDesk Crypto 5 ETF
0001782265,GIXI,Gix Internet Ltd.
0001793497,UVIX,VS Trust
0001763415,BITB,Bitwise Bitcoin ETF
0001767057,OBTC,Osprey Bitcoin Trust
0001745648,APMD,"Apnimed, Inc."
0001723788,BITW,Bitwise 10 Crypto Index ETF
0001736541,NIO,NIO Inc.
0001708646,AAAU,Goldman Sachs Physical Gold ETF
0001666700,DD,"DuPont de Nemours, Inc."
0001926314,OCAC,Ocean Capital Acquisition Corp
0001892704,FBDT,"First Breach, Inc."
0001868279,AVBP,"ArriVent BioPharma, Inc."
0001807936,BABYD,Else Nutrition Holdings Inc.
0001747570,NEPRY,NEPI Rockcastle plc/ADR
0001761325,GXLM,Grayscale Stellar Lumens Trust (XLM)
0001779977,SEQC,"SeeQC, Inc."
0001681459,FTI,TechnipFMC plc
0001699150,IR,Ingersoll Rand Inc.
0001732406,LTCN,Grayscale Litecoin Trust (LTC)
0001720265,ZCSH,Grayscale Zcash Trust (ZEC)
0001725210,ETHE,Grayscale Ethereum Staking ETF
0001733998,NWN,Northwest Natural Holding Co
0001690012,ICR-PA,"InPoint Commercial Real Estate Income, Inc."
0001694426,DK,"Delek US Holdings, Inc."
0001703399,SE,Sea Ltd
0001813744,WDSP,"World Scan Project, Inc."
0001818274,ARAI,Arrive AI Inc.
0001632127,CABO,"Cable One, Inc."
0001580905,IBP,"Installed Building Products, Inc."
0001503812,PRBRY,PREMIUM BRANDS HOLDINGS Corp
0001501103,EDF,Virtus Stone Harbor Emerging Markets Income Fund
0001499832,TSQ,"Townsquare Media, Inc."
0001499849,LND,BrasilAgro - Brazilian Agricultural Real Estate Co
0001500217,AAT,"American Assets Trust, Inc."
0001496292,IHD,Voya Emerging Markets High Dividend Equity Fund
0001519469,AEC,ANFIELD ENERGY INC.
0001504461,NGL,NGL Energy Partners LP
0001514490,RGT,"ROYCE GLOBAL TRUST, INC."
0001544088,DSRNY,DiaSorin SpA/ADR
0001571949,ICE,"Intercontinental Exchange, Inc."
0001548717,LDP,"Cohen & Steers Ltd Duration Preferred & Income Fund, Inc."
0001718728,SYTN,Syntiant Corp.
0001771515,GO,Grocery Outlet Holding Corp.
0001761612,BCYC,BICYCLE THERAPEUTICS PLC
0001505413,VOC,VOC Energy Trust
0001509991,KOS,Kosmos Energy Ltd.
0001517518,EMO,ClearBridge Energy Midstream Opportunity Fund Inc.
0001494558,AMBO,Ambow Education Holding Ltd.
0001495651,PPURF,Ucore Rare Metals Inc.
0001472494,BNO,"United States Brent Oil Fund, LP"
0001459862,PALL,abrdn Palladium ETF Trust
0001383082,DBA,INVESCO DB AGRICULTURE FUND
0001383084,DBB,INVESCO DB BASE METALS FUND
0001396277,CHW,Calamos Global Dynamic Income Fund
0001401257,FET,"FORUM ENERGY TECHNOLOGIES, INC."
0001429937,BTG,B2GOLD CORP
0001528356,GNE,Genie Energy Ltd.
0001545772,BPYPP,Brookfield Property Partners L.P.
0001521404,BGH,BARINGS GLOBAL SHORT DURATION HIGH YIELD FUND
0001516535,MROSY,Melrose Industries Plc/ADR
0001518557,MMD,NYLI MacKay DefinedTerm Muni Opportunities Fund
0001518621,ORC,"Orchid Island Capital, Inc."
0001520118,MWAI,"MedWellAI, Inc."
0001585855,GGZ,Gabelli Global Small & Mid Cap Value Trust
0001616707,W,Wayfair Inc.
0001562401,AMH,American Homes 4 Rent
0001562733,SNYR,Synergy CHC Corp.
0001547870,BUHPY,Bumrungrad Hospital Public Co Limited/ADR
0001672013,GOLF,Acushnet Holdings Corp.
0001616678,BST,BlackRock Science & Technology Trust
0001587732,OGS,"ONE Gas, Inc."
0001579878,FIG,"Figma, Inc."
0001582820,IPSAY,IPSOS/ADR
0001562294,EYUBY,Electricity Generating Public Co Limited/ADR
0001551468,CPPBY,Central Pattana Public Co Limited/ADR
0001551047,BPRE,Bluerock Private Real Estate Fund
0001546652,OUNZ,VanEck Merk Gold ETF
0001675149,AA,Alcoa Corp
0001527166,CG,Carlyle Group Inc.
0001631761,YRD,Yiren Digital Ltd.
0001651717,NOMD,Nomad Foods Ltd
0001618181,GLDM,World Gold Trust
0001613103,MDT,Medtronic plc
0001551182,ETN,Eaton Corp plc
0001487610,NHS,Neuberger High Yield Strategies Fund Inc.
0001497770,WD,"Walker & Dunlop, Inc."
0001496749,HEQ,John Hancock Diversified Income Fund
0001528988,BUI,"BlackRock Utilities, Infrastructure & Power Opportunities Trust"
0001525201,DBL,DoubleLine Opportunistic Credit Fund
0001540159,EDSA,"Edesa Biotech, Inc."
0001546429,BGB,Blackstone Strategic Credit 2027 Term Fund
0001549802,JD,"JD.com, Inc."
0001643721,BOTX,DATZ WORLD HOLDINGS CORP.
0001639877,GSM,Ferroglobe PLC
0001575356,PTMSY,PT MDS Retailing Tbk/ADR
0001578732,MMI,"Marcus & Millichap, Inc."
0001611005,KEN,Kenon Holdings Ltd.
0001903784,VOGX,"Vogenx, Inc."
0001923622,PGIM,PGIM Private Credit Fund
0001879270,TCRG,Cannaisseur Group Inc.
0001874097,CYN,Cyngn Inc.
0001855781,BTCO,Invesco Galaxy Bitcoin ETF
0001869699,ARKB,Ark 21Shares Bitcoin ETF
0001951593,NNRGF,Ninepoint Energy Fund
0001940243,GSMT,Global-Smart.Tech Inc.
0002011589,MOGMF,Mogotes Metals Inc.
0001841666,APA,APA Corp
0001842827,BZ,Kanzhun Ltd
0001826397,AVX,AVAX ONE TECHNOLOGY LTD.
0001846253,OABIW,"OmniAb, Inc."
0001843656,RMCO,Royalty Management Holding Corp
0001877971,POM,POMDOCTOR Ltd
0001867090,VCX,"Fundrise Innovation Fund, LLC"
0001860788,ETHV,VanEck Ethereum ETF
0001852317,FBTC,Fidelity Wise Origin Bitcoin Fund
0001838028,HODL,VanEck Bitcoin ETF
0001748945,HZEN,Grayscale Horizen Trust (ZEN)
0001758730,TW,Tradeweb Markets Inc.
0001710155,EYE,"National Vision Holdings, Inc."
0001714174,BUR,Burford Capital Ltd
0001852024,GLIV,Grayscale Livepeer Trust (LPT)
0001861448,ITRE,"IntriEnergy, Inc."
0001841175,BRRR,CoinShares Bitcoin ETF
0001839290,AUGCF,AU Gold Corp.
0001838003,EMI,"Encore Medical, Inc."
0001896677,GSOL,Grayscale Solana Staking ETF
0001829667,RGC,Regencell Bioscience Holdings Ltd
0001850391,BTCW,WisdomTree Bitcoin Fund
0001839970,BLSM,"BlossomHill Therapeutics, Inc."
0001871890,GLEI,Galaxy Enterprises Inc. /WY/
0001860160,FLY,Firefly Aerospace Inc.
0001868282,OSOL,Osprey Solana Trust
0001888447,EE,"Excelerate Energy, Inc."
0001896036,EIIA,Eagle Point Institutional Income Fund
0001858258,FGDL,Franklin Templeton Holdings Trust
0001852023,MANA,Grayscale Decentraland Trust (MANA)
0001852025,GLNK,Grayscale Chainlink Trust ETF
0001852040,GBAT,Grayscale Basic Attention Token Trust (BAT)
0002039072,DAVI,DAVION HEALTHCARE PLC
0002025000,GSNR,Grayscale Near Trust (NEAR)
0002038958,MDDTY,Mandatum Oyj/ADR
0002035053,GAVA,Grayscale Avalanche Staking ETF
0001941500,MWG,Multi Ways Holdings Ltd
0002032887,PDYTY,PT Dayamitra Telekomunikasi Tbk/ADR
0001920576,MIMDF,MiMedia Holdings Inc.
0002033019,KKSIY,Kokusai Electric Corporation/ADR
0002021989,CUPPF,Super Copper Corp.
0002028541,VSOL,VanEck Solana ETF
0001998056,PC,Premium Catering (Holdings) Ltd
0001992508,TETH,21Shares Ethereum ETF
0002024996,STCK,Grayscale Stacks Trust (STX)
0002018529,NCT,Intercont (Cayman) Ltd
0002034012,GSUI,Grayscale Sui Staking ETF
0002002660,PSUS,"Pershing Square USA, Ltd."
0002003813,NMCPF,Nuvau Minerals Corp
0001999119,LBRJ,"Libera Gaming Operations, Inc"
0002000638,ETHA,iShares Ethereum Trust ETF
0002027982,CCLV,"C2 Capital Group, Inc."
0002028464,ENT,"ENTRATA, INC."
0001985840,DEFI,Hashdex Commodities Trust
0002000046,FETH,Fidelity Ethereum Fund
0001997389,IDIA,Innovative Digital Investors Acquisition Corp.
0001980994,IBIT,iShares Bitcoin Trust ETF
0001916101,OBNB,Osprey BNB Chain Trust
0001972589,TDGGF,TDG Gold Corp.
0001976663,NXNT,"Nexscient, Inc."
0001977837,USDW,MADE IN USA INC.
0002013744,ETHW,Bitwise Ethereum ETF
0002008257,KOGDF,KO Gold Inc.
0002000208,KPL,Kepler Group Ltd
0001944013,CR,Crane Co
0001938865,DPU,Top KingWin Ltd
0001958928,CTWO,COTWO ADVISORS PHYSICAL EUROPEAN CARBON ALLOWANCE TRUST
0002045300,PRNCF,Prince Silver Corp.
0002045434,GHRTF,Greenheart Gold Inc.
0002034300,DDHLY,Digital Domain Holdings Limited/ADR
0002025878,ITXP,"Independence Power Holdings, Inc."
0002031760,VZSLY,Vizsla Royalties Corp.
0002020455,ETH,Grayscale Ethereum Staking Mini ETF
0002012383,BLK,"BlackRock, Inc."
0002015034,BTC,Grayscale Bitcoin Mini Trust ETF
0001991261,SKK,SKK Holdings Ltd
0001992604,CCEYF,CanCambria Energy Corp.
0001992870,EZBC,Franklin Templeton Digital Holdings Trust
0001988894,AS,"Amer Sports, Inc."
0001995569,QETH,Invesco Galaxy Ethereum ETF
0002039525,XRP,Bitwise XRP ETF
0002029297,GTAO,Grayscale Bittensor Trust (TAO)
0002031069,NCIQ,Hashdex Nasdaq CME Crypto Index ETF
0002033807,EZPZ,Franklin Crypto Trust
0002027166,NSNFY,"Nissin Foods Holdings Co., Ltd./ADR"
0002055510,GDOG,Grayscale Dogecoin Trust ETF
0002060717,VAVX,VanEck Avalanche ETF
0002059690,GGTKY,PT GoTo Gojek Tokopedia Tbk/ADR
0002066601,TKCYY,"Tokyo Ohka Kogyo Co., Ltd./ADR"
0002053115,YLY,Zi Yun Dong Fang Ltd
0002062925,SPGH,Smart Pointer Group Holdings Ltd
0002059986,ONWRY,Onward Medical N.V./ADR
0002060217,HZRBY,"Horizon Robotics, Inc./ADR"
0002060703,SUIS,Canary Staked SUI ETF
0001966126,NUOX,"NuvOx Therapeutics, Inc."
0001953926,ZBIO,"Zenas BioPharma, Inc."
0002007691,IOND,Ionic Digital Inc.
0002011535,EZET,Franklin Ethereum Trust
0002011617,SINI,SIERRA INTERNATIONAL NETWORK INC
0001997464,MRX,Marex Group Ltd
0001997950,INHI,Unitrend Entertainment Group Ltd
0002002326,NSURF,North Shore Uranium Ltd.
0001925062,FRBT,"Forbright, Inc."
0002034467,PBRRY,PT Barito Renewables Energy Tbk/ADR
0002041869,SOLC,Canary Marinade Solana ETF
0002042187,KYTFY,Kyoto Financial Group Inc/ADR
0002027330,SGIHY,"Sugi Holdings Co., Ltd./ADR"
0002028834,TSOL,21Shares Solana ETF
0001841156,PAY,"Paymentus Holdings, Inc."
0001854183,ORIB,Orion Bliss Corp.
0001856491,CBPHF,"Clover Biopharmaceuticals, Ltd."
0001985062,PBM,PSYENCE BIOMEDICAL LTD.
0001995075,MGN,Megan Holdings Ltd.
0001958489,CRGT,"Cortigent, Inc."
0002087840,ZGJLY,"Zhejiang Leapmotor Technology Co., Ltd./ADR"
0002084296,NTMJ,Nintech Mould Factory Inc.
0002085836,POCH,"POCHE TECHNOLOGY CO., Ltd"
0002092252,RENGY,"Rengo Co., Ltd./ADR"
0002094256,CLYD,"BEACON TOPCO, INC."
0002088776,ZSHLY,"Zensho Holdings Co., Ltd./ADR"
0002089855,TKNZ,T. Rowe Price Active Crypto ETF
0002081438,GONYF,GO Residential Real Estate Investment Trust
0002073804,TCLXY,TCL Electronics Holdings Limited/ADR
0002078037,GRVT,GreenVector Holdings Ltd
0002070542,AIB,AIB Data Centers Inc.
0002073268,BIREY,Birchcliff Energy Ltd./ADR
0002073643,METRY,METRO INC./ADR
0001952670,TVCN,TV Channels Network Inc.
0001957132,SN,"SharkNinja, Inc."
0001981775,VTNMF,V Ten Metals Corp.
0002010930,ALFUU,Centurion Acquisition Corp.
0002000684,DHGR,Devonian Health Group Inc.
0002028835,TOXR,21Shares XRP ETF
0002033615,MGNO,"Magnolia Bancorp, Inc."
0002037427,GXRP,Grayscale XRP Trust ETF
0002038688,XDT,Xdata Group
0002072389,NPIXY,Northland Power Inc./ADR
0001430725,GSL,"Global Ship Lease, Inc."
0001405528,USL,"United States 12 Month Oil Fund, LP"
0001350869,GLO,Clough Global Opportunities Fund
0001353611,FXB,Invesco CurrencyShares British Pound Sterling Trust
0001353613,FXY,Invesco CurrencyShares Japanese Yen Trust
0001375205,URG,UR-ENERGY INC
0001383057,DBP,Invesco DB Precious Metals Fund
0001388141,EDD,"Morgan Stanley Emerging Markets Domestic Debt Fund, Inc."
0001276533,JFR,NUVEEN FLOATING RATE INCOME FUND
0001278680,IAU,ISHARES GOLD TRUST
0001279014,ERH,ALLSPRING UTILITIES & HIGH INCOME FUND
0001313510,GGN,"GAMCO Global Gold, Natural Resources & Income Trust"
0001340677,SVM,SILVERCORP METALS INC
0001340909,GJO,"STRATS SM TRUST FOR WAL-MART STORES, INC. SECURITIES, SERIES 2005-4"
0001326205,IGC,"IGC Pharma, Inc."
0001219120,AVK,ADVENT CONVERTIBLE & INCOME FUND
0001260221,TDG,TransDigm Group INC
0001227476,JQC,Nuveen Credit Strategies Income Fund
0001171486,NRP,NATURAL RESOURCE PARTNERS LP
0001172724,GFI,GOLD FIELDS LTD
0001504545,BWG,BrandywineGLOBAL-Global Income Opportunities Fund Inc
0001278211,LGI,LAZARD GLOBAL TOTAL RETURN & INCOME FUND INC
0001332174,GSG,iShares S&P GSCI Commodity-Indexed Trust
0001328598,FXE,Invesco CurrencyShares Euro Trust
0001378701,GDL,GDL FUND
0001379438,EXG,Eaton Vance Tax-Managed Global Diversified Equity Income Fund
0001383650,CQP,"Cheniere Energy Partners, L.P."
0001391437,GRX,Gabelli Healthcare & WellnessRx Trust
0001395213,EDN,EDENOR
0001357660,GJT,"STRATS(SM) Trust for Allstate Corp Securities, Series 2006-3"
0001353615,FXF,Invesco CurrencyShares Swiss Franc Trust
0001375340,FOF,"Cohen & Steers Closed-End Opportunity Fund, Inc."
0001369241,DAC,Danaos Corp
0001487952,VPG,"Vishay Precision Group, Inc."
0001486298,BSL,Blackstone Senior Floating Rate 2027 Term Fund
0001456346,FNV,FRANCO NEVADA Corp
0001454741,EOT,Eaton Vance National Municipal Opportunities Trust
0001347123,NONE.,"EBR Systems, Inc."
0001385763,JCE,Nuveen Core Equity Alpha Fund
0001403528,OAK-PA,"Brookfield Oaktree Holdings, LLC"
0001406587,FOR,Forestar Group Inc.
0001396878,UGA,"United States Gasoline Fund, LP"
0001406234,BIPH,Brookfield Infrastructure Partners L.P.
0001450922,SIVR,abrdn Silver ETF Trust
0001332349,BKD,Brookdale Senior Living Inc.
0001328237,DBC,Invesco DB Commodity Index Tracking Fund
0001408710,FN,Fabrinet
0001437071,IVR,Invesco Mortgage Capital Inc.
0001421461,IPI,"Intrepid Potash, Inc."
0001472033,JTGEY,"Citibank,N.A./ADR"
0001460235,PPLT,abrdn Platinum ETF Trust
0001342874,TX,Ternium S.A.
0001340736,ETY,Eaton Vance Tax-Managed Diversified Equity Income Fund
0001314966,BME,BlackRock Health Sciences Trust
0001321741,GAIN,GLADSTONE INVESTMENT CORPORATION\DE
0001519061,TSEOQ,Trinseo PLC
0001577526,AI,"C3.ai, Inc."
0001566044,YARW,"Yarrow Bioscience, Inc."
0001569345,CXM,"Sprinklr, Inc."
0001610718,ODRS,"Outdoor Specialty Products, Inc."
0001630745,DCFBS,"DCFC Holdings, LLC"
0001618756,QSR,Restaurant Brands International Inc.
0001316463,GLQ,Clough Global Equity Fund
0001291313,GEHDF,Great Eastern Holdings Ltd
0001334933,UEC,URANIUM ENERGY CORP
0001320375,BOE,BlackRock Enhanced Global Dividend Trust
0001330568,SLV,iShares Silver Trust
0001331421,SDCO,"SDR Drone, Inc."
0001332943,IGA,Voya Global Advantage & Premium Opportunity Fund
0001282957,GLU,GABELLI GLOBAL UTILITY & INCOME TRUST
0001279495,BTE,BAYTEX ENERGY CORP.
0001284143,JBK,LEHMAN ABS CORP GOLDMAN SACHS CAP 1 SEC BACKED SER 2004-6
0001284812,CNS,"COHEN & STEERS, INC."
0001657853,HTZ,"HERTZ GLOBAL HOLDINGS, INC"
0001259708,FRA,"BLACKROCK FLOATING RATE INCOME STRATEGIES FUND, INC."
0001472341,GDO,WESTERN ASSET GLOBAL CORPORATE OPPORTUNITY FUND INC.
0001474432,P,"Everpure, Inc."
0001471420,STK,"Columbia Seligman Premium Technology Growth Fund, Inc."
0001227654,CMP,COMPASS MINERALS INTERNATIONAL INC
0001232384,TRP,TC ENERGY CORP
0001233087,FTF,FRANKLIN LTD DURATION INCOME TRUST
0001244183,PFL,PIMCO INCOME STRATEGY FUND
0001268533,TYG,TORTOISE ENERGY INFRASTRUCTURE CORP
0001275617,UTF,COHEN & STEERS INFRASTRUCTURE FUND INC
0001273813,AGO,ASSURED GUARANTY LTD
0001360901,EVR,Evercore Inc.
0001353614,FXA,Invesco CurrencyShares Australian Dollar Trust
0001348952,ELC,"ENTERGY LOUISIANA, LLC"
0001383062,DBE,Invesco DB Energy Fund
0001383312,BR,"BROADRIDGE FINANCIAL SOLUTIONS, INC."
0001376227,UNG,"United States Natural Gas Fund, LP"
0001372920,EDU,New Oriental Education & Technology Group Inc.
0001343491,GJP,"STRATS(SM) TRUST FOR DOMINION RESOURCES, INC. SECURITIES, SERIES 2005-6"
0001350593,MWA,"Mueller Water Products, Inc."
0001353226,GJR,"STRATS(SM) Trust for Procter & Gamble Securities, Series 2006-1"
0001353612,FXC,Invesco CurrencyShares Canadian Dollar Trust
0001334978,CCO,"Clear Channel Outdoor Holdings, Inc."
0001331284,DHT,"DHT Holdings, Inc."
0001356284,GJS,"STRATS(SM) Trust for Goldman Sachs Group Securities, Series 2006-2"
0001405513,UNL,"United States 12 Month Natural Gas Fund, LP"
0001383149,UDN,INVESCO DB US DOLLAR INDEX BEARISH FUND
0001379384,BTZ,BLACKROCK CREDIT ALLOCATION INCOME TRUST
0001402057,CDW,CDW Corp
0001408075,GPK,GRAPHIC PACKAGING HOLDING CO
0001450923,SGOL,abrdn Gold ETF Trust
0001503658,WNHK,"Winning Catering Group, Inc."
0001555280,ZTS,Zoetis Inc.
0001549107,MANU,Manchester United plc
0001483386,GLTR,abrdn Precious Metals Basket ETF Trust
0001478888,NBB,Nuveen Taxable Municipal Income Fund
0001468174,H,Hyatt Hotels Corp
0001451505,RIG,Transocean Ltd.
0001464423,PMT,PennyMac Mortgage Investment Trust
0001427437,ETI-P,"ENTERGY TEXAS, INC."
0001411579,AMC,"AMC ENTERTAINMENT HOLDINGS, INC."
0001437226,MHH,"Mastech Digital, Inc."
0001123360,GPN,GLOBAL PAYMENTS INC
0001103838,IBN,ICICI BANK LTD
0001160864,BHK,BLACKROCK CORE BOND TRUST
0001141391,MA,Mastercard Inc
0000916540,DAR,DARLING INGREDIENTS INC.
0000919012,AEO,AMERICAN EAGLE OUTFITTERS INC
0000920148,LH,LABCORP HOLDINGS INC.
0001283464,KTH,STRUCTURED PRODUCTS CORP CORTS TR FOR PECO ENERGY CAP TR III
0001253986,ABR,ARBOR REALTY TRUST INC
0001084201,SVA,SINOVAC BIOTECH LTD
0001070750,HST,"HOST HOTELS & RESORTS, INC."
0001048286,MAR,MARRIOTT INTERNATIONAL INC /MD/
0001060822,CRI,CARTERS INC
0001066119,VIV,TELEFONICA BRASIL S.A.
0001050743,PGC,PEAPACK GLADSTONE FINANCIAL CORP
0001016281,CSV,CARRIAGE SERVICES INC
0001004434,AMG,"AFFILIATED MANAGERS GROUP, INC."
0001034665,MHD,"BLACKROCK MUNIHOLDINGS FUND, INC."
0001032208,SRE,SEMPRA
0001070412,CNX,CNX Resources Corp
0001141197,PED,PEDEVCO CORP
0000884121,HQL,abrdn Life Sciences Investors
0000885125,IQI,Invesco Quality Municipal Income Trust
0001170311,PNI,PIMCO NEW YORK MUNICIPAL INCOME FUND II
0001164863,NPO,Enpro Inc.
0001165002,WHG,WESTWOOD HOLDINGS GROUP INC
0000893949,MD,"Pediatrix Medical Group, Inc."
0000891290,RFI,COHEN & STEERS TOTAL RETURN REALTY FUND INC
0000910612,CBL,CBL & ASSOCIATES PROPERTIES INC
0000908187,PCM,"PCM FUND, INC."
0000908255,BWA,BORGWARNER INC
0000932470,TEO,TELECOM ARGENTINA SA
0001060391,RSG,"REPUBLIC SERVICES, INC."
0001005284,OLED,UNIVERSAL DISPLAY CORP PA
0000928465,DIT,AMCON DISTRIBUTING CO
0001009919,IVHI,"Invech Holdings, Inc."
0001002910,AEE,AMEREN CORP
0001003078,MSM,MSC INDUSTRIAL DIRECT CO INC
0001109357,EXC,EXELON CORP
0001157557,CIG,ENERGY CO OF MINAS GERAIS
0001140411,PCQ,PIMCO CALIFORNIA MUNICIPAL INCOME FUND
0001163609,SDSYA,SOUTH DAKOTA SOYBEAN PROCESSORS LLC
0001073404,GGB,GERDAU S.A.
0001076378,CX,CEMEX SAB DE CV
0001094285,TDY,TELEDYNE TECHNOLOGIES INC
0001084991,NGS,NATURAL GAS SERVICES GROUP INC
0001335258,LYV,"Live Nation Entertainment, Inc."
0001362481,AGD,abrdn Global Dynamic Dividend Fund
0001367644,EBS,Emergent BioSolutions Inc.
0001327068,USO,"United States Oil Fund, LP"
0001318025,PGP,PIMCO Global StocksPLUS & Income Fund
0001298675,CUBE,CubeSmart
0001286405,GJH,STRATS SM TRUST FOR U S CELL CORP SEC SERIES 2004 6
0001281761,RF,REGIONS FINANCIAL CORP
0001267332,IPB,MERRILL LYNCH DEPOSITOR INC INDEXPLUS TRUST SERIES 2003-1
0001267902,WIW,WESTERN ASSET INFLATION-LINKED OPPORTUNITIES & INCOME FUND
0001286043,KRG,KITE REALTY GROUP TRUST
0001283337,KTN,STRUCTURED PRODUCTS CORP CRED ENHANCE CORTS TR FOR AON CAP A
0001267238,AIZ,"ASSURANT, INC."
0001222333,GLD,SPDR GOLD TRUST
0001227862,EMD,WESTERN ASSET EMERGING MARKETS DEBT FUND INC.
0001203464,IAG,IAMGOLD CORP
0001288992,EFT,Eaton Vance Floating-Rate Income Trust
0001294808,PYT,PPLUS Trust Series GSC-2
0000877463,VKQ,Invesco Municipal Trust
0000877860,NHI,NATIONAL HEALTH INVESTORS INC
0000883412,MYI,"BLACKROCK MUNIYIELD QUALITY FUND III, INC."
0000891014,MTX,MINERALS TECHNOLOGIES INC
0000891482,FLL,FULL HOUSE RESORTS INC
0000906107,EQR,EQUITY RESIDENTIAL
0000913142,BDC,BELDEN INC.
0000918658,HNAMY,HANA MICROELECTRONICS PUBLIC CO LTD /ADR/
0000916618,IIF,"MORGAN STANLEY INDIA INVESTMENT FUND, INC."
0000941221,ICL,ICL Group Ltd.
0001425292,UAN,"CVR PARTNERS, LP"
0001398659,G,Genpact LTD
0001479247,USCI,United States Commodity Index Funds Trust
0001489393,LYB,LyondellBasell Industries N.V.
0001082324,VHC,VirnetX Holding Corp
0001075822,NHFLF,NORTHFIELD CAPITAL CORP
0001080720,GUT,GABELLI UTILITY TRUST
0001070423,PAA,PLAINS ALL AMERICAN PIPELINE LP
0001090012,DVN,DEVON ENERGY CORP/DE
0000924822,MLR,MILLER INDUSTRIES INC /TN/
0000932695,CYD,CHINA YUCHAI INTERNATIONAL LTD
0000921082,HIW,"HIGHWOODS PROPERTIES, INC."
0001178970,PFS,PROVIDENT FINANCIAL SERVICES INC
0001158449,AAP,ADVANCE AUTO PARTS INC
0001160990,PCN,PIMCO CORPORATE & INCOME STRATEGY FUND
0001032220,MMS,"MAXIMUS, INC."
0001034760,WYY,WIDEPOINT CORP
0001013131,BVN,BUENAVENTURA MINING CO INC
0001001250,EL,ESTEE LAUDER COMPANIES INC
0000910631,KOF,COCA COLA FEMSA SAB DE CV
0000910329,MED,MEDIFAST INC
0000910606,REG,REGENCY CENTERS CORP
0001179821,BGI,BIRKS GROUP INC.
0001181412,SPCX,SPACE EXPLORATION TECHNOLOGIES CORP
0001166003,XPO,"XPO, Inc."
0001137774,PRU,PRUDENTIAL FINANCIAL INC
0000888746,CCU,UNITED BREWERIES CO INC
0000889348,CVU,CPI AEROSTRUCTURES INC
0000890541,BLX,"BLADEX, INC."
0000892992,NAZ,NUVEEN ARIZONA QUALITY MUNICIPAL INCOME FUND
0001214935,NCV,Virtus Convertible & Income Fund
0000928054,FTK,FLOTEK INDUSTRIES INC/CN/
0001009001,CCJ,CAMECO CORP
0001000177,NAT,NORDIC AMERICAN TANKERS Ltd
0001023514,HMY,HARMONY GOLD MINING CO LTD
0001041130,DIA,SPDR DOW JONES INDUSTRIAL AVERAGE ETF TRUST
0001064728,BTU,PEABODY ENERGY CORP
0001062579,DOX,AMDOCS LTD
0001047716,LTM,LATAM AIRLINES GROUP S.A.
0001047862,ED,CONSOLIDATED EDISON INC
0001042046,AFG,AMERICAN FINANCIAL GROUP INC
0001035443,ARE,"ALEXANDRIA REAL ESTATE EQUITIES, INC."
0001023512,DRD,DRDGOLD LTD
0001005731,IDT,IDT CORP
0001001233,SGMOQ,"SANGAMO THERAPEUTICS, INC"
0000936958,MDY,SPDR S&P MIDCAP 400 ETF TRUST
0001113809,BBW,BUILD-A-BEAR WORKSHOP INC
0001123452,ASR,SOUTHEAST AIRPORT GROUP
0001134115,THM,INTERNATIONAL TOWER HILL MINES LTD
0001074769,NAN,NUVEEN NEW YORK QUALITY MUNICIPAL INCOME FUND
0001090727,UPS,UNITED PARCEL SERVICE INC
0001070304,IX,ORIX CORP
0001074952,NAC,Nuveen California Quality Municipal Income Fund
0001094972,UGP,ULTRAPAR HOLDINGS INC
0001158289,JRS,NUVEEN REAL ESTATE INCOME FUND
0001144800,TAC,TRANSALTA CORP
0001100682,CRL,"CHARLES RIVER LABORATORIES INTERNATIONAL, INC."
0001053988,MUJ,"BLACKROCK MUNIHOLDINGS NEW JERSEY QUALITY FUND, INC."
0001055726,INO,"INOVIO PHARMACEUTICALS, INC."
0001067839,QQQ,"INVESCO QQQ TRUST, SERIES 1"
0001051512,TDS,TELEPHONE & DATA SYSTEMS INC /DE/
0001043509,SAH,SONIC AUTOMOTIVE INC
0001049606,CIX,COMPX INTERNATIONAL INC
0001049659,SID,NATIONAL STEEL CO
0000915389,EMN,EASTMAN CHEMICAL CO
0000925683,BTO,JOHN HANCOCK FINANCIAL OPPORTUNITIES FUND
0000919567,RCG,"RENN Fund, Inc."
0000920371,SSD,"Simpson Manufacturing Co., Inc."
0000923796,GEO,GEO GROUP INC
0000922224,PPL,PPL Corp
0000712034,ACCO,ACCO BRANDS Corp
0000764478,BBY,BEST BUY CO INC
0000765880,DOC,"HEALTHPEAK PROPERTIES, INC."
0000733590,TCI,TRANSCONTINENTAL REALTY INVESTORS INC
0000102109,UUU,"UNIVERSAL SAFETY PRODUCTS, INC."
0000106040,WDC,WESTERN DIGITAL CORP
0000106640,WHR,WHIRLPOOL CORP /DE/
0000093389,SMP,"STANDARD MOTOR PRODUCTS, INC."
0000100826,UELMO,UNION ELECTRIC CO
0000109563,AIT,APPLIED INDUSTRIAL TECHNOLOGIES INC
0000820313,APH,AMPHENOL CORP /DE/
0000832428,SSP,E.W. SCRIPPS Co
0000860489,CEE,"CENTRAL & EASTERN EUROPE FUND, INC."
0001102238,ARL,AMERICAN REALTY INVESTORS INC
0001046179,TSM,TAIWAN SEMICONDUCTOR MANUFACTURING CO LTD
0001169034,BHV,BLACKROCK VIRGINIA MUNICIPAL BOND TRUST
0000906345,CPT,CAMDEN PROPERTY TRUST
0000922864,AIV,APARTMENT INVESTMENT & MANAGEMENT CO
0001021561,NUS,"NU SKIN ENTERPRISES, INC."
0001176199,HPI,JOHN HANCOCK PREFERRED INCOME FUND
0001178839,NBH,NEUBERGER MUNICIPAL FUND INC.
0001195737,NEA,Nuveen AMT-Free Quality Municipal Income Fund
0001162027,AFB,ALLIANCEBERNSTEIN NATIONAL MUNICIPAL INCOME FUND
0001163792,WEA,WESTERN ASSET PREMIER BOND FUND
0001164771,NAK,NORTHERN DYNASTY MINERALS LTD
0001126956,SR,SPIRE INC
0001157408,LRN,"Stride, Inc."
0001124198,FLR,FLUOR CORP
0001124959,XSIAX,VOYA CREDIT INCOME FUND
0001230869,ASA,ASA Gold & Precious Metals Ltd
0001282850,FCT,FIRST TRUST SENIOR FLOATING RATE INCOME FUND II
0001295947,PBH,Prestige Consumer Healthcare Inc.
0001287498,EVG,Eaton Vance Short Duration Diversified Income Fund
0001289877,SFL,SFL Corp Ltd.
0001350102,ASTI,"Ascent Solar Technologies, Inc."
0001372612,BOX,BOX INC
0001383058,DBO,Invesco DB Oil Fund
0001379400,AOD,abrdn Total Dynamic Dividend Fund
0001380936,GOF,GUGGENHEIM STRATEGIC OPPORTUNITIES FUND
0000842633,TRS,TRIMAS CORP
0000832988,SIG,SIGNET JEWELERS LTD
0000799195,USA,LIBERTY ALL STAR EQUITY FUND
0000818851,NCA,NUVEEN CALIFORNIA MUNICIPAL VALUE FUND
0000816761,TDC,TERADATA CORP /DE/
0000884614,UGI,UGI CORP /PA/
0000894556,CITR,CitroTech Inc.
0000895528,VPV,Invesco Pennsylvania Value Municipal Income Trust
0000859796,JOF,JAPAN SMALLER CAPITALIZATION FUND INC
0000043196,GTN,"GRAY MEDIA, INC"
0000039911,GAP,GAP INC
0000033002,EBF,"ENNIS, INC."
0000070502,NRUC,NATIONAL RURAL UTILITIES COOPERATIVE FINANCE CORP /DC/
0000071508,ENJ,"ENTERGY NEW ORLEANS, LLC"
0000058361,LEE,"LEE ENTERPRISES, Inc"
0000060667,LOW,LOWES COMPANIES INC
0000046765,HP,"Helmerich & Payne, Inc."
0000007323,EAI,"ENTERGY ARKANSAS, LLC"
0000910068,HIO,WESTERN ASSET HIGH INCOME OPPORTUNITY FUND INC.
0000899689,VNO,VORNADO REALTY TRUST
0000900422,PMO,FRANKLIN MUNICIPAL OPPORTUNITIES TRUST
0000901243,MUA,"BLACKROCK MUNIASSETS FUND, INC."
0000895728,ENB,ENBRIDGE INC
0000759828,JHI,JOHN HANCOCK INVESTORS TRUST
0000354707,HE,HAWAIIAN ELECTRIC INDUSTRIES INC
0000354950,HD,"HOME DEPOT, INC."
0000313927,CHD,CHURCH & DWIGHT CO INC /DE/
0000104889,GHC,Graham Holdings Co
0000110471,WWW,WOLVERINE WORLD WIDE INC /DE/
0000074046,ODC,Oil-Dri Corp of America
0000075252,ACH,ACCENDRA HEALTH INC/VA/
0000096869,TRC,TEJON RANCH CO
0000097210,TER,"TERADYNE, INC"
0000878518,TGB,Trekor Metals Ltd
0000008818,AVY,Avery Dennison Corp
0000886206,FC,FRANKLIN COVEY CO
0000021175,CNA,CNA FINANCIAL CORP
0000002098,ACU,ACME UNITED CORP
0000003570,LNG,"Cheniere Energy, Inc."
0000006176,AP,AMPCO PITTSBURGH CORP
0000844551,WDS,WOODSIDE ENERGY GROUP LTD
0000826735,MIN,ABERDEEN INTERMEDIATE INCOME FUND
0000810766,CIK,"CREDIT SUISSE ASSET MANAGEMENT INCOME FUND, INC."
0000793952,HOG,"HARLEY-DAVIDSON, INC."
0000783324,VGZ,VISTA GOLD CORP
0000823277,CHSCP,CHS INC
0000825313,AB,ALLIANCEBERNSTEIN HOLDING L.P.
0000846671,VLT,Invesco High Income Trust II
0000866829,HLX,HELIX ENERGY SOLUTIONS GROUP INC
0000882071,PFO,Flaherty & Crumrine PREFERRED & INCOME OPPORTUNITY FUND INC
0000884152,VMO,Invesco Municipal Opportunity Trust
0000885245,BKE,BUCKLE INC
0000897077,ALG,ALAMO GROUP INC
0000901832,AZN,ASTRAZENECA PLC
0000002488,AMD,ADVANCED MICRO DEVICES INC
0000004977,AFL,AFLAC INC
0000067215,DY,DYCOM INDUSTRIES INC
0000074303,OLN,OLIN Corp
0000022444,CMC,COMMERCIAL METALS Co
0000059478,LLY,ELI LILLY & Co
0000077543,TPC,TUTOR PERINI CORP
0000097216,TEX,TEREX CORP
0000100726,UFI,UNIFI INC
0000048465,HRL,HORMEL FOODS CORP /DE/
0000010795,BDX,BECTON DICKINSON & CO
0000005981,AVD,AMERICAN VANGUARD CORP
0000006281,ADI,ANALOG DEVICES INC
0000018230,CAT,CATERPILLAR INC
0000019617,JPM,JPMORGAN CHASE & CO
0000822416,PHM,PULTEGROUP INC/MI/
0000764622,PNW,PINNACLE WEST CAPITAL CORP
0000794170,TOL,"Toll Brothers, Inc."
0000771999,DSS,"DSS, INC."
0000744825,AMS,AMERICAN SHARED HOSPITAL SERVICES
0000314590,SSL,SASOL LTD
0000311337,SU,SUNCOR ENERGY INC
0000105418,WMK,WEIS MARKETS INC
0000100493,TSN,"TYSON FOODS, INC."
0000056873,KR,KROGER CO
0000065172,MSB,MESABI TRUST
0000066901,EMP,"ENTERGY MISSISSIPPI, LLC"
0000040704,GIS,GENERAL MILLS INC
0000051434,IP,INTERNATIONAL PAPER CO /NEW/
0000027904,DAL,"DELTA AIR LINES, INC."
0000023217,CAG,CONAGRA BRANDS INC.
0001170010,KMX,CARMAX INC
0001170299,PML,PIMCO MUNICIPAL INCOME FUND II
0001173643,TRX,TRX GOLD Corp
0001174511,AEBMY,ANADOLU EFES BIRACILIK VE MALT SANAYI A S/ADR
0001177394,SNX,TD SYNNEX CORP
0001232582,AHT,ASHFORD HOSPITALITY TRUST INC
0001224608,CNO,"CNO Financial Group, Inc."
0001219360,PHK,PIMCO HIGH INCOME FUND
0001222922,EVV,Eaton Vance Ltd Duration Income Fund
0000028917,DDS,"DILLARD'S, INC."
0000021665,CL,COLGATE PALMOLIVE CO
0000030625,FLS,FLOWSERVE CORP
0000031107,EML,EASTERN CO
0000033533,ESP,ESPEY MFG & ELECTRONICS CORP
0000033934,CRF,CORNERSTONE TOTAL RETURN FUND INC
0001190723,TS,TENARIS SA
0000005272,AIG,"AMERICAN INTERNATIONAL GROUP, INC."
0001052354,MADL,MAN AHL DIVERSIFIED I LP
0001061353,DHY,CREDIT SUISSE HIGH YIELD CREDIT FUND
0001063761,SPG,SIMON PROPERTY GROUP INC.
0001043337,SRI,STONERIDGE INC
0001095052,PLG,PLATINUM GROUP METALS LTD
0001108524,CRM,"Salesforce, Inc."
0001013871,NRG,"NRG ENERGY, INC."
0001001807,TLK,PERUSAHAAN PERSEROAN PERSERO PT TELEKOMUNIKASI INDONESIA TBK
0001000753,NSP,"INSPERITY, INC."
0000927653,MCK,MCKESSON CORP
0001037646,MTD,METTLER TOLEDO INTERNATIONAL INC/
0000884394,SPY,SPDR S&P 500 ETF TRUST
0000891103,MTCH,"Match Group, Inc."
0000912595,MAAI,MID AMERICA APARTMENT COMMUNITIES INC.
0000909494,TCX,TUCOWS INC /PA/
0000897419,NMT,NUVEEN MASSACHUSETTS QUALITY MUNICIPAL INCOME FUND
0000907254,BFS,"SAUL CENTERS, INC."
0000917225,XPL,SOLITARIO RESOURCES CORP.
0000924613,NOK,NOKIA CORP
0000711404,COO,"COOPER COMPANIES, INC."
0000717423,MUR,MURPHY OIL CORP
0000789570,MGM,MGM Resorts International
0000794685,GAB,GABELLI EQUITY TRUST INC
0000766792,CVV,CVD EQUIPMENT CORP
0000818850,NNY,NUVEEN NEW YORK MUNICIPAL VALUE FUND
0000310158,MRK,"Merck & Co., Inc."
0000072573,MOV,MOVADO GROUP INC
0000056679,KFY,KORN FERRY
0000046619,HEI,HEICO CORP
0000078003,PFE,PFIZER INC
0000078239,PVH,PVH CORP. /DE/
0000078890,BCO,BRINKS CO
0000073309,NUE,NUCOR CORP
0000074260,ORI,OLD REPUBLIC INTERNATIONAL CORP
0000098677,TR,TOOTSIE ROLL INDUSTRIES INC
0000081362,KWR,QUAKER CHEMICAL CORP
0000090168,SIF,SIFCO INDUSTRIES INC
0000833040,FT,FRANKLIN UNIVERSAL TRUST
0000827773,PPT,FRANKLIN PREMIER INCOME TRUST
0000012040,BDL,FLANIGANS ENTERPRISES INC
0000002230,ADX,"ADAMS DIVERSIFIED EQUITY FUND, INC."
0000855886,PDT,JOHN HANCOCK PREMIUM DIVIDEND FUND
0000030305,DCO,DUCOMMUN INC /DE/
0000026780,DAN,DANA Inc
0000015615,MTZ,MASTEC INC
0000102037,UVV,UNIVERSAL CORP /VA/
0000094049,SCL,STEPAN CO
0000047217,HPQ,HP INC
0000827052,EIX,EDISON INTERNATIONAL
0000836412,ZTR,Virtus Total Return Fund Inc.
0000830271,NMI,NUVEEN MUNICIPAL INCOME FUND INC
0000813623,SWZ,Total Return Securities Fund
0000805267,HQH,abrdn Healthcare Investors
0000868857,ACM,AECOM
0000007084,ADM,Archer-Daniels-Midland Co
0000018748,CET,CENTRAL SECURITIES CORP
0000023194,CRK,COMSTOCK RESOURCES INC
0000029644,DCI,DONALDSON Co INC
0000030697,WEN,Wendy's Co
0000042582,GT,GOODYEAR TIRE & RUBBER CO /OH/
0000036966,FHN,FIRST HORIZON CORP
0000051253,IFF,INTERNATIONAL FLAVORS & FRAGRANCES INC
0000052827,RYN,RAYONIER INC
0000058492,LEG,LEGGETT & PLATT INC
0000315213,RHI,ROBERT HALF INC.
0000201533,CMS-PB,CONSUMERS ENERGY CO
0000277509,FSS,FEDERAL SIGNAL CORP /DE/
0000063908,MCD,MCDONALDS CORP
0000070858,BAC,BANK OF AMERICA CORP /DE/
0000072162,NL,NL INDUSTRIES INC
0000082473,IHT,INNSUITES HOSPITALITY TRUST
0000768899,TBI,"TrueBlue, Inc."
0000737758,TTC,TORO CO
0000723125,MU,MICRON TECHNOLOGY INC
0000316888,ASM,AVINO SILVER & GOLD MINES LTD
0000097745,TMO,THERMO FISHER SCIENTIFIC INC.
0000078150,PHI,PLDT Inc.
0000091847,SOR,SOURCE CAPITAL /DE/
0000064996,MCY,MERCURY GENERAL CORP
0000071691,NYT,NEW YORK TIMES CO
0000066418,MXC,MEXCO ENERGY CORP
0000045919,HHS,HARTE HANKS INC
0000046080,HAS,"HASBRO, INC."
0000049938,IMO,IMPERIAL OIL LTD
0000026324,CW,CURTISS WRIGHT CORP
0000017843,CRS,CARPENTER TECHNOLOGY CORP
0000018654,AILIH,Ameren Illinois Co
0000016732,CPB,CAMPBELL'S Co
0000021076,CLX,CLOROX CO /DE/
0000866706,ESE,ESCO TECHNOLOGIES INC
0000883618,NXP,NUVEEN SELECT TAX FREE INCOME PORTFOLIO
0000851968,MHK,MOHAWK INDUSTRIES INC
0000831259,FCX,FREEPORT-MCMORAN INC
0000844965,TTI,TETRA TECHNOLOGIES INC
0000811922,MGF,ABERDEEN GOVERNMENT MARKETS INCOME FUND
0000002969,APD,"Air Products & Chemicals, Inc."
0000027419,TGT,TARGET CORP
0000041091,GPJA,GEORGIA POWER CO
0000080424,PG,PROCTER & GAMBLE Co
0000354190,AJG,Arthur J. Gallagher & Co.
0000216228,ITT,ITT INC.
0000319655,SJT,SAN JUAN BASIN ROYALTY TRUST
0000277135,GWW,"W.W. GRAINGER, INC."
0000314203,MUX,McEwen Inc.
0000096943,TFX,TELEFLEX INC
0000726728,O,REALTY INCOME CORP
0000716643,RGS,REGIS CORP
0000715153,HMC,HONDA MOTOR CO LTD
0000795266,KBH,KB HOME
0000732026,TRT,TRIO-TECH INTERNATIONAL
0000756894,B,BARRICK MINING CORP
0000746598,BRC,BRADY CORP
0000842162,LEA,LEAR CORP
0000858706,GF,NEW GERMANY FUND INC
0000866787,AZO,AUTOZONE INC
0000890926,RDN,RADIAN GROUP INC
0000879101,KIM,KIMCO REALTY CORP
0000885639,KSS,KOHLS Corp
0000886346,KAI,KADANT INC
0000886982,GS,GOLDMAN SACHS GROUP INC
0002131101,PCAI,Powercheck AI Holdings Ltd
0002125567,SAMO,Samos Energy Acquisition Corp
0002113853,TELYF,TELYRX HOLDINGS INC.
0002117197,CMPLY,Com7 PCL/ADR
0002123531,EBGCY,Eastroc Beverage Group Co. Ltd/ADR
0002136449,CSCM,Crestone Strategic Capital Acquisition Corp
0002131812,OPNHY,Open House Group Co. Ltd/ADR
0002133716,YLUZ,YPF Energia Electrica S.A.
0002134552,ULIT,US Elemental Inc.
0002139246,VII,Viking Acquisition Corp. II
0002095150,CHON,ChainOn Group Ltd
0002102720,TARX,Tarsier Pharma Ltd.
0002099326,SGPIY,"Seres Group Co., Ltd./ADR"
0002099681,MOT,MetaOptics Ltd
0002097702,GOW,GOWell Energy Technology
0002099338,MSAV,MSAV Holdings Ltd
0002100835,NYB,NYB Holdings Ltd
0002102907,RML,Resolution Minerals Ltd
0002104879,SHOT,RMG ML Sports Holdings
0002107730,HYPG,Grayscale Hyperliquid Staking ETF
0002111038,DGAC,DISCIPLINED GROWTH ACQUISITION Corp
0002109559,JNGDY,"Jingdong Industrials, Inc./ADR"
0002109823,LEDR,Leader's Advantage Acquisition Corp.
0002104943,EFGH,Embed Financial Group Holdings
0002097388,ININ,Sin Lian Seng Construction
0002098324,SWBKY,Shawbrook Group plc/ADR
0002136530,MIAC,Meridian3 Industrials Acquisition Corp
0002098860,SICCY,"SICC Co., Ltd./ADR"
0002106762,GBNB,Grayscale BNB ETF
0002108383,SCOP,Sprott Physical Copper Trust
0002109556,MMXGY,Minimax Group Inc./ADR
0002113481,OSPR,Osprey Acquisition Corp. III
0002111860,XTND,"Xtend AI Robotics, Inc."
0002127653,ATAYY,American Tungsten & Antimony Ltd
0002123524,MUYNY,Muyuan Foods Co. Ltd/ADR
0002127839,BVGLY,Bellevue Gold Ltd./ADR
0002128458,JXIRY,Jiaxin International Resources Investment Limited/ADR
0002123475,ISNR,Snow Rothschild Acquisition Corp.
0002125951,BHTGY,"Beijing Haizhi Technology Group Co., Ltd./ADR"
0002129056,JONE,Jones Ventures INTL Acquisition1 Corp
0002129659,FDMM,Freedom Metals Acquisition Corp.
0002134539,ITHEY,Ithaca Energy PLC/ADR
0002135894,SXZTY,"Shanghai Xizhi Technology Co., Ltd./ADR"
0002131882,MCFN,"McCarthy Finney, Inc."
0002132082,SIGEY,"Sigenergy Technology Co., Ltd./ADR"
0002133136,MTAK,Market Technology Acquisition Corp
0002133836,BDDD,Bridge III Acquisition Ltd
0002104391,CATL,Catalyst Acquisition Corp.
0002107968,WQEY,WISeKey International Corp.
0002116105,FWAC,Futurewave Acquisition Corp
0002118195,AADX,"Applied Aerospace & Defense, Inc."
0002093314,ORNJY,OranjeBTC S.A. Educacao E Investmentimento/ADR
0002086017,BAVA,Bitwise Avalanche ETF
0002088827,HRBAY,"Horiba, Ltd./ADR"
0002090231,MTMTY,Metlen Energy & Metals PLC/ADR
0002083945,CCIL,CALM Chain International Ltd
0002087064,MARH,Starrygazey Inc.
0002095443,BREZ,Breeze Acquisition Corp. II
0002112466,SIAI,Silentium Ltd.
0002114229,XIII,Churchill Capital Corp XIII
0002110119,AMAC,AMR Resources Acquisition Corp.
0002114463,APBD,AParadise II Acquisition Corp.
0002115899,LTAFF,Lithium Africa Corp.
0002116276,BEJEF,Beijer Ref AB/ADR
0002101470,WLCO,Wilco 63 Corp
0002102972,FFGG,FF Global Holdings Ltd
0002103976,MSSE,Morgan Stanley Ethereum Trust
0002105139,ADIG,ADI GLOBAL DISTRIBUTION INC.
0002072188,BIOT,INSTINCT BIO TECHNICAL CO HOLDINGS INC.
0002071913,GBNXY,Gibson Energy Inc/ADR
0002075589,LSBA,Law's Business Group Holding Ltd
0002077638,STSUF,Satsuma Technology PLC
0002077697,UNID,"RiverNorth Short Prime Unicorn Fund I, Inc"
0002080003,MLIZY,MELIUZ S.A.
0002085208,DYBTY,Duality Biotherapeutics Inc/ADR
0002087716,RKAM,"ROKIT America, Inc."
0002088375,TRBG,Turbogen Ltd.
0002089488,SNEVY,SUNEVISION HOLDINGS/ADR
0002090011,THYP,21Shares Hyperliquid ETF
0002091585,LKYLY,Locksley Resources Limited/ADR
0002092287,TKDG,3KNIGHTS DYNAMICS GROUP Ltd
0002094900,TGRGF,Tiger Gold Corp.
0002061626,TSUI,21Shares Sui ETF
0002098710,FRTRY,"Fortior Technology (Shenzhen) Co., Ltd./ADR"
0002123346,MNTGY,"Montage Technology Co., Ltd./ADR"
0002114145,TRCX,TracX Logis Pte. Ltd.
0002109801,VAT,"VARSAL TECH, INC."
0002109869,XLAB,D. Boral ARC Merger Corp
0002102713,KCAC-UN,Kensington Capital Acquisition Corp. VI
0002138186,NARA,"Narragansett Bancorp, Inc."
0002138554,SHNTY,"Shanghai Top Numerical Control Technology Co., Ltd./ADR"
0002135939,NORT,Norient Acquisition
0002136116,HUAQY,Huaqin Co. LTD/ADR
0002137679,OCLT,OceanLight Acquisition Corp
0002137754,PRLG,Prologium Holding Inc.
0002123471,CCCT,Columbus Circle Capital Corp III
0002126620,NTCMY,Natura Cosmeticos S.A./ADR
0002127860,DTRSY,DATELINE RESOURCES LTD/ADR
0002128462,TLAC,Three Lions Acquisition Corp.
0002128619,TYOEY,Toyo Engineering Corporation/ADR
0002131961,MNYCY,Manycore Tech Inc./ADR
0002133810,THARY,Tharisa plc
0002097508,BLDC,"Blockfusion Digital Infrastructure, Inc."
0002099103,ETHB,iShares Staked Ethereum Trust ETF
0002101411,WSAT,WISeSat.Space Holdings Corp.
0002131322,VGTHY,"Victory Giant Technology (HuiZhou) Co., Ltd./ADR"
0002131524,BRVE,"Braveheart Bio, Inc."
0002138474,ZABKY,Zabka Group S.A./ADR
0002140948,LNFGY,Lion Finance Group PLC/ADR
0002128448,MTGLY,Mininglamp Technology Group Limited/ADR
0002128597,SXTEY,"Shenzhen Xunce Technology Co., Ltd./ADR"
0002141099,RGKUY,Rigaku Holdings Corporation/ADR
0002096533,NATNF,Nation Gold Corp.
0002122392,PLCI,Pelican Acquisition II Corp
0002131813,NWCL,newcleo Ltd.
0002133892,KGBMY,Kongsberg Maritime ASA/ADR
0002123553,ICGSF,ICG Silver & Gold Ltd.
0002123955,PNAQ,Pinnacle Acquisition Corp
0002125904,SKBBY,"Sichuan Kelun-Biotech Biopharmaceutical Co., Ltd./ADR"
0002131350,BRTM,B&R Technology Merger Corp.
0002144745,BSUDY,Bradsaude S.A./ADR
0002092248,NGCOY,"Nagase & Co., Ltd./ADR"
0002092314,WATR,Air Water Ventures Ltd
0002092967,FRTT,Fort Technology Inc
0002140030,TBCV,"Thunder Bridge Capital Partners V, Ltd."
0002144761,MTBOY,Metis TechBio Co Ltd/ADR
0002093618,NBKBY,Noba Bank Group AG/ADR
0002093654,ZJGIY,Zijin Gold International Co Limited/ADR
0002129466,GDHRY,"Guangdong Huayan Robotics Co, Ltd./ADR"
0002130219,HCAX,Hall Chadwick Acquisition Corp II
0002131040,RVII,Robinhood Ventures Fund II
0002137137,BEMPY,Bangkok Expressway & Metro Public Co Limited/ADR
0002138373,CBAGY,Carabao Group Public Co Limited/ADR
0002100603,MPJPY,Metaplanet Inc.
0002106436,MRCO,Mercator Acquisition Corp.
0002123969,RREV,RRE Ventures Acquisition Corp.
0002126043,CGCF,Cartesian Growth Corp IV
0002127043,JMKE,Jersey Mike's Subs Inc.
0002127862,BCLGY,BALTIC CLASSIFIEDS GROUP PLC/ADR
0002128045,BCCQ,Bleichroeder Acquisition Corp. III
0002123232,CMBY,Cumberland Farms Ltd
0002115027,BAGZ,Cryptex Digital Market Cap ETF
0002108124,ODKUY,"Odakyu Electric Railway Co., Ltd./ADR"
0002109545,KNWAY,Knowledge Atlas Technology Joint Stock Co Limited/ADR
0002109547,GIDHF,GigaDevice Semiconductor Inc./ADR
0002110583,AELKY,ASELSAN Elektronik Sanayi ve Ticaret Anonim Sirketi/ADR
0002098332,MDKGY,Merdeka Gold Resources Tbk PT/ADR
0002100704,EWAV,East West Ave Acquisition Corp.
0002101240,SNSC,SunScout Holding Ltd
0002102593,NRGFF,AE Fuels Corp
0002103029,SKAI,Sky Acquisition Group
0002103612,MSBT,Morgan Stanley Bitcoin Trust
0002105318,GDMT,Gold Mountain Acquisition Corp.
0002107375,SSHBY,"SBI Shinsei Bank, Limited/ADR"
0002086869,RSMIY,RESOLUTION MINERALS LTD/ADR
0002115436,XOM,ExxonMobil Holdings Corp
0002083125,FTW,PRESIDIO PRODUCTION Co
0002084227,ADBT,"Advasa Holdings, Inc."
0002128739,JAB,JAB Acquisition Corp I
0002134856,XTER,Karman Line Acquisition Corp.
0002136360,MTRL,Material Resource Acquisition Corp.
0002140589,LARS,Laris Growth Acquisition Corp.
0002142762,ORCRY,Organo Corporation/ADR
0002144751,CTNKY,Capital Tankers Corp./ADR
0002082889,CLNK,Bitwise Chainlink ETF
0002088339,OBBCY,"OBIC Business Consultants Co., Ltd./ADR"
0002088688,EXCBF,Excalibur Metals Corp.
0002088139,BHYP,Bitwise Hyperliquid ETF
0002091028,MTLMY,Metallium Limited/ADR
0002099818,YARRF,Pirate Gold Corp.
0002094687,CRAUY,"Chery Automobile Co., Ltd./ADR"
0002094989,RUIH,RUI Holdings Inc
0002098397,ANJFY,"Anjoy Foods Group Co., Ltd./ADR"
0002103547,MSOL,Morgan Stanley Solana Trust
0002103596,GFTFF,Grafton Resources Inc.
0002104032,SUCH,Suchness Tech Ltd
0002104296,TP,Ticketplus Ltd.
0002101973,AFNDY,Allfunds Group PLC./ADR
0002113605,CHWM,Chilwa Minerals Ltd
0002116230,NCO,Southern Cross Acquisition I Corp.
0002117702,SICOF,Silverco Mining Ltd.
0002065485,JXAMY,JX Advanced Metals Corporation/ADR
0002075877,BKPOY,Bank Pekao S.A./ADR
0002083583,BSTR,"BSTR Holdings, Inc."
0002074409,QSOL,Invesco Galaxy Solana ETF
0002073638,FNIGY,Finning International Inc./ADR
0002073655,TPZEY,Topaz Energy Corp./ADR
0002065282,ACMIF,Allied Critical Metals Corp.
0002067171,IDXMF,IDEX METALS CORP.
0002064314,TDOG,21Shares Dogecoin ETF
0002064381,THCLY,"Toho Co., Ltd./ADR"
0002063413,SMPHY,SM Prime Holdings Inc./ADR
0002048270,SMFSY,"Sumitomo Forestry Co., Ltd./ADR"
0002049323,AMPM,AM PM Group Ltd
0002056611,LTGO,"Latigo Biotherapeutics, Inc."
0002046098,ALEUY,ALLEGRO.EU SA/ADR
0002138369,SIAMY,Siam Global House Public Co Limited/ADR
0002127859,EULLY,EUROPEAN LITHIUM LTD/ADR
0002131853,FTRA,FutureCorp Space Acquisition 1
0002133239,SCAT,Southern Cross Acquisition II Corp.
0002128813,HGZDY,"Hangzhou Diagens Biotechnology Co., Ltd./ADR"
0002129595,TEAC,Tidewise Acquisition Corp
0002130606,OBX,"Gazelle Parent, Inc."
0002119292,PSQL,Bleichroeder Acquisition France Merger Sub 2
0002120046,CVCPY,CVC Capital Partners plc/ADR
0002111790,SHILY,Shanghai Iluvatar CoreX Semiconductor Co Ltd/ADR
0002120882,SKHY,SK hynix Inc.
0002123372,WXILY,"Wuxi Lead Intelligent Equipment Co., Ltd./ADR"
0002094265,MLAA,Mountain Lake Acquisition Corp. II
0002104277,HNUC,Holtec Nuclear Corp
0002093976,NEUC,Neucleus Group Ltd
0002094076,OTAI,Starlink AI Acquisition Corp
0002094201,DPDSY,DPC DASH LTD/ADR
0002075474,GGRPY,GPT Group/ADR
0002074745,VIRMF,Viridian Metals Inc.
0002075038,IBL,I Bella Perfect Inc.
0002071912,PRSKY,PrairieSky Royalty Ltd/ADR
0002065932,FRLCY,Freelancer Ltd
0002066600,SCBXY,SCB X Public Co Ltd
0002066925,CAPI,"CAPSTONE 72, INC."
0002082876,FHFFY,Foshan Haitian Flavouring & Food Co Ltd./ADR
0002084698,KHOBF,KHEOBA Ltd
0002085795,APNA,APEIRON ACQUISITION VEHICLE I
0002086438,GHXI,"Gores Holdings XI, Inc."
0002089778,PNIG,Pacipic Nexus IntelliTech Group
0002092243,JAYGF,Blue Jay Gold Corp.
0002086545,ARTC,Art Technology Acquisition Corp.
0002087856,AKCLY,Aica Kogyo Co Limited/ADR
0002077715,UNIU,"RiverNorth Long Prime Unicorn Fund I, Inc."
0002078570,AMTU,"AMATUHI HOLDINGS, INC."
0002073972,SSRLY,Sienna Senior Living Inc./ADR
0002074157,SVICY,StorageVault Canada Inc./ADR
0002074158,GIVE,Wealth Management System Inc.
0002076398,ZSICY,"Zhejiang Sanhua Intelligent Controls Co., Ltd./ADR"
0002084585,UATCY,"Unisound AI Technology Co., Ltd./ADR"
0002049977,STA,"Starton Holdings, Inc."
0002050338,CLBZ,Collab Z Inc.
0002086775,BTECH,BTECH Corp
0002063231,CLRLY,Central Retail Corp Public Co Limited/ADR
0002063417,MREGY,Meridian Energy Ltd/ADR
0002087843,GTLRY,Greatland Resources Limited/ADR
0002090651,CNYGF,Canary Gold Corp.
0002092291,TIWD,Timwood Holdings Ltd
0002089969,BITA,iShares Bitcoin Premium Income ETF
0002093227,SMGSY,SMG Swiss Marketplace Group AG/ADR
0002038919,DFSLY,Defeng Solife Holdings Limited/ADR
0002045873,BLTG,BOUNDLESS GROUP
0002053791,BWOW,Bitwise Dogecoin ETF
0002040491,ASIC,Ategrity Specialty Insurance Co Holdings
0002041208,TREO,Plum III Merger Corp.
0002036060,SBMW,"Security Midwest Bancorp, Inc."
0002042444,OBNK,Osprey BONK Trust
0002072563,SAPUY,Saputo Inc./ADR
0002070087,KOEI,"Koei Group Co., Ltd."
0002075335,ROZE,ROZE AI INC.
0002060863,NHLTY,Nightingale Health Plc
0002052373,MKAR,Mkango Rare Earths Ltd
0002053843,YGSHY,Yangzijiang Shipbuilding Holdings Ltd/ADR
0002065660,DNCLY,"DeNA Co., Ltd./ADR"
0002065741,NEUT,Neutrans Inc.
0002062803,IDPEY,IDP Education Ltd./ADR
0002063671,GRCPY,Canal Plus SA/ADR
0002045151,MENW,"Tailored Brands, Inc. / DE"
0002045872,BSOL,Bitwise Solana Staking ETF
0002089499,GLVPY,GLENVEAGH PROPERTIES PLC/ADR
0002091521,MDAT,Web3Labs Global Inc.
0002056450,BXRLY,Boxer Retail Limited/ADR
0002057388,SOEZ,Franklin Solana Trust
0002070237,SOUD,Hacker Interstellar Inc.
0002071607,BMOK,BM Acquisition Corp.
0002071911,CPXXY,Capital Power Corp/ADR
0002063685,PSBTY,PT Sumber Alfaria Trijaya Tbk/ADR
0002073615,ELFTY,Element Fleet Management Corp./ADR
0002073913,NWCYY,North West Co Inc./ADR
0002075036,EVON,EvoNexus Group LTD
0002078895,ASKRY,Asker Healthcare Group AB/ADR
0002086549,PHAX,Phalanx Acquisition Corp I
0002087419,PNSB,"PSB Financial, Inc."
0002087500,NHKSY,NHK Spring Co. Ltd/ADR
0002089174,PTAXY,Paltac Corporation/ADR
0002077242,STJNY,Stella-Jones Inc./ADR
0002089506,TEICY,TOSEI CORP/ADR
0002091663,CDTHY,CONDUIT HOLDINGS LTD/ADR
0002046370,UPX,Uptrend Holdings Ltd
0002059438,XRPZ,Franklin XRP Trust
0002053411,PCPGY,PC Partner Group Ltd/ADR
0002090910,LAGH,Lagarosse Holdings Ltd
0002066824,VBNB,VanEck BNB ETF
0002062807,MNZLY,Mercury NZ Ltd./ADR
0002063380,FSOL,Fidelity Solana Fund
0002063675,LSHGY,Louis Hachette Group/ADR
0002075918,CSCCY,Capstone Copper Corp./ADR
0002070570,RECCY,Reece Limited/ADR
0002073669,HNPHY,Hansoh Pharmaceutical Group Co Limited/ADR
0002073901,TMKVY,Tamarack Valley Energy Ltd./ADR
0002075141,VSGRY,VusionGroup
0001652044,GOOG,Alphabet Inc.
0000036104,USB-PA,US BANCORP DE
0001067983,BRK-A,BERKSHIRE HATHAWAY INC
0000937966,ASMLF,ASML HOLDING NV
0001046179,TSMWF,TAIWAN SEMICONDUCTOR MANUFACTURING CO LTD
0001577552,BABAF,Alibaba Group Holding Ltd
0000019617,JPM-PC,JPMORGAN CHASE & CO
0001108329,PCCYF,PETROCHINA CO LTD
0001114448,NVSEF,NOVARTIS AG
0000070858,BML-PG,BANK OF AMERICA CORP /DE/
0000070858,BML-PL,BANK OF AMERICA CORP /DE/
0000070858,BAC-PB,BANK OF AMERICA CORP /DE/
0000067088,MBFJF,MITSUBISHI UFJ FINANCIAL GROUP INC
0001306965,RYDAF,Shell plc
0001094517,TOYOF,TOYOTA MOTOR CORP/
0001268896,CILJF,CHINA LIFE INSURANCE CO LTD
0000070858,BAC-PK,BANK OF AMERICA CORP /DE/
0000811809,BHPLF,BHP Group Ltd
0000353278,NONOF,NOVO NORDISK A S
0001000184,SAPGF,SAP SE
0000891478,BCDRF,"Banco Santander, S.A."
0001089113,HBCYF,HSBC HOLDINGS PLC
0000072971,WFC-PY,WELLS FARGO & COMPANY/MN
0000072971,WFC-PL,WELLS FARGO & COMPANY/MN
0001091587,ABLZF,ABB LTD
0001091587,ABBNY,ABB LTD
0000313838,SNEJF,Sony Group Corp
0000732717,TBB,AT&T INC.
0001121404,SNYNF,Sanofi
0000217410,UNLYF,UNILEVER PLC
0001668717,BUDFF,Anheuser-Busch InBev SA/NV
0001303523,BTAFF,British American Tobacco p.l.c.
0000072971,WFC-PC,WELLS FARGO & COMPANY/MN
0000946770,DTEGF,DEUTSCHE TELEKOM AG
0001131399,GLAXF,GSK plc
0000313807,BPAQF,BP PLC
0000863064,RTPPF,RIO TINTO PLC
0001022837,SMFNF,"SUMITOMO MITSUI FINANCIAL GROUP, INC."
0001438656,IDEXF,Industria de Diseno Textil Inditex SA / ADR
0001445162,BYDDF,BYD CO LTD
0000070866,NCRRP,NCR Voyix Corp
0001274152,CMXHF,CSL LTD
0001161167,AIQUF,L AIR LIQUIDE SA /FI
0001123658,SNPMF,CHINA PETROLEUM & CHEMICAL CORP
0001067318,MBGAF,DAIMLER AG
0001110646,NETTF,"NetEase, Inc."
0000895564,BAESF,BAE SYSTEMS PLC /FI/
0000036104,USB-PH,US BANCORP DE
0000895728,EBBNF,ENBRIDGE INC
0000769594,NTTYY,NIPPON TELEGRAPH & TELEPHONE CORP
0000030554,CTA-PB,"EIDP, Inc."
0000036104,USB-PP,US BANCORP DE
0001129137,AMXOF,AMERICA MOVIL SAB DE CV/
0001524684,GLCNF,Glencore plc/ADR
0000895421,MS-PK,MORGAN STANLEY
0001119639,PBR-A,PETROBRAS - PETROLEO BRASILEIRO SA
0001106215,KDDIF,KDDI CORP
0001140625,STOHF,EQUINOR ASA
0000895421,MS-PE,MORGAN STANLEY
0000929869,RLXXF,RELX PLC
0001329099,BAIDF,"Baidu, Inc."
0000835403,DGEAF,DIAGEO PLC
0001002242,EIPAF,ENI SPA
0001166691,CCZ,COMCAST CORP
0000924613,NOKBF,NOKIA CORP
0000719245,WEBNF,WESTPAC BANKING CORP
0001107457,IFNNF,INFINEON TECHNOLOGIES AG
0001335730,MZHOF,MIZUHO FINANCIAL GROUP INC
0000047710,HTHIF,HITACHI LTD
0001004315,NGGTF,NATIONAL GRID PLC
0001395064,TKPHF,TAKEDA PHARMACEUTICAL CO LTD
0001446519,DKILF,Daikin Industries Ltd
0000718940,BECEF,BCE INC
0001063761,SPG-PJ,SIMON PROPERTY GROUP INC.
0001512673,BSQKZ,"Block, Inc."
0000030554,CTA-PA,"EIDP, Inc."
0001232384,TNCAF,TC ENERGY CORP
0001039765,INGVF,ING GROEP NV
0001099219,MET-PA,METLIFE INC
0001269238,TRPCF,Trip.com Group Ltd
0000355363,ITOCF,ITOCHU CORP
0001099219,MET-PE,METLIFE INC
0001160106,LLDTF,Lloyds Banking Group plc
0000842180,BBVXF,"BANCO BILBAO VIZCAYA ARGENTARIA, S.A."
0001900304,HLNCF,Haleon plc
0001232384,TCANF,TC ENERGY CORP
0001393311,PSA-PH,Public Storage
0001549802,JDCMF,"JD.com, Inc."
0000715153,HNDAF,HONDA MOTOR CO LTD
0001446250,BAMXF,Bayerische Motoren Werke AG/ADR
0001169486,TKOMF,"TOKIO MARINE HOLDINGS, INC."
0001359519,SVNDF,SEVEN & I HOLDINGS CO LTD
0001002788,BMDPF,BANCA MONTE DEI PASCHI DI SIENA SPA
0001001085,BAMGF,BROOKFIELD Corp /ON/
0001393311,PSA-PU,Public Storage
0001450468,MRAAF,"Murata Manufacturing Co., Ltd./ADR"
0000046619,HEI-A,HEICO CORP
0001569964,PINXF,People's Insurance Co (Group) of China Limited/ADR
0000886986,TCKRF,TECK RESOURCES LTD
0001279967,CRARF,CREDIT AGRICOLE S A
0001136808,ENAKF,E.ON SE
0000844150,RBSPF,NatWest Group plc
0000717826,ERIXF,ERICSSON LM TELEPHONE CO
0001116578,PUKPF,PRUDENTIAL PLC
0000844551,WOPEF,WOODSIDE ENERGY GROUP LTD
0001038143,FNCTF,ORANGE
0000920760,LEN-B,LENNAR CORP /NEW/
0000899051,ALL-PH,ALLSTATE CORP
0001535628,CIXPF,CaixaBank/ADR
0000312069,BCLYF,BARCLAYS PLC
0000943819,RSMDF,RESMED INC
0001012037,CODGF,COMPAGNIE DE SAINT GOBAIN
0001791706,LAAOF,Li Auto Inc.
0001330306,VWSYF,VESTAS WIND SYSTEMS A/S
0001070304,ORXCF,ORIX CORP
0000814052,TEFOF,TELEFONICA S A
0000839923,VODPF,VODAFONE GROUP PUBLIC LTD CO
0001160330,BBDO,BANK BRADESCO
0001434265,GNMSF,GENMAB A/S
0001712356,HRNNF,Hydro One Ltd
0001700171,ANNSF,Aena S.A./ADR
0001297996,DLR-PK,"DIGITAL REALTY TRUST, INC."
0001560385,FWONK,Liberty Media Corp
0000932787,STMEF,STMicroelectronics N.V.
0001142231,HKHHF,HEINEKEN HOLDING N V
0000016988,CAJPY,CANON INC
0001243429,AMSYF,ArcelorMittal
0001436778,SAXPF,Sampo OYJ
0001038683,RYAOF,RYANAIR HOLDINGS PLC
0000063754,MKC-V,MCCORMICK & CO INC
0001190723,TNRSF,TENARIS SA
0001618755,RSTRF,Restaurant Brands International Limited Partnership
0000801645,MARUF,MARUBENI CORP /FI
0000092122,SOJC,SOUTHERN CO
0000016988,CAJFF,CANON INC
0001396282,HMRZF,H&M HENNES & MAURITZ AB
0001754301,FOX,Fox Corp
0000910631,COCSF,COCA COLA FEMSA SAB DE CV
0000858446,ICHGF,INTERCONTINENTAL HOTELS GROUP PLC /NEW/
0001126113,TELNF,TELENOR ASA
0000733099,RCIAF,ROGERS COMMUNICATIONS INC
0000798941,FCNCB,FIRST CITIZENS BANCSHARES INC /DE/
0001810997,XPNGF,XPENG INC.
0001617640,Z,"ZILLOW GROUP, INC."
0000093751,STT-PG,STATE STREET CORP
0000057083,KYOCF,KYOCERA CORP
0001459334,BKZHY,Santander Bank Polska SA/ADR
0001560385,FWONB,Liberty Media Corp
0001163420,MTNOF,MTN GROUP LTD/ADR
0001450346,POAHF,Porsche Automobil Holding SE / ADR
0001163653,NRSCF,NOMURA HOLDINGS INC
0001564708,NWS,NEWS CORP
0001516534,EDRVY,EDP Renewables S.A./ADR
0001159152,JHIUF,James Hardie Industries plc
0001518542,SPXSF,Spirax-Sarco Engineering PLC/ADR
0000313216,RYLPF,KONINKLIJKE PHILIPS NV
0001748790,AMCCF,Amcor plc
0000912595,MAA,MID AMERICA APARTMENT COMMUNITIES INC.
0001450159,SURDF,"Sumitomo Realty & Development Co., Ltd./ADR"
0000012208,BIO-B,"BIO-RAD LABORATORIES, INC."
0001041668,CHKIF,CHINA SOUTHERN AIRLINES CO LTD
0001158838,ADTTF,ADVANTEST CORP
0000091576,KEY-PK,KEYCORP /NEW/
0000904868,FSNUF,Fresenius SE & Co. KGaA
0000818686,TEVJF,TEVA PHARMACEUTICAL INDUSTRIES LTD
0000003124,AKZOF,AKZO NOBEL NV
0001281721,SGIOF,SHIONOGI & CO LTD
0000915191,FRFFF,FAIRFAX FINANCIAL HOLDINGS LTD/ CAN
0000014693,BF-B,BROWN FORMAN CORP
0001858681,APO-PA,"Apollo Global Management, Inc."
0000091576,KEY-PI,KEYCORP /NEW/
0001736541,NIOIF,NIO Inc.
0000927971,FNGD,BANK OF MONTREAL /CAN/
0001172724,GFIOF,GOLD FIELDS LTD
0001003935,NCSYF,NICE Ltd.
0000930157,RKLIF,RENTOKIL INITIAL PLC /FI
0000930826,SVYSF,SOLVAY S A /ADR/
0001474968,GELYF,Geely Automobile Holdings Limited/ADR
0001333172,NMPGY,Navios Maritime Holdings Inc.
0000105016,WSO-B,WATSCO INC
0001333141,FMCQF,Fresenius Medical Care AG
0000912595,MAA-PI,MID AMERICA APARTMENT COMMUNITIES INC.
0001611983,LBRDB,Liberty Broadband Corp
0001281761,RF-PC,REGIONS FINANCIAL CORP
0000845982,SNNUF,SMITH & NEPHEW PLC
0001442651,SHECF,"Shin-Etsu Chemical Co., Ltd."
0001611983,LBRDK,Liberty Broadband Corp
0001072397,BZLFF,BUNZL PLC
0001161611,ALMMF,ALUMINUM CORP OF CHINA LTD
0001127248,ERRAF,EMERA INC
0001437441,PIRBF,Piraeus Bank S.A.
0000004457,UHAL-B,U-Haul Holding Co /NV/
0001786909,SBYSF,Sibanye Stillwater Ltd
0001446597,DQJCF,Don Quijote Holdings Co Ltd
0001504122,PBNNF,PT Bank Negara Indonesia (Persero) Tbk/ADR
0000806968,WPPGF,WPP plc
0001437672,PRYMF,Prysmian S.p.A.
0001062066,AOMFF,ALSTOM
0001347557,GPAEF,Pacific Airport Group
0001034983,MNBEF,MINEBEA MITSUMI Inc.
0000769218,AEGOF,AEGON LTD.
0001026214,FREJO,FEDERAL HOME LOAN MORTGAGE CORP
0000095227,SMTOF,SUMITOMO ELECTRIC INDUSTRIES LTD/ADR/
0001447100,YAMHF,"Yamaha Motor Co., Ltd."
0002057463,GLIBB,Liberty Capital Corp/NV
0000353991,NDEKF,NITTO DENKO CORP / ADR/
0001123452,ASRMF,SOUTHEAST AIRPORT GROUP
0001604982,SBMFF,Sino Biopharmaceutical Limited/ADR
0001570585,LBTYB,Liberty Global Ltd.
0000100826,UEPCN,UNION ELECTRIC CO
0001157557,CIG-C,ENERGY CO OF MINAS GERAIS
0001076378,CXMSF,CEMEX SAB DE CV
0002072563,SAPIF,Saputo Inc./ADR
0001544379,DINRF,"SCREEN Holdings Co., Ltd./ADR"
0000938323,PSORF,PEARSON PLC
0000100826,UEPEO,UNION ELECTRIC CO
0000100826,UEPEP,UNION ELECTRIC CO
0001884082,PSNYW,Polestar Automotive Holding UK PLC
0000314590,SASOF,SASOL LTD
0000899689,VNORP,VORNADO REALTY TRUST
0001447100,YMHAY,"Yamaha Motor Co., Ltd."
0001600520,OSCUF,"Japan Exchange Group, Inc./ADR"
0001372920,NWOEF,New Oriental Education & Technology Group Inc.
0001346287,CLUS,Cluster Group Holdings Ltd Co
0000899689,VNO-PL,VORNADO REALTY TRUST
0000100826,UEPCP,UNION ELECTRIC CO
0000024545,TAP,MOLSON COORS BEVERAGE CO
0000899689,VNO-PM,VORNADO REALTY TRUST
0001453932,UNBLF,Unibail-Rodamco SE/ADR
0000100826,UEPEN,UNION ELECTRIC CO
0001723690,BLBLF,Bilibili Inc.
0001535929,VOYA-PB,"Voya Financial, Inc."
0001562805,XZJCF,Mitsui Kinzoku Co Ltd./ADR
0001438569,GIFLF,Grifols SA
0000354516,TYOYY,TAIYO YUDEN CO LTD /ADR/
0001668501,KOSCF,Kose Corporation/ADR
0001489079,PADEF,Adaro Energy PT/ADR/
0001438569,GIFOF,Grifols SA
0001710864,MSUXF,Misumi Group Inc./ADR
0001647435,ATDRF,Auto Trader Group plc/ADR
0001481045,DSECF,Daiwa Securities Group Inc.
0000811156,CMSA,CMS ENERGY CORP
0001562476,TMHC,Taylor Morrison Home Corp
0001040971,SLG-PI,SL GREEN REALTY CORP
0001581285,BCUCF,Brunello Cucinelli S.p.A./ADR
0001012019,RUSHB,RUSH ENTERPRISES INC \TX\
0001671235,BMRPF,B&M European Value Retail S.A./ADR
0001581760,LIFX,"Life360, Inc."
0001438569,GIKLY,Grifols SA
0000793742,HACBY,HACHIJUNI BANK LTD
0001506721,BLFBY,Balfour Beatty plc/ADR
0001642365,ALTB,Alpine Auto Brokers Inc.
0002084022,SFGRF,Sony Financial Group Inc./ADR
0000005513,UNMA,Unum Group
0001370418,SLFPF,STANDARD LIFE PLC
0001516536,RTMVF,Rightmove PLC/ADR
0001446420,MITUF,Mitsui Chemicals Inc
0000763901,BPOPO,"POPULAR, INC."
0001023514,HGMCF,HARMONY GOLD MINING CO LTD
0000921638,SSRGF,SSR MINING INC.
0002068427,ZLDPF,Zealand Pharma A/S/ADR
0000078150,PHTCF,PLDT Inc.
0002133892,KMRRF,Kongsberg Maritime ASA/ADR
0001004980,PCG-PE,PG&E Corp
0000925261,AKO-B,ANDINA BOTTLING CO INC
0001469395,PPENF,Pampa Energy Inc.
0001004980,PCG-PD,PG&E Corp
0001004980,PCG-PC,PG&E Corp
0000310522,FNMFN,FEDERAL NATIONAL MORTGAGE ASSOCIATION FANNIE MAE
0001004980,PCG-PH,PG&E Corp
0001004980,PCG-PG,PG&E Corp
0001378239,GAERF,Central North Airport Group
0001214816,AXS-PE,AXIS CAPITAL HOLDINGS LTD
0000936340,DTW,DTE ENERGY CO
0000908732,SPTJF,SINOPEC SHANGHAI PETROCHEMICAL CO LTD
0000043920,GEF-B,"GREIF, INC"
0001445211,PIFMF,"Indofood Sukses Makmur, Tbk"
0001004980,PCG-PI,PG&E Corp
0000729580,BELFB,BEL FUSE INC /NJ
0001671750,DISPF,Disco Corporation/ADR
0000932470,TCMFF,TELECOM ARGENTINA SA
0001032033,SLMBP,SLM Corp
0001049724,DLAKF,DEUTSCHE LUFTHANSA A G /FI
0000720672,SF-PB,STIFEL FINANCIAL CORP
0001465740,TWO-PC,TWO HARBORS INVESTMENT CORP.
0001570585,LBTYK,Liberty Global Ltd.
0001362898,AVLNF,Avalon Advanced Materials Inc.
0000008063,ATROB,ASTRONICS CORP
0001958140,BATRK,"Atlanta Braves Holdings, Inc."
0001447101,TYTMF,Tokyo Tatemono Co Ltd
0000067887,MOG-B,MOOG INC.
0000714310,VLYPP,VALLEY NATIONAL BANCORP
0001592049,RYKKF,Ryohin Keikaku Co/ADR
0001465740,TWO-PB,TWO HARBORS INVESTMENT CORP.
0001465740,TWO-PA,TWO HARBORS INVESTMENT CORP.
0000011544,WRB-PE,BERKLEY W R CORP
0001536787,SOHGY,ALSOK Co Ltd./ADR
0000801337,WBS-PF,WEBSTER FINANCIAL CORP
0000714310,VLYPO,VALLEY NATIONAL BANCORP
0001511337,RLJ-PA,RLJ Lodging Trust
0001474098,PEB-PF,Pebblebrook Hotel Trust
0001474098,PEB-PE,Pebblebrook Hotel Trust
0001336917,UA,"Under Armour, Inc."
0001409493,CIM-PA,CHIMERA INVESTMENT CORP
0000099614,TY-P,TRI-CONTINENTAL Corp
0001545057,PTXAF,PT XLSMART Telecom Sejahtera Tbk/ADR
0001648257,HMDCF,HUTCHMED (China) Ltd
0001026214,FMCCG,FEDERAL HOME LOAN MORTGAGE CORP
0000310522,FNMAM,FEDERAL NATIONAL MORTGAGE ASSOCIATION FANNIE MAE
0000018654,AILLI,Ameren Illinois Co
0000887733,CENTA,CENTRAL GARDEN & PET CO
0001660734,TRTN-PA,Triton International Ltd
0001958140,BATRB,"Atlanta Braves Holdings, Inc."
0000107815,WELPP,WISCONSIN ELECTRIC POWER CO
0000018654,AILLM,Ameren Illinois Co
0000018654,AILLN,Ameren Illinois Co
0001448611,CDGLF,ComfortDelGro Corp Ltd
0001174511,AEBZY,ANADOLU EFES BIRACILIK VE MALT SANAYI A S/ADR
0000310522,FNMAN,FEDERAL NATIONAL MORTGAGE ASSOCIATION FANNIE MAE
0001628063,SRG-PA,Seritage Growth Properties
0000098677,TROLB,TOOTSIE ROLL INDUSTRIES INC
0000018654,AILIM,Ameren Illinois Co
0001026214,FMCCJ,FEDERAL HOME LOAN MORTGAGE CORP
0000310522,FNMAI,FEDERAL NATIONAL MORTGAGE ASSOCIATION FANNIE MAE
0001770561,CODQL,Coronado Global Resources Inc.
0000885275,WBHC,WILSON BANK HOLDING CO
0001421876,GLPGF,Lakefront Biotherapeutics NV
0001489088,TBNGY,PT Bukit Asam Tbk/ADR
0000018654,AILLO,Ameren Illinois Co
0000910108,LXP-PC,LXP Industrial Trust
0000310522,FNMAT,FEDERAL NATIONAL MORTGAGE ASSOCIATION FANNIE MAE
0000018654,AILIN,Ameren Illinois Co
0000310522,FNMAK,FEDERAL NATIONAL MORTGAGE ASSOCIATION FANNIE MAE
0002035057,IFCNF,Inficon Holding AG/ADR
0000310522,FNMAL,FEDERAL NATIONAL MORTGAGE ASSOCIATION FANNIE MAE
0000310522,FNMFM,FEDERAL NATIONAL MORTGAGE ASSOCIATION FANNIE MAE
0000018654,AILLP,Ameren Illinois Co
0000107140,WLYB,"JOHN WILEY & SONS, INC."
0000310522,FNMAO,FEDERAL NATIONAL MORTGAGE ASSOCIATION FANNIE MAE
0001562296,TUFBY,Thai Union Group Public Co Limited/ADR
0000310522,FNMAG,FEDERAL NATIONAL MORTGAGE ASSOCIATION FANNIE MAE
0000310522,FNMFO,FEDERAL NATIONAL MORTGAGE ASSOCIATION FANNIE MAE
0001423210,ARZTF,ARYZTA AG (fka IAWS GROUP PLC)
0001260729,GDV-PH,GABELLI DIVIDEND & INCOME TRUST
0001433087,FLIDF,FLSMIDTH & CO. A/S
0001553079,FISK,"Empire State Realty OP, L.P."
0000912892,GRPFF,"GRUPO TELEVISA, S.A.B."
0001412558,EVOTF,Evotec SE
0001712184,LILAK,Liberty Latin America Ltd.
0001504461,NGL-PC,NGL Energy Partners LP
0000907254,BFS-PD,"SAUL CENTERS, INC."
0001026214,FMCCL,FEDERAL HOME LOAN MORTGAGE CORP
0001553079,OGCP,"Empire State Realty OP, L.P."
0000845877,AGM-A,FEDERAL AGRICULTURAL MORTGAGE CORP
0001026214,FMCKL,FEDERAL HOME LOAN MORTGAGE CORP
0001569963,LTGHF,Life Healthcare Group Holdings Limited/ADR
0001464423,PMT-PA,PennyMac Mortgage Investment Trust
0001464423,PMT-PB,PennyMac Mortgage Investment Trust
0001578955,SBOEF,SBO AG/ADR
0001712184,LILAB,Liberty Latin America Ltd.
0001026214,FMCCS,FEDERAL HOME LOAN MORTGAGE CORP
0001412100,MHLA,"Maiden Holdings, Ltd."
0001726173,BH,Biglari Holdings Inc.
0001026214,FMCCO,FEDERAL HOME LOAN MORTGAGE CORP
0001606498,AVNS,"AVANOS MEDICAL, INC."
0001345126,CODI-PB,Compass Diversified Holdings
0001026214,FMCKN,FEDERAL HOME LOAN MORTGAGE CORP
0001671541,DRSHF,DroneShield Ltd
0001026214,FREJN,FEDERAL HOME LOAN MORTGAGE CORP
0001503154,CMGMF,Chemring Group PLC/ADR
0001026214,FMCCN,FEDERAL HOME LOAN MORTGAGE CORP
0001026214,FMCKO,FEDERAL HOME LOAN MORTGAGE CORP
0001026214,FMCKJ,FEDERAL HOME LOAN MORTGAGE CORP
0001026214,FMCKM,FEDERAL HOME LOAN MORTGAGE CORP
0001026214,FREGP,FEDERAL HOME LOAN MORTGAGE CORP
0001598655,GLOP-PA,GasLog Partners LP
0001026214,FMCCH,FEDERAL HOME LOAN MORTGAGE CORP
0001026214,FMCCK,FEDERAL HOME LOAN MORTGAGE CORP
0000719413,HL-PB,HECLA MINING CO/DE/
0001026214,FMCCP,FEDERAL HOME LOAN MORTGAGE CORP
0001026214,FMCCM,FEDERAL HOME LOAN MORTGAGE CORP
0001026214,FMCKP,FEDERAL HOME LOAN MORTGAGE CORP
0000088948,SENEB,Seneca Foods Corp
0001164009,FXCNF,FIH Mobile Ltd
0002079013,HCACU,Hall Chadwick Acquisition Corp
0000800457,DGICB,DONEGAL GROUP INC
0000043196,GTN-A,"GRAY MEDIA, INC"
0000055135,KELYB,KELLY SERVICES INC
0001345099,MEOBF,MESOBLAST LTD
0001023512,DRDGF,DRDGOLD LTD
0001072725,GDRZF,GOLD RESERVE LTD
0000357294,HOVVB,HOVNANIAN ENTERPRISES INC
0001503584,CMRE-PC,Costamare Inc.
0001290877,CLVLF,Clinuvel Pharmaceuticals Ltd
0001561032,HLTC,"National Healthcare Properties, Inc."
0000216085,HVT-A,HAVERTY FURNITURE COMPANIES INC
0000921671,GGT-PE,GABELLI MULTIMEDIA TRUST INC.
0001505065,BRSYF,Brainsway Ltd.
0000752642,UMH-PD,"UMH PROPERTIES, INC."
0001495222,OXLCM,Oxford Lane Capital Corp.
0001537543,MTGRF,MGX Resources Limited/ADR
0002133810,TIHRF,Tharisa plc
0001587987,NEWTI,"NewtekOne, Inc."
0001782999,PTCHF,PureTech Health plc
0001495222,OXLCO,Oxford Lane Capital Corp.
0000025475,CRD-B,CRAWFORD & CO
0002006291,CCIX,Churchill Capital Corp IX/Cayman
0002010930,ALF,Centurion Acquisition Corp.
0001447221,LGSXD,Light S.A./ADR
0001271554,ERLFF,Entree Resources Ltd.
0001290877,CLVLY,Clinuvel Pharmaceuticals Ltd
0001762303,AVHHL,"AVITA Medical, Inc."
0001762506,VSOGF,"Vista Energy, S.A.B. de C.V."
0000863110,ARTNB,ARTESIAN RESOURCES CORP
0001815620,CKDXF,Opthea Ltd
0000023426,CNTHP,CONNECTICUT LIGHT & POWER CO
0001400891,IHRTB,"iHeartMedia, Inc."
0000023426,CNLPL,CONNECTICUT LIGHT & POWER CO
0001227857,NCZ-PA,Virtus Convertible & Income Fund II
0001799191,DFPH,"Oncology Institute, Inc."
0001318885,DSX-PB,DIANA SHIPPING INC.
0000023426,CNTHO,CONNECTICUT LIGHT & POWER CO
0001641601,RVRF,River Financial Corp
0001571776,CHMI-PB,Cherry Hill Mortgage Investment Corp
0001854078,RLFTY,MindMaze Therapeutics Holding SA
0001846253,OABI,"OmniAb, Inc."
0001506184,PRRUF,IMMUTEP Ltd
0000023426,CNTHN,CONNECTICUT LIGHT & POWER CO
0001479615,SLNCF,Silence Therapeutics plc
0001944885,APLMW,Apollomics Inc.
0000023426,CNLHP,CONNECTICUT LIGHT & POWER CO
0001243429,ARCXF,ArcelorMittal
0000023426,CNLTP,CONNECTICUT LIGHT & POWER CO
0001896084,GSCCF,ioneer Ltd
0001577568,HEXEY,Euronext Athens Holding S.A./ADR
0000023426,CNLTL,CONNECTICUT LIGHT & POWER CO
0001598599,IPHYF,Innate Pharma SA
0000023426,CNPWM,CONNECTICUT LIGHT & POWER CO
0001653558,PRTHU,"Priority Technology Holdings, Inc."
0001571776,CHMI-PA,Cherry Hill Mortgage Investment Corp
0000023426,CNLHO,CONNECTICUT LIGHT & POWER CO
0000023426,CNPWP,CONNECTICUT LIGHT & POWER CO
0001495240,LANDP,GLADSTONE LAND Corp
0000023426,CNLPM,CONNECTICUT LIGHT & POWER CO
0001495651,UURAF,Ucore Rare Metals Inc.
0000023426,CNLTN,CONNECTICUT LIGHT & POWER CO
0001697884,VSBC,VITASPRING BIOMEDICAL CO. LTD.
0000071508,ENO,"ENTERGY NEW ORLEANS, LLC"
0000023426,CNLHN,CONNECTICUT LIGHT & POWER CO
0001851651,BNIGF,Beroni Group Ltd
0001756594,IVEVF,Inventiva S.A.
0001823635,ECXJ,"CXJ GROUP CO., Ltd"
0001434754,SB-PC,"SAFE BULKERS, INC."
0001347123,EBRCZ,"EBR Systems, Inc."
0002031760,VROYF,Vizsla Royalties Corp.
0001897463,GRAF,Graf Global Corp.
0001855743,ARRKF,ARRAS MINERALS CORP.
0001394189,CHPGF,Chesapeake Gold Corp
0002129284,AMEGF,American Eagle Gold Corp.
0001726079,LUCN,"Lucent, Inc."
0001814974,BBXIB,"BBX Capital, Inc."
0001357671,CRTD,"Creatd, Inc."
0002042320,AOAO,Alpha One Inc.
0001552800,TTSH,"TILE SHOP HOLDINGS, INC."
0001804583,RAASY,Cloopen Group Holding Ltd
0000716634,RDIB,READING INTERNATIONAL INC
0001526475,HUSIF,NICOLA MINING INC.
0000818677,SFDL,SECURITY FEDERAL CORP
0001908984,ENDI,ENDI Corp.
0000009521,BCV-PA,BANCROFT FUND LTD
0001668340,BCTF,"Bancorp 34, Inc."
0001007273,BKSC,BANK OF SOUTH CAROLINA CORP
0001589150,RGBPP,Regen BioPharma Inc
0001282957,GLU-PB,GABELLI GLOBAL UTILITY & INCOME TRUST
0001389207,GFASY,Gafisa S.A.
0001859795,NVNXF,NOVONIX Ltd
0000942149,OCGSF,Outcrop Silver & Gold Corp
0001882198,ATEK,Athena Technology Acquisition Corp. II
0001847360,BCOW,"1895 Bancorp of Wisconsin, Inc. /MD/"
0001854078,RLFTF,MindMaze Therapeutics Holding SA
0000202947,CPTP,CAPITAL PROPERTIES INC /RI/
0001430725,GSL-PB,"Global Ship Lease, Inc."
0001482430,KBSR,"KBS Real Estate Investment Trust III, Inc."
0001845799,CULL,"Cullman Bancorp, Inc. /MD/"
0001429393,TKLS,"Trutankless, Inc."
0001865248,CMCAF,Piermont Valley Acquisition Corp
0001852019,IXAQF,IX Acquisition Corp.
0001489874,GGROU,Golden Growers Cooperative
0001845149,CBRRF,Chain Bridge I
0000797564,HSTC,"HST Global, Inc."
0001086303,HCIL,"Hongchang International Co., Ltd"
0001876716,ASCBF,ASPAC II Acquisition Corp.
0001850059,FSHPU,Flag Ship Acquisition Corp
0001593549,LIVG,"Livento Group, Inc."
0001703118,FUUFF,F3 Uranium Corp.
0001050446,STRC,Strategy Inc
0001779474,MAPS,"WM TECHNOLOGY, INC."
0001075706,CIZN,CITIZENS HOLDING CO /MS/
0001087456,UBOH,UNITED BANCSHARES INC/OH
0001804792,ARSMF,ARES STRATEGIC MINING INC.
0001362898,AVLND,Avalon Advanced Materials Inc.
0001550453,TRLC,TriLinc Global Impact Fund LLC
0002037786,USREF,Tactical Resources Corp.
0001807983,MDNAF,Medicenna Therapeutics Corp.
0001844971,GREE,Vulcan Infrastructure & Power Inc.
0001468639,VICP,"Vicapsys Life Sciences, Inc."
0001445654,NZEOF,New Zealand Oil & Gas Ltd/ADR
0001846084,JETBF,Global Crossing Airlines Group Inc.
0001814974,BBXIA,"BBX Capital, Inc."
0001041657,UONEK,"URBAN ONE, INC."
0001452804,RMHI,"Retrieve Medical Holdings, Inc."
0001854463,WINV,WinVest Acquisition Corp.
0001738699,WSKEF,Wisekey International Holding S.A.
0001099234,MLMC,"FrankSpeech Network, Inc."
0001408146,SCYYF,SCANDIUM INTERNATIONAL MINING CORP.
0001823365,GBNY,"Generations Bancorp NY, Inc."
0001723059,BIOE,Bio Essence Corp
0001620678,ANPCF,ANGLE plc
0001050606,SALM,"SALEM MEDIA GROUP, INC. /DE/"
0000943034,AATC,AUTOSCOPE TECHNOLOGIES CORP
0001619312,LTSV,"Lightstone Value Plus REIT IV, Inc."
0001000045,OMCC,OLD MARKET CAPITAL Corp
0001569340,CLCS,"Cell Source, Inc."
0001365388,HSTI,"High Sierra Technologies, Inc."
0001800373,GWLL,"GOLDENWELL BIOTECH, INC."
0001076691,OSBK,OCONEE FINANCIAL CORP
0001891512,XTXXF,Adastra Holdings Ltd.
0000838875,WVVIP,WILLAMETTE VALLEY VINEYARDS INC
0001826000,LTCH,"Latch, Inc."
0001861233,ILLMF,illumin Holdings Inc.
0001913838,VWFB,"VWF Bancorp, Inc."
0001301854,MRZLF,Mirasol Resources Ltd
0001566044,VYNE,"Yarrow Bioscience, Inc."
0001158399,BRCNF,Burcon NutraScience Corp
0001001601,MGTI,"MGT CAPITAL INVESTMENTS, INC."
0001101026,ZIVO,"Zivo Bioscience, Inc."
0000086115,SFES,SAFEGUARD SCIENTIFICS INC
0001497649,GSTX,Graphene & Solar Technologies Ltd
0001895251,SGTM,"Sustainable Green Team, Ltd."
0001568628,BQST,Bioquest Corp
0001528188,WNFT,Worldwide NFT Inc.
0001527541,WHLRD,"Wheeler Real Estate Investment Trust, Inc."
0000890066,GLBZ,GLEN BURNIE BANCORP
0001815974,ANEB,"Anebulo Pharmaceuticals, Inc."
0001131343,PRNAF,ALTERITY THERAPEUTICS LTD
0002123346,MNTCF,"Montage Technology Co., Ltd./ADR"
0001376986,TVE,Tennessee Valley Authority
0001095146,ABIT,Athena Bitcoin Global
0001376986,TVC,Tennessee Valley Authority
0001133798,TXRP,"TX Rail Products, Inc."
0001400271,CUBT,Curative Biotechnology Inc
0000942126,TAIT,TAITRON COMPONENTS INC
0001673504,AGLY,Atlantis Glory Inc.
0001016178,CARV,CARVER BANCORP INC
0002040753,XONI,"Xtreme One Entertainment, Inc."
0001350156,PAXH,PREAXIA HEALTH CARE PAYMENT SYSTEMS INC.
0001816554,EVTK,EVENTIKO INC.
0001490054,APHD,"VERDE BIO HOLDINGS, INC."
0001763925,CJAX,CoJax Oil & Gas Corp
0000936801,FEOVF,OCEANIC IRON ORE CORP
0001420108,GLUC,"Glucose Health, Inc."
0001391426,CLNV,Clean Vision Corp
0001737270,NEXCF,Nextech3D.AI Corp.
0001771755,SWISF,Sekur Private Data Ltd.
0001996210,BLMH,"BLUM HOLDINGS, INC."
0001092570,FULO,FULLNET COMMUNICATIONS INC
0001119643,NPHC,NUTRA PHARMA CORP
0001574676,NGHI,"Galenfeha, Inc."
0001777765,VQSSF,VIQ Solutions Inc.
0001565228,VISL,"Vislink Technologies, Inc."
0000727346,GBCS,"SELECTIS HEALTH, INC."
0001468978,SITS,"SOUTHERN ITS INTERNATIONAL, INC."
0001138867,EESH,"EESTech, Inc."
0001397795,BRRN,Bryn Inc.
0000924095,MVCO,"Metavesco, Inc."
0001508786,SLTN,"SILVERTON ENERGY, INC."
0001539680,HMMR,HAMMER TECHNOLOGY HOLDINGS CORP.
0001545224,SILEF,Silver Elephant Mining Corp.
0001854233,EGLXF,Enthusiast Gaming Holdings Inc. / Canada
0001548958,BBBXF,Brixton Metals Corp
0001715433,LCHD,Leader Capital Holdings Corp.
0001377167,FGCO,"Financial Gravity Companies, Inc."
0001394108,SUIC,SUIC Worldwide Holdings Ltd.
0001448705,BASA,"BASANITE, INC."
0001605057,VMNT,"Vemanti Group, Inc."
0001098482,INNI,"Innovaro, Inc."
0001811530,NXMH,"Next Meats Holdings, Inc."
0001103090,RSCF,"REFLECT SCIENTIFIC, INC."
0001629632,EGTYF,Eguana Technologies Inc.
0001815632,TGCB,"Tego Cyber, Inc."
0001828098,MTTCF,Steakholder Foods Ltd.
0001205922,VCNX,"VACCINEX, INC."
0001410708,NUVI,Emo Capital Corp.
0001281984,WDLF,"Decentral Life, Inc."
0000319016,FZMD,"Fuse Medical, Inc."
0001166708,BWMG,"Brownie's Marine Group, Inc"
0001730869,EBZT,"Everything Blockchain, Inc."
0001584618,ACRL,"Atacama Resources International, Inc."
0001384365,RDAR,"Telvantis, Inc."
0000930775,ECIA,ENCISION INC
0001723517,UCASU,UC Asset LP
0001435064,CETXP,CEMTREX INC
0001883083,GPLL,"GPL Holdings, Inc."
0001014052,DTGI,"Digerati Technologies, Inc."
0001498372,IWAL,iWallet Corp
0000724742,TPHS,Trinity Place Holdings Inc.
0001108248,KNOS,KRONOS ADVANCED TECHNOLOGIES INC
0001543623,UCLE,US NUCLEAR CORP.
0001597892,JRSS,JRSIS HEALTH CARE Corp
0001133818,BPTH,"BIO-PATH HOLDINGS, INC."
0001556801,MYCB,"My City Builders, Inc."
0001975222,SSHT,SSHT S&T Group Ltd.
0001378866,GOGR,Go Green Global Technologies Corp.
0001127007,VYRE,CABO VERDE CAPITAL INC.
0001434740,RNGC,Ranger Gold Corp.
0001292490,SYIN,"Synbio International, Inc."
0001452011,TNBI,Tanke Biosciences Corp
0001477009,CANN,TREES Corp (Colorado)
0001857910,JFTH,"Japan Food Tech Holdings, Inc."
0000841533,SRMX,"SADDLE RANCH MEDIA, INC."
0001527541,WHLRP,"Wheeler Real Estate Investment Trust, Inc."
0001144392,BKTH,MEGOLA INC
0001338929,AHRO,"Authentic Holdings, Inc."
0001919847,SFWJ,"Software Effective Solutions, Corp."
0000803097,SPQS,"SportsQuest, Inc."
0001631463,BRLL,Barrel Energy Inc.
0001162283,MGHL,MORGAN GROUP HOLDING CO
0000890725,GSAC,GELSTAT CORP
0001514946,AXIM,"AXIM BIOTECHNOLOGIES, INC."
0001898643,MOBBW,Mobilicom Ltd
0001119949,MNZO,Exxsun Corp
0000812306,PCYN,PROCYON CORP
0001289223,NWPG,"Newport Gold, Inc."
0000827099,CPWR,Ocean Thermal Energy Corp
0001608092,KITL,Kisses From Italy Inc.
0001552189,PLSH,"PANACEA LIFE SCIENCES HOLDINGS, INC."
0001626745,FVTI,"Fortune Valley Treasures, Inc."
0001973160,GMZP,GEMZ Corp. NV
0001639068,HBUV,Hubilu Venture Corp
0001518336,DREM,Dream Homes & Development Corp.
0000946112,CDSG,"China Dongsheng International, Inc."
0001435181,PHBI,Pharmagreen Biotech Inc.
0001512886,NTRR,NEUTRA CORP.
0001533357,DTII,DEFENSE TECHNOLOGIES INTERNATIONAL CORP.
0001492448,MAJI,Nextel Medical Corp.
0001318268,MDEX,Madison Technologies Inc.
0001902276,WCUFD,World Copper Ltd.
0001171008,ADMG,ADAMANT DRI PROCESSING & MINERALS GROUP
0001416697,BLPG,"Blue Line Protection Group, Inc."
0001061040,NGCG,"New Generation Consumer Group, Inc."
0001865468,KACLF,Kairous Acquisition Corp. Ltd
0001653606,EHVVF,"Ehave, Inc."
0001464865,ASII,"Accredited Solutions, Inc."
0001580262,RTON,"Right On Brands, Inc."
0001084551,CRDV,Community Redevelopment Inc.
0001553264,APSI,AQUA POWER SYSTEMS INC.
0001117228,MMMW,MASS MEGAWATTS WIND POWER INC
0001874138,SHGI,"Sparx Holdings Group, Inc."
0001946746,LTESF,Leet INC.
0001465470,SHMP,NaturalShrimp Inc
0001681556,GXXM,"GEX MANAGEMENT, INC."
0001652958,EDGM,"Edgemode, Inc."
0001584831,OXBRW,OXBRIDGE RE HOLDINGS Ltd
0001967478,CPTAF,Captivision Inc.
0001430300,GWSO,"Global Warming Solutions, Inc."
0001451448,GMBL,"ESPORTS ENTERTAINMENT GROUP, INC."
0001715819,EMED,"Electromedical Technologies, Inc"
0000772263,NICH,NITCHES INC
0001791929,DPUI,"DISCOUNT PRINT USA, INC."
0001528172,ENDV,"ENDONOVO THERAPEUTICS, INC."
0000897078,KOAN,"Resonate Blends, Inc."
0001642159,SIGY,"Sigyn Therapeutics, Inc."
0001837774,GIPL,Global Innovative Platforms Inc.
0001407973,SONX,"Sonendo, Inc."
0000819926,SEII,SHARING ECONOMY INTERNATIONAL INC.
0001394638,DWAY,"Driveitaway Holdings, Inc."
0001622996,ACBM,"ACRO BIOMEDICAL CO., LTD."
0001343465,SNPW,Sun Pacific Holding Corp.
0001782037,YGMZF,MingZhu Logistics Holdings Ltd
0001413909,DSGT,DSG Global Inc.
0001420368,DLTI,DLT Resolution Inc.
0001939365,IVPR,"INSPIRE VETERINARY PARTNERS, INC."
0001671132,SONG,Music Licensing Inc.
0001706509,COSG,Cosmos Group Holdings Inc.
0001534254,CICC,CION Investment Corp
0001883984,ALCE,"Alternus Clean Energy, Inc."
0001545236,AHII,American Heritage International Inc.
0001545772,BPYPM,Brookfield Property Partners L.P.
0001545772,BPYPN,Brookfield Property Partners L.P.
0001545772,BPYPO,Brookfield Property Partners L.P.
0001539638,TFIN-P,"Triumph Financial, Inc."
0001556593,RITM-PA,Rithm Capital Corp.
0001556593,RITM-PB,Rithm Capital Corp.
0001556593,RITM-PC,Rithm Capital Corp.
0001556593,RITM-PD,Rithm Capital Corp.
0001571283,REXR-PB,"Rexford Industrial Realty, Inc."
0001571283,REXR-PC,"Rexford Industrial Realty, Inc."
0001563577,GRTXD,"Galera Therapeutics, Inc."
0001556593,RITM-PF,Rithm Capital Corp.
0001556593,RITM-PE,Rithm Capital Corp.
0001564538,GRTUF,GRANITE REAL ESTATE INVESTMENT TRUST
0001520504,CTTRF,"Controladora Vuela Compania de Aviacion, S.A.B. de C.V."
0001516324,BTDPF,Barratt Developments PLC/ADR
0001516535,MLSPF,Melrose Industries Plc/ADR
0001533615,XRN-PA,Chiron Real Estate Inc.
0001533615,XRN-PB,Chiron Real Estate Inc.
0001536787,SOHGF,ALSOK Co Ltd./ADR
0001608401,ISFFF,ISS A/S / ADR
0001608401,ISADY,ISS A/S / ADR
0001630472,TRTX-PC,"TPG RE Finance Trust, Inc."
0001628171,RVMDW,"Revolution Medicines, Inc."
0001585380,INKWD,"Greene Concepts, Inc"
0001578453,DLNG-PA,Dynagas LNG Partners LP
0001666175,FINCF,Fortis Inc.
0001666175,FRTSF,Fortis Inc.
0001666175,FTPSF,Fortis Inc.
0001666175,FRTJF,Fortis Inc.
0001666175,FORFF,Fortis Inc.
0001666175,FTRSF,Fortis Inc.
0001673481,LTRYW,Sports Entertainment Gaming Global Corp
0001674356,TPTS,"Terra Property Trust, Inc."
0001677250,ZTOEF,ZTO Express (Cayman) Inc.
0001651721,GIPRW,"GENERATION INCOME PROPERTIES, INC."
0001665275,JPHLF,"Japan Post Holdings Co., Ltd./ADR"
0001655190,SHLAF,Schindler Holding AG/ADR
0001655190,SHLRF,Schindler Holding AG/ADR
0001490078,FPHOY,First Phosphate Corp.
0001490078,FRSPF,First Phosphate Corp.
0001483994,HWLDF,H World Group Ltd
0001516684,SMTGF,SMA Solar Technology AG/ADR
0001501072,RIV-PA,"RIVERNORTH OPPORTUNITIES FUND, INC."
0001509957,NASC,Can B Corp
0001509397,LOMWF,Lion One Metals Ltd.
0001445654,NZEOY,New Zealand Oil & Gas Ltd/ADR
0001447960,CMCLF,"China Molybdenum Co., Ltd."
0001424657,CUENW,Cuentas Inc.
0001431852,OGGWZ,Osisko Gold Group Inc.
0001431852,OSDVF,Osisko Gold Group Inc.
0001423689,AGNCL,AGNC Investment Corp.
0001423689,AGNCM,AGNC Investment Corp.
0001423689,AGNCN,AGNC Investment Corp.
0001423689,AGNCO,AGNC Investment Corp.
0001423689,AGNCP,AGNC Investment Corp.
0001423689,AGNCZ,AGNC Investment Corp.
0001397183,IVDAW,"Iveda Solutions, Inc."
0001400891,IHETW,"iHeartMedia, Inc."
0001404912,KKRS,KKR & Co. Inc.
0001404912,KKRT,KKR & Co. Inc.
0001404912,KKR-PD,KKR & Co. Inc.
0001377936,SAT,SARATOGA INVESTMENT CORP.
0001377936,SAY,SARATOGA INVESTMENT CORP.
0001377936,SAV,SARATOGA INVESTMENT CORP.
0001377936,SAZ,SARATOGA INVESTMENT CORP.
0001377936,SAJ,SARATOGA INVESTMENT CORP.
0001675033,GECCG,Great Elm Capital Corp.
0001675033,GECCH,Great Elm Capital Corp.
0001675033,GECCI,Great Elm Capital Corp.
0001679688,DBRG-PH,"DigitalBridge Group, Inc."
0001679688,DBRG-PI,"DigitalBridge Group, Inc."
0001679688,DBRG-PJ,"DigitalBridge Group, Inc."
0001712762,BIAFW,"bioAffinity Technologies, Inc."
0001723701,PMFAX,PIMCO Flexible Municipal Income Fund
0001691445,FVGPY,FinVolution Group
0001796026,DNOPF,Dino Polska S.A./ADR
0001799191,TOIIW,"Oncology Institute, Inc."
0001786248,NREF-PA,"NexPoint Real Estate Finance, Inc."
0001766478,AOMD,"Angel Oak Mortgage REIT, Inc."
0001766478,AOMN,"Angel Oak Mortgage REIT, Inc."
0001775734,BENFW,Beneficient
0001739016,SYAXF,Elevra Lithium Ltd
0001574085,BHR-PB,Braemar Hotels & Resorts Inc.
0001574085,BHR-PD,Braemar Hotels & Resorts Inc.
0001599407,LBRA,1847 Holdings LLC
0001605755,MONRF,Moncler S.p.A./ADR
0001593538,JSM,NAVIENT CORP
0001601712,SYF-PA,Synchrony Financial
0001601712,SYF-PB,Synchrony Financial
0001631596,KREF-PA,KKR Real Estate Finance Trust Inc.
0001629019,MBINM,Merchants Bancorp
0001629019,MBINN,Merchants Bancorp
0001629019,MBINL,Merchants Bancorp
0001613780,DBVTF,DBV Technologies S.A.
0001497645,INN-PE,"Summit Hotel Properties, Inc."
0001497645,INN-PF,"Summit Hotel Properties, Inc."
0001503812,PRBZF,PREMIUM BRANDS HOLDINGS Corp
0001504461,NGL-PB,NGL Energy Partners LP
0001547546,LFT-PA,"Lument Finance Trust, Inc."
0001560968,SMSOF,Samsonite International SA/ADR
0001529906,DPLMF,Diploma plc/ADR
0001534254,CICB,CION Investment Corp
0001533082,EBOSF,EBOS Group Limited/ADR
0001527166,CGABL,Carlyle Group Inc.
0001526113,GNL-PA,"Global Net Lease, Inc."
0001526113,GNL-PB,"Global Net Lease, Inc."
0001526113,GNL-PE,"Global Net Lease, Inc."
0001526113,GNL-PD,"Global Net Lease, Inc."
0001648960,MYSEW,"Myseum.AI, Inc."
0001642122,ACGP,"Associated Capital Group, Inc."
0001654508,IBIDF,"Ibiden Co., Ltd./ADR"
0001584273,SNROF,"Sanrio Company, Ltd./ADR"
0001582820,IPSOF,IPSOS/ADR
0001583771,CTRVP,"Hepion Pharmaceuticals, Inc."
0001552000,MPLXP,MPLX LP
0001551468,CPNNF,Central Pattana Public Co Limited/ADR
0001551468,CTPUF,Central Pattana Public Co Limited/ADR
0001554625,PRIF-PD,"Priority Income Fund, Inc."
0001554625,PRIF-PK,"Priority Income Fund, Inc."
0001554625,PRIF-PL,"Priority Income Fund, Inc."
0001569650,OZKAP,Bank OZK
0001562294,EYGPF,Electricity Generating Public Co Limited/ADR
0001562294,EYUUF,Electricity Generating Public Co Limited/ADR
0001562296,THFRF,Thai Union Group Public Co Limited/ADR
0001562296,TUFUF,Thai Union Group Public Co Limited/ADR
0001562528,FBRT-PE,"Franklin BSP Realty Trust, Inc."
0001624517,FRQND,"Frequency Holdings, Inc"
0001611983,LBRDP,Liberty Broadband Corp
0001614806,RPT-PC,Rithm Property Trust Inc.
0001645590,HPE-PC,Hewlett Packard Enterprise Co
0001635077,ACONW,"Aclarion, Inc."
0001660734,TRTN-PB,Triton International Ltd
0001658645,LENDX,Stone Ridge Trust V
0001662972,BSTT,"Blackstone Real Estate Income Trust, Inc."
0001663038,QGAI,Quantum Genesis AI Corp.
0001532619,PW-PA,Power REIT
0001651308,BEIGF,BeOne Medicines Ltd.
0001645873,MDV-PA,"MODIV INDUSTRIAL, INC."
0001660734,TRTN-PC,Triton International Ltd
0001660734,TRTN-PD,Triton International Ltd
0001660734,TRTN-PE,Triton International Ltd
0001660734,TRTN-PF,Triton International Ltd
0001660734,TRTN-PG,Triton International Ltd
0001652044,GOOGM,Alphabet Inc.
0001652044,GOOGN,Alphabet Inc.
0001546066,PBNAF,PEMBINA PIPELINE CORP
0001546066,PMBPF,PEMBINA PIPELINE CORP
0001546066,PPLOF,PEMBINA PIPELINE CORP
0001546066,PBPRF,PEMBINA PIPELINE CORP
0001546066,PMMBF,PEMBINA PIPELINE CORP
0001546066,PPLAF,PEMBINA PIPELINE CORP
0001535759,NSKFF,Kongsberg Gruppen ASA/ADR
0001547870,BUHPF,Bumrungrad Hospital Public Co Limited/ADR
0001547870,BUGDF,Bumrungrad Hospital Public Co Limited/ADR
0001560293,TNONW,"Tenon Medical, Inc."
0001560672,ELLA,Ellington Credit Co
0001577552,BBAAY,Alibaba Group Holding Ltd
0001580149,BIVIW,BIOVIE INC.
0001580226,HCTPF,Hutchison Port Holdings Trust/ADR
0001562401,AMH-PG,American Homes 4 Rent
0001562401,AMH-PH,American Homes 4 Rent
0001569187,AHRT-PA,"AH Realty Trust, Inc."
0001585101,HGIT,"HINES GLOBAL INCOME TRUST, INC."
0001598655,GLOP-PB,GasLog Partners LP
0001598655,GLOP-PC,GasLog Partners LP
0001600928,HPHTF,Hamamatsu Photonics K.K./ADR
0001595761,WEIBF,WEIBO Corp
0001590364,FTAIM,FTAI Aviation Ltd.
0001616736,GGBY,Alpha Investment Inc.
0001610820,BCTXL,BriaCell Therapeutics Corp.
0001610820,BCTXZ,BriaCell Therapeutics Corp.
0001550405,IQEPF,IQE PLC/ADR
0001527541,WHLRL,"Wheeler Real Estate Investment Trust, Inc."
0001517767,CCID,Carlyle Credit Income Fund
0001594968,LAAI,Loan Artificial Intelligence Corp.
0001580864,VRMWW,"Vroom, Inc."
0001567526,IHICF,IHI Corporation/ADR
0001562463,INBKZ,First Internet Bancorp
0001546538,BTGRF,BTS Group Holdings Public Co Limited/ADR
0001546538,BTLWF,BTS Group Holdings Public Co Limited/ADR
0001533232,BEPH,Brookfield Renewable Partners L.P.
0001533232,BEPI,Brookfield Renewable Partners L.P.
0001533232,BEP-PA,Brookfield Renewable Partners L.P.
0001533232,BEPJ,Brookfield Renewable Partners L.P.
0001503584,CMRE-PB,Costamare Inc.
0001503584,CMRE-PD,Costamare Inc.
0001509470,NSLRL,Neostellar Capital Corp.
0001527469,ATH-PA,Athene Holding Ltd.
0001527469,ATHS,Athene Holding Ltd.
0001527469,ATH-PB,Athene Holding Ltd.
0001527469,ATH-PD,Athene Holding Ltd.
0001527469,ATH-PE,Athene Holding Ltd.
0001523872,PTWRY,PT Tower Bersama Infrastructure Tbk/ADR
0001523872,PTFRF,PT Tower Bersama Infrastructure Tbk/ADR
0001815846,MSOGF,MINISO Group Holding Ltd
0001807765,PMVCW,PMV Consumer Acquisition Corp.
0001493507,SFDMF,Shanghai Fudan Microelectronics Co Limited/ADR/
0001698538,STSR,"Strategic Student & Senior Housing Trust, Inc."
0001679920,SATLF,"Start Today Co., Ltd./ADR"
0001690012,ICRL,"InPoint Commercial Real Estate Income, Inc."
0001690012,ICRP,"InPoint Commercial Real Estate Income, Inc."
0001687187,METCI,"Ramaco Resources, Inc."
0001687187,METCB,"Ramaco Resources, Inc."
0001687187,METCZ,"Ramaco Resources, Inc."
0001718224,BTBDW,"BT Brands, Inc."
0001728918,AIBRF,AIB Group plc/ADR
0001733968,WRLRF,West Red Lake Gold Mines Ltd.
0001733968,WRLWF,West Red Lake Gold Mines Ltd.
0001737995,SKYAW,"SkyAI, Inc."
0001769624,ILLRW,Triller Group Inc.
0001786117,PINE-PA,"Alpine Income Property Trust, Inc."
0001788707,ADYYF,Adyen N.V./ADR
0001789444,PSKRF,Protector Forsikring/ADR
0001808377,LUCYW,Innovative Eyewear Inc
0001809750,EDBLW,Edible Garden AG Inc
0001804469,GFAIW,"Guardforce AI Co., Ltd."
0001801729,NCLTF,"Nitori Holdings Co., Ltd."
0001819142,SES-WT,SES AI Corp
0001826779,TOMYF,Tomy Co Ltd/ADR
0001826011,BNZIW,"Banzai International, Inc."
0001824204,PVOZ,Park View OZ REIT Inc
0001712184,LILAP,Liberty Latin America Ltd.
0001744676,TCMEF,Tencent Music Entertainment Group
0001710680,HFRO-PB,HIGHLAND OPPORTUNITIES & INCOME FUND
0001710680,HFRO-PA,HIGHLAND OPPORTUNITIES & INCOME FUND
0001762831,DAIUF,"Daifuku Co., Ltd./ADR"
0001754088,MPNGF,Meituan Dianping/ADR
0001778788,WEBJF,Webjet Limited/ADR
0001781162,MNTSW,Momentus Inc.
0001801169,OPENW,Opendoor Technologies Inc.
0001801169,OPENL,Opendoor Technologies Inc.
0001801169,OPENZ,Opendoor Technologies Inc.
0001786108,TRNZ,Trinity Capital Inc.
0001786108,TRINI,Trinity Capital Inc.
0001786108,TRINZ,Trinity Capital Inc.
0001786108,TRNI,Trinity Capital Inc.
0001868640,RDZNW,Roadzen Inc.
0001870144,CDIOW,"Cardio Diagnostics Holdings, Inc."
0001872066,MIBE,MIAMI BREEZE CAR CARE INC
0001889539,CRBD,"Corebridge Financial, Inc."
0001862463,AMODW,"ALPHA MODUS HOLDINGS, INC."
0001863006,VLNWF,Valens Semiconductor Ltd.
0001867729,WRDIF,WeRide Inc.
0001865782,BTSGU,"BrightSpring Health Services, Inc."
0001926314,OCAC-UN,Ocean Capital Acquisition Corp
0001901203,UCFIW,CN Healthy Food Tech Group Corp.
0001892747,VMCWF,Valuence Merger Corp. I
0001892747,VMCUF,Valuence Merger Corp. I
0001895262,NE-WTA,Noble Corp plc
0001895262,NE-WT,Noble Corp plc
0001926314,OCAC-WT,Ocean Capital Acquisition Corp
0001926314,OCAC-RI,Ocean Capital Acquisition Corp
0001678130,OPP-PC,"RiverNorth/DoubleLine Strategic Opportunity Fund, Inc."
0001678130,OPP-PA,"RiverNorth/DoubleLine Strategic Opportunity Fund, Inc."
0001678130,OPP-PB,"RiverNorth/DoubleLine Strategic Opportunity Fund, Inc."
0001740332,REZI-WI,"RESIDEO TECHNOLOGIES, INC."
0001700173,FIGIF,"Fuyao Glass Industry Group Co., Ltd./ADR"
0001705455,ZNKUF,"ZENKOKU HOSHO Co., Ltd./ADR"
0001712356,HYNLY,Hydro One Ltd
0001716885,ASCIX,Angel Oak Strategic Credit Fund
0001810560,REVBW,"REVELATION BIOSCIENCES, INC."
0001686009,CAHPF,Evolution Mining Limited/ADR
0001699967,MEIUF,Meitu Inc./ADR
0001721056,HSCT,HOOPS SCOUTING USA
0001753712,LARAX,Lord Abbett Credit Opportunities Fund
0001741530,QFNHF,"Qfin Holdings, Inc."
0001781629,ANKM,"Ankam, Inc."
0001770450,XRXDW,Xerox Holdings Corp
0001751162,CHWRF,China Tower Corp Limited/ADR
0001748137,NEOVW,NeoVolta Inc.
0001758699,TRSO,TRANSUITE.ORG INC.
0001782999,PRTCY,PureTech Health plc
0001793497,SVIX,VS Trust
0001801602,SBIGW,"SpringBig Holdings, Inc."
0001801417,BYNOU,byNordic Acquisition Corp
0001801417,BYNOW,byNordic Acquisition Corp
0001798562,TMCWW,TMC the metals Co Inc.
0001653192,CHKGF,Cheung Kong Property Holdings Limited/ADR
0001648512,SHMZF,Shimadzu Corporation/ADR
0001643198,JBHIF,JB Hi-Fi Limited/ADR
0001638911,DUKRW,DUKE Robotics Corp.
0001621227,ADAPY,Adaptimmune Therapeutics PLC
0001591890,FGNXP,FG Nexus Inc.
0001610940,BWET,Amplify Commodity Trust
0001516534,EDRVF,EDP Renewables S.A./ADR
0001516323,BCKIF,Babcock International Group PLC/ADR
0001512922,PETVW,"PetVivo Holdings, Inc."
0001552198,WHFCL,"WhiteHorse Finance, Inc."
0001533546,DUNNF,Duni AB/ADR
0001495240,LANDO,GLADSTONE LAND Corp
0001668393,CEHCF,"Cosmo Energy Holdings Co., Ltd./ADR"
0001659576,JPSTF,"Japan Post Bank Co., Ltd."
0001676047,NTRBW,NutriBand Inc.
0001630805,BWNB,"Babcock & Wilcox Enterprises, Inc."
0001630805,BW-PA,"Babcock & Wilcox Enterprises, Inc."
0001648087,AREBW,AMERICAN REBEL HOLDINGS INC
0001587987,NEWTH,"NewtekOne, Inc."
0001587987,NEWTP,"NewtekOne, Inc."
0001587987,NEWTG,"NewtekOne, Inc."
0001587987,NEWTO,"NewtekOne, Inc."
0001604174,ECCC,Eagle Point Credit Co
0001604174,ECC-PD,Eagle Point Credit Co
0001604174,ECCU,Eagle Point Credit Co
0001604174,ECCV,Eagle Point Credit Co
0001682220,SCCF,Sachem Capital Corp.
0001682220,SCCG,Sachem Capital Corp.
0001677576,IIPR-PA,INNOVATIVE INDUSTRIAL PROPERTIES INC
0001682220,SACH-PA,Sachem Capital Corp.
0001682220,SCCD,Sachem Capital Corp.
0001682220,SCCE,Sachem Capital Corp.
0001666244,CFTR-PA,"Cantor Fitzgerald Income Trust, Inc."
0001692345,PRXA,"PROCACCIANTI HOTEL REIT, INC."
0001685040,BHFAL,"Brighthouse Financial, Inc."
0001685040,BHFAM,"Brighthouse Financial, Inc."
0001685040,BHFAN,"Brighthouse Financial, Inc."
0001685040,BHFAO,"Brighthouse Financial, Inc."
0001685040,BHFAP,"Brighthouse Financial, Inc."
0001699880,AMLIF,American Lithium Corp.
0001722556,BGFR,BestGofer Inc.
0001716951,OCCIN,"OFS Credit Company, Inc."
0001718405,HYMCW,HYCROFT MINING HOLDING CORP
0001716951,OCCIM,"OFS Credit Company, Inc."
0001713675,SCAFF,Schaeffler AG/ADR
0001736510,NICHX,Variant Alternative Income Fund
0001743905,RVSNW,Rail Vision Ltd.
0001819175,PRIAF,Prime Impact Acquisition I
0001812173,RBOTW,Vicarious Surgical Inc.
0001705969,DRRKF,dormakaba Holding AG
0001800392,VENAF,MicroAlgo Inc.
0001756404,PDSKX,Principal Real Asset Fund
0001748680,OWSCX,1WS Credit Income Fund
0001729514,VTTGF,VAT Group AG/ADR
0001719117,ASRRF,ASR Nederland N.V./ADR
0001727255,COBA,Chilean Cobalt Corp.
0001765651,PSPX,Pacific Sports Exchange Inc.
0001759824,ALTG-PA,ALTA EQUIPMENT GROUP INC.
0001814215,BURUW,"Nuburu, Inc."
0001819438,GWHWW,"ESS Tech, Inc."
0001794363,SDMHF,Sartorius Stedim Biotech S.A./ADR
0001787518,DFNSW,T3 Defense Inc.
0001854275,ZCARW,"Zoomcar Holdings, Inc."
0001849820,KITTW,"Nauticus Robotics, Inc."
0001848334,OKMN,"OKMIN RESOURCES, INC."
0001838163,BNAIW,Brand Engagement Network Inc.
0001841425,VGASW,"Verde Clean Fuels, Inc."
0001831979,SDSTW,Stardust Power Inc.
0001820190,SCLXW,Scilex Holding Co
0001817232,HGASW,Global Gas Corp
0001818643,PHXE-P,"Phoenix Energy One, LLC"
0001822989,LSRCF,Lasertec Corporation/ADR
0001823593,TSPH,TuSimple Holdings Inc.
0001826667,TLSIW,"TriSalus Life Sciences, Inc."
0001826681,PDYNW,Palladyne AI Corp.
0001823466,NOTEW,"FiscalNote Holdings, Inc."
0001823584,AENTW,ALLIANCE ENTERTAINMENT HOLDING CORP
0001824502,ACHR-WT,Archer Aviation Inc.
0001824920,IONQ-WT,"IonQ, Inc."
0001883984,ACLEW,"Alternus Clean Energy, Inc."
0001898795,LVWR-WT,"LiveWire Group, Inc."
0001918080,DBHL,"Deep Isolation Nuclear, Inc."
0001924064,RLNDF,RoyaLand Co Ltd.
0001932737,AIIOW,ROBO.AI INC.
0001930147,SPMA,"Sound Point Meridian Capital, Inc."
0001930147,SPME,"Sound Point Meridian Capital, Inc."
0001861974,ECXWW,ECARX Holdings Inc.
0001864531,VSEEW,"VSEE HEALTH, INC."
0001861841,ARBEW,Arbe Robotics Ltd.
0001860805,ASTLW,Algoma Steel Group Inc.
0001882198,ATEKU,Athena Technology Acquisition Corp. II
0001882198,ATEKW,Athena Technology Acquisition Corp. II
0001880661,TPGXL,TPG Inc.
0001876581,IMPPP,Imperial Petroleum Inc./Marshall Islands
0001876431,PRENW,Prenetics Global Ltd
0001856031,SEATW,Vivid Seats Inc.
0001856488,HNSDF,Hensoldt AG/ADR
0001852019,IXQUF,IX Acquisition Corp.
0001853816,DRMAW,"Dermata Therapeutics, Inc."
0001852019,IXQWF,IX Acquisition Corp.
0001852973,BRLSW,Borealis Foods Inc.
0001853630,HMELF,Hold Me Ltd
0001845149,CBRGF,Chain Bridge I
0001847064,PSQH-WT,"PSQ Holdings, Inc."
0001844417,ESLAW,"Estrella Immunopharma, Inc."
0001845149,CBGGF,Chain Bridge I
0001846235,IMAQR,International Media Acquisition Corp.
0001846235,IMAQU,International Media Acquisition Corp.
0001846235,IMAQW,International Media Acquisition Corp.
0001825079,VLDXW,"Velo3D, Inc."
0001824893,SRZNW,"Surrozen, Inc./DE"
0001843656,RMCOW,Royalty Management Holding Corp
0001841330,KTTAW,Pasithea Therapeutics Corp.
0001840780,LOCLW,Local Bounti Corporation/DE
0001969766,SEPSF,Asep Medical Holdings Inc.
0001964979,ALURD,"ALLURION TECHNOLOGIES, INC."
0001964979,ALURW,"ALLURION TECHNOLOGIES, INC."
0002006291,CCIXU,Churchill Capital Corp IX/Cayman
0002006291,CCIXW,Churchill Capital Corp IX/Cayman
0002010653,FVNNU,Future Vision II Acquisition Corp.
0002010653,FVNNR,Future Vision II Acquisition Corp.
0001995920,ESMR,E-Smart Corp.
0002000775,BKHAR,Black Hawk Acquisition Corp
0002000775,BKHAU,Black Hawk Acquisition Corp
0001938571,APTN,"ADAPTIN BIO, INC."
0001946563,SXTPW,"60 DEGREES PHARMACEUTICALS, INC."
0001951089,CRMLW,Critical Metals Corp.
0001951089,CRTMF,Critical Metals Corp.
0001951593,NNPEF,Ninepoint Energy Fund
0001956237,ALMP,Almco Plumbing Inc
0001956648,NOEMW,CO2 Energy Transition Corp.
0001956648,NOEMU,CO2 Energy Transition Corp.
0001956648,NOEMR,CO2 Energy Transition Corp.
0001962746,LOTWW,Lotus Technology Inc.
0001865248,CMCUF,Piermont Valley Acquisition Corp
0001865248,CMCWF,Piermont Valley Acquisition Corp
0001859807,NVACW,"Profusa, Inc."
0001866816,OPTXW,"SYNTEC OPTICS HOLDINGS, INC."
0001867102,EVBWF,Vertical Aerospace Ltd.
0001867102,EVAWF,Vertical Aerospace Ltd.
0001867102,EVTWF,Vertical Aerospace Ltd.
0001872525,SWAGW,"Stran & Company, Inc."
0001871321,DRTSW,Alpha Tau Medical Ltd.
0001874315,SATLW,Satellogic Inc.
0001883814,SLND-WT,"Southland Holdings, Inc."
0001884082,PLSAY,Polestar Automotive Holding UK PLC
0001889112,REEUF,Cartesian Growth Corp II
0001889112,REEWF,Cartesian Growth Corp II
0001889823,DFSCW,DEFSEC Technologies Inc.
0001933359,NTCS,Natics Corp.
0001903870,AFRIW,Forafric Global PLC
0001779372,BEATW,"HeartBeam, Inc."
0001766868,ADDTF,Addtech AB/ADR
0001752564,MRCIF,"Mercari, Inc./ADR"
0001754836,EICA,Eagle Point Income Co Inc.
0001760854,NNBXF,Nanobiotix S.A.
0001794669,FOUR-PA,"Shift4 Payments, Inc."
0001788028,JSPRW,"Jasper Therapeutics, Inc."
0001811115,RENXF,Renalytix plc
0001812360,FOXOW,FOXO TECHNOLOGIES INC.
0001805833,SSTPW,"System1, Inc."
0001765048,GCGJ,GUOCHUN INTERNATIONAL INC.
0001755347,CPLX,Certiplex Corp
0001753539,BKSY-WT,BlackSky Technology Inc.
0001711929,SWDS,"Starwood Real Estate Income Trust, Inc."
0001711929,SWDR,"Starwood Real Estate Income Trust, Inc."
0001703644,GPMT-PA,Granite Point Mortgage Trust Inc.
0001818644,LIDRW,"AEye, Inc."
0001693577,MNSBP,"MainStreet Bancshares, Inc."
0001819848,JOBY-WT,"Joby Aviation, Inc."
0001835856,BETRW,Better Home & Finance Holding Co
0001838359,RGTIW,"Rigetti Computing, Inc."
0001832511,PIIIW,P3 Health Partners Inc.
0001834048,ASAIY,Sendas Distributor S.A.
0001833498,MDAIW,"Spectral AI, Inc."
0001827899,CPTKW,Crown PropTech Acquisitions
0001823652,EVEX-WT,"Eve Holding, Inc."
0001825024,OPADW,Offerpad Solutions Inc.
0001819493,XOSWW,"Xos, Inc."
0001823587,SKYH-WT,Sky Harbour Group Corp
0001845097,AMPWF,Ardagh Metal Packaging S.A.
0001846416,HVIIU,Hennessy Capital Investment Corp. VII
0001846416,HVIIR,Hennessy Capital Investment Corp. VII
0001846702,FIGP,"Forge Group, Inc."
0001842939,XAGEW,"Longevity Health Holdings, Inc."
0001844862,SLDPW,"Solid Power, Inc."
0001840317,VEEAW,VEEA INC.
0001840199,WALDW,Waldencast plc
0001850059,FSHPR,Flag Ship Acquisition Corp
0001815620,CYVNY,Opthea Ltd
0001824403,RSVRW,"Reservoir Media, Inc."
0001829247,BFRGW,"BullFrog AI Holdings, Inc."
0001831096,GEGGL,"Great Elm Group, Inc."
0001805526,DFDVW,DeFi Development Corp.
0001805526,DFUKF,DeFi Development Corp.
0001795589,KCLHF,Kingsoft Cloud Holdings Ltd
0001781726,ACAT,NP Life Sciences Health Industry Group Inc.
0001774163,IVBXF,Innovent Biologics Inc/ADR
0001899830,PERFF,Perfect Corp.
0001886190,GGROW,Gogoro Inc.
0001892274,GVHGF,Visionary Holdings Inc.
0001905660,HUBCW,Hub Cyber Security Ltd.
0001905660,HUBCZ,Hub Cyber Security Ltd.
0001910975,RPDL,Rapid Line Inc.
0001918414,NBRGR,Newbridge Acquisition Ltd
0001918414,NBRGU,Newbridge Acquisition Ltd
0001814287,ABXL,"Abacus Global Management, Inc."
0001818382,HUMAW,"Humacyte, Inc."
0001826889,BODYW,"Beachbody Company, Inc."
0001830214,DNABW,"Ginkgo Bioworks Holdings, Inc."
0001828108,AUROW,"Aurora Innovation, Inc."
0001834526,GPATU,GP-Act III Acquisition Corp.
0001834026,GROY-WT,Gold Royalty Corp.
0001834526,GPATW,GP-Act III Acquisition Corp.
0001854463,WINVR,WinVest Acquisition Corp.
0001854463,WINVU,WinVest Acquisition Corp.
0001854463,WINVW,WinVest Acquisition Corp.
0001854963,SHFSW,"SHF Holdings, Inc."
0001855467,MOBXW,"MOBIX LABS, INC"
0001854816,MINR,Minerva Gold Inc.
0001853044,AERTW,"Aeries Technology, Inc."
0001866782,CDROW,"Codere Online Luxembourg, S.A."
0001844971,GREEL,Vulcan Infrastructure & Power Inc.
0001845437,NPWR-WT,NET Power Inc.
0001847345,ASBPW,"Aspire Biopharma Holdings, Inc."
0001847075,SAIHW,SAIHEAT Ltd
0001840425,OSRHW,"OSR Health, Inc."
0001841761,GROVW,"Grove Collaborative Holdings, Inc."
0001838987,SPWRW,SunPower Inc.
0001836981,BBAI-WT,"BigBear.ai Holdings, Inc."
0002038958,MANDF,Mandatum Oyj/ADR
0002039058,JACS-UN,Jackson Acquisition Co II
0002039058,JACS-RI,Jackson Acquisition Co II
0002028201,COLAU,Columbus Acquisition Corp/Cayman Islands
0002028201,COLAR,Columbus Acquisition Corp/Cayman Islands
0002014254,FSTWF,FST Corp.
0002013186,TNMWF,TNL Mediagene
0002012318,IPCXR,Inflection Point Acquisition Corp. III
0002012318,IPCXU,Inflection Point Acquisition Corp. III
0002042902,EVAC-UN,EQV Ventures Acquisition Corp. II
0002042902,EVAC-WT,EQV Ventures Acquisition Corp. II
0002044863,TKMEF,"Tokyo Metro Co., Ltd./ADR"
0001830056,SMEGF,Siemens Energy AG/ADR
0001831359,JWSUF,Jaws Mustang Acquisition Corp
0001831359,JWSWF,Jaws Mustang Acquisition Corp
0001839530,XBPEW,"XBP Global Holdings, Inc."
0001833214,SABSW,"SAB Biotherapeutics, Inc."
0001834032,CSTUF,Constellation Acquisition Corp I
0001834032,CSTWF,Constellation Acquisition Corp I
0001834267,NNFSF,Nongfu Spring Co. Ltd./ADR
0001834868,ALBC,Alternative Ballistics Corp
0001876716,ASUUF,ASPAC II Acquisition Corp.
0001876716,ASCWF,ASPAC II Acquisition Corp.
0001876716,ASCRF,ASPAC II Acquisition Corp.
0001860871,TVGNW,Tevogen Bio Holdings Inc.
0001885408,NEXRW,Nexera Technologies Ltd
0001883085,PGYWW,Pagaya Technologies Ltd.
0001875547,LCFYW,Locafy Ltd
0001882464,MSSUF,Metal Sky Star Acquisition Corp
0001882464,MSSWF,Metal Sky Star Acquisition Corp
0001855474,AIRJW,AirJoule Technologies Corp.
0001848739,GDEVW,GDEV Inc.
0001858685,BFRIW,Biofrontera Inc.
0001859035,MCAGR,Mountain Crest Acquisition Corp. V
0001859035,MCAGU,Mountain Crest Acquisition Corp. V
0001842556,EONR-WT,EON Resources Inc.
0001843724,LNZAW,"LanzaTech Global, Inc."
0001847986,DFLIW,Dragonfly Energy Holdings Corp.
0001848672,GDLG,Glidelogic Corp.
0001852016,AEAEU,AltEnergy Acquisition Corp
0001852016,AEAEW,AltEnergy Acquisition Corp
0001852551,NVA-WT,Nova Minerals Corp
0001855612,GRABW,Grab Holdings Ltd
0001853070,SOARW,"Volato Group, Inc."
0001853138,KDKRW,"Kodiak AI, Inc."
0001858681,APOS,"Apollo Global Management, Inc."
0001871983,ANGHW,Anghami Inc
0001859690,ARQQW,Arqit Quantum Inc.
0001865506,ZEOWW,Zeo Energy Corp.
0001865631,NXNVW,NEXTNAV INC.
0001866501,WBXWF,Wallbox N.V.
0001845550,PLMWF,Plum Acquisition Corp. III
0001845550,PLMUF,Plum Acquisition Corp. III
0001844505,QTIWW,"QT IMAGING HOLDINGS, INC."
0001843973,FLYX-WT,FLYEXCLUSIVE INC.
0001841408,DAVEW,Dave Inc./DE
0001843714,ZPTAW,"Zapata Quantum, Inc."
0001851959,CNDAU,Concord Acquisition Corp II
0001851959,CNDAW,Concord Acquisition Corp II
0001851961,GCTS-WT,"GCT Semiconductor Holding, Inc."
0001848826,INPOF,InPost S.A./ADR
0001898416,ALVOW,Alvotech
0001903145,GRRRW,Gorilla Technology Group Inc.
0001820875,CXAIW,CXApp Inc.
0001907223,GRMLW,Greenland Mines Ltd
0001913577,SMNRW,"Semnur Pharmaceuticals, Inc."
0001830033,PCTBP,"PureCycle Technologies, Inc."
0001830033,PCTTU,"PureCycle Technologies, Inc."
0001830033,PCTTW,"PureCycle Technologies, Inc."
0001835724,ZHIHF,Zhihu Inc.
0001828972,BZFDW,"BuzzFeed, Inc."
0001868419,CYCUW,"Cycurion, Inc."
0001884046,SPKLU,Spark I Acquisition Corp
0001885514,YBZN,Yi Po International Holdings Ltd
0001887673,WLDSW,Wearable Devices Ltd.
0001893219,ABPWW,"Abpro Holdings, Inc."
0001884046,SPKLW,Spark I Acquisition Corp
0001896212,CDTTW,CDT Equity Inc.
0001897463,TONT-WT,Graf Global Corp.
0001897463,TONT-UN,Graf Global Corp.
0001890126,UMGNF,Universal Music Group N.V./ADR
0001862150,CINGW,Cingulate Inc.
0001852039,FILG,Grayscale Filecoin Trust (FIL)
0001853962,IAUX-WT,i-80 Gold Corp.
0001866364,BULLW,Webull Corp
0001864943,FGIWW,FGI Industries Ltd.
0001863990,MSAIW,"MultiSensor AI Holdings, Inc."
0001865111,ALSUF,Alpha Star Acquisition Corp
0001865111,ALSTF,Alpha Star Acquisition Corp
0001865111,ALSWF,Alpha Star Acquisition Corp
0001840877,COCHW,"Envoy Medical, Inc."
0001841209,HOLOW,MicroCloud Hologram Inc.
0001842566,AISPW,"Airship AI Holdings, Inc."
0001847846,EUDAW,EUDA Health Holdings Ltd
0001849635,DJTWW,Trump Media & Technology Group Corp.
0001845123,ANNAW,"AleAnna, Inc."
0001848763,RNWWW,ReNew Energy Global plc
0001850269,NRDMF,NordX Metals Corp.
0001852207,BEAGU,Bold Eagle Acquisition Corp.
0001852207,BEAGR,Bold Eagle Acquisition Corp.
0001852575,SGST,"Strategic Storage Trust VI, Inc."
0001899287,AMPX-WT,"Amprius Technologies, Inc."
0001820302,BKKT-WT,"Bakkt, Inc."
0001896511,DAZSF,ZKGC New Energy Ltd
0001889123,FLDDW,"Fold Holdings, Inc."
0001890361,ASPCU,ASPAC III Acquisition Corp.
0001890361,ASPCR,ASPAC III Acquisition Corp.
0001872964,MTEKW,Maris Tech Ltd.
0001872228,TVAIR,Thayer Ventures Acquisition Corp II
0001872228,TVAIU,Thayer Ventures Acquisition Corp II
0001888740,LSEB,LSEB Creative Corp.
0001879248,ADSEW,Ads-Tec Energy Public Ltd Co
0001825452,ONFOW,"Onfolio Holdings, Inc"
0001825248,FRBP,Franklin BSP Capital Corp
0001825452,ONFOP,"Onfolio Holdings, Inc"
0001822993,JXN-PA,Jackson Financial Inc.
0001831868,ICUCW,SeaStar Medical Holding Corp
0001829311,BMNP,"BITMINE IMMERSION TECHNOLOGIES, INC."
0001830081,RUMBW,RUM Group Inc.
0001831283,LIANY,LianBio
0001939937,LMMY,"Exousia Bio, Inc."
0001938338,GLTK,GlobalTech Corp
0001932213,BCCG,Blue Chip Capital Group Inc.
0001953984,BCGWW,"Binah Capital Group, Inc."
0001957783,MACT,"MachTen, Inc."
0001958217,LZM-WT,Lifezone Metals Ltd
0001973368,SVUWF,SRIVARU Holding Ltd
0001965473,CCGWW,Cheche Group Inc.
0002000410,EURKR,Eureka Acquisition Corp
0002000410,EURKU,Eureka Acquisition Corp
0002003750,MGSD,"Maitong Sunshine Cultural Development Co., Ltd"
0002011674,YDESW,YD Bio Ltd
0001971387,LIMNW,"Liminatus Pharma, Inc."
0001999297,DSYWW,Big Tree Cloud Holdings Ltd
0001987240,SHMDW,SCHMID Group N.V.
0001988776,MRNOW,Murano Global Investments Plc
0001982444,BDMDW,Baird Medical Investment Holdings Ltd
0001980295,IMAA,IMA Tech
0002044523,ORIQU,Origin Investment Corp I
0002044523,ORIQW,Origin Investment Corp I
0002042292,BDCIU,BTC Development Corp.
0002042292,BDCIW,BTC Development Corp.
0002042556,SPGDF,Springer Nature AG & Co. KGaA/ADR
0002034334,AACBR,Artius II Acquisition Inc.
0002034334,AACBU,Artius II Acquisition Inc.
0002039784,MGCOF,"Midea Group Co., Ltd./ADR"
0002038439,VWAVW,"VisionWave Holdings, Inc."
0002041047,CCAQW,COLLECTIVE ACQUISITION CORP.
0002041047,CCAQU,COLLECTIVE ACQUISITION CORP.
0002032732,AVSBS,"Arrived Homes 5, LLC"
0002032732,AVPKS,"Arrived Homes 5, LLC"
0002032732,AEHGS,"Arrived Homes 5, LLC"
0002032732,ALOIS,"Arrived Homes 5, LLC"
0002022059,AGMWF,"Silver Mountain Resources, Inc."
0002014982,SIMAU,SIM Acquisition Corp. I
0002014982,SIMAW,SIM Acquisition Corp. I
0002026514,NAMMW,Namib Minerals
0002025401,FERAR,Fifth Era Acquisition Corp I
0002025401,FERAU,Fifth Era Acquisition Corp I
0002033991,TVACU,Texas Ventures Acquisition III Corp
0002033991,TVACW,Texas Ventures Acquisition III Corp
0002034300,DGMDF,Digital Domain Holdings Limited/ADR
0002032966,TICAW,"TIC Solutions, Inc."
0002033264,VDTA,Vertical Data Inc.
0002033593,SVCCW,Stellar V Capital Corp. (Cayman Islands)
0002033593,SVCCU,Stellar V Capital Corp. (Cayman Islands)
0002059986,ONWRF,Onward Medical N.V./ADR
0002053383,KXHCF,Kioxia Holdings Corporation/ADR
0002057463,GLIBK,Liberty Capital Corp/NV
0002062440,KYIVW,Kyivstar Group Ltd.
0002060217,HRZRF,"Horizon Robotics, Inc./ADR"
0002064683,CCIIW,Cohen Circle Acquisition Corp. II
0002064683,CCIIU,Cohen Circle Acquisition Corp. II
0002066601,TOKCF,"Tokyo Ohka Kogyo Co., Ltd./ADR"
0002068441,STHRF,Strathcona Resources Ltd.
0002070900,QUMSU,Quantumsphere Acquisition Corp
0002070900,QUMSR,Quantumsphere Acquisition Corp
0002072404,GSRFR,GSR IV Acquisition Corp.
0002072404,GSRFU,GSR IV Acquisition Corp.
0002071868,JNGHF,"Jiangsu Hengrui Pharmaceuticals Co., Ltd./ADR"
0002051380,PEW-WT,GrabAGun Digital Holdings Inc.
0002052162,DAAQW,Digital Asset Acquisition Corp.
0002052162,DAAQU,Digital Asset Acquisition Corp.
0002052547,EGHAR,EGH Acquisition Corp.
0002052547,EGHAU,EGH Acquisition Corp.
0002059654,BACCR,Blue Acquisition Corp/Cayman
0002059654,BACCU,Blue Acquisition Corp/Cayman
0002049662,FACWW,Factorial Energy Inc.
0002053799,KCHVR,Kochav Defense Acquisition Corp.
0002053799,KCHVU,Kochav Defense Acquisition Corp.
0002054876,NMPAU,NMP Acquisition Corp.
0002054876,NMPAR,NMP Acquisition Corp.
0002054272,ONCHU,1RT Acquisition Corp.
0002054272,ONCHW,1RT Acquisition Corp.
0002048951,TMSWW,Teamshares Inc
0002048958,SUNXF,Stardust Solar Energy Inc.
0002047177,CHECW,Chenghe Acquisition III Co.
0002047177,CHECU,Chenghe Acquisition III Co.
0002028027,NTWOW,Newbury Street II Acquisition Corp
0002028027,NTWOU,Newbury Street II Acquisition Corp
0002024460,CHPGU,ChampionsGate Acquisition Corp
0002024460,CHPGR,ChampionsGate Acquisition Corp
0002028293,RAINW,"Rain Enhancement Technologies Holdco, Inc."
0002019435,BGLWW,Blue Gold Ltd
0002034520,GIBOW,GIBO HOLDINGS Ltd
0002029472,PUIGF,Puig Brands S.A./ADR
0002028336,NUAIW,"New ERA Energy & Digital, Inc."
0002041531,BDTB,Bodhi Tree Biotechnology Inc
0002045473,COPL-WT,Copley Acquisition Corp
0002045473,COPL-UN,Copley Acquisition Corp
0001998043,PDPA,Pearl Diver Credit Co Inc.
0001997652,TBNRL,Tamboran Resources Corp
0002015502,LPAAW,Launch One Acquisition Corp.
0002015502,LPAAU,Launch One Acquisition Corp.
0001998781,IBACR,IB Acquisition Corp.
0002040381,PACHU,Pioneer Acquisition I Corp
0002040381,PACHW,Pioneer Acquisition I Corp
0002036973,UYSCU,UY Scuti Acquisition Corp.
0002036973,UYSCR,UY Scuti Acquisition Corp.
0002035016,RIBBU,Ribbon Acquisition Corp.
0002035016,RIBBR,Ribbon Acquisition Corp.
0002029586,BLNH,"Blue Line Holdings, Inc."
0001904616,BAKR,Baker Global Asset Management Inc.
0001909747,JUSH,Jushi Holdings Inc.
0001920294,RZLVW,REZOLVE AI PLC
0001913510,VFSWW,VinFast Auto Ltd.
0002028614,DMAAU,Drugs Made In America Acquisition Corp.
0002028614,DMAAR,Drugs Made In America Acquisition Corp.
0002028935,FACTU,FACT II Acquisition Corp.
0002028935,FACTW,FACT II Acquisition Corp.
0002028699,DYNCW,Dynamix Corp
0002028699,DYNCU,Dynamix Corp
0002025774,ALPWF,Alps Group Inc
0002025341,POLEU,Andretti Acquisition Corp. II
0002025341,POLEW,Andretti Acquisition Corp. II
0002000756,KWMWW,K Wave Media Ltd.
0002007825,INFQ-WT,"Infleqtion, Inc."
0002022416,SLXNW,Silexion Therapeutics Corp
0001979005,AFJKR,"Aimei Health Technology Co., Ltd."
0001979005,AFJKU,"Aimei Health Technology Co., Ltd."
0001969796,THQQF,Embracer Group AB/ADR
0001960355,EXYNW,"Exyn Technologies, Inc."
0001936804,SDAWW,SunCar Technology Group Inc.
0001953988,HLEOD,Helio Corp /FL/
0001949257,RDPTF,Radiopharm Theranostics Ltd
0001981662,NIVFW,NewGenIvf Group Ltd
0001980845,ENGNW,enGene Therapeutics Inc.
0001985406,NPEHF,"Nippon Express Holdings, Inc./ADR"
0001999261,STWI,StageWise Strategies Corp.
0002001699,HPAIW,Helport AI Ltd
0002020385,TAVIU,Tavia Acquisition Corp.
0002020385,TAVIR,Tavia Acquisition Corp.
0002020987,YHNAU,YHN Acquisition I Ltd
0002018145,RDACR,Rising Dragon Acquisition Corp.
0002018145,RDACU,Rising Dragon Acquisition Corp.
0002033770,DAICW,"CID Holdco, Inc."
0002033019,KOKSF,Kokusai Electric Corporation/ADR
0002035644,RANGU,Range Capital Acquisition Corp.
0002035644,RANGR,Range Capital Acquisition Corp.
0002026767,ALISU,Calisa Acquisition Corp
0002026767,ALISR,Calisa Acquisition Corp
0002022308,KIDZW,KIDZ AI Inc.
0002020987,YHNAR,YHN Acquisition I Ltd
0002021938,SNNRF,Sunrise Communications AG
0002023676,LPBBW,Launch Two Acquisition Corp.
0002023676,LPBBU,Launch Two Acquisition Corp.
0001941536,BAERW,"Bridger Aerospace Group Holdings, Inc."
0001956827,AAVXF,Abivax S.A.
0001935418,FMSTW,Foremost Clean Energy Ltd.
0001934850,FGN,"F&G Annuities & Life, Inc."
0001934850,FGSN,"F&G Annuities & Life, Inc."
0001935033,KMFG,KEEMO Fashion Group Ltd
0001930021,HOVRW,New Horizon Aircraft Ltd.
0001922097,LANWF,Lanvin Group Holdings Ltd
0002016072,VLOSU,Velos Acquisition I Corp.
0002016072,VLOSW,Velos Acquisition I Corp.
0002015955,CUBWU,Lionheart Holdings
0002015955,CUBWW,Lionheart Holdings
0002028355,IPEXU,Inflection Point Acquisition Corp. V
0002028355,IPEXR,Inflection Point Acquisition Corp. V
0002029976,KFIIR,K&F GROWTH ACQUISITION CORP. II
0002029976,KFIIU,K&F GROWTH ACQUISITION CORP. II
0002030663,SZZLR,Sizzle Acquisition Corp. II
0002030829,PGACU,PANTAGES CAPITAL ACQUISITION Corp
0002030829,PGACR,PANTAGES CAPITAL ACQUISITION Corp
0002030663,SZZLU,Sizzle Acquisition Corp. II
0002034037,SDHIU,Siddhi Acquisition Corp (Cayman Islands)
0002034037,SDHIR,Siddhi Acquisition Corp (Cayman Islands)
0002034288,RMGL,Rocky Mountains Group Ltd
0001985554,LDXC,Londax Corp.
0001994582,OYCG,Oyocar Group Inc.
0001985273,TOYWF,"TOYO Co., Ltd"
0001966287,GFRWF,Greenfire Resources Ltd.
0001969729,RKWBF,Rockwool A/S/ADR
0001969729,RKWAF,Rockwool A/S/ADR
0001969729,RCWBY,Rockwool A/S/ADR
0001965052,MGTEW,Marblegate Capital Corp
0001970743,RMXID,"RMX INDUSTRIES, INC."
0001968378,BCHMF,Bachem Holding AG/ADR
0001974044,MNYWW,MoneyHero Ltd
0001936258,NAMSW,NewAmsterdam Pharma Co N.V.
0001937737,MLECW,Moolec Science SA
0001937987,FBYDP,"Falcon's Beyond Global, Inc."
0001937987,FBYDW,"Falcon's Beyond Global, Inc."
0002010930,ALFUW,Centurion Acquisition Corp.
0002016221,MACIW,Melar Acquisition Corp. I/Cayman
0002016221,MACIU,Melar Acquisition Corp. I/Cayman
0002009183,TACHW,Titan Acquisition Corp.
0002009183,TACHU,Titan Acquisition Corp.
0002000684,DVHGF,Devonian Health Group Inc.
0002002045,GCLWW,GCL Global Holdings Ltd
0002000366,SCAGW,Scage Future
0001989788,GAFC,Guru App Factory Corp
0002042182,OYSER,Oyster Enterprises II Acquisition Corp
0002042182,OYSEU,Oyster Enterprises II Acquisition Corp
0002055459,RDAGU,Republic Digital Acquisition Co
0002055459,RDAGW,Republic Digital Acquisition Co
0002057381,RADC,Readvantage Corp.
0002061911,MXUGF,Mixue Bingcheng Co Ltd/ADR
0002061911,MXUBY,Mixue Bingcheng Co Ltd/ADR
0002062522,GMWKF,GAMES WORKSHOP GROUP PLC/ADR
0002065287,DNKC,Dankon Corp
0002069238,PAII-WT,Pyrophyte Acquisition Corp. II
0002069238,PAII-UN,Pyrophyte Acquisition Corp. II
0002065948,SOCAW,Solarius Capital Acquisition Corp.
0002065948,SOCAU,Solarius Capital Acquisition Corp.
0002072389,NPIFF,Northland Power Inc./ADR
0002072389,NPICF,Northland Power Inc./ADR
0002073268,BIREF,Birchcliff Energy Ltd./ADR
0002069856,HCMAU,HCM III ACQUISITION CORP.
0002069856,HCMAW,HCM III ACQUISITION CORP.
0002035173,RTACW,Renatus Tactical Acquisition Corp I
0002035173,RTACU,Renatus Tactical Acquisition Corp I
0002033122,TACOU,Berto Acquisition Corp.
0002033122,TACOW,Berto Acquisition Corp.
0002033383,FUSEW,Fusemachines Inc.
0002029014,MRCL,Mercalot Inc.
0002029303,THTG,Tech Tonic Group Corp.
0002030482,PLMKW,"Plum Acquisition Corp, IV"
0002030482,PLMKU,"Plum Acquisition Corp, IV"
0002031561,ALDFU,Aldel Financial II Inc.
0002031561,ALDFW,Aldel Financial II Inc.
0002028735,SPEGU,Silver Pegasus Acquisition Corp.
0002028735,SPEGR,Silver Pegasus Acquisition Corp.
0002024459,CHARR,Charlton Aria Acquisition Corp
0002024459,CHARU,Charlton Aria Acquisition Corp
0002017950,DTSQR,DT Cloud Star Acquisition Corp
0002017950,DTSQU,DT Cloud Star Acquisition Corp
0002019804,IMSRW,Terrestrial Energy Inc. /DE/
0002021390,GDERF,Galderma Group AG/ADR
0002023730,HDRNW,"Hadron Energy, Inc."
0001941360,NELR,Neolara Corp.
0001938569,PALX,Palomino Laboratories Inc.
0001940674,SMXWW,SMX (Security Matters) Public Ltd Co
0001930313,SBCWW,SBC Medical Group Holdings Inc
0001957489,ABLVW,Able View Global Inc.
0001946021,HSPUF,Horizon Space Acquisition I Corp.
0001946021,HSPWF,Horizon Space Acquisition I Corp.
0001947861,NMHIW,Nature's Miracle Holding Inc.
0001992818,ZOOZW,ZOOZ Strategy Ltd.
0001991332,MKDWW,MKDWELL Tech Inc.
0001985062,PBMWW,PSYENCE BIOMEDICAL LTD.
0001978528,QETAU,Quetta Acquisition Corp
0001978528,QETAR,Quetta Acquisition Corp
0001968385,BWAGF,BAWAG Group AG/ADR
0001959994,COOTW,Australian Oilseeds Holdings Ltd
0001963088,ATCHW,"AtlasClear Holdings, Inc."
0002073804,TCLHF,TCL Electronics Holdings Limited/ADR
0002071489,YSGL,Yellowstone Group Ltd.
0002074697,FCRS-UN,FutureCrest Acquisition Corp.
0002074697,FCRS-WT,FutureCrest Acquisition Corp.
0002073893,DLMAF,Dollarama Inc./ADR
0002078416,LLYVB,"Liberty Live Holdings, Inc."
0002078416,LLYVK,"Liberty Live Holdings, Inc."
0002074872,KRSP-WT,Rice Acquisition Corp 3
0002074872,KRSP-UN,Rice Acquisition Corp 3
0002079109,VRXAW,Veraxa Biotech Holding AG
0002082542,BIXIW,Bitcoin Infrastructure Acquisition Corp Ltd
0002082542,BIXIU,Bitcoin Infrastructure Acquisition Corp Ltd
0002083221,SPIWF,SPIE SA/ADR
0002083946,WLIIU,Willow Lane Acquisition Corp. II
0002083946,WLIIW,Willow Lane Acquisition Corp. II
0002082149,DSACU,Daedalus Special Acquisition Corp.
0002082149,DSACW,Daedalus Special Acquisition Corp.
0002083689,AEAQW,Activate Energy Acquisition Corp.
0002083689,AEAQU,Activate Energy Acquisition Corp.
0002083728,LPCVW,Launchpad Cadenza Acquisition Corp I
0002083728,LPCVU,Launchpad Cadenza Acquisition Corp I
0002090441,IDACW,Iron Dome Acquisition I Corp.
0002090441,IDACU,Iron Dome Acquisition I Corp.
0002092252,RNGOF,"Rengo Co., Ltd./ADR"
0002091484,GLED-RI,GalaxyEdge Acquisition Corp
0002091484,GLED-UN,GalaxyEdge Acquisition Corp
0002094692,VSRPF,Verisure plc/ADR
0002096900,ACAAW,Averin Capital Acquisition Corp.
0002096900,ACAAU,Averin Capital Acquisition Corp.
0002093524,APURR,Aperture AC
0002093856,APXCF,APEX CRITICAL METALS CORP.
0002083989,ALOVW,"Aldabra 4 Liquidity Opportunity Vehicle, Inc."
0002083989,ALOVU,"Aldabra 4 Liquidity Opportunity Vehicle, Inc."
0002087447,ZKPU,Lafayette Digital Acquisition Corp. I
0002087447,ZKPW,Lafayette Digital Acquisition Corp. I
0002084396,IEAGR,Infinite Eagle Acquisition Corp.
0002084396,IEAGU,Infinite Eagle Acquisition Corp.
0002087840,ZJLMF,"Zhejiang Leapmotor Technology Co., Ltd./ADR"
0002088776,ZSHOF,"Zensho Holdings Co., Ltd./ADR"
0002088626,PECEU,Peace Acquisition Corp.
0002088626,PECER,Peace Acquisition Corp.
0002088626,PECEW,Peace Acquisition Corp.
0001941189,TANAF,Tian'an Technology Group Ltd
0001953530,OCSAW,Oculis Holding AG
0001957538,OIOWW,OIO Group
0001946573,NAKAW,Nakamoto Inc.
0001995306,SPHIF,SUPER HI INTERNATIONAL HOLDING LTD.
0001994373,HNIT,Huineng Technology Corp
0001983324,RMSGW,Real Messenger Corp
0001984345,VTBAS,"Vestible Assets, LLC"
0001986817,GTENW,"Gores Holdings X, Inc. / CI"
0001986817,GTENU,"Gores Holdings X, Inc. / CI"
0001965143,NVNIW,Nvni Group Ltd
0001969302,PYAIF,Pony AI Inc.
0001978111,NPLY,Naploy Corp.
0002043424,FKURF,Fujikura Ltd/ADR
0002044009,XRPNU,Armada Acquisition Corp. II
0002042187,KYFGF,Kyoto Financial Group Inc/ADR
0002044009,XRPNW,Armada Acquisition Corp. II
0002029769,OACCU,Oaktree Acquisition Corp. III Life Sciences
0002029769,OACCW,Oaktree Acquisition Corp. III Life Sciences
0002028516,ATIIU,Archimedes Tech SPAC Partners II Co.
0002028516,ATIIW,Archimedes Tech SPAC Partners II Co.
0002027330,SGIPF,"Sugi Holdings Co., Ltd./ADR"
0002032528,DRDBW,Roman DBDR Acquisition Corp. II
0002032528,DRDBU,Roman DBDR Acquisition Corp. II
0002032609,SHFH,Scientist Home Future Health Ltd
0002034313,OBAWU,Oxley Bridge Acquisition Ltd
0002034313,OBAWW,Oxley Bridge Acquisition Ltd
0002001557,INVLW,"Innventure, Inc."
0001997296,MDCXW,Medicus Pharma Ltd.
0002010982,PVIT,Palisades Venture Inc.
0002007191,TLPPF,Telix Pharmaceuticals Ltd
0002012807,RFAIU,RF Acquisition Corp II
0002012807,RFAIR,RF Acquisition Corp II
0002015947,SBXD-UN,SilverBox Corp IV
0002013807,FOXXW,Foxx Development Holdings Inc.
0002015947,SBXD-WT,SilverBox Corp IV
0002024203,CAPNR,Cayson Acquisition Corp
0002024203,CAPNU,Cayson Acquisition Corp
0002025608,SOUL-RI,Soulpower Acquisition Corp.
0002025608,SOUL-UN,Soulpower Acquisition Corp.
0001921158,FUFUW,Bitfufu Inc.
0001923734,AKPPS,Ark7 Properties Plus LLC
0001926599,TDACU,Translational Development Acquisition Corp.
0001926599,TDACW,Translational Development Acquisition Corp.
0001875091,NRSNW,NeuroSense Therapeutics Ltd.
0001901336,ALCWF,Alchemy Investments Acquisition Corp 1
0001901336,ALCUF,Alchemy Investments Acquisition Corp 1
0001840856,SOUNW,"SOUNDHOUND AI, INC."
0001837671,CPPTL,Copper Property CTL Pass Through Trust
0001839341,CORZW,"Core Scientific, Inc./tx"
0001839341,CORZZ,"Core Scientific, Inc./tx"
0001839341,CORZR,"Core Scientific, Inc./tx"
0001839586,DMXCF,District Metals Corp.
0001855485,CLDWW,"Calidi Biotherapeutics, Inc."
0001854149,ANSCU,Agriculture & Natural Solutions Acquisition Corp
0001854149,ANSCW,Agriculture & Natural Solutions Acquisition Corp
0001849380,ONMDW,OneMedNet Corp
0001851909,CDAUF,Compass Digital Acquisition Corp.
0001851909,CDAWF,Compass Digital Acquisition Corp.
0001861737,HSIGF,Hesai Group
0001870404,CEROW,"CERO THERAPEUTICS HOLDINGS, INC."
0001871638,BZAIW,"Blaize Holdings, Inc."
0001875609,SWVLW,Swvl Holdings Corp
0001888654,FEAV,"5E Advanced Materials, Inc."
0001889983,KVACU,Keen Vision Acquisition Corp.
0001889983,KVACW,Keen Vision Acquisition Corp.
0001913847,CNCKW,Coincheck Group N.V.
0001915328,ISLUF,Israel Acquisitions Corp
0001915328,ISLWF,Israel Acquisitions Corp
0001894693,SVREW,SaverOne 2014 Ltd.
0001900679,TETWF,Technology & Telecommunication Acquisition Corp
0001900679,TETUF,Technology & Telecommunication Acquisition Corp
0001927719,CRGOW,Freightos Ltd
0001920406,SATA,"Strive, Inc."
0001915760,HEMNF,Hemnet Group AB/ADR
0001917993,GSTK,Growth Stalk Holdings Corp
0001436741,CYJBF,Cargotec Corp OYJ
0001429260,FBIOP,"Fortress Biotech, Inc."
0001495222,OXLCN,Oxford Lane Capital Corp.
0001495222,OXLCZ,Oxford Lane Capital Corp.
0001502292,PRHIZ,"Presurance Holdings, Inc."
0001318885,DSX-WT,DIANA SHIPPING INC.
0001313510,GGN-PB,"GAMCO Global Gold, Natural Resources & Income Trust"
0001326380,GME-WT,GameStop Corp.
0001329213,SNIRF,SENIOR PLC
0001434754,SB-PD,"SAFE BULKERS, INC."
0001437462,GRKZF,Greek Organisation of Football Prognostics S.A.
0001432364,AZUXY,AZUL SA
0001428205,ARR-PC,"Armour Residential REIT, Inc."
0001489088,PBATF,PT Bukit Asam Tbk/ADR
0001495222,OXLCI,Oxford Lane Capital Corp.
0001495222,OXLCG,Oxford Lane Capital Corp.
0001495222,OXLCL,Oxford Lane Capital Corp.
0001474098,PEB-PG,Pebblebrook Hotel Trust
0001474098,PEB-PH,Pebblebrook Hotel Trust
0001409253,THRC,"Havana Roasters Coffee Companies, Inc."
0001371782,MVO,MV Oil Trust
0001297996,DLR-PL,"DIGITAL REALTY TRUST, INC."
0001297996,DLR-PJ,"DIGITAL REALTY TRUST, INC."
0001280784,HCXY,"Hercules Capital, Inc."
0001287032,PSEC-PA,PROSPECT CAPITAL CORP
0001332174,ISMCF,iShares S&P GSCI Commodity-Indexed Trust
0001323468,GLP-PB,GLOBAL PARTNERS LP
0001308106,SEAL-PA,Seapeak LLC
0001308106,SEAL-PB,Seapeak LLC
0001390777,BNY-PK,Bank of New York Mellon Corp
0001375365,SMCIP,"Super Micro Computer, Inc."
0001389207,GFSAY,Gafisa S.A.
0001355096,QVCAQ,"QVC Group, Inc."
0001355096,QVCPQ,"QVC Group, Inc."
0001355096,QVCGQ,"QVC Group, Inc."
0001347408,SGBAF,SES S.A.
0001356115,NXDT-PA,NEXPOINT DIVERSIFIED REAL ESTATE TRUST
0001406234,BIPI,Brookfield Infrastructure Partners L.P.
0001406234,BIP-PA,Brookfield Infrastructure Partners L.P.
0001406234,BIP-PB,Brookfield Infrastructure Partners L.P.
0001403528,OAK-PB,"Brookfield Oaktree Holdings, LLC"
0001406234,BIP,Brookfield Infrastructure Partners L.P.
0001406234,BIPJ,Brookfield Infrastructure Partners L.P.
0001406234,BRIPF,Brookfield Infrastructure Partners L.P.
0001415311,AGQ,ProShares Trust II
0001415311,BOIL,ProShares Trust II
0001415311,EUO,ProShares Trust II
0001415311,GLL,ProShares Trust II
0001415311,YCL,ProShares Trust II
0001415311,YCS,ProShares Trust II
0001415311,ZSL,ProShares Trust II
0001415311,UGL,ProShares Trust II
0001415311,ULE,ProShares Trust II
0001415311,UVXY,ProShares Trust II
0001415311,VIXM,ProShares Trust II
0001415311,VIXY,ProShares Trust II
0001415311,SCO,ProShares Trust II
0001415311,SVXY,ProShares Trust II
0001415311,UCO,ProShares Trust II
0001415311,KOLD,ProShares Trust II
0001477960,LMEDD,LataMed AI Corp.
0001341439,ORCL-PD,ORACLE CORP
0001332551,ACR-PC,ACRES Commercial Realty Corp.
0001332551,ACR-PD,ACRES Commercial Realty Corp.
0001447108,SKPJF,SKY Perfect JSAT Holdings Inc
0001462418,ASPSZ,ALTISOURCE PORTFOLIO SOLUTIONS S.A.
0001462418,ASPSW,ALTISOURCE PORTFOLIO SOLUTIONS S.A.
0001466026,MSBIP,"Midland States Bancorp, Inc."
0001468929,NXGLW,"NEXGEL, INC."
0001464790,RILYZ,"BRC Group Holdings, Inc."
0001455632,NXPGF,Mobico Group PLC/ADR
0001464790,RILYG,"BRC Group Holdings, Inc."
0001464790,RILYL,"BRC Group Holdings, Inc."
0001464790,RILYN,"BRC Group Holdings, Inc."
0001464790,RILYP,"BRC Group Holdings, Inc."
0001464790,RILYT,"BRC Group Holdings, Inc."
0001437071,IVR-PC,Invesco Mortgage Capital Inc.
0001439124,AXIA-PC,AXIA Energia S.A.
0001409493,CIM-PB,CHIMERA INVESTMENT CORP
0001409493,CIM-PC,CHIMERA INVESTMENT CORP
0001409493,CIM-PD,CHIMERA INVESTMENT CORP
0001409493,CIMP,CHIMERA INVESTMENT CORP
0001409493,CIMN,CHIMERA INVESTMENT CORP
0001409493,CIMO,CHIMERA INVESTMENT CORP
0001462120,LOB-PA,"Live Oak Bancshares, Inc."
0001472033,JTGLF,"Citibank,N.A./ADR"
0001464343,ATLCL,Atlanticus Holdings Corp
0001464343,ATLCP,Atlanticus Holdings Corp
0001464343,ATLCZ,Atlanticus Holdings Corp
0001490349,PFXNZ,PhenixFIN Corp
0001482512,HPP-PC,"Hudson Pacific Properties, Inc."
0001487139,SKLTF,Seek Ltd
0001488813,CUBB,"Customers Bancorp, Inc."
0001476045,CLDT-PA,Chatham Lodging Trust
0001321741,GAINZ,GLADSTONE INVESTMENT CORPORATION\DE
0001321741,GAINI,GLADSTONE INVESTMENT CORPORATION\DE
0001321741,GAING,GLADSTONE INVESTMENT CORPORATION\DE
0001326160,DUKB,Duke Energy CORP
0001326160,DUK-PA,Duke Energy CORP
0001317295,CITAF,CHINA SHIPPING CONTAINER LINES CO LTD
0001514281,MITN,"TPG Mortgage Investment Trust, Inc."
0001514281,MITP,"TPG Mortgage Investment Trust, Inc."
0001514281,MITT-PA,"TPG Mortgage Investment Trust, Inc."
0001514281,MITT-PB,"TPG Mortgage Investment Trust, Inc."
0001514281,MITT-PC,"TPG Mortgage Investment Trust, Inc."
0001518461,AMPGZ,"AmpliTech Group, Inc."
0001496099,NMFCZ,New Mountain Finance Corp
0001494191,KRNGF,Karoon Gas Australia Ltd /ADR/
0001412100,MHNC,"Maiden Holdings, Ltd."
0001376804,RDCT,"VNUE, Inc."
0001419554,BBLGW,Bone Biologics Corp
0001438893,GNT-PA,"GAMCO Natural Resources, Gold & Income Trust"
0001451561,SBBTF,Vend Marketplaces ASA/ADR
0001446962,HCHDF,Hochschild Mining PLC
0001336364,GIGGF,Giga Metals Corp
0001372514,KPHMW,KIORA PHARMACEUTICALS INC
0001534281,MBUMF,"Mabuchi Motor Co., Ltd./ADR"
0001564708,NWSLL,NEWS CORP
0001561032,NHPBP,"National Healthcare Properties, Inc."
0001561032,NHPAP,"National Healthcare Properties, Inc."
0001503290,ACP-PA,abrdn Income Credit Strategies Fund
0001504619,PFLA,PennantPark Floating Rate Capital Ltd.
0001506721,BAFBF,Balfour Beatty plc/ADR
0001506307,EP-PC,"KINDER MORGAN, INC."
0001526125,GDHLF,GDS Holdings Ltd
0001527590,RCD,Ready Capital Corp
0001527590,RC-PE,Ready Capital Corp
0001527590,RC-PC,Ready Capital Corp
0001505880,PNDZF,Pandora A/S / ADR
0001512228,NIOBW,NIOCORP DEVELOPMENTS LTD
0001451448,GMBLP,"ESPORTS ENTERTAINMENT GROUP, INC."
0001451448,GMBLZ,"ESPORTS ENTERTAINMENT GROUP, INC."
0001460447,MIMTF,Mitsubishi Materials Corp / ADR
0001464423,PMTU,PennyMac Mortgage Investment Trust
0001464423,PMTW,PennyMac Mortgage Investment Trust
0001464423,PMTV,PennyMac Mortgage Investment Trust
0001445214,SLOIF,Soitec SA
0001464423,PMT-PC,PennyMac Mortgage Investment Trust
0001472879,WCPRF,WHITECAP RESOURCES INC.
0001468492,HSCSW,HeartSciences Inc.
0001496254,LTAFX,Alternative Strategies Income Fund
0001496254,LTCFX,Alternative Strategies Income Fund
0001653384,RWAYL,Runway Growth Finance Corp.
0001653384,RWAYI,Runway Growth Finance Corp.
0001605888,CIRCW,CIRCLE8 GROUP INC
0001570299,NCHEF,Nichirei Corporation/ADR
0001327978,ZARE,Ares Real Estate Income Trust Inc.
0001341317,BWBBP,Bridgewater Bancshares Inc
0001345126,CODI-PA,Compass Diversified Holdings
0001293818,CFOR,CapForce Inc.
0001282957,GLU-PA,GABELLI GLOBAL UTILITY & INCOME TRUST
0001276187,ET-PI,Energy Transfer LP
0001260729,GDV-PK,GABELLI DIVIDEND & INCOME TRUST
0001267395,AHL-PD,ASPEN INSURANCE HOLDINGS LTD
0001267395,AHL-PE,ASPEN INSURANCE HOLDINGS LTD
0001267395,AHL-PF,ASPEN INSURANCE HOLDINGS LTD
0001657853,HTZWW,"HERTZ GLOBAL HOLDINGS, INC"
0001663712,NRSAX,NEXPOINT REAL ESTATE STRATEGIES FUND
0001210708,STRRP,"Star Equity Holdings, Inc."
0001373670,GRBK-PA,"Green Brick Partners, Inc."
0001345126,CODI-PC,Compass Diversified Holdings
0001349706,TOGIW,"TurnOnGreen, Inc."
0001414767,NCPLW,Netcapital Inc.
0001411342,EFC-PB,Ellington Financial Inc.
0001411342,EFC-PC,Ellington Financial Inc.
0001411342,EFC-PD,Ellington Financial Inc.
0001408534,FGBIP,"First Guaranty Bancshares, Inc."
0001400810,HCIIP,"HCI Group, Inc."
0001454475,GBCMY,Global Bio-chem Technology Group Co. Ltd / ADR
0001454475,GBCMF,Global Bio-chem Technology Group Co. Ltd / ADR
0001447391,RSNHF,RESONA HOLDINGS INC
0001447956,BYDIF,BYD Electronic (International) Co Ltd
0001449664,NWSZF,CTF Services Ltd
0001465740,TWOD,TWO HARBORS INVESTMENT CORP.
0001471824,CANE,Teucrium Commodity Trust
0001471824,BTCK,Teucrium Commodity Trust
0001471824,SOYB,Teucrium Commodity Trust
0001471824,TAGS,Teucrium Commodity Trust
0001471824,WEAT,Teucrium Commodity Trust
0001471824,CORN,Teucrium Commodity Trust
0001470419,EJTTF,easyJet plc
0001234006,GOODN,GLADSTONE COMMERCIAL CORP
0001234006,GOODO,GLADSTONE COMMERCIAL CORP
0001232384,TCEYF,TC ENERGY CORP
0001232384,TRPPF,TC ENERGY CORP
0001487918,OFSSH,OFS Capital Corp
0001232384,TRPEF,TC ENERGY CORP
0001232384,TCENF,TC ENERGY CORP
0001232384,TCNCF,TC ENERGY CORP
0001232384,TRPRF,TC ENERGY CORP
0001487918,OFSSO,OFS Capital Corp
0001333986,EQH-PA,"Equitable Holdings, Inc."
0001333986,EQH-PC,"Equitable Holdings, Inc."
0001281761,RF-PE,REGIONS FINANCIAL CORP
0001281895,RCKTW,"ROCKET PHARMACEUTICALS, INC."
0001281761,RF-PF,REGIONS FINANCIAL CORP
0001283699,TMUSZ,"T-Mobile US, Inc."
0001283699,TMUSI,"T-Mobile US, Inc."
0001283699,TMUSL,"T-Mobile US, Inc."
0001311307,LNXSF,LANXESS AG
0001236275,QXO-PB,"QXO, Inc."
0001174169,AGQPF,ALGONQUIN POWER & UTILITIES CORP.
0001174169,AQNB,ALGONQUIN POWER & UTILITIES CORP.
0001295810,SHO-PH,"Sunstone Hotel Investors, Inc."
0001295810,SHO-PI,"Sunstone Hotel Investors, Inc."
0001267238,AIZN,"ASSURANT, INC."
0001127248,EMICF,EMERA INC
0001127248,EMRJF,EMERA INC
0001128252,XAKJ,"SIPP International Industries, Inc."
0001160106,LLOBF,Lloyds Banking Group plc
0001078716,TGOPF,3i GROUP PLC
0001089907,SWKHL,SWK Holdings Corp
0001114446,AMUB,UBS AG
0001114446,BDCX,UBS AG
0001114446,BDCZ,UBS AG
0001114446,CEFD,UBS AG
0001114446,UCIB,UBS AG
0001114446,USML,UBS AG
0001114446,SCDL,UBS AG
0001114446,SMHB,UBS AG
0001114446,MTUL,UBS AG
0001114446,MVRL,UBS AG
0001114446,PFFL,UBS AG
0001114446,QULL,UBS AG
0001114446,MLPB,UBS AG
0001114446,MLPR,UBS AG
0001114446,IWDL,UBS AG
0001114446,IWFL,UBS AG
0001114446,IWML,UBS AG
0001114446,HDLB,UBS AG
0001114446,IFED,UBS AG
0001039610,ELCPF,EDP ENERGIAS DE PORTUGAL SA
0001004980,PCG-PA,PG&E Corp
0001004980,PCG-PB,PG&E Corp
0001004980,PCG-PX,PG&E Corp
0000936528,WAFDP,WAFD INC
0001166663,TEN-PE,TSAKOS ENERGY NAVIGATION LTD
0001166663,TEN-PF,TSAKOS ENERGY NAVIGATION LTD
0001109354,BRKRP,BRUKER CORP
0001253986,ABR-PD,ARBOR REALTY TRUST INC
0001253986,ABR-PE,ARBOR REALTY TRUST INC
0001253986,ABR-PF,ARBOR REALTY TRUST INC
0001279956,YRAIF,YARA INTERNATIONAL ASA
0001278752,MFICL,MidCap Financial Investment Corp
0001087711,SNTUF,Santander UK plc
0001087711,STNDF,Santander UK plc
0001101215,BFH-PA,"BREAD FINANCIAL HOLDINGS, INC."
0001101215,BFH-PB,"BREAD FINANCIAL HOLDINGS, INC."
0001038143,ORANY,ORANGE
0001032208,SREA,SEMPRA
0001004315,NMKCP,NATIONAL GRID PLC
0001004315,NMKBP,NATIONAL GRID PLC
0001004434,MGRE,"AFFILIATED MANAGERS GROUP, INC."
0001004434,MGRD,"AFFILIATED MANAGERS GROUP, INC."
0001004434,MGR,"AFFILIATED MANAGERS GROUP, INC."
0001004434,MGRB,"AFFILIATED MANAGERS GROUP, INC."
0001131312,ZNOGW,ZION OIL & GAS INC
0001086888,MNUPF,MANULIFE FINANCIAL CORP
0001086888,MNLCF,MANULIFE FINANCIAL CORP
0001086888,MNQFF,MANULIFE FINANCIAL CORP
0001086888,MNUFF,MANULIFE FINANCIAL CORP
0001075124,TMSOF,THOMSON REUTERS CORP /CAN/
0001077428,TCBIO,TEXAS CAPITAL BANCSHARES INC/TX
0001075415,DHCNI,DIVERSIFIED HEALTHCARE TRUST
0001075415,DHCNL,DIVERSIFIED HEALTHCARE TRUST
0001076930,NOVTU,NOVANTA INC
0000879911,AERGP,"APPLIED ENERGETICS, INC."
0001164727,NEMCL,NEWMONT Corp /DE/
0000898174,RZC,REINSURANCE GROUP OF AMERICA INC
0001004315,NMPWP,NATIONAL GRID PLC
0001004315,NEWEN,NATIONAL GRID PLC
0001080720,GUT-PC,GABELLI UTILITY TRUST
0001070423,PAAPU,PLAINS ALL AMERICAN PIPELINE LP
0001176948,ARES-PB,Ares Management Corp
0000913144,RNR-PF,RENAISSANCERE HOLDINGS LTD
0000912958,MLCMF,MILLICOM INTERNATIONAL CELLULAR SA
0000913144,RNR-PG,RENAISSANCERE HOLDINGS LTD
0001001085,BAMKF,BROOKFIELD Corp /ON/
0001001085,BKAMF,BROOKFIELD Corp /ON/
0001001085,BKFAF,BROOKFIELD Corp /ON/
0001001085,BKFPF,BROOKFIELD Corp /ON/
0001001085,BKFOF,BROOKFIELD Corp /ON/
0001001085,BRPSF,BROOKFIELD Corp /ON/
0001001085,BRFCF,BROOKFIELD Corp /ON/
0001001085,BRFAF,BROOKFIELD Corp /ON/
0001001085,BKPA,BROOKFIELD Corp /ON/
0001001085,BRCFF,BROOKFIELD Corp /ON/
0001001085,BKFDF,BROOKFIELD Corp /ON/
0000948320,LFMDP,"LifeMD, Inc."
0001001085,BNH,BROOKFIELD Corp /ON/
0001001085,BNJ,BROOKFIELD Corp /ON/
0001001085,BROXF,BROOKFIELD Corp /ON/
0001001085,BXDIF,BROOKFIELD Corp /ON/
0001025835,EFSCP,ENTERPRISE FINANCIAL SERVICES CORP
0001045520,CNDIF,CANADIAN IMPERIAL BANK OF COMMERCE /CAN/
0001066130,LINMD,Linear Minerals Corp
0001058623,CMLSQ,CUMULUS MEDIA INC
0000897802,SPE-PC,"SPECIAL OPPORTUNITIES FUND, INC."
0001393311,PSA-PF,Public Storage
0001393311,PSA-PG,Public Storage
0001393311,PSA-PI,Public Storage
0001393311,PSA-PJ,Public Storage
0001393311,PSA-PK,Public Storage
0001393311,PSA-PL,Public Storage
0001393311,PSA-PM,Public Storage
0001402328,SBFMW,Sunshine Biopharma Inc.
0001487428,HTFC,Horizon Technology Finance Corp
0001482541,BNCWZ,CEA Industries Inc.
0001482541,BNCWW,CEA Industries Inc.
0001479247,CPER,United States Commodity Index Funds Trust
0001448038,RWDMU,Redwood Mortgage Investors IX
0001459334,BKZHF,Santander Bank Polska SA/ADR
0001454147,LOIMF,Loomis AB / ADR
0000936340,DTB,DTE ENERGY CO
0000936340,DTK,DTE ENERGY CO
0000936340,DTG,DTE ENERGY CO
0001042046,AFGB,AMERICAN FINANCIAL GROUP INC
0001042046,AFGC,AMERICAN FINANCIAL GROUP INC
0001042046,AFGD,AMERICAN FINANCIAL GROUP INC
0001042046,AFGE,AMERICAN FINANCIAL GROUP INC
0001066764,BESS-WT,Bimergen Energy Corp
0001069336,SWZCF,SWISSCOM AG
0001053092,GLDI,CREDIT SUISSE AG
0001053092,USOI,CREDIT SUISSE AG
0001053092,SLVO,CREDIT SUISSE AG
0001115864,ILXPD,ECOMINAS CORP.
0001109262,BSCL,"BILI Social International, Inc."
0001113423,CSCID,COSCIENS Biopharma Inc.
0001108329,PTCCY,PETROCHINA CO LTD
0001137774,PFH,PRUDENTIAL FINANCIAL INC
0001137774,PRH,PRUDENTIAL FINANCIAL INC
0001137774,PRS,PRUDENTIAL FINANCIAL INC
0001097362,SLFIF,SUN LIFE FINANCIAL INC
0001097362,SUNFF,SUN LIFE FINANCIAL INC
0001099219,MET-PF,METLIFE INC
0001097362,SLFQF,SUN LIFE FINANCIAL INC
0001000209,MBNKO,MEDALLION FINANCIAL CORP
0001000275,RYLBF,ROYAL BANK OF CANADA
0000947263,TDBCP,TORONTO DOMINION BANK
0001015328,WTFCN,WINTRUST FINANCIAL CORP
0001039828,ANG-PD,American National Group Inc.
0001015383,POWWP,Outdoor Holding Co
0001065823,FNFPA,FIRST NILES FINANCIAL INC
0000917251,ADC-PA,AGREE REALTY CORP
0000915913,ALB-PA,ALBEMARLE CORP
0000910606,REGCO,REGENCY CENTERS CORP
0000910606,REGCP,REGENCY CENTERS CORP
0000895421,MS-PF,MORGAN STANLEY
0000895421,MS-PI,MORGAN STANLEY
0000896493,GPUS-PD,"Hyperscale Data, Inc."
0000895421,MS-PL,MORGAN STANLEY
0000895421,MS-PO,MORGAN STANLEY
0000895421,MS-PP,MORGAN STANLEY
0001214935,NCV-PA,Virtus Convertible & Income Fund
0000895421,MS-PA,MORGAN STANLEY
0000895421,MS-PQ,MORGAN STANLEY
0001212545,WAL-PA,WESTERN ALLIANCE BANCORPORATION
0000771992,PAASF,PAN AMERICAN SILVER CORP
0000886163,LGNZZ,LIGAND PHARMACEUTICALS INC
0000886163,LGNDZ,LIGAND PHARMACEUTICALS INC
0000886163,LGNXZ,LIGAND PHARMACEUTICALS INC
0000886163,LGNYZ,LIGAND PHARMACEUTICALS INC
0000354516,TYOYF,TAIYO YUDEN CO LTD /ADR/
0000700564,FULTP,FULTON FINANCIAL CORP
0000769218,AEFC,AEGON LTD.
0000753308,NEE-PN,NEXTERA ENERGY INC
0000753308,NEE-PT,NEXTERA ENERGY INC
0000753308,NEE-PU,NEXTERA ENERGY INC
0000753308,NEE-PW,NEXTERA ENERGY INC
0000753308,NEE-PV,NEXTERA ENERGY INC
0000753308,NEE-PS,NEXTERA ENERGY INC
0000314808,VAL-WT,Valaris Ltd
0000092230,TFC-PI,TRUIST FINANCIAL CORP
0000092230,TFC-PO,TRUIST FINANCIAL CORP
0000092230,TFC-PR,TRUIST FINANCIAL CORP
0000081023,PNMXO,PUBLIC SERVICE CO OF NEW MEXICO
0000072903,XELLL,XCEL ENERGY INC
0000046195,BOH-PA,BANK OF HAWAII CORP
0000046195,BOH-PB,BANK OF HAWAII CORP
0000011544,WRB-PF,BERKLEY W R CORP
0000011544,WRB-PG,BERKLEY W R CORP
0000011544,WRB-PH,BERKLEY W R CORP
0000911421,PREJF,PARTNERRE LTD
0000007789,ASBA,ASSOCIATED BANC-CORP
0000007789,ASB-PE,ASSOCIATED BANC-CORP
0000007789,ASB-PF,ASSOCIATED BANC-CORP
0000899689,VNO-PN,VORNADO REALTY TRUST
0000899689,VNO-PO,VORNADO REALTY TRUST
0000901243,MUA-RW,"BLACKROCK MUNIASSETS FUND, INC."
0000895728,EBGEF,ENBRIDGE INC
0000895728,EBRGF,ENBRIDGE INC
0000895728,EBRZF,ENBRIDGE INC
0000895728,ENBFF,ENBRIDGE INC
0000895728,ENBGF,ENBRIDGE INC
0000895728,ENBRF,ENBRIDGE INC
0000895728,ENNPF,ENBRIDGE INC
0000895728,EBBGF,ENBRIDGE INC
0000895728,ENFFF,ENBRIDGE INC
0000895728,ENBHF,ENBRIDGE INC
0000895728,ENBMF,ENBRIDGE INC
0000895728,ENBOF,ENBRIDGE INC
0000895728,ENBSF,ENBRIDGE INC
0000895728,ENBNF,ENBRIDGE INC
0000849399,GENVR,Gen Digital Inc.
0000861967,WOLTF,WOLTERS KLUWER N V /FI
0000827876,CLSKW,"CLEANSPARK, INC."
0000831001,C-PN,CITIGROUP INC
0000831001,C-PR,CITIGROUP INC
0000787496,LGVT,UBUYHOLDINGS INC
0000899051,ALL-PI,ALLSTATE CORP
0000899051,ALL-PJ,ALLSTATE CORP
0000899051,ALL-PB,ALLSTATE CORP
0000862651,INVUP,"Investview, Inc."
0000883948,AUB-PA,Atlantic Union Bankshares Corp
0000100826,UEPEM,UNION ELECTRIC CO
0000023795,CTO-PA,"CTO Realty Growth, Inc."
0000035527,FITB-PA,FIFTH THIRD BANCORP
0000035527,FITB-PI,FIFTH THIRD BANCORP
0000035527,FITB-PM,FIFTH THIRD BANCORP
0000035527,FITB-PK,FIFTH THIRD BANCORP
0000019617,VYLD,JPMORGAN CHASE & CO
0000019617,AMJB,JPMORGAN CHASE & CO
0000019617,JPM-PD,JPMORGAN CHASE & CO
0000019617,JPM-PJ,JPMORGAN CHASE & CO
0000019617,JPM-PK,JPMORGAN CHASE & CO
0000019617,JPM-PL,JPMORGAN CHASE & CO
0000019617,JPM-PM,JPMORGAN CHASE & CO
0000051434,INPAP,INTERNATIONAL PAPER CO /NEW/
0000049196,HBANZ,HUNTINGTON BANCSHARES INC /MD/
0000049196,HBANL,HUNTINGTON BANCSHARES INC /MD/
0000049196,HBANM,HUNTINGTON BANCSHARES INC /MD/
0000049196,HBANP,HUNTINGTON BANCSHARES INC /MD/
0000037996,F-PB,FORD MOTOR CO
0000037996,F-PC,FORD MOTOR CO
0000037996,F-PD,FORD MOTOR CO
0000064463,SLNHP,"Soluna Holdings, Inc"
0000059558,LNC-PD,LINCOLN NATIONAL CORP
0000091576,KEY-PJ,KEYCORP /NEW/
0000092103,SCE-PM,SOUTHERN CALIFORNIA EDISON Co
0000092103,SCE-PN,SOUTHERN CALIFORNIA EDISON Co
0000092103,SCE-PG,SOUTHERN CALIFORNIA EDISON Co
0000092103,SCE-PL,SOUTHERN CALIFORNIA EDISON Co
0000091576,KEY-PL,KEYCORP /NEW/
0000107815,WELPM,WISCONSIN ELECTRIC POWER CO
0000701818,KGCRF,KINROSS GOLD CORP
0000712771,CNOBP,"ConnectOne Bancorp, Inc."
0000798941,FCNCO,FIRST CITIZENS BANCSHARES INC /DE/
0000798941,FCNCP,FIRST CITIZENS BANCSHARES INC /DE/
0000823277,CHSCL,CHS INC
0000823277,CHSCM,CHS INC
0000823277,CHSCN,CHS INC
0000823277,CHSCO,CHS INC
0000798941,FCNCN,FIRST CITIZENS BANCSHARES INC /DE/
0000750577,HWCPZ,HANCOCK WHITNEY CORP
0000759944,CFG-PE,CITIZENS FINANCIAL GROUP INC/RI
0000759944,CFG-PH,CITIZENS FINANCIAL GROUP INC/RI
0000759944,CFG-PI,CITIZENS FINANCIAL GROUP INC/RI
0000761648,CDR-PB,"CEDAR REALTY TRUST, INC."
0000761648,CDR-PC,"CEDAR REALTY TRUST, INC."
0001130713,BBBY-WT,"BED BATH & BEYOND, INC."
0001159508,DGP,DEUTSCHE BANK AKTIENGESELLSCHAFT
0001159508,DGZ,DEUTSCHE BANK AKTIENGESELLSCHAFT
0001159508,ADZCF,DEUTSCHE BANK AKTIENGESELLSCHAFT
0001159508,DEENF,DEUTSCHE BANK AKTIENGESELLSCHAFT
0001159508,DZZ,DEUTSCHE BANK AKTIENGESELLSCHAFT
0001159508,OLOXF,DEUTSCHE BANK AKTIENGESELLSCHAFT
0001144800,TSLTF,TRANSALTA CORP
0001144800,TACPF,TRANSALTA CORP
0001144800,TRNTF,TRANSALTA CORP
0001014763,AIMDW,"Ainos, Inc."
0001051512,TDS-PU,TELEPHONE & DATA SYSTEMS INC /DE/
0001051512,TDS-PV,TELEPHONE & DATA SYSTEMS INC /DE/
0000922224,PPLC,PPL Corp
0000831609,CWLXF,C21 Investments Inc.
0000842622,WEXPF,WESTERN EXPLORATION INC.
0000821130,UZD,"ARRAY DIGITAL INFRASTRUCTURE, INC."
0000821130,UZE,"ARRAY DIGITAL INFRASTRUCTURE, INC."
0000821130,UZF,"ARRAY DIGITAL INFRASTRUCTURE, INC."
0000797468,OXY-WT,OCCIDENTAL PETROLEUM CORP /DE/
0000862831,FIISO,FINANCIAL INSTITUTIONS INC
0000862831,FIISP,FINANCIAL INSTITUTIONS INC
0000846617,DCOM-P,"Dime Commercial Bancshares, Inc. /NY/"
0000846617,DCBG,"Dime Commercial Bancshares, Inc. /NY/"
0000357294,HOVNP,HOVNANIAN ENTERPRISES INC
0000712534,FRMEP,FIRST MERCHANTS CORP
0000727510,VISK,"Viskase Holdings, Inc."
0000750004,LNWO,"Light & Wonder, Inc."
0000750004,LAWIL,"Light & Wonder, Inc."
0000760498,BANFP,BANCFIRST CORP /OK/
0000106640,WHR-PA,WHIRLPOOL CORP /DE/
0000100826,UEPCO,UNION ELECTRIC CO
0000109380,ZIONP,"ZIONS BANCORPORATION, NATIONAL ASSOCIATION /UT/"
0000353184,AIRTP,AIR T INC
0000312070,ATMP,BARCLAYS BANK PLC
0000312070,BWVTF,BARCLAYS BANK PLC
0000312070,DJP,BARCLAYS BANK PLC
0000312070,VXX,BARCLAYS BANK PLC
0000312070,VXZ,BARCLAYS BANK PLC
0000312070,TAPR,BARCLAYS BANK PLC
0000312070,GBUG,BARCLAYS BANK PLC
0000312070,GRN,BARCLAYS BANK PLC
0000312070,JJETF,BARCLAYS BANK PLC
0001080657,SQFTP,"Presidio Property Trust, Inc."
0001080657,SQFTW,"Presidio Property Trust, Inc."
0001070050,APCXW,AppTech Payments Corp.
0001045450,EPR-PC,EPR PROPERTIES
0001045450,EPR-PE,EPR PROPERTIES
0001045450,EPR-PG,EPR PROPERTIES
0001061219,EPDU,ENTERPRISE PRODUCTS PARTNERS L.P.
0001055160,MFA-PB,"MFA FINANCIAL, INC."
0001055160,MFA-PC,"MFA FINANCIAL, INC."
0001055160,MFAN,"MFA FINANCIAL, INC."
0001055160,MFAO,"MFA FINANCIAL, INC."
0001169770,BANC-PF,"BANC OF CALIFORNIA, INC."
0000921671,GGT-PG,GABELLI MULTIMEDIA TRUST INC.
0001004724,RHEPB,"REGIONAL HEALTH PROPERTIES, INC"
0001004724,RHEPZ,"REGIONAL HEALTH PROPERTIES, INC"
0001004724,RHEPA,"REGIONAL HEALTH PROPERTIES, INC"
0001023458,XAEIU,AEI INCOME & GROWTH FUND XXII LTD PARTNERSHIP
0001029974,IPGLF,INTERPUMP GROUP SPA /FI
0001126956,SRJN,SPIRE INC
0001268896,CILFY,CHINA LIFE INSURANCE CO LTD
0001263364,COPR-WT,Idaho Copper Corp
0001273685,ADAMM,"ADAMAS TRUST, INC."
0001273685,ADAMH,"ADAMAS TRUST, INC."
0001273685,ADAMZ,"ADAMAS TRUST, INC."
0001273685,ADAMO,"ADAMAS TRUST, INC."
0001273685,ADAMI,"ADAMAS TRUST, INC."
0001273685,ADAMN,"ADAMAS TRUST, INC."
0001273685,ADAMG,"ADAMAS TRUST, INC."
0001273685,ADAML,"ADAMAS TRUST, INC."
0001372612,BXCAP,BOX INC
0001393311,PSA-PT,Public Storage
0001393311,PSA-PN,Public Storage
0001393311,PSA-PO,Public Storage
0001393311,PSA-PP,Public Storage
0001393311,PSA-PQ,Public Storage
0001393311,PSA-PR,Public Storage
0001393311,PSA-PS,Public Storage
0001333172,NMPRY,Navios Maritime Holdings Inc.
0000907254,BFS-PE,"SAUL CENTERS, INC."
0000910073,FLG-PA,"FLAGSTAR BANK, NATIONAL ASSOCIATION"
0000910073,FLG-PU,"FLAGSTAR BANK, NATIONAL ASSOCIATION"
0000927971,FNGO,BANK OF MONTREAL /CAN/
0000927971,FNGS,BANK OF MONTREAL /CAN/
0000927971,FNGU,BANK OF MONTREAL /CAN/
0000927971,GDXD,BANK OF MONTREAL /CAN/
0000927971,DULL,BANK OF MONTREAL /CAN/
0000927971,FLYD,BANK OF MONTREAL /CAN/
0000927971,FLYU,BANK OF MONTREAL /CAN/
0000930236,RWTO,REDWOOD TRUST INC
0000930236,RWTP,REDWOOD TRUST INC
0000930236,RWTQ,REDWOOD TRUST INC
0000930236,RWTS,REDWOOD TRUST INC
0000909112,TXEMF,TEMPLETON EMERGING MARKETS INCOME FUND
0000927971,BNKD,BANK OF MONTREAL /CAN/
0000927971,BNKU,BANK OF MONTREAL /CAN/
0000927971,BULZ,BANK OF MONTREAL /CAN/
0000927971,CARD,BANK OF MONTREAL /CAN/
0000927971,CARU,BANK OF MONTREAL /CAN/
0000927971,AIQU,BANK OF MONTREAL /CAN/
0000927971,AIQD,BANK OF MONTREAL /CAN/
0000927971,JETU,BANK OF MONTREAL /CAN/
0000927971,JETD,BANK OF MONTREAL /CAN/
0000927971,WTID,BANK OF MONTREAL /CAN/
0000927971,WTIU,BANK OF MONTREAL /CAN/
0000927971,OILU,BANK OF MONTREAL /CAN/
0000927971,SHNY,BANK OF MONTREAL /CAN/
0000927971,GDXU,BANK OF MONTREAL /CAN/
0000927971,NRGD,BANK OF MONTREAL /CAN/
0000927971,NRGU,BANK OF MONTREAL /CAN/
0000927971,OILD,BANK OF MONTREAL /CAN/
0000947484,ACGLN,ARCH CAPITAL GROUP LTD.
0000947484,ACGLO,ARCH CAPITAL GROUP LTD.
0000927971,BERZ,BANK OF MONTREAL /CAN/
0000930236,RWT-PA,REDWOOD TRUST INC
0000930236,RWTN,REDWOOD TRUST INC
0000927628,COF-PI,CAPITAL ONE FINANCIAL CORP
0000927628,COF-PJ,CAPITAL ONE FINANCIAL CORP
0000927628,COF-PK,CAPITAL ONE FINANCIAL CORP
0000927628,COF-PL,CAPITAL ONE FINANCIAL CORP
0000927628,COF-PN,CAPITAL ONE FINANCIAL CORP
0001026214,FMCKK,FEDERAL HOME LOAN MORTGAGE CORP
0001026214,FREJP,FEDERAL HOME LOAN MORTGAGE CORP
0001026214,FMCKI,FEDERAL HOME LOAN MORTGAGE CORP
0001026214,FMCCT,FEDERAL HOME LOAN MORTGAGE CORP
0001026214,FMCCI,FEDERAL HOME LOAN MORTGAGE CORP
0001091326,BIOM,"SB Technology Holdings, Inc."
0001130166,BGMSP,"Bio Green Med Solution, Inc."
0001050446,STRF,Strategy Inc
0001050446,STRK,Strategy Inc
0001045609,PLDGP,"Prologis, Inc."
0001050446,STRD,Strategy Inc
0001043219,NLY-PF,ANNALY CAPITAL MANAGEMENT INC
0001043219,NLY-PG,ANNALY CAPITAL MANAGEMENT INC
0001043219,NLY-PI,ANNALY CAPITAL MANAGEMENT INC
0001043219,NLY-PJ,ANNALY CAPITAL MANAGEMENT INC
0001084267,MOBQW,"Mobiquity Technologies, Inc."
0001174511,AEBMF,ANADOLU EFES BIRACILIK VE MALT SANAYI A S/ADR
0001224608,CNO-PA,"CNO Financial Group, Inc."
0001254699,QVCCQ,QVC INC
0001254699,QVCDQ,QVC INC
0001259429,OXSQH,Oxford Square Capital Corp.
0001232582,AHT-PD,ASHFORD HOSPITALITY TRUST INC
0001232582,AHT-PF,ASHFORD HOSPITALITY TRUST INC
0001232582,AHT-PG,ASHFORD HOSPITALITY TRUST INC
0001232582,AHT-PH,ASHFORD HOSPITALITY TRUST INC
0001232582,AHT-PI,ASHFORD HOSPITALITY TRUST INC
0001259429,OXSQG,Oxford Square Capital Corp.
0000012927,BA-PA,BOEING CO
0000040417,GAM-PB,GENERAL AMERICAN INVESTORS CO INC
0000039263,CFR-PB,"CULLEN/FROST BANKERS, INC."
0000028917,DDT,"DILLARD'S, INC."
0000707179,ONBPO,OLD NATIONAL BANCORP /IN/
0000707179,ONBPP,OLD NATIONAL BANCORP /IN/
0000748592,ERNAW,Ernexa Therapeutics Inc.
0000203596,WSBCO,WESBANCO INC
0000088948,SENEM,Seneca Foods Corp
0000088948,SENEL,Seneca Foods Corp
0000072971,WFC-PD,WELLS FARGO & COMPANY/MN
0000072971,WFC-PZ,WELLS FARGO & COMPANY/MN
0000072971,WFCNP,WELLS FARGO & COMPANY/MN
0000072971,WFC-PA,WELLS FARGO & COMPANY/MN
0000066570,MNESP,MSA Safety Inc
0000014930,BC-PC,BRUNSWICK CORP
0000034903,FRT-PC,FEDERAL REALTY INVESTMENT TRUST
0000036104,USB-PQ,US BANCORP DE
0000036104,USB-PR,US BANCORP DE
0000036104,USB-PS,US BANCORP DE
0000860748,KMPB,KEMPER Corp
0000310522,FNMAJ,FEDERAL NATIONAL MORTGAGE ASSOCIATION FANNIE MAE
0000310522,FNMAP,FEDERAL NATIONAL MORTGAGE ASSOCIATION FANNIE MAE
0000310522,FNMAS,FEDERAL NATIONAL MORTGAGE ASSOCIATION FANNIE MAE
0000310522,FNMAH,FEDERAL NATIONAL MORTGAGE ASSOCIATION FANNIE MAE
0000320335,GL-PD,GLOBE LIFE INC.
0000316709,SCHW-PD,SCHWAB CHARLES CORP
0000316709,SCHW-PJ,SCHWAB CHARLES CORP
0000092108,SOCGM,SOUTHERN CALIFORNIA GAS CO
0000092108,SOCGP,SOUTHERN CALIFORNIA GAS CO
0000073124,NTRSO,NORTHERN TRUST CORP
0000072573,MOVAA,MOVADO GROUP INC
0000066004,MSEXP,MIDDLESEX WATER CO
0000725394,DHTI,"Dalrada Technology Group, Inc."
0000763901,BPOPM,"POPULAR, INC."
0000719245,WBKCY,WESTPAC BANKING CORP
0000801337,WBS-PG,WEBSTER FINANCIAL CORP
0000814052,TELFY,TELEFONICA S A
0000794685,GAB-PG,GABELLI EQUITY TRUST INC
0000794685,GAB-PH,GABELLI EQUITY TRUST INC
0000794685,GAB-PK,GABELLI EQUITY TRUST INC
0000811156,CMSC,CMS ENERGY CORP
0000811156,CMSD,CMS ENERGY CORP
0000811156,CMS-PC,CMS ENERGY CORP
0000102752,VSECU,VSE CORP
0000098222,TDDWW,TIDEWATER INC
0000098222,TDGMW,TIDEWATER INC
0000230557,SIGIP,SELECTIVE INSURANCE GROUP INC
0000314489,BUSEP,FIRST BUSEY CORP /NV/
0000013372,NSARO,NSTAR ELECTRIC CO
0000013372,NSARP,NSTAR ELECTRIC CO
0000886128,FCELB,FUELCELL ENERGY INC
0000850918,GRWFF,GREAT-WEST LIFECO INC.
0000850918,GRWLF,GREAT-WEST LIFECO INC.
0000850918,GRWTF,GREAT-WEST LIFECO INC.
0000845877,AGM-PD,FEDERAL AGRICULTURAL MORTGAGE CORP
0000845877,AGM-PE,FEDERAL AGRICULTURAL MORTGAGE CORP
0000845877,AGM-PF,FEDERAL AGRICULTURAL MORTGAGE CORP
0000845877,AGM-PG,FEDERAL AGRICULTURAL MORTGAGE CORP
0000845877,AGM-PH,FEDERAL AGRICULTURAL MORTGAGE CORP
0000845877,AGM-PI,FEDERAL AGRICULTURAL MORTGAGE CORP
0000826675,DX-PC,DYNEX CAPITAL INC
0000827054,MCHPP,MICROCHIP TECHNOLOGY INC
0000886982,GSCE,GOLDMAN SACHS GROUP INC
0000886982,GS-PA,GOLDMAN SACHS GROUP INC
0000886982,GS-PC,GOLDMAN SACHS GROUP INC
0000886982,GS-PD,GOLDMAN SACHS GROUP INC
0000879101,KIM-PL,KIMCO REALTY CORP
0000879101,KIM-PM,KIMCO REALTY CORP
0000850918,GWLPF,GREAT-WEST LIFECO INC.
0000876779,RMTHF,MAGIC SOFTWARE ENTERPRISES LTD
0000879101,KIM-PN,KIMCO REALTY CORP
0000720762,NIMUD,NON INVASIVE MONITORING SYSTEMS INC /FL/
0000718940,BCEFF,BCE INC
0000718940,BCEPF,BCE INC
0000718940,BCEXF,BCE INC
0000718940,BCAEF,BCE INC
0000718940,BCENF,BCE INC
0000718940,BCEIF,BCE INC
0000718940,BCPPF,BCE INC
0000714310,VLYPN,VALLEY NATIONAL BANCORP
0000793040,ECF-PA,ELLSWORTH GROWTH & INCOME FUND LTD
0000790500,ABAKF,"ABRDN ASIA-PACIFIC INCOME FUND, INC."
0000769594,NPPXF,NIPPON TELEGRAPH & TELEPHONE CORP
0000095666,SRGBF,SURUGA BANK LTD/ADR/
0000101382,UMBFO,UMB FINANCIAL CORP
0000793742,HACBF,HACHIJUNI BANK LTD
0000732717,T-PA,AT&T INC.
0000732717,T-PC,AT&T INC.
0000736772,CCNEP,CNB FINANCIAL CORP/PA
0000018654,AILIO,Ameren Illinois Co
0000018654,AILIP,Ameren Illinois Co
0000036270,MTB-PL,M&T BANK CORP
0000036270,MTB-PK,M&T BANK CORP
0000036270,MTB-PJ,M&T BANK CORP
0000036270,MTB-PH,M&T BANK CORP
0000092122,SOJD,SOUTHERN CO
0000092122,SOJF,SOUTHERN CO
0000092122,SOJE,SOUTHERN CO
0000092122,SOMN,SOUTHERN CO
0000057083,KYOAY,KYOCERA CORP
0000068622,CTGG,QWEST CORP
0000068622,CTHH,QWEST CORP
0000720672,SF-PC,STIFEL FINANCIAL CORP
0000720672,SFB,STIFEL FINANCIAL CORP
0000720672,SF-PD,STIFEL FINANCIAL CORP
0000727273,CDZIP,CADIZ INC
0000313807,BPPFF,BP PLC
0000070858,BAC-PL,BANK OF AMERICA CORP /DE/
0000070858,MER-PK,BANK OF AMERICA CORP /DE/
0000070858,BACRP,BANK OF AMERICA CORP /DE/
0000070858,BML-PH,BANK OF AMERICA CORP /DE/
0000070858,BML-PJ,BANK OF AMERICA CORP /DE/
0000070858,BAC-PE,BANK OF AMERICA CORP /DE/
0000070858,BAC-PM,BANK OF AMERICA CORP /DE/
0000070858,BAC-PN,BANK OF AMERICA CORP /DE/
0000070858,BAC-PO,BANK OF AMERICA CORP /DE/
0000070858,BAC-PP,BANK OF AMERICA CORP /DE/
0000070858,BAC-PQ,BANK OF AMERICA CORP /DE/
0000070858,BAC-PS,BANK OF AMERICA CORP /DE/
0000078814,PBI-PB,PITNEY BOWES INC /DE/
0000099070,TCPA,TRANSCANADA PIPELINES LTD
0000036966,FHN-PE,FIRST HORIZON CORP
0000036966,FHN-PF,FIRST HORIZON CORP
0000036966,FHN-PH,FIRST HORIZON CORP
0000014272,CELG-RI,BRISTOL MYERS SQUIBB CO
0000874766,HIG-PG,"HARTFORD INSURANCE GROUP, INC."
0002102713,KCAC-WT,Kensington Capital Acquisition Corp. VI
0002104260,WENC-UN,West Enclave Merger Corp.
0002104260,WENC-RI,West Enclave Merger Corp.
0002109876,MCAHR,Mountain Crest Acquisition 6 Corp.
0002109876,MCAHU,Mountain Crest Acquisition 6 Corp.
0002127860,DTREF,DATELINE RESOURCES LTD/ADR
0002123471,CCCTU,Columbus Circle Capital Corp III
0002123471,CCCTW,Columbus Circle Capital Corp III
0002120422,PFSEF,Pfisterer Holdings SE/ADR
0002130386,YICCW,Yorkville International Capital Corp.
0002130386,YICCU,Yorkville International Capital Corp.
0002141099,RGAKF,Rigaku Holdings Corporation/ADR
0002097376,MZYX-UN,MOZAYYX Acquisition Corp.
0002095161,DBCAU,D. Boral Acquisition I Corp.
0002095161,DBCAW,D. Boral Acquisition I Corp.
0002102713,KCA-UN,Kensington Capital Acquisition Corp. VI
0002098712,GIXXU,GigCapital9 Corp.
0002098712,GIXXR,GigCapital9 Corp.
0002098780,TRGSU,TRG Latin America Acquisitions Corp.
0002098780,TRGSR,TRG Latin America Acquisitions Corp.
0002098242,SVIVU,Spring Valley Acquisition Corp. IV
0002098242,SVIVW,Spring Valley Acquisition Corp. IV
0002097376,MZYX-WT,MOZAYYX Acquisition Corp.
0002098669,UAC-UN,United Acquisition Corp. I
0002098669,UAC-WT,United Acquisition Corp. I
0002122392,PLCIU,Pelican Acquisition II Corp
0002131350,BRTMU,B&R Technology Merger Corp.
0002123969,RREVU,RRE Ventures Acquisition Corp.
0002123969,RREVW,RRE Ventures Acquisition Corp.
0002116230,NCOOR,Southern Cross Acquisition I Corp.
0002116230,NCOOW,Southern Cross Acquisition I Corp.
0002116230,NCOOU,Southern Cross Acquisition I Corp.
0002102041,IPFXW,Inflection Point Acquisition Corp. VI
0002102041,IPFXU,Inflection Point Acquisition Corp. VI
0002106436,MRCOU,Mercator Acquisition Corp.
0002099767,NHIVU,NewHold Investment Corp IV
0002099767,NHIVW,NewHold Investment Corp IV
0002100603,MTPLF,Metaplanet Inc.
0002094687,CRYAF,"Chery Automobile Co., Ltd./ADR"
0002089509,JELLF,JEOL LTD/ADR
0002091028,MTMCF,Metallium Limited/ADR
0002083125,FTW-WT,PRESIDIO PRODUCTION Co
0002144751,CPTKF,Capital Tankers Corp./ADR
0002142762,ORGJF,Organo Corporation/ADR
0002084261,URSB,"URSB Bancorp, Inc."
0002083910,ARCIU,Archimedes Tech SPAC Partners III Co.
0002083910,ARCIW,Archimedes Tech SPAC Partners III Co.
0002083493,XCBEU,X3 Acquisition Corp. Ltd.
0002083493,XCBEW,X3 Acquisition Corp. Ltd.
0002086869,RLMLF,RESOLUTION MINERALS LTD/ADR
0002087450,LEGO-UN,Legato Merger Corp. IV
0002087450,LEGO-WT,Legato Merger Corp. IV
0002087852,SBKLF,Sumitomo Bakelite Co Limited/ADR
0002088103,XFLH-RI,XFLH Capital Corp
0002088103,XFLH-UN,XFLH Capital Corp
0002088256,HQWWW,Horizon Quantum Holdings Ltd.
0002088339,OBIBF,"OBIC Business Consultants Co., Ltd./ADR"
0002088805,CMIIU,Columbus Circle Capital Corp II
0002088805,CMIIW,Columbus Circle Capital Corp II
0002088807,XSLLU,Xsolla SPAC 1
0002088807,XSLLW,Xsolla SPAC 1
0002100704,EWAVU,East West Ave Acquisition Corp.
0002107724,MTAL-UN,Metals Acquisition Corp. II
0002107724,MTAL-WT,Metals Acquisition Corp. II
0002107960,SWCPF,SWCC Corp/ADR
0002097364,TMTSU,Spartacus Acquisition Corp. II
0002097364,TMTSW,Spartacus Acquisition Corp. II
0002111453,VUECF,Verdera Energy Corp.
0002108124,ODERF,"Odakyu Electric Railway Co., Ltd./ADR"
0002108962,GCGRW,General Catalyst Global Resilience Merger Corp.
0002108962,GCGRU,General Catalyst Global Resilience Merger Corp.
0002127861,ELSSF,ELIS S.A./ADR
0002109545,KATJF,Knowledge Atlas Technology Joint Stock Co Limited/ADR
0002114227,CXIIW,Churchill Capital Corp XII
0002114227,CXIIU,Churchill Capital Corp XII
0002128045,BCCQW,Bleichroeder Acquisition Corp. III
0002128045,BCCQU,Bleichroeder Acquisition Corp. III
0002138373,CGPCF,Carabao Group Public Co Limited/ADR
0002126043,CGCFU,Cartesian Growth Corp IV
0002128115,AAC-UN,Ares Acquisition Corp III
0002093654,ZJNGF,Zijin Gold International Co Limited/ADR
0002093667,MAWAF,"Maruwa Co., Ltd./ADR"
0002093484,MUZEW,Muzero Acquisition Corp
0002093484,MUZEU,Muzero Acquisition Corp
0002091712,RFAMR,RF Acquisition Corp III
0002091712,RFAMU,RF Acquisition Corp III
0002092248,NGSCF,"Nagase & Co., Ltd./ADR"
0002087989,YSAG,Texas Precious Metals Trust
0002087989,YSAU,Texas Precious Metals Trust
0002088325,OIMAW,OneIM Acquisition Corp.
0002088325,OIMAU,OneIM Acquisition Corp.
0002083452,SAGU-UN,Shreya Acquisition Group
0002083452,SAGU-RI,Shreya Acquisition Group
0002083452,SAGU-WT,Shreya Acquisition Group
0002085485,TRAD-RI,APEX Tech Acquisition Inc.
0002085485,TRAD-UN,APEX Tech Acquisition Inc.
0002090231,MTLPF,Metlen Energy & Metals PLC/ADR
0002091176,IACOU,Idea Acquisition Corp.
0002091176,IACOW,Idea Acquisition Corp.
0002087087,BIII-WT,Black Spade Acquisition III Co
0002087087,BIII-UN,Black Spade Acquisition III Co
0002088827,HRIBF,"Horiba, Ltd./ADR"
0002093507,GLNDW,Greenland Energy Co
0002105139,ADIG-WI,ADI GLOBAL DISTRIBUTION INC.
0002101470,WLCOU,Wilco 63 Corp
0002110119,AMACU,AMR Resources Acquisition Corp.
0002114229,XIIIU,Churchill Capital Corp XIII
0002095443,BREZR,Breeze Acquisition Corp. II
0002093907,RNKGF,RENK Group AG/ADR
0002094073,CTAAU,Clearthink 1 Acquisition Corp.
0002094073,CTAAR,Clearthink 1 Acquisition Corp.
0002101393,APMCU,AmperCap Acquisition Co
0002101393,APMCR,AmperCap Acquisition Co
0002100125,CAQUU,Cambridge Acquisition Corp.
0002100125,CAQUW,Cambridge Acquisition Corp.
0002099232,FMACU,Future Money Acquisition Corp
0002099232,FMACR,Future Money Acquisition Corp
0002094691,OBCKF,Ottobock SE & Co. KGaA/ADR
0002091585,LKYRF,Locksley Resources Limited/ADR
0002089488,SVNHF,SUNEVISION HOLDINGS/ADR
0002091024,CLBR-UN,Colombier Acquisition Corp. III
0002091024,CLBR-WT,Colombier Acquisition Corp. III
0002085208,DUTBF,Duality Biotherapeutics Inc/ADR
0002085408,GPACU,General Purpose Acquisition Corp.
0002085408,GPACW,General Purpose Acquisition Corp.
0002087446,PAACU,Proem Acquisition Corp. I
0002087446,PAACW,Proem Acquisition Corp. I
0002084563,LFACU,Leapfrog Acquisition Corp
0002084563,LFACW,Leapfrog Acquisition Corp
0002083002,ADACU,American Drive Acquisition Co
0002083002,ADACW,American Drive Acquisition Co
0002081532,BLRKW,Bluerock Acquisition Corp.
0002081532,BLRKU,Bluerock Acquisition Corp.
0002081909,SBXE-WT,SilverBox Corp V
0002073928,MBVIW,M3-Brigade Acquisition VI Corp.
0002073928,MBVIU,M3-Brigade Acquisition VI Corp.
0002076427,LATAU,Galata Acquisition Corp. II
0002076427,LATAW,Galata Acquisition Corp. II
0002081909,SBXE-UN,SilverBox Corp V
0002082141,AVVOF,Avio S.p.A./ADR
0002083143,SCPQW,Social Commerce Partners Corp
0002083143,SCPQU,Social Commerce Partners Corp
0002071913,GBNXF,Gibson Energy Inc/ADR
0002071881,TRMLF,Tourmaline Oil Corp/ADR
0002072188,BIOTW,INSTINCT BIO TECHNICAL CO HOLDINGS INC.
0002073553,AIIA-RI,AI Infrastructure Acquisition Corp.
0002073553,AIIA-UN,AI Infrastructure Acquisition Corp.
0002065661,PLUN-UN,Plutonian Acquisition Corp. II
0002065661,PLUN-RI,Plutonian Acquisition Corp. II
0002121703,FXACW,FortuneX Acquisition Corp
0002121703,FXACU,FortuneX Acquisition Corp
0002116105,FWACR,Futurewave Acquisition Corp
0002116105,FWACU,Futurewave Acquisition Corp
0002116105,FWACW,Futurewave Acquisition Corp
0002108185,YMATF,Azbil Corporation/ADR
0002111762,GSRVR,GSR V Acquisition Corp.
0002111762,GSRVU,GSR V Acquisition Corp.
0002134539,ITHLF,Ithaca Energy PLC/ADR
0002133136,MTAKU,Market Technology Acquisition Corp
0002136530,MIACU,Meridian3 Industrials Acquisition Corp
0002097288,BHAVU,BHAV Acquisition Corp
0002097288,BHAVR,BHAV Acquisition Corp
0002129659,FDMMU,Freedom Metals Acquisition Corp.
0002129056,JONEU,Jones Ventures INTL Acquisition1 Corp
0002123475,ISNRU,Snow Rothschild Acquisition Corp.
0002123475,ISNRW,Snow Rothschild Acquisition Corp.
0002128739,JABRU,JAB Acquisition Corp I
0002127839,BELGF,Bellevue Gold Ltd./ADR
0002127653,ATALF,American Tungsten & Antimony Ltd
0002113481,OSPRU,Osprey Acquisition Corp. III
0002122505,IACQW,Irenic Acquisition Corp.
0002122505,IACQU,Irenic Acquisition Corp.
0002115404,CAIIU,Collective Acquisition Corp. II
0002115404,CAIIW,Collective Acquisition Corp. II
0002109556,MNMXF,Minimax Group Inc./ADR
0002098324,SWBGF,Shawbrook Group plc/ADR
0002106126,EURBF,Eurobank SA/ADR
0002111542,ACGCU,ACP Holdings Acquisition Corp.
0002111542,ACGCW,ACP Holdings Acquisition Corp.
0002109666,EXOSF,Exosens SAS/ADR
0002111038,DGAC-UN,DISCIPLINED GROWTH ACQUISITION Corp
0002111038,DGAC-RI,DISCIPLINED GROWTH ACQUISITION Corp
0002113060,IQMXW,IQM Quantum Computers Oyj
0002109234,BLHWF,BELIMO Holding AG/ADR
0002108180,NOFCF,NOF Corporation/ADR
0002104879,SHOTR,RMG ML Sports Holdings
0002104879,SHOTU,RMG ML Sports Holdings
0002102771,KEYYW,Keystone Acquisition Corp.
0002102771,KEYYU,Keystone Acquisition Corp.
0002101135,ILLUU,Illumination Acquisition Corp. I
0002101135,ILLUW,Illumination Acquisition Corp. I
0002099906,AACOU,Abony Acquisition Corp. I
0002099906,AACOW,Abony Acquisition Corp. I
0002096755,TVIVU,Texas Ventures Acquisition IV Corp
0002096755,TVIVW,Texas Ventures Acquisition IV Corp
0002099095,PTACU,Patriot Acquisition Corp./CI
0002099095,PTACW,Patriot Acquisition Corp./CI
0002104391,CATLU,Catalyst Acquisition Corp.
0002105274,IPVVW,"InterPrivate Investment Partners V, Inc."
0002105274,IPVVU,"InterPrivate Investment Partners V, Inc."
0002098425,BGTCF,"Beijing Geekplus Technology Co., Ltd./ADR"
0002098707,BRKHU,Burtech Acquisition Corp II
0002098707,BRKHW,Burtech Acquisition Corp II
0002099093,HCICR,Hennessy Capital Investment Corp. VIII
0002099093,HCICU,Hennessy Capital Investment Corp. VIII
0002095096,ENRDW,Einride AB
0002139246,VII-WT,Viking Acquisition Corp. II
0002139246,VII-UN,Viking Acquisition Corp. II
0002123531,ERBGF,Eastroc Beverage Group Co. Ltd/ADR
0002114521,CSBA,CSB Financial Inc.
0002125567,SAMO-UN,Samos Energy Acquisition Corp
0002131812,OPPPF,Open House Group Co. Ltd/ADR
0002080215,USDEW,StableCoinX Inc.
0002080985,ITHAU,ITHAX Acquisition Corp III
0002080985,ITHAW,ITHAX Acquisition Corp III
0002081300,SSACU,SPACSphere Acquisition Corp.
0002081300,SSACR,SPACSphere Acquisition Corp.
0002081300,SSACW,SPACSphere Acquisition Corp.
0002081536,WPAC-RI,White Pearl Acquisition Corp.
0002081536,WPAC-UN,White Pearl Acquisition Corp.
0002082119,KRAQW,KRAKacquisition Corp
0002082119,KRAQU,KRAKacquisition Corp
0002081468,MESHU,Meshflow Acquisition Corp
0002081468,MESHW,Meshflow Acquisition Corp
0002068385,SHAZW,SharonAI Holdings Inc.
0002074850,GFUZW,General Fusion Group Ltd.
0002079013,HCACR,Hall Chadwick Acquisition Corp
0002076739,SCIIU,SC II Acquisition Corp.
0002076739,SCIIR,SC II Acquisition Corp.
0002041493,ALUB-WT,Alussa Energy Acquisition Corp. II
0002041493,ALUB-UN,Alussa Energy Acquisition Corp. II
0002044635,GSHRU,Gesher Acquisition Corp. II
0002044635,GSHRW,Gesher Acquisition Corp. II
0002043699,NHICU,NewHold Investment Corp. III
0002043699,NHICW,NewHold Investment Corp. III
0002038166,NKTP,"Nok Therapeutics, Inc."
0002053927,WTGUU,Wintergreen Acquisition Corp.
0002053927,WTGUR,Wintergreen Acquisition Corp.
0002056016,RDSC,Radiant Strategies Corp
0002051587,BSAAR,BEST SPAC I Acquisition Corp.
0002051587,BSAAU,BEST SPAC I Acquisition Corp.
0002095297,KPET-UN,KPET Ultra Paceline Corp
0002095297,KPET-WT,KPET Ultra Paceline Corp
0002092258,AWTRF,Air Water Inc./ADR
0002093912,PTORU,Praetorian Acquisition Corp.
0002093912,PTORW,Praetorian Acquisition Corp.
0002089982,HACQW,HCM IV Acquisition Corp.
0002089982,HACQU,HCM IV Acquisition Corp.
0002091222,SAAQW,Space Asset Acquisition Corp.
0002091222,SAAQU,Space Asset Acquisition Corp.
0002089499,GLVHF,GLENVEAGH PROPERTIES PLC/ADR
0002040475,DMIIR,Drugs Made In America Acquisition II Corp.
0002040475,DMIIU,Drugs Made In America Acquisition II Corp.
0002042460,HAVAU,Harvard Ave Acquisition Corp
0002042460,HAVAR,Harvard Ave Acquisition Corp
0002043630,APACU,StoneBridge Acquisition II Corp
0002043630,APACR,StoneBridge Acquisition II Corp
0002043766,GTERW,Globa Terra Acquisition Corp
0002043766,GTERU,Globa Terra Acquisition Corp
0002043766,GTERR,Globa Terra Acquisition Corp
0002044817,MTNE-WT,CH4 Natural Solutions Corp
0002044817,MTNE-UN,CH4 Natural Solutions Corp
0002048948,NPACW,New Providence Acquisition Corp. III/Cayman
0002048948,NPACU,New Providence Acquisition Corp. III/Cayman
0002049248,LCCCR,Lakeshore Acquisition III Corp.
0002051820,MLCIL,Mount Logan Capital Inc.
0002053843,YSHLF,Yangzijiang Shipbuilding Holdings Ltd/ADR
0002049248,LCCCU,Lakeshore Acquisition III Corp.
0002050501,BLUWU,Blue Water Acquisition Corp. III
0002050501,BLUWW,Blue Water Acquisition Corp. III
0002064658,MCGAW,Yorkville Acquisition Corp.
0002064658,MCGAU,Yorkville Acquisition Corp.
0002065660,DNACF,"DeNA Co., Ltd./ADR"
0002056634,PCAPW,ProCap Acquisition Corp
0002056634,PCAPU,ProCap Acquisition Corp
0002062803,IDPUF,IDP Education Ltd./ADR
0002060863,NGHLF,Nightingale Health Plc
0002075141,SRBEF,VusionGroup
0002075816,EMISR,Emmis Acquisition Corp.
0002074973,CCXIU,Churchill Capital Corp XI
0002074973,CCXIW,Churchill Capital Corp XI
0002074878,NWAX-WT,New America Acquisition I Corp.
0002074878,NWAX-UN,New America Acquisition I Corp.
0002073901,TNEYF,Tamarack Valley Energy Ltd./ADR
0002073669,HNSPF,Hansoh Pharmaceutical Group Co Limited/ADR
0002070602,HVMCU,Highview Merger Corp.
0002070602,HVMCW,Highview Merger Corp.
0002070829,CTATF,"Contemporary Amperex Technology Co., Limited/ADR"
0002075918,CSCCF,Capstone Copper Corp./ADR
0002076616,TDWDU,Tailwind 2.0 Acquisition Corp.
0002076616,TDWDR,Tailwind 2.0 Acquisition Corp.
0002077954,EVOXW,Evolution Global Acquisition Corp
0002077954,EVOXU,Evolution Global Acquisition Corp
0002079292,DYORW,Insight Digital Partners II
0002079292,DYORU,Insight Digital Partners II
0002080019,GIWWU,GigCapital8 Corp.
0002080019,GIWWR,GigCapital8 Corp.
0002080087,MYXXU,Maywood Acquisition Corp. 2
0002080087,MYXXW,Maywood Acquisition Corp. 2
0002080087,MYXXR,Maywood Acquisition Corp. 2
0002063816,INACU,Indigo Acquisition Corp.
0002063816,INACR,Indigo Acquisition Corp.
0002063675,LSHGF,Louis Hachette Group/ADR
0002064177,BPACU,Blueport Acquisition Ltd
0002064177,BPACR,Blueport Acquisition Ltd
0002067592,MKLYU,McKinley Acquisition Corp
0002067592,MKLYR,McKinley Acquisition Corp
0002065779,BCARW,D. Boral ARC Acquisition I Corp.
0002065779,BCARU,D. Boral ARC Acquisition I Corp.
0002070570,REECF,Reece Limited/ADR
0002091663,CNDHF,CONDUIT HOLDINGS LTD/ADR
0002052243,TWLVU,Twelve Seas Investment Co III/Cayman
0002053456,TGE-WT,Generation Essentials Group
0002052243,TWLVR,Twelve Seas Investment Co III/Cayman
0002053411,PCPPF,PC Partner Group Ltd/ADR
0002062807,MGHTF,Mercury NZ Ltd./ADR
0002057030,AXINU,Axiom Intelligence Acquisition Corp 1
0002057030,AXINR,Axiom Intelligence Acquisition Corp 1
0002058359,CRAQR,Cal Redwood Acquisition Corp.
0002058359,CRAQU,Cal Redwood Acquisition Corp.
0002047497,RAC-UN,Rithm Acquisition Corp.
0002047497,RAC-WT,Rithm Acquisition Corp.
0002090646,BRUNW,Boost Run Inc.
0002089174,PCCOF,Paltac Corporation/ADR
0002089506,TOETF,TOSEI CORP/ADR
0002087587,CSHRW,CoinShares PLC
0002087500,NHKGF,NHK Spring Co. Ltd/ADR
0002077242,STLJF,Stella-Jones Inc./ADR
0002079933,BEBE-UN,TGE Value Creative Solutions Corp
0002079933,BEBE-WT,TGE Value Creative Solutions Corp
0002085177,QRED-UN,QuasarEdge Acquisition Corp
0002085177,QRED-RI,QuasarEdge Acquisition Corp
0002085932,ETSS-UN,Energy Transition Special Opportunities
0002085932,ETSS-WT,Energy Transition Special Opportunities
0002086264,VHCPW,Vine Hill Capital Investment Corp. II
0002086264,VHCPU,Vine Hill Capital Investment Corp. II
0002073913,NNWWF,North West Co Inc./ADR
0002075068,IGACU,Invest Green Acquisition Corp
0002075068,IGACR,Invest Green Acquisition Corp
0002075336,YCY-UN,AA Mission Acquisition Corp. II
0002075336,YCY-WT,AA Mission Acquisition Corp. II
0002063685,PSBAF,PT Sumber Alfaria Trijaya Tbk/ADR
0002064355,BCSS-WT,Bain Capital GSS Investment Corp.
0002064355,BCSS-UN,Bain Capital GSS Investment Corp.
0002073515,ARCLR,ARC Group Acquisition I Corp.
0002073515,ARCLW,ARC Group Acquisition I Corp.
0002073515,ARCLU,ARC Group Acquisition I Corp.
0002073615,ELEEF,Element Fleet Management Corp./ADR
0002071911,CPWPF,Capital Power Corp/ADR
0002071911,CPRHF,Capital Power Corp/ADR
0002071911,CPXWF,Capital Power Corp/ADR
0002061379,LWACU,LightWave Acquisition Corp.
0002061379,LWACW,LightWave Acquisition Corp.
0002047455,QSEAR,Quartzsea Acquisition Corp
0002047455,QSEAU,Quartzsea Acquisition Corp
0002090452,FGIIW,FG Imperii Acquisition Corp.
0002090452,FGIIU,FG Imperii Acquisition Corp.
0002090787,OHACU,Oceanhawk Acquisition Corp.
0002090787,OHACR,Oceanhawk Acquisition Corp.
0002087843,GGPSF,Greatland Resources Limited/ADR
0002087844,MSOKF,Mitsui-Soko Holdings Co Limited/ADR
0002089283,NUCLW,Eagle Nuclear Energy Corp.
0002063417,MDDNF,Meridian Energy Ltd/ADR
0002064124,FGRS,"Figure Technology Solutions, Inc."
0002055879,VNMEW,Vendome Acquisition Corp I
0002055879,VNMEU,Vendome Acquisition Corp I
0002051985,IRHOR,Iron Horse Acquisition II Corp.
0002051985,IRHOU,Iron Horse Acquisition II Corp.
0002087361,MEVOU,M Evo Global Acquisition Corp II
0002087361,MEVOW,M Evo Global Acquisition Corp II
0002085236,AMVIF,AUMOVIO SE
0002083632,OCTLF,Octave Intelligence plc
0002083217,QADRW,QDRO Acquisition Corp.
0002083217,QADRU,QDRO Acquisition Corp.
0002080023,VACI-UN,Viking Acquisition Corp I
0002080023,VACI-WT,Viking Acquisition Corp I
0002076398,ZSINF,"Zhejiang Sanhua Intelligent Controls Co., Ltd./ADR"
0002074157,SVAUF,StorageVault Canada Inc./ADR
0002073972,LWSCF,Sienna Senior Living Inc./ADR
0002073340,TLNCU,Talon Capital Corp.
0002073340,TLNCW,Talon Capital Corp.
0002079106,LAFAU,LaFayette Acquisition Corp.
0002079106,LAFAR,LaFayette Acquisition Corp.
0002077033,MMTXU,Miluna Acquisition Corp
0002077033,MMTXW,Miluna Acquisition Corp
0002079706,MBGCF,"Mitsubishi Gas Chemical Company, Inc./ADR"
0002087856,AIKCF,Aica Kogyo Co Limited/ADR
0002086545,ARTCU,Art Technology Acquisition Corp.
0002086545,ARTCW,Art Technology Acquisition Corp.
0002092897,AACIU,Armada Acquisition Corp. III
0002092897,AACIW,Armada Acquisition Corp. III
0002086438,GHXIU,"Gores Holdings XI, Inc."
0002085659,SVAQU,Silicon Valley Acquisition Corp.
0002085659,SVAQW,Silicon Valley Acquisition Corp.
0002086263,SORNW,Soren Acquisition Corp.
0002086263,SORNU,Soren Acquisition Corp.
0002082876,FHFLF,Foshan Haitian Flavouring & Food Co Ltd./ADR
0002082526,AESPU,Aeon Acquisition I Corp.
0002082526,AESPR,Aeon Acquisition I Corp.
0002082526,AESPW,Aeon Acquisition I Corp.
0002082844,SAC-UN,Safeguard Acquisition Corp.
0002082844,SAC-WT,Safeguard Acquisition Corp.
0002081690,VECA-UN,Vernal Capital Acquisition Corp.
0002081690,VECA-RI,Vernal Capital Acquisition Corp.
0002081515,GUACU,Berto Acquisition Corp. II
0002081515,GUACW,Berto Acquisition Corp. II
0002081358,CRANU,Crane Harbor Acquisition Corp. II
0002081358,CRANR,Crane Harbor Acquisition Corp. II
0002068454,KOYNW,"CSLM Digital Asset Acquisition Corp III, Ltd"
0002068454,KOYNU,"CSLM Digital Asset Acquisition Corp III, Ltd"
0002066600,SCXBF,SCB X Public Co Ltd
0002065932,FLNCF,Freelancer Ltd
0002071912,PREKF,PrairieSky Royalty Ltd/ADR
0002072098,TMTNF,Toromont Industries Ltd./ADR
0002073620,PARXF,Parex Resources Inc./ADR
0002070887,CRACW,Crown Reserve Acquisition Corp. I
0002070887,CRACU,Crown Reserve Acquisition Corp. I
0002070887,CRACR,Crown Reserve Acquisition Corp. I
0002075349,TNDEF,Top End Energy Ltd/ADR
0002075474,GPTGF,GPT Group/ADR
0002076192,WSTNR,Westin Acquisition Corp
0002076192,WSTNU,Westin Acquisition Corp
0002077010,OTGAW,OTG Acquisition Corp. I
0002077010,OTGAU,OTG Acquisition Corp. I
0002077146,OBIIF,"OBIC Co., Ltd./ADR"
0002074059,WIPKF,Winpak Ltd./ADR
0002094201,DPCDF,DPC DASH LTD/ADR
0002094265,MLAAW,Mountain Lake Acquisition Corp. II
0002094265,MLAAU,Mountain Lake Acquisition Corp. II
0002094076,OTAI-UN,Starlink AI Acquisition Corp
0002094076,OTAI-RI,Starlink AI Acquisition Corp
0002094919,BIDWR,Tribeca Strategic Acquisition Corp.
0002094919,BIDWU,Tribeca Strategic Acquisition Corp.
0002097986,FTHAU,Forefront Tech Holdings Acquisition Corp
0002097986,FTHAW,Forefront Tech Holdings Acquisition Corp
0002101562,PALOW,PALOMA ACQUISITION CORP I
0002101562,PALOU,PALOMA ACQUISITION CORP I
0002102123,AACPW,Apogee Acquisition Corp
0002102123,AACPU,Apogee Acquisition Corp
0002102123,AACPR,Apogee Acquisition Corp
0002102155,QLEP-WT,Quantum Leap Acquisition Corp
0002105838,SUMAU,SUMA Acquisition Corp
0002104177,LTGRW,Long Table Growth Corp.
0002104177,LTGRU,Long Table Growth Corp.
0002108164,PONOU,"Pono Capital Four, Inc."
0002108164,PONOR,"Pono Capital Four, Inc."
0002105838,SUMAR,SUMA Acquisition Corp
0002107946,YMTKF,Yamato Kogyo Co. Ltd/ADR
0002107989,KELRF,Keisei Electric Railway Co. Ltd/ADR
0002124215,TKMSF,TKMS AG & CO. KGAA/ADR
0002120046,CVCCF,CVC Capital Partners plc/ADR
0002120882,HXSCL,SK hynix Inc.
0002131853,FTRA-WT,FutureCorp Space Acquisition 1
0002131853,FTRA-UN,FutureCorp Space Acquisition 1
0002125551,ALPXR,Alpex Acquisition Corp
0002125551,ALPXW,Alpex Acquisition Corp
0002125551,ALPXU,Alpex Acquisition Corp
0002127852,CSGNF,CSG N.V./ADR
0002137358,OSOPF,Osotspa Public Co Limited/ADR
0002127859,EULIF,EUROPEAN LITHIUM LTD/ADR
0002041918,LTMGF,Lottomatica Group S.p.A./ADR
0002046098,ALEGF,ALLEGRO.EU SA/ADR
0002043508,LKSPU,Lake Superior Acquisition Corp
0002043508,LKSPR,Lake Superior Acquisition Corp
0002057043,WENNU,WEN Acquisition Corp
0002048270,SMFRF,"Sumitomo Forestry Co., Ltd./ADR"
0002057043,WENNW,WEN Acquisition Corp
0002059033,FIGXW,FIGX Capital Acquisition Corp.
0002059033,FIGXU,FIGX Capital Acquisition Corp.
0002059165,SSEAR,STARRY SEA ACQUISITION CORP
0002059165,SSEAU,STARRY SEA ACQUISITION CORP
0002060337,JENA-UN,JENA ACQUISITION Corp II
0002060337,JENA-RI,JENA ACQUISITION Corp II
0002061473,PMTRU,Perimeter Acquisition Corp. I
0002061473,PMTRW,Perimeter Acquisition Corp. I
0002063413,SPHXF,SM Prime Holdings Inc./ADR
0002068440,LPUGF,Laopu Gold Co. Ltd./ADR
0002065485,JXADF,JX Advanced Metals Corporation/ADR
0002073655,TPZEF,Topaz Energy Corp./ADR
0002073638,FINGF,Finning International Inc./ADR
0002075310,BLZRU,Trailblazer Acquisition Corp.
0002075310,BLZRW,Trailblazer Acquisition Corp.
0002082847,BWIV-UN,Blue Water Acquisition Corp. IV
0002082847,BWIV-WT,Blue Water Acquisition Corp. IV
0002082866,PNFP-PC,"Pinnacle Financial Partners, Inc."
0002082866,PNFP-PA,"Pinnacle Financial Partners, Inc."
0002082866,PNFP-PB,"Pinnacle Financial Partners, Inc."
0002086524,KTWOR,K2 Capital Acquisition Corp
0002086524,KTWOU,K2 Capital Acquisition Corp
0002088295,BBCQU,Bleichroeder Acquisition Corp. II
0002088295,BBCQW,Bleichroeder Acquisition Corp. II
0002088749,KBONW,Karbon Capital Partners Corp.
0002088749,KBONU,Karbon Capital Partners Corp.
0002075877,BKPKF,Bank Pekao S.A./ADR
0002076163,BRRWW,"ProCap Financial, Inc."
0002078653,RNGTU,Range Capital Acquisition Corp II
0002078653,RNGTW,Range Capital Acquisition Corp II
0002077785,IRAB-UN,Iris Acquisition Corp II
0002077785,IRAB-WT,Iris Acquisition Corp II
0002079253,APXTU,Apex Treasury Corp
0002079253,APXTW,Apex Treasury Corp
0002081125,DNMXU,Dynamix Corp III
0002081125,DNMXW,Dynamix Corp III
