industry_id,industry,section,metric,benchmark_value,industry_value
advertising-and-marketing-1,advertising and marketing,performance,1 Month,0.55,-9.10
advertising-and-marketing-1,advertising and marketing,performance,3 Months,2.73,6.53
advertising-and-marketing-1,advertising and marketing,performance,YTD,12.91,-8.59
advertising-and-marketing-1,advertising and marketing,performance,1 Year,15.47,13.47
advertising-and-marketing-1,advertising and marketing,performance,3 Years,84.19,-8.16
advertising-and-marketing-1,advertising and marketing,performance,5 Years,84.39,-42.37
advertising-and-marketing-1,advertising and marketing,industry_earnings,PE (F1),17.13,8.89
advertising-and-marketing-1,advertising and marketing,industry_earnings,PEG (Ratio),1.73,1.09
advertising-and-marketing-1,advertising and marketing,industry_earnings,Proj EPS Growth,11.19%,23.55%
advertising-and-marketing-1,advertising and marketing,industry_earnings,Hist EPS Growth,7.03%,15.31%
advertising-and-marketing-1,advertising and marketing,industry_earnings,Net Margin,12.94%,-9.75%
advertising-and-marketing-1,advertising and marketing,industry_earnings,Hist Sales Growth,6.19%,-1.39%
advertising-and-marketing-1,advertising and marketing,industry_earnings,Hist Dividend Growth,3.80%,0.00%
advertising-and-marketing-1,advertising and marketing,financial_ratios,Beta,0.94,1.30
advertising-and-marketing-1,advertising and marketing,financial_ratios,ROE,17.83,-21.80
advertising-and-marketing-1,advertising and marketing,financial_ratios,ROA,7.54,-6.30
advertising-and-marketing-1,advertising and marketing,financial_ratios,ROI,11.97,-11.28
advertising-and-marketing-1,advertising and marketing,financial_ratios,Debt-to-Equity,0.56,0.04
advertising-and-marketing-1,advertising and marketing,financial_ratios,Current Ratio,1.19,1.09
advertising-and-marketing-1,advertising and marketing,financial_ratios,Cash Flow ($/share),"3,065.15",-0.32
advertising-and-marketing-1,advertising and marketing,financial_ratios,Price to Book,3.80,1.44
advertising-and-marketing-1,advertising and marketing,financial_ratios,Price To Sales,2.96,0.68
advertising-and-marketing-1,advertising and marketing,financial_ratios,Dividend Yield,1.44%,0.00%
aerospace-defense-2,aerospace defense,performance,1 Month,0.55,-7.64
aerospace-defense-2,aerospace defense,performance,3 Months,2.73,-11.10
aerospace-defense-2,aerospace defense,performance,YTD,12.91,-12.49
aerospace-defense-2,aerospace defense,performance,1 Year,15.47,-16.82
aerospace-defense-2,aerospace defense,performance,3 Years,84.19,24.73
aerospace-defense-2,aerospace defense,performance,5 Years,84.39,12.00
aerospace-defense-2,aerospace defense,industry_earnings,PE (F1),17.13,23.53
aerospace-defense-2,aerospace defense,industry_earnings,PEG (Ratio),1.73,1.64
aerospace-defense-2,aerospace defense,industry_earnings,Proj EPS Growth,11.19%,18.51%
aerospace-defense-2,aerospace defense,industry_earnings,Hist EPS Growth,7.03%,12.94%
aerospace-defense-2,aerospace defense,industry_earnings,Net Margin,12.94%,3.10%
aerospace-defense-2,aerospace defense,industry_earnings,Hist Sales Growth,6.19%,7.20%
aerospace-defense-2,aerospace defense,industry_earnings,Hist Dividend Growth,3.80%,0.00%
aerospace-defense-2,aerospace defense,financial_ratios,Beta,0.94,1.19
aerospace-defense-2,aerospace defense,financial_ratios,ROE,17.83,-9.36
aerospace-defense-2,aerospace defense,financial_ratios,ROA,7.54,-4.43
aerospace-defense-2,aerospace defense,financial_ratios,ROI,11.97,-4.06
aerospace-defense-2,aerospace defense,financial_ratios,Debt-to-Equity,0.56,0.08
aerospace-defense-2,aerospace defense,financial_ratios,Current Ratio,1.19,1.70
aerospace-defense-2,aerospace defense,financial_ratios,Cash Flow ($/share),"3,065.15",8.49
aerospace-defense-2,aerospace defense,financial_ratios,Price to Book,3.80,2.94
aerospace-defense-2,aerospace defense,financial_ratios,Price To Sales,2.96,2.01
aerospace-defense-2,aerospace defense,financial_ratios,Dividend Yield,1.44%,0.00%
aerospace-defense-equipment-3,aerospace defense equipment,performance,1 Month,0.55,-4.12
aerospace-defense-equipment-3,aerospace defense equipment,performance,3 Months,2.73,-20.51
aerospace-defense-equipment-3,aerospace defense equipment,performance,YTD,12.91,-8.49
aerospace-defense-equipment-3,aerospace defense equipment,performance,1 Year,15.47,-8.99
aerospace-defense-equipment-3,aerospace defense equipment,performance,3 Years,84.19,84.94
aerospace-defense-equipment-3,aerospace defense equipment,performance,5 Years,84.39,90.93
aerospace-defense-equipment-3,aerospace defense equipment,industry_earnings,PE (F1),17.13,33.53
aerospace-defense-equipment-3,aerospace defense equipment,industry_earnings,PEG (Ratio),1.73,2.03
aerospace-defense-equipment-3,aerospace defense equipment,industry_earnings,Proj EPS Growth,11.19%,19.13%
aerospace-defense-equipment-3,aerospace defense equipment,industry_earnings,Hist EPS Growth,7.03%,22.32%
aerospace-defense-equipment-3,aerospace defense equipment,industry_earnings,Net Margin,12.94%,7.91%
aerospace-defense-equipment-3,aerospace defense equipment,industry_earnings,Hist Sales Growth,6.19%,14.73%
aerospace-defense-equipment-3,aerospace defense equipment,industry_earnings,Hist Dividend Growth,3.80%,0.00%
aerospace-defense-equipment-3,aerospace defense equipment,financial_ratios,Beta,0.94,1.00
aerospace-defense-equipment-3,aerospace defense equipment,financial_ratios,ROE,17.83,12.66
aerospace-defense-equipment-3,aerospace defense equipment,financial_ratios,ROA,7.54,5.94
aerospace-defense-equipment-3,aerospace defense equipment,financial_ratios,ROI,11.97,9.79
aerospace-defense-equipment-3,aerospace defense equipment,financial_ratios,Debt-to-Equity,0.56,0.27
aerospace-defense-equipment-3,aerospace defense equipment,financial_ratios,Current Ratio,1.19,2.51
aerospace-defense-equipment-3,aerospace defense equipment,financial_ratios,Cash Flow ($/share),"3,065.15",207.59
aerospace-defense-equipment-3,aerospace defense equipment,financial_ratios,Price to Book,3.80,4.74
aerospace-defense-equipment-3,aerospace defense equipment,financial_ratios,Price To Sales,2.96,3.58
aerospace-defense-equipment-3,aerospace defense equipment,financial_ratios,Dividend Yield,1.44%,0.00%
agriculture-operations-4,agriculture operations,performance,1 Month,0.55,-48.82
agriculture-operations-4,agriculture operations,performance,3 Months,2.73,-45.52
agriculture-operations-4,agriculture operations,performance,YTD,12.91,-33.50
agriculture-operations-4,agriculture operations,performance,1 Year,15.47,-34.00
agriculture-operations-4,agriculture operations,performance,3 Years,84.19,-43.82
agriculture-operations-4,agriculture operations,performance,5 Years,84.39,-41.99
agriculture-operations-4,agriculture operations,industry_earnings,PE (F1),17.13,10.08
agriculture-operations-4,agriculture operations,industry_earnings,PEG (Ratio),1.73,1.39
agriculture-operations-4,agriculture operations,industry_earnings,Proj EPS Growth,11.19%,11.54%
agriculture-operations-4,agriculture operations,industry_earnings,Hist EPS Growth,7.03%,-11.89%
agriculture-operations-4,agriculture operations,industry_earnings,Net Margin,12.94%,0.12%
agriculture-operations-4,agriculture operations,industry_earnings,Hist Sales Growth,6.19%,-0.91%
agriculture-operations-4,agriculture operations,industry_earnings,Hist Dividend Growth,3.80%,0.00%
agriculture-operations-4,agriculture operations,financial_ratios,Beta,0.94,0.47
agriculture-operations-4,agriculture operations,financial_ratios,ROE,17.83,-0.38
agriculture-operations-4,agriculture operations,financial_ratios,ROA,7.54,-0.14
agriculture-operations-4,agriculture operations,financial_ratios,ROI,11.97,-0.21
agriculture-operations-4,agriculture operations,financial_ratios,Debt-to-Equity,0.56,0.35
agriculture-operations-4,agriculture operations,financial_ratios,Current Ratio,1.19,1.52
agriculture-operations-4,agriculture operations,financial_ratios,Cash Flow ($/share),"3,065.15",-2.18
agriculture-operations-4,agriculture operations,financial_ratios,Price to Book,3.80,0.70
agriculture-operations-4,agriculture operations,financial_ratios,Price To Sales,2.96,0.63
agriculture-operations-4,agriculture operations,financial_ratios,Dividend Yield,1.44%,0.00%
agriculture-products-275,agriculture products,performance,1 Month,0.55,-11.19
agriculture-products-275,agriculture products,performance,3 Months,2.73,-2.47
agriculture-products-275,agriculture products,performance,YTD,12.91,11.24
agriculture-products-275,agriculture products,performance,1 Year,15.47,5.54
agriculture-products-275,agriculture products,performance,3 Years,84.19,5.37
agriculture-products-275,agriculture products,performance,5 Years,84.39,17.47
agriculture-products-275,agriculture products,industry_earnings,PE (F1),17.13,13.73
agriculture-products-275,agriculture products,industry_earnings,PEG (Ratio),1.73,1.10
agriculture-products-275,agriculture products,industry_earnings,Proj EPS Growth,11.19%,28.40%
agriculture-products-275,agriculture products,industry_earnings,Hist EPS Growth,7.03%,3.47%
agriculture-products-275,agriculture products,industry_earnings,Net Margin,12.94%,1.36%
agriculture-products-275,agriculture products,industry_earnings,Hist Sales Growth,6.19%,0.40%
agriculture-products-275,agriculture products,industry_earnings,Hist Dividend Growth,3.80%,0.00%
agriculture-products-275,agriculture products,financial_ratios,Beta,0.94,0.73
agriculture-products-275,agriculture products,financial_ratios,ROE,17.83,7.09
agriculture-products-275,agriculture products,financial_ratios,ROA,7.54,2.66
agriculture-products-275,agriculture products,financial_ratios,ROI,11.97,4.17
agriculture-products-275,agriculture products,financial_ratios,Debt-to-Equity,0.56,0.00
agriculture-products-275,agriculture products,financial_ratios,Current Ratio,1.19,1.54
agriculture-products-275,agriculture products,financial_ratios,Cash Flow ($/share),"3,065.15",237.16
agriculture-products-275,agriculture products,financial_ratios,Price to Book,3.80,0.93
agriculture-products-275,agriculture products,financial_ratios,Price To Sales,2.96,0.45
agriculture-products-275,agriculture products,financial_ratios,Dividend Yield,1.44%,0.00%
alternative-energy-other-273,alternative energy other,performance,1 Month,0.55,-0.63
alternative-energy-other-273,alternative energy other,performance,3 Months,2.73,-10.25
alternative-energy-other-273,alternative energy other,performance,YTD,12.91,-0.75
alternative-energy-other-273,alternative energy other,performance,1 Year,15.47,-3.96
alternative-energy-other-273,alternative energy other,performance,3 Years,84.19,76.92
alternative-energy-other-273,alternative energy other,performance,5 Years,84.39,75.34
alternative-energy-other-273,alternative energy other,industry_earnings,PE (F1),17.13,17.21
alternative-energy-other-273,alternative energy other,industry_earnings,PEG (Ratio),1.73,1.92
alternative-energy-other-273,alternative energy other,industry_earnings,Proj EPS Growth,11.19%,24.94%
alternative-energy-other-273,alternative energy other,industry_earnings,Hist EPS Growth,7.03%,3.36%
alternative-energy-other-273,alternative energy other,industry_earnings,Net Margin,12.94%,2.94%
alternative-energy-other-273,alternative energy other,industry_earnings,Hist Sales Growth,6.19%,9.42%
alternative-energy-other-273,alternative energy other,industry_earnings,Hist Dividend Growth,3.80%,0.00%
alternative-energy-other-273,alternative energy other,financial_ratios,Beta,0.94,0.78
alternative-energy-other-273,alternative energy other,financial_ratios,ROE,17.83,2.24
alternative-energy-other-273,alternative energy other,financial_ratios,ROA,7.54,0.45
alternative-energy-other-273,alternative energy other,financial_ratios,ROI,11.97,0.65
alternative-energy-other-273,alternative energy other,financial_ratios,Debt-to-Equity,0.56,0.15
alternative-energy-other-273,alternative energy other,financial_ratios,Current Ratio,1.19,1.34
alternative-energy-other-273,alternative energy other,financial_ratios,Cash Flow ($/share),"3,065.15",0.32
alternative-energy-other-273,alternative energy other,financial_ratios,Price to Book,3.80,1.50
alternative-energy-other-273,alternative energy other,financial_ratios,Price To Sales,2.96,2.10
alternative-energy-other-273,alternative energy other,financial_ratios,Dividend Yield,1.44%,0.00%
auction-and-valuation-services-280,auction and valuation services,performance,1 Month,0.55,-12.43
auction-and-valuation-services-280,auction and valuation services,performance,3 Months,2.73,-2.44
auction-and-valuation-services-280,auction and valuation services,performance,YTD,12.91,-26.54
auction-and-valuation-services-280,auction and valuation services,performance,1 Year,15.47,-36.13
auction-and-valuation-services-280,auction and valuation services,performance,3 Years,84.19,-34.52
auction-and-valuation-services-280,auction and valuation services,performance,5 Years,84.39,-21.76
auction-and-valuation-services-280,auction and valuation services,industry_earnings,PE (F1),17.13,24.94
auction-and-valuation-services-280,auction and valuation services,industry_earnings,PEG (Ratio),1.73,2.25
auction-and-valuation-services-280,auction and valuation services,industry_earnings,Proj EPS Growth,11.19%,8.70%
auction-and-valuation-services-280,auction and valuation services,industry_earnings,Hist EPS Growth,7.03%,11.30%
auction-and-valuation-services-280,auction and valuation services,industry_earnings,Net Margin,12.94%,6.79%
auction-and-valuation-services-280,auction and valuation services,industry_earnings,Hist Sales Growth,6.19%,15.04%
auction-and-valuation-services-280,auction and valuation services,industry_earnings,Hist Dividend Growth,3.80%,0.00%
auction-and-valuation-services-280,auction and valuation services,financial_ratios,Beta,0.94,1.06
auction-and-valuation-services-280,auction and valuation services,financial_ratios,ROE,17.83,15.93
auction-and-valuation-services-280,auction and valuation services,financial_ratios,ROA,7.54,9.86
auction-and-valuation-services-280,auction and valuation services,financial_ratios,ROI,11.97,15.90
auction-and-valuation-services-280,auction and valuation services,financial_ratios,Debt-to-Equity,0.56,0.00
auction-and-valuation-services-280,auction and valuation services,financial_ratios,Current Ratio,1.19,1.58
auction-and-valuation-services-280,auction and valuation services,financial_ratios,Cash Flow ($/share),"3,065.15",73.59
auction-and-valuation-services-280,auction and valuation services,financial_ratios,Price to Book,3.80,4.53
auction-and-valuation-services-280,auction and valuation services,financial_ratios,Price To Sales,2.96,2.79
auction-and-valuation-services-280,auction and valuation services,financial_ratios,Dividend Yield,1.44%,0.00%
audio-video-production-6,audio video production,performance,1 Month,0.55,-5.00
audio-video-production-6,audio video production,performance,3 Months,2.73,16.29
audio-video-production-6,audio video production,performance,YTD,12.91,-8.45
audio-video-production-6,audio video production,performance,1 Year,15.47,-18.37
audio-video-production-6,audio video production,performance,3 Years,84.19,36.55
audio-video-production-6,audio video production,performance,5 Years,84.39,1.53
audio-video-production-6,audio video production,industry_earnings,PE (F1),17.13,15.39
audio-video-production-6,audio video production,industry_earnings,PEG (Ratio),1.73,1.70
audio-video-production-6,audio video production,industry_earnings,Proj EPS Growth,11.19%,-4.90%
audio-video-production-6,audio video production,industry_earnings,Hist EPS Growth,7.03%,-22.19%
audio-video-production-6,audio video production,industry_earnings,Net Margin,12.94%,-2.50%
audio-video-production-6,audio video production,industry_earnings,Hist Sales Growth,6.19%,-4.88%
audio-video-production-6,audio video production,industry_earnings,Hist Dividend Growth,3.80%,0.00%
audio-video-production-6,audio video production,financial_ratios,Beta,0.94,0.78
audio-video-production-6,audio video production,financial_ratios,ROE,17.83,11.08
audio-video-production-6,audio video production,financial_ratios,ROA,7.54,0.55
audio-video-production-6,audio video production,financial_ratios,ROI,11.97,3.50
audio-video-production-6,audio video production,financial_ratios,Debt-to-Equity,0.56,0.00
audio-video-production-6,audio video production,financial_ratios,Current Ratio,1.19,1.53
audio-video-production-6,audio video production,financial_ratios,Cash Flow ($/share),"3,065.15",-0.10
audio-video-production-6,audio video production,financial_ratios,Price to Book,3.80,1.33
audio-video-production-6,audio video production,financial_ratios,Price To Sales,2.96,1.43
audio-video-production-6,audio video production,financial_ratios,Dividend Yield,1.44%,0.00%
automotive-domestic-7,automotive domestic,performance,1 Month,0.55,-1.80
automotive-domestic-7,automotive domestic,performance,3 Months,2.73,-15.42
automotive-domestic-7,automotive domestic,performance,YTD,12.91,-17.09
automotive-domestic-7,automotive domestic,performance,1 Year,15.47,-12.05
automotive-domestic-7,automotive domestic,performance,3 Years,84.19,19.71
automotive-domestic-7,automotive domestic,performance,5 Years,84.39,4.30
automotive-domestic-7,automotive domestic,industry_earnings,PE (F1),17.13,15.63
automotive-domestic-7,automotive domestic,industry_earnings,PEG (Ratio),1.73,0.96
automotive-domestic-7,automotive domestic,industry_earnings,Proj EPS Growth,11.19%,17.89%
automotive-domestic-7,automotive domestic,industry_earnings,Hist EPS Growth,7.03%,1.52%
automotive-domestic-7,automotive domestic,industry_earnings,Net Margin,12.94%,-3.93%
automotive-domestic-7,automotive domestic,industry_earnings,Hist Sales Growth,6.19%,6.17%
automotive-domestic-7,automotive domestic,industry_earnings,Hist Dividend Growth,3.80%,0.00%
automotive-domestic-7,automotive domestic,financial_ratios,Beta,0.94,1.30
automotive-domestic-7,automotive domestic,financial_ratios,ROE,17.83,3.82
automotive-domestic-7,automotive domestic,financial_ratios,ROA,7.54,-0.07
automotive-domestic-7,automotive domestic,financial_ratios,ROI,11.97,2.24
automotive-domestic-7,automotive domestic,financial_ratios,Debt-to-Equity,0.56,0.30
automotive-domestic-7,automotive domestic,financial_ratios,Current Ratio,1.19,1.70
automotive-domestic-7,automotive domestic,financial_ratios,Cash Flow ($/share),"3,065.15",-8.60
automotive-domestic-7,automotive domestic,financial_ratios,Price to Book,3.80,1.37
automotive-domestic-7,automotive domestic,financial_ratios,Price To Sales,2.96,0.57
automotive-domestic-7,automotive domestic,financial_ratios,Dividend Yield,1.44%,0.00%
automotive-foreign-8,automotive foreign,performance,1 Month,0.55,-7.44
automotive-foreign-8,automotive foreign,performance,3 Months,2.73,3.13
automotive-foreign-8,automotive foreign,performance,YTD,12.91,-19.33
automotive-foreign-8,automotive foreign,performance,1 Year,15.47,-23.55
automotive-foreign-8,automotive foreign,performance,3 Years,84.19,-31.86
automotive-foreign-8,automotive foreign,performance,5 Years,84.39,-43.21
automotive-foreign-8,automotive foreign,industry_earnings,PE (F1),17.13,10.46
automotive-foreign-8,automotive foreign,industry_earnings,PEG (Ratio),1.73,0.83
automotive-foreign-8,automotive foreign,industry_earnings,Proj EPS Growth,11.19%,33.10%
automotive-foreign-8,automotive foreign,industry_earnings,Hist EPS Growth,7.03%,-3.82%
automotive-foreign-8,automotive foreign,industry_earnings,Net Margin,12.94%,2.06%
automotive-foreign-8,automotive foreign,industry_earnings,Hist Sales Growth,6.19%,4.57%
automotive-foreign-8,automotive foreign,industry_earnings,Hist Dividend Growth,3.80%,0.00%
automotive-foreign-8,automotive foreign,financial_ratios,Beta,0.94,0.70
automotive-foreign-8,automotive foreign,financial_ratios,ROE,17.83,5.10
automotive-foreign-8,automotive foreign,financial_ratios,ROA,7.54,1.52
automotive-foreign-8,automotive foreign,financial_ratios,ROI,11.97,2.74
automotive-foreign-8,automotive foreign,financial_ratios,Debt-to-Equity,0.56,0.40
automotive-foreign-8,automotive foreign,financial_ratios,Current Ratio,1.19,1.32
automotive-foreign-8,automotive foreign,financial_ratios,Cash Flow ($/share),"3,065.15","2,447.18"
automotive-foreign-8,automotive foreign,financial_ratios,Price to Book,3.80,0.64
automotive-foreign-8,automotive foreign,financial_ratios,Price To Sales,2.96,0.36
automotive-foreign-8,automotive foreign,financial_ratios,Dividend Yield,1.44%,0.00%
automotive-internal-combustion-engines-58,automotive internal combustion engines,performance,1 Month,0.55,-5.83
automotive-internal-combustion-engines-58,automotive internal combustion engines,performance,3 Months,2.73,-23.80
automotive-internal-combustion-engines-58,automotive internal combustion engines,performance,YTD,12.91,0.83
automotive-internal-combustion-engines-58,automotive internal combustion engines,performance,1 Year,15.47,19.15
automotive-internal-combustion-engines-58,automotive internal combustion engines,performance,3 Years,84.19,128.01
automotive-internal-combustion-engines-58,automotive internal combustion engines,performance,5 Years,84.39,127.95
automotive-internal-combustion-engines-58,automotive internal combustion engines,industry_earnings,PE (F1),17.13,17.36
automotive-internal-combustion-engines-58,automotive internal combustion engines,industry_earnings,PEG (Ratio),1.73,1.37
automotive-internal-combustion-engines-58,automotive internal combustion engines,industry_earnings,Proj EPS Growth,11.19%,25.21%
automotive-internal-combustion-engines-58,automotive internal combustion engines,industry_earnings,Hist EPS Growth,7.03%,44.94%
automotive-internal-combustion-engines-58,automotive internal combustion engines,industry_earnings,Net Margin,12.94%,8.93%
automotive-internal-combustion-engines-58,automotive internal combustion engines,industry_earnings,Hist Sales Growth,6.19%,8.96%
automotive-internal-combustion-engines-58,automotive internal combustion engines,industry_earnings,Hist Dividend Growth,3.80%,0.00%
automotive-internal-combustion-engines-58,automotive internal combustion engines,financial_ratios,Beta,0.94,2.01
automotive-internal-combustion-engines-58,automotive internal combustion engines,financial_ratios,ROE,17.83,31.51
automotive-internal-combustion-engines-58,automotive internal combustion engines,financial_ratios,ROA,7.54,12.73
automotive-internal-combustion-engines-58,automotive internal combustion engines,financial_ratios,ROI,11.97,20.99
automotive-internal-combustion-engines-58,automotive internal combustion engines,financial_ratios,Debt-to-Equity,0.56,0.42
automotive-internal-combustion-engines-58,automotive internal combustion engines,financial_ratios,Current Ratio,1.19,2.15
automotive-internal-combustion-engines-58,automotive internal combustion engines,financial_ratios,Cash Flow ($/share),"3,065.15","2,263.44"
automotive-internal-combustion-engines-58,automotive internal combustion engines,financial_ratios,Price to Book,3.80,5.14
automotive-internal-combustion-engines-58,automotive internal combustion engines,financial_ratios,Price To Sales,2.96,1.80
automotive-internal-combustion-engines-58,automotive internal combustion engines,financial_ratios,Dividend Yield,1.44%,0.00%
automotive-original-equipment-10,automotive original equipment,performance,1 Month,0.55,-5.15
automotive-original-equipment-10,automotive original equipment,performance,3 Months,2.73,-6.05
automotive-original-equipment-10,automotive original equipment,performance,YTD,12.91,-4.04
automotive-original-equipment-10,automotive original equipment,performance,1 Year,15.47,-19.50
automotive-original-equipment-10,automotive original equipment,performance,3 Years,84.19,29.17
automotive-original-equipment-10,automotive original equipment,performance,5 Years,84.39,-25.20
automotive-original-equipment-10,automotive original equipment,industry_earnings,PE (F1),17.13,11.57
automotive-original-equipment-10,automotive original equipment,industry_earnings,PEG (Ratio),1.73,0.74
automotive-original-equipment-10,automotive original equipment,industry_earnings,Proj EPS Growth,11.19%,15.44%
automotive-original-equipment-10,automotive original equipment,industry_earnings,Hist EPS Growth,7.03%,4.80%
automotive-original-equipment-10,automotive original equipment,industry_earnings,Net Margin,12.94%,1.46%
automotive-original-equipment-10,automotive original equipment,industry_earnings,Hist Sales Growth,6.19%,2.79%
automotive-original-equipment-10,automotive original equipment,industry_earnings,Hist Dividend Growth,3.80%,0.00%
automotive-original-equipment-10,automotive original equipment,financial_ratios,Beta,0.94,1.33
automotive-original-equipment-10,automotive original equipment,financial_ratios,ROE,17.83,4.07
automotive-original-equipment-10,automotive original equipment,financial_ratios,ROA,7.54,0.88
automotive-original-equipment-10,automotive original equipment,financial_ratios,ROI,11.97,3.22
automotive-original-equipment-10,automotive original equipment,financial_ratios,Debt-to-Equity,0.56,0.35
automotive-original-equipment-10,automotive original equipment,financial_ratios,Current Ratio,1.19,1.78
automotive-original-equipment-10,automotive original equipment,financial_ratios,Cash Flow ($/share),"3,065.15",51.50
automotive-original-equipment-10,automotive original equipment,financial_ratios,Price to Book,3.80,1.41
automotive-original-equipment-10,automotive original equipment,financial_ratios,Price To Sales,2.96,0.65
automotive-original-equipment-10,automotive original equipment,financial_ratios,Dividend Yield,1.44%,0.00%
automotive-replacement-parts-11,automotive replacement parts,performance,1 Month,0.55,-9.52
automotive-replacement-parts-11,automotive replacement parts,performance,3 Months,2.73,-13.67
automotive-replacement-parts-11,automotive replacement parts,performance,YTD,12.91,-14.67
automotive-replacement-parts-11,automotive replacement parts,performance,1 Year,15.47,-23.99
automotive-replacement-parts-11,automotive replacement parts,performance,3 Years,84.19,-34.80
automotive-replacement-parts-11,automotive replacement parts,performance,5 Years,84.39,-40.78
automotive-replacement-parts-11,automotive replacement parts,industry_earnings,PE (F1),17.13,11.91
automotive-replacement-parts-11,automotive replacement parts,industry_earnings,PEG (Ratio),1.73,0.86
automotive-replacement-parts-11,automotive replacement parts,industry_earnings,Proj EPS Growth,11.19%,27.13%
automotive-replacement-parts-11,automotive replacement parts,industry_earnings,Hist EPS Growth,7.03%,-1.90%
automotive-replacement-parts-11,automotive replacement parts,industry_earnings,Net Margin,12.94%,5.37%
automotive-replacement-parts-11,automotive replacement parts,industry_earnings,Hist Sales Growth,6.19%,4.16%
automotive-replacement-parts-11,automotive replacement parts,industry_earnings,Hist Dividend Growth,3.80%,0.00%
automotive-replacement-parts-11,automotive replacement parts,financial_ratios,Beta,0.94,0.86
automotive-replacement-parts-11,automotive replacement parts,financial_ratios,ROE,17.83,15.79
automotive-replacement-parts-11,automotive replacement parts,financial_ratios,ROA,7.54,4.63
automotive-replacement-parts-11,automotive replacement parts,financial_ratios,ROI,11.97,7.23
automotive-replacement-parts-11,automotive replacement parts,financial_ratios,Debt-to-Equity,0.56,0.27
automotive-replacement-parts-11,automotive replacement parts,financial_ratios,Current Ratio,1.19,1.60
automotive-replacement-parts-11,automotive replacement parts,financial_ratios,Cash Flow ($/share),"3,065.15",102.40
automotive-replacement-parts-11,automotive replacement parts,financial_ratios,Price to Book,3.80,1.94
automotive-replacement-parts-11,automotive replacement parts,financial_ratios,Price To Sales,2.96,0.88
automotive-replacement-parts-11,automotive replacement parts,financial_ratios,Dividend Yield,1.44%,0.00%
automotive-retail-and-whole-sales-210,automotive retail and whole sales,performance,1 Month,0.55,-8.80
automotive-retail-and-whole-sales-210,automotive retail and whole sales,performance,3 Months,2.73,0.93
automotive-retail-and-whole-sales-210,automotive retail and whole sales,performance,YTD,12.91,0.63
automotive-retail-and-whole-sales-210,automotive retail and whole sales,performance,1 Year,15.47,-5.75
automotive-retail-and-whole-sales-210,automotive retail and whole sales,performance,3 Years,84.19,11.46
automotive-retail-and-whole-sales-210,automotive retail and whole sales,performance,5 Years,84.39,32.36
automotive-retail-and-whole-sales-210,automotive retail and whole sales,industry_earnings,PE (F1),17.13,8.50
automotive-retail-and-whole-sales-210,automotive retail and whole sales,industry_earnings,PEG (Ratio),1.73,0.79
automotive-retail-and-whole-sales-210,automotive retail and whole sales,industry_earnings,Proj EPS Growth,11.19%,6.03%
automotive-retail-and-whole-sales-210,automotive retail and whole sales,industry_earnings,Hist EPS Growth,7.03%,-2.85%
automotive-retail-and-whole-sales-210,automotive retail and whole sales,industry_earnings,Net Margin,12.94%,1.88%
automotive-retail-and-whole-sales-210,automotive retail and whole sales,industry_earnings,Hist Sales Growth,6.19%,7.39%
automotive-retail-and-whole-sales-210,automotive retail and whole sales,industry_earnings,Hist Dividend Growth,3.80%,0.00%
automotive-retail-and-whole-sales-210,automotive retail and whole sales,financial_ratios,Beta,0.94,0.92
automotive-retail-and-whole-sales-210,automotive retail and whole sales,financial_ratios,ROE,17.83,12.16
automotive-retail-and-whole-sales-210,automotive retail and whole sales,financial_ratios,ROA,7.54,4.31
automotive-retail-and-whole-sales-210,automotive retail and whole sales,financial_ratios,ROI,11.97,7.36
automotive-retail-and-whole-sales-210,automotive retail and whole sales,financial_ratios,Debt-to-Equity,0.56,0.36
automotive-retail-and-whole-sales-210,automotive retail and whole sales,financial_ratios,Current Ratio,1.19,1.02
automotive-retail-and-whole-sales-210,automotive retail and whole sales,financial_ratios,Cash Flow ($/share),"3,065.15",516.62
automotive-retail-and-whole-sales-210,automotive retail and whole sales,financial_ratios,Price to Book,3.80,1.05
automotive-retail-and-whole-sales-210,automotive retail and whole sales,financial_ratios,Price To Sales,2.96,0.20
automotive-retail-and-whole-sales-210,automotive retail and whole sales,financial_ratios,Dividend Yield,1.44%,0.00%
automotive-retail-and-wholesale-parts-9,automotive retail and wholesale parts,performance,1 Month,0.55,-4.78
automotive-retail-and-wholesale-parts-9,automotive retail and wholesale parts,performance,3 Months,2.73,-8.24
automotive-retail-and-wholesale-parts-9,automotive retail and wholesale parts,performance,YTD,12.91,-8.05
automotive-retail-and-wholesale-parts-9,automotive retail and wholesale parts,performance,1 Year,15.47,-23.07
automotive-retail-and-wholesale-parts-9,automotive retail and wholesale parts,performance,3 Years,84.19,13.83
automotive-retail-and-wholesale-parts-9,automotive retail and wholesale parts,performance,5 Years,84.39,29.58
automotive-retail-and-wholesale-parts-9,automotive retail and wholesale parts,industry_earnings,PE (F1),17.13,16.25
automotive-retail-and-wholesale-parts-9,automotive retail and wholesale parts,industry_earnings,PEG (Ratio),1.73,1.76
automotive-retail-and-wholesale-parts-9,automotive retail and wholesale parts,industry_earnings,Proj EPS Growth,11.19%,11.56%
automotive-retail-and-wholesale-parts-9,automotive retail and wholesale parts,industry_earnings,Hist EPS Growth,7.03%,2.44%
automotive-retail-and-wholesale-parts-9,automotive retail and wholesale parts,industry_earnings,Net Margin,12.94%,4.84%
automotive-retail-and-wholesale-parts-9,automotive retail and wholesale parts,industry_earnings,Hist Sales Growth,6.19%,5.67%
automotive-retail-and-wholesale-parts-9,automotive retail and wholesale parts,industry_earnings,Hist Dividend Growth,3.80%,0.00%
automotive-retail-and-wholesale-parts-9,automotive retail and wholesale parts,financial_ratios,Beta,0.94,0.87
automotive-retail-and-wholesale-parts-9,automotive retail and wholesale parts,financial_ratios,ROE,17.83,8.80
automotive-retail-and-wholesale-parts-9,automotive retail and wholesale parts,financial_ratios,ROA,7.54,4.99
automotive-retail-and-wholesale-parts-9,automotive retail and wholesale parts,financial_ratios,ROI,11.97,9.99
automotive-retail-and-wholesale-parts-9,automotive retail and wholesale parts,financial_ratios,Debt-to-Equity,0.56,1.19
automotive-retail-and-wholesale-parts-9,automotive retail and wholesale parts,financial_ratios,Current Ratio,1.19,1.32
automotive-retail-and-wholesale-parts-9,automotive retail and wholesale parts,financial_ratios,Cash Flow ($/share),"3,065.15",864.41
automotive-retail-and-wholesale-parts-9,automotive retail and wholesale parts,financial_ratios,Price to Book,3.80,1.78
automotive-retail-and-wholesale-parts-9,automotive retail and wholesale parts,financial_ratios,Price To Sales,2.96,0.83
automotive-retail-and-wholesale-parts-9,automotive retail and wholesale parts,financial_ratios,Dividend Yield,1.44%,0.00%
banks-foreign-12,banks foreign,performance,1 Month,0.55,-4.23
banks-foreign-12,banks foreign,performance,3 Months,2.73,-0.13
banks-foreign-12,banks foreign,performance,YTD,12.91,12.42
banks-foreign-12,banks foreign,performance,1 Year,15.47,24.96
banks-foreign-12,banks foreign,performance,3 Years,84.19,118.23
banks-foreign-12,banks foreign,performance,5 Years,84.39,122.96
banks-foreign-12,banks foreign,industry_earnings,PE (F1),17.13,11.34
banks-foreign-12,banks foreign,industry_earnings,PEG (Ratio),1.73,0.84
banks-foreign-12,banks foreign,industry_earnings,Proj EPS Growth,11.19%,17.60%
banks-foreign-12,banks foreign,industry_earnings,Hist EPS Growth,7.03%,5.82%
banks-foreign-12,banks foreign,industry_earnings,Net Margin,12.94%,18.52%
banks-foreign-12,banks foreign,industry_earnings,Hist Sales Growth,6.19%,14.97%
banks-foreign-12,banks foreign,industry_earnings,Hist Dividend Growth,3.80%,3.17%
banks-foreign-12,banks foreign,financial_ratios,Beta,0.94,0.70
banks-foreign-12,banks foreign,financial_ratios,ROE,17.83,12.45
banks-foreign-12,banks foreign,financial_ratios,ROA,7.54,0.77
banks-foreign-12,banks foreign,financial_ratios,ROI,11.97,5.40
banks-foreign-12,banks foreign,financial_ratios,Debt-to-Equity,0.56,1.25
banks-foreign-12,banks foreign,financial_ratios,Current Ratio,1.19,1.03
banks-foreign-12,banks foreign,financial_ratios,Cash Flow ($/share),"3,065.15","5,588.50"
banks-foreign-12,banks foreign,financial_ratios,Price to Book,3.80,1.51
banks-foreign-12,banks foreign,financial_ratios,Price To Sales,2.96,2.09
banks-foreign-12,banks foreign,financial_ratios,Dividend Yield,1.44%,2.59%
banks-major-regional-204,banks major regional,performance,1 Month,0.55,-7.23
banks-major-regional-204,banks major regional,performance,3 Months,2.73,-6.16
banks-major-regional-204,banks major regional,performance,YTD,12.91,10.30
banks-major-regional-204,banks major regional,performance,1 Year,15.47,20.02
banks-major-regional-204,banks major regional,performance,3 Years,84.19,101.36
banks-major-regional-204,banks major regional,performance,5 Years,84.39,22.59
banks-major-regional-204,banks major regional,industry_earnings,PE (F1),17.13,11.17
banks-major-regional-204,banks major regional,industry_earnings,PEG (Ratio),1.73,0.97
banks-major-regional-204,banks major regional,industry_earnings,Proj EPS Growth,11.19%,17.04%
banks-major-regional-204,banks major regional,industry_earnings,Hist EPS Growth,7.03%,0.32%
banks-major-regional-204,banks major regional,industry_earnings,Net Margin,12.94%,15.77%
banks-major-regional-204,banks major regional,industry_earnings,Hist Sales Growth,6.19%,16.61%
banks-major-regional-204,banks major regional,industry_earnings,Hist Dividend Growth,3.80%,6.45%
banks-major-regional-204,banks major regional,financial_ratios,Beta,0.94,1.06
banks-major-regional-204,banks major regional,financial_ratios,ROE,17.83,12.09
banks-major-regional-204,banks major regional,financial_ratios,ROA,7.54,1.15
banks-major-regional-204,banks major regional,financial_ratios,ROI,11.97,6.99
banks-major-regional-204,banks major regional,financial_ratios,Debt-to-Equity,0.56,0.63
banks-major-regional-204,banks major regional,financial_ratios,Current Ratio,1.19,0.83
banks-major-regional-204,banks major regional,financial_ratios,Cash Flow ($/share),"3,065.15","3,381.00"
banks-major-regional-204,banks major regional,financial_ratios,Price to Book,3.80,1.41
banks-major-regional-204,banks major regional,financial_ratios,Price To Sales,2.96,2.04
banks-major-regional-204,banks major regional,financial_ratios,Dividend Yield,1.44%,3.09%
banks-midwest-13,banks midwest,performance,1 Month,0.55,-4.31
banks-midwest-13,banks midwest,performance,3 Months,2.73,-10.00
banks-midwest-13,banks midwest,performance,YTD,12.91,-2.15
banks-midwest-13,banks midwest,performance,1 Year,15.47,-2.83
banks-midwest-13,banks midwest,performance,3 Years,84.19,52.08
banks-midwest-13,banks midwest,performance,5 Years,84.39,9.65
banks-midwest-13,banks midwest,industry_earnings,PE (F1),17.13,10.99
banks-midwest-13,banks midwest,industry_earnings,PEG (Ratio),1.73,0.93
banks-midwest-13,banks midwest,industry_earnings,Proj EPS Growth,11.19%,7.87%
banks-midwest-13,banks midwest,industry_earnings,Hist EPS Growth,7.03%,2.27%
banks-midwest-13,banks midwest,industry_earnings,Net Margin,12.94%,20.78%
banks-midwest-13,banks midwest,industry_earnings,Hist Sales Growth,6.19%,17.18%
banks-midwest-13,banks midwest,industry_earnings,Hist Dividend Growth,3.80%,4.00%
banks-midwest-13,banks midwest,financial_ratios,Beta,0.94,0.67
banks-midwest-13,banks midwest,financial_ratios,ROE,17.83,11.53
banks-midwest-13,banks midwest,financial_ratios,ROA,7.54,1.28
banks-midwest-13,banks midwest,financial_ratios,ROI,11.97,8.30
banks-midwest-13,banks midwest,financial_ratios,Debt-to-Equity,0.56,0.29
banks-midwest-13,banks midwest,financial_ratios,Current Ratio,1.19,0.92
banks-midwest-13,banks midwest,financial_ratios,Cash Flow ($/share),"3,065.15",102.14
banks-midwest-13,banks midwest,financial_ratios,Price to Book,3.80,1.15
banks-midwest-13,banks midwest,financial_ratios,Price To Sales,2.96,2.28
banks-midwest-13,banks midwest,financial_ratios,Dividend Yield,1.44%,2.33%
banks-northeast-15,banks northeast,performance,1 Month,0.55,-3.25
banks-northeast-15,banks northeast,performance,3 Months,2.73,-6.78
banks-northeast-15,banks northeast,performance,YTD,12.91,14.72
banks-northeast-15,banks northeast,performance,1 Year,15.47,17.82
banks-northeast-15,banks northeast,performance,3 Years,84.19,69.22
banks-northeast-15,banks northeast,performance,5 Years,84.39,17.14
banks-northeast-15,banks northeast,industry_earnings,PE (F1),17.13,10.78
banks-northeast-15,banks northeast,industry_earnings,PEG (Ratio),1.73,0.86
banks-northeast-15,banks northeast,industry_earnings,Proj EPS Growth,11.19%,18.96%
banks-northeast-15,banks northeast,industry_earnings,Hist EPS Growth,7.03%,0.03%
banks-northeast-15,banks northeast,industry_earnings,Net Margin,12.94%,18.43%
banks-northeast-15,banks northeast,industry_earnings,Hist Sales Growth,6.19%,16.69%
banks-northeast-15,banks northeast,industry_earnings,Hist Dividend Growth,3.80%,0.61%
banks-northeast-15,banks northeast,financial_ratios,Beta,0.94,0.47
banks-northeast-15,banks northeast,financial_ratios,ROE,17.83,10.79
banks-northeast-15,banks northeast,financial_ratios,ROA,7.54,1.10
banks-northeast-15,banks northeast,financial_ratios,ROI,11.97,8.30
banks-northeast-15,banks northeast,financial_ratios,Debt-to-Equity,0.56,0.20
banks-northeast-15,banks northeast,financial_ratios,Current Ratio,1.19,0.95
banks-northeast-15,banks northeast,financial_ratios,Cash Flow ($/share),"3,065.15",23.79
banks-northeast-15,banks northeast,financial_ratios,Price to Book,3.80,1.23
banks-northeast-15,banks northeast,financial_ratios,Price To Sales,2.96,2.27
banks-northeast-15,banks northeast,financial_ratios,Dividend Yield,1.44%,1.89%
banks-southeast-16,banks southeast,performance,1 Month,0.55,-3.50
banks-southeast-16,banks southeast,performance,3 Months,2.73,-6.12
banks-southeast-16,banks southeast,performance,YTD,12.91,5.69
banks-southeast-16,banks southeast,performance,1 Year,15.47,9.74
banks-southeast-16,banks southeast,performance,3 Years,84.19,36.76
banks-southeast-16,banks southeast,performance,5 Years,84.39,17.55
banks-southeast-16,banks southeast,industry_earnings,PE (F1),17.13,11.39
banks-southeast-16,banks southeast,industry_earnings,PEG (Ratio),1.73,1.09
banks-southeast-16,banks southeast,industry_earnings,Proj EPS Growth,11.19%,12.78%
banks-southeast-16,banks southeast,industry_earnings,Hist EPS Growth,7.03%,1.11%
banks-southeast-16,banks southeast,industry_earnings,Net Margin,12.94%,19.59%
banks-southeast-16,banks southeast,industry_earnings,Hist Sales Growth,6.19%,14.97%
banks-southeast-16,banks southeast,industry_earnings,Hist Dividend Growth,3.80%,3.41%
banks-southeast-16,banks southeast,financial_ratios,Beta,0.94,0.49
banks-southeast-16,banks southeast,financial_ratios,ROE,17.83,10.71
banks-southeast-16,banks southeast,financial_ratios,ROA,7.54,1.18
banks-southeast-16,banks southeast,financial_ratios,ROI,11.97,8.87
banks-southeast-16,banks southeast,financial_ratios,Debt-to-Equity,0.56,0.19
banks-southeast-16,banks southeast,financial_ratios,Current Ratio,1.19,0.94
banks-southeast-16,banks southeast,financial_ratios,Cash Flow ($/share),"3,065.15",32.89
banks-southeast-16,banks southeast,financial_ratios,Price to Book,3.80,1.18
banks-southeast-16,banks southeast,financial_ratios,Price To Sales,2.96,2.39
banks-southeast-16,banks southeast,financial_ratios,Dividend Yield,1.44%,1.86%
banks-southwest-17,banks southwest,performance,1 Month,0.55,-3.39
banks-southwest-17,banks southwest,performance,3 Months,2.73,-8.94
banks-southwest-17,banks southwest,performance,YTD,12.91,3.02
banks-southwest-17,banks southwest,performance,1 Year,15.47,5.37
banks-southwest-17,banks southwest,performance,3 Years,84.19,51.91
banks-southwest-17,banks southwest,performance,5 Years,84.39,11.26
banks-southwest-17,banks southwest,industry_earnings,PE (F1),17.13,11.00
banks-southwest-17,banks southwest,industry_earnings,PEG (Ratio),1.73,1.03
banks-southwest-17,banks southwest,industry_earnings,Proj EPS Growth,11.19%,13.75%
banks-southwest-17,banks southwest,industry_earnings,Hist EPS Growth,7.03%,5.50%
banks-southwest-17,banks southwest,industry_earnings,Net Margin,12.94%,21.12%
banks-southwest-17,banks southwest,industry_earnings,Hist Sales Growth,6.19%,16.92%
banks-southwest-17,banks southwest,industry_earnings,Hist Dividend Growth,3.80%,0.00%
banks-southwest-17,banks southwest,financial_ratios,Beta,0.94,0.54
banks-southwest-17,banks southwest,financial_ratios,ROE,17.83,12.47
banks-southwest-17,banks southwest,financial_ratios,ROA,7.54,1.39
banks-southwest-17,banks southwest,financial_ratios,ROI,11.97,9.58
banks-southwest-17,banks southwest,financial_ratios,Debt-to-Equity,0.56,0.05
banks-southwest-17,banks southwest,financial_ratios,Current Ratio,1.19,0.89
banks-southwest-17,banks southwest,financial_ratios,Cash Flow ($/share),"3,065.15",45.95
banks-southwest-17,banks southwest,financial_ratios,Price to Book,3.80,1.21
banks-southwest-17,banks southwest,financial_ratios,Price To Sales,2.96,2.22
banks-southwest-17,banks southwest,financial_ratios,Dividend Yield,1.44%,0.86%
banks-west-18,banks west,performance,1 Month,0.55,-2.69
banks-west-18,banks west,performance,3 Months,2.73,-9.95
banks-west-18,banks west,performance,YTD,12.91,1.64
banks-west-18,banks west,performance,1 Year,15.47,4.82
banks-west-18,banks west,performance,3 Years,84.19,59.79
banks-west-18,banks west,performance,5 Years,84.39,-4.32
banks-west-18,banks west,industry_earnings,PE (F1),17.13,10.98
banks-west-18,banks west,industry_earnings,PEG (Ratio),1.73,1.15
banks-west-18,banks west,industry_earnings,Proj EPS Growth,11.19%,14.31%
banks-west-18,banks west,industry_earnings,Hist EPS Growth,7.03%,0.18%
banks-west-18,banks west,industry_earnings,Net Margin,12.94%,20.90%
banks-west-18,banks west,industry_earnings,Hist Sales Growth,6.19%,14.33%
banks-west-18,banks west,industry_earnings,Hist Dividend Growth,3.80%,0.00%
banks-west-18,banks west,financial_ratios,Beta,0.94,0.66
banks-west-18,banks west,financial_ratios,ROE,17.83,11.20
banks-west-18,banks west,financial_ratios,ROA,7.54,1.17
banks-west-18,banks west,financial_ratios,ROI,11.97,10.02
banks-west-18,banks west,financial_ratios,Debt-to-Equity,0.56,0.14
banks-west-18,banks west,financial_ratios,Current Ratio,1.19,0.88
banks-west-18,banks west,financial_ratios,Cash Flow ($/share),"3,065.15",67.54
banks-west-18,banks west,financial_ratios,Price to Book,3.80,1.21
banks-west-18,banks west,financial_ratios,Price To Sales,2.96,2.47
banks-west-18,banks west,financial_ratios,Dividend Yield,1.44%,2.54%
beverages-alcohol-19,beverages alcohol,performance,1 Month,0.55,-6.20
beverages-alcohol-19,beverages alcohol,performance,3 Months,2.73,-6.14
beverages-alcohol-19,beverages alcohol,performance,YTD,12.91,7.15
beverages-alcohol-19,beverages alcohol,performance,1 Year,15.47,9.12
beverages-alcohol-19,beverages alcohol,performance,3 Years,84.19,-17.38
beverages-alcohol-19,beverages alcohol,performance,5 Years,84.39,-24.72
beverages-alcohol-19,beverages alcohol,industry_earnings,PE (F1),17.13,13.48
beverages-alcohol-19,beverages alcohol,industry_earnings,PEG (Ratio),1.73,1.88
beverages-alcohol-19,beverages alcohol,industry_earnings,Proj EPS Growth,11.19%,2.78%
beverages-alcohol-19,beverages alcohol,industry_earnings,Hist EPS Growth,7.03%,0.91%
beverages-alcohol-19,beverages alcohol,industry_earnings,Net Margin,12.94%,3.71%
beverages-alcohol-19,beverages alcohol,industry_earnings,Hist Sales Growth,6.19%,0.02%
beverages-alcohol-19,beverages alcohol,industry_earnings,Hist Dividend Growth,3.80%,0.00%
beverages-alcohol-19,beverages alcohol,financial_ratios,Beta,0.94,0.44
beverages-alcohol-19,beverages alcohol,financial_ratios,ROE,17.83,9.99
beverages-alcohol-19,beverages alcohol,financial_ratios,ROA,7.54,5.01
beverages-alcohol-19,beverages alcohol,financial_ratios,ROI,11.97,8.03
beverages-alcohol-19,beverages alcohol,financial_ratios,Debt-to-Equity,0.56,0.54
beverages-alcohol-19,beverages alcohol,financial_ratios,Current Ratio,1.19,1.54
beverages-alcohol-19,beverages alcohol,financial_ratios,Cash Flow ($/share),"3,065.15",218.20
beverages-alcohol-19,beverages alcohol,financial_ratios,Price to Book,3.80,1.56
beverages-alcohol-19,beverages alcohol,financial_ratios,Price To Sales,2.96,0.89
beverages-alcohol-19,beverages alcohol,financial_ratios,Dividend Yield,1.44%,0.00%
beverages-soft-drinks-20,beverages soft drinks,performance,1 Month,0.55,-5.01
beverages-soft-drinks-20,beverages soft drinks,performance,3 Months,2.73,-2.79
beverages-soft-drinks-20,beverages soft drinks,performance,YTD,12.91,9.59
beverages-soft-drinks-20,beverages soft drinks,performance,1 Year,15.47,15.96
beverages-soft-drinks-20,beverages soft drinks,performance,3 Years,84.19,26.84
beverages-soft-drinks-20,beverages soft drinks,performance,5 Years,84.39,34.66
beverages-soft-drinks-20,beverages soft drinks,industry_earnings,PE (F1),17.13,17.27
beverages-soft-drinks-20,beverages soft drinks,industry_earnings,PEG (Ratio),1.73,1.66
beverages-soft-drinks-20,beverages soft drinks,industry_earnings,Proj EPS Growth,11.19%,9.06%
beverages-soft-drinks-20,beverages soft drinks,industry_earnings,Hist EPS Growth,7.03%,14.16%
beverages-soft-drinks-20,beverages soft drinks,industry_earnings,Net Margin,12.94%,6.78%
beverages-soft-drinks-20,beverages soft drinks,industry_earnings,Hist Sales Growth,6.19%,10.38%
beverages-soft-drinks-20,beverages soft drinks,industry_earnings,Hist Dividend Growth,3.80%,0.00%
beverages-soft-drinks-20,beverages soft drinks,financial_ratios,Beta,0.94,0.54
beverages-soft-drinks-20,beverages soft drinks,financial_ratios,ROE,17.83,14.24
beverages-soft-drinks-20,beverages soft drinks,financial_ratios,ROA,7.54,7.32
beverages-soft-drinks-20,beverages soft drinks,financial_ratios,ROI,11.97,10.56
beverages-soft-drinks-20,beverages soft drinks,financial_ratios,Debt-to-Equity,0.56,0.00
beverages-soft-drinks-20,beverages soft drinks,financial_ratios,Current Ratio,1.19,1.39
beverages-soft-drinks-20,beverages soft drinks,financial_ratios,Cash Flow ($/share),"3,065.15",206.32
beverages-soft-drinks-20,beverages soft drinks,financial_ratios,Price to Book,3.80,3.11
beverages-soft-drinks-20,beverages soft drinks,financial_ratios,Price To Sales,2.96,1.08
beverages-soft-drinks-20,beverages soft drinks,financial_ratios,Dividend Yield,1.44%,0.00%
biofuels-270,biofuels,performance,1 Month,0.55,-7.14
biofuels-270,biofuels,performance,3 Months,2.73,8.33
biofuels-270,biofuels,performance,YTD,12.91,41.71
biofuels-270,biofuels,performance,1 Year,15.47,2.40
biofuels-270,biofuels,performance,3 Years,84.19,-48.36
biofuels-270,biofuels,performance,5 Years,84.39,-76.08
biofuels-270,biofuels,industry_earnings,PE (F1),17.13,
biofuels-270,biofuels,industry_earnings,PEG (Ratio),1.73,
biofuels-270,biofuels,industry_earnings,Proj EPS Growth,11.19%,38.19%
biofuels-270,biofuels,industry_earnings,Hist EPS Growth,7.03%,15.53%
biofuels-270,biofuels,industry_earnings,Net Margin,12.94%,-23.66%
biofuels-270,biofuels,industry_earnings,Hist Sales Growth,6.19%,-10.35%
biofuels-270,biofuels,industry_earnings,Hist Dividend Growth,3.80%,0.00%
biofuels-270,biofuels,financial_ratios,Beta,0.94,1.24
biofuels-270,biofuels,financial_ratios,ROE,17.83,-15.49
biofuels-270,biofuels,financial_ratios,ROA,7.54,-277.41
biofuels-270,biofuels,financial_ratios,ROI,11.97,-15.49
biofuels-270,biofuels,financial_ratios,Debt-to-Equity,0.56,0.00
biofuels-270,biofuels,financial_ratios,Current Ratio,1.19,0.08
biofuels-270,biofuels,financial_ratios,Cash Flow ($/share),"3,065.15",-0.26
biofuels-270,biofuels,financial_ratios,Price to Book,3.80,1.44
biofuels-270,biofuels,financial_ratios,Price To Sales,2.96,1.01
biofuels-270,biofuels,financial_ratios,Dividend Yield,1.44%,0.00%
broadcast-radio-and-television-32,broadcast radio and television,performance,1 Month,0.55,-10.62
broadcast-radio-and-television-32,broadcast radio and television,performance,3 Months,2.73,-2.81
broadcast-radio-and-television-32,broadcast radio and television,performance,YTD,12.91,-20.24
broadcast-radio-and-television-32,broadcast radio and television,performance,1 Year,15.47,-28.84
broadcast-radio-and-television-32,broadcast radio and television,performance,3 Years,84.19,73.01
broadcast-radio-and-television-32,broadcast radio and television,performance,5 Years,84.39,-14.71
broadcast-radio-and-television-32,broadcast radio and television,industry_earnings,PE (F1),17.13,9.17
broadcast-radio-and-television-32,broadcast radio and television,industry_earnings,PEG (Ratio),1.73,0.88
broadcast-radio-and-television-32,broadcast radio and television,industry_earnings,Proj EPS Growth,11.19%,30.77%
broadcast-radio-and-television-32,broadcast radio and television,industry_earnings,Hist EPS Growth,7.03%,-25.94%
broadcast-radio-and-television-32,broadcast radio and television,industry_earnings,Net Margin,12.94%,-4.62%
broadcast-radio-and-television-32,broadcast radio and television,industry_earnings,Hist Sales Growth,6.19%,-0.44%
broadcast-radio-and-television-32,broadcast radio and television,industry_earnings,Hist Dividend Growth,3.80%,0.00%
broadcast-radio-and-television-32,broadcast radio and television,financial_ratios,Beta,0.94,0.96
broadcast-radio-and-television-32,broadcast radio and television,financial_ratios,ROE,17.83,-1.12
broadcast-radio-and-television-32,broadcast radio and television,financial_ratios,ROA,7.54,-0.43
broadcast-radio-and-television-32,broadcast radio and television,financial_ratios,ROI,11.97,-0.42
broadcast-radio-and-television-32,broadcast radio and television,financial_ratios,Debt-to-Equity,0.56,0.27
broadcast-radio-and-television-32,broadcast radio and television,financial_ratios,Current Ratio,1.19,1.33
broadcast-radio-and-television-32,broadcast radio and television,financial_ratios,Cash Flow ($/share),"3,065.15",7.14
broadcast-radio-and-television-32,broadcast radio and television,financial_ratios,Price to Book,3.80,0.91
broadcast-radio-and-television-32,broadcast radio and television,financial_ratios,Price To Sales,2.96,0.36
broadcast-radio-and-television-32,broadcast radio and television,financial_ratios,Dividend Yield,1.44%,0.00%
building-products-air-conditioner-and-heating-22,building products air conditioner and heating,performance,1 Month,0.55,0.73
building-products-air-conditioner-and-heating-22,building products air conditioner and heating,performance,3 Months,2.73,-19.75
building-products-air-conditioner-and-heating-22,building products air conditioner and heating,performance,YTD,12.91,16.35
building-products-air-conditioner-and-heating-22,building products air conditioner and heating,performance,1 Year,15.47,10.13
building-products-air-conditioner-and-heating-22,building products air conditioner and heating,performance,3 Years,84.19,58.00
building-products-air-conditioner-and-heating-22,building products air conditioner and heating,performance,5 Years,84.39,78.42
building-products-air-conditioner-and-heating-22,building products air conditioner and heating,industry_earnings,PE (F1),17.13,21.05
building-products-air-conditioner-and-heating-22,building products air conditioner and heating,industry_earnings,PEG (Ratio),1.73,1.56
building-products-air-conditioner-and-heating-22,building products air conditioner and heating,industry_earnings,Proj EPS Growth,11.19%,10.78%
building-products-air-conditioner-and-heating-22,building products air conditioner and heating,industry_earnings,Hist EPS Growth,7.03%,17.30%
building-products-air-conditioner-and-heating-22,building products air conditioner and heating,industry_earnings,Net Margin,12.94%,6.53%
building-products-air-conditioner-and-heating-22,building products air conditioner and heating,industry_earnings,Hist Sales Growth,6.19%,3.00%
building-products-air-conditioner-and-heating-22,building products air conditioner and heating,industry_earnings,Hist Dividend Growth,3.80%,0.00%
building-products-air-conditioner-and-heating-22,building products air conditioner and heating,financial_ratios,Beta,0.94,1.27
building-products-air-conditioner-and-heating-22,building products air conditioner and heating,financial_ratios,ROE,17.83,16.93
building-products-air-conditioner-and-heating-22,building products air conditioner and heating,financial_ratios,ROA,7.54,9.68
building-products-air-conditioner-and-heating-22,building products air conditioner and heating,financial_ratios,ROI,11.97,12.69
building-products-air-conditioner-and-heating-22,building products air conditioner and heating,financial_ratios,Debt-to-Equity,0.56,0.33
building-products-air-conditioner-and-heating-22,building products air conditioner and heating,financial_ratios,Current Ratio,1.19,1.92
building-products-air-conditioner-and-heating-22,building products air conditioner and heating,financial_ratios,Cash Flow ($/share),"3,065.15",540.75
building-products-air-conditioner-and-heating-22,building products air conditioner and heating,financial_ratios,Price to Book,3.80,4.08
building-products-air-conditioner-and-heating-22,building products air conditioner and heating,financial_ratios,Price To Sales,2.96,2.35
building-products-air-conditioner-and-heating-22,building products air conditioner and heating,financial_ratios,Dividend Yield,1.44%,0.40%
building-products-concrete-and-aggregates-27,building products concrete and aggregates,performance,1 Month,0.55,-6.69
building-products-concrete-and-aggregates-27,building products concrete and aggregates,performance,3 Months,2.73,-17.98
building-products-concrete-and-aggregates-27,building products concrete and aggregates,performance,YTD,12.91,-19.84
building-products-concrete-and-aggregates-27,building products concrete and aggregates,performance,1 Year,15.47,-19.17
building-products-concrete-and-aggregates-27,building products concrete and aggregates,performance,3 Years,84.19,18.17
building-products-concrete-and-aggregates-27,building products concrete and aggregates,performance,5 Years,84.39,33.17
building-products-concrete-and-aggregates-27,building products concrete and aggregates,industry_earnings,PE (F1),17.13,13.47
building-products-concrete-and-aggregates-27,building products concrete and aggregates,industry_earnings,PEG (Ratio),1.73,2.32
building-products-concrete-and-aggregates-27,building products concrete and aggregates,industry_earnings,Proj EPS Growth,11.19%,11.77%
building-products-concrete-and-aggregates-27,building products concrete and aggregates,industry_earnings,Hist EPS Growth,7.03%,7.91%
building-products-concrete-and-aggregates-27,building products concrete and aggregates,industry_earnings,Net Margin,12.94%,11.59%
building-products-concrete-and-aggregates-27,building products concrete and aggregates,industry_earnings,Hist Sales Growth,6.19%,4.40%
building-products-concrete-and-aggregates-27,building products concrete and aggregates,industry_earnings,Hist Dividend Growth,3.80%,0.00%
building-products-concrete-and-aggregates-27,building products concrete and aggregates,financial_ratios,Beta,0.94,0.71
building-products-concrete-and-aggregates-27,building products concrete and aggregates,financial_ratios,ROE,17.83,13.56
building-products-concrete-and-aggregates-27,building products concrete and aggregates,financial_ratios,ROA,7.54,6.72
building-products-concrete-and-aggregates-27,building products concrete and aggregates,financial_ratios,ROI,11.97,9.33
building-products-concrete-and-aggregates-27,building products concrete and aggregates,financial_ratios,Debt-to-Equity,0.56,0.44
building-products-concrete-and-aggregates-27,building products concrete and aggregates,financial_ratios,Current Ratio,1.19,1.76
building-products-concrete-and-aggregates-27,building products concrete and aggregates,financial_ratios,Cash Flow ($/share),"3,065.15",479.14
building-products-concrete-and-aggregates-27,building products concrete and aggregates,financial_ratios,Price to Book,3.80,2.32
building-products-concrete-and-aggregates-27,building products concrete and aggregates,financial_ratios,Price To Sales,2.96,1.92
building-products-concrete-and-aggregates-27,building products concrete and aggregates,financial_ratios,Dividend Yield,1.44%,0.64%
building-products-heavy-construction-28,building products heavy construction,performance,1 Month,0.55,-1.37
building-products-heavy-construction-28,building products heavy construction,performance,3 Months,2.73,-24.75
building-products-heavy-construction-28,building products heavy construction,performance,YTD,12.91,3.87
building-products-heavy-construction-28,building products heavy construction,performance,1 Year,15.47,3.09
building-products-heavy-construction-28,building products heavy construction,performance,3 Years,84.19,203.39
building-products-heavy-construction-28,building products heavy construction,performance,5 Years,84.39,254.60
building-products-heavy-construction-28,building products heavy construction,industry_earnings,PE (F1),17.13,16.30
building-products-heavy-construction-28,building products heavy construction,industry_earnings,PEG (Ratio),1.73,0.90
building-products-heavy-construction-28,building products heavy construction,industry_earnings,Proj EPS Growth,11.19%,21.88%
building-products-heavy-construction-28,building products heavy construction,industry_earnings,Hist EPS Growth,7.03%,41.58%
building-products-heavy-construction-28,building products heavy construction,industry_earnings,Net Margin,12.94%,2.08%
building-products-heavy-construction-28,building products heavy construction,industry_earnings,Hist Sales Growth,6.19%,14.82%
building-products-heavy-construction-28,building products heavy construction,industry_earnings,Hist Dividend Growth,3.80%,0.00%
building-products-heavy-construction-28,building products heavy construction,financial_ratios,Beta,0.94,1.44
building-products-heavy-construction-28,building products heavy construction,financial_ratios,ROE,17.83,20.95
building-products-heavy-construction-28,building products heavy construction,financial_ratios,ROA,7.54,5.97
building-products-heavy-construction-28,building products heavy construction,financial_ratios,ROI,11.97,11.11
building-products-heavy-construction-28,building products heavy construction,financial_ratios,Debt-to-Equity,0.56,0.54
building-products-heavy-construction-28,building products heavy construction,financial_ratios,Current Ratio,1.19,1.35
building-products-heavy-construction-28,building products heavy construction,financial_ratios,Cash Flow ($/share),"3,065.15",534.26
building-products-heavy-construction-28,building products heavy construction,financial_ratios,Price to Book,3.80,3.95
building-products-heavy-construction-28,building products heavy construction,financial_ratios,Price To Sales,2.96,1.03
building-products-heavy-construction-28,building products heavy construction,financial_ratios,Dividend Yield,1.44%,0.00%
building-products-home-builders-31,building products home builders,performance,1 Month,0.55,-3.40
building-products-home-builders-31,building products home builders,performance,3 Months,2.73,-11.17
building-products-home-builders-31,building products home builders,performance,YTD,12.91,-9.57
building-products-home-builders-31,building products home builders,performance,1 Year,15.47,-23.43
building-products-home-builders-31,building products home builders,performance,3 Years,84.19,2.31
building-products-home-builders-31,building products home builders,performance,5 Years,84.39,30.00
building-products-home-builders-31,building products home builders,industry_earnings,PE (F1),17.13,12.72
building-products-home-builders-31,building products home builders,industry_earnings,PEG (Ratio),1.73,2.18
building-products-home-builders-31,building products home builders,industry_earnings,Proj EPS Growth,11.19%,-14.12%
building-products-home-builders-31,building products home builders,industry_earnings,Hist EPS Growth,7.03%,-0.94%
building-products-home-builders-31,building products home builders,industry_earnings,Net Margin,12.94%,5.58%
building-products-home-builders-31,building products home builders,industry_earnings,Hist Sales Growth,6.19%,3.01%
building-products-home-builders-31,building products home builders,industry_earnings,Hist Dividend Growth,3.80%,0.00%
building-products-home-builders-31,building products home builders,financial_ratios,Beta,0.94,1.31
building-products-home-builders-31,building products home builders,financial_ratios,ROE,17.83,7.89
building-products-home-builders-31,building products home builders,financial_ratios,ROA,7.54,4.00
building-products-home-builders-31,building products home builders,financial_ratios,ROI,11.97,6.44
building-products-home-builders-31,building products home builders,financial_ratios,Debt-to-Equity,0.56,0.20
building-products-home-builders-31,building products home builders,financial_ratios,Current Ratio,1.19,4.14
building-products-home-builders-31,building products home builders,financial_ratios,Cash Flow ($/share),"3,065.15",370.66
building-products-home-builders-31,building products home builders,financial_ratios,Price to Book,3.80,0.99
building-products-home-builders-31,building products home builders,financial_ratios,Price To Sales,2.96,0.69
building-products-home-builders-31,building products home builders,financial_ratios,Dividend Yield,1.44%,0.00%
building-products-lighting-24,building products lighting,performance,1 Month,0.55,10.13
building-products-lighting-24,building products lighting,performance,3 Months,2.73,-12.32
building-products-lighting-24,building products lighting,performance,YTD,12.91,21.82
building-products-lighting-24,building products lighting,performance,1 Year,15.47,-1.92
building-products-lighting-24,building products lighting,performance,3 Years,84.19,38.55
building-products-lighting-24,building products lighting,performance,5 Years,84.39,85.26
building-products-lighting-24,building products lighting,industry_earnings,PE (F1),17.13,79.57
building-products-lighting-24,building products lighting,industry_earnings,PEG (Ratio),1.73,
building-products-lighting-24,building products lighting,industry_earnings,Proj EPS Growth,11.19%,105.43%
building-products-lighting-24,building products lighting,industry_earnings,Hist EPS Growth,7.03%,10.98%
building-products-lighting-24,building products lighting,industry_earnings,Net Margin,12.94%,0.04%
building-products-lighting-24,building products lighting,industry_earnings,Hist Sales Growth,6.19%,-7.63%
building-products-lighting-24,building products lighting,industry_earnings,Hist Dividend Growth,3.80%,0.00%
building-products-lighting-24,building products lighting,financial_ratios,Beta,0.94,0.87
building-products-lighting-24,building products lighting,financial_ratios,ROE,17.83,7.51
building-products-lighting-24,building products lighting,financial_ratios,ROA,7.54,3.40
building-products-lighting-24,building products lighting,financial_ratios,ROI,11.97,5.23
building-products-lighting-24,building products lighting,financial_ratios,Debt-to-Equity,0.56,0.33
building-products-lighting-24,building products lighting,financial_ratios,Current Ratio,1.19,1.54
building-products-lighting-24,building products lighting,financial_ratios,Cash Flow ($/share),"3,065.15",-0.06
building-products-lighting-24,building products lighting,financial_ratios,Price to Book,3.80,3.62
building-products-lighting-24,building products lighting,financial_ratios,Price To Sales,2.96,1.36
building-products-lighting-24,building products lighting,financial_ratios,Dividend Yield,1.44%,0.00%
building-products-maintenance-service-29,building products maintenance service,performance,1 Month,0.55,-15.33
building-products-maintenance-service-29,building products maintenance service,performance,3 Months,2.73,-27.11
building-products-maintenance-service-29,building products maintenance service,performance,YTD,12.91,-48.74
building-products-maintenance-service-29,building products maintenance service,performance,1 Year,15.47,-47.09
building-products-maintenance-service-29,building products maintenance service,performance,3 Years,84.19,-17.57
building-products-maintenance-service-29,building products maintenance service,performance,5 Years,84.39,-14.19
building-products-maintenance-service-29,building products maintenance service,industry_earnings,PE (F1),17.13,26.26
building-products-maintenance-service-29,building products maintenance service,industry_earnings,PEG (Ratio),1.73,3.34
building-products-maintenance-service-29,building products maintenance service,industry_earnings,Proj EPS Growth,11.19%,3.96%
building-products-maintenance-service-29,building products maintenance service,industry_earnings,Hist EPS Growth,7.03%,14.00%
building-products-maintenance-service-29,building products maintenance service,industry_earnings,Net Margin,12.94%,4.91%
building-products-maintenance-service-29,building products maintenance service,industry_earnings,Hist Sales Growth,6.19%,5.76%
building-products-maintenance-service-29,building products maintenance service,industry_earnings,Hist Dividend Growth,3.80%,5.30%
building-products-maintenance-service-29,building products maintenance service,financial_ratios,Beta,0.94,0.86
building-products-maintenance-service-29,building products maintenance service,financial_ratios,ROE,17.83,38.81
building-products-maintenance-service-29,building products maintenance service,financial_ratios,ROA,7.54,6.28
building-products-maintenance-service-29,building products maintenance service,financial_ratios,ROI,11.97,10.89
building-products-maintenance-service-29,building products maintenance service,financial_ratios,Debt-to-Equity,0.56,-3.07
building-products-maintenance-service-29,building products maintenance service,financial_ratios,Current Ratio,1.19,1.46
building-products-maintenance-service-29,building products maintenance service,financial_ratios,Cash Flow ($/share),"3,065.15",341.93
building-products-maintenance-service-29,building products maintenance service,financial_ratios,Price to Book,3.80,10.29
building-products-maintenance-service-29,building products maintenance service,financial_ratios,Price To Sales,2.96,1.95
building-products-maintenance-service-29,building products maintenance service,financial_ratios,Dividend Yield,1.44%,1.19%
building-products-miscellaneous-21,building products miscellaneous,performance,1 Month,0.55,-5.31
building-products-miscellaneous-21,building products miscellaneous,performance,3 Months,2.73,-15.07
building-products-miscellaneous-21,building products miscellaneous,performance,YTD,12.91,-10.18
building-products-miscellaneous-21,building products miscellaneous,performance,1 Year,15.47,-13.83
building-products-miscellaneous-21,building products miscellaneous,performance,3 Years,84.19,23.14
building-products-miscellaneous-21,building products miscellaneous,performance,5 Years,84.39,28.51
building-products-miscellaneous-21,building products miscellaneous,industry_earnings,PE (F1),17.13,15.64
building-products-miscellaneous-21,building products miscellaneous,industry_earnings,PEG (Ratio),1.73,1.42
building-products-miscellaneous-21,building products miscellaneous,industry_earnings,Proj EPS Growth,11.19%,5.72%
building-products-miscellaneous-21,building products miscellaneous,industry_earnings,Hist EPS Growth,7.03%,14.18%
building-products-miscellaneous-21,building products miscellaneous,industry_earnings,Net Margin,12.94%,4.33%
building-products-miscellaneous-21,building products miscellaneous,industry_earnings,Hist Sales Growth,6.19%,5.18%
building-products-miscellaneous-21,building products miscellaneous,industry_earnings,Hist Dividend Growth,3.80%,0.00%
building-products-miscellaneous-21,building products miscellaneous,financial_ratios,Beta,0.94,1.08
building-products-miscellaneous-21,building products miscellaneous,financial_ratios,ROE,17.83,15.76
building-products-miscellaneous-21,building products miscellaneous,financial_ratios,ROA,7.54,5.21
building-products-miscellaneous-21,building products miscellaneous,financial_ratios,ROI,11.97,9.28
building-products-miscellaneous-21,building products miscellaneous,financial_ratios,Debt-to-Equity,0.56,0.51
building-products-miscellaneous-21,building products miscellaneous,financial_ratios,Current Ratio,1.19,1.59
building-products-miscellaneous-21,building products miscellaneous,financial_ratios,Cash Flow ($/share),"3,065.15",324.36
building-products-miscellaneous-21,building products miscellaneous,financial_ratios,Price to Book,3.80,2.24
building-products-miscellaneous-21,building products miscellaneous,financial_ratios,Price To Sales,2.96,1.28
building-products-miscellaneous-21,building products miscellaneous,financial_ratios,Dividend Yield,1.44%,0.00%
building-products-mobile-homes-and-rv-builders-30,building products mobile homes and rv builders,performance,1 Month,0.55,-0.56
building-products-mobile-homes-and-rv-builders-30,building products mobile homes and rv builders,performance,3 Months,2.73,-3.54
building-products-mobile-homes-and-rv-builders-30,building products mobile homes and rv builders,performance,YTD,12.91,-13.48
building-products-mobile-homes-and-rv-builders-30,building products mobile homes and rv builders,performance,1 Year,15.47,-10.80
building-products-mobile-homes-and-rv-builders-30,building products mobile homes and rv builders,performance,3 Years,84.19,1.67
building-products-mobile-homes-and-rv-builders-30,building products mobile homes and rv builders,performance,5 Years,84.39,-11.76
building-products-mobile-homes-and-rv-builders-30,building products mobile homes and rv builders,industry_earnings,PE (F1),17.13,21.10
building-products-mobile-homes-and-rv-builders-30,building products mobile homes and rv builders,industry_earnings,PEG (Ratio),1.73,0.94
building-products-mobile-homes-and-rv-builders-30,building products mobile homes and rv builders,industry_earnings,Proj EPS Growth,11.19%,8.38%
building-products-mobile-homes-and-rv-builders-30,building products mobile homes and rv builders,industry_earnings,Hist EPS Growth,7.03%,4.02%
building-products-mobile-homes-and-rv-builders-30,building products mobile homes and rv builders,industry_earnings,Net Margin,12.94%,6.71%
building-products-mobile-homes-and-rv-builders-30,building products mobile homes and rv builders,industry_earnings,Hist Sales Growth,6.19%,-0.39%
building-products-mobile-homes-and-rv-builders-30,building products mobile homes and rv builders,industry_earnings,Hist Dividend Growth,3.80%,0.00%
building-products-mobile-homes-and-rv-builders-30,building products mobile homes and rv builders,financial_ratios,Beta,0.94,1.18
building-products-mobile-homes-and-rv-builders-30,building products mobile homes and rv builders,financial_ratios,ROE,17.83,12.74
building-products-mobile-homes-and-rv-builders-30,building products mobile homes and rv builders,financial_ratios,ROA,7.54,6.99
building-products-mobile-homes-and-rv-builders-30,building products mobile homes and rv builders,financial_ratios,ROI,11.97,10.12
building-products-mobile-homes-and-rv-builders-30,building products mobile homes and rv builders,financial_ratios,Debt-to-Equity,0.56,0.01
building-products-mobile-homes-and-rv-builders-30,building products mobile homes and rv builders,financial_ratios,Current Ratio,1.19,2.23
building-products-mobile-homes-and-rv-builders-30,building products mobile homes and rv builders,financial_ratios,Cash Flow ($/share),"3,065.15",213.59
building-products-mobile-homes-and-rv-builders-30,building products mobile homes and rv builders,financial_ratios,Price to Book,3.80,1.22
building-products-mobile-homes-and-rv-builders-30,building products mobile homes and rv builders,financial_ratios,Price To Sales,2.96,1.14
building-products-mobile-homes-and-rv-builders-30,building products mobile homes and rv builders,financial_ratios,Dividend Yield,1.44%,0.00%
building-products-retail-25,building products retail,performance,1 Month,0.55,-8.64
building-products-retail-25,building products retail,performance,3 Months,2.73,-32.29
building-products-retail-25,building products retail,performance,YTD,12.91,-44.25
building-products-retail-25,building products retail,performance,1 Year,15.47,-54.75
building-products-retail-25,building products retail,performance,3 Years,84.19,-54.11
building-products-retail-25,building products retail,performance,5 Years,84.39,6.43
building-products-retail-25,building products retail,industry_earnings,PE (F1),17.13,18.16
building-products-retail-25,building products retail,industry_earnings,PEG (Ratio),1.73,1.84
building-products-retail-25,building products retail,industry_earnings,Proj EPS Growth,11.19%,-31.22%
building-products-retail-25,building products retail,industry_earnings,Hist EPS Growth,7.03%,-30.70%
building-products-retail-25,building products retail,industry_earnings,Net Margin,12.94%,-1.84%
building-products-retail-25,building products retail,industry_earnings,Hist Sales Growth,6.19%,-8.17%
building-products-retail-25,building products retail,industry_earnings,Hist Dividend Growth,3.80%,0.00%
building-products-retail-25,building products retail,financial_ratios,Beta,0.94,0.97
building-products-retail-25,building products retail,financial_ratios,ROE,17.83,-6.31
building-products-retail-25,building products retail,financial_ratios,ROA,7.54,-2.01
building-products-retail-25,building products retail,financial_ratios,ROI,11.97,-5.52
building-products-retail-25,building products retail,financial_ratios,Debt-to-Equity,0.56,0.17
building-products-retail-25,building products retail,financial_ratios,Current Ratio,1.19,1.79
building-products-retail-25,building products retail,financial_ratios,Cash Flow ($/share),"3,065.15",176.95
building-products-retail-25,building products retail,financial_ratios,Price to Book,3.80,0.79
building-products-retail-25,building products retail,financial_ratios,Price To Sales,2.96,0.26
building-products-retail-25,building products retail,financial_ratios,Dividend Yield,1.44%,0.00%
building-products-wood-26,building products wood,performance,1 Month,0.55,2.17
building-products-wood-26,building products wood,performance,3 Months,2.73,-1.47
building-products-wood-26,building products wood,performance,YTD,12.91,6.99
building-products-wood-26,building products wood,performance,1 Year,15.47,5.97
building-products-wood-26,building products wood,performance,3 Years,84.19,38.81
building-products-wood-26,building products wood,performance,5 Years,84.39,15.73
building-products-wood-26,building products wood,industry_earnings,PE (F1),17.13,24.84
building-products-wood-26,building products wood,industry_earnings,PEG (Ratio),1.73,1.77
building-products-wood-26,building products wood,industry_earnings,Proj EPS Growth,11.19%,4.70%
building-products-wood-26,building products wood,industry_earnings,Hist EPS Growth,7.03%,-28.77%
building-products-wood-26,building products wood,industry_earnings,Net Margin,12.94%,3.99%
building-products-wood-26,building products wood,industry_earnings,Hist Sales Growth,6.19%,-10.26%
building-products-wood-26,building products wood,industry_earnings,Hist Dividend Growth,3.80%,0.00%
building-products-wood-26,building products wood,financial_ratios,Beta,0.94,1.27
building-products-wood-26,building products wood,financial_ratios,ROE,17.83,4.67
building-products-wood-26,building products wood,financial_ratios,ROA,7.54,3.10
building-products-wood-26,building products wood,financial_ratios,ROI,11.97,3.89
building-products-wood-26,building products wood,financial_ratios,Debt-to-Equity,0.56,0.24
building-products-wood-26,building products wood,financial_ratios,Current Ratio,1.19,2.67
building-products-wood-26,building products wood,financial_ratios,Cash Flow ($/share),"3,065.15",262.76
building-products-wood-26,building products wood,financial_ratios,Price to Book,3.80,1.42
building-products-wood-26,building products wood,financial_ratios,Price To Sales,2.96,1.83
building-products-wood-26,building products wood,financial_ratios,Dividend Yield,1.44%,1.05%
business-information-services-206,business information services,performance,1 Month,0.55,-10.75
business-information-services-206,business information services,performance,3 Months,2.73,-6.21
business-information-services-206,business information services,performance,YTD,12.91,-8.00
business-information-services-206,business information services,performance,1 Year,15.47,-16.07
business-information-services-206,business information services,performance,3 Years,84.19,-11.37
business-information-services-206,business information services,performance,5 Years,84.39,-11.81
business-information-services-206,business information services,industry_earnings,PE (F1),17.13,15.99
business-information-services-206,business information services,industry_earnings,PEG (Ratio),1.73,1.22
business-information-services-206,business information services,industry_earnings,Proj EPS Growth,11.19%,12.43%
business-information-services-206,business information services,industry_earnings,Hist EPS Growth,7.03%,7.49%
business-information-services-206,business information services,industry_earnings,Net Margin,12.94%,15.01%
business-information-services-206,business information services,industry_earnings,Hist Sales Growth,6.19%,9.13%
business-information-services-206,business information services,industry_earnings,Hist Dividend Growth,3.80%,2.73%
business-information-services-206,business information services,financial_ratios,Beta,0.94,1.19
business-information-services-206,business information services,financial_ratios,ROE,17.83,23.98
business-information-services-206,business information services,financial_ratios,ROA,7.54,13.45
business-information-services-206,business information services,financial_ratios,ROI,11.97,19.42
business-information-services-206,business information services,financial_ratios,Debt-to-Equity,0.56,0.64
business-information-services-206,business information services,financial_ratios,Current Ratio,1.19,1.06
business-information-services-206,business information services,financial_ratios,Cash Flow ($/share),"3,065.15",799.05
business-information-services-206,business information services,financial_ratios,Price to Book,3.80,4.93
business-information-services-206,business information services,financial_ratios,Price To Sales,2.96,3.73
business-information-services-206,business information services,financial_ratios,Dividend Yield,1.44%,0.45%
business-office-products-288,business office products,performance,1 Month,0.55,-1.10
business-office-products-288,business office products,performance,3 Months,2.73,8.79
business-office-products-288,business office products,performance,YTD,12.91,8.83
business-office-products-288,business office products,performance,1 Year,15.47,12.61
business-office-products-288,business office products,performance,3 Years,84.19,36.45
business-office-products-288,business office products,performance,5 Years,84.39,-1.44
business-office-products-288,business office products,industry_earnings,PE (F1),17.13,8.52
business-office-products-288,business office products,industry_earnings,PEG (Ratio),1.73,0.59
business-office-products-288,business office products,industry_earnings,Proj EPS Growth,11.19%,13.32%
business-office-products-288,business office products,industry_earnings,Hist EPS Growth,7.03%,6.81%
business-office-products-288,business office products,industry_earnings,Net Margin,12.94%,2.51%
business-office-products-288,business office products,industry_earnings,Hist Sales Growth,6.19%,4.76%
business-office-products-288,business office products,industry_earnings,Hist Dividend Growth,3.80%,0.00%
business-office-products-288,business office products,financial_ratios,Beta,0.94,1.09
business-office-products-288,business office products,financial_ratios,ROE,17.83,18.59
business-office-products-288,business office products,financial_ratios,ROA,7.54,5.68
business-office-products-288,business office products,financial_ratios,ROI,11.97,7.86
business-office-products-288,business office products,financial_ratios,Debt-to-Equity,0.56,0.76
business-office-products-288,business office products,financial_ratios,Current Ratio,1.19,1.36
business-office-products-288,business office products,financial_ratios,Cash Flow ($/share),"3,065.15",276.30
business-office-products-288,business office products,financial_ratios,Price to Book,3.80,1.48
business-office-products-288,business office products,financial_ratios,Price To Sales,2.96,0.64
business-office-products-288,business office products,financial_ratios,Dividend Yield,1.44%,1.50%
business-services-205,business services,performance,1 Month,0.55,-7.09
business-services-205,business services,performance,3 Months,2.73,-2.55
business-services-205,business services,performance,YTD,12.91,-17.85
business-services-205,business services,performance,1 Year,15.47,-22.33
business-services-205,business services,performance,3 Years,84.19,-25.44
business-services-205,business services,performance,5 Years,84.39,-27.09
business-services-205,business services,industry_earnings,PE (F1),17.13,16.47
business-services-205,business services,industry_earnings,PEG (Ratio),1.73,1.56
business-services-205,business services,industry_earnings,Proj EPS Growth,11.19%,12.02%
business-services-205,business services,industry_earnings,Hist EPS Growth,7.03%,17.08%
business-services-205,business services,industry_earnings,Net Margin,12.94%,4.97%
business-services-205,business services,industry_earnings,Hist Sales Growth,6.19%,6.32%
business-services-205,business services,industry_earnings,Hist Dividend Growth,3.80%,0.00%
business-services-205,business services,financial_ratios,Beta,0.94,0.75
business-services-205,business services,financial_ratios,ROE,17.83,17.40
business-services-205,business services,financial_ratios,ROA,7.54,5.64
business-services-205,business services,financial_ratios,ROI,11.97,9.41
business-services-205,business services,financial_ratios,Debt-to-Equity,0.56,0.19
business-services-205,business services,financial_ratios,Current Ratio,1.19,1.36
business-services-205,business services,financial_ratios,Cash Flow ($/share),"3,065.15",32.42
business-services-205,business services,financial_ratios,Price to Book,3.80,2.59
business-services-205,business services,financial_ratios,Price To Sales,2.96,1.17
business-services-205,business services,financial_ratios,Dividend Yield,1.44%,0.00%
business-software-services-216,business software services,performance,1 Month,0.55,7.29
business-software-services-216,business software services,performance,3 Months,2.73,12.80
business-software-services-216,business software services,performance,YTD,12.91,5.92
business-software-services-216,business software services,performance,1 Year,15.47,29.28
business-software-services-216,business software services,performance,3 Years,84.19,46.24
business-software-services-216,business software services,performance,5 Years,84.39,75.23
business-software-services-216,business software services,industry_earnings,PE (F1),17.13,16.94
business-software-services-216,business software services,industry_earnings,PEG (Ratio),1.73,1.06
business-software-services-216,business software services,industry_earnings,Proj EPS Growth,11.19%,8.26%
business-software-services-216,business software services,industry_earnings,Hist EPS Growth,7.03%,3.54%
business-software-services-216,business software services,industry_earnings,Net Margin,12.94%,4.91%
business-software-services-216,business software services,industry_earnings,Hist Sales Growth,6.19%,6.62%
business-software-services-216,business software services,industry_earnings,Hist Dividend Growth,3.80%,1.82%
business-software-services-216,business software services,financial_ratios,Beta,0.94,1.00
business-software-services-216,business software services,financial_ratios,ROE,17.83,11.51
business-software-services-216,business software services,financial_ratios,ROA,7.54,6.73
business-software-services-216,business software services,financial_ratios,ROI,11.97,11.51
business-software-services-216,business software services,financial_ratios,Debt-to-Equity,0.56,0.00
business-software-services-216,business software services,financial_ratios,Current Ratio,1.19,2.13
business-software-services-216,business software services,financial_ratios,Cash Flow ($/share),"3,065.15",419.83
business-software-services-216,business software services,financial_ratios,Price to Book,3.80,7.80
business-software-services-216,business software services,financial_ratios,Price To Sales,2.96,0.99
business-software-services-216,business software services,financial_ratios,Dividend Yield,1.44%,0.58%
cable-television-33,cable television,performance,1 Month,0.55,-17.88
cable-television-33,cable television,performance,3 Months,2.73,-10.52
cable-television-33,cable television,performance,YTD,12.91,-30.89
cable-television-33,cable television,performance,1 Year,15.47,-36.82
cable-television-33,cable television,performance,3 Years,84.19,-57.28
cable-television-33,cable television,performance,5 Years,84.39,-70.36
cable-television-33,cable television,industry_earnings,PE (F1),17.13,4.42
cable-television-33,cable television,industry_earnings,PEG (Ratio),1.73,0.75
cable-television-33,cable television,industry_earnings,Proj EPS Growth,11.19%,-0.62%
cable-television-33,cable television,industry_earnings,Hist EPS Growth,7.03%,6.28%
cable-television-33,cable television,industry_earnings,Net Margin,12.94%,-26.57%
cable-television-33,cable television,industry_earnings,Hist Sales Growth,6.19%,-0.68%
cable-television-33,cable television,industry_earnings,Hist Dividend Growth,3.80%,0.00%
cable-television-33,cable television,financial_ratios,Beta,0.94,0.51
cable-television-33,cable television,financial_ratios,ROE,17.83,5.40
cable-television-33,cable television,financial_ratios,ROA,7.54,1.17
cable-television-33,cable television,financial_ratios,ROI,11.97,1.55
cable-television-33,cable television,financial_ratios,Debt-to-Equity,0.56,0.94
cable-television-33,cable television,financial_ratios,Current Ratio,1.19,0.80
cable-television-33,cable television,financial_ratios,Cash Flow ($/share),"3,065.15","4,146.00"
cable-television-33,cable television,financial_ratios,Price to Book,3.80,0.61
cable-television-33,cable television,financial_ratios,Price To Sales,2.96,0.43
cable-television-33,cable television,financial_ratios,Dividend Yield,1.44%,0.00%
chem-fibers-35,chem fibers,performance,1 Month,0.55,
chem-fibers-35,chem fibers,performance,3 Months,2.73,
chem-fibers-35,chem fibers,performance,YTD,12.91,
chem-fibers-35,chem fibers,performance,1 Year,15.47,
chem-fibers-35,chem fibers,performance,3 Years,84.19,
chem-fibers-35,chem fibers,performance,5 Years,84.39,
chem-fibers-35,chem fibers,industry_earnings,PE (F1),17.13,
chem-fibers-35,chem fibers,industry_earnings,PEG (Ratio),1.73,
chem-fibers-35,chem fibers,industry_earnings,Proj EPS Growth,11.19%,
chem-fibers-35,chem fibers,industry_earnings,Hist EPS Growth,7.03%,
chem-fibers-35,chem fibers,industry_earnings,Net Margin,12.94%,
chem-fibers-35,chem fibers,industry_earnings,Hist Sales Growth,6.19%,
chem-fibers-35,chem fibers,industry_earnings,Hist Dividend Growth,3.80%,
chem-fibers-35,chem fibers,financial_ratios,Beta,0.94,
chem-fibers-35,chem fibers,financial_ratios,ROE,17.83,
chem-fibers-35,chem fibers,financial_ratios,ROA,7.54,
chem-fibers-35,chem fibers,financial_ratios,ROI,11.97,
chem-fibers-35,chem fibers,financial_ratios,Debt-to-Equity,0.56,
chem-fibers-35,chem fibers,financial_ratios,Current Ratio,1.19,
chem-fibers-35,chem fibers,financial_ratios,Cash Flow ($/share),"3,065.15",
chem-fibers-35,chem fibers,financial_ratios,Price to Book,3.80,
chem-fibers-35,chem fibers,financial_ratios,Price To Sales,2.96,
chem-fibers-35,chem fibers,financial_ratios,Dividend Yield,1.44%,
chemical-diversified--34,chemical diversified,performance,1 Month,0.55,-9.87
chemical-diversified--34,chemical diversified,performance,3 Months,2.73,-6.93
chemical-diversified--34,chemical diversified,performance,YTD,12.91,8.05
chemical-diversified--34,chemical diversified,performance,1 Year,15.47,-3.84
chemical-diversified--34,chemical diversified,performance,3 Years,84.19,-30.88
chemical-diversified--34,chemical diversified,performance,5 Years,84.39,-32.49
chemical-diversified--34,chemical diversified,industry_earnings,PE (F1),17.13,15.21
chemical-diversified--34,chemical diversified,industry_earnings,PEG (Ratio),1.73,1.17
chemical-diversified--34,chemical diversified,industry_earnings,Proj EPS Growth,11.19%,13.46%
chemical-diversified--34,chemical diversified,industry_earnings,Hist EPS Growth,7.03%,-15.98%
chemical-diversified--34,chemical diversified,industry_earnings,Net Margin,12.94%,1.42%
chemical-diversified--34,chemical diversified,industry_earnings,Hist Sales Growth,6.19%,-2.93%
chemical-diversified--34,chemical diversified,industry_earnings,Hist Dividend Growth,3.80%,0.00%
chemical-diversified--34,chemical diversified,financial_ratios,Beta,0.94,0.76
chemical-diversified--34,chemical diversified,financial_ratios,ROE,17.83,7.91
chemical-diversified--34,chemical diversified,financial_ratios,ROA,7.54,3.07
chemical-diversified--34,chemical diversified,financial_ratios,ROI,11.97,4.25
chemical-diversified--34,chemical diversified,financial_ratios,Debt-to-Equity,0.56,0.49
chemical-diversified--34,chemical diversified,financial_ratios,Current Ratio,1.19,1.83
chemical-diversified--34,chemical diversified,financial_ratios,Cash Flow ($/share),"3,065.15",503.10
chemical-diversified--34,chemical diversified,financial_ratios,Price to Book,3.80,1.18
chemical-diversified--34,chemical diversified,financial_ratios,Price To Sales,2.96,0.70
chemical-diversified--34,chemical diversified,financial_ratios,Dividend Yield,1.44%,1.52%
chemical-plastic-36,chemical plastic,performance,1 Month,0.55,1.96
chemical-plastic-36,chemical plastic,performance,3 Months,2.73,-29.03
chemical-plastic-36,chemical plastic,performance,YTD,12.91,40.89
chemical-plastic-36,chemical plastic,performance,1 Year,15.47,20.17
chemical-plastic-36,chemical plastic,performance,3 Years,84.19,21.96
chemical-plastic-36,chemical plastic,performance,5 Years,84.39,-45.73
chemical-plastic-36,chemical plastic,industry_earnings,PE (F1),17.13,17.13
chemical-plastic-36,chemical plastic,industry_earnings,PEG (Ratio),1.73,
chemical-plastic-36,chemical plastic,industry_earnings,Proj EPS Growth,11.19%,14.72%
chemical-plastic-36,chemical plastic,industry_earnings,Hist EPS Growth,7.03%,-15.09%
chemical-plastic-36,chemical plastic,industry_earnings,Net Margin,12.94%,-7.56%
chemical-plastic-36,chemical plastic,industry_earnings,Hist Sales Growth,6.19%,-3.54%
chemical-plastic-36,chemical plastic,industry_earnings,Hist Dividend Growth,3.80%,0.00%
chemical-plastic-36,chemical plastic,financial_ratios,Beta,0.94,0.86
chemical-plastic-36,chemical plastic,financial_ratios,ROE,17.83,-12.49
chemical-plastic-36,chemical plastic,financial_ratios,ROA,7.54,-7.42
chemical-plastic-36,chemical plastic,financial_ratios,ROI,11.97,-13.07
chemical-plastic-36,chemical plastic,financial_ratios,Debt-to-Equity,0.56,0.00
chemical-plastic-36,chemical plastic,financial_ratios,Current Ratio,1.19,2.35
chemical-plastic-36,chemical plastic,financial_ratios,Cash Flow ($/share),"3,065.15",65.97
chemical-plastic-36,chemical plastic,financial_ratios,Price to Book,3.80,1.73
chemical-plastic-36,chemical plastic,financial_ratios,Price To Sales,2.96,1.00
chemical-plastic-36,chemical plastic,financial_ratios,Dividend Yield,1.44%,0.00%
chemical-specialty-37,chemical specialty,performance,1 Month,0.55,-3.99
chemical-specialty-37,chemical specialty,performance,3 Months,2.73,-9.20
chemical-specialty-37,chemical specialty,performance,YTD,12.91,5.18
chemical-specialty-37,chemical specialty,performance,1 Year,15.47,-1.43
chemical-specialty-37,chemical specialty,performance,3 Years,84.19,16.49
chemical-specialty-37,chemical specialty,performance,5 Years,84.39,-5.15
chemical-specialty-37,chemical specialty,industry_earnings,PE (F1),17.13,20.10
chemical-specialty-37,chemical specialty,industry_earnings,PEG (Ratio),1.73,1.74
chemical-specialty-37,chemical specialty,industry_earnings,Proj EPS Growth,11.19%,14.01%
chemical-specialty-37,chemical specialty,industry_earnings,Hist EPS Growth,7.03%,3.13%
chemical-specialty-37,chemical specialty,industry_earnings,Net Margin,12.94%,4.94%
chemical-specialty-37,chemical specialty,industry_earnings,Hist Sales Growth,6.19%,1.93%
chemical-specialty-37,chemical specialty,industry_earnings,Hist Dividend Growth,3.80%,0.00%
chemical-specialty-37,chemical specialty,financial_ratios,Beta,0.94,0.99
chemical-specialty-37,chemical specialty,financial_ratios,ROE,17.83,13.77
chemical-specialty-37,chemical specialty,financial_ratios,ROA,7.54,5.80
chemical-specialty-37,chemical specialty,financial_ratios,ROI,11.97,7.81
chemical-specialty-37,chemical specialty,financial_ratios,Debt-to-Equity,0.56,0.52
chemical-specialty-37,chemical specialty,financial_ratios,Current Ratio,1.19,1.87
chemical-specialty-37,chemical specialty,financial_ratios,Cash Flow ($/share),"3,065.15",264.60
chemical-specialty-37,chemical specialty,financial_ratios,Price to Book,3.80,2.08
chemical-specialty-37,chemical specialty,financial_ratios,Price To Sales,2.96,1.64
chemical-specialty-37,chemical specialty,financial_ratios,Dividend Yield,1.44%,0.59%
coal-38,coal,performance,1 Month,0.55,-14.27
coal-38,coal,performance,3 Months,2.73,6.41
coal-38,coal,performance,YTD,12.91,-6.49
coal-38,coal,performance,1 Year,15.47,-8.19
coal-38,coal,performance,3 Years,84.19,10.64
coal-38,coal,performance,5 Years,84.39,108.34
coal-38,coal,industry_earnings,PE (F1),17.13,15.52
coal-38,coal,industry_earnings,PEG (Ratio),1.73,
coal-38,coal,industry_earnings,Proj EPS Growth,11.19%,67.45%
coal-38,coal,industry_earnings,Hist EPS Growth,7.03%,-20.45%
coal-38,coal,industry_earnings,Net Margin,12.94%,2.34%
coal-38,coal,industry_earnings,Hist Sales Growth,6.19%,4.75%
coal-38,coal,industry_earnings,Hist Dividend Growth,3.80%,0.00%
coal-38,coal,financial_ratios,Beta,0.94,0.64
coal-38,coal,financial_ratios,ROE,17.83,5.19
coal-38,coal,financial_ratios,ROA,7.54,2.28
coal-38,coal,financial_ratios,ROI,11.97,3.18
coal-38,coal,financial_ratios,Debt-to-Equity,0.56,0.11
coal-38,coal,financial_ratios,Current Ratio,1.19,2.07
coal-38,coal,financial_ratios,Cash Flow ($/share),"3,065.15",218.70
coal-38,coal,financial_ratios,Price to Book,3.80,1.19
coal-38,coal,financial_ratios,Price To Sales,2.96,1.02
coal-38,coal,financial_ratios,Dividend Yield,1.44%,0.18%
commercial-printing-145,commercial printing,performance,1 Month,0.55,7.76
commercial-printing-145,commercial printing,performance,3 Months,2.73,5.79
commercial-printing-145,commercial printing,performance,YTD,12.91,9.61
commercial-printing-145,commercial printing,performance,1 Year,15.47,-8.32
commercial-printing-145,commercial printing,performance,3 Years,84.19,-30.99
commercial-printing-145,commercial printing,performance,5 Years,84.39,-85.93
commercial-printing-145,commercial printing,industry_earnings,PE (F1),17.13,74.43
commercial-printing-145,commercial printing,industry_earnings,PEG (Ratio),1.73,
commercial-printing-145,commercial printing,industry_earnings,Proj EPS Growth,11.19%,-4.35%
commercial-printing-145,commercial printing,industry_earnings,Hist EPS Growth,7.03%,
commercial-printing-145,commercial printing,industry_earnings,Net Margin,12.94%,-2.02%
commercial-printing-145,commercial printing,industry_earnings,Hist Sales Growth,6.19%,-4.23%
commercial-printing-145,commercial printing,industry_earnings,Hist Dividend Growth,3.80%,0.00%
commercial-printing-145,commercial printing,financial_ratios,Beta,0.94,1.31
commercial-printing-145,commercial printing,financial_ratios,ROE,17.83,2.75
commercial-printing-145,commercial printing,financial_ratios,ROA,7.54,1.56
commercial-printing-145,commercial printing,financial_ratios,ROI,11.97,2.25
commercial-printing-145,commercial printing,financial_ratios,Debt-to-Equity,0.56,0.09
commercial-printing-145,commercial printing,financial_ratios,Current Ratio,1.19,2.85
commercial-printing-145,commercial printing,financial_ratios,Cash Flow ($/share),"3,065.15",26.25
commercial-printing-145,commercial printing,financial_ratios,Price to Book,3.80,1.84
commercial-printing-145,commercial printing,financial_ratios,Price To Sales,2.96,1.50
commercial-printing-145,commercial printing,financial_ratios,Dividend Yield,1.44%,0.00%
communication-components-230,communication components,performance,1 Month,0.55,12.04
communication-components-230,communication components,performance,3 Months,2.73,-13.72
communication-components-230,communication components,performance,YTD,12.91,95.75
communication-components-230,communication components,performance,1 Year,15.47,143.83
communication-components-230,communication components,performance,3 Years,84.19,513.69
communication-components-230,communication components,performance,5 Years,84.39,383.61
communication-components-230,communication components,industry_earnings,PE (F1),17.13,28.53
communication-components-230,communication components,industry_earnings,PEG (Ratio),1.73,2.50
communication-components-230,communication components,industry_earnings,Proj EPS Growth,11.19%,38.50%
communication-components-230,communication components,industry_earnings,Hist EPS Growth,7.03%,-0.42%
communication-components-230,communication components,industry_earnings,Net Margin,12.94%,-2.29%
communication-components-230,communication components,industry_earnings,Hist Sales Growth,6.19%,2.20%
communication-components-230,communication components,industry_earnings,Hist Dividend Growth,3.80%,0.00%
communication-components-230,communication components,financial_ratios,Beta,0.94,1.07
communication-components-230,communication components,financial_ratios,ROE,17.83,9.05
communication-components-230,communication components,financial_ratios,ROA,7.54,3.45
communication-components-230,communication components,financial_ratios,ROI,11.97,6.99
communication-components-230,communication components,financial_ratios,Debt-to-Equity,0.56,0.02
communication-components-230,communication components,financial_ratios,Current Ratio,1.19,2.14
communication-components-230,communication components,financial_ratios,Cash Flow ($/share),"3,065.15",9.38
communication-components-230,communication components,financial_ratios,Price to Book,3.80,1.86
communication-components-230,communication components,financial_ratios,Price To Sales,2.96,1.48
communication-components-230,communication components,financial_ratios,Dividend Yield,1.44%,0.00%
communication-infrastructure-228,communication infrastructure,performance,1 Month,0.55,-4.98
communication-infrastructure-228,communication infrastructure,performance,3 Months,2.73,-19.93
communication-infrastructure-228,communication infrastructure,performance,YTD,12.91,62.32
communication-infrastructure-228,communication infrastructure,performance,1 Year,15.47,71.26
communication-infrastructure-228,communication infrastructure,performance,3 Years,84.19,97.24
communication-infrastructure-228,communication infrastructure,performance,5 Years,84.39,-81.45
communication-infrastructure-228,communication infrastructure,industry_earnings,PE (F1),17.13,24.41
communication-infrastructure-228,communication infrastructure,industry_earnings,PEG (Ratio),1.73,1.16
communication-infrastructure-228,communication infrastructure,industry_earnings,Proj EPS Growth,11.19%,-54.19%
communication-infrastructure-228,communication infrastructure,industry_earnings,Hist EPS Growth,7.03%,
communication-infrastructure-228,communication infrastructure,industry_earnings,Net Margin,12.94%,8.17%
communication-infrastructure-228,communication infrastructure,industry_earnings,Hist Sales Growth,6.19%,12.22%
communication-infrastructure-228,communication infrastructure,industry_earnings,Hist Dividend Growth,3.80%,0.00%
communication-infrastructure-228,communication infrastructure,financial_ratios,Beta,0.94,0.73
communication-infrastructure-228,communication infrastructure,financial_ratios,ROE,17.83,-10.65
communication-infrastructure-228,communication infrastructure,financial_ratios,ROA,7.54,0.70
communication-infrastructure-228,communication infrastructure,financial_ratios,ROI,11.97,1.15
communication-infrastructure-228,communication infrastructure,financial_ratios,Debt-to-Equity,0.56,0.44
communication-infrastructure-228,communication infrastructure,financial_ratios,Current Ratio,1.19,2.80
communication-infrastructure-228,communication infrastructure,financial_ratios,Cash Flow ($/share),"3,065.15",91.10
communication-infrastructure-228,communication infrastructure,financial_ratios,Price to Book,3.80,5.47
communication-infrastructure-228,communication infrastructure,financial_ratios,Price To Sales,2.96,2.43
communication-infrastructure-228,communication infrastructure,financial_ratios,Dividend Yield,1.44%,0.00%
communication-network-software-231,communication network software,performance,1 Month,0.55,-3.03
communication-network-software-231,communication network software,performance,3 Months,2.73,-46.44
communication-network-software-231,communication network software,performance,YTD,12.91,-62.06
communication-network-software-231,communication network software,performance,1 Year,15.47,-59.45
communication-network-software-231,communication network software,performance,3 Years,84.19,29.73
communication-network-software-231,communication network software,performance,5 Years,84.39,-61.17
communication-network-software-231,communication network software,industry_earnings,PE (F1),17.13,13.52
communication-network-software-231,communication network software,industry_earnings,PEG (Ratio),1.73,
communication-network-software-231,communication network software,industry_earnings,Proj EPS Growth,11.19%,31.17%
communication-network-software-231,communication network software,industry_earnings,Hist EPS Growth,7.03%,2.80%
communication-network-software-231,communication network software,industry_earnings,Net Margin,12.94%,1.96%
communication-network-software-231,communication network software,industry_earnings,Hist Sales Growth,6.19%,-8.86%
communication-network-software-231,communication network software,industry_earnings,Hist Dividend Growth,3.80%,0.00%
communication-network-software-231,communication network software,financial_ratios,Beta,0.94,1.12
communication-network-software-231,communication network software,financial_ratios,ROE,17.83,17.88
communication-network-software-231,communication network software,financial_ratios,ROA,7.54,4.61
communication-network-software-231,communication network software,financial_ratios,ROI,11.97,5.82
communication-network-software-231,communication network software,financial_ratios,Debt-to-Equity,0.56,0.00
communication-network-software-231,communication network software,financial_ratios,Current Ratio,1.19,1.51
communication-network-software-231,communication network software,financial_ratios,Cash Flow ($/share),"3,065.15",47.17
communication-network-software-231,communication network software,financial_ratios,Price to Book,3.80,0.79
communication-network-software-231,communication network software,financial_ratios,Price To Sales,2.96,0.48
communication-network-software-231,communication network software,financial_ratios,Dividend Yield,1.44%,0.00%
computer-graphics-39,computer graphics,performance,1 Month,0.55,
computer-graphics-39,computer graphics,performance,3 Months,2.73,
computer-graphics-39,computer graphics,performance,YTD,12.91,
computer-graphics-39,computer graphics,performance,1 Year,15.47,
computer-graphics-39,computer graphics,performance,3 Years,84.19,
computer-graphics-39,computer graphics,performance,5 Years,84.39,
computer-graphics-39,computer graphics,industry_earnings,PE (F1),17.13,
computer-graphics-39,computer graphics,industry_earnings,PEG (Ratio),1.73,
computer-graphics-39,computer graphics,industry_earnings,Proj EPS Growth,11.19%,
computer-graphics-39,computer graphics,industry_earnings,Hist EPS Growth,7.03%,
computer-graphics-39,computer graphics,industry_earnings,Net Margin,12.94%,
computer-graphics-39,computer graphics,industry_earnings,Hist Sales Growth,6.19%,
computer-graphics-39,computer graphics,industry_earnings,Hist Dividend Growth,3.80%,
computer-graphics-39,computer graphics,financial_ratios,Beta,0.94,
computer-graphics-39,computer graphics,financial_ratios,ROE,17.83,
computer-graphics-39,computer graphics,financial_ratios,ROA,7.54,
computer-graphics-39,computer graphics,financial_ratios,ROI,11.97,
computer-graphics-39,computer graphics,financial_ratios,Debt-to-Equity,0.56,
computer-graphics-39,computer graphics,financial_ratios,Current Ratio,1.19,
computer-graphics-39,computer graphics,financial_ratios,Cash Flow ($/share),"3,065.15",
computer-graphics-39,computer graphics,financial_ratios,Price to Book,3.80,
computer-graphics-39,computer graphics,financial_ratios,Price To Sales,2.96,
computer-graphics-39,computer graphics,financial_ratios,Dividend Yield,1.44%,
computer-integrated-systems-203,computer integrated systems,performance,1 Month,0.55,20.96
computer-integrated-systems-203,computer integrated systems,performance,3 Months,2.73,6.33
computer-integrated-systems-203,computer integrated systems,performance,YTD,12.91,139.94
computer-integrated-systems-203,computer integrated systems,performance,1 Year,15.47,198.36
computer-integrated-systems-203,computer integrated systems,performance,3 Years,84.19,482.66
computer-integrated-systems-203,computer integrated systems,performance,5 Years,84.39,491.48
computer-integrated-systems-203,computer integrated systems,industry_earnings,PE (F1),17.13,21.49
computer-integrated-systems-203,computer integrated systems,industry_earnings,PEG (Ratio),1.73,0.69
computer-integrated-systems-203,computer integrated systems,industry_earnings,Proj EPS Growth,11.19%,59.77%
computer-integrated-systems-203,computer integrated systems,industry_earnings,Hist EPS Growth,7.03%,5.76%
computer-integrated-systems-203,computer integrated systems,industry_earnings,Net Margin,12.94%,12.99%
computer-integrated-systems-203,computer integrated systems,industry_earnings,Hist Sales Growth,6.19%,4.68%
computer-integrated-systems-203,computer integrated systems,industry_earnings,Hist Dividend Growth,3.80%,0.00%
computer-integrated-systems-203,computer integrated systems,financial_ratios,Beta,0.94,1.69
computer-integrated-systems-203,computer integrated systems,financial_ratios,ROE,17.83,12.30
computer-integrated-systems-203,computer integrated systems,financial_ratios,ROA,7.54,6.27
computer-integrated-systems-203,computer integrated systems,financial_ratios,ROI,11.97,11.87
computer-integrated-systems-203,computer integrated systems,financial_ratios,Debt-to-Equity,0.56,0.03
computer-integrated-systems-203,computer integrated systems,financial_ratios,Current Ratio,1.19,2.40
computer-integrated-systems-203,computer integrated systems,financial_ratios,Cash Flow ($/share),"3,065.15",105.50
computer-integrated-systems-203,computer integrated systems,financial_ratios,Price to Book,3.80,5.23
computer-integrated-systems-203,computer integrated systems,financial_ratios,Price To Sales,2.96,7.84
computer-integrated-systems-203,computer integrated systems,financial_ratios,Dividend Yield,1.44%,0.00%
computer-mainframe-40,computer mainframe,performance,1 Month,0.55,
computer-mainframe-40,computer mainframe,performance,3 Months,2.73,
computer-mainframe-40,computer mainframe,performance,YTD,12.91,
computer-mainframe-40,computer mainframe,performance,1 Year,15.47,
computer-mainframe-40,computer mainframe,performance,3 Years,84.19,
computer-mainframe-40,computer mainframe,performance,5 Years,84.39,
computer-mainframe-40,computer mainframe,industry_earnings,PE (F1),17.13,
computer-mainframe-40,computer mainframe,industry_earnings,PEG (Ratio),1.73,
computer-mainframe-40,computer mainframe,industry_earnings,Proj EPS Growth,11.19%,
computer-mainframe-40,computer mainframe,industry_earnings,Hist EPS Growth,7.03%,
computer-mainframe-40,computer mainframe,industry_earnings,Net Margin,12.94%,
computer-mainframe-40,computer mainframe,industry_earnings,Hist Sales Growth,6.19%,
computer-mainframe-40,computer mainframe,industry_earnings,Hist Dividend Growth,3.80%,
computer-mainframe-40,computer mainframe,financial_ratios,Beta,0.94,
computer-mainframe-40,computer mainframe,financial_ratios,ROE,17.83,
computer-mainframe-40,computer mainframe,financial_ratios,ROA,7.54,
computer-mainframe-40,computer mainframe,financial_ratios,ROI,11.97,
computer-mainframe-40,computer mainframe,financial_ratios,Debt-to-Equity,0.56,
computer-mainframe-40,computer mainframe,financial_ratios,Current Ratio,1.19,
computer-mainframe-40,computer mainframe,financial_ratios,Cash Flow ($/share),"3,065.15",
computer-mainframe-40,computer mainframe,financial_ratios,Price to Book,3.80,
computer-mainframe-40,computer mainframe,financial_ratios,Price To Sales,2.96,
computer-mainframe-40,computer mainframe,financial_ratios,Dividend Yield,1.44%,
computer-micro-computers-41,computer micro computers,performance,1 Month,0.55,3.00
computer-micro-computers-41,computer micro computers,performance,3 Months,2.73,13.25
computer-micro-computers-41,computer micro computers,performance,YTD,12.91,28.01
computer-micro-computers-41,computer micro computers,performance,1 Year,15.47,35.26
computer-micro-computers-41,computer micro computers,performance,3 Years,84.19,102.94
computer-micro-computers-41,computer micro computers,performance,5 Years,84.39,140.38
computer-micro-computers-41,computer micro computers,industry_earnings,PE (F1),17.13,20.76
computer-micro-computers-41,computer micro computers,industry_earnings,PEG (Ratio),1.73,1.67
computer-micro-computers-41,computer micro computers,industry_earnings,Proj EPS Growth,11.19%,66.11%
computer-micro-computers-41,computer micro computers,industry_earnings,Hist EPS Growth,7.03%,4.69%
computer-micro-computers-41,computer micro computers,industry_earnings,Net Margin,12.94%,4.14%
computer-micro-computers-41,computer micro computers,industry_earnings,Hist Sales Growth,6.19%,3.00%
computer-micro-computers-41,computer micro computers,industry_earnings,Hist Dividend Growth,3.80%,3.75%
computer-micro-computers-41,computer micro computers,financial_ratios,Beta,0.94,1.27
computer-micro-computers-41,computer micro computers,financial_ratios,ROE,17.83,2.22
computer-micro-computers-41,computer micro computers,financial_ratios,ROA,7.54,7.43
computer-micro-computers-41,computer micro computers,financial_ratios,ROI,11.97,38.67
computer-micro-computers-41,computer micro computers,financial_ratios,Debt-to-Equity,0.56,0.00
computer-micro-computers-41,computer micro computers,financial_ratios,Current Ratio,1.19,0.98
computer-micro-computers-41,computer micro computers,financial_ratios,Cash Flow ($/share),"3,065.15","3,888.00"
computer-micro-computers-41,computer micro computers,financial_ratios,Price to Book,3.80,6.69
computer-micro-computers-41,computer micro computers,financial_ratios,Price To Sales,2.96,2.28
computer-micro-computers-41,computer micro computers,financial_ratios,Dividend Yield,1.44%,0.40%
computer-mini-computers-199,computer mini computers,performance,1 Month,0.55,
computer-mini-computers-199,computer mini computers,performance,3 Months,2.73,
computer-mini-computers-199,computer mini computers,performance,YTD,12.91,
computer-mini-computers-199,computer mini computers,performance,1 Year,15.47,
computer-mini-computers-199,computer mini computers,performance,3 Years,84.19,
computer-mini-computers-199,computer mini computers,performance,5 Years,84.39,
computer-mini-computers-199,computer mini computers,industry_earnings,PE (F1),17.13,
computer-mini-computers-199,computer mini computers,industry_earnings,PEG (Ratio),1.73,
computer-mini-computers-199,computer mini computers,industry_earnings,Proj EPS Growth,11.19%,
computer-mini-computers-199,computer mini computers,industry_earnings,Hist EPS Growth,7.03%,
computer-mini-computers-199,computer mini computers,industry_earnings,Net Margin,12.94%,
computer-mini-computers-199,computer mini computers,industry_earnings,Hist Sales Growth,6.19%,
computer-mini-computers-199,computer mini computers,industry_earnings,Hist Dividend Growth,3.80%,
computer-mini-computers-199,computer mini computers,financial_ratios,Beta,0.94,
computer-mini-computers-199,computer mini computers,financial_ratios,ROE,17.83,
computer-mini-computers-199,computer mini computers,financial_ratios,ROA,7.54,
computer-mini-computers-199,computer mini computers,financial_ratios,ROI,11.97,
computer-mini-computers-199,computer mini computers,financial_ratios,Debt-to-Equity,0.56,
computer-mini-computers-199,computer mini computers,financial_ratios,Current Ratio,1.19,
computer-mini-computers-199,computer mini computers,financial_ratios,Cash Flow ($/share),"3,065.15",
computer-mini-computers-199,computer mini computers,financial_ratios,Price to Book,3.80,
computer-mini-computers-199,computer mini computers,financial_ratios,Price To Sales,2.96,
computer-mini-computers-199,computer mini computers,financial_ratios,Dividend Yield,1.44%,
computer-networking-198,computer networking,performance,1 Month,0.55,-0.78
computer-networking-198,computer networking,performance,3 Months,2.73,-7.19
computer-networking-198,computer networking,performance,YTD,12.91,40.78
computer-networking-198,computer networking,performance,1 Year,15.47,57.12
computer-networking-198,computer networking,performance,3 Years,84.19,98.54
computer-networking-198,computer networking,performance,5 Years,84.39,94.57
computer-networking-198,computer networking,industry_earnings,PE (F1),17.13,22.22
computer-networking-198,computer networking,industry_earnings,PEG (Ratio),1.73,1.40
computer-networking-198,computer networking,industry_earnings,Proj EPS Growth,11.19%,18.03%
computer-networking-198,computer networking,industry_earnings,Hist EPS Growth,7.03%,19.96%
computer-networking-198,computer networking,industry_earnings,Net Margin,12.94%,8.43%
computer-networking-198,computer networking,industry_earnings,Hist Sales Growth,6.19%,2.28%
computer-networking-198,computer networking,industry_earnings,Hist Dividend Growth,3.80%,0.00%
computer-networking-198,computer networking,financial_ratios,Beta,0.94,0.73
computer-networking-198,computer networking,financial_ratios,ROE,17.83,7.88
computer-networking-198,computer networking,financial_ratios,ROA,7.54,6.46
computer-networking-198,computer networking,financial_ratios,ROI,11.97,9.66
computer-networking-198,computer networking,financial_ratios,Debt-to-Equity,0.56,0.02
computer-networking-198,computer networking,financial_ratios,Current Ratio,1.19,1.73
computer-networking-198,computer networking,financial_ratios,Cash Flow ($/share),"3,065.15",5.99
computer-networking-198,computer networking,financial_ratios,Price to Book,3.80,2.60
computer-networking-198,computer networking,financial_ratios,Price To Sales,2.96,2.63
computer-networking-198,computer networking,financial_ratios,Dividend Yield,1.44%,0.00%
computer-optical-imaging-138,computer optical imaging,performance,1 Month,0.55,0.62
computer-optical-imaging-138,computer optical imaging,performance,3 Months,2.73,-10.87
computer-optical-imaging-138,computer optical imaging,performance,YTD,12.91,70.14
computer-optical-imaging-138,computer optical imaging,performance,1 Year,15.47,83.73
computer-optical-imaging-138,computer optical imaging,performance,3 Years,84.19,67.44
computer-optical-imaging-138,computer optical imaging,performance,5 Years,84.39,-6.80
computer-optical-imaging-138,computer optical imaging,industry_earnings,PE (F1),17.13,13.91
computer-optical-imaging-138,computer optical imaging,industry_earnings,PEG (Ratio),1.73,
computer-optical-imaging-138,computer optical imaging,industry_earnings,Proj EPS Growth,11.19%,12.17%
computer-optical-imaging-138,computer optical imaging,industry_earnings,Hist EPS Growth,7.03%,5.61%
computer-optical-imaging-138,computer optical imaging,industry_earnings,Net Margin,12.94%,11.39%
computer-optical-imaging-138,computer optical imaging,industry_earnings,Hist Sales Growth,6.19%,8.84%
computer-optical-imaging-138,computer optical imaging,industry_earnings,Hist Dividend Growth,3.80%,0.00%
computer-optical-imaging-138,computer optical imaging,financial_ratios,Beta,0.94,0.63
computer-optical-imaging-138,computer optical imaging,financial_ratios,ROE,17.83,19.16
computer-optical-imaging-138,computer optical imaging,financial_ratios,ROA,7.54,11.32
computer-optical-imaging-138,computer optical imaging,financial_ratios,ROI,11.97,17.45
computer-optical-imaging-138,computer optical imaging,financial_ratios,Debt-to-Equity,0.56,0.19
computer-optical-imaging-138,computer optical imaging,financial_ratios,Current Ratio,1.19,2.74
computer-optical-imaging-138,computer optical imaging,financial_ratios,Cash Flow ($/share),"3,065.15",34.25
computer-optical-imaging-138,computer optical imaging,financial_ratios,Price to Book,3.80,3.24
computer-optical-imaging-138,computer optical imaging,financial_ratios,Price To Sales,2.96,4.09
computer-optical-imaging-138,computer optical imaging,financial_ratios,Dividend Yield,1.44%,0.00%
computer-peripheral-equipment-42,computer peripheral equipment,performance,1 Month,0.55,3.02
computer-peripheral-equipment-42,computer peripheral equipment,performance,3 Months,2.73,3.56
computer-peripheral-equipment-42,computer peripheral equipment,performance,YTD,12.91,-4.25
computer-peripheral-equipment-42,computer peripheral equipment,performance,1 Year,15.47,169.36
computer-peripheral-equipment-42,computer peripheral equipment,performance,3 Years,84.19,-6.86
computer-peripheral-equipment-42,computer peripheral equipment,performance,5 Years,84.39,-35.37
computer-peripheral-equipment-42,computer peripheral equipment,industry_earnings,PE (F1),17.13,25.75
computer-peripheral-equipment-42,computer peripheral equipment,industry_earnings,PEG (Ratio),1.73,3.37
computer-peripheral-equipment-42,computer peripheral equipment,industry_earnings,Proj EPS Growth,11.19%,1.27%
computer-peripheral-equipment-42,computer peripheral equipment,industry_earnings,Hist EPS Growth,7.03%,-3.27%
computer-peripheral-equipment-42,computer peripheral equipment,industry_earnings,Net Margin,12.94%,-1.07%
computer-peripheral-equipment-42,computer peripheral equipment,industry_earnings,Hist Sales Growth,6.19%,-3.39%
computer-peripheral-equipment-42,computer peripheral equipment,industry_earnings,Hist Dividend Growth,3.80%,0.00%
computer-peripheral-equipment-42,computer peripheral equipment,financial_ratios,Beta,0.94,1.57
computer-peripheral-equipment-42,computer peripheral equipment,financial_ratios,ROE,17.83,-2.26
computer-peripheral-equipment-42,computer peripheral equipment,financial_ratios,ROA,7.54,-1.00
computer-peripheral-equipment-42,computer peripheral equipment,financial_ratios,ROI,11.97,-1.51
computer-peripheral-equipment-42,computer peripheral equipment,financial_ratios,Debt-to-Equity,0.56,0.07
computer-peripheral-equipment-42,computer peripheral equipment,financial_ratios,Current Ratio,1.19,2.23
computer-peripheral-equipment-42,computer peripheral equipment,financial_ratios,Cash Flow ($/share),"3,065.15",3.10
computer-peripheral-equipment-42,computer peripheral equipment,financial_ratios,Price to Book,3.80,1.57
computer-peripheral-equipment-42,computer peripheral equipment,financial_ratios,Price To Sales,2.96,0.77
computer-peripheral-equipment-42,computer peripheral equipment,financial_ratios,Dividend Yield,1.44%,0.00%
computer-services-43,computer services,performance,1 Month,0.55,-1.12
computer-services-43,computer services,performance,3 Months,2.73,14.83
computer-services-43,computer services,performance,YTD,12.91,-5.15
computer-services-43,computer services,performance,1 Year,15.47,-0.92
computer-services-43,computer services,performance,3 Years,84.19,7.39
computer-services-43,computer services,performance,5 Years,84.39,20.12
computer-services-43,computer services,industry_earnings,PE (F1),17.13,18.70
computer-services-43,computer services,industry_earnings,PEG (Ratio),1.73,1.59
computer-services-43,computer services,industry_earnings,Proj EPS Growth,11.19%,15.55%
computer-services-43,computer services,industry_earnings,Hist EPS Growth,7.03%,4.75%
computer-services-43,computer services,industry_earnings,Net Margin,12.94%,8.07%
computer-services-43,computer services,industry_earnings,Hist Sales Growth,6.19%,4.67%
computer-services-43,computer services,industry_earnings,Hist Dividend Growth,3.80%,0.00%
computer-services-43,computer services,financial_ratios,Beta,0.94,0.74
computer-services-43,computer services,financial_ratios,ROE,17.83,11.05
computer-services-43,computer services,financial_ratios,ROA,7.54,3.48
computer-services-43,computer services,financial_ratios,ROI,11.97,7.04
computer-services-43,computer services,financial_ratios,Debt-to-Equity,0.56,0.15
computer-services-43,computer services,financial_ratios,Current Ratio,1.19,1.27
computer-services-43,computer services,financial_ratios,Cash Flow ($/share),"3,065.15",171.71
computer-services-43,computer services,financial_ratios,Price to Book,3.80,2.97
computer-services-43,computer services,financial_ratios,Price To Sales,2.96,1.35
computer-services-43,computer services,financial_ratios,Dividend Yield,1.44%,0.00%
computer-software-44,computer software,performance,1 Month,0.55,1.31
computer-software-44,computer software,performance,3 Months,2.73,26.47
computer-software-44,computer software,performance,YTD,12.91,-3.05
computer-software-44,computer software,performance,1 Year,15.47,-13.32
computer-software-44,computer software,performance,3 Years,84.19,43.85
computer-software-44,computer software,performance,5 Years,84.39,53.83
computer-software-44,computer software,industry_earnings,PE (F1),17.13,15.71
computer-software-44,computer software,industry_earnings,PEG (Ratio),1.73,1.45
computer-software-44,computer software,industry_earnings,Proj EPS Growth,11.19%,11.90%
computer-software-44,computer software,industry_earnings,Hist EPS Growth,7.03%,15.77%
computer-software-44,computer software,industry_earnings,Net Margin,12.94%,18.12%
computer-software-44,computer software,industry_earnings,Hist Sales Growth,6.19%,10.95%
computer-software-44,computer software,industry_earnings,Hist Dividend Growth,3.80%,0.00%
computer-software-44,computer software,financial_ratios,Beta,0.94,0.99
computer-software-44,computer software,financial_ratios,ROE,17.83,25.31
computer-software-44,computer software,financial_ratios,ROA,7.54,8.73
computer-software-44,computer software,financial_ratios,ROI,11.97,12.50
computer-software-44,computer software,financial_ratios,Debt-to-Equity,0.56,0.16
computer-software-44,computer software,financial_ratios,Current Ratio,1.19,1.30
computer-software-44,computer software,financial_ratios,Cash Flow ($/share),"3,065.15",407.56
computer-software-44,computer software,financial_ratios,Price to Book,3.80,3.73
computer-software-44,computer software,financial_ratios,Price To Sales,2.96,3.57
computer-software-44,computer software,financial_ratios,Dividend Yield,1.44%,0.00%
computer-storage-devices-202,computer storage devices,performance,1 Month,0.55,11.50
computer-storage-devices-202,computer storage devices,performance,3 Months,2.73,-11.21
computer-storage-devices-202,computer storage devices,performance,YTD,12.91,256.99
computer-storage-devices-202,computer storage devices,performance,1 Year,15.47,302.85
computer-storage-devices-202,computer storage devices,performance,3 Years,84.19,709.83
computer-storage-devices-202,computer storage devices,performance,5 Years,84.39,755.57
computer-storage-devices-202,computer storage devices,industry_earnings,PE (F1),17.13,11.05
computer-storage-devices-202,computer storage devices,industry_earnings,PEG (Ratio),1.73,1.47
computer-storage-devices-202,computer storage devices,industry_earnings,Proj EPS Growth,11.19%,96.02%
computer-storage-devices-202,computer storage devices,industry_earnings,Hist EPS Growth,7.03%,11.00%
computer-storage-devices-202,computer storage devices,industry_earnings,Net Margin,12.94%,5.71%
computer-storage-devices-202,computer storage devices,industry_earnings,Hist Sales Growth,6.19%,-5.44%
computer-storage-devices-202,computer storage devices,industry_earnings,Hist Dividend Growth,3.80%,0.00%
computer-storage-devices-202,computer storage devices,financial_ratios,Beta,0.94,2.07
computer-storage-devices-202,computer storage devices,financial_ratios,ROE,17.83,47.25
computer-storage-devices-202,computer storage devices,financial_ratios,ROA,7.54,9.70
computer-storage-devices-202,computer storage devices,financial_ratios,ROI,11.97,24.55
computer-storage-devices-202,computer storage devices,financial_ratios,Debt-to-Equity,0.56,0.00
computer-storage-devices-202,computer storage devices,financial_ratios,Current Ratio,1.19,1.39
computer-storage-devices-202,computer storage devices,financial_ratios,Cash Flow ($/share),"3,065.15",339.00
computer-storage-devices-202,computer storage devices,financial_ratios,Price to Book,3.80,16.82
computer-storage-devices-202,computer storage devices,financial_ratios,Price To Sales,2.96,6.09
computer-storage-devices-202,computer storage devices,financial_ratios,Dividend Yield,1.44%,0.00%
computers-it-services-218,computers it services,performance,1 Month,0.55,-2.72
computers-it-services-218,computers it services,performance,3 Months,2.73,13.06
computers-it-services-218,computers it services,performance,YTD,12.91,-14.06
computers-it-services-218,computers it services,performance,1 Year,15.47,-17.32
computers-it-services-218,computers it services,performance,3 Years,84.19,-2.41
computers-it-services-218,computers it services,performance,5 Years,84.39,-18.95
computers-it-services-218,computers it services,industry_earnings,PE (F1),17.13,13.26
computers-it-services-218,computers it services,industry_earnings,PEG (Ratio),1.73,1.37
computers-it-services-218,computers it services,industry_earnings,Proj EPS Growth,11.19%,11.11%
computers-it-services-218,computers it services,industry_earnings,Hist EPS Growth,7.03%,7.97%
computers-it-services-218,computers it services,industry_earnings,Net Margin,12.94%,1.47%
computers-it-services-218,computers it services,industry_earnings,Hist Sales Growth,6.19%,6.10%
computers-it-services-218,computers it services,industry_earnings,Hist Dividend Growth,3.80%,0.00%
computers-it-services-218,computers it services,financial_ratios,Beta,0.94,0.98
computers-it-services-218,computers it services,financial_ratios,ROE,17.83,2.52
computers-it-services-218,computers it services,financial_ratios,ROA,7.54,2.69
computers-it-services-218,computers it services,financial_ratios,ROI,11.97,7.07
computers-it-services-218,computers it services,financial_ratios,Debt-to-Equity,0.56,0.01
computers-it-services-218,computers it services,financial_ratios,Current Ratio,1.19,1.80
computers-it-services-218,computers it services,financial_ratios,Cash Flow ($/share),"3,065.15",12.47
computers-it-services-218,computers it services,financial_ratios,Price to Book,3.80,2.12
computers-it-services-218,computers it services,financial_ratios,Price To Sales,2.96,1.63
computers-it-services-218,computers it services,financial_ratios,Dividend Yield,1.44%,0.00%
consulting-services-277,consulting services,performance,1 Month,0.55,-9.75
consulting-services-277,consulting services,performance,3 Months,2.73,9.32
consulting-services-277,consulting services,performance,YTD,12.91,-24.71
consulting-services-277,consulting services,performance,1 Year,15.47,-32.84
consulting-services-277,consulting services,performance,3 Years,84.19,-29.51
consulting-services-277,consulting services,performance,5 Years,84.39,-27.93
consulting-services-277,consulting services,industry_earnings,PE (F1),17.13,15.27
consulting-services-277,consulting services,industry_earnings,PEG (Ratio),1.73,1.13
consulting-services-277,consulting services,industry_earnings,Proj EPS Growth,11.19%,11.55%
consulting-services-277,consulting services,industry_earnings,Hist EPS Growth,7.03%,8.92%
consulting-services-277,consulting services,industry_earnings,Net Margin,12.94%,6.20%
consulting-services-277,consulting services,industry_earnings,Hist Sales Growth,6.19%,7.50%
consulting-services-277,consulting services,industry_earnings,Hist Dividend Growth,3.80%,0.00%
consulting-services-277,consulting services,financial_ratios,Beta,0.94,0.70
consulting-services-277,consulting services,financial_ratios,ROE,17.83,21.61
consulting-services-277,consulting services,financial_ratios,ROA,7.54,8.36
consulting-services-277,consulting services,financial_ratios,ROI,11.97,13.11
consulting-services-277,consulting services,financial_ratios,Debt-to-Equity,0.56,0.62
consulting-services-277,consulting services,financial_ratios,Current Ratio,1.19,1.66
consulting-services-277,consulting services,financial_ratios,Cash Flow ($/share),"3,065.15",145.26
consulting-services-277,consulting services,financial_ratios,Price to Book,3.80,4.05
consulting-services-277,consulting services,financial_ratios,Price To Sales,2.96,1.11
consulting-services-277,consulting services,financial_ratios,Dividend Yield,1.44%,0.00%
consumer-products-discretionary-123,consumer products discretionary,performance,1 Month,0.55,-7.95
consumer-products-discretionary-123,consumer products discretionary,performance,3 Months,2.73,-3.61
consumer-products-discretionary-123,consumer products discretionary,performance,YTD,12.91,2.75
consumer-products-discretionary-123,consumer products discretionary,performance,1 Year,15.47,9.36
consumer-products-discretionary-123,consumer products discretionary,performance,3 Years,84.19,20.31
consumer-products-discretionary-123,consumer products discretionary,performance,5 Years,84.39,-39.43
consumer-products-discretionary-123,consumer products discretionary,industry_earnings,PE (F1),17.13,14.50
consumer-products-discretionary-123,consumer products discretionary,industry_earnings,PEG (Ratio),1.73,1.74
consumer-products-discretionary-123,consumer products discretionary,industry_earnings,Proj EPS Growth,11.19%,13.20%
consumer-products-discretionary-123,consumer products discretionary,industry_earnings,Hist EPS Growth,7.03%,3.47%
consumer-products-discretionary-123,consumer products discretionary,industry_earnings,Net Margin,12.94%,1.29%
consumer-products-discretionary-123,consumer products discretionary,industry_earnings,Hist Sales Growth,6.19%,-1.63%
consumer-products-discretionary-123,consumer products discretionary,industry_earnings,Hist Dividend Growth,3.80%,0.00%
consumer-products-discretionary-123,consumer products discretionary,financial_ratios,Beta,0.94,0.96
consumer-products-discretionary-123,consumer products discretionary,financial_ratios,ROE,17.83,8.77
consumer-products-discretionary-123,consumer products discretionary,financial_ratios,ROA,7.54,3.00
consumer-products-discretionary-123,consumer products discretionary,financial_ratios,ROI,11.97,6.18
consumer-products-discretionary-123,consumer products discretionary,financial_ratios,Debt-to-Equity,0.56,0.33
consumer-products-discretionary-123,consumer products discretionary,financial_ratios,Current Ratio,1.19,1.83
consumer-products-discretionary-123,consumer products discretionary,financial_ratios,Cash Flow ($/share),"3,065.15",64.10
consumer-products-discretionary-123,consumer products discretionary,financial_ratios,Price to Book,3.80,1.31
consumer-products-discretionary-123,consumer products discretionary,financial_ratios,Price To Sales,2.96,0.64
consumer-products-discretionary-123,consumer products discretionary,financial_ratios,Dividend Yield,1.44%,0.00%
consumer-products-staples-207,consumer products staples,performance,1 Month,0.55,-4.18
consumer-products-staples-207,consumer products staples,performance,3 Months,2.73,-4.49
consumer-products-staples-207,consumer products staples,performance,YTD,12.91,-1.61
consumer-products-staples-207,consumer products staples,performance,1 Year,15.47,-6.84
consumer-products-staples-207,consumer products staples,performance,3 Years,84.19,-3.79
consumer-products-staples-207,consumer products staples,performance,5 Years,84.39,-22.76
consumer-products-staples-207,consumer products staples,industry_earnings,PE (F1),17.13,19.59
consumer-products-staples-207,consumer products staples,industry_earnings,PEG (Ratio),1.73,2.47
consumer-products-staples-207,consumer products staples,industry_earnings,Proj EPS Growth,11.19%,5.34%
consumer-products-staples-207,consumer products staples,industry_earnings,Hist EPS Growth,7.03%,2.86%
consumer-products-staples-207,consumer products staples,industry_earnings,Net Margin,12.94%,0.85%
consumer-products-staples-207,consumer products staples,industry_earnings,Hist Sales Growth,6.19%,1.93%
consumer-products-staples-207,consumer products staples,industry_earnings,Hist Dividend Growth,3.80%,0.00%
consumer-products-staples-207,consumer products staples,financial_ratios,Beta,0.94,0.48
consumer-products-staples-207,consumer products staples,financial_ratios,ROE,17.83,12.31
consumer-products-staples-207,consumer products staples,financial_ratios,ROA,7.54,2.35
consumer-products-staples-207,consumer products staples,financial_ratios,ROI,11.97,4.11
consumer-products-staples-207,consumer products staples,financial_ratios,Debt-to-Equity,0.56,0.32
consumer-products-staples-207,consumer products staples,financial_ratios,Current Ratio,1.19,1.14
consumer-products-staples-207,consumer products staples,financial_ratios,Cash Flow ($/share),"3,065.15",187.28
consumer-products-staples-207,consumer products staples,financial_ratios,Price to Book,3.80,3.05
consumer-products-staples-207,consumer products staples,financial_ratios,Price To Sales,2.96,0.61
consumer-products-staples-207,consumer products staples,financial_ratios,Dividend Yield,1.44%,0.00%
consumer-services-miscellaneous-289,consumer services miscellaneous,performance,1 Month,0.55,-15.12
consumer-services-miscellaneous-289,consumer services miscellaneous,performance,3 Months,2.73,-5.90
consumer-services-miscellaneous-289,consumer services miscellaneous,performance,YTD,12.91,-3.06
consumer-services-miscellaneous-289,consumer services miscellaneous,performance,1 Year,15.47,-12.32
consumer-services-miscellaneous-289,consumer services miscellaneous,performance,3 Years,84.19,-8.46
consumer-services-miscellaneous-289,consumer services miscellaneous,performance,5 Years,84.39,-16.65
consumer-services-miscellaneous-289,consumer services miscellaneous,industry_earnings,PE (F1),17.13,17.89
consumer-services-miscellaneous-289,consumer services miscellaneous,industry_earnings,PEG (Ratio),1.73,6.12
consumer-services-miscellaneous-289,consumer services miscellaneous,industry_earnings,Proj EPS Growth,11.19%,-18.56%
consumer-services-miscellaneous-289,consumer services miscellaneous,industry_earnings,Hist EPS Growth,7.03%,-4.51%
consumer-services-miscellaneous-289,consumer services miscellaneous,industry_earnings,Net Margin,12.94%,1.64%
consumer-services-miscellaneous-289,consumer services miscellaneous,industry_earnings,Hist Sales Growth,6.19%,-1.49%
consumer-services-miscellaneous-289,consumer services miscellaneous,industry_earnings,Hist Dividend Growth,3.80%,0.00%
consumer-services-miscellaneous-289,consumer services miscellaneous,financial_ratios,Beta,0.94,0.92
consumer-services-miscellaneous-289,consumer services miscellaneous,financial_ratios,ROE,17.83,0.80
consumer-services-miscellaneous-289,consumer services miscellaneous,financial_ratios,ROA,7.54,2.88
consumer-services-miscellaneous-289,consumer services miscellaneous,financial_ratios,ROI,11.97,8.99
consumer-services-miscellaneous-289,consumer services miscellaneous,financial_ratios,Debt-to-Equity,0.56,0.25
consumer-services-miscellaneous-289,consumer services miscellaneous,financial_ratios,Current Ratio,1.19,0.93
consumer-services-miscellaneous-289,consumer services miscellaneous,financial_ratios,Cash Flow ($/share),"3,065.15",13.59
consumer-services-miscellaneous-289,consumer services miscellaneous,financial_ratios,Price to Book,3.80,0.97
consumer-services-miscellaneous-289,consumer services miscellaneous,financial_ratios,Price To Sales,2.96,0.44
consumer-services-miscellaneous-289,consumer services miscellaneous,financial_ratios,Dividend Yield,1.44%,0.00%
containers-metal-and-glass-45,containers metal and glass,performance,1 Month,0.55,-10.64
containers-metal-and-glass-45,containers metal and glass,performance,3 Months,2.73,-9.23
containers-metal-and-glass-45,containers metal and glass,performance,YTD,12.91,1.09
containers-metal-and-glass-45,containers metal and glass,performance,1 Year,15.47,4.52
containers-metal-and-glass-45,containers metal and glass,performance,3 Years,84.19,5.79
containers-metal-and-glass-45,containers metal and glass,performance,5 Years,84.39,-32.36
containers-metal-and-glass-45,containers metal and glass,industry_earnings,PE (F1),17.13,13.38
containers-metal-and-glass-45,containers metal and glass,industry_earnings,PEG (Ratio),1.73,1.29
containers-metal-and-glass-45,containers metal and glass,industry_earnings,Proj EPS Growth,11.19%,10.01%
containers-metal-and-glass-45,containers metal and glass,industry_earnings,Hist EPS Growth,7.03%,1.18%
containers-metal-and-glass-45,containers metal and glass,industry_earnings,Net Margin,12.94%,4.98%
containers-metal-and-glass-45,containers metal and glass,industry_earnings,Hist Sales Growth,6.19%,1.08%
containers-metal-and-glass-45,containers metal and glass,industry_earnings,Hist Dividend Growth,3.80%,2.50%
containers-metal-and-glass-45,containers metal and glass,financial_ratios,Beta,0.94,0.62
containers-metal-and-glass-45,containers metal and glass,financial_ratios,ROE,17.83,17.75
containers-metal-and-glass-45,containers metal and glass,financial_ratios,ROA,7.54,4.72
containers-metal-and-glass-45,containers metal and glass,financial_ratios,ROI,11.97,7.42
containers-metal-and-glass-45,containers metal and glass,financial_ratios,Debt-to-Equity,0.56,1.33
containers-metal-and-glass-45,containers metal and glass,financial_ratios,Current Ratio,1.19,1.07
containers-metal-and-glass-45,containers metal and glass,financial_ratios,Cash Flow ($/share),"3,065.15","1,039.80"
containers-metal-and-glass-45,containers metal and glass,financial_ratios,Price to Book,3.80,2.61
containers-metal-and-glass-45,containers metal and glass,financial_ratios,Price To Sales,2.96,0.71
containers-metal-and-glass-45,containers metal and glass,financial_ratios,Dividend Yield,1.44%,1.92%
containers-paper-and-packaging-46,containers paper and packaging,performance,1 Month,0.55,-4.74
containers-paper-and-packaging-46,containers paper and packaging,performance,3 Months,2.73,-2.64
containers-paper-and-packaging-46,containers paper and packaging,performance,YTD,12.91,0.86
containers-paper-and-packaging-46,containers paper and packaging,performance,1 Year,15.47,-0.07
containers-paper-and-packaging-46,containers paper and packaging,performance,3 Years,84.19,-3.77
containers-paper-and-packaging-46,containers paper and packaging,performance,5 Years,84.39,-12.15
containers-paper-and-packaging-46,containers paper and packaging,industry_earnings,PE (F1),17.13,18.85
containers-paper-and-packaging-46,containers paper and packaging,industry_earnings,PEG (Ratio),1.73,1.97
containers-paper-and-packaging-46,containers paper and packaging,industry_earnings,Proj EPS Growth,11.19%,3.71%
containers-paper-and-packaging-46,containers paper and packaging,industry_earnings,Hist EPS Growth,7.03%,2.89%
containers-paper-and-packaging-46,containers paper and packaging,industry_earnings,Net Margin,12.94%,7.53%
containers-paper-and-packaging-46,containers paper and packaging,industry_earnings,Hist Sales Growth,6.19%,3.16%
containers-paper-and-packaging-46,containers paper and packaging,industry_earnings,Hist Dividend Growth,3.80%,1.92%
containers-paper-and-packaging-46,containers paper and packaging,financial_ratios,Beta,0.94,0.66
containers-paper-and-packaging-46,containers paper and packaging,financial_ratios,ROE,17.83,15.92
containers-paper-and-packaging-46,containers paper and packaging,financial_ratios,ROA,7.54,5.19
containers-paper-and-packaging-46,containers paper and packaging,financial_ratios,ROI,11.97,8.13
containers-paper-and-packaging-46,containers paper and packaging,financial_ratios,Debt-to-Equity,0.56,0.81
containers-paper-and-packaging-46,containers paper and packaging,financial_ratios,Current Ratio,1.19,1.34
containers-paper-and-packaging-46,containers paper and packaging,financial_ratios,Cash Flow ($/share),"3,065.15",672.99
containers-paper-and-packaging-46,containers paper and packaging,financial_ratios,Price to Book,3.80,2.13
containers-paper-and-packaging-46,containers paper and packaging,financial_ratios,Price To Sales,2.96,0.86
containers-paper-and-packaging-46,containers paper and packaging,financial_ratios,Dividend Yield,1.44%,2.47%
cosmetics-47,cosmetics,performance,1 Month,0.55,-8.47
cosmetics-47,cosmetics,performance,3 Months,2.73,11.72
cosmetics-47,cosmetics,performance,YTD,12.91,-9.28
cosmetics-47,cosmetics,performance,1 Year,15.47,-5.54
cosmetics-47,cosmetics,performance,3 Years,84.19,-44.28
cosmetics-47,cosmetics,performance,5 Years,84.39,-71.45
cosmetics-47,cosmetics,industry_earnings,PE (F1),17.13,25.67
cosmetics-47,cosmetics,industry_earnings,PEG (Ratio),1.73,0.91
cosmetics-47,cosmetics,industry_earnings,Proj EPS Growth,11.19%,16.64%
cosmetics-47,cosmetics,industry_earnings,Hist EPS Growth,7.03%,-9.74%
cosmetics-47,cosmetics,industry_earnings,Net Margin,12.94%,-2.90%
cosmetics-47,cosmetics,industry_earnings,Hist Sales Growth,6.19%,-4.74%
cosmetics-47,cosmetics,industry_earnings,Hist Dividend Growth,3.80%,0.00%
cosmetics-47,cosmetics,financial_ratios,Beta,0.94,0.79
cosmetics-47,cosmetics,financial_ratios,ROE,17.83,6.46
cosmetics-47,cosmetics,financial_ratios,ROA,7.54,2.47
cosmetics-47,cosmetics,financial_ratios,ROI,11.97,3.34
cosmetics-47,cosmetics,financial_ratios,Debt-to-Equity,0.56,0.37
cosmetics-47,cosmetics,financial_ratios,Current Ratio,1.19,1.63
cosmetics-47,cosmetics,financial_ratios,Cash Flow ($/share),"3,065.15",116.33
cosmetics-47,cosmetics,financial_ratios,Price to Book,3.80,1.37
cosmetics-47,cosmetics,financial_ratios,Price To Sales,2.96,1.06
cosmetics-47,cosmetics,financial_ratios,Dividend Yield,1.44%,0.00%
diversified-communication-services-232,diversified communication services,performance,1 Month,0.55,-6.96
diversified-communication-services-232,diversified communication services,performance,3 Months,2.73,-6.21
diversified-communication-services-232,diversified communication services,performance,YTD,12.91,-14.68
diversified-communication-services-232,diversified communication services,performance,1 Year,15.47,-15.51
diversified-communication-services-232,diversified communication services,performance,3 Years,84.19,-16.75
diversified-communication-services-232,diversified communication services,performance,5 Years,84.39,-35.79
diversified-communication-services-232,diversified communication services,industry_earnings,PE (F1),17.13,13.18
diversified-communication-services-232,diversified communication services,industry_earnings,PEG (Ratio),1.73,2.02
diversified-communication-services-232,diversified communication services,industry_earnings,Proj EPS Growth,11.19%,12.50%
diversified-communication-services-232,diversified communication services,industry_earnings,Hist EPS Growth,7.03%,-2.30%
diversified-communication-services-232,diversified communication services,industry_earnings,Net Margin,12.94%,8.62%
diversified-communication-services-232,diversified communication services,industry_earnings,Hist Sales Growth,6.19%,0.21%
diversified-communication-services-232,diversified communication services,industry_earnings,Hist Dividend Growth,3.80%,0.00%
diversified-communication-services-232,diversified communication services,financial_ratios,Beta,0.94,0.53
diversified-communication-services-232,diversified communication services,financial_ratios,ROE,17.83,11.42
diversified-communication-services-232,diversified communication services,financial_ratios,ROA,7.54,3.38
diversified-communication-services-232,diversified communication services,financial_ratios,ROI,11.97,5.36
diversified-communication-services-232,diversified communication services,financial_ratios,Debt-to-Equity,0.56,0.83
diversified-communication-services-232,diversified communication services,financial_ratios,Current Ratio,1.19,0.95
diversified-communication-services-232,diversified communication services,financial_ratios,Cash Flow ($/share),"3,065.15","1,522.86"
diversified-communication-services-232,diversified communication services,financial_ratios,Price to Book,3.80,1.47
diversified-communication-services-232,diversified communication services,financial_ratios,Price To Sales,2.96,1.27
diversified-communication-services-232,diversified communication services,financial_ratios,Dividend Yield,1.44%,0.00%
diversified-operations-48,diversified operations,performance,1 Month,0.55,-2.37
diversified-operations-48,diversified operations,performance,3 Months,2.73,-0.27
diversified-operations-48,diversified operations,performance,YTD,12.91,-16.74
diversified-operations-48,diversified operations,performance,1 Year,15.47,-25.48
diversified-operations-48,diversified operations,performance,3 Years,84.19,-28.95
diversified-operations-48,diversified operations,performance,5 Years,84.39,-38.47
diversified-operations-48,diversified operations,industry_earnings,PE (F1),17.13,12.87
diversified-operations-48,diversified operations,industry_earnings,PEG (Ratio),1.73,1.36
diversified-operations-48,diversified operations,industry_earnings,Proj EPS Growth,11.19%,10.53%
diversified-operations-48,diversified operations,industry_earnings,Hist EPS Growth,7.03%,5.48%
diversified-operations-48,diversified operations,industry_earnings,Net Margin,12.94%,2.94%
diversified-operations-48,diversified operations,industry_earnings,Hist Sales Growth,6.19%,-3.14%
diversified-operations-48,diversified operations,industry_earnings,Hist Dividend Growth,3.80%,0.00%
diversified-operations-48,diversified operations,financial_ratios,Beta,0.94,0.72
diversified-operations-48,diversified operations,financial_ratios,ROE,17.83,3.64
diversified-operations-48,diversified operations,financial_ratios,ROA,7.54,0.73
diversified-operations-48,diversified operations,financial_ratios,ROI,11.97,2.93
diversified-operations-48,diversified operations,financial_ratios,Debt-to-Equity,0.56,0.28
diversified-operations-48,diversified operations,financial_ratios,Current Ratio,1.19,1.37
diversified-operations-48,diversified operations,financial_ratios,Cash Flow ($/share),"3,065.15",3.80
diversified-operations-48,diversified operations,financial_ratios,Price to Book,3.80,0.71
diversified-operations-48,diversified operations,financial_ratios,Price To Sales,2.96,1.05
diversified-operations-48,diversified operations,financial_ratios,Dividend Yield,1.44%,0.00%
electric-construction-257,electric construction,performance,1 Month,0.55,1.56
electric-construction-257,electric construction,performance,3 Months,2.73,-29.19
electric-construction-257,electric construction,performance,YTD,12.91,-79.79
electric-construction-257,electric construction,performance,1 Year,15.47,-78.14
electric-construction-257,electric construction,performance,3 Years,84.19,-67.24
electric-construction-257,electric construction,performance,5 Years,84.39,-56.75
electric-construction-257,electric construction,industry_earnings,PE (F1),17.13,21.61
electric-construction-257,electric construction,industry_earnings,PEG (Ratio),1.73,
electric-construction-257,electric construction,industry_earnings,Proj EPS Growth,11.19%,51.35%
electric-construction-257,electric construction,industry_earnings,Hist EPS Growth,7.03%,4.33%
electric-construction-257,electric construction,industry_earnings,Net Margin,12.94%,4.13%
electric-construction-257,electric construction,industry_earnings,Hist Sales Growth,6.19%,9.43%
electric-construction-257,electric construction,industry_earnings,Hist Dividend Growth,3.80%,0.00%
electric-construction-257,electric construction,financial_ratios,Beta,0.94,1.32
electric-construction-257,electric construction,financial_ratios,ROE,17.83,24.17
electric-construction-257,electric construction,financial_ratios,ROA,7.54,9.96
electric-construction-257,electric construction,financial_ratios,ROI,11.97,23.05
electric-construction-257,electric construction,financial_ratios,Debt-to-Equity,0.56,0.04
electric-construction-257,electric construction,financial_ratios,Current Ratio,1.19,1.25
electric-construction-257,electric construction,financial_ratios,Cash Flow ($/share),"3,065.15",184.93
electric-construction-257,electric construction,financial_ratios,Price to Book,3.80,6.01
electric-construction-257,electric construction,financial_ratios,Price To Sales,2.96,1.16
electric-construction-257,electric construction,financial_ratios,Dividend Yield,1.44%,0.00%
electronics-connectors-53,electronics connectors,performance,1 Month,0.55,4.91
electronics-connectors-53,electronics connectors,performance,3 Months,2.73,-0.58
electronics-connectors-53,electronics connectors,performance,YTD,12.91,26.87
electronics-connectors-53,electronics connectors,performance,1 Year,15.47,37.55
electronics-connectors-53,electronics connectors,performance,3 Years,84.19,302.38
electronics-connectors-53,electronics connectors,performance,5 Years,84.39,344.67
electronics-connectors-53,electronics connectors,industry_earnings,PE (F1),17.13,32.23
electronics-connectors-53,electronics connectors,industry_earnings,PEG (Ratio),1.73,1.19
electronics-connectors-53,electronics connectors,industry_earnings,Proj EPS Growth,11.19%,37.06%
electronics-connectors-53,electronics connectors,industry_earnings,Hist EPS Growth,7.03%,26.77%
electronics-connectors-53,electronics connectors,industry_earnings,Net Margin,12.94%,7.11%
electronics-connectors-53,electronics connectors,industry_earnings,Hist Sales Growth,6.19%,8.23%
electronics-connectors-53,electronics connectors,industry_earnings,Hist Dividend Growth,3.80%,0.00%
electronics-connectors-53,electronics connectors,financial_ratios,Beta,0.94,1.23
electronics-connectors-53,electronics connectors,financial_ratios,ROE,17.83,17.12
electronics-connectors-53,electronics connectors,financial_ratios,ROA,7.54,5.93
electronics-connectors-53,electronics connectors,financial_ratios,ROI,11.97,8.10
electronics-connectors-53,electronics connectors,financial_ratios,Debt-to-Equity,0.56,0.78
electronics-connectors-53,electronics connectors,financial_ratios,Current Ratio,1.19,2.15
electronics-connectors-53,electronics connectors,financial_ratios,Cash Flow ($/share),"3,065.15","2,608.90"
electronics-connectors-53,electronics connectors,financial_ratios,Price to Book,3.80,7.16
electronics-connectors-53,electronics connectors,financial_ratios,Price To Sales,2.96,3.89
electronics-connectors-53,electronics connectors,financial_ratios,Dividend Yield,1.44%,0.58%
electronics-manufacturing-machinery-209,electronics manufacturing machinery,performance,1 Month,0.55,28.50
electronics-manufacturing-machinery-209,electronics manufacturing machinery,performance,3 Months,2.73,-25.28
electronics-manufacturing-machinery-209,electronics manufacturing machinery,performance,YTD,12.91,118.60
electronics-manufacturing-machinery-209,electronics manufacturing machinery,performance,1 Year,15.47,105.12
electronics-manufacturing-machinery-209,electronics manufacturing machinery,performance,3 Years,84.19,52.61
electronics-manufacturing-machinery-209,electronics manufacturing machinery,performance,5 Years,84.39,98.93
electronics-manufacturing-machinery-209,electronics manufacturing machinery,industry_earnings,PE (F1),17.13,33.18
electronics-manufacturing-machinery-209,electronics manufacturing machinery,industry_earnings,PEG (Ratio),1.73,2.09
electronics-manufacturing-machinery-209,electronics manufacturing machinery,industry_earnings,Proj EPS Growth,11.19%,135.06%
electronics-manufacturing-machinery-209,electronics manufacturing machinery,industry_earnings,Hist EPS Growth,7.03%,-31.87%
electronics-manufacturing-machinery-209,electronics manufacturing machinery,industry_earnings,Net Margin,12.94%,3.40%
electronics-manufacturing-machinery-209,electronics manufacturing machinery,industry_earnings,Hist Sales Growth,6.19%,-1.14%
electronics-manufacturing-machinery-209,electronics manufacturing machinery,industry_earnings,Hist Dividend Growth,3.80%,0.00%
electronics-manufacturing-machinery-209,electronics manufacturing machinery,financial_ratios,Beta,0.94,1.55
electronics-manufacturing-machinery-209,electronics manufacturing machinery,financial_ratios,ROE,17.83,6.99
electronics-manufacturing-machinery-209,electronics manufacturing machinery,financial_ratios,ROA,7.54,2.89
electronics-manufacturing-machinery-209,electronics manufacturing machinery,financial_ratios,ROI,11.97,4.07
electronics-manufacturing-machinery-209,electronics manufacturing machinery,financial_ratios,Debt-to-Equity,0.56,0.25
electronics-manufacturing-machinery-209,electronics manufacturing machinery,financial_ratios,Current Ratio,1.19,3.93
electronics-manufacturing-machinery-209,electronics manufacturing machinery,financial_ratios,Cash Flow ($/share),"3,065.15",100.25
electronics-manufacturing-machinery-209,electronics manufacturing machinery,financial_ratios,Price to Book,3.80,4.30
electronics-manufacturing-machinery-209,electronics manufacturing machinery,financial_ratios,Price To Sales,2.96,4.87
electronics-manufacturing-machinery-209,electronics manufacturing machinery,financial_ratios,Dividend Yield,1.44%,0.00%
electronics-manufacturing-services-261,electronics manufacturing services,performance,1 Month,0.55,14.94
electronics-manufacturing-services-261,electronics manufacturing services,performance,3 Months,2.73,-8.37
electronics-manufacturing-services-261,electronics manufacturing services,performance,YTD,12.91,35.13
electronics-manufacturing-services-261,electronics manufacturing services,performance,1 Year,15.47,53.02
electronics-manufacturing-services-261,electronics manufacturing services,performance,3 Years,84.19,308.23
electronics-manufacturing-services-261,electronics manufacturing services,performance,5 Years,84.39,620.12
electronics-manufacturing-services-261,electronics manufacturing services,industry_earnings,PE (F1),17.13,22.38
electronics-manufacturing-services-261,electronics manufacturing services,industry_earnings,PEG (Ratio),1.73,0.60
electronics-manufacturing-services-261,electronics manufacturing services,industry_earnings,Proj EPS Growth,11.19%,21.77%
electronics-manufacturing-services-261,electronics manufacturing services,industry_earnings,Hist EPS Growth,7.03%,12.62%
electronics-manufacturing-services-261,electronics manufacturing services,industry_earnings,Net Margin,12.94%,2.90%
electronics-manufacturing-services-261,electronics manufacturing services,industry_earnings,Hist Sales Growth,6.19%,4.33%
electronics-manufacturing-services-261,electronics manufacturing services,industry_earnings,Hist Dividend Growth,3.80%,0.00%
electronics-manufacturing-services-261,electronics manufacturing services,financial_ratios,Beta,0.94,1.30
electronics-manufacturing-services-261,electronics manufacturing services,financial_ratios,ROE,17.83,19.08
electronics-manufacturing-services-261,electronics manufacturing services,financial_ratios,ROA,7.54,5.57
electronics-manufacturing-services-261,electronics manufacturing services,financial_ratios,ROI,11.97,12.00
electronics-manufacturing-services-261,electronics manufacturing services,financial_ratios,Debt-to-Equity,0.56,0.32
electronics-manufacturing-services-261,electronics manufacturing services,financial_ratios,Current Ratio,1.19,1.49
electronics-manufacturing-services-261,electronics manufacturing services,financial_ratios,Cash Flow ($/share),"3,065.15",452.72
electronics-manufacturing-services-261,electronics manufacturing services,financial_ratios,Price to Book,3.80,4.73
electronics-manufacturing-services-261,electronics manufacturing services,financial_ratios,Price To Sales,2.96,1.08
electronics-manufacturing-services-261,electronics manufacturing services,financial_ratios,Dividend Yield,1.44%,0.00%
electronics-measuring-instruments-51,electronics measuring instruments,performance,1 Month,0.55,17.89
electronics-measuring-instruments-51,electronics measuring instruments,performance,3 Months,2.73,10.28
electronics-measuring-instruments-51,electronics measuring instruments,performance,YTD,12.91,80.38
electronics-measuring-instruments-51,electronics measuring instruments,performance,1 Year,15.47,102.36
electronics-measuring-instruments-51,electronics measuring instruments,performance,3 Years,84.19,166.96
electronics-measuring-instruments-51,electronics measuring instruments,performance,5 Years,84.39,127.56
electronics-measuring-instruments-51,electronics measuring instruments,industry_earnings,PE (F1),17.13,36.36
electronics-measuring-instruments-51,electronics measuring instruments,industry_earnings,PEG (Ratio),1.73,2.03
electronics-measuring-instruments-51,electronics measuring instruments,industry_earnings,Proj EPS Growth,11.19%,89.91%
electronics-measuring-instruments-51,electronics measuring instruments,industry_earnings,Hist EPS Growth,7.03%,1.03%
electronics-measuring-instruments-51,electronics measuring instruments,industry_earnings,Net Margin,12.94%,0.59%
electronics-measuring-instruments-51,electronics measuring instruments,industry_earnings,Hist Sales Growth,6.19%,5.87%
electronics-measuring-instruments-51,electronics measuring instruments,industry_earnings,Hist Dividend Growth,3.80%,0.00%
electronics-measuring-instruments-51,electronics measuring instruments,financial_ratios,Beta,0.94,1.56
electronics-measuring-instruments-51,electronics measuring instruments,financial_ratios,ROE,17.83,2.24
electronics-measuring-instruments-51,electronics measuring instruments,financial_ratios,ROA,7.54,1.56
electronics-measuring-instruments-51,electronics measuring instruments,financial_ratios,ROI,11.97,2.21
electronics-measuring-instruments-51,electronics measuring instruments,financial_ratios,Debt-to-Equity,0.56,0.01
electronics-measuring-instruments-51,electronics measuring instruments,financial_ratios,Current Ratio,1.19,2.58
electronics-measuring-instruments-51,electronics measuring instruments,financial_ratios,Cash Flow ($/share),"3,065.15",4.44
electronics-measuring-instruments-51,electronics measuring instruments,financial_ratios,Price to Book,3.80,9.69
electronics-measuring-instruments-51,electronics measuring instruments,financial_ratios,Price To Sales,2.96,5.44
electronics-measuring-instruments-51,electronics measuring instruments,financial_ratios,Dividend Yield,1.44%,0.00%
electronics-military-55,electronics military,performance,1 Month,0.55,-7.69
electronics-military-55,electronics military,performance,3 Months,2.73,-13.75
electronics-military-55,electronics military,performance,YTD,12.91,-34.29
electronics-military-55,electronics military,performance,1 Year,15.47,-51.75
electronics-military-55,electronics military,performance,3 Years,84.19,-50.54
electronics-military-55,electronics military,performance,5 Years,84.39,-72.89
electronics-military-55,electronics military,industry_earnings,PE (F1),17.13,
electronics-military-55,electronics military,industry_earnings,PEG (Ratio),1.73,
electronics-military-55,electronics military,industry_earnings,Proj EPS Growth,11.19%,-800.00%
electronics-military-55,electronics military,industry_earnings,Hist EPS Growth,7.03%,23.52%
electronics-military-55,electronics military,industry_earnings,Net Margin,12.94%,3.60%
electronics-military-55,electronics military,industry_earnings,Hist Sales Growth,6.19%,2.40%
electronics-military-55,electronics military,industry_earnings,Hist Dividend Growth,3.80%,0.00%
electronics-military-55,electronics military,financial_ratios,Beta,0.94,0.37
electronics-military-55,electronics military,financial_ratios,ROE,17.83,6.82
electronics-military-55,electronics military,financial_ratios,ROA,7.54,3.87
electronics-military-55,electronics military,financial_ratios,ROI,11.97,7.33
electronics-military-55,electronics military,financial_ratios,Debt-to-Equity,0.56,0.13
electronics-military-55,electronics military,financial_ratios,Current Ratio,1.19,3.20
electronics-military-55,electronics military,financial_ratios,Cash Flow ($/share),"3,065.15",2.19
electronics-military-55,electronics military,financial_ratios,Price to Book,3.80,0.71
electronics-military-55,electronics military,financial_ratios,Price To Sales,2.96,2.95
electronics-military-55,electronics military,financial_ratios,Dividend Yield,1.44%,0.00%
electronics-miscellaneous-components-50,electronics miscellaneous components,performance,1 Month,0.55,9.83
electronics-miscellaneous-components-50,electronics miscellaneous components,performance,3 Months,2.73,-6.08
electronics-miscellaneous-components-50,electronics miscellaneous components,performance,YTD,12.91,-13.04
electronics-miscellaneous-components-50,electronics miscellaneous components,performance,1 Year,15.47,-8.99
electronics-miscellaneous-components-50,electronics miscellaneous components,performance,3 Years,84.19,39.83
electronics-miscellaneous-components-50,electronics miscellaneous components,performance,5 Years,84.39,23.88
electronics-miscellaneous-components-50,electronics miscellaneous components,industry_earnings,PE (F1),17.13,30.85
electronics-miscellaneous-components-50,electronics miscellaneous components,industry_earnings,PEG (Ratio),1.73,1.41
electronics-miscellaneous-components-50,electronics miscellaneous components,industry_earnings,Proj EPS Growth,11.19%,25.96%
electronics-miscellaneous-components-50,electronics miscellaneous components,industry_earnings,Hist EPS Growth,7.03%,1.74%
electronics-miscellaneous-components-50,electronics miscellaneous components,industry_earnings,Net Margin,12.94%,4.51%
electronics-miscellaneous-components-50,electronics miscellaneous components,industry_earnings,Hist Sales Growth,6.19%,3.09%
electronics-miscellaneous-components-50,electronics miscellaneous components,industry_earnings,Hist Dividend Growth,3.80%,0.00%
electronics-miscellaneous-components-50,electronics miscellaneous components,financial_ratios,Beta,0.94,1.14
electronics-miscellaneous-components-50,electronics miscellaneous components,financial_ratios,ROE,17.83,6.62
electronics-miscellaneous-components-50,electronics miscellaneous components,financial_ratios,ROA,7.54,4.31
electronics-miscellaneous-components-50,electronics miscellaneous components,financial_ratios,ROI,11.97,6.26
electronics-miscellaneous-components-50,electronics miscellaneous components,financial_ratios,Debt-to-Equity,0.56,0.06
electronics-miscellaneous-components-50,electronics miscellaneous components,financial_ratios,Current Ratio,1.19,2.92
electronics-miscellaneous-components-50,electronics miscellaneous components,financial_ratios,Cash Flow ($/share),"3,065.15",12.11
electronics-miscellaneous-components-50,electronics miscellaneous components,financial_ratios,Price to Book,3.80,2.31
electronics-miscellaneous-components-50,electronics miscellaneous components,financial_ratios,Price To Sales,2.96,3.03
electronics-miscellaneous-components-50,electronics miscellaneous components,financial_ratios,Dividend Yield,1.44%,0.00%
electronics-miscellaneous-products-52,electronics miscellaneous products,performance,1 Month,0.55,12.59
electronics-miscellaneous-products-52,electronics miscellaneous products,performance,3 Months,2.73,-18.22
electronics-miscellaneous-products-52,electronics miscellaneous products,performance,YTD,12.91,46.13
electronics-miscellaneous-products-52,electronics miscellaneous products,performance,1 Year,15.47,46.18
electronics-miscellaneous-products-52,electronics miscellaneous products,performance,3 Years,84.19,126.62
electronics-miscellaneous-products-52,electronics miscellaneous products,performance,5 Years,84.39,111.15
electronics-miscellaneous-products-52,electronics miscellaneous products,industry_earnings,PE (F1),17.13,20.65
electronics-miscellaneous-products-52,electronics miscellaneous products,industry_earnings,PEG (Ratio),1.73,1.28
electronics-miscellaneous-products-52,electronics miscellaneous products,industry_earnings,Proj EPS Growth,11.19%,42.55%
electronics-miscellaneous-products-52,electronics miscellaneous products,industry_earnings,Hist EPS Growth,7.03%,1.60%
electronics-miscellaneous-products-52,electronics miscellaneous products,industry_earnings,Net Margin,12.94%,3.49%
electronics-miscellaneous-products-52,electronics miscellaneous products,industry_earnings,Hist Sales Growth,6.19%,2.06%
electronics-miscellaneous-products-52,electronics miscellaneous products,industry_earnings,Hist Dividend Growth,3.80%,0.00%
electronics-miscellaneous-products-52,electronics miscellaneous products,financial_ratios,Beta,0.94,0.97
electronics-miscellaneous-products-52,electronics miscellaneous products,financial_ratios,ROE,17.83,9.07
electronics-miscellaneous-products-52,electronics miscellaneous products,financial_ratios,ROA,7.54,4.09
electronics-miscellaneous-products-52,electronics miscellaneous products,financial_ratios,ROI,11.97,6.70
electronics-miscellaneous-products-52,electronics miscellaneous products,financial_ratios,Debt-to-Equity,0.56,0.03
electronics-miscellaneous-products-52,electronics miscellaneous products,financial_ratios,Current Ratio,1.19,2.10
electronics-miscellaneous-products-52,electronics miscellaneous products,financial_ratios,Cash Flow ($/share),"3,065.15",2.81
electronics-miscellaneous-products-52,electronics miscellaneous products,financial_ratios,Price to Book,3.80,2.44
electronics-miscellaneous-products-52,electronics miscellaneous products,financial_ratios,Price To Sales,2.96,2.22
electronics-miscellaneous-products-52,electronics miscellaneous products,financial_ratios,Dividend Yield,1.44%,0.00%
electronics-miscellaneous-services-263,electronics miscellaneous services,performance,1 Month,0.55,11.36
electronics-miscellaneous-services-263,electronics miscellaneous services,performance,3 Months,2.73,0.33
electronics-miscellaneous-services-263,electronics miscellaneous services,performance,YTD,12.91,85.85
electronics-miscellaneous-services-263,electronics miscellaneous services,performance,1 Year,15.47,70.42
electronics-miscellaneous-services-263,electronics miscellaneous services,performance,3 Years,84.19,480.36
electronics-miscellaneous-services-263,electronics miscellaneous services,performance,5 Years,84.39,206.63
electronics-miscellaneous-services-263,electronics miscellaneous services,industry_earnings,PE (F1),17.13,20.31
electronics-miscellaneous-services-263,electronics miscellaneous services,industry_earnings,PEG (Ratio),1.73,1.70
electronics-miscellaneous-services-263,electronics miscellaneous services,industry_earnings,Proj EPS Growth,11.19%,32.55%
electronics-miscellaneous-services-263,electronics miscellaneous services,industry_earnings,Hist EPS Growth,7.03%,33.26%
electronics-miscellaneous-services-263,electronics miscellaneous services,industry_earnings,Net Margin,12.94%,-9.09%
electronics-miscellaneous-services-263,electronics miscellaneous services,industry_earnings,Hist Sales Growth,6.19%,12.98%
electronics-miscellaneous-services-263,electronics miscellaneous services,industry_earnings,Hist Dividend Growth,3.80%,0.00%
electronics-miscellaneous-services-263,electronics miscellaneous services,financial_ratios,Beta,0.94,0.94
electronics-miscellaneous-services-263,electronics miscellaneous services,financial_ratios,ROE,17.83,-10.93
electronics-miscellaneous-services-263,electronics miscellaneous services,financial_ratios,ROA,7.54,-9.59
electronics-miscellaneous-services-263,electronics miscellaneous services,financial_ratios,ROI,11.97,-10.93
electronics-miscellaneous-services-263,electronics miscellaneous services,financial_ratios,Debt-to-Equity,0.56,0.00
electronics-miscellaneous-services-263,electronics miscellaneous services,financial_ratios,Current Ratio,1.19,1.58
electronics-miscellaneous-services-263,electronics miscellaneous services,financial_ratios,Cash Flow ($/share),"3,065.15",-2.27
electronics-miscellaneous-services-263,electronics miscellaneous services,financial_ratios,Price to Book,3.80,4.44
electronics-miscellaneous-services-263,electronics miscellaneous services,financial_ratios,Price To Sales,2.96,2.38
electronics-miscellaneous-services-263,electronics miscellaneous services,financial_ratios,Dividend Yield,1.44%,0.00%
electronics-parts-distribution-54,electronics parts distribution,performance,1 Month,0.55,12.56
electronics-parts-distribution-54,electronics parts distribution,performance,3 Months,2.73,14.26
electronics-parts-distribution-54,electronics parts distribution,performance,YTD,12.91,78.02
electronics-parts-distribution-54,electronics parts distribution,performance,1 Year,15.47,83.18
electronics-parts-distribution-54,electronics parts distribution,performance,3 Years,84.19,120.74
electronics-parts-distribution-54,electronics parts distribution,performance,5 Years,84.39,154.54
electronics-parts-distribution-54,electronics parts distribution,industry_earnings,PE (F1),17.13,16.52
electronics-parts-distribution-54,electronics parts distribution,industry_earnings,PEG (Ratio),1.73,0.91
electronics-parts-distribution-54,electronics parts distribution,industry_earnings,Proj EPS Growth,11.19%,57.07%
electronics-parts-distribution-54,electronics parts distribution,industry_earnings,Hist EPS Growth,7.03%,-10.49%
electronics-parts-distribution-54,electronics parts distribution,industry_earnings,Net Margin,12.94%,2.53%
electronics-parts-distribution-54,electronics parts distribution,industry_earnings,Hist Sales Growth,6.19%,-0.31%
electronics-parts-distribution-54,electronics parts distribution,industry_earnings,Hist Dividend Growth,3.80%,0.00%
electronics-parts-distribution-54,electronics parts distribution,financial_ratios,Beta,0.94,1.32
electronics-parts-distribution-54,electronics parts distribution,financial_ratios,ROE,17.83,11.49
electronics-parts-distribution-54,electronics parts distribution,financial_ratios,ROA,7.54,3.15
electronics-parts-distribution-54,electronics parts distribution,financial_ratios,ROI,11.97,6.64
electronics-parts-distribution-54,electronics parts distribution,financial_ratios,Debt-to-Equity,0.56,0.29
electronics-parts-distribution-54,electronics parts distribution,financial_ratios,Current Ratio,1.19,1.78
electronics-parts-distribution-54,electronics parts distribution,financial_ratios,Cash Flow ($/share),"3,065.15",607.77
electronics-parts-distribution-54,electronics parts distribution,financial_ratios,Price to Book,3.80,1.67
electronics-parts-distribution-54,electronics parts distribution,financial_ratios,Price To Sales,2.96,0.53
electronics-parts-distribution-54,electronics parts distribution,financial_ratios,Dividend Yield,1.44%,0.54%
electronics-power-generation-254,electronics power generation,performance,1 Month,0.55,-16.18
electronics-power-generation-254,electronics power generation,performance,3 Months,2.73,-31.21
electronics-power-generation-254,electronics power generation,performance,YTD,12.91,-37.46
electronics-power-generation-254,electronics power generation,performance,1 Year,15.47,-71.37
electronics-power-generation-254,electronics power generation,performance,3 Years,84.19,56.99
electronics-power-generation-254,electronics power generation,performance,5 Years,84.39,17.90
electronics-power-generation-254,electronics power generation,industry_earnings,PE (F1),17.13,17.52
electronics-power-generation-254,electronics power generation,industry_earnings,PEG (Ratio),1.73,0.73
electronics-power-generation-254,electronics power generation,industry_earnings,Proj EPS Growth,11.19%,16.99%
electronics-power-generation-254,electronics power generation,industry_earnings,Hist EPS Growth,7.03%,-3.44%
electronics-power-generation-254,electronics power generation,industry_earnings,Net Margin,12.94%,-4.80%
electronics-power-generation-254,electronics power generation,industry_earnings,Hist Sales Growth,6.19%,3.06%
electronics-power-generation-254,electronics power generation,industry_earnings,Hist Dividend Growth,3.80%,0.00%
electronics-power-generation-254,electronics power generation,financial_ratios,Beta,0.94,0.95
electronics-power-generation-254,electronics power generation,financial_ratios,ROE,17.83,-25.46
electronics-power-generation-254,electronics power generation,financial_ratios,ROA,7.54,-1.77
electronics-power-generation-254,electronics power generation,financial_ratios,ROI,11.97,-25.11
electronics-power-generation-254,electronics power generation,financial_ratios,Debt-to-Equity,0.56,0.04
electronics-power-generation-254,electronics power generation,financial_ratios,Current Ratio,1.19,1.33
electronics-power-generation-254,electronics power generation,financial_ratios,Cash Flow ($/share),"3,065.15",1.20
electronics-power-generation-254,electronics power generation,financial_ratios,Price to Book,3.80,1.74
electronics-power-generation-254,electronics power generation,financial_ratios,Price To Sales,2.96,1.06
electronics-power-generation-254,electronics power generation,financial_ratios,Dividend Yield,1.44%,0.00%
electronics-semiconductors-49,electronics semiconductors,performance,1 Month,0.55,9.33
electronics-semiconductors-49,electronics semiconductors,performance,3 Months,2.73,-9.95
electronics-semiconductors-49,electronics semiconductors,performance,YTD,12.91,35.73
electronics-semiconductors-49,electronics semiconductors,performance,1 Year,15.47,40.30
electronics-semiconductors-49,electronics semiconductors,performance,3 Years,84.19,263.68
electronics-semiconductors-49,electronics semiconductors,performance,5 Years,84.39,306.08
electronics-semiconductors-49,electronics semiconductors,industry_earnings,PE (F1),17.13,39.71
electronics-semiconductors-49,electronics semiconductors,industry_earnings,PEG (Ratio),1.73,1.35
electronics-semiconductors-49,electronics semiconductors,industry_earnings,Proj EPS Growth,11.19%,42.31%
electronics-semiconductors-49,electronics semiconductors,industry_earnings,Hist EPS Growth,7.03%,-2.17%
electronics-semiconductors-49,electronics semiconductors,industry_earnings,Net Margin,12.94%,4.26%
electronics-semiconductors-49,electronics semiconductors,industry_earnings,Hist Sales Growth,6.19%,3.40%
electronics-semiconductors-49,electronics semiconductors,industry_earnings,Hist Dividend Growth,3.80%,0.00%
electronics-semiconductors-49,electronics semiconductors,financial_ratios,Beta,0.94,1.78
electronics-semiconductors-49,electronics semiconductors,financial_ratios,ROE,17.83,4.39
electronics-semiconductors-49,electronics semiconductors,financial_ratios,ROA,7.54,3.06
electronics-semiconductors-49,electronics semiconductors,financial_ratios,ROI,11.97,3.81
electronics-semiconductors-49,electronics semiconductors,financial_ratios,Debt-to-Equity,0.56,0.02
electronics-semiconductors-49,electronics semiconductors,financial_ratios,Current Ratio,1.19,3.17
electronics-semiconductors-49,electronics semiconductors,financial_ratios,Cash Flow ($/share),"3,065.15",44.37
electronics-semiconductors-49,electronics semiconductors,financial_ratios,Price to Book,3.80,4.11
electronics-semiconductors-49,electronics semiconductors,financial_ratios,Price To Sales,2.96,7.17
electronics-semiconductors-49,electronics semiconductors,financial_ratios,Dividend Yield,1.44%,0.00%
electronics-testing-equipment-260,electronics testing equipment,performance,1 Month,0.55,4.45
electronics-testing-equipment-260,electronics testing equipment,performance,3 Months,2.73,-0.55
electronics-testing-equipment-260,electronics testing equipment,performance,YTD,12.91,20.67
electronics-testing-equipment-260,electronics testing equipment,performance,1 Year,15.47,25.01
electronics-testing-equipment-260,electronics testing equipment,performance,3 Years,84.19,35.38
electronics-testing-equipment-260,electronics testing equipment,performance,5 Years,84.39,33.58
electronics-testing-equipment-260,electronics testing equipment,industry_earnings,PE (F1),17.13,24.05
electronics-testing-equipment-260,electronics testing equipment,industry_earnings,PEG (Ratio),1.73,2.31
electronics-testing-equipment-260,electronics testing equipment,industry_earnings,Proj EPS Growth,11.19%,12.33%
electronics-testing-equipment-260,electronics testing equipment,industry_earnings,Hist EPS Growth,7.03%,7.21%
electronics-testing-equipment-260,electronics testing equipment,industry_earnings,Net Margin,12.94%,14.22%
electronics-testing-equipment-260,electronics testing equipment,industry_earnings,Hist Sales Growth,6.19%,2.82%
electronics-testing-equipment-260,electronics testing equipment,industry_earnings,Hist Dividend Growth,3.80%,6.25%
electronics-testing-equipment-260,electronics testing equipment,financial_ratios,Beta,0.94,1.07
electronics-testing-equipment-260,electronics testing equipment,financial_ratios,ROE,17.83,16.13
electronics-testing-equipment-260,electronics testing equipment,financial_ratios,ROA,7.54,9.21
electronics-testing-equipment-260,electronics testing equipment,financial_ratios,ROI,11.97,12.41
electronics-testing-equipment-260,electronics testing equipment,financial_ratios,Debt-to-Equity,0.56,0.34
electronics-testing-equipment-260,electronics testing equipment,financial_ratios,Current Ratio,1.19,2.00
electronics-testing-equipment-260,electronics testing equipment,financial_ratios,Cash Flow ($/share),"3,065.15",386.98
electronics-testing-equipment-260,electronics testing equipment,financial_ratios,Price to Book,3.80,3.93
electronics-testing-equipment-260,electronics testing equipment,financial_ratios,Price To Sales,2.96,5.59
electronics-testing-equipment-260,electronics testing equipment,financial_ratios,Dividend Yield,1.44%,0.50%
energy-and-pipeline-master-limited-partnerships-224,energy and pipeline master limited partnerships,performance,1 Month,0.55,-3.83
energy-and-pipeline-master-limited-partnerships-224,energy and pipeline master limited partnerships,performance,3 Months,2.73,2.13
energy-and-pipeline-master-limited-partnerships-224,energy and pipeline master limited partnerships,performance,YTD,12.91,7.34
energy-and-pipeline-master-limited-partnerships-224,energy and pipeline master limited partnerships,performance,1 Year,15.47,12.89
energy-and-pipeline-master-limited-partnerships-224,energy and pipeline master limited partnerships,performance,3 Years,84.19,-22.43
energy-and-pipeline-master-limited-partnerships-224,energy and pipeline master limited partnerships,performance,5 Years,84.39,-49.91
energy-and-pipeline-master-limited-partnerships-224,energy and pipeline master limited partnerships,industry_earnings,PE (F1),17.13,14.34
energy-and-pipeline-master-limited-partnerships-224,energy and pipeline master limited partnerships,industry_earnings,PEG (Ratio),1.73,
energy-and-pipeline-master-limited-partnerships-224,energy and pipeline master limited partnerships,industry_earnings,Proj EPS Growth,11.19%,2.91%
energy-and-pipeline-master-limited-partnerships-224,energy and pipeline master limited partnerships,industry_earnings,Hist EPS Growth,7.03%,8.49%
energy-and-pipeline-master-limited-partnerships-224,energy and pipeline master limited partnerships,industry_earnings,Net Margin,12.94%,9.21%
energy-and-pipeline-master-limited-partnerships-224,energy and pipeline master limited partnerships,industry_earnings,Hist Sales Growth,6.19%,1.12%
energy-and-pipeline-master-limited-partnerships-224,energy and pipeline master limited partnerships,industry_earnings,Hist Dividend Growth,3.80%,0.00%
energy-and-pipeline-master-limited-partnerships-224,energy and pipeline master limited partnerships,financial_ratios,Beta,0.94,0.37
energy-and-pipeline-master-limited-partnerships-224,energy and pipeline master limited partnerships,financial_ratios,ROE,17.83,17.95
energy-and-pipeline-master-limited-partnerships-224,energy and pipeline master limited partnerships,financial_ratios,ROA,7.54,2.90
energy-and-pipeline-master-limited-partnerships-224,energy and pipeline master limited partnerships,financial_ratios,ROI,11.97,2.57
energy-and-pipeline-master-limited-partnerships-224,energy and pipeline master limited partnerships,financial_ratios,Debt-to-Equity,0.56,1.60
energy-and-pipeline-master-limited-partnerships-224,energy and pipeline master limited partnerships,financial_ratios,Current Ratio,1.19,1.29
energy-and-pipeline-master-limited-partnerships-224,energy and pipeline master limited partnerships,financial_ratios,Cash Flow ($/share),"3,065.15",393.90
energy-and-pipeline-master-limited-partnerships-224,energy and pipeline master limited partnerships,financial_ratios,Price to Book,3.80,2.12
energy-and-pipeline-master-limited-partnerships-224,energy and pipeline master limited partnerships,financial_ratios,Price To Sales,2.96,3.37
energy-and-pipeline-master-limited-partnerships-224,energy and pipeline master limited partnerships,financial_ratios,Dividend Yield,1.44%,8.57%
engineering-r-and-d-services-57,engineering r and d services,performance,1 Month,0.55,-0.34
engineering-r-and-d-services-57,engineering r and d services,performance,3 Months,2.73,-14.56
engineering-r-and-d-services-57,engineering r and d services,performance,YTD,12.91,15.42
engineering-r-and-d-services-57,engineering r and d services,performance,1 Year,15.47,13.30
engineering-r-and-d-services-57,engineering r and d services,performance,3 Years,84.19,33.96
engineering-r-and-d-services-57,engineering r and d services,performance,5 Years,84.39,88.22
engineering-r-and-d-services-57,engineering r and d services,industry_earnings,PE (F1),17.13,22.41
engineering-r-and-d-services-57,engineering r and d services,industry_earnings,PEG (Ratio),1.73,1.06
engineering-r-and-d-services-57,engineering r and d services,industry_earnings,Proj EPS Growth,11.19%,25.35%
engineering-r-and-d-services-57,engineering r and d services,industry_earnings,Hist EPS Growth,7.03%,25.08%
engineering-r-and-d-services-57,engineering r and d services,industry_earnings,Net Margin,12.94%,2.95%
engineering-r-and-d-services-57,engineering r and d services,industry_earnings,Hist Sales Growth,6.19%,10.41%
engineering-r-and-d-services-57,engineering r and d services,industry_earnings,Hist Dividend Growth,3.80%,0.00%
engineering-r-and-d-services-57,engineering r and d services,financial_ratios,Beta,0.94,0.92
engineering-r-and-d-services-57,engineering r and d services,financial_ratios,ROE,17.83,13.03
engineering-r-and-d-services-57,engineering r and d services,financial_ratios,ROA,7.54,4.76
engineering-r-and-d-services-57,engineering r and d services,financial_ratios,ROI,11.97,8.18
engineering-r-and-d-services-57,engineering r and d services,financial_ratios,Debt-to-Equity,0.56,0.31
engineering-r-and-d-services-57,engineering r and d services,financial_ratios,Current Ratio,1.19,1.20
engineering-r-and-d-services-57,engineering r and d services,financial_ratios,Cash Flow ($/share),"3,065.15",133.64
engineering-r-and-d-services-57,engineering r and d services,financial_ratios,Price to Book,3.80,2.75
engineering-r-and-d-services-57,engineering r and d services,financial_ratios,Price To Sales,2.96,1.49
engineering-r-and-d-services-57,engineering r and d services,financial_ratios,Dividend Yield,1.44%,0.00%
fertilizers-59,fertilizers,performance,1 Month,0.55,-12.34
fertilizers-59,fertilizers,performance,3 Months,2.73,6.55
fertilizers-59,fertilizers,performance,YTD,12.91,13.70
fertilizers-59,fertilizers,performance,1 Year,15.47,-46.10
fertilizers-59,fertilizers,performance,3 Years,84.19,1.71
fertilizers-59,fertilizers,performance,5 Years,84.39,-6.15
fertilizers-59,fertilizers,industry_earnings,PE (F1),17.13,12.65
fertilizers-59,fertilizers,industry_earnings,PEG (Ratio),1.73,0.70
fertilizers-59,fertilizers,industry_earnings,Proj EPS Growth,11.19%,22.57%
fertilizers-59,fertilizers,industry_earnings,Hist EPS Growth,7.03%,-19.22%
fertilizers-59,fertilizers,industry_earnings,Net Margin,12.94%,8.94%
fertilizers-59,fertilizers,industry_earnings,Hist Sales Growth,6.19%,-4.27%
fertilizers-59,fertilizers,industry_earnings,Hist Dividend Growth,3.80%,0.46%
fertilizers-59,fertilizers,financial_ratios,Beta,0.94,0.76
fertilizers-59,fertilizers,financial_ratios,ROE,17.83,8.88
fertilizers-59,fertilizers,financial_ratios,ROA,7.54,4.23
fertilizers-59,fertilizers,financial_ratios,ROI,11.97,6.49
fertilizers-59,fertilizers,financial_ratios,Debt-to-Equity,0.56,0.36
fertilizers-59,fertilizers,financial_ratios,Current Ratio,1.19,1.68
fertilizers-59,fertilizers,financial_ratios,Cash Flow ($/share),"3,065.15","1,080.00"
fertilizers-59,fertilizers,financial_ratios,Price to Book,3.80,1.11
fertilizers-59,fertilizers,financial_ratios,Price To Sales,2.96,1.18
fertilizers-59,fertilizers,financial_ratios,Dividend Yield,1.44%,3.33%
fiber-optics-60,fiber optics,performance,1 Month,0.55,32.14
fiber-optics-60,fiber optics,performance,3 Months,2.73,-2.86
fiber-optics-60,fiber optics,performance,YTD,12.91,289.89
fiber-optics-60,fiber optics,performance,1 Year,15.47,80.92
fiber-optics-60,fiber optics,performance,3 Years,84.19,480.27
fiber-optics-60,fiber optics,performance,5 Years,84.39,362.67
fiber-optics-60,fiber optics,industry_earnings,PE (F1),17.13,35.41
fiber-optics-60,fiber optics,industry_earnings,PEG (Ratio),1.73,
fiber-optics-60,fiber optics,industry_earnings,Proj EPS Growth,11.19%,372.22%
fiber-optics-60,fiber optics,industry_earnings,Hist EPS Growth,7.03%,
fiber-optics-60,fiber optics,industry_earnings,Net Margin,12.94%,3.10%
fiber-optics-60,fiber optics,industry_earnings,Hist Sales Growth,6.19%,3.88%
fiber-optics-60,fiber optics,industry_earnings,Hist Dividend Growth,3.80%,0.00%
fiber-optics-60,fiber optics,financial_ratios,Beta,0.94,0.49
fiber-optics-60,fiber optics,financial_ratios,ROE,17.83,15.88
fiber-optics-60,fiber optics,financial_ratios,ROA,7.54,6.17
fiber-optics-60,fiber optics,financial_ratios,ROI,11.97,14.70
fiber-optics-60,fiber optics,financial_ratios,Debt-to-Equity,0.56,0.17
fiber-optics-60,fiber optics,financial_ratios,Current Ratio,1.19,2.17
fiber-optics-60,fiber optics,financial_ratios,Cash Flow ($/share),"3,065.15",-0.65
fiber-optics-60,fiber optics,financial_ratios,Price to Book,3.80,10.40
fiber-optics-60,fiber optics,financial_ratios,Price To Sales,2.96,1.85
fiber-optics-60,fiber optics,financial_ratios,Dividend Yield,1.44%,0.00%
film-and-television-production-and-distribution-122,film and television production and distribution,performance,1 Month,0.55,-4.84
film-and-television-production-and-distribution-122,film and television production and distribution,performance,3 Months,2.73,-4.14
film-and-television-production-and-distribution-122,film and television production and distribution,performance,YTD,12.91,1.89
film-and-television-production-and-distribution-122,film and television production and distribution,performance,1 Year,15.47,-3.51
film-and-television-production-and-distribution-122,film and television production and distribution,performance,3 Years,84.19,78.63
film-and-television-production-and-distribution-122,film and television production and distribution,performance,5 Years,84.39,52.92
film-and-television-production-and-distribution-122,film and television production and distribution,industry_earnings,PE (F1),17.13,22.98
film-and-television-production-and-distribution-122,film and television production and distribution,industry_earnings,PEG (Ratio),1.73,0.86
film-and-television-production-and-distribution-122,film and television production and distribution,industry_earnings,Proj EPS Growth,11.19%,25.95%
film-and-television-production-and-distribution-122,film and television production and distribution,industry_earnings,Hist EPS Growth,7.03%,6.00%
film-and-television-production-and-distribution-122,film and television production and distribution,industry_earnings,Net Margin,12.94%,6.35%
film-and-television-production-and-distribution-122,film and television production and distribution,industry_earnings,Hist Sales Growth,6.19%,8.15%
film-and-television-production-and-distribution-122,film and television production and distribution,industry_earnings,Hist Dividend Growth,3.80%,0.00%
film-and-television-production-and-distribution-122,film and television production and distribution,financial_ratios,Beta,0.94,0.97
film-and-television-production-and-distribution-122,film and television production and distribution,financial_ratios,ROE,17.83,11.28
film-and-television-production-and-distribution-122,film and television production and distribution,financial_ratios,ROA,7.54,4.27
film-and-television-production-and-distribution-122,film and television production and distribution,financial_ratios,ROI,11.97,5.86
film-and-television-production-and-distribution-122,film and television production and distribution,financial_ratios,Debt-to-Equity,0.56,0.40
film-and-television-production-and-distribution-122,film and television production and distribution,financial_ratios,Current Ratio,1.19,1.05
film-and-television-production-and-distribution-122,film and television production and distribution,financial_ratios,Cash Flow ($/share),"3,065.15",505.49
film-and-television-production-and-distribution-122,film and television production and distribution,financial_ratios,Price to Book,3.80,4.18
film-and-television-production-and-distribution-122,film and television production and distribution,financial_ratios,Price To Sales,2.96,1.91
film-and-television-production-and-distribution-122,film and television production and distribution,financial_ratios,Dividend Yield,1.44%,0.00%
financial-consumer-loans-61,financial consumer loans,performance,1 Month,0.55,-8.65
financial-consumer-loans-61,financial consumer loans,performance,3 Months,2.73,-8.48
financial-consumer-loans-61,financial consumer loans,performance,YTD,12.91,-16.99
financial-consumer-loans-61,financial consumer loans,performance,1 Year,15.47,-6.55
financial-consumer-loans-61,financial consumer loans,performance,3 Years,84.19,109.97
financial-consumer-loans-61,financial consumer loans,performance,5 Years,84.39,39.01
financial-consumer-loans-61,financial consumer loans,industry_earnings,PE (F1),17.13,9.57
financial-consumer-loans-61,financial consumer loans,industry_earnings,PEG (Ratio),1.73,0.58
financial-consumer-loans-61,financial consumer loans,industry_earnings,Proj EPS Growth,11.19%,10.00%
financial-consumer-loans-61,financial consumer loans,industry_earnings,Hist EPS Growth,7.03%,0.59%
financial-consumer-loans-61,financial consumer loans,industry_earnings,Net Margin,12.94%,11.84%
financial-consumer-loans-61,financial consumer loans,industry_earnings,Hist Sales Growth,6.19%,5.00%
financial-consumer-loans-61,financial consumer loans,industry_earnings,Hist Dividend Growth,3.80%,0.00%
financial-consumer-loans-61,financial consumer loans,financial_ratios,Beta,0.94,1.04
financial-consumer-loans-61,financial consumer loans,financial_ratios,ROE,17.83,12.49
financial-consumer-loans-61,financial consumer loans,financial_ratios,ROA,7.54,4.00
financial-consumer-loans-61,financial consumer loans,financial_ratios,ROI,11.97,6.14
financial-consumer-loans-61,financial consumer loans,financial_ratios,Debt-to-Equity,0.56,1.94
financial-consumer-loans-61,financial consumer loans,financial_ratios,Current Ratio,1.19,4.42
financial-consumer-loans-61,financial consumer loans,financial_ratios,Cash Flow ($/share),"3,065.15",285.59
financial-consumer-loans-61,financial consumer loans,financial_ratios,Price to Book,3.80,1.54
financial-consumer-loans-61,financial consumer loans,financial_ratios,Price To Sales,2.96,1.28
financial-consumer-loans-61,financial consumer loans,financial_ratios,Dividend Yield,1.44%,1.07%
financial-investment-bank-62,financial investment bank,performance,1 Month,0.55,-7.84
financial-investment-bank-62,financial investment bank,performance,3 Months,2.73,-5.25
financial-investment-bank-62,financial investment bank,performance,YTD,12.91,1.33
financial-investment-bank-62,financial investment bank,performance,1 Year,15.47,8.27
financial-investment-bank-62,financial investment bank,performance,3 Years,84.19,126.64
financial-investment-bank-62,financial investment bank,performance,5 Years,84.39,75.16
financial-investment-bank-62,financial investment bank,industry_earnings,PE (F1),17.13,12.93
financial-investment-bank-62,financial investment bank,industry_earnings,PEG (Ratio),1.73,0.92
financial-investment-bank-62,financial investment bank,industry_earnings,Proj EPS Growth,11.19%,22.26%
financial-investment-bank-62,financial investment bank,industry_earnings,Hist EPS Growth,7.03%,10.73%
financial-investment-bank-62,financial investment bank,industry_earnings,Net Margin,12.94%,15.65%
financial-investment-bank-62,financial investment bank,industry_earnings,Hist Sales Growth,6.19%,16.90%
financial-investment-bank-62,financial investment bank,industry_earnings,Hist Dividend Growth,3.80%,0.00%
financial-investment-bank-62,financial investment bank,financial_ratios,Beta,0.94,0.95
financial-investment-bank-62,financial investment bank,financial_ratios,ROE,17.83,19.07
financial-investment-bank-62,financial investment bank,financial_ratios,ROA,7.54,1.33
financial-investment-bank-62,financial investment bank,financial_ratios,ROI,11.97,12.45
financial-investment-bank-62,financial investment bank,financial_ratios,Debt-to-Equity,0.56,0.33
financial-investment-bank-62,financial investment bank,financial_ratios,Current Ratio,1.19,1.09
financial-investment-bank-62,financial investment bank,financial_ratios,Cash Flow ($/share),"3,065.15","1,522.27"
financial-investment-bank-62,financial investment bank,financial_ratios,Price to Book,3.80,2.48
financial-investment-bank-62,financial investment bank,financial_ratios,Price To Sales,2.96,1.94
financial-investment-bank-62,financial investment bank,financial_ratios,Dividend Yield,1.44%,0.47%
financial-investment-funds-66,financial investment funds,performance,1 Month,0.55,0.55
financial-investment-funds-66,financial investment funds,performance,3 Months,2.73,2.73
financial-investment-funds-66,financial investment funds,performance,YTD,12.91,12.91
financial-investment-funds-66,financial investment funds,performance,1 Year,15.47,15.47
financial-investment-funds-66,financial investment funds,performance,3 Years,84.19,84.19
financial-investment-funds-66,financial investment funds,performance,5 Years,84.39,84.39
financial-investment-funds-66,financial investment funds,industry_earnings,PE (F1),17.13,39.79
financial-investment-funds-66,financial investment funds,industry_earnings,PEG (Ratio),1.73,
financial-investment-funds-66,financial investment funds,industry_earnings,Proj EPS Growth,11.19%,149.41%
financial-investment-funds-66,financial investment funds,industry_earnings,Hist EPS Growth,7.03%,-27.70%
financial-investment-funds-66,financial investment funds,industry_earnings,Net Margin,12.94%,-11.15%
financial-investment-funds-66,financial investment funds,industry_earnings,Hist Sales Growth,6.19%,15.81%
financial-investment-funds-66,financial investment funds,industry_earnings,Hist Dividend Growth,3.80%,0.34%
financial-investment-funds-66,financial investment funds,financial_ratios,Beta,0.94,0.70
financial-investment-funds-66,financial investment funds,financial_ratios,ROE,17.83,-12.63
financial-investment-funds-66,financial investment funds,financial_ratios,ROA,7.54,-10.14
financial-investment-funds-66,financial investment funds,financial_ratios,ROI,11.97,-10.20
financial-investment-funds-66,financial investment funds,financial_ratios,Debt-to-Equity,0.56,0.16
financial-investment-funds-66,financial investment funds,financial_ratios,Current Ratio,1.19,5.93
financial-investment-funds-66,financial investment funds,financial_ratios,Cash Flow ($/share),"3,065.15",5.63
financial-investment-funds-66,financial investment funds,financial_ratios,Price to Book,3.80,0.80
financial-investment-funds-66,financial investment funds,financial_ratios,Price To Sales,2.96,8.29
financial-investment-funds-66,financial investment funds,financial_ratios,Dividend Yield,1.44%,3.37%
financial-investment-management-63,financial investment management,performance,1 Month,0.55,-6.65
financial-investment-management-63,financial investment management,performance,3 Months,2.73,5.30
financial-investment-management-63,financial investment management,performance,YTD,12.91,-11.60
financial-investment-management-63,financial investment management,performance,1 Year,15.47,-11.48
financial-investment-management-63,financial investment management,performance,3 Years,84.19,29.24
financial-investment-management-63,financial investment management,performance,5 Years,84.39,7.70
financial-investment-management-63,financial investment management,industry_earnings,PE (F1),17.13,10.69
financial-investment-management-63,financial investment management,industry_earnings,PEG (Ratio),1.73,0.99
financial-investment-management-63,financial investment management,industry_earnings,Proj EPS Growth,11.19%,10.37%
financial-investment-management-63,financial investment management,industry_earnings,Hist EPS Growth,7.03%,2.19%
financial-investment-management-63,financial investment management,industry_earnings,Net Margin,12.94%,18.53%
financial-investment-management-63,financial investment management,industry_earnings,Hist Sales Growth,6.19%,6.29%
financial-investment-management-63,financial investment management,industry_earnings,Hist Dividend Growth,3.80%,0.00%
financial-investment-management-63,financial investment management,financial_ratios,Beta,0.94,0.83
financial-investment-management-63,financial investment management,financial_ratios,ROE,17.83,13.95
financial-investment-management-63,financial investment management,financial_ratios,ROA,7.54,5.54
financial-investment-management-63,financial investment management,financial_ratios,ROI,11.97,9.68
financial-investment-management-63,financial investment management,financial_ratios,Debt-to-Equity,0.56,0.05
financial-investment-management-63,financial investment management,financial_ratios,Current Ratio,1.19,1.31
financial-investment-management-63,financial investment management,financial_ratios,Cash Flow ($/share),"3,065.15",163.96
financial-investment-management-63,financial investment management,financial_ratios,Price to Book,3.80,1.98
financial-investment-management-63,financial investment management,financial_ratios,Price To Sales,2.96,2.56
financial-investment-management-63,financial investment management,financial_ratios,Dividend Yield,1.44%,1.97%
financial-leasing-companies-64,financial leasing companies,performance,1 Month,0.55,-1.65
financial-leasing-companies-64,financial leasing companies,performance,3 Months,2.73,-10.24
financial-leasing-companies-64,financial leasing companies,performance,YTD,12.91,2.86
financial-leasing-companies-64,financial leasing companies,performance,1 Year,15.47,-12.21
financial-leasing-companies-64,financial leasing companies,performance,3 Years,84.19,-12.76
financial-leasing-companies-64,financial leasing companies,performance,5 Years,84.39,-32.99
financial-leasing-companies-64,financial leasing companies,industry_earnings,PE (F1),17.13,10.92
financial-leasing-companies-64,financial leasing companies,industry_earnings,PEG (Ratio),1.73,1.16
financial-leasing-companies-64,financial leasing companies,industry_earnings,Proj EPS Growth,11.19%,0.40%
financial-leasing-companies-64,financial leasing companies,industry_earnings,Hist EPS Growth,7.03%,4.37%
financial-leasing-companies-64,financial leasing companies,industry_earnings,Net Margin,12.94%,3.60%
financial-leasing-companies-64,financial leasing companies,industry_earnings,Hist Sales Growth,6.19%,1.35%
financial-leasing-companies-64,financial leasing companies,industry_earnings,Hist Dividend Growth,3.80%,0.00%
financial-leasing-companies-64,financial leasing companies,financial_ratios,Beta,0.94,1.68
financial-leasing-companies-64,financial leasing companies,financial_ratios,ROE,17.83,12.44
financial-leasing-companies-64,financial leasing companies,financial_ratios,ROA,7.54,7.69
financial-leasing-companies-64,financial leasing companies,financial_ratios,ROI,11.97,11.10
financial-leasing-companies-64,financial leasing companies,financial_ratios,Debt-to-Equity,0.56,0.00
financial-leasing-companies-64,financial leasing companies,financial_ratios,Current Ratio,1.19,0.90
financial-leasing-companies-64,financial leasing companies,financial_ratios,Cash Flow ($/share),"3,065.15",263.58
financial-leasing-companies-64,financial leasing companies,financial_ratios,Price to Book,3.80,1.76
financial-leasing-companies-64,financial leasing companies,financial_ratios,Price To Sales,2.96,0.19
financial-leasing-companies-64,financial leasing companies,financial_ratios,Dividend Yield,1.44%,1.72%
financial-miscellaneous-services-69,financial miscellaneous services,performance,1 Month,0.55,-5.20
financial-miscellaneous-services-69,financial miscellaneous services,performance,3 Months,2.73,-2.88
financial-miscellaneous-services-69,financial miscellaneous services,performance,YTD,12.91,-13.49
financial-miscellaneous-services-69,financial miscellaneous services,performance,1 Year,15.47,-25.78
financial-miscellaneous-services-69,financial miscellaneous services,performance,3 Years,84.19,18.44
financial-miscellaneous-services-69,financial miscellaneous services,performance,5 Years,84.39,-25.12
financial-miscellaneous-services-69,financial miscellaneous services,industry_earnings,PE (F1),17.13,10.94
financial-miscellaneous-services-69,financial miscellaneous services,industry_earnings,PEG (Ratio),1.73,0.99
financial-miscellaneous-services-69,financial miscellaneous services,industry_earnings,Proj EPS Growth,11.19%,13.70%
financial-miscellaneous-services-69,financial miscellaneous services,industry_earnings,Hist EPS Growth,7.03%,1.85%
financial-miscellaneous-services-69,financial miscellaneous services,industry_earnings,Net Margin,12.94%,3.70%
financial-miscellaneous-services-69,financial miscellaneous services,industry_earnings,Hist Sales Growth,6.19%,11.91%
financial-miscellaneous-services-69,financial miscellaneous services,industry_earnings,Hist Dividend Growth,3.80%,0.00%
financial-miscellaneous-services-69,financial miscellaneous services,financial_ratios,Beta,0.94,1.13
financial-miscellaneous-services-69,financial miscellaneous services,financial_ratios,ROE,17.83,5.68
financial-miscellaneous-services-69,financial miscellaneous services,financial_ratios,ROA,7.54,0.57
financial-miscellaneous-services-69,financial miscellaneous services,financial_ratios,ROI,11.97,3.01
financial-miscellaneous-services-69,financial miscellaneous services,financial_ratios,Debt-to-Equity,0.56,0.07
financial-miscellaneous-services-69,financial miscellaneous services,financial_ratios,Current Ratio,1.19,1.36
financial-miscellaneous-services-69,financial miscellaneous services,financial_ratios,Cash Flow ($/share),"3,065.15",3.85
financial-miscellaneous-services-69,financial miscellaneous services,financial_ratios,Price to Book,3.80,1.11
financial-miscellaneous-services-69,financial miscellaneous services,financial_ratios,Price To Sales,2.96,2.24
financial-miscellaneous-services-69,financial miscellaneous services,financial_ratios,Dividend Yield,1.44%,0.00%
financial-mortgage-related-services-65,financial mortgage related services,performance,1 Month,0.55,-10.23
financial-mortgage-related-services-65,financial mortgage related services,performance,3 Months,2.73,-24.79
financial-mortgage-related-services-65,financial mortgage related services,performance,YTD,12.91,-45.22
financial-mortgage-related-services-65,financial mortgage related services,performance,1 Year,15.47,-47.94
financial-mortgage-related-services-65,financial mortgage related services,performance,3 Years,84.19,-24.67
financial-mortgage-related-services-65,financial mortgage related services,performance,5 Years,84.39,-60.68
financial-mortgage-related-services-65,financial mortgage related services,industry_earnings,PE (F1),17.13,10.10
financial-mortgage-related-services-65,financial mortgage related services,industry_earnings,PEG (Ratio),1.73,0.78
financial-mortgage-related-services-65,financial mortgage related services,industry_earnings,Proj EPS Growth,11.19%,42.15%
financial-mortgage-related-services-65,financial mortgage related services,industry_earnings,Hist EPS Growth,7.03%,2.82%
financial-mortgage-related-services-65,financial mortgage related services,industry_earnings,Net Margin,12.94%,4.65%
financial-mortgage-related-services-65,financial mortgage related services,industry_earnings,Hist Sales Growth,6.19%,1.02%
financial-mortgage-related-services-65,financial mortgage related services,industry_earnings,Hist Dividend Growth,3.80%,0.00%
financial-mortgage-related-services-65,financial mortgage related services,financial_ratios,Beta,0.94,1.68
financial-mortgage-related-services-65,financial mortgage related services,financial_ratios,ROE,17.83,6.19
financial-mortgage-related-services-65,financial mortgage related services,financial_ratios,ROA,7.54,0.57
financial-mortgage-related-services-65,financial mortgage related services,financial_ratios,ROI,11.97,1.97
financial-mortgage-related-services-65,financial mortgage related services,financial_ratios,Debt-to-Equity,0.56,1.28
financial-mortgage-related-services-65,financial mortgage related services,financial_ratios,Current Ratio,1.19,1.89
financial-mortgage-related-services-65,financial mortgage related services,financial_ratios,Cash Flow ($/share),"3,065.15",166.60
financial-mortgage-related-services-65,financial mortgage related services,financial_ratios,Price to Book,3.80,0.79
financial-mortgage-related-services-65,financial mortgage related services,financial_ratios,Price To Sales,2.96,0.80
financial-mortgage-related-services-65,financial mortgage related services,financial_ratios,Dividend Yield,1.44%,0.00%
financial-savings-and-loan-67,financial savings and loan,performance,1 Month,0.55,-2.90
financial-savings-and-loan-67,financial savings and loan,performance,3 Months,2.73,-6.26
financial-savings-and-loan-67,financial savings and loan,performance,YTD,12.91,17.61
financial-savings-and-loan-67,financial savings and loan,performance,1 Year,15.47,17.95
financial-savings-and-loan-67,financial savings and loan,performance,3 Years,84.19,56.25
financial-savings-and-loan-67,financial savings and loan,performance,5 Years,84.39,4.78
financial-savings-and-loan-67,financial savings and loan,industry_earnings,PE (F1),17.13,11.65
financial-savings-and-loan-67,financial savings and loan,industry_earnings,PEG (Ratio),1.73,
financial-savings-and-loan-67,financial savings and loan,industry_earnings,Proj EPS Growth,11.19%,13.03%
financial-savings-and-loan-67,financial savings and loan,industry_earnings,Hist EPS Growth,7.03%,1.06%
financial-savings-and-loan-67,financial savings and loan,industry_earnings,Net Margin,12.94%,18.69%
financial-savings-and-loan-67,financial savings and loan,industry_earnings,Hist Sales Growth,6.19%,14.22%
financial-savings-and-loan-67,financial savings and loan,industry_earnings,Hist Dividend Growth,3.80%,0.00%
financial-savings-and-loan-67,financial savings and loan,financial_ratios,Beta,0.94,0.32
financial-savings-and-loan-67,financial savings and loan,financial_ratios,ROE,17.83,10.47
financial-savings-and-loan-67,financial savings and loan,financial_ratios,ROA,7.54,1.16
financial-savings-and-loan-67,financial savings and loan,financial_ratios,ROI,11.97,6.28
financial-savings-and-loan-67,financial savings and loan,financial_ratios,Debt-to-Equity,0.56,0.28
financial-savings-and-loan-67,financial savings and loan,financial_ratios,Current Ratio,1.19,0.98
financial-savings-and-loan-67,financial savings and loan,financial_ratios,Cash Flow ($/share),"3,065.15",9.36
financial-savings-and-loan-67,financial savings and loan,financial_ratios,Price to Book,3.80,1.11
financial-savings-and-loan-67,financial savings and loan,financial_ratios,Price To Sales,2.96,2.07
financial-savings-and-loan-67,financial savings and loan,financial_ratios,Dividend Yield,1.44%,1.98%
financial-sbic-commercial-industry-68,financial sbic commercial industry,performance,1 Month,0.55,-5.54
financial-sbic-commercial-industry-68,financial sbic commercial industry,performance,3 Months,2.73,0.07
financial-sbic-commercial-industry-68,financial sbic commercial industry,performance,YTD,12.91,-13.11
financial-sbic-commercial-industry-68,financial sbic commercial industry,performance,1 Year,15.47,-12.80
financial-sbic-commercial-industry-68,financial sbic commercial industry,performance,3 Years,84.19,-16.36
financial-sbic-commercial-industry-68,financial sbic commercial industry,performance,5 Years,84.39,-21.29
financial-sbic-commercial-industry-68,financial sbic commercial industry,industry_earnings,PE (F1),17.13,7.49
financial-sbic-commercial-industry-68,financial sbic commercial industry,industry_earnings,PEG (Ratio),1.73,
financial-sbic-commercial-industry-68,financial sbic commercial industry,industry_earnings,Proj EPS Growth,11.19%,-10.19%
financial-sbic-commercial-industry-68,financial sbic commercial industry,industry_earnings,Hist EPS Growth,7.03%,1.06%
financial-sbic-commercial-industry-68,financial sbic commercial industry,industry_earnings,Net Margin,12.94%,18.56%
financial-sbic-commercial-industry-68,financial sbic commercial industry,industry_earnings,Hist Sales Growth,6.19%,13.73%
financial-sbic-commercial-industry-68,financial sbic commercial industry,industry_earnings,Hist Dividend Growth,3.80%,0.00%
financial-sbic-commercial-industry-68,financial sbic commercial industry,financial_ratios,Beta,0.94,0.64
financial-sbic-commercial-industry-68,financial sbic commercial industry,financial_ratios,ROE,17.83,9.91
financial-sbic-commercial-industry-68,financial sbic commercial industry,financial_ratios,ROA,7.54,4.33
financial-sbic-commercial-industry-68,financial sbic commercial industry,financial_ratios,ROI,11.97,5.29
financial-sbic-commercial-industry-68,financial sbic commercial industry,financial_ratios,Debt-to-Equity,0.56,0.33
financial-sbic-commercial-industry-68,financial sbic commercial industry,financial_ratios,Current Ratio,1.19,1.09
financial-sbic-commercial-industry-68,financial sbic commercial industry,financial_ratios,Cash Flow ($/share),"3,065.15",62.72
financial-sbic-commercial-industry-68,financial sbic commercial industry,financial_ratios,Price to Book,3.80,0.70
financial-sbic-commercial-industry-68,financial sbic commercial industry,financial_ratios,Price To Sales,2.96,2.99
financial-sbic-commercial-industry-68,financial sbic commercial industry,financial_ratios,Dividend Yield,1.44%,12.25%
financial-transaction-services-282,financial transaction services,performance,1 Month,0.55,-4.88
financial-transaction-services-282,financial transaction services,performance,3 Months,2.73,-2.79
financial-transaction-services-282,financial transaction services,performance,YTD,12.91,-14.30
financial-transaction-services-282,financial transaction services,performance,1 Year,15.47,-13.68
financial-transaction-services-282,financial transaction services,performance,3 Years,84.19,10.91
financial-transaction-services-282,financial transaction services,performance,5 Years,84.39,-16.95
financial-transaction-services-282,financial transaction services,industry_earnings,PE (F1),17.13,13.68
financial-transaction-services-282,financial transaction services,industry_earnings,PEG (Ratio),1.73,0.75
financial-transaction-services-282,financial transaction services,industry_earnings,Proj EPS Growth,11.19%,14.51%
financial-transaction-services-282,financial transaction services,industry_earnings,Hist EPS Growth,7.03%,12.53%
financial-transaction-services-282,financial transaction services,industry_earnings,Net Margin,12.94%,6.63%
financial-transaction-services-282,financial transaction services,industry_earnings,Hist Sales Growth,6.19%,11.13%
financial-transaction-services-282,financial transaction services,industry_earnings,Hist Dividend Growth,3.80%,0.00%
financial-transaction-services-282,financial transaction services,financial_ratios,Beta,0.94,0.85
financial-transaction-services-282,financial transaction services,financial_ratios,ROE,17.83,16.36
financial-transaction-services-282,financial transaction services,financial_ratios,ROA,7.54,5.04
financial-transaction-services-282,financial transaction services,financial_ratios,ROI,11.97,9.87
financial-transaction-services-282,financial transaction services,financial_ratios,Debt-to-Equity,0.56,0.51
financial-transaction-services-282,financial transaction services,financial_ratios,Current Ratio,1.19,1.23
financial-transaction-services-282,financial transaction services,financial_ratios,Cash Flow ($/share),"3,065.15",134.57
financial-transaction-services-282,financial transaction services,financial_ratios,Price to Book,3.80,2.54
financial-transaction-services-282,financial transaction services,financial_ratios,Price To Sales,2.96,1.49
financial-transaction-services-282,financial transaction services,financial_ratios,Dividend Yield,1.44%,0.00%
food-confectionery-72,food confectionery,performance,1 Month,0.55,-9.33
food-confectionery-72,food confectionery,performance,3 Months,2.73,-10.92
food-confectionery-72,food confectionery,performance,YTD,12.91,-11.91
food-confectionery-72,food confectionery,performance,1 Year,15.47,-15.44
food-confectionery-72,food confectionery,performance,3 Years,84.19,-19.70
food-confectionery-72,food confectionery,performance,5 Years,84.39,-8.43
food-confectionery-72,food confectionery,industry_earnings,PE (F1),17.13,18.20
food-confectionery-72,food confectionery,industry_earnings,PEG (Ratio),1.73,1.26
food-confectionery-72,food confectionery,industry_earnings,Proj EPS Growth,11.19%,30.23%
food-confectionery-72,food confectionery,industry_earnings,Hist EPS Growth,7.03%,5.18%
food-confectionery-72,food confectionery,industry_earnings,Net Margin,12.94%,12.24%
food-confectionery-72,food confectionery,industry_earnings,Hist Sales Growth,6.19%,5.69%
food-confectionery-72,food confectionery,industry_earnings,Hist Dividend Growth,3.80%,0.00%
food-confectionery-72,food confectionery,financial_ratios,Beta,0.94,0.15
food-confectionery-72,food confectionery,financial_ratios,ROE,17.83,10.16
food-confectionery-72,food confectionery,financial_ratios,ROA,7.54,7.64
food-confectionery-72,food confectionery,financial_ratios,ROI,11.97,10.16
food-confectionery-72,food confectionery,financial_ratios,Debt-to-Equity,0.56,0.65
food-confectionery-72,food confectionery,financial_ratios,Current Ratio,1.19,2.04
food-confectionery-72,food confectionery,financial_ratios,Cash Flow ($/share),"3,065.15",402.71
food-confectionery-72,food confectionery,financial_ratios,Price to Book,3.80,2.41
food-confectionery-72,food confectionery,financial_ratios,Price To Sales,2.96,1.63
food-confectionery-72,food confectionery,financial_ratios,Dividend Yield,1.44%,0.48%
food-dairy-products-73,food dairy products,performance,1 Month,0.55,-24.16
food-dairy-products-73,food dairy products,performance,3 Months,2.73,-13.20
food-dairy-products-73,food dairy products,performance,YTD,12.91,-8.41
food-dairy-products-73,food dairy products,performance,1 Year,15.47,-26.75
food-dairy-products-73,food dairy products,performance,3 Years,84.19,-9.54
food-dairy-products-73,food dairy products,performance,5 Years,84.39,-92.88
food-dairy-products-73,food dairy products,industry_earnings,PE (F1),17.13,2.41
food-dairy-products-73,food dairy products,industry_earnings,PEG (Ratio),1.73,
food-dairy-products-73,food dairy products,industry_earnings,Proj EPS Growth,11.19%,46.12%
food-dairy-products-73,food dairy products,industry_earnings,Hist EPS Growth,7.03%,220.12%
food-dairy-products-73,food dairy products,industry_earnings,Net Margin,12.94%,-4.67%
food-dairy-products-73,food dairy products,industry_earnings,Hist Sales Growth,6.19%,11.77%
food-dairy-products-73,food dairy products,industry_earnings,Hist Dividend Growth,3.80%,0.00%
food-dairy-products-73,food dairy products,financial_ratios,Beta,0.94,0.47
food-dairy-products-73,food dairy products,financial_ratios,ROE,17.83,"-1,233.60"
food-dairy-products-73,food dairy products,financial_ratios,ROA,7.54,-3.68
food-dairy-products-73,food dairy products,financial_ratios,ROI,11.97,-27.71
food-dairy-products-73,food dairy products,financial_ratios,Debt-to-Equity,0.56,-3.97
food-dairy-products-73,food dairy products,financial_ratios,Current Ratio,1.19,1.26
food-dairy-products-73,food dairy products,financial_ratios,Cash Flow ($/share),"3,065.15",17.84
food-dairy-products-73,food dairy products,financial_ratios,Price to Book,3.80,3.11
food-dairy-products-73,food dairy products,financial_ratios,Price To Sales,2.96,0.84
food-dairy-products-73,food dairy products,financial_ratios,Dividend Yield,1.44%,0.00%
food-meat-products-75,food meat products,performance,1 Month,0.55,-11.50
food-meat-products-75,food meat products,performance,3 Months,2.73,-17.29
food-meat-products-75,food meat products,performance,YTD,12.91,-19.10
food-meat-products-75,food meat products,performance,1 Year,15.47,-20.27
food-meat-products-75,food meat products,performance,3 Years,84.19,-31.12
food-meat-products-75,food meat products,performance,5 Years,84.39,-51.31
food-meat-products-75,food meat products,industry_earnings,PE (F1),17.13,11.84
food-meat-products-75,food meat products,industry_earnings,PEG (Ratio),1.73,1.57
food-meat-products-75,food meat products,industry_earnings,Proj EPS Growth,11.19%,8.61%
food-meat-products-75,food meat products,industry_earnings,Hist EPS Growth,7.03%,-6.09%
food-meat-products-75,food meat products,industry_earnings,Net Margin,12.94%,2.96%
food-meat-products-75,food meat products,industry_earnings,Hist Sales Growth,6.19%,1.00%
food-meat-products-75,food meat products,industry_earnings,Hist Dividend Growth,3.80%,0.00%
food-meat-products-75,food meat products,financial_ratios,Beta,0.94,0.31
food-meat-products-75,food meat products,financial_ratios,ROE,17.83,8.84
food-meat-products-75,food meat products,financial_ratios,ROA,7.54,6.90
food-meat-products-75,food meat products,financial_ratios,ROI,11.97,9.68
food-meat-products-75,food meat products,financial_ratios,Debt-to-Equity,0.56,0.38
food-meat-products-75,food meat products,financial_ratios,Current Ratio,1.19,1.84
food-meat-products-75,food meat products,financial_ratios,Cash Flow ($/share),"3,065.15",13.66
food-meat-products-75,food meat products,financial_ratios,Price to Book,3.80,1.01
food-meat-products-75,food meat products,financial_ratios,Price To Sales,2.96,0.47
food-meat-products-75,food meat products,financial_ratios,Dividend Yield,1.44%,0.00%
food-miscellaneous-76,food miscellaneous,performance,1 Month,0.55,-11.41
food-miscellaneous-76,food miscellaneous,performance,3 Months,2.73,-6.94
food-miscellaneous-76,food miscellaneous,performance,YTD,12.91,-7.30
food-miscellaneous-76,food miscellaneous,performance,1 Year,15.47,-25.38
food-miscellaneous-76,food miscellaneous,performance,3 Years,84.19,-31.74
food-miscellaneous-76,food miscellaneous,performance,5 Years,84.39,-33.48
food-miscellaneous-76,food miscellaneous,industry_earnings,PE (F1),17.13,13.62
food-miscellaneous-76,food miscellaneous,industry_earnings,PEG (Ratio),1.73,2.16
food-miscellaneous-76,food miscellaneous,industry_earnings,Proj EPS Growth,11.19%,5.37%
food-miscellaneous-76,food miscellaneous,industry_earnings,Hist EPS Growth,7.03%,5.25%
food-miscellaneous-76,food miscellaneous,industry_earnings,Net Margin,12.94%,1.81%
food-miscellaneous-76,food miscellaneous,industry_earnings,Hist Sales Growth,6.19%,3.84%
food-miscellaneous-76,food miscellaneous,industry_earnings,Hist Dividend Growth,3.80%,0.00%
food-miscellaneous-76,food miscellaneous,financial_ratios,Beta,0.94,0.61
food-miscellaneous-76,food miscellaneous,financial_ratios,ROE,17.83,12.00
food-miscellaneous-76,food miscellaneous,financial_ratios,ROA,7.54,4.32
food-miscellaneous-76,food miscellaneous,financial_ratios,ROI,11.97,6.91
food-miscellaneous-76,food miscellaneous,financial_ratios,Debt-to-Equity,0.56,0.34
food-miscellaneous-76,food miscellaneous,financial_ratios,Current Ratio,1.19,1.51
food-miscellaneous-76,food miscellaneous,financial_ratios,Cash Flow ($/share),"3,065.15",240.19
food-miscellaneous-76,food miscellaneous,financial_ratios,Price to Book,3.80,1.59
food-miscellaneous-76,food miscellaneous,financial_ratios,Price To Sales,2.96,0.66
food-miscellaneous-76,food miscellaneous,financial_ratios,Dividend Yield,1.44%,0.00%
food-natural-foods-products-70,food natural foods products,performance,1 Month,0.55,-10.99
food-natural-foods-products-70,food natural foods products,performance,3 Months,2.73,-20.21
food-natural-foods-products-70,food natural foods products,performance,YTD,12.91,-4.44
food-natural-foods-products-70,food natural foods products,performance,1 Year,15.47,-21.85
food-natural-foods-products-70,food natural foods products,performance,3 Years,84.19,56.84
food-natural-foods-products-70,food natural foods products,performance,5 Years,84.39,118.54
food-natural-foods-products-70,food natural foods products,industry_earnings,PE (F1),17.13,12.97
food-natural-foods-products-70,food natural foods products,industry_earnings,PEG (Ratio),1.73,1.63
food-natural-foods-products-70,food natural foods products,industry_earnings,Proj EPS Growth,11.19%,11.90%
food-natural-foods-products-70,food natural foods products,industry_earnings,Hist EPS Growth,7.03%,22.08%
food-natural-foods-products-70,food natural foods products,industry_earnings,Net Margin,12.94%,4.57%
food-natural-foods-products-70,food natural foods products,industry_earnings,Hist Sales Growth,6.19%,7.80%
food-natural-foods-products-70,food natural foods products,industry_earnings,Hist Dividend Growth,3.80%,0.00%
food-natural-foods-products-70,food natural foods products,financial_ratios,Beta,0.94,0.95
food-natural-foods-products-70,food natural foods products,financial_ratios,ROE,17.83,18.13
food-natural-foods-products-70,food natural foods products,financial_ratios,ROA,7.54,9.17
food-natural-foods-products-70,food natural foods products,financial_ratios,ROI,11.97,15.14
food-natural-foods-products-70,food natural foods products,financial_ratios,Debt-to-Equity,0.56,0.13
food-natural-foods-products-70,food natural foods products,financial_ratios,Current Ratio,1.19,1.31
food-natural-foods-products-70,food natural foods products,financial_ratios,Cash Flow ($/share),"3,065.15",127.64
food-natural-foods-products-70,food natural foods products,financial_ratios,Price to Book,3.80,2.94
food-natural-foods-products-70,food natural foods products,financial_ratios,Price To Sales,2.96,0.60
food-natural-foods-products-70,food natural foods products,financial_ratios,Dividend Yield,1.44%,0.98%
funeral-services-78,funeral services,performance,1 Month,0.55,-6.10
funeral-services-78,funeral services,performance,3 Months,2.73,-3.31
funeral-services-78,funeral services,performance,YTD,12.91,-5.38
funeral-services-78,funeral services,performance,1 Year,15.47,-10.12
funeral-services-78,funeral services,performance,3 Years,84.19,20.39
funeral-services-78,funeral services,performance,5 Years,84.39,12.45
funeral-services-78,funeral services,industry_earnings,PE (F1),17.13,18.28
funeral-services-78,funeral services,industry_earnings,PEG (Ratio),1.73,1.17
funeral-services-78,funeral services,industry_earnings,Proj EPS Growth,11.19%,8.70%
funeral-services-78,funeral services,industry_earnings,Hist EPS Growth,7.03%,-3.51%
funeral-services-78,funeral services,industry_earnings,Net Margin,12.94%,10.69%
funeral-services-78,funeral services,industry_earnings,Hist Sales Growth,6.19%,1.18%
funeral-services-78,funeral services,industry_earnings,Hist Dividend Growth,3.80%,2.00%
funeral-services-78,funeral services,financial_ratios,Beta,0.94,0.81
funeral-services-78,funeral services,financial_ratios,ROE,17.83,19.23
funeral-services-78,funeral services,financial_ratios,ROA,7.54,2.91
funeral-services-78,funeral services,financial_ratios,ROI,11.97,6.31
funeral-services-78,funeral services,financial_ratios,Debt-to-Equity,0.56,1.92
funeral-services-78,funeral services,financial_ratios,Current Ratio,1.19,1.46
funeral-services-78,funeral services,financial_ratios,Cash Flow ($/share),"3,065.15",110.78
funeral-services-78,funeral services,financial_ratios,Price to Book,3.80,1.81
funeral-services-78,funeral services,financial_ratios,Price To Sales,2.96,1.21
funeral-services-78,funeral services,financial_ratios,Dividend Yield,1.44%,1.88%
furniture-79,furniture,performance,1 Month,0.55,-6.18
furniture-79,furniture,performance,3 Months,2.73,-17.11
furniture-79,furniture,performance,YTD,12.91,-16.83
furniture-79,furniture,performance,1 Year,15.47,-19.49
furniture-79,furniture,performance,3 Years,84.19,-31.37
furniture-79,furniture,performance,5 Years,84.39,-60.10
furniture-79,furniture,industry_earnings,PE (F1),17.13,13.42
furniture-79,furniture,industry_earnings,PEG (Ratio),1.73,1.06
furniture-79,furniture,industry_earnings,Proj EPS Growth,11.19%,8.78%
furniture-79,furniture,industry_earnings,Hist EPS Growth,7.03%,-19.96%
furniture-79,furniture,industry_earnings,Net Margin,12.94%,-1.31%
furniture-79,furniture,industry_earnings,Hist Sales Growth,6.19%,-3.27%
furniture-79,furniture,industry_earnings,Hist Dividend Growth,3.80%,0.00%
furniture-79,furniture,financial_ratios,Beta,0.94,1.10
furniture-79,furniture,financial_ratios,ROE,17.83,4.32
furniture-79,furniture,financial_ratios,ROA,7.54,1.60
furniture-79,furniture,financial_ratios,ROI,11.97,3.19
furniture-79,furniture,financial_ratios,Debt-to-Equity,0.56,0.00
furniture-79,furniture,financial_ratios,Current Ratio,1.19,1.66
furniture-79,furniture,financial_ratios,Cash Flow ($/share),"3,065.15",15.29
furniture-79,furniture,financial_ratios,Price to Book,3.80,0.97
furniture-79,furniture,financial_ratios,Price To Sales,2.96,0.50
furniture-79,furniture,financial_ratios,Dividend Yield,1.44%,0.00%
gaming-200,gaming,performance,1 Month,0.55,-8.83
gaming-200,gaming,performance,3 Months,2.73,-21.31
gaming-200,gaming,performance,YTD,12.91,-35.12
gaming-200,gaming,performance,1 Year,15.47,-43.38
gaming-200,gaming,performance,3 Years,84.19,0.68
gaming-200,gaming,performance,5 Years,84.39,-32.65
gaming-200,gaming,industry_earnings,PE (F1),17.13,15.35
gaming-200,gaming,industry_earnings,PEG (Ratio),1.73,1.06
gaming-200,gaming,industry_earnings,Proj EPS Growth,11.19%,15.39%
gaming-200,gaming,industry_earnings,Hist EPS Growth,7.03%,10.19%
gaming-200,gaming,industry_earnings,Net Margin,12.94%,1.27%
gaming-200,gaming,industry_earnings,Hist Sales Growth,6.19%,10.88%
gaming-200,gaming,industry_earnings,Hist Dividend Growth,3.80%,0.00%
gaming-200,gaming,financial_ratios,Beta,0.94,1.12
gaming-200,gaming,financial_ratios,ROE,17.83,2.93
gaming-200,gaming,financial_ratios,ROA,7.54,3.14
gaming-200,gaming,financial_ratios,ROI,11.97,4.47
gaming-200,gaming,financial_ratios,Debt-to-Equity,0.56,0.01
gaming-200,gaming,financial_ratios,Current Ratio,1.19,1.28
gaming-200,gaming,financial_ratios,Cash Flow ($/share),"3,065.15",12.82
gaming-200,gaming,financial_ratios,Price to Book,3.80,1.82
gaming-200,gaming,financial_ratios,Price To Sales,2.96,0.99
gaming-200,gaming,financial_ratios,Dividend Yield,1.44%,0.00%
glass-products-80,glass products,performance,1 Month,0.55,-13.48
glass-products-80,glass products,performance,3 Months,2.73,-32.51
glass-products-80,glass products,performance,YTD,12.91,-47.02
glass-products-80,glass products,performance,1 Year,15.47,-45.26
glass-products-80,glass products,performance,3 Years,84.19,-54.95
glass-products-80,glass products,performance,5 Years,84.39,-49.09
glass-products-80,glass products,industry_earnings,PE (F1),17.13,13.67
glass-products-80,glass products,industry_earnings,PEG (Ratio),1.73,1.56
glass-products-80,glass products,industry_earnings,Proj EPS Growth,11.19%,-45.79%
glass-products-80,glass products,industry_earnings,Hist EPS Growth,7.03%,-5.12%
glass-products-80,glass products,industry_earnings,Net Margin,12.94%,-6.63%
glass-products-80,glass products,industry_earnings,Hist Sales Growth,6.19%,0.17%
glass-products-80,glass products,industry_earnings,Hist Dividend Growth,3.80%,0.00%
glass-products-80,glass products,financial_ratios,Beta,0.94,0.90
glass-products-80,glass products,financial_ratios,ROE,17.83,12.56
glass-products-80,glass products,financial_ratios,ROA,7.54,4.05
glass-products-80,glass products,financial_ratios,ROI,11.97,5.99
glass-products-80,glass products,financial_ratios,Debt-to-Equity,0.56,4.68
glass-products-80,glass products,financial_ratios,Current Ratio,1.19,1.51
glass-products-80,glass products,financial_ratios,Cash Flow ($/share),"3,065.15",379.08
glass-products-80,glass products,financial_ratios,Price to Book,3.80,1.29
glass-products-80,glass products,financial_ratios,Price To Sales,2.96,0.34
glass-products-80,glass products,financial_ratios,Dividend Yield,1.44%,0.00%
government-services-284,government services,performance,1 Month,0.55,-2.88
government-services-284,government services,performance,3 Months,2.73,3.32
government-services-284,government services,performance,YTD,12.91,3.14
government-services-284,government services,performance,1 Year,15.47,-9.66
government-services-284,government services,performance,3 Years,84.19,8.65
government-services-284,government services,performance,5 Years,84.39,6.83
government-services-284,government services,industry_earnings,PE (F1),17.13,12.02
government-services-284,government services,industry_earnings,PEG (Ratio),1.73,1.68
government-services-284,government services,industry_earnings,Proj EPS Growth,11.19%,4.43%
government-services-284,government services,industry_earnings,Hist EPS Growth,7.03%,8.49%
government-services-284,government services,industry_earnings,Net Margin,12.94%,7.07%
government-services-284,government services,industry_earnings,Hist Sales Growth,6.19%,4.17%
government-services-284,government services,industry_earnings,Hist Dividend Growth,3.80%,0.00%
government-services-284,government services,financial_ratios,Beta,0.94,0.59
government-services-284,government services,financial_ratios,ROE,17.83,11.53
government-services-284,government services,financial_ratios,ROA,7.54,5.73
government-services-284,government services,financial_ratios,ROI,11.97,8.15
government-services-284,government services,financial_ratios,Debt-to-Equity,0.56,0.90
government-services-284,government services,financial_ratios,Current Ratio,1.19,1.65
government-services-284,government services,financial_ratios,Cash Flow ($/share),"3,065.15",258.22
government-services-284,government services,financial_ratios,Price to Book,3.80,1.62
government-services-284,government services,financial_ratios,Price To Sales,2.96,0.84
government-services-284,government services,financial_ratios,Dividend Yield,1.44%,0.66%
hotels-and-motels-81,hotels and motels,performance,1 Month,0.55,2.15
hotels-and-motels-81,hotels and motels,performance,3 Months,2.73,-5.73
hotels-and-motels-81,hotels and motels,performance,YTD,12.91,7.82
hotels-and-motels-81,hotels and motels,performance,1 Year,15.47,23.41
hotels-and-motels-81,hotels and motels,performance,3 Years,84.19,45.84
hotels-and-motels-81,hotels and motels,performance,5 Years,84.39,56.62
hotels-and-motels-81,hotels and motels,industry_earnings,PE (F1),17.13,15.19
hotels-and-motels-81,hotels and motels,industry_earnings,PEG (Ratio),1.73,1.85
hotels-and-motels-81,hotels and motels,industry_earnings,Proj EPS Growth,11.19%,17.76%
hotels-and-motels-81,hotels and motels,industry_earnings,Hist EPS Growth,7.03%,12.00%
hotels-and-motels-81,hotels and motels,industry_earnings,Net Margin,12.94%,4.14%
hotels-and-motels-81,hotels and motels,industry_earnings,Hist Sales Growth,6.19%,16.08%
hotels-and-motels-81,hotels and motels,industry_earnings,Hist Dividend Growth,3.80%,0.00%
hotels-and-motels-81,hotels and motels,financial_ratios,Beta,0.94,0.63
hotels-and-motels-81,hotels and motels,financial_ratios,ROE,17.83,7.27
hotels-and-motels-81,hotels and motels,financial_ratios,ROA,7.54,2.41
hotels-and-motels-81,hotels and motels,financial_ratios,ROI,11.97,6.60
hotels-and-motels-81,hotels and motels,financial_ratios,Debt-to-Equity,0.56,0.34
hotels-and-motels-81,hotels and motels,financial_ratios,Current Ratio,1.19,0.96
hotels-and-motels-81,hotels and motels,financial_ratios,Cash Flow ($/share),"3,065.15",531.53
hotels-and-motels-81,hotels and motels,financial_ratios,Price to Book,3.80,4.18
hotels-and-motels-81,hotels and motels,financial_ratios,Price To Sales,2.96,2.84
hotels-and-motels-81,hotels and motels,financial_ratios,Dividend Yield,1.44%,0.74%
household-appliances-5,household appliances,performance,1 Month,0.55,-13.72
household-appliances-5,household appliances,performance,3 Months,2.73,-15.02
household-appliances-5,household appliances,performance,YTD,12.91,-48.51
household-appliances-5,household appliances,performance,1 Year,15.47,-52.47
household-appliances-5,household appliances,performance,3 Years,84.19,-70.98
household-appliances-5,household appliances,performance,5 Years,84.39,-81.39
household-appliances-5,household appliances,industry_earnings,PE (F1),17.13,14.93
household-appliances-5,household appliances,industry_earnings,PEG (Ratio),1.73,6.98
household-appliances-5,household appliances,industry_earnings,Proj EPS Growth,11.19%,-59.23%
household-appliances-5,household appliances,industry_earnings,Hist EPS Growth,7.03%,-31.78%
household-appliances-5,household appliances,industry_earnings,Net Margin,12.94%,1.17%
household-appliances-5,household appliances,industry_earnings,Hist Sales Growth,6.19%,-8.49%
household-appliances-5,household appliances,industry_earnings,Hist Dividend Growth,3.80%,0.00%
household-appliances-5,household appliances,financial_ratios,Beta,0.94,1.21
household-appliances-5,household appliances,financial_ratios,ROE,17.83,6.76
household-appliances-5,household appliances,financial_ratios,ROA,7.54,0.82
household-appliances-5,household appliances,financial_ratios,ROI,11.97,1.77
household-appliances-5,household appliances,financial_ratios,Debt-to-Equity,0.56,1.62
household-appliances-5,household appliances,financial_ratios,Current Ratio,1.19,1.15
household-appliances-5,household appliances,financial_ratios,Cash Flow ($/share),"3,065.15",624.58
household-appliances-5,household appliances,financial_ratios,Price to Book,3.80,1.40
household-appliances-5,household appliances,financial_ratios,Price To Sales,2.96,0.13
household-appliances-5,household appliances,financial_ratios,Dividend Yield,1.44%,0.00%
indicies-400,indicies,performance,1 Month,0.55,
indicies-400,indicies,performance,3 Months,2.73,
indicies-400,indicies,performance,YTD,12.91,
indicies-400,indicies,performance,1 Year,15.47,
indicies-400,indicies,performance,3 Years,84.19,
indicies-400,indicies,performance,5 Years,84.39,
indicies-400,indicies,industry_earnings,PE (F1),17.13,22.28
indicies-400,indicies,industry_earnings,PEG (Ratio),1.73,
indicies-400,indicies,industry_earnings,Proj EPS Growth,11.19%,28.20%
indicies-400,indicies,industry_earnings,Hist EPS Growth,7.03%,
indicies-400,indicies,industry_earnings,Net Margin,12.94%,27.29%
indicies-400,indicies,industry_earnings,Hist Sales Growth,6.19%,
indicies-400,indicies,industry_earnings,Hist Dividend Growth,3.80%,0.00%
indicies-400,indicies,financial_ratios,Beta,0.94,1.00
indicies-400,indicies,financial_ratios,ROE,17.83,35.34
indicies-400,indicies,financial_ratios,ROA,7.54,20.26
indicies-400,indicies,financial_ratios,ROI,11.97,31.45
indicies-400,indicies,financial_ratios,Debt-to-Equity,0.56,
indicies-400,indicies,financial_ratios,Current Ratio,1.19,1.82
indicies-400,indicies,financial_ratios,Cash Flow ($/share),"3,065.15",-999.00
indicies-400,indicies,financial_ratios,Price to Book,3.80,15.18
indicies-400,indicies,financial_ratios,Price To Sales,2.96,
indicies-400,indicies,financial_ratios,Dividend Yield,1.44%,0.00%
industrial-automation-and-robotics-82,industrial automation and robotics,performance,1 Month,0.55,
industrial-automation-and-robotics-82,industrial automation and robotics,performance,3 Months,2.73,
industrial-automation-and-robotics-82,industrial automation and robotics,performance,YTD,12.91,
industrial-automation-and-robotics-82,industrial automation and robotics,performance,1 Year,15.47,
industrial-automation-and-robotics-82,industrial automation and robotics,performance,3 Years,84.19,
industrial-automation-and-robotics-82,industrial automation and robotics,performance,5 Years,84.39,
industrial-automation-and-robotics-82,industrial automation and robotics,industry_earnings,PE (F1),17.13,28.12
industrial-automation-and-robotics-82,industrial automation and robotics,industry_earnings,PEG (Ratio),1.73,2.63
industrial-automation-and-robotics-82,industrial automation and robotics,industry_earnings,Proj EPS Growth,11.19%,15.25%
industrial-automation-and-robotics-82,industrial automation and robotics,industry_earnings,Hist EPS Growth,7.03%,
industrial-automation-and-robotics-82,industrial automation and robotics,industry_earnings,Net Margin,12.94%,20.11%
industrial-automation-and-robotics-82,industrial automation and robotics,industry_earnings,Hist Sales Growth,6.19%,-4.18%
industrial-automation-and-robotics-82,industrial automation and robotics,industry_earnings,Hist Dividend Growth,3.80%,0.00%
industrial-automation-and-robotics-82,industrial automation and robotics,financial_ratios,Beta,0.94,1.86
industrial-automation-and-robotics-82,industrial automation and robotics,financial_ratios,ROE,17.83,9.60
industrial-automation-and-robotics-82,industrial automation and robotics,financial_ratios,ROA,7.54,8.65
industrial-automation-and-robotics-82,industrial automation and robotics,financial_ratios,ROI,11.97,9.60
industrial-automation-and-robotics-82,industrial automation and robotics,financial_ratios,Debt-to-Equity,0.56,0.00
industrial-automation-and-robotics-82,industrial automation and robotics,financial_ratios,Current Ratio,1.19,7.34
industrial-automation-and-robotics-82,industrial automation and robotics,financial_ratios,Cash Flow ($/share),"3,065.15",707.96
industrial-automation-and-robotics-82,industrial automation and robotics,financial_ratios,Price to Book,3.80,7.46
industrial-automation-and-robotics-82,industrial automation and robotics,financial_ratios,Price To Sales,2.96,6.50
industrial-automation-and-robotics-82,industrial automation and robotics,financial_ratios,Dividend Yield,1.44%,0.00%
industrial-services-286,industrial services,performance,1 Month,0.55,0.66
industrial-services-286,industrial services,performance,3 Months,2.73,-0.90
industrial-services-286,industrial services,performance,YTD,12.91,9.33
industrial-services-286,industrial services,performance,1 Year,15.47,0.58
industrial-services-286,industrial services,performance,3 Years,84.19,30.61
industrial-services-286,industrial services,performance,5 Years,84.39,43.81
industrial-services-286,industrial services,industry_earnings,PE (F1),17.13,23.45
industrial-services-286,industrial services,industry_earnings,PEG (Ratio),1.73,1.99
industrial-services-286,industrial services,industry_earnings,Proj EPS Growth,11.19%,17.14%
industrial-services-286,industrial services,industry_earnings,Hist EPS Growth,7.03%,5.06%
industrial-services-286,industrial services,industry_earnings,Net Margin,12.94%,3.39%
industrial-services-286,industrial services,industry_earnings,Hist Sales Growth,6.19%,6.65%
industrial-services-286,industrial services,industry_earnings,Hist Dividend Growth,3.80%,0.00%
industrial-services-286,industrial services,financial_ratios,Beta,0.94,1.17
industrial-services-286,industrial services,financial_ratios,ROE,17.83,9.76
industrial-services-286,industrial services,financial_ratios,ROA,7.54,3.81
industrial-services-286,industrial services,financial_ratios,ROI,11.97,6.98
industrial-services-286,industrial services,financial_ratios,Debt-to-Equity,0.56,0.15
industrial-services-286,industrial services,financial_ratios,Current Ratio,1.19,2.24
industrial-services-286,industrial services,financial_ratios,Cash Flow ($/share),"3,065.15",76.44
industrial-services-286,industrial services,financial_ratios,Price to Book,3.80,2.31
industrial-services-286,industrial services,financial_ratios,Price To Sales,2.96,1.19
industrial-services-286,industrial services,financial_ratios,Dividend Yield,1.44%,0.00%
instruments-control-83,instruments control,performance,1 Month,0.55,3.90
instruments-control-83,instruments control,performance,3 Months,2.73,-7.34
instruments-control-83,instruments control,performance,YTD,12.91,5.44
instruments-control-83,instruments control,performance,1 Year,15.47,9.10
instruments-control-83,instruments control,performance,3 Years,84.19,10.31
instruments-control-83,instruments control,performance,5 Years,84.39,-1.67
instruments-control-83,instruments control,industry_earnings,PE (F1),17.13,28.50
instruments-control-83,instruments control,industry_earnings,PEG (Ratio),1.73,2.22
instruments-control-83,instruments control,industry_earnings,Proj EPS Growth,11.19%,-5.43%
instruments-control-83,instruments control,industry_earnings,Hist EPS Growth,7.03%,15.71%
instruments-control-83,instruments control,industry_earnings,Net Margin,12.94%,3.03%
instruments-control-83,instruments control,industry_earnings,Hist Sales Growth,6.19%,12.01%
instruments-control-83,instruments control,industry_earnings,Hist Dividend Growth,3.80%,0.00%
instruments-control-83,instruments control,financial_ratios,Beta,0.94,0.65
instruments-control-83,instruments control,financial_ratios,ROE,17.83,11.80
instruments-control-83,instruments control,financial_ratios,ROA,7.54,5.61
instruments-control-83,instruments control,financial_ratios,ROI,11.97,6.72
instruments-control-83,instruments control,financial_ratios,Debt-to-Equity,0.56,0.18
instruments-control-83,instruments control,financial_ratios,Current Ratio,1.19,2.46
instruments-control-83,instruments control,financial_ratios,Cash Flow ($/share),"3,065.15",43.57
instruments-control-83,instruments control,financial_ratios,Price to Book,3.80,4.12
instruments-control-83,instruments control,financial_ratios,Price To Sales,2.96,3.33
instruments-control-83,instruments control,financial_ratios,Dividend Yield,1.44%,0.00%
instruments-scientific-84,instruments scientific,performance,1 Month,0.55,10.27
instruments-scientific-84,instruments scientific,performance,3 Months,2.73,2.15
instruments-scientific-84,instruments scientific,performance,YTD,12.91,30.83
instruments-scientific-84,instruments scientific,performance,1 Year,15.47,75.98
instruments-scientific-84,instruments scientific,performance,3 Years,84.19,-1.64
instruments-scientific-84,instruments scientific,performance,5 Years,84.39,-22.02
instruments-scientific-84,instruments scientific,industry_earnings,PE (F1),17.13,29.25
instruments-scientific-84,instruments scientific,industry_earnings,PEG (Ratio),1.73,1.89
instruments-scientific-84,instruments scientific,industry_earnings,Proj EPS Growth,11.19%,15.71%
instruments-scientific-84,instruments scientific,industry_earnings,Hist EPS Growth,7.03%,-3.17%
instruments-scientific-84,instruments scientific,industry_earnings,Net Margin,12.94%,-7.11%
instruments-scientific-84,instruments scientific,industry_earnings,Hist Sales Growth,6.19%,1.05%
instruments-scientific-84,instruments scientific,industry_earnings,Hist Dividend Growth,3.80%,0.00%
instruments-scientific-84,instruments scientific,financial_ratios,Beta,0.94,0.99
instruments-scientific-84,instruments scientific,financial_ratios,ROE,17.83,-10.76
instruments-scientific-84,instruments scientific,financial_ratios,ROA,7.54,0.01
instruments-scientific-84,instruments scientific,financial_ratios,ROI,11.97,-1.34
instruments-scientific-84,instruments scientific,financial_ratios,Debt-to-Equity,0.56,0.63
instruments-scientific-84,instruments scientific,financial_ratios,Current Ratio,1.19,2.04
instruments-scientific-84,instruments scientific,financial_ratios,Cash Flow ($/share),"3,065.15",17.07
instruments-scientific-84,instruments scientific,financial_ratios,Price to Book,3.80,2.60
instruments-scientific-84,instruments scientific,financial_ratios,Price To Sales,2.96,1.02
instruments-scientific-84,instruments scientific,financial_ratios,Dividend Yield,1.44%,0.00%
insurance-accident-and-health-85,insurance accident and health,performance,1 Month,0.55,-4.22
insurance-accident-and-health-85,insurance accident and health,performance,3 Months,2.73,-6.24
insurance-accident-and-health-85,insurance accident and health,performance,YTD,12.91,4.18
insurance-accident-and-health-85,insurance accident and health,performance,1 Year,15.47,3.16
insurance-accident-and-health-85,insurance accident and health,performance,3 Years,84.19,46.21
insurance-accident-and-health-85,insurance accident and health,performance,5 Years,84.39,98.34
insurance-accident-and-health-85,insurance accident and health,industry_earnings,PE (F1),17.13,13.92
insurance-accident-and-health-85,insurance accident and health,industry_earnings,PEG (Ratio),1.73,1.60
insurance-accident-and-health-85,insurance accident and health,industry_earnings,Proj EPS Growth,11.19%,7.24%
insurance-accident-and-health-85,insurance accident and health,industry_earnings,Hist EPS Growth,7.03%,8.01%
insurance-accident-and-health-85,insurance accident and health,industry_earnings,Net Margin,12.94%,9.63%
insurance-accident-and-health-85,insurance accident and health,industry_earnings,Hist Sales Growth,6.19%,3.25%
insurance-accident-and-health-85,insurance accident and health,industry_earnings,Hist Dividend Growth,3.80%,5.15%
insurance-accident-and-health-85,insurance accident and health,financial_ratios,Beta,0.94,0.45
insurance-accident-and-health-85,insurance accident and health,financial_ratios,ROE,17.83,12.94
insurance-accident-and-health-85,insurance accident and health,financial_ratios,ROA,7.54,2.95
insurance-accident-and-health-85,insurance accident and health,financial_ratios,ROI,11.97,9.88
insurance-accident-and-health-85,insurance accident and health,financial_ratios,Debt-to-Equity,0.56,0.26
insurance-accident-and-health-85,insurance accident and health,financial_ratios,Current Ratio,1.19,0.37
insurance-accident-and-health-85,insurance accident and health,financial_ratios,Cash Flow ($/share),"3,065.15",43.12
insurance-accident-and-health-85,insurance accident and health,financial_ratios,Price to Book,3.80,1.76
insurance-accident-and-health-85,insurance accident and health,financial_ratios,Price To Sales,2.96,1.04
insurance-accident-and-health-85,insurance accident and health,financial_ratios,Dividend Yield,1.44%,1.50%
insurance-brokerage-86,insurance brokerage,performance,1 Month,0.55,-13.07
insurance-brokerage-86,insurance brokerage,performance,3 Months,2.73,-8.61
insurance-brokerage-86,insurance brokerage,performance,YTD,12.91,-17.16
insurance-brokerage-86,insurance brokerage,performance,1 Year,15.47,-24.18
insurance-brokerage-86,insurance brokerage,performance,3 Years,84.19,-21.11
insurance-brokerage-86,insurance brokerage,performance,5 Years,84.39,-19.90
insurance-brokerage-86,insurance brokerage,industry_earnings,PE (F1),17.13,14.70
insurance-brokerage-86,insurance brokerage,industry_earnings,PEG (Ratio),1.73,1.13
insurance-brokerage-86,insurance brokerage,industry_earnings,Proj EPS Growth,11.19%,10.61%
insurance-brokerage-86,insurance brokerage,industry_earnings,Hist EPS Growth,7.03%,17.83%
insurance-brokerage-86,insurance brokerage,industry_earnings,Net Margin,12.94%,8.44%
insurance-brokerage-86,insurance brokerage,industry_earnings,Hist Sales Growth,6.19%,10.79%
insurance-brokerage-86,insurance brokerage,industry_earnings,Hist Dividend Growth,3.80%,0.00%
insurance-brokerage-86,insurance brokerage,financial_ratios,Beta,0.94,0.66
insurance-brokerage-86,insurance brokerage,financial_ratios,ROE,17.83,18.00
insurance-brokerage-86,insurance brokerage,financial_ratios,ROA,7.54,4.03
insurance-brokerage-86,insurance brokerage,financial_ratios,ROI,11.97,11.24
insurance-brokerage-86,insurance brokerage,financial_ratios,Debt-to-Equity,0.56,0.21
insurance-brokerage-86,insurance brokerage,financial_ratios,Current Ratio,1.19,1.63
insurance-brokerage-86,insurance brokerage,financial_ratios,Cash Flow ($/share),"3,065.15",284.80
insurance-brokerage-86,insurance brokerage,financial_ratios,Price to Book,3.80,2.26
insurance-brokerage-86,insurance brokerage,financial_ratios,Price To Sales,2.96,2.59
insurance-brokerage-86,insurance brokerage,financial_ratios,Dividend Yield,1.44%,0.00%
insurance-life-insurance-87,insurance life insurance,performance,1 Month,0.55,-1.15
insurance-life-insurance-87,insurance life insurance,performance,3 Months,2.73,3.42
insurance-life-insurance-87,insurance life insurance,performance,YTD,12.91,15.42
insurance-life-insurance-87,insurance life insurance,performance,1 Year,15.47,23.58
insurance-life-insurance-87,insurance life insurance,performance,3 Years,84.19,80.13
insurance-life-insurance-87,insurance life insurance,performance,5 Years,84.39,68.06
insurance-life-insurance-87,insurance life insurance,industry_earnings,PE (F1),17.13,10.83
insurance-life-insurance-87,insurance life insurance,industry_earnings,PEG (Ratio),1.73,0.83
insurance-life-insurance-87,insurance life insurance,industry_earnings,Proj EPS Growth,11.19%,11.40%
insurance-life-insurance-87,insurance life insurance,industry_earnings,Hist EPS Growth,7.03%,6.60%
insurance-life-insurance-87,insurance life insurance,industry_earnings,Net Margin,12.94%,6.89%
insurance-life-insurance-87,insurance life insurance,industry_earnings,Hist Sales Growth,6.19%,5.63%
insurance-life-insurance-87,insurance life insurance,industry_earnings,Hist Dividend Growth,3.80%,0.00%
insurance-life-insurance-87,insurance life insurance,financial_ratios,Beta,0.94,0.84
insurance-life-insurance-87,insurance life insurance,financial_ratios,ROE,17.83,13.61
insurance-life-insurance-87,insurance life insurance,financial_ratios,ROA,7.54,0.58
insurance-life-insurance-87,insurance life insurance,financial_ratios,ROI,11.97,9.62
insurance-life-insurance-87,insurance life insurance,financial_ratios,Debt-to-Equity,0.56,0.15
insurance-life-insurance-87,insurance life insurance,financial_ratios,Current Ratio,1.19,0.29
insurance-life-insurance-87,insurance life insurance,financial_ratios,Cash Flow ($/share),"3,065.15",996.10
insurance-life-insurance-87,insurance life insurance,financial_ratios,Price to Book,3.80,0.94
insurance-life-insurance-87,insurance life insurance,financial_ratios,Price To Sales,2.96,0.74
insurance-life-insurance-87,insurance life insurance,financial_ratios,Dividend Yield,1.44%,1.31%
insurance-multi-line-88,insurance multi line,performance,1 Month,0.55,-3.66
insurance-multi-line-88,insurance multi line,performance,3 Months,2.73,-1.90
insurance-multi-line-88,insurance multi line,performance,YTD,12.91,-1.04
insurance-multi-line-88,insurance multi line,performance,1 Year,15.47,2.41
insurance-multi-line-88,insurance multi line,performance,3 Years,84.19,38.61
insurance-multi-line-88,insurance multi line,performance,5 Years,84.39,19.54
insurance-multi-line-88,insurance multi line,industry_earnings,PE (F1),17.13,9.59
insurance-multi-line-88,insurance multi line,industry_earnings,PEG (Ratio),1.73,0.90
insurance-multi-line-88,insurance multi line,industry_earnings,Proj EPS Growth,11.19%,11.27%
insurance-multi-line-88,insurance multi line,industry_earnings,Hist EPS Growth,7.03%,9.65%
insurance-multi-line-88,insurance multi line,industry_earnings,Net Margin,12.94%,10.04%
insurance-multi-line-88,insurance multi line,industry_earnings,Hist Sales Growth,6.19%,1.85%
insurance-multi-line-88,insurance multi line,industry_earnings,Hist Dividend Growth,3.80%,0.00%
insurance-multi-line-88,insurance multi line,financial_ratios,Beta,0.94,0.59
insurance-multi-line-88,insurance multi line,financial_ratios,ROE,17.83,15.26
insurance-multi-line-88,insurance multi line,financial_ratios,ROA,7.54,2.58
insurance-multi-line-88,insurance multi line,financial_ratios,ROI,11.97,11.32
insurance-multi-line-88,insurance multi line,financial_ratios,Debt-to-Equity,0.56,0.23
insurance-multi-line-88,insurance multi line,financial_ratios,Current Ratio,1.19,0.64
insurance-multi-line-88,insurance multi line,financial_ratios,Cash Flow ($/share),"3,065.15",673.06
insurance-multi-line-88,insurance multi line,financial_ratios,Price to Book,3.80,1.21
insurance-multi-line-88,insurance multi line,financial_ratios,Price To Sales,2.96,1.01
insurance-multi-line-88,insurance multi line,financial_ratios,Dividend Yield,1.44%,1.34%
insurance-property-and-casualty-89,insurance property and casualty,performance,1 Month,0.55,-1.27
insurance-property-and-casualty-89,insurance property and casualty,performance,3 Months,2.73,-0.97
insurance-property-and-casualty-89,insurance property and casualty,performance,YTD,12.91,0.27
insurance-property-and-casualty-89,insurance property and casualty,performance,1 Year,15.47,0.28
insurance-property-and-casualty-89,insurance property and casualty,performance,3 Years,84.19,41.59
insurance-property-and-casualty-89,insurance property and casualty,performance,5 Years,84.39,68.20
insurance-property-and-casualty-89,insurance property and casualty,industry_earnings,PE (F1),17.13,10.75
insurance-property-and-casualty-89,insurance property and casualty,industry_earnings,PEG (Ratio),1.73,1.82
insurance-property-and-casualty-89,insurance property and casualty,industry_earnings,Proj EPS Growth,11.19%,4.82%
insurance-property-and-casualty-89,insurance property and casualty,industry_earnings,Hist EPS Growth,7.03%,26.72%
insurance-property-and-casualty-89,insurance property and casualty,industry_earnings,Net Margin,12.94%,13.43%
insurance-property-and-casualty-89,insurance property and casualty,industry_earnings,Hist Sales Growth,6.19%,8.91%
insurance-property-and-casualty-89,insurance property and casualty,industry_earnings,Hist Dividend Growth,3.80%,0.00%
insurance-property-and-casualty-89,insurance property and casualty,financial_ratios,Beta,0.94,0.40
insurance-property-and-casualty-89,insurance property and casualty,financial_ratios,ROE,17.83,17.03
insurance-property-and-casualty-89,insurance property and casualty,financial_ratios,ROA,7.54,4.19
insurance-property-and-casualty-89,insurance property and casualty,financial_ratios,ROI,11.97,13.69
insurance-property-and-casualty-89,insurance property and casualty,financial_ratios,Debt-to-Equity,0.56,0.15
insurance-property-and-casualty-89,insurance property and casualty,financial_ratios,Current Ratio,1.19,0.50
insurance-property-and-casualty-89,insurance property and casualty,financial_ratios,Cash Flow ($/share),"3,065.15",328.96
insurance-property-and-casualty-89,insurance property and casualty,financial_ratios,Price to Book,3.80,1.66
insurance-property-and-casualty-89,insurance property and casualty,financial_ratios,Price To Sales,2.96,1.29
insurance-property-and-casualty-89,insurance property and casualty,financial_ratios,Dividend Yield,1.44%,0.76%
internet-commerce-211,internet commerce,performance,1 Month,0.55,-4.26
internet-commerce-211,internet commerce,performance,3 Months,2.73,1.25
internet-commerce-211,internet commerce,performance,YTD,12.91,-1.15
internet-commerce-211,internet commerce,performance,1 Year,15.47,-2.06
internet-commerce-211,internet commerce,performance,3 Years,84.19,64.49
internet-commerce-211,internet commerce,performance,5 Years,84.39,18.85
internet-commerce-211,internet commerce,industry_earnings,PE (F1),17.13,15.14
internet-commerce-211,internet commerce,industry_earnings,PEG (Ratio),1.73,1.15
internet-commerce-211,internet commerce,industry_earnings,Proj EPS Growth,11.19%,15.08%
internet-commerce-211,internet commerce,industry_earnings,Hist EPS Growth,7.03%,18.23%
internet-commerce-211,internet commerce,industry_earnings,Net Margin,12.94%,0.82%
internet-commerce-211,internet commerce,industry_earnings,Hist Sales Growth,6.19%,8.86%
internet-commerce-211,internet commerce,industry_earnings,Hist Dividend Growth,3.80%,0.00%
internet-commerce-211,internet commerce,financial_ratios,Beta,0.94,1.27
internet-commerce-211,internet commerce,financial_ratios,ROE,17.83,4.51
internet-commerce-211,internet commerce,financial_ratios,ROA,7.54,2.79
internet-commerce-211,internet commerce,financial_ratios,ROI,11.97,4.65
internet-commerce-211,internet commerce,financial_ratios,Debt-to-Equity,0.56,0.00
internet-commerce-211,internet commerce,financial_ratios,Current Ratio,1.19,1.39
internet-commerce-211,internet commerce,financial_ratios,Cash Flow ($/share),"3,065.15",3.86
internet-commerce-211,internet commerce,financial_ratios,Price to Book,3.80,1.48
internet-commerce-211,internet commerce,financial_ratios,Price To Sales,2.96,0.97
internet-commerce-211,internet commerce,financial_ratios,Dividend Yield,1.44%,0.00%
internet-content-212,internet content,performance,1 Month,0.55,-6.62
internet-content-212,internet content,performance,3 Months,2.73,4.42
internet-content-212,internet content,performance,YTD,12.91,-19.41
internet-content-212,internet content,performance,1 Year,15.47,-31.61
internet-content-212,internet content,performance,3 Years,84.19,-14.03
internet-content-212,internet content,performance,5 Years,84.39,-34.99
internet-content-212,internet content,industry_earnings,PE (F1),17.13,12.78
internet-content-212,internet content,industry_earnings,PEG (Ratio),1.73,1.04
internet-content-212,internet content,industry_earnings,Proj EPS Growth,11.19%,-18.00%
internet-content-212,internet content,industry_earnings,Hist EPS Growth,7.03%,-5.58%
internet-content-212,internet content,industry_earnings,Net Margin,12.94%,-3.29%
internet-content-212,internet content,industry_earnings,Hist Sales Growth,6.19%,5.92%
internet-content-212,internet content,industry_earnings,Hist Dividend Growth,3.80%,0.00%
internet-content-212,internet content,financial_ratios,Beta,0.94,0.98
internet-content-212,internet content,financial_ratios,ROE,17.83,3.17
internet-content-212,internet content,financial_ratios,ROA,7.54,1.81
internet-content-212,internet content,financial_ratios,ROI,11.97,2.80
internet-content-212,internet content,financial_ratios,Debt-to-Equity,0.56,0.00
internet-content-212,internet content,financial_ratios,Current Ratio,1.19,1.94
internet-content-212,internet content,financial_ratios,Cash Flow ($/share),"3,065.15",7.41
internet-content-212,internet content,financial_ratios,Price to Book,3.80,1.38
internet-content-212,internet content,financial_ratios,Price To Sales,2.96,1.10
internet-content-212,internet content,financial_ratios,Dividend Yield,1.44%,0.00%
internet-delivery-services-219,internet delivery services,performance,1 Month,0.55,-7.13
internet-delivery-services-219,internet delivery services,performance,3 Months,2.73,-1.17
internet-delivery-services-219,internet delivery services,performance,YTD,12.91,-30.69
internet-delivery-services-219,internet delivery services,performance,1 Year,15.47,-35.81
internet-delivery-services-219,internet delivery services,performance,3 Years,84.19,8.76
internet-delivery-services-219,internet delivery services,performance,5 Years,84.39,31.21
internet-delivery-services-219,internet delivery services,industry_earnings,PE (F1),17.13,9.32
internet-delivery-services-219,internet delivery services,industry_earnings,PEG (Ratio),1.73,0.87
internet-delivery-services-219,internet delivery services,industry_earnings,Proj EPS Growth,11.19%,18.26%
internet-delivery-services-219,internet delivery services,industry_earnings,Hist EPS Growth,7.03%,36.82%
internet-delivery-services-219,internet delivery services,industry_earnings,Net Margin,12.94%,3.91%
internet-delivery-services-219,internet delivery services,industry_earnings,Hist Sales Growth,6.19%,15.31%
internet-delivery-services-219,internet delivery services,industry_earnings,Hist Dividend Growth,3.80%,0.00%
internet-delivery-services-219,internet delivery services,financial_ratios,Beta,0.94,0.57
internet-delivery-services-219,internet delivery services,financial_ratios,ROE,17.83,10.41
internet-delivery-services-219,internet delivery services,financial_ratios,ROA,7.54,7.09
internet-delivery-services-219,internet delivery services,financial_ratios,ROI,11.97,11.64
internet-delivery-services-219,internet delivery services,financial_ratios,Debt-to-Equity,0.56,0.00
internet-delivery-services-219,internet delivery services,financial_ratios,Current Ratio,1.19,1.06
internet-delivery-services-219,internet delivery services,financial_ratios,Cash Flow ($/share),"3,065.15",74.00
internet-delivery-services-219,internet delivery services,financial_ratios,Price to Book,3.80,1.89
internet-delivery-services-219,internet delivery services,financial_ratios,Price To Sales,2.96,0.66
internet-delivery-services-219,internet delivery services,financial_ratios,Dividend Yield,1.44%,0.00%
internet-services-213,internet services,performance,1 Month,0.55,0.53
internet-services-213,internet services,performance,3 Months,2.73,-5.93
internet-services-213,internet services,performance,YTD,12.91,6.46
internet-services-213,internet services,performance,1 Year,15.47,32.25
internet-services-213,internet services,performance,3 Years,84.19,142.89
internet-services-213,internet services,performance,5 Years,84.39,119.96
internet-services-213,internet services,industry_earnings,PE (F1),17.13,15.25
internet-services-213,internet services,industry_earnings,PEG (Ratio),1.73,1.68
internet-services-213,internet services,industry_earnings,Proj EPS Growth,11.19%,21.26%
internet-services-213,internet services,industry_earnings,Hist EPS Growth,7.03%,25.32%
internet-services-213,internet services,industry_earnings,Net Margin,12.94%,4.63%
internet-services-213,internet services,industry_earnings,Hist Sales Growth,6.19%,4.85%
internet-services-213,internet services,industry_earnings,Hist Dividend Growth,3.80%,0.00%
internet-services-213,internet services,financial_ratios,Beta,0.94,0.54
internet-services-213,internet services,financial_ratios,ROE,17.83,4.30
internet-services-213,internet services,financial_ratios,ROA,7.54,2.64
internet-services-213,internet services,financial_ratios,ROI,11.97,3.69
internet-services-213,internet services,financial_ratios,Debt-to-Equity,0.56,0.01
internet-services-213,internet services,financial_ratios,Current Ratio,1.19,1.72
internet-services-213,internet services,financial_ratios,Cash Flow ($/share),"3,065.15",77.27
internet-services-213,internet services,financial_ratios,Price to Book,3.80,1.45
internet-services-213,internet services,financial_ratios,Price To Sales,2.96,1.53
internet-services-213,internet services,financial_ratios,Dividend Yield,1.44%,0.00%
internet-software-214,internet software,performance,1 Month,0.55,12.72
internet-software-214,internet software,performance,3 Months,2.73,21.16
internet-software-214,internet software,performance,YTD,12.91,10.17
internet-software-214,internet software,performance,1 Year,15.47,-0.26
internet-software-214,internet software,performance,3 Years,84.19,83.09
internet-software-214,internet software,performance,5 Years,84.39,-7.49
internet-software-214,internet software,industry_earnings,PE (F1),17.13,19.59
internet-software-214,internet software,industry_earnings,PEG (Ratio),1.73,1.17
internet-software-214,internet software,industry_earnings,Proj EPS Growth,11.19%,28.49%
internet-software-214,internet software,industry_earnings,Hist EPS Growth,7.03%,18.41%
internet-software-214,internet software,industry_earnings,Net Margin,12.94%,0.64%
internet-software-214,internet software,industry_earnings,Hist Sales Growth,6.19%,12.87%
internet-software-214,internet software,industry_earnings,Hist Dividend Growth,3.80%,0.00%
internet-software-214,internet software,financial_ratios,Beta,0.94,1.23
internet-software-214,internet software,financial_ratios,ROE,17.83,3.95
internet-software-214,internet software,financial_ratios,ROA,7.54,2.16
internet-software-214,internet software,financial_ratios,ROI,11.97,4.07
internet-software-214,internet software,financial_ratios,Debt-to-Equity,0.56,0.01
internet-software-214,internet software,financial_ratios,Current Ratio,1.19,1.57
internet-software-214,internet software,financial_ratios,Cash Flow ($/share),"3,065.15",51.99
internet-software-214,internet software,financial_ratios,Price to Book,3.80,3.26
internet-software-214,internet software,financial_ratios,Price To Sales,2.96,3.02
internet-software-214,internet software,financial_ratios,Dividend Yield,1.44%,0.00%
internet-software-and-services-217,internet software and services,performance,1 Month,0.55,3.91
internet-software-and-services-217,internet software and services,performance,3 Months,2.73,1.25
internet-software-and-services-217,internet software and services,performance,YTD,12.91,16.63
internet-software-and-services-217,internet software and services,performance,1 Year,15.47,3.32
internet-software-and-services-217,internet software and services,performance,3 Years,84.19,63.88
internet-software-and-services-217,internet software and services,performance,5 Years,84.39,22.85
internet-software-and-services-217,internet software and services,industry_earnings,PE (F1),17.13,12.87
internet-software-and-services-217,internet software and services,industry_earnings,PEG (Ratio),1.73,1.50
internet-software-and-services-217,internet software and services,industry_earnings,Proj EPS Growth,11.19%,15.12%
internet-software-and-services-217,internet software and services,industry_earnings,Hist EPS Growth,7.03%,12.85%
internet-software-and-services-217,internet software and services,industry_earnings,Net Margin,12.94%,5.60%
internet-software-and-services-217,internet software and services,industry_earnings,Hist Sales Growth,6.19%,5.46%
internet-software-and-services-217,internet software and services,industry_earnings,Hist Dividend Growth,3.80%,0.00%
internet-software-and-services-217,internet software and services,financial_ratios,Beta,0.94,0.85
internet-software-and-services-217,internet software and services,financial_ratios,ROE,17.83,0.20
internet-software-and-services-217,internet software and services,financial_ratios,ROA,7.54,6.66
internet-software-and-services-217,internet software and services,financial_ratios,ROI,11.97,4.09
internet-software-and-services-217,internet software and services,financial_ratios,Debt-to-Equity,0.56,0.00
internet-software-and-services-217,internet software and services,financial_ratios,Current Ratio,1.19,1.70
internet-software-and-services-217,internet software and services,financial_ratios,Cash Flow ($/share),"3,065.15",172.99
internet-software-and-services-217,internet software and services,financial_ratios,Price to Book,3.80,1.13
internet-software-and-services-217,internet software and services,financial_ratios,Price To Sales,2.96,1.50
internet-software-and-services-217,internet software and services,financial_ratios,Dividend Yield,1.44%,0.00%
large-cap-pharmaceuticals-225,large cap pharmaceuticals,performance,1 Month,0.55,-4.15
large-cap-pharmaceuticals-225,large cap pharmaceuticals,performance,3 Months,2.73,-0.65
large-cap-pharmaceuticals-225,large cap pharmaceuticals,performance,YTD,12.91,9.80
large-cap-pharmaceuticals-225,large cap pharmaceuticals,performance,1 Year,15.47,20.24
large-cap-pharmaceuticals-225,large cap pharmaceuticals,performance,3 Years,84.19,38.07
large-cap-pharmaceuticals-225,large cap pharmaceuticals,performance,5 Years,84.39,84.46
large-cap-pharmaceuticals-225,large cap pharmaceuticals,industry_earnings,PE (F1),17.13,15.91
large-cap-pharmaceuticals-225,large cap pharmaceuticals,industry_earnings,PEG (Ratio),1.73,1.91
large-cap-pharmaceuticals-225,large cap pharmaceuticals,industry_earnings,Proj EPS Growth,11.19%,-0.37%
large-cap-pharmaceuticals-225,large cap pharmaceuticals,industry_earnings,Hist EPS Growth,7.03%,2.09%
large-cap-pharmaceuticals-225,large cap pharmaceuticals,industry_earnings,Net Margin,12.94%,15.64%
large-cap-pharmaceuticals-225,large cap pharmaceuticals,industry_earnings,Hist Sales Growth,6.19%,2.09%
large-cap-pharmaceuticals-225,large cap pharmaceuticals,industry_earnings,Hist Dividend Growth,3.80%,4.94%
large-cap-pharmaceuticals-225,large cap pharmaceuticals,financial_ratios,Beta,0.94,0.38
large-cap-pharmaceuticals-225,large cap pharmaceuticals,financial_ratios,ROE,17.83,23.83
large-cap-pharmaceuticals-225,large cap pharmaceuticals,financial_ratios,ROA,7.54,13.85
large-cap-pharmaceuticals-225,large cap pharmaceuticals,financial_ratios,ROI,11.97,22.19
large-cap-pharmaceuticals-225,large cap pharmaceuticals,financial_ratios,Debt-to-Equity,0.56,0.69
large-cap-pharmaceuticals-225,large cap pharmaceuticals,financial_ratios,Current Ratio,1.19,1.09
large-cap-pharmaceuticals-225,large cap pharmaceuticals,financial_ratios,Cash Flow ($/share),"3,065.15","22,937.65"
large-cap-pharmaceuticals-225,large cap pharmaceuticals,financial_ratios,Price to Book,3.80,5.64
large-cap-pharmaceuticals-225,large cap pharmaceuticals,financial_ratios,Price To Sales,2.96,4.14
large-cap-pharmaceuticals-225,large cap pharmaceuticals,financial_ratios,Dividend Yield,1.44%,2.18%
lasers-systems-and-components-90,lasers systems and components,performance,1 Month,0.55,11.15
lasers-systems-and-components-90,lasers systems and components,performance,3 Months,2.73,-26.96
lasers-systems-and-components-90,lasers systems and components,performance,YTD,12.91,16.28
lasers-systems-and-components-90,lasers systems and components,performance,1 Year,15.47,4.37
lasers-systems-and-components-90,lasers systems and components,performance,3 Years,84.19,-22.22
lasers-systems-and-components-90,lasers systems and components,performance,5 Years,84.39,-52.78
lasers-systems-and-components-90,lasers systems and components,industry_earnings,PE (F1),17.13,44.90
lasers-systems-and-components-90,lasers systems and components,industry_earnings,PEG (Ratio),1.73,2.01
lasers-systems-and-components-90,lasers systems and components,industry_earnings,Proj EPS Growth,11.19%,31.22%
lasers-systems-and-components-90,lasers systems and components,industry_earnings,Hist EPS Growth,7.03%,-27.48%
lasers-systems-and-components-90,lasers systems and components,industry_earnings,Net Margin,12.94%,-2.15%
lasers-systems-and-components-90,lasers systems and components,industry_earnings,Hist Sales Growth,6.19%,-6.19%
lasers-systems-and-components-90,lasers systems and components,industry_earnings,Hist Dividend Growth,3.80%,0.00%
lasers-systems-and-components-90,lasers systems and components,financial_ratios,Beta,0.94,0.67
lasers-systems-and-components-90,lasers systems and components,financial_ratios,ROE,17.83,-225.72
lasers-systems-and-components-90,lasers systems and components,financial_ratios,ROA,7.54,-12.55
lasers-systems-and-components-90,lasers systems and components,financial_ratios,ROI,11.97,-43.03
lasers-systems-and-components-90,lasers systems and components,financial_ratios,Debt-to-Equity,0.56,0.00
lasers-systems-and-components-90,lasers systems and components,financial_ratios,Current Ratio,1.19,1.82
lasers-systems-and-components-90,lasers systems and components,financial_ratios,Cash Flow ($/share),"3,065.15",-2.05
lasers-systems-and-components-90,lasers systems and components,financial_ratios,Price to Book,3.80,1.67
lasers-systems-and-components-90,lasers systems and components,financial_ratios,Price To Sales,2.96,1.78
lasers-systems-and-components-90,lasers systems and components,financial_ratios,Dividend Yield,1.44%,0.00%
leisure-and-recreation-products-91,leisure and recreation products,performance,1 Month,0.55,-5.73
leisure-and-recreation-products-91,leisure and recreation products,performance,3 Months,2.73,-20.16
leisure-and-recreation-products-91,leisure and recreation products,performance,YTD,12.91,-30.98
leisure-and-recreation-products-91,leisure and recreation products,performance,1 Year,15.47,-33.04
leisure-and-recreation-products-91,leisure and recreation products,performance,3 Years,84.19,-41.04
leisure-and-recreation-products-91,leisure and recreation products,performance,5 Years,84.39,-71.99
leisure-and-recreation-products-91,leisure and recreation products,industry_earnings,PE (F1),17.13,19.09
leisure-and-recreation-products-91,leisure and recreation products,industry_earnings,PEG (Ratio),1.73,0.90
leisure-and-recreation-products-91,leisure and recreation products,industry_earnings,Proj EPS Growth,11.19%,53.66%
leisure-and-recreation-products-91,leisure and recreation products,industry_earnings,Hist EPS Growth,7.03%,-32.36%
leisure-and-recreation-products-91,leisure and recreation products,industry_earnings,Net Margin,12.94%,1.55%
leisure-and-recreation-products-91,leisure and recreation products,industry_earnings,Hist Sales Growth,6.19%,-5.66%
leisure-and-recreation-products-91,leisure and recreation products,industry_earnings,Hist Dividend Growth,3.80%,0.00%
leisure-and-recreation-products-91,leisure and recreation products,financial_ratios,Beta,0.94,0.98
leisure-and-recreation-products-91,leisure and recreation products,financial_ratios,ROE,17.83,6.22
leisure-and-recreation-products-91,leisure and recreation products,financial_ratios,ROA,7.54,3.44
leisure-and-recreation-products-91,leisure and recreation products,financial_ratios,ROI,11.97,5.30
leisure-and-recreation-products-91,leisure and recreation products,financial_ratios,Debt-to-Equity,0.56,0.06
leisure-and-recreation-products-91,leisure and recreation products,financial_ratios,Current Ratio,1.19,1.96
leisure-and-recreation-products-91,leisure and recreation products,financial_ratios,Cash Flow ($/share),"3,065.15",21.30
leisure-and-recreation-products-91,leisure and recreation products,financial_ratios,Price to Book,3.80,1.40
leisure-and-recreation-products-91,leisure and recreation products,financial_ratios,Price To Sales,2.96,0.82
leisure-and-recreation-products-91,leisure and recreation products,financial_ratios,Dividend Yield,1.44%,0.00%
leisure-and-recreation-services-92,leisure and recreation services,performance,1 Month,0.55,-5.69
leisure-and-recreation-services-92,leisure and recreation services,performance,3 Months,2.73,-6.48
leisure-and-recreation-services-92,leisure and recreation services,performance,YTD,12.91,-10.91
leisure-and-recreation-services-92,leisure and recreation services,performance,1 Year,15.47,-10.40
leisure-and-recreation-services-92,leisure and recreation services,performance,3 Years,84.19,15.84
leisure-and-recreation-services-92,leisure and recreation services,performance,5 Years,84.39,-27.51
leisure-and-recreation-services-92,leisure and recreation services,industry_earnings,PE (F1),17.13,15.17
leisure-and-recreation-services-92,leisure and recreation services,industry_earnings,PEG (Ratio),1.73,1.13
leisure-and-recreation-services-92,leisure and recreation services,industry_earnings,Proj EPS Growth,11.19%,29.09%
leisure-and-recreation-services-92,leisure and recreation services,industry_earnings,Hist EPS Growth,7.03%,19.28%
leisure-and-recreation-services-92,leisure and recreation services,industry_earnings,Net Margin,12.94%,-1.69%
leisure-and-recreation-services-92,leisure and recreation services,industry_earnings,Hist Sales Growth,6.19%,15.83%
leisure-and-recreation-services-92,leisure and recreation services,industry_earnings,Hist Dividend Growth,3.80%,0.00%
leisure-and-recreation-services-92,leisure and recreation services,financial_ratios,Beta,0.94,0.95
leisure-and-recreation-services-92,leisure and recreation services,financial_ratios,ROE,17.83,-0.56
leisure-and-recreation-services-92,leisure and recreation services,financial_ratios,ROA,7.54,0.92
leisure-and-recreation-services-92,leisure and recreation services,financial_ratios,ROI,11.97,1.23
leisure-and-recreation-services-92,leisure and recreation services,financial_ratios,Debt-to-Equity,0.56,0.11
leisure-and-recreation-services-92,leisure and recreation services,financial_ratios,Current Ratio,1.19,0.80
leisure-and-recreation-services-92,leisure and recreation services,financial_ratios,Cash Flow ($/share),"3,065.15",92.79
leisure-and-recreation-services-92,leisure and recreation services,financial_ratios,Price to Book,3.80,2.61
leisure-and-recreation-services-92,leisure and recreation services,financial_ratios,Price To Sales,2.96,2.24
leisure-and-recreation-services-92,leisure and recreation services,financial_ratios,Dividend Yield,1.44%,0.00%
manufacturing-construction-and-mining-95,manufacturing construction and mining,performance,1 Month,0.55,5.79
manufacturing-construction-and-mining-95,manufacturing construction and mining,performance,3 Months,2.73,-16.65
manufacturing-construction-and-mining-95,manufacturing construction and mining,performance,YTD,12.91,36.99
manufacturing-construction-and-mining-95,manufacturing construction and mining,performance,1 Year,15.47,57.81
manufacturing-construction-and-mining-95,manufacturing construction and mining,performance,3 Years,84.19,167.58
manufacturing-construction-and-mining-95,manufacturing construction and mining,performance,5 Years,84.39,268.35
manufacturing-construction-and-mining-95,manufacturing construction and mining,industry_earnings,PE (F1),17.13,17.65
manufacturing-construction-and-mining-95,manufacturing construction and mining,industry_earnings,PEG (Ratio),1.73,1.27
manufacturing-construction-and-mining-95,manufacturing construction and mining,industry_earnings,Proj EPS Growth,11.19%,1.15%
manufacturing-construction-and-mining-95,manufacturing construction and mining,industry_earnings,Hist EPS Growth,7.03%,11.80%
manufacturing-construction-and-mining-95,manufacturing construction and mining,industry_earnings,Net Margin,12.94%,2.23%
manufacturing-construction-and-mining-95,manufacturing construction and mining,industry_earnings,Hist Sales Growth,6.19%,5.58%
manufacturing-construction-and-mining-95,manufacturing construction and mining,industry_earnings,Hist Dividend Growth,3.80%,0.00%
manufacturing-construction-and-mining-95,manufacturing construction and mining,financial_ratios,Beta,0.94,1.40
manufacturing-construction-and-mining-95,manufacturing construction and mining,financial_ratios,ROE,17.83,9.90
manufacturing-construction-and-mining-95,manufacturing construction and mining,financial_ratios,ROA,7.54,5.09
manufacturing-construction-and-mining-95,manufacturing construction and mining,financial_ratios,ROI,11.97,6.88
manufacturing-construction-and-mining-95,manufacturing construction and mining,financial_ratios,Debt-to-Equity,0.56,0.54
manufacturing-construction-and-mining-95,manufacturing construction and mining,financial_ratios,Current Ratio,1.19,1.77
manufacturing-construction-and-mining-95,manufacturing construction and mining,financial_ratios,Cash Flow ($/share),"3,065.15",180.92
manufacturing-construction-and-mining-95,manufacturing construction and mining,financial_ratios,Price to Book,3.80,1.32
manufacturing-construction-and-mining-95,manufacturing construction and mining,financial_ratios,Price To Sales,2.96,0.84
manufacturing-construction-and-mining-95,manufacturing construction and mining,financial_ratios,Dividend Yield,1.44%,1.24%
manufacturing-electrical-utilities--96,manufacturing electrical utilities,performance,1 Month,0.55,5.34
manufacturing-electrical-utilities--96,manufacturing electrical utilities,performance,3 Months,2.73,-4.72
manufacturing-electrical-utilities--96,manufacturing electrical utilities,performance,YTD,12.91,5.15
manufacturing-electrical-utilities--96,manufacturing electrical utilities,performance,1 Year,15.47,8.48
manufacturing-electrical-utilities--96,manufacturing electrical utilities,performance,3 Years,84.19,49.00
manufacturing-electrical-utilities--96,manufacturing electrical utilities,performance,5 Years,84.39,159.42
manufacturing-electrical-utilities--96,manufacturing electrical utilities,industry_earnings,PE (F1),17.13,22.83
manufacturing-electrical-utilities--96,manufacturing electrical utilities,industry_earnings,PEG (Ratio),1.73,2.33
manufacturing-electrical-utilities--96,manufacturing electrical utilities,industry_earnings,Proj EPS Growth,11.19%,12.32%
manufacturing-electrical-utilities--96,manufacturing electrical utilities,industry_earnings,Hist EPS Growth,7.03%,20.82%
manufacturing-electrical-utilities--96,manufacturing electrical utilities,industry_earnings,Net Margin,12.94%,2.62%
manufacturing-electrical-utilities--96,manufacturing electrical utilities,industry_earnings,Hist Sales Growth,6.19%,0.24%
manufacturing-electrical-utilities--96,manufacturing electrical utilities,industry_earnings,Hist Dividend Growth,3.80%,0.00%
manufacturing-electrical-utilities--96,manufacturing electrical utilities,financial_ratios,Beta,0.94,0.30
manufacturing-electrical-utilities--96,manufacturing electrical utilities,financial_ratios,ROE,17.83,6.52
manufacturing-electrical-utilities--96,manufacturing electrical utilities,financial_ratios,ROA,7.54,0.19
manufacturing-electrical-utilities--96,manufacturing electrical utilities,financial_ratios,ROI,11.97,1.22
manufacturing-electrical-utilities--96,manufacturing electrical utilities,financial_ratios,Debt-to-Equity,0.56,0.61
manufacturing-electrical-utilities--96,manufacturing electrical utilities,financial_ratios,Current Ratio,1.19,2.32
manufacturing-electrical-utilities--96,manufacturing electrical utilities,financial_ratios,Cash Flow ($/share),"3,065.15",29.02
manufacturing-electrical-utilities--96,manufacturing electrical utilities,financial_ratios,Price to Book,3.80,3.45
manufacturing-electrical-utilities--96,manufacturing electrical utilities,financial_ratios,Price To Sales,2.96,2.17
manufacturing-electrical-utilities--96,manufacturing electrical utilities,financial_ratios,Dividend Yield,1.44%,0.40%
manufacturing-electronics-97,manufacturing electronics,performance,1 Month,0.55,9.42
manufacturing-electronics-97,manufacturing electronics,performance,3 Months,2.73,5.46
manufacturing-electronics-97,manufacturing electronics,performance,YTD,12.91,28.36
manufacturing-electronics-97,manufacturing electronics,performance,1 Year,15.47,17.71
manufacturing-electronics-97,manufacturing electronics,performance,3 Years,84.19,83.33
manufacturing-electronics-97,manufacturing electronics,performance,5 Years,84.39,122.96
manufacturing-electronics-97,manufacturing electronics,industry_earnings,PE (F1),17.13,23.63
manufacturing-electronics-97,manufacturing electronics,industry_earnings,PEG (Ratio),1.73,1.61
manufacturing-electronics-97,manufacturing electronics,industry_earnings,Proj EPS Growth,11.19%,13.20%
manufacturing-electronics-97,manufacturing electronics,industry_earnings,Hist EPS Growth,7.03%,16.01%
manufacturing-electronics-97,manufacturing electronics,industry_earnings,Net Margin,12.94%,11.83%
manufacturing-electronics-97,manufacturing electronics,industry_earnings,Hist Sales Growth,6.19%,5.14%
manufacturing-electronics-97,manufacturing electronics,industry_earnings,Hist Dividend Growth,3.80%,5.21%
manufacturing-electronics-97,manufacturing electronics,financial_ratios,Beta,0.94,1.16
manufacturing-electronics-97,manufacturing electronics,financial_ratios,ROE,17.83,24.30
manufacturing-electronics-97,manufacturing electronics,financial_ratios,ROA,7.54,9.24
manufacturing-electronics-97,manufacturing electronics,financial_ratios,ROI,11.97,14.85
manufacturing-electronics-97,manufacturing electronics,financial_ratios,Debt-to-Equity,0.56,0.23
manufacturing-electronics-97,manufacturing electronics,financial_ratios,Current Ratio,1.19,1.59
manufacturing-electronics-97,manufacturing electronics,financial_ratios,Cash Flow ($/share),"3,065.15",631.30
manufacturing-electronics-97,manufacturing electronics,financial_ratios,Price to Book,3.80,4.99
manufacturing-electronics-97,manufacturing electronics,financial_ratios,Price To Sales,2.96,2.42
manufacturing-electronics-97,manufacturing electronics,financial_ratios,Dividend Yield,1.44%,0.48%
manufacturing-farm-equipment-98,manufacturing farm equipment,performance,1 Month,0.55,-1.35
manufacturing-farm-equipment-98,manufacturing farm equipment,performance,3 Months,2.73,6.44
manufacturing-farm-equipment-98,manufacturing farm equipment,performance,YTD,12.91,40.43
manufacturing-farm-equipment-98,manufacturing farm equipment,performance,1 Year,15.47,41.93
manufacturing-farm-equipment-98,manufacturing farm equipment,performance,3 Years,84.19,62.08
manufacturing-farm-equipment-98,manufacturing farm equipment,performance,5 Years,84.39,60.50
manufacturing-farm-equipment-98,manufacturing farm equipment,industry_earnings,PE (F1),17.13,20.03
manufacturing-farm-equipment-98,manufacturing farm equipment,industry_earnings,PEG (Ratio),1.73,1.02
manufacturing-farm-equipment-98,manufacturing farm equipment,industry_earnings,Proj EPS Growth,11.19%,6.93%
manufacturing-farm-equipment-98,manufacturing farm equipment,industry_earnings,Hist EPS Growth,7.03%,-1.81%
manufacturing-farm-equipment-98,manufacturing farm equipment,industry_earnings,Net Margin,12.94%,6.08%
manufacturing-farm-equipment-98,manufacturing farm equipment,industry_earnings,Hist Sales Growth,6.19%,-1.39%
manufacturing-farm-equipment-98,manufacturing farm equipment,industry_earnings,Hist Dividend Growth,3.80%,0.00%
manufacturing-farm-equipment-98,manufacturing farm equipment,financial_ratios,Beta,0.94,0.93
manufacturing-farm-equipment-98,manufacturing farm equipment,financial_ratios,ROE,17.83,9.83
manufacturing-farm-equipment-98,manufacturing farm equipment,financial_ratios,ROA,7.54,4.27
manufacturing-farm-equipment-98,manufacturing farm equipment,financial_ratios,ROI,11.97,6.27
manufacturing-farm-equipment-98,manufacturing farm equipment,financial_ratios,Debt-to-Equity,0.56,0.41
manufacturing-farm-equipment-98,manufacturing farm equipment,financial_ratios,Current Ratio,1.19,2.17
manufacturing-farm-equipment-98,manufacturing farm equipment,financial_ratios,Cash Flow ($/share),"3,065.15",169.30
manufacturing-farm-equipment-98,manufacturing farm equipment,financial_ratios,Price to Book,3.80,1.92
manufacturing-farm-equipment-98,manufacturing farm equipment,financial_ratios,Price To Sales,2.96,0.92
manufacturing-farm-equipment-98,manufacturing farm equipment,financial_ratios,Dividend Yield,1.44%,0.82%
manufacturing-general-industrial--99,manufacturing general industrial,performance,1 Month,0.55,0.24
manufacturing-general-industrial--99,manufacturing general industrial,performance,3 Months,2.73,-7.22
manufacturing-general-industrial--99,manufacturing general industrial,performance,YTD,12.91,1.21
manufacturing-general-industrial--99,manufacturing general industrial,performance,1 Year,15.47,1.41
manufacturing-general-industrial--99,manufacturing general industrial,performance,3 Years,84.19,36.25
manufacturing-general-industrial--99,manufacturing general industrial,performance,5 Years,84.39,28.79
manufacturing-general-industrial--99,manufacturing general industrial,industry_earnings,PE (F1),17.13,22.49
manufacturing-general-industrial--99,manufacturing general industrial,industry_earnings,PEG (Ratio),1.73,2.21
manufacturing-general-industrial--99,manufacturing general industrial,industry_earnings,Proj EPS Growth,11.19%,11.03%
manufacturing-general-industrial--99,manufacturing general industrial,industry_earnings,Hist EPS Growth,7.03%,6.45%
manufacturing-general-industrial--99,manufacturing general industrial,industry_earnings,Net Margin,12.94%,7.83%
manufacturing-general-industrial--99,manufacturing general industrial,industry_earnings,Hist Sales Growth,6.19%,4.52%
manufacturing-general-industrial--99,manufacturing general industrial,industry_earnings,Hist Dividend Growth,3.80%,0.00%
manufacturing-general-industrial--99,manufacturing general industrial,financial_ratios,Beta,0.94,1.12
manufacturing-general-industrial--99,manufacturing general industrial,financial_ratios,ROE,17.83,13.15
manufacturing-general-industrial--99,manufacturing general industrial,financial_ratios,ROA,7.54,7.23
manufacturing-general-industrial--99,manufacturing general industrial,financial_ratios,ROI,11.97,10.26
manufacturing-general-industrial--99,manufacturing general industrial,financial_ratios,Debt-to-Equity,0.56,0.25
manufacturing-general-industrial--99,manufacturing general industrial,financial_ratios,Current Ratio,1.19,2.15
manufacturing-general-industrial--99,manufacturing general industrial,financial_ratios,Cash Flow ($/share),"3,065.15",242.71
manufacturing-general-industrial--99,manufacturing general industrial,financial_ratios,Price to Book,3.80,3.57
manufacturing-general-industrial--99,manufacturing general industrial,financial_ratios,Price To Sales,2.96,2.26
manufacturing-general-industrial--99,manufacturing general industrial,financial_ratios,Dividend Yield,1.44%,0.00%
manufacturing-material-handling-100,manufacturing material handling,performance,1 Month,0.55,-7.65
manufacturing-material-handling-100,manufacturing material handling,performance,3 Months,2.73,9.86
manufacturing-material-handling-100,manufacturing material handling,performance,YTD,12.91,-7.59
manufacturing-material-handling-100,manufacturing material handling,performance,1 Year,15.47,7.63
manufacturing-material-handling-100,manufacturing material handling,performance,3 Years,84.19,-54.34
manufacturing-material-handling-100,manufacturing material handling,performance,5 Years,84.39,-66.96
manufacturing-material-handling-100,manufacturing material handling,industry_earnings,PE (F1),17.13,21.03
manufacturing-material-handling-100,manufacturing material handling,industry_earnings,PEG (Ratio),1.73,
manufacturing-material-handling-100,manufacturing material handling,industry_earnings,Proj EPS Growth,11.19%,19.82%
manufacturing-material-handling-100,manufacturing material handling,industry_earnings,Hist EPS Growth,7.03%,-4.40%
manufacturing-material-handling-100,manufacturing material handling,industry_earnings,Net Margin,12.94%,-0.85%
manufacturing-material-handling-100,manufacturing material handling,industry_earnings,Hist Sales Growth,6.19%,6.79%
manufacturing-material-handling-100,manufacturing material handling,industry_earnings,Hist Dividend Growth,3.80%,0.00%
manufacturing-material-handling-100,manufacturing material handling,financial_ratios,Beta,0.94,1.43
manufacturing-material-handling-100,manufacturing material handling,financial_ratios,ROE,17.83,18.03
manufacturing-material-handling-100,manufacturing material handling,financial_ratios,ROA,7.54,11.46
manufacturing-material-handling-100,manufacturing material handling,financial_ratios,ROI,11.97,14.56
manufacturing-material-handling-100,manufacturing material handling,financial_ratios,Debt-to-Equity,0.56,1.98
manufacturing-material-handling-100,manufacturing material handling,financial_ratios,Current Ratio,1.19,2.50
manufacturing-material-handling-100,manufacturing material handling,financial_ratios,Cash Flow ($/share),"3,065.15",140.99
manufacturing-material-handling-100,manufacturing material handling,financial_ratios,Price to Book,3.80,6.02
manufacturing-material-handling-100,manufacturing material handling,financial_ratios,Price To Sales,2.96,0.31
manufacturing-material-handling-100,manufacturing material handling,financial_ratios,Dividend Yield,1.44%,0.36%
manufacturing-print-101,manufacturing print,performance,1 Month,0.55,
manufacturing-print-101,manufacturing print,performance,3 Months,2.73,
manufacturing-print-101,manufacturing print,performance,YTD,12.91,
manufacturing-print-101,manufacturing print,performance,1 Year,15.47,
manufacturing-print-101,manufacturing print,performance,3 Years,84.19,
manufacturing-print-101,manufacturing print,performance,5 Years,84.39,
manufacturing-print-101,manufacturing print,industry_earnings,PE (F1),17.13,
manufacturing-print-101,manufacturing print,industry_earnings,PEG (Ratio),1.73,
manufacturing-print-101,manufacturing print,industry_earnings,Proj EPS Growth,11.19%,
manufacturing-print-101,manufacturing print,industry_earnings,Hist EPS Growth,7.03%,
manufacturing-print-101,manufacturing print,industry_earnings,Net Margin,12.94%,
manufacturing-print-101,manufacturing print,industry_earnings,Hist Sales Growth,6.19%,
manufacturing-print-101,manufacturing print,industry_earnings,Hist Dividend Growth,3.80%,
manufacturing-print-101,manufacturing print,financial_ratios,Beta,0.94,
manufacturing-print-101,manufacturing print,financial_ratios,ROE,17.83,
manufacturing-print-101,manufacturing print,financial_ratios,ROA,7.54,
manufacturing-print-101,manufacturing print,financial_ratios,ROI,11.97,
manufacturing-print-101,manufacturing print,financial_ratios,Debt-to-Equity,0.56,
manufacturing-print-101,manufacturing print,financial_ratios,Current Ratio,1.19,
manufacturing-print-101,manufacturing print,financial_ratios,Cash Flow ($/share),"3,065.15",
manufacturing-print-101,manufacturing print,financial_ratios,Price to Book,3.80,
manufacturing-print-101,manufacturing print,financial_ratios,Price To Sales,2.96,
manufacturing-print-101,manufacturing print,financial_ratios,Dividend Yield,1.44%,
manufacturing-thermal-products-102,manufacturing thermal products,performance,1 Month,0.55,9.24
manufacturing-thermal-products-102,manufacturing thermal products,performance,3 Months,2.73,40.17
manufacturing-thermal-products-102,manufacturing thermal products,performance,YTD,12.91,54.62
manufacturing-thermal-products-102,manufacturing thermal products,performance,1 Year,15.47,28.67
manufacturing-thermal-products-102,manufacturing thermal products,performance,3 Years,84.19,58.73
manufacturing-thermal-products-102,manufacturing thermal products,performance,5 Years,84.39,-26.52
manufacturing-thermal-products-102,manufacturing thermal products,industry_earnings,PE (F1),17.13,18.49
manufacturing-thermal-products-102,manufacturing thermal products,industry_earnings,PEG (Ratio),1.73,
manufacturing-thermal-products-102,manufacturing thermal products,industry_earnings,Proj EPS Growth,11.19%,28.20%
manufacturing-thermal-products-102,manufacturing thermal products,industry_earnings,Hist EPS Growth,7.03%,17.30%
manufacturing-thermal-products-102,manufacturing thermal products,industry_earnings,Net Margin,12.94%,12.36%
manufacturing-thermal-products-102,manufacturing thermal products,industry_earnings,Hist Sales Growth,6.19%,1.40%
manufacturing-thermal-products-102,manufacturing thermal products,industry_earnings,Hist Dividend Growth,3.80%,0.00%
manufacturing-thermal-products-102,manufacturing thermal products,financial_ratios,Beta,0.94,0.54
manufacturing-thermal-products-102,manufacturing thermal products,financial_ratios,ROE,17.83,15.06
manufacturing-thermal-products-102,manufacturing thermal products,financial_ratios,ROA,7.54,8.41
manufacturing-thermal-products-102,manufacturing thermal products,financial_ratios,ROI,11.97,11.26
manufacturing-thermal-products-102,manufacturing thermal products,financial_ratios,Debt-to-Equity,0.56,0.07
manufacturing-thermal-products-102,manufacturing thermal products,financial_ratios,Current Ratio,1.19,9.84
manufacturing-thermal-products-102,manufacturing thermal products,financial_ratios,Cash Flow ($/share),"3,065.15",209.66
manufacturing-thermal-products-102,manufacturing thermal products,financial_ratios,Price to Book,3.80,2.58
manufacturing-thermal-products-102,manufacturing thermal products,financial_ratios,Price To Sales,2.96,2.69
manufacturing-thermal-products-102,manufacturing thermal products,financial_ratios,Dividend Yield,1.44%,0.00%
manufacturing-tools-related-products-94,manufacturing tools related products,performance,1 Month,0.55,-1.76
manufacturing-tools-related-products-94,manufacturing tools related products,performance,3 Months,2.73,-1.37
manufacturing-tools-related-products-94,manufacturing tools related products,performance,YTD,12.91,5.44
manufacturing-tools-related-products-94,manufacturing tools related products,performance,1 Year,15.47,7.78
manufacturing-tools-related-products-94,manufacturing tools related products,performance,3 Years,84.19,31.86
manufacturing-tools-related-products-94,manufacturing tools related products,performance,5 Years,84.39,-2.19
manufacturing-tools-related-products-94,manufacturing tools related products,industry_earnings,PE (F1),17.13,16.53
manufacturing-tools-related-products-94,manufacturing tools related products,industry_earnings,PEG (Ratio),1.73,1.33
manufacturing-tools-related-products-94,manufacturing tools related products,industry_earnings,Proj EPS Growth,11.19%,11.70%
manufacturing-tools-related-products-94,manufacturing tools related products,industry_earnings,Hist EPS Growth,7.03%,0.94%
manufacturing-tools-related-products-94,manufacturing tools related products,industry_earnings,Net Margin,12.94%,6.60%
manufacturing-tools-related-products-94,manufacturing tools related products,industry_earnings,Hist Sales Growth,6.19%,1.36%
manufacturing-tools-related-products-94,manufacturing tools related products,industry_earnings,Hist Dividend Growth,3.80%,0.00%
manufacturing-tools-related-products-94,manufacturing tools related products,financial_ratios,Beta,0.94,1.18
manufacturing-tools-related-products-94,manufacturing tools related products,financial_ratios,ROE,17.83,19.15
manufacturing-tools-related-products-94,manufacturing tools related products,financial_ratios,ROA,7.54,7.72
manufacturing-tools-related-products-94,manufacturing tools related products,financial_ratios,ROI,11.97,13.14
manufacturing-tools-related-products-94,manufacturing tools related products,financial_ratios,Debt-to-Equity,0.56,0.36
manufacturing-tools-related-products-94,manufacturing tools related products,financial_ratios,Current Ratio,1.19,2.47
manufacturing-tools-related-products-94,manufacturing tools related products,financial_ratios,Cash Flow ($/share),"3,065.15",661.31
manufacturing-tools-related-products-94,manufacturing tools related products,financial_ratios,Price to Book,3.80,2.83
manufacturing-tools-related-products-94,manufacturing tools related products,financial_ratios,Price To Sales,2.96,1.26
manufacturing-tools-related-products-94,manufacturing tools related products,financial_ratios,Dividend Yield,1.44%,1.17%
media-conglomerates-208,media conglomerates,performance,1 Month,0.55,-5.12
media-conglomerates-208,media conglomerates,performance,3 Months,2.73,-0.42
media-conglomerates-208,media conglomerates,performance,YTD,12.91,-15.44
media-conglomerates-208,media conglomerates,performance,1 Year,15.47,-19.61
media-conglomerates-208,media conglomerates,performance,3 Years,84.19,14.71
media-conglomerates-208,media conglomerates,performance,5 Years,84.39,-42.69
media-conglomerates-208,media conglomerates,industry_earnings,PE (F1),17.13,13.54
media-conglomerates-208,media conglomerates,industry_earnings,PEG (Ratio),1.73,1.09
media-conglomerates-208,media conglomerates,industry_earnings,Proj EPS Growth,11.19%,7.99%
media-conglomerates-208,media conglomerates,industry_earnings,Hist EPS Growth,7.03%,-11.55%
media-conglomerates-208,media conglomerates,industry_earnings,Net Margin,12.94%,-1.81%
media-conglomerates-208,media conglomerates,industry_earnings,Hist Sales Growth,6.19%,0.33%
media-conglomerates-208,media conglomerates,industry_earnings,Hist Dividend Growth,3.80%,0.00%
media-conglomerates-208,media conglomerates,financial_ratios,Beta,0.94,0.94
media-conglomerates-208,media conglomerates,financial_ratios,ROE,17.83,3.05
media-conglomerates-208,media conglomerates,financial_ratios,ROA,7.54,-0.44
media-conglomerates-208,media conglomerates,financial_ratios,ROI,11.97,0.02
media-conglomerates-208,media conglomerates,financial_ratios,Debt-to-Equity,0.56,0.34
media-conglomerates-208,media conglomerates,financial_ratios,Current Ratio,1.19,1.03
media-conglomerates-208,media conglomerates,financial_ratios,Cash Flow ($/share),"3,065.15",40.80
media-conglomerates-208,media conglomerates,financial_ratios,Price to Book,3.80,1.32
media-conglomerates-208,media conglomerates,financial_ratios,Price To Sales,2.96,1.13
media-conglomerates-208,media conglomerates,financial_ratios,Dividend Yield,1.44%,0.00%
medical-biomedical-and-genetics-105,medical biomedical and genetics,performance,1 Month,0.55,-4.61
medical-biomedical-and-genetics-105,medical biomedical and genetics,performance,3 Months,2.73,2.54
medical-biomedical-and-genetics-105,medical biomedical and genetics,performance,YTD,12.91,4.37
medical-biomedical-and-genetics-105,medical biomedical and genetics,performance,1 Year,15.47,13.29
medical-biomedical-and-genetics-105,medical biomedical and genetics,performance,3 Years,84.19,4.00
medical-biomedical-and-genetics-105,medical biomedical and genetics,performance,5 Years,84.39,-25.36
medical-biomedical-and-genetics-105,medical biomedical and genetics,industry_earnings,PE (F1),17.13,22.46
medical-biomedical-and-genetics-105,medical biomedical and genetics,industry_earnings,PEG (Ratio),1.73,1.86
medical-biomedical-and-genetics-105,medical biomedical and genetics,industry_earnings,Proj EPS Growth,11.19%,15.07%
medical-biomedical-and-genetics-105,medical biomedical and genetics,industry_earnings,Hist EPS Growth,7.03%,9.81%
medical-biomedical-and-genetics-105,medical biomedical and genetics,industry_earnings,Net Margin,12.94%,-87.52%
medical-biomedical-and-genetics-105,medical biomedical and genetics,industry_earnings,Hist Sales Growth,6.19%,12.76%
medical-biomedical-and-genetics-105,medical biomedical and genetics,industry_earnings,Hist Dividend Growth,3.80%,0.00%
medical-biomedical-and-genetics-105,medical biomedical and genetics,financial_ratios,Beta,0.94,0.98
medical-biomedical-and-genetics-105,medical biomedical and genetics,financial_ratios,ROE,17.83,-57.87
medical-biomedical-and-genetics-105,medical biomedical and genetics,financial_ratios,ROA,7.54,-43.07
medical-biomedical-and-genetics-105,medical biomedical and genetics,financial_ratios,ROI,11.97,-53.39
medical-biomedical-and-genetics-105,medical biomedical and genetics,financial_ratios,Debt-to-Equity,0.56,0.00
medical-biomedical-and-genetics-105,medical biomedical and genetics,financial_ratios,Current Ratio,1.19,4.79
medical-biomedical-and-genetics-105,medical biomedical and genetics,financial_ratios,Cash Flow ($/share),"3,065.15",-26.63
medical-biomedical-and-genetics-105,medical biomedical and genetics,financial_ratios,Price to Book,3.80,2.30
medical-biomedical-and-genetics-105,medical biomedical and genetics,financial_ratios,Price To Sales,2.96,6.12
medical-biomedical-and-genetics-105,medical biomedical and genetics,financial_ratios,Dividend Yield,1.44%,0.00%
medical-dental-supplies-113,medical dental supplies,performance,1 Month,0.55,-2.81
medical-dental-supplies-113,medical dental supplies,performance,3 Months,2.73,6.08
medical-dental-supplies-113,medical dental supplies,performance,YTD,12.91,3.55
medical-dental-supplies-113,medical dental supplies,performance,1 Year,15.47,13.44
medical-dental-supplies-113,medical dental supplies,performance,3 Years,84.19,17.68
medical-dental-supplies-113,medical dental supplies,performance,5 Years,84.39,18.18
medical-dental-supplies-113,medical dental supplies,industry_earnings,PE (F1),17.13,17.17
medical-dental-supplies-113,medical dental supplies,industry_earnings,PEG (Ratio),1.73,1.92
medical-dental-supplies-113,medical dental supplies,industry_earnings,Proj EPS Growth,11.19%,7.68%
medical-dental-supplies-113,medical dental supplies,industry_earnings,Hist EPS Growth,7.03%,8.44%
medical-dental-supplies-113,medical dental supplies,industry_earnings,Net Margin,12.94%,3.54%
medical-dental-supplies-113,medical dental supplies,industry_earnings,Hist Sales Growth,6.19%,2.39%
medical-dental-supplies-113,medical dental supplies,industry_earnings,Hist Dividend Growth,3.80%,0.00%
medical-dental-supplies-113,medical dental supplies,financial_ratios,Beta,0.94,0.83
medical-dental-supplies-113,medical dental supplies,financial_ratios,ROE,17.83,14.03
medical-dental-supplies-113,medical dental supplies,financial_ratios,ROA,7.54,6.33
medical-dental-supplies-113,medical dental supplies,financial_ratios,ROI,11.97,8.96
medical-dental-supplies-113,medical dental supplies,financial_ratios,Debt-to-Equity,0.56,0.07
medical-dental-supplies-113,medical dental supplies,financial_ratios,Current Ratio,1.19,1.63
medical-dental-supplies-113,medical dental supplies,financial_ratios,Cash Flow ($/share),"3,065.15",223.01
medical-dental-supplies-113,medical dental supplies,financial_ratios,Price to Book,3.80,2.46
medical-dental-supplies-113,medical dental supplies,financial_ratios,Price To Sales,2.96,1.68
medical-dental-supplies-113,medical dental supplies,financial_ratios,Dividend Yield,1.44%,0.00%
medical-drugs-106,medical drugs,performance,1 Month,0.55,-4.68
medical-drugs-106,medical drugs,performance,3 Months,2.73,0.87
medical-drugs-106,medical drugs,performance,YTD,12.91,-5.33
medical-drugs-106,medical drugs,performance,1 Year,15.47,-9.30
medical-drugs-106,medical drugs,performance,3 Years,84.19,-2.21
medical-drugs-106,medical drugs,performance,5 Years,84.39,-34.26
medical-drugs-106,medical drugs,industry_earnings,PE (F1),17.13,15.91
medical-drugs-106,medical drugs,industry_earnings,PEG (Ratio),1.73,1.68
medical-drugs-106,medical drugs,industry_earnings,Proj EPS Growth,11.19%,15.20%
medical-drugs-106,medical drugs,industry_earnings,Hist EPS Growth,7.03%,2.65%
medical-drugs-106,medical drugs,industry_earnings,Net Margin,12.94%,-21.23%
medical-drugs-106,medical drugs,industry_earnings,Hist Sales Growth,6.19%,4.25%
medical-drugs-106,medical drugs,industry_earnings,Hist Dividend Growth,3.80%,0.00%
medical-drugs-106,medical drugs,financial_ratios,Beta,0.94,0.85
medical-drugs-106,medical drugs,financial_ratios,ROE,17.83,-58.03
medical-drugs-106,medical drugs,financial_ratios,ROA,7.54,-42.41
medical-drugs-106,medical drugs,financial_ratios,ROI,11.97,-48.52
medical-drugs-106,medical drugs,financial_ratios,Debt-to-Equity,0.56,0.00
medical-drugs-106,medical drugs,financial_ratios,Current Ratio,1.19,3.06
medical-drugs-106,medical drugs,financial_ratios,Cash Flow ($/share),"3,065.15",-8.45
medical-drugs-106,medical drugs,financial_ratios,Price to Book,3.80,2.04
medical-drugs-106,medical drugs,financial_ratios,Price To Sales,2.96,3.50
medical-drugs-106,medical drugs,financial_ratios,Dividend Yield,1.44%,0.00%
medical-generic-drugs-107,medical generic drugs,performance,1 Month,0.55,1.29
medical-generic-drugs-107,medical generic drugs,performance,3 Months,2.73,5.14
medical-generic-drugs-107,medical generic drugs,performance,YTD,12.91,7.38
medical-generic-drugs-107,medical generic drugs,performance,1 Year,15.47,43.77
medical-generic-drugs-107,medical generic drugs,performance,3 Years,84.19,100.48
medical-generic-drugs-107,medical generic drugs,performance,5 Years,84.39,57.94
medical-generic-drugs-107,medical generic drugs,industry_earnings,PE (F1),17.13,12.65
medical-generic-drugs-107,medical generic drugs,industry_earnings,PEG (Ratio),1.73,3.07
medical-generic-drugs-107,medical generic drugs,industry_earnings,Proj EPS Growth,11.19%,-15.97%
medical-generic-drugs-107,medical generic drugs,industry_earnings,Hist EPS Growth,7.03%,6.32%
medical-generic-drugs-107,medical generic drugs,industry_earnings,Net Margin,12.94%,-13.23%
medical-generic-drugs-107,medical generic drugs,industry_earnings,Hist Sales Growth,6.19%,5.02%
medical-generic-drugs-107,medical generic drugs,industry_earnings,Hist Dividend Growth,3.80%,0.00%
medical-generic-drugs-107,medical generic drugs,financial_ratios,Beta,0.94,0.92
medical-generic-drugs-107,medical generic drugs,financial_ratios,ROE,17.83,-17.17
medical-generic-drugs-107,medical generic drugs,financial_ratios,ROA,7.54,-6.56
medical-generic-drugs-107,medical generic drugs,financial_ratios,ROI,11.97,-0.02
medical-generic-drugs-107,medical generic drugs,financial_ratios,Debt-to-Equity,0.56,0.00
medical-generic-drugs-107,medical generic drugs,financial_ratios,Current Ratio,1.19,2.40
medical-generic-drugs-107,medical generic drugs,financial_ratios,Cash Flow ($/share),"3,065.15",-1.61
medical-generic-drugs-107,medical generic drugs,financial_ratios,Price to Book,3.80,2.38
medical-generic-drugs-107,medical generic drugs,financial_ratios,Price To Sales,2.96,2.96
medical-generic-drugs-107,medical generic drugs,financial_ratios,Dividend Yield,1.44%,0.00%
medical-hmos-108,medical hmos,performance,1 Month,0.55,-7.11
medical-hmos-108,medical hmos,performance,3 Months,2.73,-12.24
medical-hmos-108,medical hmos,performance,YTD,12.91,12.70
medical-hmos-108,medical hmos,performance,1 Year,15.47,8.17
medical-hmos-108,medical hmos,performance,3 Years,84.19,-22.89
medical-hmos-108,medical hmos,performance,5 Years,84.39,0.11
medical-hmos-108,medical hmos,industry_earnings,PE (F1),17.13,21.25
medical-hmos-108,medical hmos,industry_earnings,PEG (Ratio),1.73,1.37
medical-hmos-108,medical hmos,industry_earnings,Proj EPS Growth,11.19%,21.38%
medical-hmos-108,medical hmos,industry_earnings,Hist EPS Growth,7.03%,-6.79%
medical-hmos-108,medical hmos,industry_earnings,Net Margin,12.94%,1.58%
medical-hmos-108,medical hmos,industry_earnings,Hist Sales Growth,6.19%,11.63%
medical-hmos-108,medical hmos,industry_earnings,Hist Dividend Growth,3.80%,0.00%
medical-hmos-108,medical hmos,financial_ratios,Beta,0.94,0.76
medical-hmos-108,medical hmos,financial_ratios,ROE,17.83,12.02
medical-hmos-108,medical hmos,financial_ratios,ROA,7.54,3.47
medical-hmos-108,medical hmos,financial_ratios,ROI,11.97,6.77
medical-hmos-108,medical hmos,financial_ratios,Debt-to-Equity,0.56,0.66
medical-hmos-108,medical hmos,financial_ratios,Current Ratio,1.19,1.68
medical-hmos-108,medical hmos,financial_ratios,Cash Flow ($/share),"3,065.15","1,541.00"
medical-hmos-108,medical hmos,financial_ratios,Price to Book,3.80,2.26
medical-hmos-108,medical hmos,financial_ratios,Price To Sales,2.96,0.28
medical-hmos-108,medical hmos,financial_ratios,Dividend Yield,1.44%,0.00%
medical-hospital-109,medical hospital,performance,1 Month,0.55,-2.50
medical-hospital-109,medical hospital,performance,3 Months,2.73,22.00
medical-hospital-109,medical hospital,performance,YTD,12.91,8.82
medical-hospital-109,medical hospital,performance,1 Year,15.47,6.51
medical-hospital-109,medical hospital,performance,3 Years,84.19,66.23
medical-hospital-109,medical hospital,performance,5 Years,84.39,45.00
medical-hospital-109,medical hospital,industry_earnings,PE (F1),17.13,12.07
medical-hospital-109,medical hospital,industry_earnings,PEG (Ratio),1.73,1.08
medical-hospital-109,medical hospital,industry_earnings,Proj EPS Growth,11.19%,-8.47%
medical-hospital-109,medical hospital,industry_earnings,Hist EPS Growth,7.03%,22.81%
medical-hospital-109,medical hospital,industry_earnings,Net Margin,12.94%,8.18%
medical-hospital-109,medical hospital,industry_earnings,Hist Sales Growth,6.19%,8.35%
medical-hospital-109,medical hospital,industry_earnings,Hist Dividend Growth,3.80%,0.00%
medical-hospital-109,medical hospital,financial_ratios,Beta,0.94,1.03
medical-hospital-109,medical hospital,financial_ratios,ROE,17.83,8.49
medical-hospital-109,medical hospital,financial_ratios,ROA,7.54,5.55
medical-hospital-109,medical hospital,financial_ratios,ROI,11.97,7.65
medical-hospital-109,medical hospital,financial_ratios,Debt-to-Equity,0.56,0.54
medical-hospital-109,medical hospital,financial_ratios,Current Ratio,1.19,1.53
medical-hospital-109,medical hospital,financial_ratios,Cash Flow ($/share),"3,065.15",586.70
medical-hospital-109,medical hospital,financial_ratios,Price to Book,3.80,2.05
medical-hospital-109,medical hospital,financial_ratios,Price To Sales,2.96,0.74
medical-hospital-109,medical hospital,financial_ratios,Dividend Yield,1.44%,0.00%
medical-info-systems-215,medical info systems,performance,1 Month,0.55,7.05
medical-info-systems-215,medical info systems,performance,3 Months,2.73,28.50
medical-info-systems-215,medical info systems,performance,YTD,12.91,18.98
medical-info-systems-215,medical info systems,performance,1 Year,15.47,-7.48
medical-info-systems-215,medical info systems,performance,3 Years,84.19,8.16
medical-info-systems-215,medical info systems,performance,5 Years,84.39,-48.16
medical-info-systems-215,medical info systems,industry_earnings,PE (F1),17.13,31.16
medical-info-systems-215,medical info systems,industry_earnings,PEG (Ratio),1.73,3.11
medical-info-systems-215,medical info systems,industry_earnings,Proj EPS Growth,11.19%,27.62%
medical-info-systems-215,medical info systems,industry_earnings,Hist EPS Growth,7.03%,-5.86%
medical-info-systems-215,medical info systems,industry_earnings,Net Margin,12.94%,-22.53%
medical-info-systems-215,medical info systems,industry_earnings,Hist Sales Growth,6.19%,14.10%
medical-info-systems-215,medical info systems,industry_earnings,Hist Dividend Growth,3.80%,0.00%
medical-info-systems-215,medical info systems,financial_ratios,Beta,0.94,1.06
medical-info-systems-215,medical info systems,financial_ratios,ROE,17.83,-13.50
medical-info-systems-215,medical info systems,financial_ratios,ROA,7.54,-13.37
medical-info-systems-215,medical info systems,financial_ratios,ROI,11.97,-15.41
medical-info-systems-215,medical info systems,financial_ratios,Debt-to-Equity,0.56,0.00
medical-info-systems-215,medical info systems,financial_ratios,Current Ratio,1.19,2.44
medical-info-systems-215,medical info systems,financial_ratios,Cash Flow ($/share),"3,065.15",-3.73
medical-info-systems-215,medical info systems,financial_ratios,Price to Book,3.80,2.81
medical-info-systems-215,medical info systems,financial_ratios,Price To Sales,2.96,1.81
medical-info-systems-215,medical info systems,financial_ratios,Dividend Yield,1.44%,0.00%
medical-instruments-103,medical instruments,performance,1 Month,0.55,2.37
medical-instruments-103,medical instruments,performance,3 Months,2.73,10.05
medical-instruments-103,medical instruments,performance,YTD,12.91,-6.73
medical-instruments-103,medical instruments,performance,1 Year,15.47,5.35
medical-instruments-103,medical instruments,performance,3 Years,84.19,9.58
medical-instruments-103,medical instruments,performance,5 Years,84.39,-19.10
medical-instruments-103,medical instruments,industry_earnings,PE (F1),17.13,22.46
medical-instruments-103,medical instruments,industry_earnings,PEG (Ratio),1.73,2.25
medical-instruments-103,medical instruments,industry_earnings,Proj EPS Growth,11.19%,10.93%
medical-instruments-103,medical instruments,industry_earnings,Hist EPS Growth,7.03%,10.14%
medical-instruments-103,medical instruments,industry_earnings,Net Margin,12.94%,-12.25%
medical-instruments-103,medical instruments,industry_earnings,Hist Sales Growth,6.19%,10.03%
medical-instruments-103,medical instruments,industry_earnings,Hist Dividend Growth,3.80%,0.00%
medical-instruments-103,medical instruments,financial_ratios,Beta,0.94,0.94
medical-instruments-103,medical instruments,financial_ratios,ROE,17.83,-21.57
medical-instruments-103,medical instruments,financial_ratios,ROA,7.54,-12.75
medical-instruments-103,medical instruments,financial_ratios,ROI,11.97,-17.09
medical-instruments-103,medical instruments,financial_ratios,Debt-to-Equity,0.56,0.01
medical-instruments-103,medical instruments,financial_ratios,Current Ratio,1.19,2.47
medical-instruments-103,medical instruments,financial_ratios,Cash Flow ($/share),"3,065.15",-2.09
medical-instruments-103,medical instruments,financial_ratios,Price to Book,3.80,2.56
medical-instruments-103,medical instruments,financial_ratios,Price To Sales,2.96,2.79
medical-instruments-103,medical instruments,financial_ratios,Dividend Yield,1.44%,0.00%
medical-nursing-homes-110,medical nursing homes,performance,1 Month,0.55,-3.61
medical-nursing-homes-110,medical nursing homes,performance,3 Months,2.73,-6.84
medical-nursing-homes-110,medical nursing homes,performance,YTD,12.91,-1.94
medical-nursing-homes-110,medical nursing homes,performance,1 Year,15.47,1.25
medical-nursing-homes-110,medical nursing homes,performance,3 Years,84.19,70.14
medical-nursing-homes-110,medical nursing homes,performance,5 Years,84.39,84.46
medical-nursing-homes-110,medical nursing homes,industry_earnings,PE (F1),17.13,101.23
medical-nursing-homes-110,medical nursing homes,industry_earnings,PEG (Ratio),1.73,3.34
medical-nursing-homes-110,medical nursing homes,industry_earnings,Proj EPS Growth,11.19%,61.93%
medical-nursing-homes-110,medical nursing homes,industry_earnings,Hist EPS Growth,7.03%,17.45%
medical-nursing-homes-110,medical nursing homes,industry_earnings,Net Margin,12.94%,6.90%
medical-nursing-homes-110,medical nursing homes,industry_earnings,Hist Sales Growth,6.19%,9.33%
medical-nursing-homes-110,medical nursing homes,industry_earnings,Hist Dividend Growth,3.80%,0.00%
medical-nursing-homes-110,medical nursing homes,financial_ratios,Beta,0.94,0.53
medical-nursing-homes-110,medical nursing homes,financial_ratios,ROE,17.83,10.03
medical-nursing-homes-110,medical nursing homes,financial_ratios,ROA,7.54,6.97
medical-nursing-homes-110,medical nursing homes,financial_ratios,ROI,11.97,9.88
medical-nursing-homes-110,medical nursing homes,financial_ratios,Debt-to-Equity,0.56,0.00
medical-nursing-homes-110,medical nursing homes,financial_ratios,Current Ratio,1.19,1.21
medical-nursing-homes-110,medical nursing homes,financial_ratios,Cash Flow ($/share),"3,065.15",128.30
medical-nursing-homes-110,medical nursing homes,financial_ratios,Price to Book,3.80,3.09
medical-nursing-homes-110,medical nursing homes,financial_ratios,Price To Sales,2.96,1.80
medical-nursing-homes-110,medical nursing homes,financial_ratios,Dividend Yield,1.44%,0.00%
medical-outpatient-and-home-healthcare-111,medical outpatient and home healthcare,performance,1 Month,0.55,-3.78
medical-outpatient-and-home-healthcare-111,medical outpatient and home healthcare,performance,3 Months,2.73,0.16
medical-outpatient-and-home-healthcare-111,medical outpatient and home healthcare,performance,YTD,12.91,17.27
medical-outpatient-and-home-healthcare-111,medical outpatient and home healthcare,performance,1 Year,15.47,12.64
medical-outpatient-and-home-healthcare-111,medical outpatient and home healthcare,performance,3 Years,84.19,51.87
medical-outpatient-and-home-healthcare-111,medical outpatient and home healthcare,performance,5 Years,84.39,7.26
medical-outpatient-and-home-healthcare-111,medical outpatient and home healthcare,industry_earnings,PE (F1),17.13,19.68
medical-outpatient-and-home-healthcare-111,medical outpatient and home healthcare,industry_earnings,PEG (Ratio),1.73,1.71
medical-outpatient-and-home-healthcare-111,medical outpatient and home healthcare,industry_earnings,Proj EPS Growth,11.19%,14.66%
medical-outpatient-and-home-healthcare-111,medical outpatient and home healthcare,industry_earnings,Hist EPS Growth,7.03%,0.73%
medical-outpatient-and-home-healthcare-111,medical outpatient and home healthcare,industry_earnings,Net Margin,12.94%,3.97%
medical-outpatient-and-home-healthcare-111,medical outpatient and home healthcare,industry_earnings,Hist Sales Growth,6.19%,9.22%
medical-outpatient-and-home-healthcare-111,medical outpatient and home healthcare,industry_earnings,Hist Dividend Growth,3.80%,0.00%
medical-outpatient-and-home-healthcare-111,medical outpatient and home healthcare,financial_ratios,Beta,0.94,1.08
medical-outpatient-and-home-healthcare-111,medical outpatient and home healthcare,financial_ratios,ROE,17.83,10.25
medical-outpatient-and-home-healthcare-111,medical outpatient and home healthcare,financial_ratios,ROA,7.54,4.87
medical-outpatient-and-home-healthcare-111,medical outpatient and home healthcare,financial_ratios,ROI,11.97,7.57
medical-outpatient-and-home-healthcare-111,medical outpatient and home healthcare,financial_ratios,Debt-to-Equity,0.56,0.48
medical-outpatient-and-home-healthcare-111,medical outpatient and home healthcare,financial_ratios,Current Ratio,1.19,1.38
medical-outpatient-and-home-healthcare-111,medical outpatient and home healthcare,financial_ratios,Cash Flow ($/share),"3,065.15",158.38
medical-outpatient-and-home-healthcare-111,medical outpatient and home healthcare,financial_ratios,Price to Book,3.80,3.13
medical-outpatient-and-home-healthcare-111,medical outpatient and home healthcare,financial_ratios,Price To Sales,2.96,1.41
medical-outpatient-and-home-healthcare-111,medical outpatient and home healthcare,financial_ratios,Dividend Yield,1.44%,0.00%
medical-products-104,medical products,performance,1 Month,0.55,-7.82
medical-products-104,medical products,performance,3 Months,2.73,0.39
medical-products-104,medical products,performance,YTD,12.91,-23.68
medical-products-104,medical products,performance,1 Year,15.47,-29.42
medical-products-104,medical products,performance,3 Years,84.19,-14.73
medical-products-104,medical products,performance,5 Years,84.39,-38.50
medical-products-104,medical products,industry_earnings,PE (F1),17.13,19.67
medical-products-104,medical products,industry_earnings,PEG (Ratio),1.73,1.71
medical-products-104,medical products,industry_earnings,Proj EPS Growth,11.19%,8.34%
medical-products-104,medical products,industry_earnings,Hist EPS Growth,7.03%,2.35%
medical-products-104,medical products,industry_earnings,Net Margin,12.94%,-4.53%
medical-products-104,medical products,industry_earnings,Hist Sales Growth,6.19%,4.98%
medical-products-104,medical products,industry_earnings,Hist Dividend Growth,3.80%,0.00%
medical-products-104,medical products,financial_ratios,Beta,0.94,0.92
medical-products-104,medical products,financial_ratios,ROE,17.83,2.78
medical-products-104,medical products,financial_ratios,ROA,7.54,0.22
medical-products-104,medical products,financial_ratios,ROI,11.97,2.05
medical-products-104,medical products,financial_ratios,Debt-to-Equity,0.56,0.31
medical-products-104,medical products,financial_ratios,Current Ratio,1.19,2.38
medical-products-104,medical products,financial_ratios,Cash Flow ($/share),"3,065.15",7.62
medical-products-104,medical products,financial_ratios,Price to Book,3.80,1.98
medical-products-104,medical products,financial_ratios,Price To Sales,2.96,1.54
medical-products-104,medical products,financial_ratios,Dividend Yield,1.44%,0.00%
medical-services-285,medical services,performance,1 Month,0.55,-0.99
medical-services-285,medical services,performance,3 Months,2.73,2.94
medical-services-285,medical services,performance,YTD,12.91,1.49
medical-services-285,medical services,performance,1 Year,15.47,8.08
medical-services-285,medical services,performance,3 Years,84.19,-0.12
medical-services-285,medical services,performance,5 Years,84.39,-24.85
medical-services-285,medical services,industry_earnings,PE (F1),17.13,16.62
medical-services-285,medical services,industry_earnings,PEG (Ratio),1.73,1.59
medical-services-285,medical services,industry_earnings,Proj EPS Growth,11.19%,14.34%
medical-services-285,medical services,industry_earnings,Hist EPS Growth,7.03%,-4.71%
medical-services-285,medical services,industry_earnings,Net Margin,12.94%,-0.08%
medical-services-285,medical services,industry_earnings,Hist Sales Growth,6.19%,5.52%
medical-services-285,medical services,industry_earnings,Hist Dividend Growth,3.80%,0.00%
medical-services-285,medical services,financial_ratios,Beta,0.94,0.84
medical-services-285,medical services,financial_ratios,ROE,17.83,2.60
medical-services-285,medical services,financial_ratios,ROA,7.54,0.83
medical-services-285,medical services,financial_ratios,ROI,11.97,2.60
medical-services-285,medical services,financial_ratios,Debt-to-Equity,0.56,0.05
medical-services-285,medical services,financial_ratios,Current Ratio,1.19,1.66
medical-services-285,medical services,financial_ratios,Cash Flow ($/share),"3,065.15",8.43
medical-services-285,medical services,financial_ratios,Price to Book,3.80,2.01
medical-services-285,medical services,financial_ratios,Price To Sales,2.96,1.49
medical-services-285,medical services,financial_ratios,Dividend Yield,1.44%,0.00%
metal-products-distribution-120,metal products distribution,performance,1 Month,0.55,-14.57
metal-products-distribution-120,metal products distribution,performance,3 Months,2.73,-12.03
metal-products-distribution-120,metal products distribution,performance,YTD,12.91,-13.30
metal-products-distribution-120,metal products distribution,performance,1 Year,15.47,28.77
metal-products-distribution-120,metal products distribution,performance,3 Years,84.19,41.14
metal-products-distribution-120,metal products distribution,performance,5 Years,84.39,-1.69
metal-products-distribution-120,metal products distribution,industry_earnings,PE (F1),17.13,6.66
metal-products-distribution-120,metal products distribution,industry_earnings,PEG (Ratio),1.73,0.47
metal-products-distribution-120,metal products distribution,industry_earnings,Proj EPS Growth,11.19%,84.14%
metal-products-distribution-120,metal products distribution,industry_earnings,Hist EPS Growth,7.03%,-15.89%
metal-products-distribution-120,metal products distribution,industry_earnings,Net Margin,12.94%,2.57%
metal-products-distribution-120,metal products distribution,industry_earnings,Hist Sales Growth,6.19%,1.52%
metal-products-distribution-120,metal products distribution,industry_earnings,Hist Dividend Growth,3.80%,0.00%
metal-products-distribution-120,metal products distribution,financial_ratios,Beta,0.94,1.58
metal-products-distribution-120,metal products distribution,financial_ratios,ROE,17.83,-0.62
metal-products-distribution-120,metal products distribution,financial_ratios,ROA,7.54,-0.21
metal-products-distribution-120,metal products distribution,financial_ratios,ROI,11.97,-0.37
metal-products-distribution-120,metal products distribution,financial_ratios,Debt-to-Equity,0.56,0.19
metal-products-distribution-120,metal products distribution,financial_ratios,Current Ratio,1.19,1.61
metal-products-distribution-120,metal products distribution,financial_ratios,Cash Flow ($/share),"3,065.15",29.50
metal-products-distribution-120,metal products distribution,financial_ratios,Price to Book,3.80,1.86
metal-products-distribution-120,metal products distribution,financial_ratios,Price To Sales,2.96,0.29
metal-products-distribution-120,metal products distribution,financial_ratios,Dividend Yield,1.44%,0.00%
metal-products-fasteners-121,metal products fasteners,performance,1 Month,0.55,5.32
metal-products-fasteners-121,metal products fasteners,performance,3 Months,2.73,22.76
metal-products-fasteners-121,metal products fasteners,performance,YTD,12.91,122.25
metal-products-fasteners-121,metal products fasteners,performance,1 Year,15.47,117.78
metal-products-fasteners-121,metal products fasteners,performance,3 Years,84.19,133.75
metal-products-fasteners-121,metal products fasteners,performance,5 Years,84.39,85.20
metal-products-fasteners-121,metal products fasteners,industry_earnings,PE (F1),17.13,14.26
metal-products-fasteners-121,metal products fasteners,industry_earnings,PEG (Ratio),1.73,1.19
metal-products-fasteners-121,metal products fasteners,industry_earnings,Proj EPS Growth,11.19%,20.86%
metal-products-fasteners-121,metal products fasteners,industry_earnings,Hist EPS Growth,7.03%,47.45%
metal-products-fasteners-121,metal products fasteners,industry_earnings,Net Margin,12.94%,1.60%
metal-products-fasteners-121,metal products fasteners,industry_earnings,Hist Sales Growth,6.19%,1.64%
metal-products-fasteners-121,metal products fasteners,industry_earnings,Hist Dividend Growth,3.80%,0.00%
metal-products-fasteners-121,metal products fasteners,financial_ratios,Beta,0.94,1.24
metal-products-fasteners-121,metal products fasteners,financial_ratios,ROE,17.83,10.55
metal-products-fasteners-121,metal products fasteners,financial_ratios,ROA,7.54,2.81
metal-products-fasteners-121,metal products fasteners,financial_ratios,ROI,11.97,3.94
metal-products-fasteners-121,metal products fasteners,financial_ratios,Debt-to-Equity,0.56,1.66
metal-products-fasteners-121,metal products fasteners,financial_ratios,Current Ratio,1.19,2.40
metal-products-fasteners-121,metal products fasteners,financial_ratios,Cash Flow ($/share),"3,065.15",79.80
metal-products-fasteners-121,metal products fasteners,financial_ratios,Price to Book,3.80,1.71
metal-products-fasteners-121,metal products fasteners,financial_ratios,Price To Sales,2.96,0.41
metal-products-fasteners-121,metal products fasteners,financial_ratios,Dividend Yield,1.44%,1.07%
metal-products-procurement-and-fabrication-119,metal products procurement and fabrication,performance,1 Month,0.55,-5.90
metal-products-procurement-and-fabrication-119,metal products procurement and fabrication,performance,3 Months,2.73,-7.60
metal-products-procurement-and-fabrication-119,metal products procurement and fabrication,performance,YTD,12.91,-9.48
metal-products-procurement-and-fabrication-119,metal products procurement and fabrication,performance,1 Year,15.47,2.28
metal-products-procurement-and-fabrication-119,metal products procurement and fabrication,performance,3 Years,84.19,88.56
metal-products-procurement-and-fabrication-119,metal products procurement and fabrication,performance,5 Years,84.39,110.55
metal-products-procurement-and-fabrication-119,metal products procurement and fabrication,industry_earnings,PE (F1),17.13,12.29
metal-products-procurement-and-fabrication-119,metal products procurement and fabrication,industry_earnings,PEG (Ratio),1.73,1.05
metal-products-procurement-and-fabrication-119,metal products procurement and fabrication,industry_earnings,Proj EPS Growth,11.19%,62.90%
metal-products-procurement-and-fabrication-119,metal products procurement and fabrication,industry_earnings,Hist EPS Growth,7.03%,8.50%
metal-products-procurement-and-fabrication-119,metal products procurement and fabrication,industry_earnings,Net Margin,12.94%,3.44%
metal-products-procurement-and-fabrication-119,metal products procurement and fabrication,industry_earnings,Hist Sales Growth,6.19%,3.50%
metal-products-procurement-and-fabrication-119,metal products procurement and fabrication,industry_earnings,Hist Dividend Growth,3.80%,0.00%
metal-products-procurement-and-fabrication-119,metal products procurement and fabrication,financial_ratios,Beta,0.94,0.88
metal-products-procurement-and-fabrication-119,metal products procurement and fabrication,financial_ratios,ROE,17.83,7.41
metal-products-procurement-and-fabrication-119,metal products procurement and fabrication,financial_ratios,ROA,7.54,3.07
metal-products-procurement-and-fabrication-119,metal products procurement and fabrication,financial_ratios,ROI,11.97,4.01
metal-products-procurement-and-fabrication-119,metal products procurement and fabrication,financial_ratios,Debt-to-Equity,0.56,0.17
metal-products-procurement-and-fabrication-119,metal products procurement and fabrication,financial_ratios,Current Ratio,1.19,2.63
metal-products-procurement-and-fabrication-119,metal products procurement and fabrication,financial_ratios,Cash Flow ($/share),"3,065.15",23.44
metal-products-procurement-and-fabrication-119,metal products procurement and fabrication,financial_ratios,Price to Book,3.80,2.26
metal-products-procurement-and-fabrication-119,metal products procurement and fabrication,financial_ratios,Price To Sales,2.96,1.07
metal-products-procurement-and-fabrication-119,metal products procurement and fabrication,financial_ratios,Dividend Yield,1.44%,0.00%
mining-gold-114,mining gold,performance,1 Month,0.55,-9.16
mining-gold-114,mining gold,performance,3 Months,2.73,17.14
mining-gold-114,mining gold,performance,YTD,12.91,0.66
mining-gold-114,mining gold,performance,1 Year,15.47,11.99
mining-gold-114,mining gold,performance,3 Years,84.19,207.98
mining-gold-114,mining gold,performance,5 Years,84.39,185.97
mining-gold-114,mining gold,industry_earnings,PE (F1),17.13,11.90
mining-gold-114,mining gold,industry_earnings,PEG (Ratio),1.73,0.94
mining-gold-114,mining gold,industry_earnings,Proj EPS Growth,11.19%,38.45%
mining-gold-114,mining gold,industry_earnings,Hist EPS Growth,7.03%,39.18%
mining-gold-114,mining gold,industry_earnings,Net Margin,12.94%,31.40%
mining-gold-114,mining gold,industry_earnings,Hist Sales Growth,6.19%,22.24%
mining-gold-114,mining gold,industry_earnings,Hist Dividend Growth,3.80%,0.00%
mining-gold-114,mining gold,financial_ratios,Beta,0.94,0.73
mining-gold-114,mining gold,financial_ratios,ROE,17.83,10.91
mining-gold-114,mining gold,financial_ratios,ROA,7.54,6.46
mining-gold-114,mining gold,financial_ratios,ROI,11.97,8.88
mining-gold-114,mining gold,financial_ratios,Debt-to-Equity,0.56,0.00
mining-gold-114,mining gold,financial_ratios,Current Ratio,1.19,3.46
mining-gold-114,mining gold,financial_ratios,Cash Flow ($/share),"3,065.15",1.73
mining-gold-114,mining gold,financial_ratios,Price to Book,3.80,2.99
mining-gold-114,mining gold,financial_ratios,Price To Sales,2.96,4.02
mining-gold-114,mining gold,financial_ratios,Dividend Yield,1.44%,0.00%
mining-iron-115,mining iron,performance,1 Month,0.55,-11.09
mining-iron-115,mining iron,performance,3 Months,2.73,-9.78
mining-iron-115,mining iron,performance,YTD,12.91,2.82
mining-iron-115,mining iron,performance,1 Year,15.47,22.01
mining-iron-115,mining iron,performance,3 Years,84.19,0.52
mining-iron-115,mining iron,performance,5 Years,84.39,-5.41
mining-iron-115,mining iron,industry_earnings,PE (F1),17.13,7.14
mining-iron-115,mining iron,industry_earnings,PEG (Ratio),1.73,
mining-iron-115,mining iron,industry_earnings,Proj EPS Growth,11.19%,-11.64%
mining-iron-115,mining iron,industry_earnings,Hist EPS Growth,7.03%,-20.48%
mining-iron-115,mining iron,industry_earnings,Net Margin,12.94%,29.79%
mining-iron-115,mining iron,industry_earnings,Hist Sales Growth,6.19%,-14.32%
mining-iron-115,mining iron,industry_earnings,Hist Dividend Growth,3.80%,-45.58%
mining-iron-115,mining iron,financial_ratios,Beta,0.94,0.42
mining-iron-115,mining iron,financial_ratios,ROE,17.83,26.69
mining-iron-115,mining iron,financial_ratios,ROA,7.54,18.37
mining-iron-115,mining iron,financial_ratios,ROI,11.97,23.44
mining-iron-115,mining iron,financial_ratios,Debt-to-Equity,0.56,0.23
mining-iron-115,mining iron,financial_ratios,Current Ratio,1.19,5.00
mining-iron-115,mining iron,financial_ratios,Cash Flow ($/share),"3,065.15","1,170.50"
mining-iron-115,mining iron,financial_ratios,Price to Book,3.80,1.57
mining-iron-115,mining iron,financial_ratios,Price To Sales,2.96,11.26
mining-iron-115,mining iron,financial_ratios,Dividend Yield,1.44%,2.17%
mining-miscellaneous-116,mining miscellaneous,performance,1 Month,0.55,-8.07
mining-miscellaneous-116,mining miscellaneous,performance,3 Months,2.73,3.59
mining-miscellaneous-116,mining miscellaneous,performance,YTD,12.91,17.65
mining-miscellaneous-116,mining miscellaneous,performance,1 Year,15.47,25.62
mining-miscellaneous-116,mining miscellaneous,performance,3 Years,84.19,31.68
mining-miscellaneous-116,mining miscellaneous,performance,5 Years,84.39,41.88
mining-miscellaneous-116,mining miscellaneous,industry_earnings,PE (F1),17.13,17.10
mining-miscellaneous-116,mining miscellaneous,industry_earnings,PEG (Ratio),1.73,0.97
mining-miscellaneous-116,mining miscellaneous,industry_earnings,Proj EPS Growth,11.19%,35.46%
mining-miscellaneous-116,mining miscellaneous,industry_earnings,Hist EPS Growth,7.03%,7.42%
mining-miscellaneous-116,mining miscellaneous,industry_earnings,Net Margin,12.94%,3.94%
mining-miscellaneous-116,mining miscellaneous,industry_earnings,Hist Sales Growth,6.19%,11.84%
mining-miscellaneous-116,mining miscellaneous,industry_earnings,Hist Dividend Growth,3.80%,0.00%
mining-miscellaneous-116,mining miscellaneous,financial_ratios,Beta,0.94,1.06
mining-miscellaneous-116,mining miscellaneous,financial_ratios,ROE,17.83,-7.95
mining-miscellaneous-116,mining miscellaneous,financial_ratios,ROA,7.54,-7.66
mining-miscellaneous-116,mining miscellaneous,financial_ratios,ROI,11.97,-8.14
mining-miscellaneous-116,mining miscellaneous,financial_ratios,Debt-to-Equity,0.56,0.00
mining-miscellaneous-116,mining miscellaneous,financial_ratios,Current Ratio,1.19,3.28
mining-miscellaneous-116,mining miscellaneous,financial_ratios,Cash Flow ($/share),"3,065.15",-3.18
mining-miscellaneous-116,mining miscellaneous,financial_ratios,Price to Book,3.80,2.03
mining-miscellaneous-116,mining miscellaneous,financial_ratios,Price To Sales,2.96,5.86
mining-miscellaneous-116,mining miscellaneous,financial_ratios,Dividend Yield,1.44%,0.00%
mining-non-ferrous-117,mining non ferrous,performance,1 Month,0.55,-3.12
mining-non-ferrous-117,mining non ferrous,performance,3 Months,2.73,15.88
mining-non-ferrous-117,mining non ferrous,performance,YTD,12.91,23.77
mining-non-ferrous-117,mining non ferrous,performance,1 Year,15.47,48.37
mining-non-ferrous-117,mining non ferrous,performance,3 Years,84.19,95.20
mining-non-ferrous-117,mining non ferrous,performance,5 Years,84.39,129.43
mining-non-ferrous-117,mining non ferrous,industry_earnings,PE (F1),17.13,24.96
mining-non-ferrous-117,mining non ferrous,industry_earnings,PEG (Ratio),1.73,0.92
mining-non-ferrous-117,mining non ferrous,industry_earnings,Proj EPS Growth,11.19%,41.64%
mining-non-ferrous-117,mining non ferrous,industry_earnings,Hist EPS Growth,7.03%,-2.75%
mining-non-ferrous-117,mining non ferrous,industry_earnings,Net Margin,12.94%,14.14%
mining-non-ferrous-117,mining non ferrous,industry_earnings,Hist Sales Growth,6.19%,13.15%
mining-non-ferrous-117,mining non ferrous,industry_earnings,Hist Dividend Growth,3.80%,0.00%
mining-non-ferrous-117,mining non ferrous,financial_ratios,Beta,0.94,1.27
mining-non-ferrous-117,mining non ferrous,financial_ratios,ROE,17.83,10.63
mining-non-ferrous-117,mining non ferrous,financial_ratios,ROA,7.54,5.69
mining-non-ferrous-117,mining non ferrous,financial_ratios,ROI,11.97,8.31
mining-non-ferrous-117,mining non ferrous,financial_ratios,Debt-to-Equity,0.56,0.50
mining-non-ferrous-117,mining non ferrous,financial_ratios,Current Ratio,1.19,2.28
mining-non-ferrous-117,mining non ferrous,financial_ratios,Cash Flow ($/share),"3,065.15",63.65
mining-non-ferrous-117,mining non ferrous,financial_ratios,Price to Book,3.80,3.28
mining-non-ferrous-117,mining non ferrous,financial_ratios,Price To Sales,2.96,4.57
mining-non-ferrous-117,mining non ferrous,financial_ratios,Dividend Yield,1.44%,0.00%
mining-silver-118,mining silver,performance,1 Month,0.55,-10.02
mining-silver-118,mining silver,performance,3 Months,2.73,2.85
mining-silver-118,mining silver,performance,YTD,12.91,-12.45
mining-silver-118,mining silver,performance,1 Year,15.47,17.22
mining-silver-118,mining silver,performance,3 Years,84.19,281.83
mining-silver-118,mining silver,performance,5 Years,84.39,134.31
mining-silver-118,mining silver,industry_earnings,PE (F1),17.13,11.80
mining-silver-118,mining silver,industry_earnings,PEG (Ratio),1.73,4.42
mining-silver-118,mining silver,industry_earnings,Proj EPS Growth,11.19%,50.04%
mining-silver-118,mining silver,industry_earnings,Hist EPS Growth,7.03%,58.91%
mining-silver-118,mining silver,industry_earnings,Net Margin,12.94%,21.01%
mining-silver-118,mining silver,industry_earnings,Hist Sales Growth,6.19%,21.93%
mining-silver-118,mining silver,industry_earnings,Hist Dividend Growth,3.80%,0.00%
mining-silver-118,mining silver,financial_ratios,Beta,0.94,1.05
mining-silver-118,mining silver,financial_ratios,ROE,17.83,18.19
mining-silver-118,mining silver,financial_ratios,ROA,7.54,9.35
mining-silver-118,mining silver,financial_ratios,ROI,11.97,15.28
mining-silver-118,mining silver,financial_ratios,Debt-to-Equity,0.56,0.05
mining-silver-118,mining silver,financial_ratios,Current Ratio,1.19,5.53
mining-silver-118,mining silver,financial_ratios,Cash Flow ($/share),"3,065.15",201.57
mining-silver-118,mining silver,financial_ratios,Price to Book,3.80,3.44
mining-silver-118,mining silver,financial_ratios,Price To Sales,2.96,4.81
mining-silver-118,mining silver,financial_ratios,Dividend Yield,1.44%,0.00%
nanotechnology-274,nanotechnology,performance,1 Month,0.55,22.34
nanotechnology-274,nanotechnology,performance,3 Months,2.73,-10.05
nanotechnology-274,nanotechnology,performance,YTD,12.91,101.15
nanotechnology-274,nanotechnology,performance,1 Year,15.47,131.16
nanotechnology-274,nanotechnology,performance,3 Years,84.19,133.64
nanotechnology-274,nanotechnology,performance,5 Years,84.39,263.83
nanotechnology-274,nanotechnology,industry_earnings,PE (F1),17.13,39.16
nanotechnology-274,nanotechnology,industry_earnings,PEG (Ratio),1.73,1.03
nanotechnology-274,nanotechnology,industry_earnings,Proj EPS Growth,11.19%,62.75%
nanotechnology-274,nanotechnology,industry_earnings,Hist EPS Growth,7.03%,5.58%
nanotechnology-274,nanotechnology,industry_earnings,Net Margin,12.94%,-61.67%
nanotechnology-274,nanotechnology,industry_earnings,Hist Sales Growth,6.19%,31.26%
nanotechnology-274,nanotechnology,industry_earnings,Hist Dividend Growth,3.80%,0.00%
nanotechnology-274,nanotechnology,financial_ratios,Beta,0.94,0.85
nanotechnology-274,nanotechnology,financial_ratios,ROE,17.83,-5.74
nanotechnology-274,nanotechnology,financial_ratios,ROA,7.54,-5.60
nanotechnology-274,nanotechnology,financial_ratios,ROI,11.97,-6.76
nanotechnology-274,nanotechnology,financial_ratios,Debt-to-Equity,0.56,0.38
nanotechnology-274,nanotechnology,financial_ratios,Current Ratio,1.19,10.20
nanotechnology-274,nanotechnology,financial_ratios,Cash Flow ($/share),"3,065.15",0.45
nanotechnology-274,nanotechnology,financial_ratios,Price to Book,3.80,4.44
nanotechnology-274,nanotechnology,financial_ratios,Price To Sales,2.96,2.83
nanotechnology-274,nanotechnology,financial_ratios,Dividend Yield,1.44%,0.00%
office-automation-and-equipment-124,office automation and equipment,performance,1 Month,0.55,-2.92
office-automation-and-equipment-124,office automation and equipment,performance,3 Months,2.73,-5.41
office-automation-and-equipment-124,office automation and equipment,performance,YTD,12.91,57.14
office-automation-and-equipment-124,office automation and equipment,performance,1 Year,15.47,46.21
office-automation-and-equipment-124,office automation and equipment,performance,3 Years,84.19,450.00
office-automation-and-equipment-124,office automation and equipment,performance,5 Years,84.39,120.58
office-automation-and-equipment-124,office automation and equipment,industry_earnings,PE (F1),17.13,11.91
office-automation-and-equipment-124,office automation and equipment,industry_earnings,PEG (Ratio),1.73,0.67
office-automation-and-equipment-124,office automation and equipment,industry_earnings,Proj EPS Growth,11.19%,15.77%
office-automation-and-equipment-124,office automation and equipment,industry_earnings,Hist EPS Growth,7.03%,21.60%
office-automation-and-equipment-124,office automation and equipment,industry_earnings,Net Margin,12.94%,5.23%
office-automation-and-equipment-124,office automation and equipment,industry_earnings,Hist Sales Growth,6.19%,-1.31%
office-automation-and-equipment-124,office automation and equipment,industry_earnings,Hist Dividend Growth,3.80%,-7.58%
office-automation-and-equipment-124,office automation and equipment,financial_ratios,Beta,0.94,0.66
office-automation-and-equipment-124,office automation and equipment,financial_ratios,ROE,17.83,4.98
office-automation-and-equipment-124,office automation and equipment,financial_ratios,ROA,7.54,4.40
office-automation-and-equipment-124,office automation and equipment,financial_ratios,ROI,11.97,7.08
office-automation-and-equipment-124,office automation and equipment,financial_ratios,Debt-to-Equity,0.56,0.20
office-automation-and-equipment-124,office automation and equipment,financial_ratios,Current Ratio,1.19,1.52
office-automation-and-equipment-124,office automation and equipment,financial_ratios,Cash Flow ($/share),"3,065.15",605.11
office-automation-and-equipment-124,office automation and equipment,financial_ratios,Price to Book,3.80,0.95
office-automation-and-equipment-124,office automation and equipment,financial_ratios,Price To Sales,2.96,0.84
office-automation-and-equipment-124,office automation and equipment,financial_ratios,Dividend Yield,1.44%,1.40%
office-supplies-125,office supplies,performance,1 Month,0.55,3.62
office-supplies-125,office supplies,performance,3 Months,2.73,2.78
office-supplies-125,office supplies,performance,YTD,12.91,27.07
office-supplies-125,office supplies,performance,1 Year,15.47,-0.47
office-supplies-125,office supplies,performance,3 Years,84.19,-61.81
office-supplies-125,office supplies,performance,5 Years,84.39,-69.73
office-supplies-125,office supplies,industry_earnings,PE (F1),17.13,18.47
office-supplies-125,office supplies,industry_earnings,PEG (Ratio),1.73,
office-supplies-125,office supplies,industry_earnings,Proj EPS Growth,11.19%,128.33%
office-supplies-125,office supplies,industry_earnings,Hist EPS Growth,7.03%,2.94%
office-supplies-125,office supplies,industry_earnings,Net Margin,12.94%,9.81%
office-supplies-125,office supplies,industry_earnings,Hist Sales Growth,6.19%,-0.80%
office-supplies-125,office supplies,industry_earnings,Hist Dividend Growth,3.80%,0.00%
office-supplies-125,office supplies,financial_ratios,Beta,0.94,0.84
office-supplies-125,office supplies,financial_ratios,ROE,17.83,15.67
office-supplies-125,office supplies,financial_ratios,ROA,7.54,10.87
office-supplies-125,office supplies,financial_ratios,ROI,11.97,12.64
office-supplies-125,office supplies,financial_ratios,Debt-to-Equity,0.56,0.00
office-supplies-125,office supplies,financial_ratios,Current Ratio,1.19,3.53
office-supplies-125,office supplies,financial_ratios,Cash Flow ($/share),"3,065.15",59.75
office-supplies-125,office supplies,financial_ratios,Price to Book,3.80,1.84
office-supplies-125,office supplies,financial_ratios,Price To Sales,2.96,1.44
office-supplies-125,office supplies,financial_ratios,Dividend Yield,1.44%,3.30%
oil-and-gas-drilling-134,oil and gas drilling,performance,1 Month,0.55,-11.54
oil-and-gas-drilling-134,oil and gas drilling,performance,3 Months,2.73,13.48
oil-and-gas-drilling-134,oil and gas drilling,performance,YTD,12.91,40.95
oil-and-gas-drilling-134,oil and gas drilling,performance,1 Year,15.47,54.89
oil-and-gas-drilling-134,oil and gas drilling,performance,3 Years,84.19,-29.76
oil-and-gas-drilling-134,oil and gas drilling,performance,5 Years,84.39,23.70
oil-and-gas-drilling-134,oil and gas drilling,industry_earnings,PE (F1),17.13,24.48
oil-and-gas-drilling-134,oil and gas drilling,industry_earnings,PEG (Ratio),1.73,2.48
oil-and-gas-drilling-134,oil and gas drilling,industry_earnings,Proj EPS Growth,11.19%,61.53%
oil-and-gas-drilling-134,oil and gas drilling,industry_earnings,Hist EPS Growth,7.03%,11.24%
oil-and-gas-drilling-134,oil and gas drilling,industry_earnings,Net Margin,12.94%,-0.81%
oil-and-gas-drilling-134,oil and gas drilling,industry_earnings,Hist Sales Growth,6.19%,12.86%
oil-and-gas-drilling-134,oil and gas drilling,industry_earnings,Hist Dividend Growth,3.80%,0.00%
oil-and-gas-drilling-134,oil and gas drilling,financial_ratios,Beta,0.94,1.04
oil-and-gas-drilling-134,oil and gas drilling,financial_ratios,ROE,17.83,0.64
oil-and-gas-drilling-134,oil and gas drilling,financial_ratios,ROA,7.54,-0.26
oil-and-gas-drilling-134,oil and gas drilling,financial_ratios,ROI,11.97,0.52
oil-and-gas-drilling-134,oil and gas drilling,financial_ratios,Debt-to-Equity,0.56,0.41
oil-and-gas-drilling-134,oil and gas drilling,financial_ratios,Current Ratio,1.19,1.75
oil-and-gas-drilling-134,oil and gas drilling,financial_ratios,Cash Flow ($/share),"3,065.15",467.00
oil-and-gas-drilling-134,oil and gas drilling,financial_ratios,Price to Book,3.80,1.39
oil-and-gas-drilling-134,oil and gas drilling,financial_ratios,Price To Sales,2.96,1.42
oil-and-gas-drilling-134,oil and gas drilling,financial_ratios,Dividend Yield,1.44%,0.00%
oil-and-gas-exploration-and-production-canadian-129,oil and gas exploration and production canadian,performance,1 Month,0.55,-8.11
oil-and-gas-exploration-and-production-canadian-129,oil and gas exploration and production canadian,performance,3 Months,2.73,21.52
oil-and-gas-exploration-and-production-canadian-129,oil and gas exploration and production canadian,performance,YTD,12.91,45.34
oil-and-gas-exploration-and-production-canadian-129,oil and gas exploration and production canadian,performance,1 Year,15.47,54.17
oil-and-gas-exploration-and-production-canadian-129,oil and gas exploration and production canadian,performance,3 Years,84.19,47.49
oil-and-gas-exploration-and-production-canadian-129,oil and gas exploration and production canadian,performance,5 Years,84.39,95.52
oil-and-gas-exploration-and-production-canadian-129,oil and gas exploration and production canadian,industry_earnings,PE (F1),17.13,12.16
oil-and-gas-exploration-and-production-canadian-129,oil and gas exploration and production canadian,industry_earnings,PEG (Ratio),1.73,
oil-and-gas-exploration-and-production-canadian-129,oil and gas exploration and production canadian,industry_earnings,Proj EPS Growth,11.19%,50.53%
oil-and-gas-exploration-and-production-canadian-129,oil and gas exploration and production canadian,industry_earnings,Hist EPS Growth,7.03%,-29.26%
oil-and-gas-exploration-and-production-canadian-129,oil and gas exploration and production canadian,industry_earnings,Net Margin,12.94%,5.34%
oil-and-gas-exploration-and-production-canadian-129,oil and gas exploration and production canadian,industry_earnings,Hist Sales Growth,6.19%,-1.00%
oil-and-gas-exploration-and-production-canadian-129,oil and gas exploration and production canadian,industry_earnings,Hist Dividend Growth,3.80%,0.00%
oil-and-gas-exploration-and-production-canadian-129,oil and gas exploration and production canadian,financial_ratios,Beta,0.94,0.39
oil-and-gas-exploration-and-production-canadian-129,oil and gas exploration and production canadian,financial_ratios,ROE,17.83,4.23
oil-and-gas-exploration-and-production-canadian-129,oil and gas exploration and production canadian,financial_ratios,ROA,7.54,1.54
oil-and-gas-exploration-and-production-canadian-129,oil and gas exploration and production canadian,financial_ratios,ROI,11.97,2.94
oil-and-gas-exploration-and-production-canadian-129,oil and gas exploration and production canadian,financial_ratios,Debt-to-Equity,0.56,0.25
oil-and-gas-exploration-and-production-canadian-129,oil and gas exploration and production canadian,financial_ratios,Current Ratio,1.19,0.99
oil-and-gas-exploration-and-production-canadian-129,oil and gas exploration and production canadian,financial_ratios,Cash Flow ($/share),"3,065.15",234.58
oil-and-gas-exploration-and-production-canadian-129,oil and gas exploration and production canadian,financial_ratios,Price to Book,3.80,1.43
oil-and-gas-exploration-and-production-canadian-129,oil and gas exploration and production canadian,financial_ratios,Price To Sales,2.96,1.66
oil-and-gas-exploration-and-production-canadian-129,oil and gas exploration and production canadian,financial_ratios,Dividend Yield,1.44%,0.00%
oil-and-gas-exploration-and-production-international-222,oil and gas exploration and production international,performance,1 Month,0.55,-11.05
oil-and-gas-exploration-and-production-international-222,oil and gas exploration and production international,performance,3 Months,2.73,25.75
oil-and-gas-exploration-and-production-international-222,oil and gas exploration and production international,performance,YTD,12.91,61.62
oil-and-gas-exploration-and-production-international-222,oil and gas exploration and production international,performance,1 Year,15.47,35.80
oil-and-gas-exploration-and-production-international-222,oil and gas exploration and production international,performance,3 Years,84.19,-49.39
oil-and-gas-exploration-and-production-international-222,oil and gas exploration and production international,performance,5 Years,84.39,-6.71
oil-and-gas-exploration-and-production-international-222,oil and gas exploration and production international,industry_earnings,PE (F1),17.13,7.85
oil-and-gas-exploration-and-production-international-222,oil and gas exploration and production international,industry_earnings,PEG (Ratio),1.73,0.17
oil-and-gas-exploration-and-production-international-222,oil and gas exploration and production international,industry_earnings,Proj EPS Growth,11.19%,100.09%
oil-and-gas-exploration-and-production-international-222,oil and gas exploration and production international,industry_earnings,Hist EPS Growth,7.03%,-13.89%
oil-and-gas-exploration-and-production-international-222,oil and gas exploration and production international,industry_earnings,Net Margin,12.94%,-26.80%
oil-and-gas-exploration-and-production-international-222,oil and gas exploration and production international,industry_earnings,Hist Sales Growth,6.19%,-1.77%
oil-and-gas-exploration-and-production-international-222,oil and gas exploration and production international,industry_earnings,Hist Dividend Growth,3.80%,0.00%
oil-and-gas-exploration-and-production-international-222,oil and gas exploration and production international,financial_ratios,Beta,0.94,0.21
oil-and-gas-exploration-and-production-international-222,oil and gas exploration and production international,financial_ratios,ROE,17.83,-4.55
oil-and-gas-exploration-and-production-international-222,oil and gas exploration and production international,financial_ratios,ROA,7.54,-0.17
oil-and-gas-exploration-and-production-international-222,oil and gas exploration and production international,financial_ratios,ROI,11.97,-0.05
oil-and-gas-exploration-and-production-international-222,oil and gas exploration and production international,financial_ratios,Debt-to-Equity,0.56,0.61
oil-and-gas-exploration-and-production-international-222,oil and gas exploration and production international,financial_ratios,Current Ratio,1.19,0.85
oil-and-gas-exploration-and-production-international-222,oil and gas exploration and production international,financial_ratios,Cash Flow ($/share),"3,065.15",158.47
oil-and-gas-exploration-and-production-international-222,oil and gas exploration and production international,financial_ratios,Price to Book,3.80,0.86
oil-and-gas-exploration-and-production-international-222,oil and gas exploration and production international,financial_ratios,Price To Sales,2.96,1.49
oil-and-gas-exploration-and-production-international-222,oil and gas exploration and production international,financial_ratios,Dividend Yield,1.44%,0.00%
oil-and-gas-exploration-and-production-united-states-136,oil and gas exploration and production united states,performance,1 Month,0.55,-8.16
oil-and-gas-exploration-and-production-united-states-136,oil and gas exploration and production united states,performance,3 Months,2.73,9.97
oil-and-gas-exploration-and-production-united-states-136,oil and gas exploration and production united states,performance,YTD,12.91,24.37
oil-and-gas-exploration-and-production-united-states-136,oil and gas exploration and production united states,performance,1 Year,15.47,12.76
oil-and-gas-exploration-and-production-united-states-136,oil and gas exploration and production united states,performance,3 Years,84.19,-14.16
oil-and-gas-exploration-and-production-united-states-136,oil and gas exploration and production united states,performance,5 Years,84.39,23.84
oil-and-gas-exploration-and-production-united-states-136,oil and gas exploration and production united states,industry_earnings,PE (F1),17.13,9.04
oil-and-gas-exploration-and-production-united-states-136,oil and gas exploration and production united states,industry_earnings,PEG (Ratio),1.73,0.75
oil-and-gas-exploration-and-production-united-states-136,oil and gas exploration and production united states,industry_earnings,Proj EPS Growth,11.19%,42.31%
oil-and-gas-exploration-and-production-united-states-136,oil and gas exploration and production united states,industry_earnings,Hist EPS Growth,7.03%,-3.35%
oil-and-gas-exploration-and-production-united-states-136,oil and gas exploration and production united states,industry_earnings,Net Margin,12.94%,13.50%
oil-and-gas-exploration-and-production-united-states-136,oil and gas exploration and production united states,industry_earnings,Hist Sales Growth,6.19%,1.94%
oil-and-gas-exploration-and-production-united-states-136,oil and gas exploration and production united states,industry_earnings,Hist Dividend Growth,3.80%,0.00%
oil-and-gas-exploration-and-production-united-states-136,oil and gas exploration and production united states,financial_ratios,Beta,0.94,0.44
oil-and-gas-exploration-and-production-united-states-136,oil and gas exploration and production united states,financial_ratios,ROE,17.83,10.67
oil-and-gas-exploration-and-production-united-states-136,oil and gas exploration and production united states,financial_ratios,ROA,7.54,6.20
oil-and-gas-exploration-and-production-united-states-136,oil and gas exploration and production united states,financial_ratios,ROI,11.97,7.75
oil-and-gas-exploration-and-production-united-states-136,oil and gas exploration and production united states,financial_ratios,Debt-to-Equity,0.56,0.24
oil-and-gas-exploration-and-production-united-states-136,oil and gas exploration and production united states,financial_ratios,Current Ratio,1.19,0.95
oil-and-gas-exploration-and-production-united-states-136,oil and gas exploration and production united states,financial_ratios,Cash Flow ($/share),"3,065.15",201.94
oil-and-gas-exploration-and-production-united-states-136,oil and gas exploration and production united states,financial_ratios,Price to Book,3.80,1.36
oil-and-gas-exploration-and-production-united-states-136,oil and gas exploration and production united states,financial_ratios,Price To Sales,2.96,1.79
oil-and-gas-exploration-and-production-united-states-136,oil and gas exploration and production united states,financial_ratios,Dividend Yield,1.44%,0.00%
oil-and-gas-field-services-131,oil and gas field services,performance,1 Month,0.55,-12.18
oil-and-gas-field-services-131,oil and gas field services,performance,3 Months,2.73,-0.46
oil-and-gas-field-services-131,oil and gas field services,performance,YTD,12.91,22.39
oil-and-gas-field-services-131,oil and gas field services,performance,1 Year,15.47,26.70
oil-and-gas-field-services-131,oil and gas field services,performance,3 Years,84.19,30.58
oil-and-gas-field-services-131,oil and gas field services,performance,5 Years,84.39,111.65
oil-and-gas-field-services-131,oil and gas field services,industry_earnings,PE (F1),17.13,21.12
oil-and-gas-field-services-131,oil and gas field services,industry_earnings,PEG (Ratio),1.73,1.84
oil-and-gas-field-services-131,oil and gas field services,industry_earnings,Proj EPS Growth,11.19%,0.13%
oil-and-gas-field-services-131,oil and gas field services,industry_earnings,Hist EPS Growth,7.03%,30.70%
oil-and-gas-field-services-131,oil and gas field services,industry_earnings,Net Margin,12.94%,2.92%
oil-and-gas-field-services-131,oil and gas field services,industry_earnings,Hist Sales Growth,6.19%,9.29%
oil-and-gas-field-services-131,oil and gas field services,industry_earnings,Hist Dividend Growth,3.80%,0.00%
oil-and-gas-field-services-131,oil and gas field services,financial_ratios,Beta,0.94,0.86
oil-and-gas-field-services-131,oil and gas field services,financial_ratios,ROE,17.83,6.99
oil-and-gas-field-services-131,oil and gas field services,financial_ratios,ROA,7.54,4.14
oil-and-gas-field-services-131,oil and gas field services,financial_ratios,ROI,11.97,5.84
oil-and-gas-field-services-131,oil and gas field services,financial_ratios,Debt-to-Equity,0.56,0.41
oil-and-gas-field-services-131,oil and gas field services,financial_ratios,Current Ratio,1.19,1.99
oil-and-gas-field-services-131,oil and gas field services,financial_ratios,Cash Flow ($/share),"3,065.15",74.90
oil-and-gas-field-services-131,oil and gas field services,financial_ratios,Price to Book,3.80,2.26
oil-and-gas-field-services-131,oil and gas field services,financial_ratios,Price To Sales,2.96,1.17
oil-and-gas-field-services-131,oil and gas field services,financial_ratios,Dividend Yield,1.44%,0.00%
oil-and-gas-integrated-canadian-130,oil and gas integrated canadian,performance,1 Month,0.55,-1.85
oil-and-gas-integrated-canadian-130,oil and gas integrated canadian,performance,3 Months,2.73,29.07
oil-and-gas-integrated-canadian-130,oil and gas integrated canadian,performance,YTD,12.91,67.56
oil-and-gas-integrated-canadian-130,oil and gas integrated canadian,performance,1 Year,15.47,72.96
oil-and-gas-integrated-canadian-130,oil and gas integrated canadian,performance,3 Years,84.19,75.32
oil-and-gas-integrated-canadian-130,oil and gas integrated canadian,performance,5 Years,84.39,215.65
oil-and-gas-integrated-canadian-130,oil and gas integrated canadian,industry_earnings,PE (F1),17.13,10.24
oil-and-gas-integrated-canadian-130,oil and gas integrated canadian,industry_earnings,PEG (Ratio),1.73,0.50
oil-and-gas-integrated-canadian-130,oil and gas integrated canadian,industry_earnings,Proj EPS Growth,11.19%,103.62%
oil-and-gas-integrated-canadian-130,oil and gas integrated canadian,industry_earnings,Hist EPS Growth,7.03%,9.71%
oil-and-gas-integrated-canadian-130,oil and gas integrated canadian,industry_earnings,Net Margin,12.94%,10.20%
oil-and-gas-integrated-canadian-130,oil and gas integrated canadian,industry_earnings,Hist Sales Growth,6.19%,0.84%
oil-and-gas-integrated-canadian-130,oil and gas integrated canadian,industry_earnings,Hist Dividend Growth,3.80%,6.75%
oil-and-gas-integrated-canadian-130,oil and gas integrated canadian,financial_ratios,Beta,0.94,0.52
oil-and-gas-integrated-canadian-130,oil and gas integrated canadian,financial_ratios,ROE,17.83,20.57
oil-and-gas-integrated-canadian-130,oil and gas integrated canadian,financial_ratios,ROA,7.54,10.43
oil-and-gas-integrated-canadian-130,oil and gas integrated canadian,financial_ratios,ROI,11.97,16.51
oil-and-gas-integrated-canadian-130,oil and gas integrated canadian,financial_ratios,Debt-to-Equity,0.56,0.22
oil-and-gas-integrated-canadian-130,oil and gas integrated canadian,financial_ratios,Current Ratio,1.19,1.51
oil-and-gas-integrated-canadian-130,oil and gas integrated canadian,financial_ratios,Cash Flow ($/share),"3,065.15","5,725.50"
oil-and-gas-integrated-canadian-130,oil and gas integrated canadian,financial_ratios,Price to Book,3.80,2.88
oil-and-gas-integrated-canadian-130,oil and gas integrated canadian,financial_ratios,Price To Sales,2.96,1.54
oil-and-gas-integrated-canadian-130,oil and gas integrated canadian,financial_ratios,Dividend Yield,1.44%,2.26%
oil-and-gas-integrated-emerging-markets-223,oil and gas integrated emerging markets,performance,1 Month,0.55,5.05
oil-and-gas-integrated-emerging-markets-223,oil and gas integrated emerging markets,performance,3 Months,2.73,31.95
oil-and-gas-integrated-emerging-markets-223,oil and gas integrated emerging markets,performance,YTD,12.91,69.65
oil-and-gas-integrated-emerging-markets-223,oil and gas integrated emerging markets,performance,1 Year,15.47,62.86
oil-and-gas-integrated-emerging-markets-223,oil and gas integrated emerging markets,performance,3 Years,84.19,39.46
oil-and-gas-integrated-emerging-markets-223,oil and gas integrated emerging markets,performance,5 Years,84.39,84.02
oil-and-gas-integrated-emerging-markets-223,oil and gas integrated emerging markets,industry_earnings,PE (F1),17.13,
oil-and-gas-integrated-emerging-markets-223,oil and gas integrated emerging markets,industry_earnings,PEG (Ratio),1.73,
oil-and-gas-integrated-emerging-markets-223,oil and gas integrated emerging markets,industry_earnings,Proj EPS Growth,11.19%,
oil-and-gas-integrated-emerging-markets-223,oil and gas integrated emerging markets,industry_earnings,Hist EPS Growth,7.03%,
oil-and-gas-integrated-emerging-markets-223,oil and gas integrated emerging markets,industry_earnings,Net Margin,12.94%,
oil-and-gas-integrated-emerging-markets-223,oil and gas integrated emerging markets,industry_earnings,Hist Sales Growth,6.19%,
oil-and-gas-integrated-emerging-markets-223,oil and gas integrated emerging markets,industry_earnings,Hist Dividend Growth,3.80%,
oil-and-gas-integrated-emerging-markets-223,oil and gas integrated emerging markets,financial_ratios,Beta,0.94,
oil-and-gas-integrated-emerging-markets-223,oil and gas integrated emerging markets,financial_ratios,ROE,17.83,
oil-and-gas-integrated-emerging-markets-223,oil and gas integrated emerging markets,financial_ratios,ROA,7.54,
oil-and-gas-integrated-emerging-markets-223,oil and gas integrated emerging markets,financial_ratios,ROI,11.97,
oil-and-gas-integrated-emerging-markets-223,oil and gas integrated emerging markets,financial_ratios,Debt-to-Equity,0.56,
oil-and-gas-integrated-emerging-markets-223,oil and gas integrated emerging markets,financial_ratios,Current Ratio,1.19,
oil-and-gas-integrated-emerging-markets-223,oil and gas integrated emerging markets,financial_ratios,Cash Flow ($/share),"3,065.15",
oil-and-gas-integrated-emerging-markets-223,oil and gas integrated emerging markets,financial_ratios,Price to Book,3.80,
oil-and-gas-integrated-emerging-markets-223,oil and gas integrated emerging markets,financial_ratios,Price To Sales,2.96,
oil-and-gas-integrated-emerging-markets-223,oil and gas integrated emerging markets,financial_ratios,Dividend Yield,1.44%,
oil-and-gas-integrated-international-132,oil and gas integrated international,performance,1 Month,0.55,-1.06
oil-and-gas-integrated-international-132,oil and gas integrated international,performance,3 Months,2.73,21.48
oil-and-gas-integrated-international-132,oil and gas integrated international,performance,YTD,12.91,35.98
oil-and-gas-integrated-international-132,oil and gas integrated international,performance,1 Year,15.47,41.20
oil-and-gas-integrated-international-132,oil and gas integrated international,performance,3 Years,84.19,37.19
oil-and-gas-integrated-international-132,oil and gas integrated international,performance,5 Years,84.39,109.26
oil-and-gas-integrated-international-132,oil and gas integrated international,industry_earnings,PE (F1),17.13,7.84
oil-and-gas-integrated-international-132,oil and gas integrated international,industry_earnings,PEG (Ratio),1.73,0.62
oil-and-gas-integrated-international-132,oil and gas integrated international,industry_earnings,Proj EPS Growth,11.19%,76.78%
oil-and-gas-integrated-international-132,oil and gas integrated international,industry_earnings,Hist EPS Growth,7.03%,-2.69%
oil-and-gas-integrated-international-132,oil and gas integrated international,industry_earnings,Net Margin,12.94%,8.88%
oil-and-gas-integrated-international-132,oil and gas integrated international,industry_earnings,Hist Sales Growth,6.19%,-2.02%
oil-and-gas-integrated-international-132,oil and gas integrated international,industry_earnings,Hist Dividend Growth,3.80%,0.00%
oil-and-gas-integrated-international-132,oil and gas integrated international,financial_ratios,Beta,0.94,0.29
oil-and-gas-integrated-international-132,oil and gas integrated international,financial_ratios,ROE,17.83,11.27
oil-and-gas-integrated-international-132,oil and gas integrated international,financial_ratios,ROA,7.54,5.42
oil-and-gas-integrated-international-132,oil and gas integrated international,financial_ratios,ROI,11.97,8.25
oil-and-gas-integrated-international-132,oil and gas integrated international,financial_ratios,Debt-to-Equity,0.56,0.45
oil-and-gas-integrated-international-132,oil and gas integrated international,financial_ratios,Current Ratio,1.19,1.24
oil-and-gas-integrated-international-132,oil and gas integrated international,financial_ratios,Cash Flow ($/share),"3,065.15","2,329.31"
oil-and-gas-integrated-international-132,oil and gas integrated international,financial_ratios,Price to Book,3.80,1.53
oil-and-gas-integrated-international-132,oil and gas integrated international,financial_ratios,Price To Sales,2.96,0.97
oil-and-gas-integrated-international-132,oil and gas integrated international,financial_ratios,Dividend Yield,1.44%,0.00%
oil-and-gas-integrated-united-states-137,oil and gas integrated united states,performance,1 Month,0.55,-6.70
oil-and-gas-integrated-united-states-137,oil and gas integrated united states,performance,3 Months,2.73,17.04
oil-and-gas-integrated-united-states-137,oil and gas integrated united states,performance,YTD,12.91,30.55
oil-and-gas-integrated-united-states-137,oil and gas integrated united states,performance,1 Year,15.47,21.51
oil-and-gas-integrated-united-states-137,oil and gas integrated united states,performance,3 Years,84.19,-1.36
oil-and-gas-integrated-united-states-137,oil and gas integrated united states,performance,5 Years,84.39,63.14
oil-and-gas-integrated-united-states-137,oil and gas integrated united states,industry_earnings,PE (F1),17.13,19.30
oil-and-gas-integrated-united-states-137,oil and gas integrated united states,industry_earnings,PEG (Ratio),1.73,1.68
oil-and-gas-integrated-united-states-137,oil and gas integrated united states,industry_earnings,Proj EPS Growth,11.19%,21.13%
oil-and-gas-integrated-united-states-137,oil and gas integrated united states,industry_earnings,Hist EPS Growth,7.03%,0.48%
oil-and-gas-integrated-united-states-137,oil and gas integrated united states,industry_earnings,Net Margin,12.94%,16.49%
oil-and-gas-integrated-united-states-137,oil and gas integrated united states,industry_earnings,Hist Sales Growth,6.19%,3.75%
oil-and-gas-integrated-united-states-137,oil and gas integrated united states,industry_earnings,Hist Dividend Growth,3.80%,0.00%
oil-and-gas-integrated-united-states-137,oil and gas integrated united states,financial_ratios,Beta,0.94,0.56
oil-and-gas-integrated-united-states-137,oil and gas integrated united states,financial_ratios,ROE,17.83,8.65
oil-and-gas-integrated-united-states-137,oil and gas integrated united states,financial_ratios,ROA,7.54,4.62
oil-and-gas-integrated-united-states-137,oil and gas integrated united states,financial_ratios,ROI,11.97,5.70
oil-and-gas-integrated-united-states-137,oil and gas integrated united states,financial_ratios,Debt-to-Equity,0.56,0.47
oil-and-gas-integrated-united-states-137,oil and gas integrated united states,financial_ratios,Current Ratio,1.19,1.41
oil-and-gas-integrated-united-states-137,oil and gas integrated united states,financial_ratios,Cash Flow ($/share),"3,065.15",110.06
oil-and-gas-integrated-united-states-137,oil and gas integrated united states,financial_ratios,Price to Book,3.80,1.88
oil-and-gas-integrated-united-states-137,oil and gas integrated united states,financial_ratios,Price To Sales,2.96,2.84
oil-and-gas-integrated-united-states-137,oil and gas integrated united states,financial_ratios,Dividend Yield,1.44%,0.30%
oil-and-gas-mechanical-and-and-equipment-127,oil and gas mechanical and and equipment,performance,1 Month,0.55,-5.00
oil-and-gas-mechanical-and-and-equipment-127,oil and gas mechanical and and equipment,performance,3 Months,2.73,-5.41
oil-and-gas-mechanical-and-and-equipment-127,oil and gas mechanical and and equipment,performance,YTD,12.91,32.08
oil-and-gas-mechanical-and-and-equipment-127,oil and gas mechanical and and equipment,performance,1 Year,15.47,45.88
oil-and-gas-mechanical-and-and-equipment-127,oil and gas mechanical and and equipment,performance,3 Years,84.19,34.44
oil-and-gas-mechanical-and-and-equipment-127,oil and gas mechanical and and equipment,performance,5 Years,84.39,94.47
oil-and-gas-mechanical-and-and-equipment-127,oil and gas mechanical and and equipment,industry_earnings,PE (F1),17.13,19.74
oil-and-gas-mechanical-and-and-equipment-127,oil and gas mechanical and and equipment,industry_earnings,PEG (Ratio),1.73,0.78
oil-and-gas-mechanical-and-and-equipment-127,oil and gas mechanical and and equipment,industry_earnings,Proj EPS Growth,11.19%,28.37%
oil-and-gas-mechanical-and-and-equipment-127,oil and gas mechanical and and equipment,industry_earnings,Hist EPS Growth,7.03%,46.56%
oil-and-gas-mechanical-and-and-equipment-127,oil and gas mechanical and and equipment,industry_earnings,Net Margin,12.94%,5.77%
oil-and-gas-mechanical-and-and-equipment-127,oil and gas mechanical and and equipment,industry_earnings,Hist Sales Growth,6.19%,19.19%
oil-and-gas-mechanical-and-and-equipment-127,oil and gas mechanical and and equipment,industry_earnings,Hist Dividend Growth,3.80%,0.00%
oil-and-gas-mechanical-and-and-equipment-127,oil and gas mechanical and and equipment,financial_ratios,Beta,0.94,0.92
oil-and-gas-mechanical-and-and-equipment-127,oil and gas mechanical and and equipment,financial_ratios,ROE,17.83,8.10
oil-and-gas-mechanical-and-and-equipment-127,oil and gas mechanical and and equipment,financial_ratios,ROA,7.54,3.70
oil-and-gas-mechanical-and-and-equipment-127,oil and gas mechanical and and equipment,financial_ratios,ROI,11.97,4.30
oil-and-gas-mechanical-and-and-equipment-127,oil and gas mechanical and and equipment,financial_ratios,Debt-to-Equity,0.56,0.42
oil-and-gas-mechanical-and-and-equipment-127,oil and gas mechanical and and equipment,financial_ratios,Current Ratio,1.19,2.27
oil-and-gas-mechanical-and-and-equipment-127,oil and gas mechanical and and equipment,financial_ratios,Cash Flow ($/share),"3,065.15",64.13
oil-and-gas-mechanical-and-and-equipment-127,oil and gas mechanical and and equipment,financial_ratios,Price to Book,3.80,1.08
oil-and-gas-mechanical-and-and-equipment-127,oil and gas mechanical and and equipment,financial_ratios,Price To Sales,2.96,1.55
oil-and-gas-mechanical-and-and-equipment-127,oil and gas mechanical and and equipment,financial_ratios,Dividend Yield,1.44%,0.00%
oil-and-gas-production-and-pipelines-135,oil and gas production and pipelines,performance,1 Month,0.55,-6.95
oil-and-gas-production-and-pipelines-135,oil and gas production and pipelines,performance,3 Months,2.73,-5.13
oil-and-gas-production-and-pipelines-135,oil and gas production and pipelines,performance,YTD,12.91,8.28
oil-and-gas-production-and-pipelines-135,oil and gas production and pipelines,performance,1 Year,15.47,6.45
oil-and-gas-production-and-pipelines-135,oil and gas production and pipelines,performance,3 Years,84.19,65.90
oil-and-gas-production-and-pipelines-135,oil and gas production and pipelines,performance,5 Years,84.39,72.36
oil-and-gas-production-and-pipelines-135,oil and gas production and pipelines,industry_earnings,PE (F1),17.13,18.52
oil-and-gas-production-and-pipelines-135,oil and gas production and pipelines,industry_earnings,PEG (Ratio),1.73,1.77
oil-and-gas-production-and-pipelines-135,oil and gas production and pipelines,industry_earnings,Proj EPS Growth,11.19%,17.32%
oil-and-gas-production-and-pipelines-135,oil and gas production and pipelines,industry_earnings,Hist EPS Growth,7.03%,10.96%
oil-and-gas-production-and-pipelines-135,oil and gas production and pipelines,industry_earnings,Net Margin,12.94%,20.86%
oil-and-gas-production-and-pipelines-135,oil and gas production and pipelines,industry_earnings,Hist Sales Growth,6.19%,2.45%
oil-and-gas-production-and-pipelines-135,oil and gas production and pipelines,industry_earnings,Hist Dividend Growth,3.80%,0.34%
oil-and-gas-production-and-pipelines-135,oil and gas production and pipelines,financial_ratios,Beta,0.94,0.59
oil-and-gas-production-and-pipelines-135,oil and gas production and pipelines,financial_ratios,ROE,17.83,13.63
oil-and-gas-production-and-pipelines-135,oil and gas production and pipelines,financial_ratios,ROA,7.54,4.65
oil-and-gas-production-and-pipelines-135,oil and gas production and pipelines,financial_ratios,ROI,11.97,5.68
oil-and-gas-production-and-pipelines-135,oil and gas production and pipelines,financial_ratios,Debt-to-Equity,0.56,0.78
oil-and-gas-production-and-pipelines-135,oil and gas production and pipelines,financial_ratios,Current Ratio,1.19,0.89
oil-and-gas-production-and-pipelines-135,oil and gas production and pipelines,financial_ratios,Cash Flow ($/share),"3,065.15","1,105.00"
oil-and-gas-production-and-pipelines-135,oil and gas production and pipelines,financial_ratios,Price to Book,3.80,2.18
oil-and-gas-production-and-pipelines-135,oil and gas production and pipelines,financial_ratios,Price To Sales,2.96,3.06
oil-and-gas-production-and-pipelines-135,oil and gas production and pipelines,financial_ratios,Dividend Yield,1.44%,3.90%
oil-and-gas-production-pipeline-mlb-221,oil and gas production pipeline mlb,performance,1 Month,0.55,-8.12
oil-and-gas-production-pipeline-mlb-221,oil and gas production pipeline mlb,performance,3 Months,2.73,1.62
oil-and-gas-production-pipeline-mlb-221,oil and gas production pipeline mlb,performance,YTD,12.91,17.79
oil-and-gas-production-pipeline-mlb-221,oil and gas production pipeline mlb,performance,1 Year,15.47,18.42
oil-and-gas-production-pipeline-mlb-221,oil and gas production pipeline mlb,performance,3 Years,84.19,40.71
oil-and-gas-production-pipeline-mlb-221,oil and gas production pipeline mlb,performance,5 Years,84.39,72.73
oil-and-gas-production-pipeline-mlb-221,oil and gas production pipeline mlb,industry_earnings,PE (F1),17.13,13.57
oil-and-gas-production-pipeline-mlb-221,oil and gas production pipeline mlb,industry_earnings,PEG (Ratio),1.73,1.90
oil-and-gas-production-pipeline-mlb-221,oil and gas production pipeline mlb,industry_earnings,Proj EPS Growth,11.19%,15.58%
oil-and-gas-production-pipeline-mlb-221,oil and gas production pipeline mlb,industry_earnings,Hist EPS Growth,7.03%,5.15%
oil-and-gas-production-pipeline-mlb-221,oil and gas production pipeline mlb,industry_earnings,Net Margin,12.94%,7.29%
oil-and-gas-production-pipeline-mlb-221,oil and gas production pipeline mlb,industry_earnings,Hist Sales Growth,6.19%,6.13%
oil-and-gas-production-pipeline-mlb-221,oil and gas production pipeline mlb,industry_earnings,Hist Dividend Growth,3.80%,2.27%
oil-and-gas-production-pipeline-mlb-221,oil and gas production pipeline mlb,financial_ratios,Beta,0.94,0.59
oil-and-gas-production-pipeline-mlb-221,oil and gas production pipeline mlb,financial_ratios,ROE,17.83,11.55
oil-and-gas-production-pipeline-mlb-221,oil and gas production pipeline mlb,financial_ratios,ROA,7.54,4.59
oil-and-gas-production-pipeline-mlb-221,oil and gas production pipeline mlb,financial_ratios,ROI,11.97,5.96
oil-and-gas-production-pipeline-mlb-221,oil and gas production pipeline mlb,financial_ratios,Debt-to-Equity,0.56,1.34
oil-and-gas-production-pipeline-mlb-221,oil and gas production pipeline mlb,financial_ratios,Current Ratio,1.19,0.94
oil-and-gas-production-pipeline-mlb-221,oil and gas production pipeline mlb,financial_ratios,Cash Flow ($/share),"3,065.15","2,305.00"
oil-and-gas-production-pipeline-mlb-221,oil and gas production pipeline mlb,financial_ratios,Price to Book,3.80,1.42
oil-and-gas-production-pipeline-mlb-221,oil and gas production pipeline mlb,financial_ratios,Price To Sales,2.96,1.20
oil-and-gas-production-pipeline-mlb-221,oil and gas production pipeline mlb,financial_ratios,Dividend Yield,1.44%,5.60%
oil-and-gas-refining-and-marketing-128,oil and gas refining and marketing,performance,1 Month,0.55,5.96
oil-and-gas-refining-and-marketing-128,oil and gas refining and marketing,performance,3 Months,2.73,48.80
oil-and-gas-refining-and-marketing-128,oil and gas refining and marketing,performance,YTD,12.91,134.01
oil-and-gas-refining-and-marketing-128,oil and gas refining and marketing,performance,1 Year,15.47,115.92
oil-and-gas-refining-and-marketing-128,oil and gas refining and marketing,performance,3 Years,84.19,108.14
oil-and-gas-refining-and-marketing-128,oil and gas refining and marketing,performance,5 Years,84.39,224.75
oil-and-gas-refining-and-marketing-128,oil and gas refining and marketing,industry_earnings,PE (F1),17.13,8.67
oil-and-gas-refining-and-marketing-128,oil and gas refining and marketing,industry_earnings,PEG (Ratio),1.73,0.28
oil-and-gas-refining-and-marketing-128,oil and gas refining and marketing,industry_earnings,Proj EPS Growth,11.19%,193.76%
oil-and-gas-refining-and-marketing-128,oil and gas refining and marketing,industry_earnings,Hist EPS Growth,7.03%,1.06%
oil-and-gas-refining-and-marketing-128,oil and gas refining and marketing,industry_earnings,Net Margin,12.94%,5.30%
oil-and-gas-refining-and-marketing-128,oil and gas refining and marketing,industry_earnings,Hist Sales Growth,6.19%,-0.06%
oil-and-gas-refining-and-marketing-128,oil and gas refining and marketing,industry_earnings,Hist Dividend Growth,3.80%,0.00%
oil-and-gas-refining-and-marketing-128,oil and gas refining and marketing,financial_ratios,Beta,0.94,0.54
oil-and-gas-refining-and-marketing-128,oil and gas refining and marketing,financial_ratios,ROE,17.83,21.77
oil-and-gas-refining-and-marketing-128,oil and gas refining and marketing,financial_ratios,ROA,7.54,7.42
oil-and-gas-refining-and-marketing-128,oil and gas refining and marketing,financial_ratios,ROI,11.97,12.79
oil-and-gas-refining-and-marketing-128,oil and gas refining and marketing,financial_ratios,Debt-to-Equity,0.56,0.57
oil-and-gas-refining-and-marketing-128,oil and gas refining and marketing,financial_ratios,Current Ratio,1.19,1.32
oil-and-gas-refining-and-marketing-128,oil and gas refining and marketing,financial_ratios,Cash Flow ($/share),"3,065.15",895.00
oil-and-gas-refining-and-marketing-128,oil and gas refining and marketing,financial_ratios,Price to Book,3.80,2.54
oil-and-gas-refining-and-marketing-128,oil and gas refining and marketing,financial_ratios,Price To Sales,2.96,0.67
oil-and-gas-refining-and-marketing-128,oil and gas refining and marketing,financial_ratios,Dividend Yield,1.44%,1.18%
oil-and-gas-refining-and-marketing-master-limited-partnerships-220,oil and gas refining and marketing master limited partnerships,performance,1 Month,0.55,-6.53
oil-and-gas-refining-and-marketing-master-limited-partnerships-220,oil and gas refining and marketing master limited partnerships,performance,3 Months,2.73,6.70
oil-and-gas-refining-and-marketing-master-limited-partnerships-220,oil and gas refining and marketing master limited partnerships,performance,YTD,12.91,37.14
oil-and-gas-refining-and-marketing-master-limited-partnerships-220,oil and gas refining and marketing master limited partnerships,performance,1 Year,15.47,43.92
oil-and-gas-refining-and-marketing-master-limited-partnerships-220,oil and gas refining and marketing master limited partnerships,performance,3 Years,84.19,129.87
oil-and-gas-refining-and-marketing-master-limited-partnerships-220,oil and gas refining and marketing master limited partnerships,performance,5 Years,84.39,230.56
oil-and-gas-refining-and-marketing-master-limited-partnerships-220,oil and gas refining and marketing master limited partnerships,industry_earnings,PE (F1),17.13,11.30
oil-and-gas-refining-and-marketing-master-limited-partnerships-220,oil and gas refining and marketing master limited partnerships,industry_earnings,PEG (Ratio),1.73,1.32
oil-and-gas-refining-and-marketing-master-limited-partnerships-220,oil and gas refining and marketing master limited partnerships,industry_earnings,Proj EPS Growth,11.19%,33.32%
oil-and-gas-refining-and-marketing-master-limited-partnerships-220,oil and gas refining and marketing master limited partnerships,industry_earnings,Hist EPS Growth,7.03%,-2.91%
oil-and-gas-refining-and-marketing-master-limited-partnerships-220,oil and gas refining and marketing master limited partnerships,industry_earnings,Net Margin,12.94%,3.85%
oil-and-gas-refining-and-marketing-master-limited-partnerships-220,oil and gas refining and marketing master limited partnerships,industry_earnings,Hist Sales Growth,6.19%,-1.75%
oil-and-gas-refining-and-marketing-master-limited-partnerships-220,oil and gas refining and marketing master limited partnerships,industry_earnings,Hist Dividend Growth,3.80%,2.20%
oil-and-gas-refining-and-marketing-master-limited-partnerships-220,oil and gas refining and marketing master limited partnerships,financial_ratios,Beta,0.94,0.77
oil-and-gas-refining-and-marketing-master-limited-partnerships-220,oil and gas refining and marketing master limited partnerships,financial_ratios,ROE,17.83,18.78
oil-and-gas-refining-and-marketing-master-limited-partnerships-220,oil and gas refining and marketing master limited partnerships,financial_ratios,ROA,7.54,4.92
oil-and-gas-refining-and-marketing-master-limited-partnerships-220,oil and gas refining and marketing master limited partnerships,financial_ratios,ROI,11.97,6.47
oil-and-gas-refining-and-marketing-master-limited-partnerships-220,oil and gas refining and marketing master limited partnerships,financial_ratios,Debt-to-Equity,0.56,1.95
oil-and-gas-refining-and-marketing-master-limited-partnerships-220,oil and gas refining and marketing master limited partnerships,financial_ratios,Current Ratio,1.19,0.93
oil-and-gas-refining-and-marketing-master-limited-partnerships-220,oil and gas refining and marketing master limited partnerships,financial_ratios,Cash Flow ($/share),"3,065.15",251.22
oil-and-gas-refining-and-marketing-master-limited-partnerships-220,oil and gas refining and marketing master limited partnerships,financial_ratios,Price to Book,3.80,3.26
oil-and-gas-refining-and-marketing-master-limited-partnerships-220,oil and gas refining and marketing master limited partnerships,financial_ratios,Price To Sales,2.96,0.67
oil-and-gas-refining-and-marketing-master-limited-partnerships-220,oil and gas refining and marketing master limited partnerships,financial_ratios,Dividend Yield,1.44%,5.85%
oil-and-gas-royalty-trust-united-states-126,oil and gas royalty trust united states,performance,1 Month,0.55,-4.04
oil-and-gas-royalty-trust-united-states-126,oil and gas royalty trust united states,performance,3 Months,2.73,8.60
oil-and-gas-royalty-trust-united-states-126,oil and gas royalty trust united states,performance,YTD,12.91,26.19
oil-and-gas-royalty-trust-united-states-126,oil and gas royalty trust united states,performance,1 Year,15.47,11.31
oil-and-gas-royalty-trust-united-states-126,oil and gas royalty trust united states,performance,3 Years,84.19,6.45
oil-and-gas-royalty-trust-united-states-126,oil and gas royalty trust united states,performance,5 Years,84.39,66.30
oil-and-gas-royalty-trust-united-states-126,oil and gas royalty trust united states,industry_earnings,PE (F1),17.13,13.15
oil-and-gas-royalty-trust-united-states-126,oil and gas royalty trust united states,industry_earnings,PEG (Ratio),1.73,
oil-and-gas-royalty-trust-united-states-126,oil and gas royalty trust united states,industry_earnings,Proj EPS Growth,11.19%,77.42%
oil-and-gas-royalty-trust-united-states-126,oil and gas royalty trust united states,industry_earnings,Hist EPS Growth,7.03%,-15.69%
oil-and-gas-royalty-trust-united-states-126,oil and gas royalty trust united states,industry_earnings,Net Margin,12.94%,60.59%
oil-and-gas-royalty-trust-united-states-126,oil and gas royalty trust united states,industry_earnings,Hist Sales Growth,6.19%,-2.46%
oil-and-gas-royalty-trust-united-states-126,oil and gas royalty trust united states,industry_earnings,Hist Dividend Growth,3.80%,0.00%
oil-and-gas-royalty-trust-united-states-126,oil and gas royalty trust united states,financial_ratios,Beta,0.94,0.29
oil-and-gas-royalty-trust-united-states-126,oil and gas royalty trust united states,financial_ratios,ROE,17.83,28.43
oil-and-gas-royalty-trust-united-states-126,oil and gas royalty trust united states,financial_ratios,ROA,7.54,27.83
oil-and-gas-royalty-trust-united-states-126,oil and gas royalty trust united states,financial_ratios,ROI,11.97,28.43
oil-and-gas-royalty-trust-united-states-126,oil and gas royalty trust united states,financial_ratios,Debt-to-Equity,0.56,0.00
oil-and-gas-royalty-trust-united-states-126,oil and gas royalty trust united states,financial_ratios,Current Ratio,1.19,4.54
oil-and-gas-royalty-trust-united-states-126,oil and gas royalty trust united states,financial_ratios,Cash Flow ($/share),"3,065.15",3.52
oil-and-gas-royalty-trust-united-states-126,oil and gas royalty trust united states,financial_ratios,Price to Book,3.80,3.56
oil-and-gas-royalty-trust-united-states-126,oil and gas royalty trust united states,financial_ratios,Price To Sales,2.96,8.10
oil-and-gas-royalty-trust-united-states-126,oil and gas royalty trust united states,financial_ratios,Dividend Yield,1.44%,5.70%
oil-and-gas-speciality-international-133,oil and gas speciality international,performance,1 Month,0.55,
oil-and-gas-speciality-international-133,oil and gas speciality international,performance,3 Months,2.73,
oil-and-gas-speciality-international-133,oil and gas speciality international,performance,YTD,12.91,
oil-and-gas-speciality-international-133,oil and gas speciality international,performance,1 Year,15.47,
oil-and-gas-speciality-international-133,oil and gas speciality international,performance,3 Years,84.19,
oil-and-gas-speciality-international-133,oil and gas speciality international,performance,5 Years,84.39,
oil-and-gas-speciality-international-133,oil and gas speciality international,industry_earnings,PE (F1),17.13,
oil-and-gas-speciality-international-133,oil and gas speciality international,industry_earnings,PEG (Ratio),1.73,
oil-and-gas-speciality-international-133,oil and gas speciality international,industry_earnings,Proj EPS Growth,11.19%,
oil-and-gas-speciality-international-133,oil and gas speciality international,industry_earnings,Hist EPS Growth,7.03%,
oil-and-gas-speciality-international-133,oil and gas speciality international,industry_earnings,Net Margin,12.94%,
oil-and-gas-speciality-international-133,oil and gas speciality international,industry_earnings,Hist Sales Growth,6.19%,
oil-and-gas-speciality-international-133,oil and gas speciality international,industry_earnings,Hist Dividend Growth,3.80%,
oil-and-gas-speciality-international-133,oil and gas speciality international,financial_ratios,Beta,0.94,
oil-and-gas-speciality-international-133,oil and gas speciality international,financial_ratios,ROE,17.83,
oil-and-gas-speciality-international-133,oil and gas speciality international,financial_ratios,ROA,7.54,
oil-and-gas-speciality-international-133,oil and gas speciality international,financial_ratios,ROI,11.97,
oil-and-gas-speciality-international-133,oil and gas speciality international,financial_ratios,Debt-to-Equity,0.56,
oil-and-gas-speciality-international-133,oil and gas speciality international,financial_ratios,Current Ratio,1.19,
oil-and-gas-speciality-international-133,oil and gas speciality international,financial_ratios,Cash Flow ($/share),"3,065.15",
oil-and-gas-speciality-international-133,oil and gas speciality international,financial_ratios,Price to Book,3.80,
oil-and-gas-speciality-international-133,oil and gas speciality international,financial_ratios,Price To Sales,2.96,
oil-and-gas-speciality-international-133,oil and gas speciality international,financial_ratios,Dividend Yield,1.44%,
outsourcing-281,outsourcing,performance,1 Month,0.55,-4.32
outsourcing-281,outsourcing,performance,3 Months,2.73,11.26
outsourcing-281,outsourcing,performance,YTD,12.91,-2.70
outsourcing-281,outsourcing,performance,1 Year,15.47,-14.70
outsourcing-281,outsourcing,performance,3 Years,84.19,-36.60
outsourcing-281,outsourcing,performance,5 Years,84.39,-36.48
outsourcing-281,outsourcing,industry_earnings,PE (F1),17.13,11.57
outsourcing-281,outsourcing,industry_earnings,PEG (Ratio),1.73,1.17
outsourcing-281,outsourcing,industry_earnings,Proj EPS Growth,11.19%,4.23%
outsourcing-281,outsourcing,industry_earnings,Hist EPS Growth,7.03%,-4.67%
outsourcing-281,outsourcing,industry_earnings,Net Margin,12.94%,1.25%
outsourcing-281,outsourcing,industry_earnings,Hist Sales Growth,6.19%,1.81%
outsourcing-281,outsourcing,industry_earnings,Hist Dividend Growth,3.80%,0.00%
outsourcing-281,outsourcing,financial_ratios,Beta,0.94,0.99
outsourcing-281,outsourcing,financial_ratios,ROE,17.83,12.67
outsourcing-281,outsourcing,financial_ratios,ROA,7.54,0.60
outsourcing-281,outsourcing,financial_ratios,ROI,11.97,7.12
outsourcing-281,outsourcing,financial_ratios,Debt-to-Equity,0.56,0.43
outsourcing-281,outsourcing,financial_ratios,Current Ratio,1.19,1.14
outsourcing-281,outsourcing,financial_ratios,Cash Flow ($/share),"3,065.15",98.29
outsourcing-281,outsourcing,financial_ratios,Price to Book,3.80,1.23
outsourcing-281,outsourcing,financial_ratios,Price To Sales,2.96,0.35
outsourcing-281,outsourcing,financial_ratios,Dividend Yield,1.44%,0.00%
paints-and-related-products-139,paints and related products,performance,1 Month,0.55,
paints-and-related-products-139,paints and related products,performance,3 Months,2.73,
paints-and-related-products-139,paints and related products,performance,YTD,12.91,
paints-and-related-products-139,paints and related products,performance,1 Year,15.47,
paints-and-related-products-139,paints and related products,performance,3 Years,84.19,
paints-and-related-products-139,paints and related products,performance,5 Years,84.39,
paints-and-related-products-139,paints and related products,industry_earnings,PE (F1),17.13,
paints-and-related-products-139,paints and related products,industry_earnings,PEG (Ratio),1.73,
paints-and-related-products-139,paints and related products,industry_earnings,Proj EPS Growth,11.19%,
paints-and-related-products-139,paints and related products,industry_earnings,Hist EPS Growth,7.03%,
paints-and-related-products-139,paints and related products,industry_earnings,Net Margin,12.94%,
paints-and-related-products-139,paints and related products,industry_earnings,Hist Sales Growth,6.19%,
paints-and-related-products-139,paints and related products,industry_earnings,Hist Dividend Growth,3.80%,
paints-and-related-products-139,paints and related products,financial_ratios,Beta,0.94,
paints-and-related-products-139,paints and related products,financial_ratios,ROE,17.83,
paints-and-related-products-139,paints and related products,financial_ratios,ROA,7.54,
paints-and-related-products-139,paints and related products,financial_ratios,ROI,11.97,
paints-and-related-products-139,paints and related products,financial_ratios,Debt-to-Equity,0.56,
paints-and-related-products-139,paints and related products,financial_ratios,Current Ratio,1.19,
paints-and-related-products-139,paints and related products,financial_ratios,Cash Flow ($/share),"3,065.15",
paints-and-related-products-139,paints and related products,financial_ratios,Price to Book,3.80,
paints-and-related-products-139,paints and related products,financial_ratios,Price To Sales,2.96,
paints-and-related-products-139,paints and related products,financial_ratios,Dividend Yield,1.44%,
paper-and-related-products-140,paper and related products,performance,1 Month,0.55,-7.39
paper-and-related-products-140,paper and related products,performance,3 Months,2.73,-7.47
paper-and-related-products-140,paper and related products,performance,YTD,12.91,-5.68
paper-and-related-products-140,paper and related products,performance,1 Year,15.47,-12.86
paper-and-related-products-140,paper and related products,performance,3 Years,84.19,15.18
paper-and-related-products-140,paper and related products,performance,5 Years,84.39,-9.08
paper-and-related-products-140,paper and related products,industry_earnings,PE (F1),17.13,23.29
paper-and-related-products-140,paper and related products,industry_earnings,PEG (Ratio),1.73,1.50
paper-and-related-products-140,paper and related products,industry_earnings,Proj EPS Growth,11.19%,-4.35%
paper-and-related-products-140,paper and related products,industry_earnings,Hist EPS Growth,7.03%,-22.56%
paper-and-related-products-140,paper and related products,industry_earnings,Net Margin,12.94%,1.26%
paper-and-related-products-140,paper and related products,industry_earnings,Hist Sales Growth,6.19%,-1.14%
paper-and-related-products-140,paper and related products,industry_earnings,Hist Dividend Growth,3.80%,0.00%
paper-and-related-products-140,paper and related products,financial_ratios,Beta,0.94,0.62
paper-and-related-products-140,paper and related products,financial_ratios,ROE,17.83,1.72
paper-and-related-products-140,paper and related products,financial_ratios,ROA,7.54,0.42
paper-and-related-products-140,paper and related products,financial_ratios,ROI,11.97,0.54
paper-and-related-products-140,paper and related products,financial_ratios,Debt-to-Equity,0.56,0.88
paper-and-related-products-140,paper and related products,financial_ratios,Current Ratio,1.19,1.45
paper-and-related-products-140,paper and related products,financial_ratios,Cash Flow ($/share),"3,065.15",425.33
paper-and-related-products-140,paper and related products,financial_ratios,Price to Book,3.80,1.04
paper-and-related-products-140,paper and related products,financial_ratios,Price To Sales,2.96,0.56
paper-and-related-products-140,paper and related products,financial_ratios,Dividend Yield,1.44%,0.49%
paper-business-forms-141,paper business forms,performance,1 Month,0.55,
paper-business-forms-141,paper business forms,performance,3 Months,2.73,
paper-business-forms-141,paper business forms,performance,YTD,12.91,
paper-business-forms-141,paper business forms,performance,1 Year,15.47,
paper-business-forms-141,paper business forms,performance,3 Years,84.19,
paper-business-forms-141,paper business forms,performance,5 Years,84.39,
paper-business-forms-141,paper business forms,industry_earnings,PE (F1),17.13,
paper-business-forms-141,paper business forms,industry_earnings,PEG (Ratio),1.73,
paper-business-forms-141,paper business forms,industry_earnings,Proj EPS Growth,11.19%,
paper-business-forms-141,paper business forms,industry_earnings,Hist EPS Growth,7.03%,
paper-business-forms-141,paper business forms,industry_earnings,Net Margin,12.94%,
paper-business-forms-141,paper business forms,industry_earnings,Hist Sales Growth,6.19%,
paper-business-forms-141,paper business forms,industry_earnings,Hist Dividend Growth,3.80%,
paper-business-forms-141,paper business forms,financial_ratios,Beta,0.94,
paper-business-forms-141,paper business forms,financial_ratios,ROE,17.83,
paper-business-forms-141,paper business forms,financial_ratios,ROA,7.54,
paper-business-forms-141,paper business forms,financial_ratios,ROI,11.97,
paper-business-forms-141,paper business forms,financial_ratios,Debt-to-Equity,0.56,
paper-business-forms-141,paper business forms,financial_ratios,Current Ratio,1.19,
paper-business-forms-141,paper business forms,financial_ratios,Cash Flow ($/share),"3,065.15",
paper-business-forms-141,paper business forms,financial_ratios,Price to Book,3.80,
paper-business-forms-141,paper business forms,financial_ratios,Price To Sales,2.96,
paper-business-forms-141,paper business forms,financial_ratios,Dividend Yield,1.44%,
pollution-control-143,pollution control,performance,1 Month,0.55,-1.66
pollution-control-143,pollution control,performance,3 Months,2.73,-6.34
pollution-control-143,pollution control,performance,YTD,12.91,-4.00
pollution-control-143,pollution control,performance,1 Year,15.47,2.82
pollution-control-143,pollution control,performance,3 Years,84.19,39.18
pollution-control-143,pollution control,performance,5 Years,84.39,42.95
pollution-control-143,pollution control,industry_earnings,PE (F1),17.13,24.90
pollution-control-143,pollution control,industry_earnings,PEG (Ratio),1.73,2.02
pollution-control-143,pollution control,industry_earnings,Proj EPS Growth,11.19%,8.94%
pollution-control-143,pollution control,industry_earnings,Hist EPS Growth,7.03%,10.51%
pollution-control-143,pollution control,industry_earnings,Net Margin,12.94%,-8.07%
pollution-control-143,pollution control,industry_earnings,Hist Sales Growth,6.19%,2.02%
pollution-control-143,pollution control,industry_earnings,Hist Dividend Growth,3.80%,0.00%
pollution-control-143,pollution control,financial_ratios,Beta,0.94,0.83
pollution-control-143,pollution control,financial_ratios,ROE,17.83,5.31
pollution-control-143,pollution control,financial_ratios,ROA,7.54,-3.14
pollution-control-143,pollution control,financial_ratios,ROI,11.97,3.39
pollution-control-143,pollution control,financial_ratios,Debt-to-Equity,0.56,0.02
pollution-control-143,pollution control,financial_ratios,Current Ratio,1.19,1.59
pollution-control-143,pollution control,financial_ratios,Cash Flow ($/share),"3,065.15",0.17
pollution-control-143,pollution control,financial_ratios,Price to Book,3.80,1.72
pollution-control-143,pollution control,financial_ratios,Price To Sales,2.96,2.62
pollution-control-143,pollution control,financial_ratios,Dividend Yield,1.44%,0.00%
precious-metals-and-jewels-144,precious metals and jewels,performance,1 Month,0.55,
precious-metals-and-jewels-144,precious metals and jewels,performance,3 Months,2.73,
precious-metals-and-jewels-144,precious metals and jewels,performance,YTD,12.91,
precious-metals-and-jewels-144,precious metals and jewels,performance,1 Year,15.47,
precious-metals-and-jewels-144,precious metals and jewels,performance,3 Years,84.19,
precious-metals-and-jewels-144,precious metals and jewels,performance,5 Years,84.39,
precious-metals-and-jewels-144,precious metals and jewels,industry_earnings,PE (F1),17.13,
precious-metals-and-jewels-144,precious metals and jewels,industry_earnings,PEG (Ratio),1.73,
precious-metals-and-jewels-144,precious metals and jewels,industry_earnings,Proj EPS Growth,11.19%,
precious-metals-and-jewels-144,precious metals and jewels,industry_earnings,Hist EPS Growth,7.03%,
precious-metals-and-jewels-144,precious metals and jewels,industry_earnings,Net Margin,12.94%,
precious-metals-and-jewels-144,precious metals and jewels,industry_earnings,Hist Sales Growth,6.19%,
precious-metals-and-jewels-144,precious metals and jewels,industry_earnings,Hist Dividend Growth,3.80%,
precious-metals-and-jewels-144,precious metals and jewels,financial_ratios,Beta,0.94,
precious-metals-and-jewels-144,precious metals and jewels,financial_ratios,ROE,17.83,
precious-metals-and-jewels-144,precious metals and jewels,financial_ratios,ROA,7.54,
precious-metals-and-jewels-144,precious metals and jewels,financial_ratios,ROI,11.97,
precious-metals-and-jewels-144,precious metals and jewels,financial_ratios,Debt-to-Equity,0.56,
precious-metals-and-jewels-144,precious metals and jewels,financial_ratios,Current Ratio,1.19,
precious-metals-and-jewels-144,precious metals and jewels,financial_ratios,Cash Flow ($/share),"3,065.15",
precious-metals-and-jewels-144,precious metals and jewels,financial_ratios,Price to Book,3.80,
precious-metals-and-jewels-144,precious metals and jewels,financial_ratios,Price To Sales,2.96,
precious-metals-and-jewels-144,precious metals and jewels,financial_ratios,Dividend Yield,1.44%,
publishing-books-147,publishing books,performance,1 Month,0.55,-7.08
publishing-books-147,publishing books,performance,3 Months,2.73,-6.64
publishing-books-147,publishing books,performance,YTD,12.91,52.57
publishing-books-147,publishing books,performance,1 Year,15.47,22.28
publishing-books-147,publishing books,performance,3 Years,84.19,23.94
publishing-books-147,publishing books,performance,5 Years,84.39,-5.66
publishing-books-147,publishing books,industry_earnings,PE (F1),17.13,17.81
publishing-books-147,publishing books,industry_earnings,PEG (Ratio),1.73,1.66
publishing-books-147,publishing books,industry_earnings,Proj EPS Growth,11.19%,-5.02%
publishing-books-147,publishing books,industry_earnings,Hist EPS Growth,7.03%,1.93%
publishing-books-147,publishing books,industry_earnings,Net Margin,12.94%,10.83%
publishing-books-147,publishing books,industry_earnings,Hist Sales Growth,6.19%,-5.78%
publishing-books-147,publishing books,industry_earnings,Hist Dividend Growth,3.80%,0.70%
publishing-books-147,publishing books,financial_ratios,Beta,0.94,0.76
publishing-books-147,publishing books,financial_ratios,ROE,17.83,16.50
publishing-books-147,publishing books,financial_ratios,ROA,7.54,5.19
publishing-books-147,publishing books,financial_ratios,ROI,11.97,8.66
publishing-books-147,publishing books,financial_ratios,Debt-to-Equity,0.56,0.93
publishing-books-147,publishing books,financial_ratios,Current Ratio,1.19,0.95
publishing-books-147,publishing books,financial_ratios,Cash Flow ($/share),"3,065.15",260.53
publishing-books-147,publishing books,financial_ratios,Price to Book,3.80,2.07
publishing-books-147,publishing books,financial_ratios,Price To Sales,2.96,1.02
publishing-books-147,publishing books,financial_ratios,Dividend Yield,1.44%,2.79%
publishing-newspapers-148,publishing newspapers,performance,1 Month,0.55,-5.17
publishing-newspapers-148,publishing newspapers,performance,3 Months,2.73,-10.16
publishing-newspapers-148,publishing newspapers,performance,YTD,12.91,-13.05
publishing-newspapers-148,publishing newspapers,performance,1 Year,15.47,7.02
publishing-newspapers-148,publishing newspapers,performance,3 Years,84.19,45.31
publishing-newspapers-148,publishing newspapers,performance,5 Years,84.39,20.36
publishing-newspapers-148,publishing newspapers,industry_earnings,PE (F1),17.13,22.41
publishing-newspapers-148,publishing newspapers,industry_earnings,PEG (Ratio),1.73,1.64
publishing-newspapers-148,publishing newspapers,industry_earnings,Proj EPS Growth,11.19%,15.54%
publishing-newspapers-148,publishing newspapers,industry_earnings,Hist EPS Growth,7.03%,53.78%
publishing-newspapers-148,publishing newspapers,industry_earnings,Net Margin,12.94%,-1.84%
publishing-newspapers-148,publishing newspapers,industry_earnings,Hist Sales Growth,6.19%,7.75%
publishing-newspapers-148,publishing newspapers,industry_earnings,Hist Dividend Growth,3.80%,0.00%
publishing-newspapers-148,publishing newspapers,financial_ratios,Beta,0.94,0.83
publishing-newspapers-148,publishing newspapers,financial_ratios,ROE,17.83,9.77
publishing-newspapers-148,publishing newspapers,financial_ratios,ROA,7.54,-1.56
publishing-newspapers-148,publishing newspapers,financial_ratios,ROI,11.97,-2.20
publishing-newspapers-148,publishing newspapers,financial_ratios,Debt-to-Equity,0.56,0.06
publishing-newspapers-148,publishing newspapers,financial_ratios,Current Ratio,1.19,1.58
publishing-newspapers-148,publishing newspapers,financial_ratios,Cash Flow ($/share),"3,065.15",112.39
publishing-newspapers-148,publishing newspapers,financial_ratios,Price to Book,3.80,3.85
publishing-newspapers-148,publishing newspapers,financial_ratios,Price To Sales,2.96,3.45
publishing-newspapers-148,publishing newspapers,financial_ratios,Dividend Yield,1.44%,0.00%
publishing-periodicals-149,publishing periodicals,performance,1 Month,0.55,
publishing-periodicals-149,publishing periodicals,performance,3 Months,2.73,
publishing-periodicals-149,publishing periodicals,performance,YTD,12.91,
publishing-periodicals-149,publishing periodicals,performance,1 Year,15.47,
publishing-periodicals-149,publishing periodicals,performance,3 Years,84.19,
publishing-periodicals-149,publishing periodicals,performance,5 Years,84.39,
publishing-periodicals-149,publishing periodicals,industry_earnings,PE (F1),17.13,
publishing-periodicals-149,publishing periodicals,industry_earnings,PEG (Ratio),1.73,
publishing-periodicals-149,publishing periodicals,industry_earnings,Proj EPS Growth,11.19%,
publishing-periodicals-149,publishing periodicals,industry_earnings,Hist EPS Growth,7.03%,
publishing-periodicals-149,publishing periodicals,industry_earnings,Net Margin,12.94%,
publishing-periodicals-149,publishing periodicals,industry_earnings,Hist Sales Growth,6.19%,
publishing-periodicals-149,publishing periodicals,industry_earnings,Hist Dividend Growth,3.80%,
publishing-periodicals-149,publishing periodicals,financial_ratios,Beta,0.94,
publishing-periodicals-149,publishing periodicals,financial_ratios,ROE,17.83,
publishing-periodicals-149,publishing periodicals,financial_ratios,ROA,7.54,
publishing-periodicals-149,publishing periodicals,financial_ratios,ROI,11.97,
publishing-periodicals-149,publishing periodicals,financial_ratios,Debt-to-Equity,0.56,
publishing-periodicals-149,publishing periodicals,financial_ratios,Current Ratio,1.19,
publishing-periodicals-149,publishing periodicals,financial_ratios,Cash Flow ($/share),"3,065.15",
publishing-periodicals-149,publishing periodicals,financial_ratios,Price to Book,3.80,
publishing-periodicals-149,publishing periodicals,financial_ratios,Price To Sales,2.96,
publishing-periodicals-149,publishing periodicals,financial_ratios,Dividend Yield,1.44%,
real-estate-development-152,real estate development,performance,1 Month,0.55,-0.38
real-estate-development-152,real estate development,performance,3 Months,2.73,-13.69
real-estate-development-152,real estate development,performance,YTD,12.91,-29.87
real-estate-development-152,real estate development,performance,1 Year,15.47,-27.89
real-estate-development-152,real estate development,performance,3 Years,84.19,-17.35
real-estate-development-152,real estate development,performance,5 Years,84.39,-32.63
real-estate-development-152,real estate development,industry_earnings,PE (F1),17.13,12.91
real-estate-development-152,real estate development,industry_earnings,PEG (Ratio),1.73,
real-estate-development-152,real estate development,industry_earnings,Proj EPS Growth,11.19%,-11.24%
real-estate-development-152,real estate development,industry_earnings,Hist EPS Growth,7.03%,6.65%
real-estate-development-152,real estate development,industry_earnings,Net Margin,12.94%,8.49%
real-estate-development-152,real estate development,industry_earnings,Hist Sales Growth,6.19%,6.64%
real-estate-development-152,real estate development,industry_earnings,Hist Dividend Growth,3.80%,0.00%
real-estate-development-152,real estate development,financial_ratios,Beta,0.94,0.59
real-estate-development-152,real estate development,financial_ratios,ROE,17.83,4.35
real-estate-development-152,real estate development,financial_ratios,ROA,7.54,1.63
real-estate-development-152,real estate development,financial_ratios,ROI,11.97,2.86
real-estate-development-152,real estate development,financial_ratios,Debt-to-Equity,0.56,0.32
real-estate-development-152,real estate development,financial_ratios,Current Ratio,1.19,1.34
real-estate-development-152,real estate development,financial_ratios,Cash Flow ($/share),"3,065.15",10.60
real-estate-development-152,real estate development,financial_ratios,Price to Book,3.80,0.71
real-estate-development-152,real estate development,financial_ratios,Price To Sales,2.96,2.52
real-estate-development-152,real estate development,financial_ratios,Dividend Yield,1.44%,0.00%
real-estate-operations-153,real estate operations,performance,1 Month,0.55,-9.24
real-estate-operations-153,real estate operations,performance,3 Months,2.73,-11.97
real-estate-operations-153,real estate operations,performance,YTD,12.91,-18.65
real-estate-operations-153,real estate operations,performance,1 Year,15.47,-18.82
real-estate-operations-153,real estate operations,performance,3 Years,84.19,32.49
real-estate-operations-153,real estate operations,performance,5 Years,84.39,-12.25
real-estate-operations-153,real estate operations,industry_earnings,PE (F1),17.13,12.61
real-estate-operations-153,real estate operations,industry_earnings,PEG (Ratio),1.73,2.01
real-estate-operations-153,real estate operations,industry_earnings,Proj EPS Growth,11.19%,7.77%
real-estate-operations-153,real estate operations,industry_earnings,Hist EPS Growth,7.03%,0.18%
real-estate-operations-153,real estate operations,industry_earnings,Net Margin,12.94%,2.98%
real-estate-operations-153,real estate operations,industry_earnings,Hist Sales Growth,6.19%,4.37%
real-estate-operations-153,real estate operations,industry_earnings,Hist Dividend Growth,3.80%,0.00%
real-estate-operations-153,real estate operations,financial_ratios,Beta,0.94,0.71
real-estate-operations-153,real estate operations,financial_ratios,ROE,17.83,3.45
real-estate-operations-153,real estate operations,financial_ratios,ROA,7.54,1.44
real-estate-operations-153,real estate operations,financial_ratios,ROI,11.97,1.63
real-estate-operations-153,real estate operations,financial_ratios,Debt-to-Equity,0.56,0.19
real-estate-operations-153,real estate operations,financial_ratios,Current Ratio,1.19,2.05
real-estate-operations-153,real estate operations,financial_ratios,Cash Flow ($/share),"3,065.15",25.74
real-estate-operations-153,real estate operations,financial_ratios,Price to Book,3.80,0.77
real-estate-operations-153,real estate operations,financial_ratios,Price To Sales,2.96,1.83
real-estate-operations-153,real estate operations,financial_ratios,Dividend Yield,1.44%,0.00%
reit-and-equity-trust-151,reit and equity trust,performance,1 Month,0.55,-15.98
reit-and-equity-trust-151,reit and equity trust,performance,3 Months,2.73,-19.31
reit-and-equity-trust-151,reit and equity trust,performance,YTD,12.91,-21.82
reit-and-equity-trust-151,reit and equity trust,performance,1 Year,15.47,-20.55
reit-and-equity-trust-151,reit and equity trust,performance,3 Years,84.19,-24.88
reit-and-equity-trust-151,reit and equity trust,performance,5 Years,84.39,-53.69
reit-and-equity-trust-151,reit and equity trust,industry_earnings,PE (F1),17.13,7.39
reit-and-equity-trust-151,reit and equity trust,industry_earnings,PEG (Ratio),1.73,1.09
reit-and-equity-trust-151,reit and equity trust,industry_earnings,Proj EPS Growth,11.19%,6.33%
reit-and-equity-trust-151,reit and equity trust,industry_earnings,Hist EPS Growth,7.03%,-13.68%
reit-and-equity-trust-151,reit and equity trust,industry_earnings,Net Margin,12.94%,12.62%
reit-and-equity-trust-151,reit and equity trust,industry_earnings,Hist Sales Growth,6.19%,12.79%
reit-and-equity-trust-151,reit and equity trust,industry_earnings,Hist Dividend Growth,3.80%,0.00%
reit-and-equity-trust-151,reit and equity trust,financial_ratios,Beta,0.94,1.21
reit-and-equity-trust-151,reit and equity trust,financial_ratios,ROE,17.83,8.35
reit-and-equity-trust-151,reit and equity trust,financial_ratios,ROA,7.54,1.22
reit-and-equity-trust-151,reit and equity trust,financial_ratios,ROI,11.97,1.70
reit-and-equity-trust-151,reit and equity trust,financial_ratios,Debt-to-Equity,0.56,2.34
reit-and-equity-trust-151,reit and equity trust,financial_ratios,Current Ratio,1.19,1.46
reit-and-equity-trust-151,reit and equity trust,financial_ratios,Cash Flow ($/share),"3,065.15",136.40
reit-and-equity-trust-151,reit and equity trust,financial_ratios,Price to Book,3.80,0.63
reit-and-equity-trust-151,reit and equity trust,financial_ratios,Price To Sales,2.96,1.76
reit-and-equity-trust-151,reit and equity trust,financial_ratios,Dividend Yield,1.44%,15.46%
reit-and-equity-trust-other-266,reit and equity trust other,performance,1 Month,0.55,-7.00
reit-and-equity-trust-other-266,reit and equity trust other,performance,3 Months,2.73,-6.64
reit-and-equity-trust-other-266,reit and equity trust other,performance,YTD,12.91,3.55
reit-and-equity-trust-other-266,reit and equity trust other,performance,1 Year,15.47,0.11
reit-and-equity-trust-other-266,reit and equity trust other,performance,3 Years,84.19,20.71
reit-and-equity-trust-other-266,reit and equity trust other,performance,5 Years,84.39,-13.69
reit-and-equity-trust-other-266,reit and equity trust other,industry_earnings,PE (F1),17.13,11.55
reit-and-equity-trust-other-266,reit and equity trust other,industry_earnings,PEG (Ratio),1.73,2.06
reit-and-equity-trust-other-266,reit and equity trust other,industry_earnings,Proj EPS Growth,11.19%,4.32%
reit-and-equity-trust-other-266,reit and equity trust other,industry_earnings,Hist EPS Growth,7.03%,3.15%
reit-and-equity-trust-other-266,reit and equity trust other,industry_earnings,Net Margin,12.94%,6.98%
reit-and-equity-trust-other-266,reit and equity trust other,industry_earnings,Hist Sales Growth,6.19%,7.13%
reit-and-equity-trust-other-266,reit and equity trust other,industry_earnings,Hist Dividend Growth,3.80%,0.00%
reit-and-equity-trust-other-266,reit and equity trust other,financial_ratios,Beta,0.94,1.00
reit-and-equity-trust-other-266,reit and equity trust other,financial_ratios,ROE,17.83,2.63
reit-and-equity-trust-other-266,reit and equity trust other,financial_ratios,ROA,7.54,1.18
reit-and-equity-trust-other-266,reit and equity trust other,financial_ratios,ROI,11.97,1.30
reit-and-equity-trust-other-266,reit and equity trust other,financial_ratios,Debt-to-Equity,0.56,0.89
reit-and-equity-trust-other-266,reit and equity trust other,financial_ratios,Current Ratio,1.19,1.62
reit-and-equity-trust-other-266,reit and equity trust other,financial_ratios,Cash Flow ($/share),"3,065.15",174.36
reit-and-equity-trust-other-266,reit and equity trust other,financial_ratios,Price to Book,3.80,1.18
reit-and-equity-trust-other-266,reit and equity trust other,financial_ratios,Price To Sales,2.96,3.58
reit-and-equity-trust-other-266,reit and equity trust other,financial_ratios,Dividend Yield,1.44%,4.35%
reit-and-equity-trust-residential-265,reit and equity trust residential,performance,1 Month,0.55,-8.12
reit-and-equity-trust-residential-265,reit and equity trust residential,performance,3 Months,2.73,-11.32
reit-and-equity-trust-residential-265,reit and equity trust residential,performance,YTD,12.91,-12.22
reit-and-equity-trust-residential-265,reit and equity trust residential,performance,1 Year,15.47,-13.25
reit-and-equity-trust-residential-265,reit and equity trust residential,performance,3 Years,84.19,-9.54
reit-and-equity-trust-residential-265,reit and equity trust residential,performance,5 Years,84.39,-40.12
reit-and-equity-trust-residential-265,reit and equity trust residential,industry_earnings,PE (F1),17.13,14.31
reit-and-equity-trust-residential-265,reit and equity trust residential,industry_earnings,PEG (Ratio),1.73,4.27
reit-and-equity-trust-residential-265,reit and equity trust residential,industry_earnings,Proj EPS Growth,11.19%,1.12%
reit-and-equity-trust-residential-265,reit and equity trust residential,industry_earnings,Hist EPS Growth,7.03%,4.74%
reit-and-equity-trust-residential-265,reit and equity trust residential,industry_earnings,Net Margin,12.94%,14.86%
reit-and-equity-trust-residential-265,reit and equity trust residential,industry_earnings,Hist Sales Growth,6.19%,5.64%
reit-and-equity-trust-residential-265,reit and equity trust residential,industry_earnings,Hist Dividend Growth,3.80%,0.40%
reit-and-equity-trust-residential-265,reit and equity trust residential,financial_ratios,Beta,0.94,0.81
reit-and-equity-trust-residential-265,reit and equity trust residential,financial_ratios,ROE,17.83,3.37
reit-and-equity-trust-residential-265,reit and equity trust residential,financial_ratios,ROA,7.54,1.62
reit-and-equity-trust-residential-265,reit and equity trust residential,financial_ratios,ROI,11.97,1.67
reit-and-equity-trust-residential-265,reit and equity trust residential,financial_ratios,Debt-to-Equity,0.56,0.72
reit-and-equity-trust-residential-265,reit and equity trust residential,financial_ratios,Current Ratio,1.19,0.54
reit-and-equity-trust-residential-265,reit and equity trust residential,financial_ratios,Cash Flow ($/share),"3,065.15",137.78
reit-and-equity-trust-residential-265,reit and equity trust residential,financial_ratios,Price to Book,3.80,1.52
reit-and-equity-trust-residential-265,reit and equity trust residential,financial_ratios,Price To Sales,2.96,4.98
reit-and-equity-trust-residential-265,reit and equity trust residential,financial_ratios,Dividend Yield,1.44%,4.54%
reit-and-equity-trust-retail-264,reit and equity trust retail,performance,1 Month,0.55,-6.03
reit-and-equity-trust-retail-264,reit and equity trust retail,performance,3 Months,2.73,-8.05
reit-and-equity-trust-retail-264,reit and equity trust retail,performance,YTD,12.91,9.36
reit-and-equity-trust-retail-264,reit and equity trust retail,performance,1 Year,15.47,7.54
reit-and-equity-trust-retail-264,reit and equity trust retail,performance,3 Years,84.19,28.03
reit-and-equity-trust-retail-264,reit and equity trust retail,performance,5 Years,84.39,3.80
reit-and-equity-trust-retail-264,reit and equity trust retail,industry_earnings,PE (F1),17.13,13.52
reit-and-equity-trust-retail-264,reit and equity trust retail,industry_earnings,PEG (Ratio),1.73,2.13
reit-and-equity-trust-retail-264,reit and equity trust retail,industry_earnings,Proj EPS Growth,11.19%,4.45%
reit-and-equity-trust-retail-264,reit and equity trust retail,industry_earnings,Hist EPS Growth,7.03%,4.78%
reit-and-equity-trust-retail-264,reit and equity trust retail,industry_earnings,Net Margin,12.94%,24.62%
reit-and-equity-trust-retail-264,reit and equity trust retail,industry_earnings,Hist Sales Growth,6.19%,7.23%
reit-and-equity-trust-retail-264,reit and equity trust retail,industry_earnings,Hist Dividend Growth,3.80%,4.47%
reit-and-equity-trust-retail-264,reit and equity trust retail,financial_ratios,Beta,0.94,0.95
reit-and-equity-trust-retail-264,reit and equity trust retail,financial_ratios,ROE,17.83,7.19
reit-and-equity-trust-retail-264,reit and equity trust retail,financial_ratios,ROA,7.54,3.44
reit-and-equity-trust-retail-264,reit and equity trust retail,financial_ratios,ROI,11.97,4.20
reit-and-equity-trust-retail-264,reit and equity trust retail,financial_ratios,Debt-to-Equity,0.56,0.78
reit-and-equity-trust-retail-264,reit and equity trust retail,financial_ratios,Current Ratio,1.19,1.41
reit-and-equity-trust-retail-264,reit and equity trust retail,financial_ratios,Cash Flow ($/share),"3,065.15",360.79
reit-and-equity-trust-retail-264,reit and equity trust retail,financial_ratios,Price to Book,3.80,1.80
reit-and-equity-trust-retail-264,reit and equity trust retail,financial_ratios,Price To Sales,2.96,6.35
reit-and-equity-trust-retail-264,reit and equity trust retail,financial_ratios,Dividend Yield,1.44%,4.29%
retail-apparel-and-shoes-154,retail apparel and shoes,performance,1 Month,0.55,-0.41
retail-apparel-and-shoes-154,retail apparel and shoes,performance,3 Months,2.73,-8.35
retail-apparel-and-shoes-154,retail apparel and shoes,performance,YTD,12.91,-15.58
retail-apparel-and-shoes-154,retail apparel and shoes,performance,1 Year,15.47,-7.80
retail-apparel-and-shoes-154,retail apparel and shoes,performance,3 Years,84.19,29.81
retail-apparel-and-shoes-154,retail apparel and shoes,performance,5 Years,84.39,-5.80
retail-apparel-and-shoes-154,retail apparel and shoes,industry_earnings,PE (F1),17.13,14.07
retail-apparel-and-shoes-154,retail apparel and shoes,industry_earnings,PEG (Ratio),1.73,1.19
retail-apparel-and-shoes-154,retail apparel and shoes,industry_earnings,Proj EPS Growth,11.19%,18.88%
retail-apparel-and-shoes-154,retail apparel and shoes,industry_earnings,Hist EPS Growth,7.03%,6.34%
retail-apparel-and-shoes-154,retail apparel and shoes,industry_earnings,Net Margin,12.94%,2.68%
retail-apparel-and-shoes-154,retail apparel and shoes,industry_earnings,Hist Sales Growth,6.19%,-0.48%
retail-apparel-and-shoes-154,retail apparel and shoes,industry_earnings,Hist Dividend Growth,3.80%,0.00%
retail-apparel-and-shoes-154,retail apparel and shoes,financial_ratios,Beta,0.94,1.12
retail-apparel-and-shoes-154,retail apparel and shoes,financial_ratios,ROE,17.83,12.53
retail-apparel-and-shoes-154,retail apparel and shoes,financial_ratios,ROA,7.54,1.89
retail-apparel-and-shoes-154,retail apparel and shoes,financial_ratios,ROI,11.97,5.91
retail-apparel-and-shoes-154,retail apparel and shoes,financial_ratios,Debt-to-Equity,0.56,0.06
retail-apparel-and-shoes-154,retail apparel and shoes,financial_ratios,Current Ratio,1.19,1.44
retail-apparel-and-shoes-154,retail apparel and shoes,financial_ratios,Cash Flow ($/share),"3,065.15",121.78
retail-apparel-and-shoes-154,retail apparel and shoes,financial_ratios,Price to Book,3.80,2.21
retail-apparel-and-shoes-154,retail apparel and shoes,financial_ratios,Price To Sales,2.96,0.52
retail-apparel-and-shoes-154,retail apparel and shoes,financial_ratios,Dividend Yield,1.44%,0.00%
retail-catalog-shopping-155,retail catalog shopping,performance,1 Month,0.55,-11.18
retail-catalog-shopping-155,retail catalog shopping,performance,3 Months,2.73,-0.10
retail-catalog-shopping-155,retail catalog shopping,performance,YTD,12.91,-27.75
retail-catalog-shopping-155,retail catalog shopping,performance,1 Year,15.47,-28.20
retail-catalog-shopping-155,retail catalog shopping,performance,3 Years,84.19,40.43
retail-catalog-shopping-155,retail catalog shopping,performance,5 Years,84.39,-55.29
retail-catalog-shopping-155,retail catalog shopping,industry_earnings,PE (F1),17.13,22.48
retail-catalog-shopping-155,retail catalog shopping,industry_earnings,PEG (Ratio),1.73,
retail-catalog-shopping-155,retail catalog shopping,industry_earnings,Proj EPS Growth,11.19%,-45.74%
retail-catalog-shopping-155,retail catalog shopping,industry_earnings,Hist EPS Growth,7.03%,-7.19%
retail-catalog-shopping-155,retail catalog shopping,industry_earnings,Net Margin,12.94%,26.62%
retail-catalog-shopping-155,retail catalog shopping,industry_earnings,Hist Sales Growth,6.19%,-5.19%
retail-catalog-shopping-155,retail catalog shopping,industry_earnings,Hist Dividend Growth,3.80%,0.00%
retail-catalog-shopping-155,retail catalog shopping,financial_ratios,Beta,0.94,2.25
retail-catalog-shopping-155,retail catalog shopping,financial_ratios,ROE,17.83,7.96
retail-catalog-shopping-155,retail catalog shopping,financial_ratios,ROA,7.54,3.38
retail-catalog-shopping-155,retail catalog shopping,financial_ratios,ROI,11.97,5.66
retail-catalog-shopping-155,retail catalog shopping,financial_ratios,Debt-to-Equity,0.56,0.12
retail-catalog-shopping-155,retail catalog shopping,financial_ratios,Current Ratio,1.19,1.58
retail-catalog-shopping-155,retail catalog shopping,financial_ratios,Cash Flow ($/share),"3,065.15",59.79
retail-catalog-shopping-155,retail catalog shopping,financial_ratios,Price to Book,3.80,0.65
retail-catalog-shopping-155,retail catalog shopping,financial_ratios,Price To Sales,2.96,0.23
retail-catalog-shopping-155,retail catalog shopping,financial_ratios,Dividend Yield,1.44%,0.00%
retail-computer-hardware-169,retail computer hardware,performance,1 Month,0.55,15.61
retail-computer-hardware-169,retail computer hardware,performance,3 Months,2.73,25.38
retail-computer-hardware-169,retail computer hardware,performance,YTD,12.91,60.27
retail-computer-hardware-169,retail computer hardware,performance,1 Year,15.47,49.79
retail-computer-hardware-169,retail computer hardware,performance,3 Years,84.19,73.42
retail-computer-hardware-169,retail computer hardware,performance,5 Years,84.39,104.26
retail-computer-hardware-169,retail computer hardware,industry_earnings,PE (F1),17.13,22.17
retail-computer-hardware-169,retail computer hardware,industry_earnings,PEG (Ratio),1.73,2.22
retail-computer-hardware-169,retail computer hardware,industry_earnings,Proj EPS Growth,11.19%,21.37%
retail-computer-hardware-169,retail computer hardware,industry_earnings,Hist EPS Growth,7.03%,5.04%
retail-computer-hardware-169,retail computer hardware,industry_earnings,Net Margin,12.94%,3.21%
retail-computer-hardware-169,retail computer hardware,industry_earnings,Hist Sales Growth,6.19%,-1.08%
retail-computer-hardware-169,retail computer hardware,industry_earnings,Hist Dividend Growth,3.80%,16.67%
retail-computer-hardware-169,retail computer hardware,financial_ratios,Beta,0.94,0.81
retail-computer-hardware-169,retail computer hardware,financial_ratios,ROE,17.83,10.90
retail-computer-hardware-169,retail computer hardware,financial_ratios,ROA,7.54,7.29
retail-computer-hardware-169,retail computer hardware,financial_ratios,ROI,11.97,10.90
retail-computer-hardware-169,retail computer hardware,financial_ratios,Debt-to-Equity,0.56,0.00
retail-computer-hardware-169,retail computer hardware,financial_ratios,Current Ratio,1.19,2.88
retail-computer-hardware-169,retail computer hardware,financial_ratios,Cash Flow ($/share),"3,065.15",100.42
retail-computer-hardware-169,retail computer hardware,financial_ratios,Price to Book,3.80,2.45
retail-computer-hardware-169,retail computer hardware,financial_ratios,Price To Sales,2.96,0.78
retail-computer-hardware-169,retail computer hardware,financial_ratios,Dividend Yield,1.44%,0.43%
retail-consumer-electronics-156,retail consumer electronics,performance,1 Month,0.55,6.13
retail-consumer-electronics-156,retail consumer electronics,performance,3 Months,2.73,13.54
retail-consumer-electronics-156,retail consumer electronics,performance,YTD,12.91,31.03
retail-consumer-electronics-156,retail consumer electronics,performance,1 Year,15.47,13.26
retail-consumer-electronics-156,retail consumer electronics,performance,3 Years,84.19,24.67
retail-consumer-electronics-156,retail consumer electronics,performance,5 Years,84.39,-17.76
retail-consumer-electronics-156,retail consumer electronics,industry_earnings,PE (F1),17.13,12.86
retail-consumer-electronics-156,retail consumer electronics,industry_earnings,PEG (Ratio),1.73,2.19
retail-consumer-electronics-156,retail consumer electronics,industry_earnings,Proj EPS Growth,11.19%,6.02%
retail-consumer-electronics-156,retail consumer electronics,industry_earnings,Hist EPS Growth,7.03%,-7.81%
retail-consumer-electronics-156,retail consumer electronics,industry_earnings,Net Margin,12.94%,14.69%
retail-consumer-electronics-156,retail consumer electronics,industry_earnings,Hist Sales Growth,6.19%,-13.26%
retail-consumer-electronics-156,retail consumer electronics,industry_earnings,Hist Dividend Growth,3.80%,0.00%
retail-consumer-electronics-156,retail consumer electronics,financial_ratios,Beta,0.94,-1.02
retail-consumer-electronics-156,retail consumer electronics,financial_ratios,ROE,17.83,26.75
retail-consumer-electronics-156,retail consumer electronics,financial_ratios,ROA,7.54,7.05
retail-consumer-electronics-156,retail consumer electronics,financial_ratios,ROI,11.97,19.99
retail-consumer-electronics-156,retail consumer electronics,financial_ratios,Debt-to-Equity,0.56,0.11
retail-consumer-electronics-156,retail consumer electronics,financial_ratios,Current Ratio,1.19,2.36
retail-consumer-electronics-156,retail consumer electronics,financial_ratios,Cash Flow ($/share),"3,065.15",0.20
retail-consumer-electronics-156,retail consumer electronics,financial_ratios,Price to Book,3.80,0.80
retail-consumer-electronics-156,retail consumer electronics,financial_ratios,Price To Sales,2.96,2.23
retail-consumer-electronics-156,retail consumer electronics,financial_ratios,Dividend Yield,1.44%,0.00%
retail-convenience-stores-157,retail convenience stores,performance,1 Month,0.55,-15.46
retail-convenience-stores-157,retail convenience stores,performance,3 Months,2.73,-17.73
retail-convenience-stores-157,retail convenience stores,performance,YTD,12.91,16.00
retail-convenience-stores-157,retail convenience stores,performance,1 Year,15.47,15.77
retail-convenience-stores-157,retail convenience stores,performance,3 Years,84.19,96.39
retail-convenience-stores-157,retail convenience stores,performance,5 Years,84.39,224.78
retail-convenience-stores-157,retail convenience stores,industry_earnings,PE (F1),17.13,21.82
retail-convenience-stores-157,retail convenience stores,industry_earnings,PEG (Ratio),1.73,1.74
retail-convenience-stores-157,retail convenience stores,industry_earnings,Proj EPS Growth,11.19%,27.93%
retail-convenience-stores-157,retail convenience stores,industry_earnings,Hist EPS Growth,7.03%,14.13%
retail-convenience-stores-157,retail convenience stores,industry_earnings,Net Margin,12.94%,3.51%
retail-convenience-stores-157,retail convenience stores,industry_earnings,Hist Sales Growth,6.19%,4.37%
retail-convenience-stores-157,retail convenience stores,industry_earnings,Hist Dividend Growth,3.80%,14.04%
retail-convenience-stores-157,retail convenience stores,financial_ratios,Beta,0.94,0.44
retail-convenience-stores-157,retail convenience stores,financial_ratios,ROE,17.83,57.85
retail-convenience-stores-157,retail convenience stores,financial_ratios,ROA,7.54,10.86
retail-convenience-stores-157,retail convenience stores,financial_ratios,ROI,11.97,17.26
retail-convenience-stores-157,retail convenience stores,financial_ratios,Debt-to-Equity,0.56,1.67
retail-convenience-stores-157,retail convenience stores,financial_ratios,Current Ratio,1.19,0.97
retail-convenience-stores-157,retail convenience stores,financial_ratios,Cash Flow ($/share),"3,065.15",956.94
retail-convenience-stores-157,retail convenience stores,financial_ratios,Price to Book,3.80,8.84
retail-convenience-stores-157,retail convenience stores,financial_ratios,Price To Sales,2.96,0.84
retail-convenience-stores-157,retail convenience stores,financial_ratios,Dividend Yield,1.44%,0.42%
retail-discount-stores-158,retail discount stores,performance,1 Month,0.55,-2.24
retail-discount-stores-158,retail discount stores,performance,3 Months,2.73,-1.10
retail-discount-stores-158,retail discount stores,performance,YTD,12.91,6.10
retail-discount-stores-158,retail discount stores,performance,1 Year,15.47,8.44
retail-discount-stores-158,retail discount stores,performance,3 Years,84.19,59.77
retail-discount-stores-158,retail discount stores,performance,5 Years,84.39,59.20
retail-discount-stores-158,retail discount stores,industry_earnings,PE (F1),17.13,23.11
retail-discount-stores-158,retail discount stores,industry_earnings,PEG (Ratio),1.73,1.83
retail-discount-stores-158,retail discount stores,industry_earnings,Proj EPS Growth,11.19%,22.08%
retail-discount-stores-158,retail discount stores,industry_earnings,Hist EPS Growth,7.03%,11.44%
retail-discount-stores-158,retail discount stores,industry_earnings,Net Margin,12.94%,4.97%
retail-discount-stores-158,retail discount stores,industry_earnings,Hist Sales Growth,6.19%,5.98%
retail-discount-stores-158,retail discount stores,industry_earnings,Hist Dividend Growth,3.80%,0.00%
retail-discount-stores-158,retail discount stores,financial_ratios,Beta,0.94,0.83
retail-discount-stores-158,retail discount stores,financial_ratios,ROE,17.83,33.11
retail-discount-stores-158,retail discount stores,financial_ratios,ROA,7.54,8.78
retail-discount-stores-158,retail discount stores,financial_ratios,ROI,11.97,20.96
retail-discount-stores-158,retail discount stores,financial_ratios,Debt-to-Equity,0.56,0.33
retail-discount-stores-158,retail discount stores,financial_ratios,Current Ratio,1.19,1.16
retail-discount-stores-158,retail discount stores,financial_ratios,Cash Flow ($/share),"3,065.15","2,558.63"
retail-discount-stores-158,retail discount stores,financial_ratios,Price to Book,3.80,7.46
retail-discount-stores-158,retail discount stores,financial_ratios,Price To Sales,2.96,1.21
retail-discount-stores-158,retail discount stores,financial_ratios,Dividend Yield,1.44%,0.64%
retail-home-furnishings-161,retail home furnishings,performance,1 Month,0.55,-9.64
retail-home-furnishings-161,retail home furnishings,performance,3 Months,2.73,-17.93
retail-home-furnishings-161,retail home furnishings,performance,YTD,12.91,-18.04
retail-home-furnishings-161,retail home furnishings,performance,1 Year,15.47,-32.38
retail-home-furnishings-161,retail home furnishings,performance,3 Years,84.19,-13.68
retail-home-furnishings-161,retail home furnishings,performance,5 Years,84.39,-18.44
retail-home-furnishings-161,retail home furnishings,industry_earnings,PE (F1),17.13,18.83
retail-home-furnishings-161,retail home furnishings,industry_earnings,PEG (Ratio),1.73,1.90
retail-home-furnishings-161,retail home furnishings,industry_earnings,Proj EPS Growth,11.19%,11.27%
retail-home-furnishings-161,retail home furnishings,industry_earnings,Hist EPS Growth,7.03%,-13.19%
retail-home-furnishings-161,retail home furnishings,industry_earnings,Net Margin,12.94%,6.94%
retail-home-furnishings-161,retail home furnishings,industry_earnings,Hist Sales Growth,6.19%,-2.47%
retail-home-furnishings-161,retail home furnishings,industry_earnings,Hist Dividend Growth,3.80%,0.00%
retail-home-furnishings-161,retail home furnishings,financial_ratios,Beta,0.94,1.23
retail-home-furnishings-161,retail home furnishings,financial_ratios,ROE,17.83,9.11
retail-home-furnishings-161,retail home furnishings,financial_ratios,ROA,7.54,5.20
retail-home-furnishings-161,retail home furnishings,financial_ratios,ROI,11.97,8.99
retail-home-furnishings-161,retail home furnishings,financial_ratios,Debt-to-Equity,0.56,0.00
retail-home-furnishings-161,retail home furnishings,financial_ratios,Current Ratio,1.19,1.43
retail-home-furnishings-161,retail home furnishings,financial_ratios,Cash Flow ($/share),"3,065.15",56.35
retail-home-furnishings-161,retail home furnishings,financial_ratios,Price to Book,3.80,1.45
retail-home-furnishings-161,retail home furnishings,financial_ratios,Price To Sales,2.96,1.04
retail-home-furnishings-161,retail home furnishings,financial_ratios,Dividend Yield,1.44%,0.00%
retail-jewelry-162,retail jewelry,performance,1 Month,0.55,22.18
retail-jewelry-162,retail jewelry,performance,3 Months,2.73,16.36
retail-jewelry-162,retail jewelry,performance,YTD,12.91,23.57
retail-jewelry-162,retail jewelry,performance,1 Year,15.47,8.56
retail-jewelry-162,retail jewelry,performance,3 Years,84.19,20.62
retail-jewelry-162,retail jewelry,performance,5 Years,84.39,-18.64
retail-jewelry-162,retail jewelry,industry_earnings,PE (F1),17.13,16.40
retail-jewelry-162,retail jewelry,industry_earnings,PEG (Ratio),1.73,1.09
retail-jewelry-162,retail jewelry,industry_earnings,Proj EPS Growth,11.19%,42.86%
retail-jewelry-162,retail jewelry,industry_earnings,Hist EPS Growth,7.03%,-15.73%
retail-jewelry-162,retail jewelry,industry_earnings,Net Margin,12.94%,5.60%
retail-jewelry-162,retail jewelry,industry_earnings,Hist Sales Growth,6.19%,-0.85%
retail-jewelry-162,retail jewelry,industry_earnings,Hist Dividend Growth,3.80%,0.00%
retail-jewelry-162,retail jewelry,financial_ratios,Beta,0.94,0.88
retail-jewelry-162,retail jewelry,financial_ratios,ROE,17.83,15.89
retail-jewelry-162,retail jewelry,financial_ratios,ROA,7.54,6.70
retail-jewelry-162,retail jewelry,financial_ratios,ROI,11.97,15.89
retail-jewelry-162,retail jewelry,financial_ratios,Debt-to-Equity,0.56,0.01
retail-jewelry-162,retail jewelry,financial_ratios,Current Ratio,1.19,2.18
retail-jewelry-162,retail jewelry,financial_ratios,Cash Flow ($/share),"3,065.15",39.82
retail-jewelry-162,retail jewelry,financial_ratios,Price to Book,3.80,2.20
retail-jewelry-162,retail jewelry,financial_ratios,Price To Sales,2.96,0.84
retail-jewelry-162,retail jewelry,financial_ratios,Dividend Yield,1.44%,0.00%
retail-mail-order-163,retail mail order,performance,1 Month,0.55,3.33
retail-mail-order-163,retail mail order,performance,3 Months,2.73,30.59
retail-mail-order-163,retail mail order,performance,YTD,12.91,82.91
retail-mail-order-163,retail mail order,performance,1 Year,15.47,33.96
retail-mail-order-163,retail mail order,performance,3 Years,84.19,-4.80
retail-mail-order-163,retail mail order,performance,5 Years,84.39,3.01
retail-mail-order-163,retail mail order,industry_earnings,PE (F1),17.13,12.96
retail-mail-order-163,retail mail order,industry_earnings,PEG (Ratio),1.73,1.08
retail-mail-order-163,retail mail order,industry_earnings,Proj EPS Growth,11.19%,37.58%
retail-mail-order-163,retail mail order,industry_earnings,Hist EPS Growth,7.03%,-21.22%
retail-mail-order-163,retail mail order,industry_earnings,Net Margin,12.94%,-3.26%
retail-mail-order-163,retail mail order,industry_earnings,Hist Sales Growth,6.19%,-6.37%
retail-mail-order-163,retail mail order,industry_earnings,Hist Dividend Growth,3.80%,0.00%
retail-mail-order-163,retail mail order,financial_ratios,Beta,0.94,1.40
retail-mail-order-163,retail mail order,financial_ratios,ROE,17.83,-7.03
retail-mail-order-163,retail mail order,financial_ratios,ROA,7.54,-3.23
retail-mail-order-163,retail mail order,financial_ratios,ROI,11.97,-5.67
retail-mail-order-163,retail mail order,financial_ratios,Debt-to-Equity,0.56,0.85
retail-mail-order-163,retail mail order,financial_ratios,Current Ratio,1.19,1.05
retail-mail-order-163,retail mail order,financial_ratios,Cash Flow ($/share),"3,065.15",224.27
retail-mail-order-163,retail mail order,financial_ratios,Price to Book,3.80,2.09
retail-mail-order-163,retail mail order,financial_ratios,Price To Sales,2.96,0.33
retail-mail-order-163,retail mail order,financial_ratios,Dividend Yield,1.44%,0.00%
retail-major-department-store-164,retail major department store,performance,1 Month,0.55,
retail-major-department-store-164,retail major department store,performance,3 Months,2.73,
retail-major-department-store-164,retail major department store,performance,YTD,12.91,
retail-major-department-store-164,retail major department store,performance,1 Year,15.47,
retail-major-department-store-164,retail major department store,performance,3 Years,84.19,
retail-major-department-store-164,retail major department store,performance,5 Years,84.39,
retail-major-department-store-164,retail major department store,industry_earnings,PE (F1),17.13,
retail-major-department-store-164,retail major department store,industry_earnings,PEG (Ratio),1.73,
retail-major-department-store-164,retail major department store,industry_earnings,Proj EPS Growth,11.19%,
retail-major-department-store-164,retail major department store,industry_earnings,Hist EPS Growth,7.03%,
retail-major-department-store-164,retail major department store,industry_earnings,Net Margin,12.94%,
retail-major-department-store-164,retail major department store,industry_earnings,Hist Sales Growth,6.19%,
retail-major-department-store-164,retail major department store,industry_earnings,Hist Dividend Growth,3.80%,
retail-major-department-store-164,retail major department store,financial_ratios,Beta,0.94,
retail-major-department-store-164,retail major department store,financial_ratios,ROE,17.83,
retail-major-department-store-164,retail major department store,financial_ratios,ROA,7.54,
retail-major-department-store-164,retail major department store,financial_ratios,ROI,11.97,
retail-major-department-store-164,retail major department store,financial_ratios,Debt-to-Equity,0.56,
retail-major-department-store-164,retail major department store,financial_ratios,Current Ratio,1.19,
retail-major-department-store-164,retail major department store,financial_ratios,Cash Flow ($/share),"3,065.15",
retail-major-department-store-164,retail major department store,financial_ratios,Price to Book,3.80,
retail-major-department-store-164,retail major department store,financial_ratios,Price To Sales,2.96,
retail-major-department-store-164,retail major department store,financial_ratios,Dividend Yield,1.44%,
retail-miscellaneous-165,retail miscellaneous,performance,1 Month,0.55,-4.89
retail-miscellaneous-165,retail miscellaneous,performance,3 Months,2.73,-5.62
retail-miscellaneous-165,retail miscellaneous,performance,YTD,12.91,-20.47
retail-miscellaneous-165,retail miscellaneous,performance,1 Year,15.47,-22.58
retail-miscellaneous-165,retail miscellaneous,performance,3 Years,84.19,2.39
retail-miscellaneous-165,retail miscellaneous,performance,5 Years,84.39,-21.66
retail-miscellaneous-165,retail miscellaneous,industry_earnings,PE (F1),17.13,15.03
retail-miscellaneous-165,retail miscellaneous,industry_earnings,PEG (Ratio),1.73,1.61
retail-miscellaneous-165,retail miscellaneous,industry_earnings,Proj EPS Growth,11.19%,8.53%
retail-miscellaneous-165,retail miscellaneous,industry_earnings,Hist EPS Growth,7.03%,-1.16%
retail-miscellaneous-165,retail miscellaneous,industry_earnings,Net Margin,12.94%,5.79%
retail-miscellaneous-165,retail miscellaneous,industry_earnings,Hist Sales Growth,6.19%,1.63%
retail-miscellaneous-165,retail miscellaneous,industry_earnings,Hist Dividend Growth,3.80%,0.00%
retail-miscellaneous-165,retail miscellaneous,financial_ratios,Beta,0.94,0.89
retail-miscellaneous-165,retail miscellaneous,financial_ratios,ROE,17.83,12.55
retail-miscellaneous-165,retail miscellaneous,financial_ratios,ROA,7.54,6.57
retail-miscellaneous-165,retail miscellaneous,financial_ratios,ROI,11.97,14.79
retail-miscellaneous-165,retail miscellaneous,financial_ratios,Debt-to-Equity,0.56,0.23
retail-miscellaneous-165,retail miscellaneous,financial_ratios,Current Ratio,1.19,1.33
retail-miscellaneous-165,retail miscellaneous,financial_ratios,Cash Flow ($/share),"3,065.15",561.98
retail-miscellaneous-165,retail miscellaneous,financial_ratios,Price to Book,3.80,2.00
retail-miscellaneous-165,retail miscellaneous,financial_ratios,Price To Sales,2.96,0.55
retail-miscellaneous-165,retail miscellaneous,financial_ratios,Dividend Yield,1.44%,0.00%
retail-pharmacies-and-drug-stores-159,retail pharmacies and drug stores,performance,1 Month,0.55,
retail-pharmacies-and-drug-stores-159,retail pharmacies and drug stores,performance,3 Months,2.73,
retail-pharmacies-and-drug-stores-159,retail pharmacies and drug stores,performance,YTD,12.91,
retail-pharmacies-and-drug-stores-159,retail pharmacies and drug stores,performance,1 Year,15.47,
retail-pharmacies-and-drug-stores-159,retail pharmacies and drug stores,performance,3 Years,84.19,
retail-pharmacies-and-drug-stores-159,retail pharmacies and drug stores,performance,5 Years,84.39,
retail-pharmacies-and-drug-stores-159,retail pharmacies and drug stores,industry_earnings,PE (F1),17.13,4.58
retail-pharmacies-and-drug-stores-159,retail pharmacies and drug stores,industry_earnings,PEG (Ratio),1.73,0.41
retail-pharmacies-and-drug-stores-159,retail pharmacies and drug stores,industry_earnings,Proj EPS Growth,11.19%,26.42%
retail-pharmacies-and-drug-stores-159,retail pharmacies and drug stores,industry_earnings,Hist EPS Growth,7.03%,-17.17%
retail-pharmacies-and-drug-stores-159,retail pharmacies and drug stores,industry_earnings,Net Margin,12.94%,3.16%
retail-pharmacies-and-drug-stores-159,retail pharmacies and drug stores,industry_earnings,Hist Sales Growth,6.19%,-2.67%
retail-pharmacies-and-drug-stores-159,retail pharmacies and drug stores,industry_earnings,Hist Dividend Growth,3.80%,0.00%
retail-pharmacies-and-drug-stores-159,retail pharmacies and drug stores,financial_ratios,Beta,0.94,0.35
retail-pharmacies-and-drug-stores-159,retail pharmacies and drug stores,financial_ratios,ROE,17.83,-43.90
retail-pharmacies-and-drug-stores-159,retail pharmacies and drug stores,financial_ratios,ROA,7.54,7.89
retail-pharmacies-and-drug-stores-159,retail pharmacies and drug stores,financial_ratios,ROI,11.97,14.91
retail-pharmacies-and-drug-stores-159,retail pharmacies and drug stores,financial_ratios,Debt-to-Equity,0.56,-2.15
retail-pharmacies-and-drug-stores-159,retail pharmacies and drug stores,financial_ratios,Current Ratio,1.19,1.76
retail-pharmacies-and-drug-stores-159,retail pharmacies and drug stores,financial_ratios,Cash Flow ($/share),"3,065.15",169.86
retail-pharmacies-and-drug-stores-159,retail pharmacies and drug stores,financial_ratios,Price to Book,3.80,0.02
retail-pharmacies-and-drug-stores-159,retail pharmacies and drug stores,financial_ratios,Price To Sales,2.96,0.25
retail-pharmacies-and-drug-stores-159,retail pharmacies and drug stores,financial_ratios,Dividend Yield,1.44%,0.00%
retail-regional-department-stores-166,retail regional department stores,performance,1 Month,0.55,3.74
retail-regional-department-stores-166,retail regional department stores,performance,3 Months,2.73,9.11
retail-regional-department-stores-166,retail regional department stores,performance,YTD,12.91,4.06
retail-regional-department-stores-166,retail regional department stores,performance,1 Year,15.47,12.39
retail-regional-department-stores-166,retail regional department stores,performance,3 Years,84.19,70.86
retail-regional-department-stores-166,retail regional department stores,performance,5 Years,84.39,24.39
retail-regional-department-stores-166,retail regional department stores,industry_earnings,PE (F1),17.13,13.97
retail-regional-department-stores-166,retail regional department stores,industry_earnings,PEG (Ratio),1.73,3.03
retail-regional-department-stores-166,retail regional department stores,industry_earnings,Proj EPS Growth,11.19%,8.23%
retail-regional-department-stores-166,retail regional department stores,industry_earnings,Hist EPS Growth,7.03%,-10.53%
retail-regional-department-stores-166,retail regional department stores,industry_earnings,Net Margin,12.94%,10.48%
retail-regional-department-stores-166,retail regional department stores,industry_earnings,Hist Sales Growth,6.19%,-1.28%
retail-regional-department-stores-166,retail regional department stores,industry_earnings,Hist Dividend Growth,3.80%,0.00%
retail-regional-department-stores-166,retail regional department stores,financial_ratios,Beta,0.94,1.22
retail-regional-department-stores-166,retail regional department stores,financial_ratios,ROE,17.83,13.21
retail-regional-department-stores-166,retail regional department stores,financial_ratios,ROA,7.54,3.83
retail-regional-department-stores-166,retail regional department stores,financial_ratios,ROI,11.97,8.73
retail-regional-department-stores-166,retail regional department stores,financial_ratios,Debt-to-Equity,0.56,0.87
retail-regional-department-stores-166,retail regional department stores,financial_ratios,Current Ratio,1.19,1.59
retail-regional-department-stores-166,retail regional department stores,financial_ratios,Cash Flow ($/share),"3,065.15",886.00
retail-regional-department-stores-166,retail regional department stores,financial_ratios,Price to Book,3.80,2.16
retail-regional-department-stores-166,retail regional department stores,financial_ratios,Price To Sales,2.96,1.55
retail-regional-department-stores-166,retail regional department stores,financial_ratios,Dividend Yield,1.44%,1.45%
retail-restaurants-160,retail restaurants,performance,1 Month,0.55,-11.10
retail-restaurants-160,retail restaurants,performance,3 Months,2.73,-15.47
retail-restaurants-160,retail restaurants,performance,YTD,12.91,-14.47
retail-restaurants-160,retail restaurants,performance,1 Year,15.47,-14.26
retail-restaurants-160,retail restaurants,performance,3 Years,84.19,-9.07
retail-restaurants-160,retail restaurants,performance,5 Years,84.39,-17.29
retail-restaurants-160,retail restaurants,industry_earnings,PE (F1),17.13,18.58
retail-restaurants-160,retail restaurants,industry_earnings,PEG (Ratio),1.73,1.67
retail-restaurants-160,retail restaurants,industry_earnings,Proj EPS Growth,11.19%,6.17%
retail-restaurants-160,retail restaurants,industry_earnings,Hist EPS Growth,7.03%,6.64%
retail-restaurants-160,retail restaurants,industry_earnings,Net Margin,12.94%,2.56%
retail-restaurants-160,retail restaurants,industry_earnings,Hist Sales Growth,6.19%,5.55%
retail-restaurants-160,retail restaurants,industry_earnings,Hist Dividend Growth,3.80%,0.00%
retail-restaurants-160,retail restaurants,financial_ratios,Beta,0.94,0.86
retail-restaurants-160,retail restaurants,financial_ratios,ROE,17.83,3.43
retail-restaurants-160,retail restaurants,financial_ratios,ROA,7.54,2.95
retail-restaurants-160,retail restaurants,financial_ratios,ROI,11.97,6.44
retail-restaurants-160,retail restaurants,financial_ratios,Debt-to-Equity,0.56,0.22
retail-restaurants-160,retail restaurants,financial_ratios,Current Ratio,1.19,0.77
retail-restaurants-160,retail restaurants,financial_ratios,Cash Flow ($/share),"3,065.15",128.61
retail-restaurants-160,retail restaurants,financial_ratios,Price to Book,3.80,2.36
retail-restaurants-160,retail restaurants,financial_ratios,Price To Sales,2.96,0.78
retail-restaurants-160,retail restaurants,financial_ratios,Dividend Yield,1.44%,0.00%
retail-supermarkets-167,retail supermarkets,performance,1 Month,0.55,-1.40
retail-supermarkets-167,retail supermarkets,performance,3 Months,2.73,-3.82
retail-supermarkets-167,retail supermarkets,performance,YTD,12.91,-6.59
retail-supermarkets-167,retail supermarkets,performance,1 Year,15.47,1.26
retail-supermarkets-167,retail supermarkets,performance,3 Years,84.19,90.55
retail-supermarkets-167,retail supermarkets,performance,5 Years,84.39,121.89
retail-supermarkets-167,retail supermarkets,industry_earnings,PE (F1),17.13,13.18
retail-supermarkets-167,retail supermarkets,industry_earnings,PEG (Ratio),1.73,1.78
retail-supermarkets-167,retail supermarkets,industry_earnings,Proj EPS Growth,11.19%,9.73%
retail-supermarkets-167,retail supermarkets,industry_earnings,Hist EPS Growth,7.03%,5.71%
retail-supermarkets-167,retail supermarkets,industry_earnings,Net Margin,12.94%,1.92%
retail-supermarkets-167,retail supermarkets,industry_earnings,Hist Sales Growth,6.19%,3.72%
retail-supermarkets-167,retail supermarkets,industry_earnings,Hist Dividend Growth,3.80%,0.00%
retail-supermarkets-167,retail supermarkets,financial_ratios,Beta,0.94,0.58
retail-supermarkets-167,retail supermarkets,financial_ratios,ROE,17.83,10.80
retail-supermarkets-167,retail supermarkets,financial_ratios,ROA,7.54,4.97
retail-supermarkets-167,retail supermarkets,financial_ratios,ROI,11.97,9.55
retail-supermarkets-167,retail supermarkets,financial_ratios,Debt-to-Equity,0.56,0.29
retail-supermarkets-167,retail supermarkets,financial_ratios,Current Ratio,1.19,0.86
retail-supermarkets-167,retail supermarkets,financial_ratios,Cash Flow ($/share),"3,065.15","2,023.91"
retail-supermarkets-167,retail supermarkets,financial_ratios,Price to Book,3.80,1.46
retail-supermarkets-167,retail supermarkets,financial_ratios,Price To Sales,2.96,0.30
retail-supermarkets-167,retail supermarkets,financial_ratios,Dividend Yield,1.44%,1.74%
retail-vending-168,retail vending,performance,1 Month,0.55,
retail-vending-168,retail vending,performance,3 Months,2.73,
retail-vending-168,retail vending,performance,YTD,12.91,
retail-vending-168,retail vending,performance,1 Year,15.47,
retail-vending-168,retail vending,performance,3 Years,84.19,
retail-vending-168,retail vending,performance,5 Years,84.39,
retail-vending-168,retail vending,industry_earnings,PE (F1),17.13,
retail-vending-168,retail vending,industry_earnings,PEG (Ratio),1.73,
retail-vending-168,retail vending,industry_earnings,Proj EPS Growth,11.19%,
retail-vending-168,retail vending,industry_earnings,Hist EPS Growth,7.03%,
retail-vending-168,retail vending,industry_earnings,Net Margin,12.94%,
retail-vending-168,retail vending,industry_earnings,Hist Sales Growth,6.19%,
retail-vending-168,retail vending,industry_earnings,Hist Dividend Growth,3.80%,
retail-vending-168,retail vending,financial_ratios,Beta,0.94,
retail-vending-168,retail vending,financial_ratios,ROE,17.83,
retail-vending-168,retail vending,financial_ratios,ROA,7.54,
retail-vending-168,retail vending,financial_ratios,ROI,11.97,
retail-vending-168,retail vending,financial_ratios,Debt-to-Equity,0.56,
retail-vending-168,retail vending,financial_ratios,Current Ratio,1.19,
retail-vending-168,retail vending,financial_ratios,Cash Flow ($/share),"3,065.15",
retail-vending-168,retail vending,financial_ratios,Price to Book,3.80,
retail-vending-168,retail vending,financial_ratios,Price To Sales,2.96,
retail-vending-168,retail vending,financial_ratios,Dividend Yield,1.44%,
rubber-plastics-170,rubber plastics,performance,1 Month,0.55,12.57
rubber-plastics-170,rubber plastics,performance,3 Months,2.73,8.50
rubber-plastics-170,rubber plastics,performance,YTD,12.91,79.63
rubber-plastics-170,rubber plastics,performance,1 Year,15.47,89.64
rubber-plastics-170,rubber plastics,performance,3 Years,84.19,160.19
rubber-plastics-170,rubber plastics,performance,5 Years,84.39,38.56
rubber-plastics-170,rubber plastics,industry_earnings,PE (F1),17.13,32.44
rubber-plastics-170,rubber plastics,industry_earnings,PEG (Ratio),1.73,
rubber-plastics-170,rubber plastics,industry_earnings,Proj EPS Growth,11.19%,6.73%
rubber-plastics-170,rubber plastics,industry_earnings,Hist EPS Growth,7.03%,-1.30%
rubber-plastics-170,rubber plastics,industry_earnings,Net Margin,12.94%,3.88%
rubber-plastics-170,rubber plastics,industry_earnings,Hist Sales Growth,6.19%,1.09%
rubber-plastics-170,rubber plastics,industry_earnings,Hist Dividend Growth,3.80%,0.00%
rubber-plastics-170,rubber plastics,financial_ratios,Beta,0.94,0.39
rubber-plastics-170,rubber plastics,financial_ratios,ROE,17.83,4.72
rubber-plastics-170,rubber plastics,financial_ratios,ROA,7.54,3.71
rubber-plastics-170,rubber plastics,financial_ratios,ROI,11.97,4.55
rubber-plastics-170,rubber plastics,financial_ratios,Debt-to-Equity,0.56,0.00
rubber-plastics-170,rubber plastics,financial_ratios,Current Ratio,1.19,2.82
rubber-plastics-170,rubber plastics,financial_ratios,Cash Flow ($/share),"3,065.15",64.40
rubber-plastics-170,rubber plastics,financial_ratios,Price to Book,3.80,1.27
rubber-plastics-170,rubber plastics,financial_ratios,Price To Sales,2.96,2.80
rubber-plastics-170,rubber plastics,financial_ratios,Dividend Yield,1.44%,0.00%
rubber-tires-171,rubber tires,performance,1 Month,0.55,-16.03
rubber-tires-171,rubber tires,performance,3 Months,2.73,-22.14
rubber-tires-171,rubber tires,performance,YTD,12.91,-42.58
rubber-tires-171,rubber tires,performance,1 Year,15.47,-33.29
rubber-tires-171,rubber tires,performance,3 Years,84.19,-59.53
rubber-tires-171,rubber tires,performance,5 Years,84.39,-72.96
rubber-tires-171,rubber tires,industry_earnings,PE (F1),17.13,12.33
rubber-tires-171,rubber tires,industry_earnings,PEG (Ratio),1.73,0.75
rubber-tires-171,rubber tires,industry_earnings,Proj EPS Growth,11.19%,-88.95%
rubber-tires-171,rubber tires,industry_earnings,Hist EPS Growth,7.03%,-33.81%
rubber-tires-171,rubber tires,industry_earnings,Net Margin,12.94%,-6.12%
rubber-tires-171,rubber tires,industry_earnings,Hist Sales Growth,6.19%,-4.81%
rubber-tires-171,rubber tires,industry_earnings,Hist Dividend Growth,3.80%,0.00%
rubber-tires-171,rubber tires,financial_ratios,Beta,0.94,1.01
rubber-tires-171,rubber tires,financial_ratios,ROE,17.83,-0.24
rubber-tires-171,rubber tires,financial_ratios,ROA,7.54,0.51
rubber-tires-171,rubber tires,financial_ratios,ROI,11.97,0.73
rubber-tires-171,rubber tires,financial_ratios,Debt-to-Equity,0.56,0.04
rubber-tires-171,rubber tires,financial_ratios,Current Ratio,1.19,1.65
rubber-tires-171,rubber tires,financial_ratios,Cash Flow ($/share),"3,065.15","1,874.00"
rubber-tires-171,rubber tires,financial_ratios,Price to Book,3.80,0.61
rubber-tires-171,rubber tires,financial_ratios,Price To Sales,2.96,0.31
rubber-tires-171,rubber tires,financial_ratios,Dividend Yield,1.44%,0.00%
satellite-and-communication-237,satellite and communication,performance,1 Month,0.55,-0.02
satellite-and-communication-237,satellite and communication,performance,3 Months,2.73,-17.03
satellite-and-communication-237,satellite and communication,performance,YTD,12.91,-5.08
satellite-and-communication-237,satellite and communication,performance,1 Year,15.47,24.15
satellite-and-communication-237,satellite and communication,performance,3 Years,84.19,208.97
satellite-and-communication-237,satellite and communication,performance,5 Years,84.39,72.72
satellite-and-communication-237,satellite and communication,industry_earnings,PE (F1),17.13,34.16
satellite-and-communication-237,satellite and communication,industry_earnings,PEG (Ratio),1.73,4.23
satellite-and-communication-237,satellite and communication,industry_earnings,Proj EPS Growth,11.19%,-17.92%
satellite-and-communication-237,satellite and communication,industry_earnings,Hist EPS Growth,7.03%,34.63%
satellite-and-communication-237,satellite and communication,industry_earnings,Net Margin,12.94%,-30.48%
satellite-and-communication-237,satellite and communication,industry_earnings,Hist Sales Growth,6.19%,19.01%
satellite-and-communication-237,satellite and communication,industry_earnings,Hist Dividend Growth,3.80%,0.00%
satellite-and-communication-237,satellite and communication,financial_ratios,Beta,0.94,1.04
satellite-and-communication-237,satellite and communication,financial_ratios,ROE,17.83,-5.36
satellite-and-communication-237,satellite and communication,financial_ratios,ROA,7.54,-1.09
satellite-and-communication-237,satellite and communication,financial_ratios,ROI,11.97,-1.75
satellite-and-communication-237,satellite and communication,financial_ratios,Debt-to-Equity,0.56,1.05
satellite-and-communication-237,satellite and communication,financial_ratios,Current Ratio,1.19,2.34
satellite-and-communication-237,satellite and communication,financial_ratios,Cash Flow ($/share),"3,065.15",89.82
satellite-and-communication-237,satellite and communication,financial_ratios,Price to Book,3.80,1.81
satellite-and-communication-237,satellite and communication,financial_ratios,Price To Sales,2.96,4.19
satellite-and-communication-237,satellite and communication,financial_ratios,Dividend Yield,1.44%,0.00%
schools-172,schools,performance,1 Month,0.55,-3.26
schools-172,schools,performance,3 Months,2.73,-2.40
schools-172,schools,performance,YTD,12.91,1.41
schools-172,schools,performance,1 Year,15.47,-11.74
schools-172,schools,performance,3 Years,84.19,24.83
schools-172,schools,performance,5 Years,84.39,56.65
schools-172,schools,industry_earnings,PE (F1),17.13,12.44
schools-172,schools,industry_earnings,PEG (Ratio),1.73,0.91
schools-172,schools,industry_earnings,Proj EPS Growth,11.19%,16.99%
schools-172,schools,industry_earnings,Hist EPS Growth,7.03%,22.80%
schools-172,schools,industry_earnings,Net Margin,12.94%,8.29%
schools-172,schools,industry_earnings,Hist Sales Growth,6.19%,8.76%
schools-172,schools,industry_earnings,Hist Dividend Growth,3.80%,0.00%
schools-172,schools,financial_ratios,Beta,0.94,0.68
schools-172,schools,financial_ratios,ROE,17.83,14.47
schools-172,schools,financial_ratios,ROA,7.54,7.11
schools-172,schools,financial_ratios,ROI,11.97,11.80
schools-172,schools,financial_ratios,Debt-to-Equity,0.56,0.15
schools-172,schools,financial_ratios,Current Ratio,1.19,1.77
schools-172,schools,financial_ratios,Cash Flow ($/share),"3,065.15",9.78
schools-172,schools,financial_ratios,Price to Book,3.80,1.65
schools-172,schools,financial_ratios,Price To Sales,2.96,1.19
schools-172,schools,financial_ratios,Dividend Yield,1.44%,0.00%
securities-and-exchanges-276,securities and exchanges,performance,1 Month,0.55,-8.19
securities-and-exchanges-276,securities and exchanges,performance,3 Months,2.73,7.20
securities-and-exchanges-276,securities and exchanges,performance,YTD,12.91,-12.75
securities-and-exchanges-276,securities and exchanges,performance,1 Year,15.47,-8.39
securities-and-exchanges-276,securities and exchanges,performance,3 Years,84.19,23.14
securities-and-exchanges-276,securities and exchanges,performance,5 Years,84.39,19.69
securities-and-exchanges-276,securities and exchanges,industry_earnings,PE (F1),17.13,21.74
securities-and-exchanges-276,securities and exchanges,industry_earnings,PEG (Ratio),1.73,1.55
securities-and-exchanges-276,securities and exchanges,industry_earnings,Proj EPS Growth,11.19%,12.20%
securities-and-exchanges-276,securities and exchanges,industry_earnings,Hist EPS Growth,7.03%,9.97%
securities-and-exchanges-276,securities and exchanges,industry_earnings,Net Margin,12.94%,30.08%
securities-and-exchanges-276,securities and exchanges,industry_earnings,Hist Sales Growth,6.19%,9.22%
securities-and-exchanges-276,securities and exchanges,industry_earnings,Hist Dividend Growth,3.80%,9.34%
securities-and-exchanges-276,securities and exchanges,financial_ratios,Beta,0.94,0.43
securities-and-exchanges-276,securities and exchanges,financial_ratios,ROE,17.83,18.38
securities-and-exchanges-276,securities and exchanges,financial_ratios,ROA,7.54,7.63
securities-and-exchanges-276,securities and exchanges,financial_ratios,ROI,11.97,13.88
securities-and-exchanges-276,securities and exchanges,financial_ratios,Debt-to-Equity,0.56,0.14
securities-and-exchanges-276,securities and exchanges,financial_ratios,Current Ratio,1.19,1.01
securities-and-exchanges-276,securities and exchanges,financial_ratios,Cash Flow ($/share),"3,065.15","2,988.18"
securities-and-exchanges-276,securities and exchanges,financial_ratios,Price to Book,3.80,4.27
securities-and-exchanges-276,securities and exchanges,financial_ratios,Price To Sales,2.96,6.33
securities-and-exchanges-276,securities and exchanges,financial_ratios,Dividend Yield,1.44%,1.30%
security-256,security,performance,1 Month,0.55,14.61
security-256,security,performance,3 Months,2.73,22.16
security-256,security,performance,YTD,12.91,105.13
security-256,security,performance,1 Year,15.47,83.96
security-256,security,performance,3 Years,84.19,240.22
security-256,security,performance,5 Years,84.39,179.19
security-256,security,industry_earnings,PE (F1),17.13,54.15
security-256,security,industry_earnings,PEG (Ratio),1.73,3.03
security-256,security,industry_earnings,Proj EPS Growth,11.19%,12.20%
security-256,security,industry_earnings,Hist EPS Growth,7.03%,35.13%
security-256,security,industry_earnings,Net Margin,12.94%,2.67%
security-256,security,industry_earnings,Hist Sales Growth,6.19%,19.53%
security-256,security,industry_earnings,Hist Dividend Growth,3.80%,0.00%
security-256,security,financial_ratios,Beta,0.94,0.77
security-256,security,financial_ratios,ROE,17.83,4.50
security-256,security,financial_ratios,ROA,7.54,3.34
security-256,security,financial_ratios,ROI,11.97,4.50
security-256,security,financial_ratios,Debt-to-Equity,0.56,0.15
security-256,security,financial_ratios,Current Ratio,1.19,1.53
security-256,security,financial_ratios,Cash Flow ($/share),"3,065.15","1,108.08"
security-256,security,financial_ratios,Price to Book,3.80,11.75
security-256,security,financial_ratios,Price To Sales,2.96,9.67
security-256,security,financial_ratios,Dividend Yield,1.44%,0.00%
security-and-safety-services-146,security and safety services,performance,1 Month,0.55,-4.02
security-and-safety-services-146,security and safety services,performance,3 Months,2.73,-6.28
security-and-safety-services-146,security and safety services,performance,YTD,12.91,-21.90
security-and-safety-services-146,security and safety services,performance,1 Year,15.47,-31.71
security-and-safety-services-146,security and safety services,performance,3 Years,84.19,12.18
security-and-safety-services-146,security and safety services,performance,5 Years,84.39,-13.64
security-and-safety-services-146,security and safety services,industry_earnings,PE (F1),17.13,18.77
security-and-safety-services-146,security and safety services,industry_earnings,PEG (Ratio),1.73,1.76
security-and-safety-services-146,security and safety services,industry_earnings,Proj EPS Growth,11.19%,21.23%
security-and-safety-services-146,security and safety services,industry_earnings,Hist EPS Growth,7.03%,12.13%
security-and-safety-services-146,security and safety services,industry_earnings,Net Margin,12.94%,5.32%
security-and-safety-services-146,security and safety services,industry_earnings,Hist Sales Growth,6.19%,8.63%
security-and-safety-services-146,security and safety services,industry_earnings,Hist Dividend Growth,3.80%,0.00%
security-and-safety-services-146,security and safety services,financial_ratios,Beta,0.94,1.13
security-and-safety-services-146,security and safety services,financial_ratios,ROE,17.83,12.02
security-and-safety-services-146,security and safety services,financial_ratios,ROA,7.54,4.40
security-and-safety-services-146,security and safety services,financial_ratios,ROI,11.97,6.32
security-and-safety-services-146,security and safety services,financial_ratios,Debt-to-Equity,0.56,0.03
security-and-safety-services-146,security and safety services,financial_ratios,Current Ratio,1.19,2.80
security-and-safety-services-146,security and safety services,financial_ratios,Cash Flow ($/share),"3,065.15",2.17
security-and-safety-services-146,security and safety services,financial_ratios,Price to Book,3.80,2.05
security-and-safety-services-146,security and safety services,financial_ratios,Price To Sales,2.96,1.67
security-and-safety-services-146,security and safety services,financial_ratios,Dividend Yield,1.44%,0.00%
semiconductor-analog-and-mixed-242,semiconductor analog and mixed,performance,1 Month,0.55,13.31
semiconductor-analog-and-mixed-242,semiconductor analog and mixed,performance,3 Months,2.73,-3.01
semiconductor-analog-and-mixed-242,semiconductor analog and mixed,performance,YTD,12.91,45.52
semiconductor-analog-and-mixed-242,semiconductor analog and mixed,performance,1 Year,15.47,54.58
semiconductor-analog-and-mixed-242,semiconductor analog and mixed,performance,3 Years,84.19,78.45
semiconductor-analog-and-mixed-242,semiconductor analog and mixed,performance,5 Years,84.39,100.17
semiconductor-analog-and-mixed-242,semiconductor analog and mixed,industry_earnings,PE (F1),17.13,36.84
semiconductor-analog-and-mixed-242,semiconductor analog and mixed,industry_earnings,PEG (Ratio),1.73,0.74
semiconductor-analog-and-mixed-242,semiconductor analog and mixed,industry_earnings,Proj EPS Growth,11.19%,66.32%
semiconductor-analog-and-mixed-242,semiconductor analog and mixed,industry_earnings,Hist EPS Growth,7.03%,-4.48%
semiconductor-analog-and-mixed-242,semiconductor analog and mixed,industry_earnings,Net Margin,12.94%,11.64%
semiconductor-analog-and-mixed-242,semiconductor analog and mixed,industry_earnings,Hist Sales Growth,6.19%,-1.30%
semiconductor-analog-and-mixed-242,semiconductor analog and mixed,industry_earnings,Hist Dividend Growth,3.80%,0.00%
semiconductor-analog-and-mixed-242,semiconductor analog and mixed,financial_ratios,Beta,0.94,1.77
semiconductor-analog-and-mixed-242,semiconductor analog and mixed,financial_ratios,ROE,17.83,15.68
semiconductor-analog-and-mixed-242,semiconductor analog and mixed,financial_ratios,ROA,7.54,8.65
semiconductor-analog-and-mixed-242,semiconductor analog and mixed,financial_ratios,ROI,11.97,11.13
semiconductor-analog-and-mixed-242,semiconductor analog and mixed,financial_ratios,Debt-to-Equity,0.56,0.23
semiconductor-analog-and-mixed-242,semiconductor analog and mixed,financial_ratios,Current Ratio,1.19,2.19
semiconductor-analog-and-mixed-242,semiconductor analog and mixed,financial_ratios,Cash Flow ($/share),"3,065.15",614.74
semiconductor-analog-and-mixed-242,semiconductor analog and mixed,financial_ratios,Price to Book,3.80,6.66
semiconductor-analog-and-mixed-242,semiconductor analog and mixed,financial_ratios,Price To Sales,2.96,11.40
semiconductor-analog-and-mixed-242,semiconductor analog and mixed,financial_ratios,Dividend Yield,1.44%,0.00%
semiconductor-circuit-foundry-262,semiconductor circuit foundry,performance,1 Month,0.55,10.92
semiconductor-circuit-foundry-262,semiconductor circuit foundry,performance,3 Months,2.73,3.37
semiconductor-circuit-foundry-262,semiconductor circuit foundry,performance,YTD,12.91,51.11
semiconductor-circuit-foundry-262,semiconductor circuit foundry,performance,1 Year,15.47,59.18
semiconductor-circuit-foundry-262,semiconductor circuit foundry,performance,3 Years,84.19,428.42
semiconductor-circuit-foundry-262,semiconductor circuit foundry,performance,5 Years,84.39,311.62
semiconductor-circuit-foundry-262,semiconductor circuit foundry,industry_earnings,PE (F1),17.13,27.73
semiconductor-circuit-foundry-262,semiconductor circuit foundry,industry_earnings,PEG (Ratio),1.73,1.02
semiconductor-circuit-foundry-262,semiconductor circuit foundry,industry_earnings,Proj EPS Growth,11.19%,55.51%
semiconductor-circuit-foundry-262,semiconductor circuit foundry,industry_earnings,Hist EPS Growth,7.03%,23.33%
semiconductor-circuit-foundry-262,semiconductor circuit foundry,industry_earnings,Net Margin,12.94%,50.31%
semiconductor-circuit-foundry-262,semiconductor circuit foundry,industry_earnings,Hist Sales Growth,6.19%,19.53%
semiconductor-circuit-foundry-262,semiconductor circuit foundry,industry_earnings,Hist Dividend Growth,3.80%,35.76%
semiconductor-circuit-foundry-262,semiconductor circuit foundry,financial_ratios,Beta,0.94,1.37
semiconductor-circuit-foundry-262,semiconductor circuit foundry,financial_ratios,ROE,17.83,39.25
semiconductor-circuit-foundry-262,semiconductor circuit foundry,financial_ratios,ROA,7.54,26.90
semiconductor-circuit-foundry-262,semiconductor circuit foundry,financial_ratios,ROI,11.97,33.75
semiconductor-circuit-foundry-262,semiconductor circuit foundry,financial_ratios,Debt-to-Equity,0.56,0.14
semiconductor-circuit-foundry-262,semiconductor circuit foundry,financial_ratios,Current Ratio,1.19,2.46
semiconductor-circuit-foundry-262,semiconductor circuit foundry,financial_ratios,Cash Flow ($/share),"3,065.15","77,147.90"
semiconductor-circuit-foundry-262,semiconductor circuit foundry,financial_ratios,Price to Book,3.80,11.60
semiconductor-circuit-foundry-262,semiconductor circuit foundry,financial_ratios,Price To Sales,2.96,16.66
semiconductor-circuit-foundry-262,semiconductor circuit foundry,financial_ratios,Dividend Yield,1.44%,0.76%
semiconductor-communications--226,semiconductor communications,performance,1 Month,0.55,
semiconductor-communications--226,semiconductor communications,performance,3 Months,2.73,
semiconductor-communications--226,semiconductor communications,performance,YTD,12.91,
semiconductor-communications--226,semiconductor communications,performance,1 Year,15.47,
semiconductor-communications--226,semiconductor communications,performance,3 Years,84.19,
semiconductor-communications--226,semiconductor communications,performance,5 Years,84.39,
semiconductor-communications--226,semiconductor communications,industry_earnings,PE (F1),17.13,27.11
semiconductor-communications--226,semiconductor communications,industry_earnings,PEG (Ratio),1.73,
semiconductor-communications--226,semiconductor communications,industry_earnings,Proj EPS Growth,11.19%,30.17%
semiconductor-communications--226,semiconductor communications,industry_earnings,Hist EPS Growth,7.03%,12.09%
semiconductor-communications--226,semiconductor communications,industry_earnings,Net Margin,12.94%,22.44%
semiconductor-communications--226,semiconductor communications,industry_earnings,Hist Sales Growth,6.19%,7.03%
semiconductor-communications--226,semiconductor communications,industry_earnings,Hist Dividend Growth,3.80%,0.00%
semiconductor-communications--226,semiconductor communications,financial_ratios,Beta,0.94,0.83
semiconductor-communications--226,semiconductor communications,financial_ratios,ROE,17.83,17.18
semiconductor-communications--226,semiconductor communications,financial_ratios,ROA,7.54,13.00
semiconductor-communications--226,semiconductor communications,financial_ratios,ROI,11.97,17.18
semiconductor-communications--226,semiconductor communications,financial_ratios,Debt-to-Equity,0.56,0.00
semiconductor-communications--226,semiconductor communications,financial_ratios,Current Ratio,1.19,2.83
semiconductor-communications--226,semiconductor communications,financial_ratios,Cash Flow ($/share),"3,065.15","1,121.93"
semiconductor-communications--226,semiconductor communications,financial_ratios,Price to Book,3.80,5.86
semiconductor-communications--226,semiconductor communications,financial_ratios,Price To Sales,2.96,7.45
semiconductor-communications--226,semiconductor communications,financial_ratios,Dividend Yield,1.44%,0.16%
semiconductor-discretes-247,semiconductor discretes,performance,1 Month,0.55,15.66
semiconductor-discretes-247,semiconductor discretes,performance,3 Months,2.73,-33.08
semiconductor-discretes-247,semiconductor discretes,performance,YTD,12.91,136.51
semiconductor-discretes-247,semiconductor discretes,performance,1 Year,15.47,122.24
semiconductor-discretes-247,semiconductor discretes,performance,3 Years,84.19,38.63
semiconductor-discretes-247,semiconductor discretes,performance,5 Years,84.39,67.42
semiconductor-discretes-247,semiconductor discretes,industry_earnings,PE (F1),17.13,40.40
semiconductor-discretes-247,semiconductor discretes,industry_earnings,PEG (Ratio),1.73,4.04
semiconductor-discretes-247,semiconductor discretes,industry_earnings,Proj EPS Growth,11.19%,"1,796.66%"
semiconductor-discretes-247,semiconductor discretes,industry_earnings,Hist EPS Growth,7.03%,-51.90%
semiconductor-discretes-247,semiconductor discretes,industry_earnings,Net Margin,12.94%,0.86%
semiconductor-discretes-247,semiconductor discretes,industry_earnings,Hist Sales Growth,6.19%,-2.25%
semiconductor-discretes-247,semiconductor discretes,industry_earnings,Hist Dividend Growth,3.80%,0.00%
semiconductor-discretes-247,semiconductor discretes,financial_ratios,Beta,0.94,1.79
semiconductor-discretes-247,semiconductor discretes,financial_ratios,ROE,17.83,1.84
semiconductor-discretes-247,semiconductor discretes,financial_ratios,ROA,7.54,0.94
semiconductor-discretes-247,semiconductor discretes,financial_ratios,ROI,11.97,1.37
semiconductor-discretes-247,semiconductor discretes,financial_ratios,Debt-to-Equity,0.56,0.08
semiconductor-discretes-247,semiconductor discretes,financial_ratios,Current Ratio,1.19,1.80
semiconductor-discretes-247,semiconductor discretes,financial_ratios,Cash Flow ($/share),"3,065.15",218.12
semiconductor-discretes-247,semiconductor discretes,financial_ratios,Price to Book,3.80,1.80
semiconductor-discretes-247,semiconductor discretes,financial_ratios,Price To Sales,2.96,1.58
semiconductor-discretes-247,semiconductor discretes,financial_ratios,Dividend Yield,1.44%,1.17%
semiconductor-equipment-material-services-253,semiconductor equipment material services,performance,1 Month,0.55,21.75
semiconductor-equipment-material-services-253,semiconductor equipment material services,performance,3 Months,2.73,-18.81
semiconductor-equipment-material-services-253,semiconductor equipment material services,performance,YTD,12.91,122.28
semiconductor-equipment-material-services-253,semiconductor equipment material services,performance,1 Year,15.47,130.32
semiconductor-equipment-material-services-253,semiconductor equipment material services,performance,3 Years,84.19,298.60
semiconductor-equipment-material-services-253,semiconductor equipment material services,performance,5 Years,84.39,128.15
semiconductor-equipment-material-services-253,semiconductor equipment material services,industry_earnings,PE (F1),17.13,40.77
semiconductor-equipment-material-services-253,semiconductor equipment material services,industry_earnings,PEG (Ratio),1.73,
semiconductor-equipment-material-services-253,semiconductor equipment material services,industry_earnings,Proj EPS Growth,11.19%,27.33%
semiconductor-equipment-material-services-253,semiconductor equipment material services,industry_earnings,Hist EPS Growth,7.03%,-8.52%
semiconductor-equipment-material-services-253,semiconductor equipment material services,industry_earnings,Net Margin,12.94%,11.39%
semiconductor-equipment-material-services-253,semiconductor equipment material services,industry_earnings,Hist Sales Growth,6.19%,16.94%
semiconductor-equipment-material-services-253,semiconductor equipment material services,industry_earnings,Hist Dividend Growth,3.80%,-50.00%
semiconductor-equipment-material-services-253,semiconductor equipment material services,financial_ratios,Beta,0.94,1.67
semiconductor-equipment-material-services-253,semiconductor equipment material services,financial_ratios,ROE,17.83,6.64
semiconductor-equipment-material-services-253,semiconductor equipment material services,financial_ratios,ROA,7.54,3.87
semiconductor-equipment-material-services-253,semiconductor equipment material services,financial_ratios,ROI,11.97,5.10
semiconductor-equipment-material-services-253,semiconductor equipment material services,financial_ratios,Debt-to-Equity,0.56,0.26
semiconductor-equipment-material-services-253,semiconductor equipment material services,financial_ratios,Current Ratio,1.19,3.03
semiconductor-equipment-material-services-253,semiconductor equipment material services,financial_ratios,Cash Flow ($/share),"3,065.15",152.46
semiconductor-equipment-material-services-253,semiconductor equipment material services,financial_ratios,Price to Book,3.80,2.69
semiconductor-equipment-material-services-253,semiconductor equipment material services,financial_ratios,Price To Sales,2.96,4.09
semiconductor-equipment-material-services-253,semiconductor equipment material services,financial_ratios,Dividend Yield,1.44%,0.00%
semiconductor-equipment-photomasks-251,semiconductor equipment photomasks,performance,1 Month,0.55,12.81
semiconductor-equipment-photomasks-251,semiconductor equipment photomasks,performance,3 Months,2.73,1.72
semiconductor-equipment-photomasks-251,semiconductor equipment photomasks,performance,YTD,12.91,-3.66
semiconductor-equipment-photomasks-251,semiconductor equipment photomasks,performance,1 Year,15.47,32.32
semiconductor-equipment-photomasks-251,semiconductor equipment photomasks,performance,3 Years,84.19,52.55
semiconductor-equipment-photomasks-251,semiconductor equipment photomasks,performance,5 Years,84.39,126.19
semiconductor-equipment-photomasks-251,semiconductor equipment photomasks,industry_earnings,PE (F1),17.13,15.21
semiconductor-equipment-photomasks-251,semiconductor equipment photomasks,industry_earnings,PEG (Ratio),1.73,1.28
semiconductor-equipment-photomasks-251,semiconductor equipment photomasks,industry_earnings,Proj EPS Growth,11.19%,-3.40%
semiconductor-equipment-photomasks-251,semiconductor equipment photomasks,industry_earnings,Hist EPS Growth,7.03%,11.89%
semiconductor-equipment-photomasks-251,semiconductor equipment photomasks,industry_earnings,Net Margin,12.94%,13.33%
semiconductor-equipment-photomasks-251,semiconductor equipment photomasks,industry_earnings,Hist Sales Growth,6.19%,1.63%
semiconductor-equipment-photomasks-251,semiconductor equipment photomasks,industry_earnings,Hist Dividend Growth,3.80%,-11.16%
semiconductor-equipment-photomasks-251,semiconductor equipment photomasks,financial_ratios,Beta,0.94,1.01
semiconductor-equipment-photomasks-251,semiconductor equipment photomasks,financial_ratios,ROE,17.83,7.18
semiconductor-equipment-photomasks-251,semiconductor equipment photomasks,financial_ratios,ROA,7.54,5.46
semiconductor-equipment-photomasks-251,semiconductor equipment photomasks,financial_ratios,ROI,11.97,6.69
semiconductor-equipment-photomasks-251,semiconductor equipment photomasks,financial_ratios,Debt-to-Equity,0.56,0.09
semiconductor-equipment-photomasks-251,semiconductor equipment photomasks,financial_ratios,Current Ratio,1.19,3.16
semiconductor-equipment-photomasks-251,semiconductor equipment photomasks,financial_ratios,Cash Flow ($/share),"3,065.15","1,587.09"
semiconductor-equipment-photomasks-251,semiconductor equipment photomasks,financial_ratios,Price to Book,3.80,1.06
semiconductor-equipment-photomasks-251,semiconductor equipment photomasks,financial_ratios,Price To Sales,2.96,1.65
semiconductor-equipment-photomasks-251,semiconductor equipment photomasks,financial_ratios,Dividend Yield,1.44%,0.55%
semiconductor-equipment-wafer-components-249,semiconductor equipment wafer components,performance,1 Month,0.55,
semiconductor-equipment-wafer-components-249,semiconductor equipment wafer components,performance,3 Months,2.73,
semiconductor-equipment-wafer-components-249,semiconductor equipment wafer components,performance,YTD,12.91,
semiconductor-equipment-wafer-components-249,semiconductor equipment wafer components,performance,1 Year,15.47,
semiconductor-equipment-wafer-components-249,semiconductor equipment wafer components,performance,3 Years,84.19,
semiconductor-equipment-wafer-components-249,semiconductor equipment wafer components,performance,5 Years,84.39,
semiconductor-equipment-wafer-components-249,semiconductor equipment wafer components,industry_earnings,PE (F1),17.13,
semiconductor-equipment-wafer-components-249,semiconductor equipment wafer components,industry_earnings,PEG (Ratio),1.73,
semiconductor-equipment-wafer-components-249,semiconductor equipment wafer components,industry_earnings,Proj EPS Growth,11.19%,
semiconductor-equipment-wafer-components-249,semiconductor equipment wafer components,industry_earnings,Hist EPS Growth,7.03%,
semiconductor-equipment-wafer-components-249,semiconductor equipment wafer components,industry_earnings,Net Margin,12.94%,
semiconductor-equipment-wafer-components-249,semiconductor equipment wafer components,industry_earnings,Hist Sales Growth,6.19%,
semiconductor-equipment-wafer-components-249,semiconductor equipment wafer components,industry_earnings,Hist Dividend Growth,3.80%,
semiconductor-equipment-wafer-components-249,semiconductor equipment wafer components,financial_ratios,Beta,0.94,
semiconductor-equipment-wafer-components-249,semiconductor equipment wafer components,financial_ratios,ROE,17.83,
semiconductor-equipment-wafer-components-249,semiconductor equipment wafer components,financial_ratios,ROA,7.54,
semiconductor-equipment-wafer-components-249,semiconductor equipment wafer components,financial_ratios,ROI,11.97,
semiconductor-equipment-wafer-components-249,semiconductor equipment wafer components,financial_ratios,Debt-to-Equity,0.56,
semiconductor-equipment-wafer-components-249,semiconductor equipment wafer components,financial_ratios,Current Ratio,1.19,
semiconductor-equipment-wafer-components-249,semiconductor equipment wafer components,financial_ratios,Cash Flow ($/share),"3,065.15",
semiconductor-equipment-wafer-components-249,semiconductor equipment wafer components,financial_ratios,Price to Book,3.80,
semiconductor-equipment-wafer-components-249,semiconductor equipment wafer components,financial_ratios,Price To Sales,2.96,
semiconductor-equipment-wafer-components-249,semiconductor equipment wafer components,financial_ratios,Dividend Yield,1.44%,
semiconductor-equipment-wafer-fabrication-248,semiconductor equipment wafer fabrication,performance,1 Month,0.55,8.63
semiconductor-equipment-wafer-fabrication-248,semiconductor equipment wafer fabrication,performance,3 Months,2.73,-2.18
semiconductor-equipment-wafer-fabrication-248,semiconductor equipment wafer fabrication,performance,YTD,12.91,67.77
semiconductor-equipment-wafer-fabrication-248,semiconductor equipment wafer fabrication,performance,1 Year,15.47,79.24
semiconductor-equipment-wafer-fabrication-248,semiconductor equipment wafer fabrication,performance,3 Years,84.19,205.38
semiconductor-equipment-wafer-fabrication-248,semiconductor equipment wafer fabrication,performance,5 Years,84.39,143.26
semiconductor-equipment-wafer-fabrication-248,semiconductor equipment wafer fabrication,industry_earnings,PE (F1),17.13,33.66
semiconductor-equipment-wafer-fabrication-248,semiconductor equipment wafer fabrication,industry_earnings,PEG (Ratio),1.73,0.91
semiconductor-equipment-wafer-fabrication-248,semiconductor equipment wafer fabrication,industry_earnings,Proj EPS Growth,11.19%,66.18%
semiconductor-equipment-wafer-fabrication-248,semiconductor equipment wafer fabrication,industry_earnings,Hist EPS Growth,7.03%,6.07%
semiconductor-equipment-wafer-fabrication-248,semiconductor equipment wafer fabrication,industry_earnings,Net Margin,12.94%,20.44%
semiconductor-equipment-wafer-fabrication-248,semiconductor equipment wafer fabrication,industry_earnings,Hist Sales Growth,6.19%,8.84%
semiconductor-equipment-wafer-fabrication-248,semiconductor equipment wafer fabrication,industry_earnings,Hist Dividend Growth,3.80%,7.88%
semiconductor-equipment-wafer-fabrication-248,semiconductor equipment wafer fabrication,financial_ratios,Beta,0.94,1.54
semiconductor-equipment-wafer-fabrication-248,semiconductor equipment wafer fabrication,financial_ratios,ROE,17.83,36.73
semiconductor-equipment-wafer-fabrication-248,semiconductor equipment wafer fabrication,financial_ratios,ROA,7.54,16.25
semiconductor-equipment-wafer-fabrication-248,semiconductor equipment wafer fabrication,financial_ratios,ROI,11.97,31.38
semiconductor-equipment-wafer-fabrication-248,semiconductor equipment wafer fabrication,financial_ratios,Debt-to-Equity,0.56,0.43
semiconductor-equipment-wafer-fabrication-248,semiconductor equipment wafer fabrication,financial_ratios,Current Ratio,1.19,2.56
semiconductor-equipment-wafer-fabrication-248,semiconductor equipment wafer fabrication,financial_ratios,Cash Flow ($/share),"3,065.15","6,170.23"
semiconductor-equipment-wafer-fabrication-248,semiconductor equipment wafer fabrication,financial_ratios,Price to Book,3.80,18.06
semiconductor-equipment-wafer-fabrication-248,semiconductor equipment wafer fabrication,financial_ratios,Price To Sales,2.96,11.52
semiconductor-equipment-wafer-fabrication-248,semiconductor equipment wafer fabrication,financial_ratios,Dividend Yield,1.44%,0.27%
semiconductor-general-241,semiconductor general,performance,1 Month,0.55,8.54
semiconductor-general-241,semiconductor general,performance,3 Months,2.73,12.82
semiconductor-general-241,semiconductor general,performance,YTD,12.91,32.82
semiconductor-general-241,semiconductor general,performance,1 Year,15.47,31.49
semiconductor-general-241,semiconductor general,performance,3 Years,84.19,356.44
semiconductor-general-241,semiconductor general,performance,5 Years,84.39,575.44
semiconductor-general-241,semiconductor general,industry_earnings,PE (F1),17.13,33.28
semiconductor-general-241,semiconductor general,industry_earnings,PEG (Ratio),1.73,1.78
semiconductor-general-241,semiconductor general,industry_earnings,Proj EPS Growth,11.19%,119.57%
semiconductor-general-241,semiconductor general,industry_earnings,Hist EPS Growth,7.03%,-20.76%
semiconductor-general-241,semiconductor general,industry_earnings,Net Margin,12.94%,4.23%
semiconductor-general-241,semiconductor general,industry_earnings,Hist Sales Growth,6.19%,-4.13%
semiconductor-general-241,semiconductor general,industry_earnings,Hist Dividend Growth,3.80%,0.00%
semiconductor-general-241,semiconductor general,financial_ratios,Beta,0.94,1.76
semiconductor-general-241,semiconductor general,financial_ratios,ROE,17.83,5.32
semiconductor-general-241,semiconductor general,financial_ratios,ROA,7.54,3.54
semiconductor-general-241,semiconductor general,financial_ratios,ROI,11.97,5.08
semiconductor-general-241,semiconductor general,financial_ratios,Debt-to-Equity,0.56,0.24
semiconductor-general-241,semiconductor general,financial_ratios,Current Ratio,1.19,3.08
semiconductor-general-241,semiconductor general,financial_ratios,Cash Flow ($/share),"3,065.15","1,518.77"
semiconductor-general-241,semiconductor general,financial_ratios,Price to Book,3.80,2.91
semiconductor-general-241,semiconductor general,financial_ratios,Price To Sales,2.96,3.69
semiconductor-general-241,semiconductor general,financial_ratios,Dividend Yield,1.44%,0.39%
semiconductor-memory-243,semiconductor memory,performance,1 Month,0.55,
semiconductor-memory-243,semiconductor memory,performance,3 Months,2.73,
semiconductor-memory-243,semiconductor memory,performance,YTD,12.91,
semiconductor-memory-243,semiconductor memory,performance,1 Year,15.47,
semiconductor-memory-243,semiconductor memory,performance,3 Years,84.19,
semiconductor-memory-243,semiconductor memory,performance,5 Years,84.39,
semiconductor-memory-243,semiconductor memory,industry_earnings,PE (F1),17.13,
semiconductor-memory-243,semiconductor memory,industry_earnings,PEG (Ratio),1.73,
semiconductor-memory-243,semiconductor memory,industry_earnings,Proj EPS Growth,11.19%,
semiconductor-memory-243,semiconductor memory,industry_earnings,Hist EPS Growth,7.03%,
semiconductor-memory-243,semiconductor memory,industry_earnings,Net Margin,12.94%,
semiconductor-memory-243,semiconductor memory,industry_earnings,Hist Sales Growth,6.19%,
semiconductor-memory-243,semiconductor memory,industry_earnings,Hist Dividend Growth,3.80%,
semiconductor-memory-243,semiconductor memory,financial_ratios,Beta,0.94,
semiconductor-memory-243,semiconductor memory,financial_ratios,ROE,17.83,
semiconductor-memory-243,semiconductor memory,financial_ratios,ROA,7.54,
semiconductor-memory-243,semiconductor memory,financial_ratios,ROI,11.97,
semiconductor-memory-243,semiconductor memory,financial_ratios,Debt-to-Equity,0.56,
semiconductor-memory-243,semiconductor memory,financial_ratios,Current Ratio,1.19,
semiconductor-memory-243,semiconductor memory,financial_ratios,Cash Flow ($/share),"3,065.15",
semiconductor-memory-243,semiconductor memory,financial_ratios,Price to Book,3.80,
semiconductor-memory-243,semiconductor memory,financial_ratios,Price To Sales,2.96,
semiconductor-memory-243,semiconductor memory,financial_ratios,Dividend Yield,1.44%,
semiconductors-graphics-245,semiconductors graphics,performance,1 Month,0.55,
semiconductors-graphics-245,semiconductors graphics,performance,3 Months,2.73,
semiconductors-graphics-245,semiconductors graphics,performance,YTD,12.91,
semiconductors-graphics-245,semiconductors graphics,performance,1 Year,15.47,
semiconductors-graphics-245,semiconductors graphics,performance,3 Years,84.19,
semiconductors-graphics-245,semiconductors graphics,performance,5 Years,84.39,
semiconductors-graphics-245,semiconductors graphics,industry_earnings,PE (F1),17.13,
semiconductors-graphics-245,semiconductors graphics,industry_earnings,PEG (Ratio),1.73,
semiconductors-graphics-245,semiconductors graphics,industry_earnings,Proj EPS Growth,11.19%,
semiconductors-graphics-245,semiconductors graphics,industry_earnings,Hist EPS Growth,7.03%,
semiconductors-graphics-245,semiconductors graphics,industry_earnings,Net Margin,12.94%,
semiconductors-graphics-245,semiconductors graphics,industry_earnings,Hist Sales Growth,6.19%,
semiconductors-graphics-245,semiconductors graphics,industry_earnings,Hist Dividend Growth,3.80%,
semiconductors-graphics-245,semiconductors graphics,financial_ratios,Beta,0.94,
semiconductors-graphics-245,semiconductors graphics,financial_ratios,ROE,17.83,
semiconductors-graphics-245,semiconductors graphics,financial_ratios,ROA,7.54,
semiconductors-graphics-245,semiconductors graphics,financial_ratios,ROI,11.97,
semiconductors-graphics-245,semiconductors graphics,financial_ratios,Debt-to-Equity,0.56,
semiconductors-graphics-245,semiconductors graphics,financial_ratios,Current Ratio,1.19,
semiconductors-graphics-245,semiconductors graphics,financial_ratios,Cash Flow ($/share),"3,065.15",
semiconductors-graphics-245,semiconductors graphics,financial_ratios,Price to Book,3.80,
semiconductors-graphics-245,semiconductors graphics,financial_ratios,Price To Sales,2.96,
semiconductors-graphics-245,semiconductors graphics,financial_ratios,Dividend Yield,1.44%,
semiconductors-power-246,semiconductors power,performance,1 Month,0.55,3.46
semiconductors-power-246,semiconductors power,performance,3 Months,2.73,-35.84
semiconductors-power-246,semiconductors power,performance,YTD,12.91,44.91
semiconductors-power-246,semiconductors power,performance,1 Year,15.47,32.80
semiconductors-power-246,semiconductors power,performance,3 Years,84.19,-32.51
semiconductors-power-246,semiconductors power,performance,5 Years,84.39,-48.73
semiconductors-power-246,semiconductors power,industry_earnings,PE (F1),17.13,38.29
semiconductors-power-246,semiconductors power,industry_earnings,PEG (Ratio),1.73,
semiconductors-power-246,semiconductors power,industry_earnings,Proj EPS Growth,11.19%,7.60%
semiconductors-power-246,semiconductors power,industry_earnings,Hist EPS Growth,7.03%,-34.87%
semiconductors-power-246,semiconductors power,industry_earnings,Net Margin,12.94%,5.58%
semiconductors-power-246,semiconductors power,industry_earnings,Hist Sales Growth,6.19%,-11.74%
semiconductors-power-246,semiconductors power,industry_earnings,Hist Dividend Growth,3.80%,1.19%
semiconductors-power-246,semiconductors power,financial_ratios,Beta,0.94,1.54
semiconductors-power-246,semiconductors power,financial_ratios,ROE,17.83,5.50
semiconductors-power-246,semiconductors power,financial_ratios,ROA,7.54,4.79
semiconductors-power-246,semiconductors power,financial_ratios,ROI,11.97,5.50
semiconductors-power-246,semiconductors power,financial_ratios,Debt-to-Equity,0.56,0.00
semiconductors-power-246,semiconductors power,financial_ratios,Current Ratio,1.19,7.07
semiconductors-power-246,semiconductors power,financial_ratios,Cash Flow ($/share),"3,065.15",97.55
semiconductors-power-246,semiconductors power,financial_ratios,Price to Book,3.80,4.22
semiconductors-power-246,semiconductors power,financial_ratios,Price To Sales,2.96,6.40
semiconductors-power-246,semiconductors power,financial_ratios,Dividend Yield,1.44%,0.83%
semiconductors-programmable-logic-244,semiconductors programmable logic,performance,1 Month,0.55,
semiconductors-programmable-logic-244,semiconductors programmable logic,performance,3 Months,2.73,
semiconductors-programmable-logic-244,semiconductors programmable logic,performance,YTD,12.91,
semiconductors-programmable-logic-244,semiconductors programmable logic,performance,1 Year,15.47,
semiconductors-programmable-logic-244,semiconductors programmable logic,performance,3 Years,84.19,
semiconductors-programmable-logic-244,semiconductors programmable logic,performance,5 Years,84.39,
semiconductors-programmable-logic-244,semiconductors programmable logic,industry_earnings,PE (F1),17.13,
semiconductors-programmable-logic-244,semiconductors programmable logic,industry_earnings,PEG (Ratio),1.73,
semiconductors-programmable-logic-244,semiconductors programmable logic,industry_earnings,Proj EPS Growth,11.19%,
semiconductors-programmable-logic-244,semiconductors programmable logic,industry_earnings,Hist EPS Growth,7.03%,
semiconductors-programmable-logic-244,semiconductors programmable logic,industry_earnings,Net Margin,12.94%,
semiconductors-programmable-logic-244,semiconductors programmable logic,industry_earnings,Hist Sales Growth,6.19%,
semiconductors-programmable-logic-244,semiconductors programmable logic,industry_earnings,Hist Dividend Growth,3.80%,
semiconductors-programmable-logic-244,semiconductors programmable logic,financial_ratios,Beta,0.94,
semiconductors-programmable-logic-244,semiconductors programmable logic,financial_ratios,ROE,17.83,
semiconductors-programmable-logic-244,semiconductors programmable logic,financial_ratios,ROA,7.54,
semiconductors-programmable-logic-244,semiconductors programmable logic,financial_ratios,ROI,11.97,
semiconductors-programmable-logic-244,semiconductors programmable logic,financial_ratios,Debt-to-Equity,0.56,
semiconductors-programmable-logic-244,semiconductors programmable logic,financial_ratios,Current Ratio,1.19,
semiconductors-programmable-logic-244,semiconductors programmable logic,financial_ratios,Cash Flow ($/share),"3,065.15",
semiconductors-programmable-logic-244,semiconductors programmable logic,financial_ratios,Price to Book,3.80,
semiconductors-programmable-logic-244,semiconductors programmable logic,financial_ratios,Price To Sales,2.96,
semiconductors-programmable-logic-244,semiconductors programmable logic,financial_ratios,Dividend Yield,1.44%,
semiconductors-radio-frequency-227,semiconductors radio frequency,performance,1 Month,0.55,19.84
semiconductors-radio-frequency-227,semiconductors radio frequency,performance,3 Months,2.73,23.92
semiconductors-radio-frequency-227,semiconductors radio frequency,performance,YTD,12.91,30.68
semiconductors-radio-frequency-227,semiconductors radio frequency,performance,1 Year,15.47,14.13
semiconductors-radio-frequency-227,semiconductors radio frequency,performance,3 Years,84.19,-20.46
semiconductors-radio-frequency-227,semiconductors radio frequency,performance,5 Years,84.39,-56.60
semiconductors-radio-frequency-227,semiconductors radio frequency,industry_earnings,PE (F1),17.13,14.49
semiconductors-radio-frequency-227,semiconductors radio frequency,industry_earnings,PEG (Ratio),1.73,1.64
semiconductors-radio-frequency-227,semiconductors radio frequency,industry_earnings,Proj EPS Growth,11.19%,10.64%
semiconductors-radio-frequency-227,semiconductors radio frequency,industry_earnings,Hist EPS Growth,7.03%,-15.03%
semiconductors-radio-frequency-227,semiconductors radio frequency,industry_earnings,Net Margin,12.94%,5.03%
semiconductors-radio-frequency-227,semiconductors radio frequency,industry_earnings,Hist Sales Growth,6.19%,-1.13%
semiconductors-radio-frequency-227,semiconductors radio frequency,industry_earnings,Hist Dividend Growth,3.80%,0.00%
semiconductors-radio-frequency-227,semiconductors radio frequency,financial_ratios,Beta,0.94,1.38
semiconductors-radio-frequency-227,semiconductors radio frequency,financial_ratios,ROE,17.83,13.03
semiconductors-radio-frequency-227,semiconductors radio frequency,financial_ratios,ROA,7.54,7.80
semiconductors-radio-frequency-227,semiconductors radio frequency,financial_ratios,ROI,11.97,9.89
semiconductors-radio-frequency-227,semiconductors radio frequency,financial_ratios,Debt-to-Equity,0.56,0.00
semiconductors-radio-frequency-227,semiconductors radio frequency,financial_ratios,Current Ratio,1.19,2.02
semiconductors-radio-frequency-227,semiconductors radio frequency,financial_ratios,Cash Flow ($/share),"3,065.15",6.99
semiconductors-radio-frequency-227,semiconductors radio frequency,financial_ratios,Price to Book,3.80,2.56
semiconductors-radio-frequency-227,semiconductors radio frequency,financial_ratios,Price To Sales,2.96,1.87
semiconductors-radio-frequency-227,semiconductors radio frequency,financial_ratios,Dividend Yield,1.44%,0.00%
shoes-and-retail-apparel--173,shoes and retail apparel,performance,1 Month,0.55,-6.07
shoes-and-retail-apparel--173,shoes and retail apparel,performance,3 Months,2.73,-16.97
shoes-and-retail-apparel--173,shoes and retail apparel,performance,YTD,12.91,-39.63
shoes-and-retail-apparel--173,shoes and retail apparel,performance,1 Year,15.47,-47.64
shoes-and-retail-apparel--173,shoes and retail apparel,performance,3 Years,84.19,-60.22
shoes-and-retail-apparel--173,shoes and retail apparel,performance,5 Years,84.39,-74.14
shoes-and-retail-apparel--173,shoes and retail apparel,industry_earnings,PE (F1),17.13,12.34
shoes-and-retail-apparel--173,shoes and retail apparel,industry_earnings,PEG (Ratio),1.73,1.31
shoes-and-retail-apparel--173,shoes and retail apparel,industry_earnings,Proj EPS Growth,11.19%,21.28%
shoes-and-retail-apparel--173,shoes and retail apparel,industry_earnings,Hist EPS Growth,7.03%,-11.33%
shoes-and-retail-apparel--173,shoes and retail apparel,industry_earnings,Net Margin,12.94%,5.43%
shoes-and-retail-apparel--173,shoes and retail apparel,industry_earnings,Hist Sales Growth,6.19%,-2.18%
shoes-and-retail-apparel--173,shoes and retail apparel,industry_earnings,Hist Dividend Growth,3.80%,0.00%
shoes-and-retail-apparel--173,shoes and retail apparel,financial_ratios,Beta,0.94,0.99
shoes-and-retail-apparel--173,shoes and retail apparel,financial_ratios,ROE,17.83,13.36
shoes-and-retail-apparel--173,shoes and retail apparel,financial_ratios,ROA,7.54,6.43
shoes-and-retail-apparel--173,shoes and retail apparel,financial_ratios,ROI,11.97,8.83
shoes-and-retail-apparel--173,shoes and retail apparel,financial_ratios,Debt-to-Equity,0.56,0.39
shoes-and-retail-apparel--173,shoes and retail apparel,financial_ratios,Current Ratio,1.19,2.47
shoes-and-retail-apparel--173,shoes and retail apparel,financial_ratios,Cash Flow ($/share),"3,065.15",149.95
shoes-and-retail-apparel--173,shoes and retail apparel,financial_ratios,Price to Book,3.80,1.58
shoes-and-retail-apparel--173,shoes and retail apparel,financial_ratios,Price To Sales,2.96,0.83
shoes-and-retail-apparel--173,shoes and retail apparel,financial_ratios,Dividend Yield,1.44%,1.46%
soap-and-cleaning-materials-174,soap and cleaning materials,performance,1 Month,0.55,
soap-and-cleaning-materials-174,soap and cleaning materials,performance,3 Months,2.73,
soap-and-cleaning-materials-174,soap and cleaning materials,performance,YTD,12.91,
soap-and-cleaning-materials-174,soap and cleaning materials,performance,1 Year,15.47,
soap-and-cleaning-materials-174,soap and cleaning materials,performance,3 Years,84.19,
soap-and-cleaning-materials-174,soap and cleaning materials,performance,5 Years,84.39,
soap-and-cleaning-materials-174,soap and cleaning materials,industry_earnings,PE (F1),17.13,14.34
soap-and-cleaning-materials-174,soap and cleaning materials,industry_earnings,PEG (Ratio),1.73,
soap-and-cleaning-materials-174,soap and cleaning materials,industry_earnings,Proj EPS Growth,11.19%,-2.15%
soap-and-cleaning-materials-174,soap and cleaning materials,industry_earnings,Hist EPS Growth,7.03%,
soap-and-cleaning-materials-174,soap and cleaning materials,industry_earnings,Net Margin,12.94%,
soap-and-cleaning-materials-174,soap and cleaning materials,industry_earnings,Hist Sales Growth,6.19%,
soap-and-cleaning-materials-174,soap and cleaning materials,industry_earnings,Hist Dividend Growth,3.80%,-0.55%
soap-and-cleaning-materials-174,soap and cleaning materials,financial_ratios,Beta,0.94,2.17
soap-and-cleaning-materials-174,soap and cleaning materials,financial_ratios,ROE,17.83,
soap-and-cleaning-materials-174,soap and cleaning materials,financial_ratios,ROA,7.54,
soap-and-cleaning-materials-174,soap and cleaning materials,financial_ratios,ROI,11.97,
soap-and-cleaning-materials-174,soap and cleaning materials,financial_ratios,Debt-to-Equity,0.56,
soap-and-cleaning-materials-174,soap and cleaning materials,financial_ratios,Current Ratio,1.19,
soap-and-cleaning-materials-174,soap and cleaning materials,financial_ratios,Cash Flow ($/share),"3,065.15","4,165.31"
soap-and-cleaning-materials-174,soap and cleaning materials,financial_ratios,Price to Book,3.80,5.41
soap-and-cleaning-materials-174,soap and cleaning materials,financial_ratios,Price To Sales,2.96,
soap-and-cleaning-materials-174,soap and cleaning materials,financial_ratios,Dividend Yield,1.44%,1.68%
solar-268,solar,performance,1 Month,0.55,-9.30
solar-268,solar,performance,3 Months,2.73,-31.42
solar-268,solar,performance,YTD,12.91,-31.52
solar-268,solar,performance,1 Year,15.47,-28.15
solar-268,solar,performance,3 Years,84.19,-46.41
solar-268,solar,performance,5 Years,84.39,-60.68
solar-268,solar,industry_earnings,PE (F1),17.13,13.37
solar-268,solar,industry_earnings,PEG (Ratio),1.73,0.66
solar-268,solar,industry_earnings,Proj EPS Growth,11.19%,24.16%
solar-268,solar,industry_earnings,Hist EPS Growth,7.03%,26.06%
solar-268,solar,industry_earnings,Net Margin,12.94%,-5.11%
solar-268,solar,industry_earnings,Hist Sales Growth,6.19%,-0.32%
solar-268,solar,industry_earnings,Hist Dividend Growth,3.80%,0.00%
solar-268,solar,financial_ratios,Beta,0.94,1.26
solar-268,solar,financial_ratios,ROE,17.83,-4.42
solar-268,solar,financial_ratios,ROA,7.54,-2.21
solar-268,solar,financial_ratios,ROI,11.97,-2.73
solar-268,solar,financial_ratios,Debt-to-Equity,0.56,0.05
solar-268,solar,financial_ratios,Current Ratio,1.19,2.12
solar-268,solar,financial_ratios,Cash Flow ($/share),"3,065.15",-1.85
solar-268,solar,financial_ratios,Price to Book,3.80,1.52
solar-268,solar,financial_ratios,Price To Sales,2.96,0.86
solar-268,solar,financial_ratios,Dividend Yield,1.44%,0.00%
staffing-firms-278,staffing firms,performance,1 Month,0.55,-9.55
staffing-firms-278,staffing firms,performance,3 Months,2.73,16.11
staffing-firms-278,staffing firms,performance,YTD,12.91,42.61
staffing-firms-278,staffing firms,performance,1 Year,15.47,18.51
staffing-firms-278,staffing firms,performance,3 Years,84.19,-26.84
staffing-firms-278,staffing firms,performance,5 Years,84.39,-45.72
staffing-firms-278,staffing firms,industry_earnings,PE (F1),17.13,18.30
staffing-firms-278,staffing firms,industry_earnings,PEG (Ratio),1.73,2.22
staffing-firms-278,staffing firms,industry_earnings,Proj EPS Growth,11.19%,10.95%
staffing-firms-278,staffing firms,industry_earnings,Hist EPS Growth,7.03%,-18.47%
staffing-firms-278,staffing firms,industry_earnings,Net Margin,12.94%,-0.10%
staffing-firms-278,staffing firms,industry_earnings,Hist Sales Growth,6.19%,-3.52%
staffing-firms-278,staffing firms,industry_earnings,Hist Dividend Growth,3.80%,0.00%
staffing-firms-278,staffing firms,financial_ratios,Beta,0.94,0.85
staffing-firms-278,staffing firms,financial_ratios,ROE,17.83,2.69
staffing-firms-278,staffing firms,financial_ratios,ROA,7.54,1.19
staffing-firms-278,staffing firms,financial_ratios,ROI,11.97,2.43
staffing-firms-278,staffing firms,financial_ratios,Debt-to-Equity,0.56,0.20
staffing-firms-278,staffing firms,financial_ratios,Current Ratio,1.19,1.50
staffing-firms-278,staffing firms,financial_ratios,Cash Flow ($/share),"3,065.15",46.37
staffing-firms-278,staffing firms,financial_ratios,Price to Book,3.80,1.27
staffing-firms-278,staffing firms,financial_ratios,Price To Sales,2.96,0.27
staffing-firms-278,staffing firms,financial_ratios,Dividend Yield,1.44%,1.28%
steel-pipe-and-tube-175,steel pipe and tube,performance,1 Month,0.55,-1.18
steel-pipe-and-tube-175,steel pipe and tube,performance,3 Months,2.73,-2.44
steel-pipe-and-tube-175,steel pipe and tube,performance,YTD,12.91,37.97
steel-pipe-and-tube-175,steel pipe and tube,performance,1 Year,15.47,43.21
steel-pipe-and-tube-175,steel pipe and tube,performance,3 Years,84.19,75.99
steel-pipe-and-tube-175,steel pipe and tube,performance,5 Years,84.39,124.71
steel-pipe-and-tube-175,steel pipe and tube,industry_earnings,PE (F1),17.13,17.36
steel-pipe-and-tube-175,steel pipe and tube,industry_earnings,PEG (Ratio),1.73,1.64
steel-pipe-and-tube-175,steel pipe and tube,industry_earnings,Proj EPS Growth,11.19%,13.18%
steel-pipe-and-tube-175,steel pipe and tube,industry_earnings,Hist EPS Growth,7.03%,9.66%
steel-pipe-and-tube-175,steel pipe and tube,industry_earnings,Net Margin,12.94%,11.70%
steel-pipe-and-tube-175,steel pipe and tube,industry_earnings,Hist Sales Growth,6.19%,2.29%
steel-pipe-and-tube-175,steel pipe and tube,industry_earnings,Hist Dividend Growth,3.80%,0.00%
steel-pipe-and-tube-175,steel pipe and tube,financial_ratios,Beta,0.94,0.54
steel-pipe-and-tube-175,steel pipe and tube,financial_ratios,ROE,17.83,17.92
steel-pipe-and-tube-175,steel pipe and tube,financial_ratios,ROA,7.54,10.47
steel-pipe-and-tube-175,steel pipe and tube,financial_ratios,ROI,11.97,15.07
steel-pipe-and-tube-175,steel pipe and tube,financial_ratios,Debt-to-Equity,0.56,0.16
steel-pipe-and-tube-175,steel pipe and tube,financial_ratios,Current Ratio,1.19,3.21
steel-pipe-and-tube-175,steel pipe and tube,financial_ratios,Cash Flow ($/share),"3,065.15",21.94
steel-pipe-and-tube-175,steel pipe and tube,financial_ratios,Price to Book,3.80,2.96
steel-pipe-and-tube-175,steel pipe and tube,financial_ratios,Price To Sales,2.96,2.14
steel-pipe-and-tube-175,steel pipe and tube,financial_ratios,Dividend Yield,1.44%,1.12%
steel-producers-176,steel producers,performance,1 Month,0.55,-6.47
steel-producers-176,steel producers,performance,3 Months,2.73,9.17
steel-producers-176,steel producers,performance,YTD,12.91,32.22
steel-producers-176,steel producers,performance,1 Year,15.47,54.39
steel-producers-176,steel producers,performance,3 Years,84.19,61.06
steel-producers-176,steel producers,performance,5 Years,84.39,78.08
steel-producers-176,steel producers,industry_earnings,PE (F1),17.13,12.93
steel-producers-176,steel producers,industry_earnings,PEG (Ratio),1.73,0.42
steel-producers-176,steel producers,industry_earnings,Proj EPS Growth,11.19%,134.78%
steel-producers-176,steel producers,industry_earnings,Hist EPS Growth,7.03%,-30.45%
steel-producers-176,steel producers,industry_earnings,Net Margin,12.94%,2.05%
steel-producers-176,steel producers,industry_earnings,Hist Sales Growth,6.19%,-4.66%
steel-producers-176,steel producers,industry_earnings,Hist Dividend Growth,3.80%,0.00%
steel-producers-176,steel producers,financial_ratios,Beta,0.94,1.41
steel-producers-176,steel producers,financial_ratios,ROE,17.83,4.88
steel-producers-176,steel producers,financial_ratios,ROA,7.54,2.35
steel-producers-176,steel producers,financial_ratios,ROI,11.97,4.07
steel-producers-176,steel producers,financial_ratios,Debt-to-Equity,0.56,0.27
steel-producers-176,steel producers,financial_ratios,Current Ratio,1.19,1.95
steel-producers-176,steel producers,financial_ratios,Cash Flow ($/share),"3,065.15",513.99
steel-producers-176,steel producers,financial_ratios,Price to Book,3.80,0.89
steel-producers-176,steel producers,financial_ratios,Price To Sales,2.96,0.61
steel-producers-176,steel producers,financial_ratios,Dividend Yield,1.44%,0.43%
steel-speciality-177,steel speciality,performance,1 Month,0.55,-15.77
steel-speciality-177,steel speciality,performance,3 Months,2.73,-32.83
steel-speciality-177,steel speciality,performance,YTD,12.91,20.24
steel-speciality-177,steel speciality,performance,1 Year,15.47,45.03
steel-speciality-177,steel speciality,performance,3 Years,84.19,228.97
steel-speciality-177,steel speciality,performance,5 Years,84.39,417.30
steel-speciality-177,steel speciality,industry_earnings,PE (F1),17.13,15.77
steel-speciality-177,steel speciality,industry_earnings,PEG (Ratio),1.73,1.46
steel-speciality-177,steel speciality,industry_earnings,Proj EPS Growth,11.19%,51.68%
steel-speciality-177,steel speciality,industry_earnings,Hist EPS Growth,7.03%,-3.22%
steel-speciality-177,steel speciality,industry_earnings,Net Margin,12.94%,4.27%
steel-speciality-177,steel speciality,industry_earnings,Hist Sales Growth,6.19%,-0.13%
steel-speciality-177,steel speciality,industry_earnings,Hist Dividend Growth,3.80%,0.00%
steel-speciality-177,steel speciality,financial_ratios,Beta,0.94,1.40
steel-speciality-177,steel speciality,financial_ratios,ROE,17.83,9.40
steel-speciality-177,steel speciality,financial_ratios,ROA,7.54,6.37
steel-speciality-177,steel speciality,financial_ratios,ROI,11.97,8.96
steel-speciality-177,steel speciality,financial_ratios,Debt-to-Equity,0.56,0.04
steel-speciality-177,steel speciality,financial_ratios,Current Ratio,1.19,2.61
steel-speciality-177,steel speciality,financial_ratios,Cash Flow ($/share),"3,065.15",61.54
steel-speciality-177,steel speciality,financial_ratios,Price to Book,3.80,1.51
steel-speciality-177,steel speciality,financial_ratios,Price To Sales,2.96,0.73
steel-speciality-177,steel speciality,financial_ratios,Dividend Yield,1.44%,0.00%
technology-services-283,technology services,performance,1 Month,0.55,-0.27
technology-services-283,technology services,performance,3 Months,2.73,-15.82
technology-services-283,technology services,performance,YTD,12.91,-14.63
technology-services-283,technology services,performance,1 Year,15.47,-22.44
technology-services-283,technology services,performance,3 Years,84.19,25.43
technology-services-283,technology services,performance,5 Years,84.39,-12.30
technology-services-283,technology services,industry_earnings,PE (F1),17.13,15.91
technology-services-283,technology services,industry_earnings,PEG (Ratio),1.73,1.20
technology-services-283,technology services,industry_earnings,Proj EPS Growth,11.19%,19.56%
technology-services-283,technology services,industry_earnings,Hist EPS Growth,7.03%,13.08%
technology-services-283,technology services,industry_earnings,Net Margin,12.94%,-6.84%
technology-services-283,technology services,industry_earnings,Hist Sales Growth,6.19%,8.46%
technology-services-283,technology services,industry_earnings,Hist Dividend Growth,3.80%,0.00%
technology-services-283,technology services,financial_ratios,Beta,0.94,1.10
technology-services-283,technology services,financial_ratios,ROE,17.83,-10.73
technology-services-283,technology services,financial_ratios,ROA,7.54,-5.46
technology-services-283,technology services,financial_ratios,ROI,11.97,-8.33
technology-services-283,technology services,financial_ratios,Debt-to-Equity,0.56,0.00
technology-services-283,technology services,financial_ratios,Current Ratio,1.19,1.62
technology-services-283,technology services,financial_ratios,Cash Flow ($/share),"3,065.15",-2.13
technology-services-283,technology services,financial_ratios,Price to Book,3.80,1.65
technology-services-283,technology services,financial_ratios,Price To Sales,2.96,1.89
technology-services-283,technology services,financial_ratios,Dividend Yield,1.44%,0.00%
textile-apparel-180,textile apparel,performance,1 Month,0.55,-3.31
textile-apparel-180,textile apparel,performance,3 Months,2.73,-3.18
textile-apparel-180,textile apparel,performance,YTD,12.91,-10.27
textile-apparel-180,textile apparel,performance,1 Year,15.47,-10.21
textile-apparel-180,textile apparel,performance,3 Years,84.19,2.72
textile-apparel-180,textile apparel,performance,5 Years,84.39,-23.11
textile-apparel-180,textile apparel,industry_earnings,PE (F1),17.13,15.23
textile-apparel-180,textile apparel,industry_earnings,PEG (Ratio),1.73,1.87
textile-apparel-180,textile apparel,industry_earnings,Proj EPS Growth,11.19%,5.79%
textile-apparel-180,textile apparel,industry_earnings,Hist EPS Growth,7.03%,-9.04%
textile-apparel-180,textile apparel,industry_earnings,Net Margin,12.94%,2.42%
textile-apparel-180,textile apparel,industry_earnings,Hist Sales Growth,6.19%,4.04%
textile-apparel-180,textile apparel,industry_earnings,Hist Dividend Growth,3.80%,0.00%
textile-apparel-180,textile apparel,financial_ratios,Beta,0.94,1.02
textile-apparel-180,textile apparel,financial_ratios,ROE,17.83,11.20
textile-apparel-180,textile apparel,financial_ratios,ROA,7.54,3.71
textile-apparel-180,textile apparel,financial_ratios,ROI,11.97,6.34
textile-apparel-180,textile apparel,financial_ratios,Debt-to-Equity,0.56,0.21
textile-apparel-180,textile apparel,financial_ratios,Current Ratio,1.19,1.83
textile-apparel-180,textile apparel,financial_ratios,Cash Flow ($/share),"3,065.15",151.57
textile-apparel-180,textile apparel,financial_ratios,Price to Book,3.80,1.40
textile-apparel-180,textile apparel,financial_ratios,Price To Sales,2.96,0.60
textile-apparel-180,textile apparel,financial_ratios,Dividend Yield,1.44%,0.00%
textile-home-furnishing-181,textile home furnishing,performance,1 Month,0.55,-3.58
textile-home-furnishing-181,textile home furnishing,performance,3 Months,2.73,-0.25
textile-home-furnishing-181,textile home furnishing,performance,YTD,12.91,-25.24
textile-home-furnishing-181,textile home furnishing,performance,1 Year,15.47,-34.90
textile-home-furnishing-181,textile home furnishing,performance,3 Years,84.19,3.59
textile-home-furnishing-181,textile home furnishing,performance,5 Years,84.39,-50.45
textile-home-furnishing-181,textile home furnishing,industry_earnings,PE (F1),17.13,12.68
textile-home-furnishing-181,textile home furnishing,industry_earnings,PEG (Ratio),1.73,1.52
textile-home-furnishing-181,textile home furnishing,industry_earnings,Proj EPS Growth,11.19%,10.12%
textile-home-furnishing-181,textile home furnishing,industry_earnings,Hist EPS Growth,7.03%,-10.91%
textile-home-furnishing-181,textile home furnishing,industry_earnings,Net Margin,12.94%,4.15%
textile-home-furnishing-181,textile home furnishing,industry_earnings,Hist Sales Growth,6.19%,-1.53%
textile-home-furnishing-181,textile home furnishing,industry_earnings,Hist Dividend Growth,3.80%,0.00%
textile-home-furnishing-181,textile home furnishing,financial_ratios,Beta,0.94,1.19
textile-home-furnishing-181,textile home furnishing,financial_ratios,ROE,17.83,7.50
textile-home-furnishing-181,textile home furnishing,financial_ratios,ROA,7.54,4.60
textile-home-furnishing-181,textile home furnishing,financial_ratios,ROI,11.97,6.31
textile-home-furnishing-181,textile home furnishing,financial_ratios,Debt-to-Equity,0.56,0.19
textile-home-furnishing-181,textile home furnishing,financial_ratios,Current Ratio,1.19,1.81
textile-home-furnishing-181,textile home furnishing,financial_ratios,Cash Flow ($/share),"3,065.15",156.79
textile-home-furnishing-181,textile home furnishing,financial_ratios,Price to Book,3.80,0.99
textile-home-furnishing-181,textile home furnishing,financial_ratios,Price To Sales,2.96,0.32
textile-home-furnishing-181,textile home furnishing,financial_ratios,Dividend Yield,1.44%,0.00%
textile-products-182,textile products,performance,1 Month,0.55,7.02
textile-products-182,textile products,performance,3 Months,2.73,-18.37
textile-products-182,textile products,performance,YTD,12.91,19.63
textile-products-182,textile products,performance,1 Year,15.47,11.02
textile-products-182,textile products,performance,3 Years,84.19,-33.15
textile-products-182,textile products,performance,5 Years,84.39,-34.76
textile-products-182,textile products,industry_earnings,PE (F1),17.13,18.79
textile-products-182,textile products,industry_earnings,PEG (Ratio),1.73,1.50
textile-products-182,textile products,industry_earnings,Proj EPS Growth,11.19%,233.19%
textile-products-182,textile products,industry_earnings,Hist EPS Growth,7.03%,-7.87%
textile-products-182,textile products,industry_earnings,Net Margin,12.94%,-4.18%
textile-products-182,textile products,industry_earnings,Hist Sales Growth,6.19%,-8.50%
textile-products-182,textile products,industry_earnings,Hist Dividend Growth,3.80%,0.00%
textile-products-182,textile products,financial_ratios,Beta,0.94,0.72
textile-products-182,textile products,financial_ratios,ROE,17.83,-10.32
textile-products-182,textile products,financial_ratios,ROA,7.54,-2.94
textile-products-182,textile products,financial_ratios,ROI,11.97,-7.44
textile-products-182,textile products,financial_ratios,Debt-to-Equity,0.56,0.34
textile-products-182,textile products,financial_ratios,Current Ratio,1.19,2.24
textile-products-182,textile products,financial_ratios,Cash Flow ($/share),"3,065.15",0.31
textile-products-182,textile products,financial_ratios,Price to Book,3.80,1.38
textile-products-182,textile products,financial_ratios,Price To Sales,2.96,0.98
textile-products-182,textile products,financial_ratios,Dividend Yield,1.44%,0.00%
tobacco-183,tobacco,performance,1 Month,0.55,-1.69
tobacco-183,tobacco,performance,3 Months,2.73,-1.36
tobacco-183,tobacco,performance,YTD,12.91,10.42
tobacco-183,tobacco,performance,1 Year,15.47,9.54
tobacco-183,tobacco,performance,3 Years,84.19,82.96
tobacco-183,tobacco,performance,5 Years,84.39,71.36
tobacco-183,tobacco,industry_earnings,PE (F1),17.13,13.11
tobacco-183,tobacco,industry_earnings,PEG (Ratio),1.73,1.99
tobacco-183,tobacco,industry_earnings,Proj EPS Growth,11.19%,10.57%
tobacco-183,tobacco,industry_earnings,Hist EPS Growth,7.03%,1.70%
tobacco-183,tobacco,industry_earnings,Net Margin,12.94%,0.84%
tobacco-183,tobacco,industry_earnings,Hist Sales Growth,6.19%,-0.48%
tobacco-183,tobacco,industry_earnings,Hist Dividend Growth,3.80%,1.22%
tobacco-183,tobacco,financial_ratios,Beta,0.94,0.50
tobacco-183,tobacco,financial_ratios,ROE,17.83,-69.37
tobacco-183,tobacco,financial_ratios,ROA,7.54,-7.37
tobacco-183,tobacco,financial_ratios,ROI,11.97,2.47
tobacco-183,tobacco,financial_ratios,Debt-to-Equity,0.56,0.43
tobacco-183,tobacco,financial_ratios,Current Ratio,1.19,1.41
tobacco-183,tobacco,financial_ratios,Cash Flow ($/share),"3,065.15",122.07
tobacco-183,tobacco,financial_ratios,Price to Book,3.80,2.01
tobacco-183,tobacco,financial_ratios,Price To Sales,2.96,1.26
tobacco-183,tobacco,financial_ratios,Dividend Yield,1.44%,0.58%
tools-handheld-184,tools handheld,performance,1 Month,0.55,-2.46
tools-handheld-184,tools handheld,performance,3 Months,2.73,-5.87
tools-handheld-184,tools handheld,performance,YTD,12.91,12.97
tools-handheld-184,tools handheld,performance,1 Year,15.47,14.03
tools-handheld-184,tools handheld,performance,3 Years,84.19,36.88
tools-handheld-184,tools handheld,performance,5 Years,84.39,42.55
tools-handheld-184,tools handheld,industry_earnings,PE (F1),17.13,19.86
tools-handheld-184,tools handheld,industry_earnings,PEG (Ratio),1.73,2.44
tools-handheld-184,tools handheld,industry_earnings,Proj EPS Growth,11.19%,5.75%
tools-handheld-184,tools handheld,industry_earnings,Hist EPS Growth,7.03%,5.08%
tools-handheld-184,tools handheld,industry_earnings,Net Margin,12.94%,9.02%
tools-handheld-184,tools handheld,industry_earnings,Hist Sales Growth,6.19%,-1.99%
tools-handheld-184,tools handheld,industry_earnings,Hist Dividend Growth,3.80%,11.62%
tools-handheld-184,tools handheld,financial_ratios,Beta,0.94,0.63
tools-handheld-184,tools handheld,financial_ratios,ROE,17.83,16.57
tools-handheld-184,tools handheld,financial_ratios,ROA,7.54,11.28
tools-handheld-184,tools handheld,financial_ratios,ROI,11.97,15.31
tools-handheld-184,tools handheld,financial_ratios,Debt-to-Equity,0.56,0.07
tools-handheld-184,tools handheld,financial_ratios,Current Ratio,1.19,3.63
tools-handheld-184,tools handheld,financial_ratios,Cash Flow ($/share),"3,065.15",645.56
tools-handheld-184,tools handheld,financial_ratios,Price to Book,3.80,2.53
tools-handheld-184,tools handheld,financial_ratios,Price To Sales,2.96,1.84
tools-handheld-184,tools handheld,financial_ratios,Dividend Yield,1.44%,2.14%
toys-games-hobbies-185,toys games hobbies,performance,1 Month,0.55,-1.98
toys-games-hobbies-185,toys games hobbies,performance,3 Months,2.73,9.80
toys-games-hobbies-185,toys games hobbies,performance,YTD,12.91,0.48
toys-games-hobbies-185,toys games hobbies,performance,1 Year,15.47,9.56
toys-games-hobbies-185,toys games hobbies,performance,3 Years,84.19,7.34
toys-games-hobbies-185,toys games hobbies,performance,5 Years,84.39,-14.23
toys-games-hobbies-185,toys games hobbies,industry_earnings,PE (F1),17.13,11.33
toys-games-hobbies-185,toys games hobbies,industry_earnings,PEG (Ratio),1.73,1.60
toys-games-hobbies-185,toys games hobbies,industry_earnings,Proj EPS Growth,11.19%,31.79%
toys-games-hobbies-185,toys games hobbies,industry_earnings,Hist EPS Growth,7.03%,1.96%
toys-games-hobbies-185,toys games hobbies,industry_earnings,Net Margin,12.94%,7.79%
toys-games-hobbies-185,toys games hobbies,industry_earnings,Hist Sales Growth,6.19%,-4.91%
toys-games-hobbies-185,toys games hobbies,industry_earnings,Hist Dividend Growth,3.80%,0.00%
toys-games-hobbies-185,toys games hobbies,financial_ratios,Beta,0.94,0.83
toys-games-hobbies-185,toys games hobbies,financial_ratios,ROE,17.83,4.33
toys-games-hobbies-185,toys games hobbies,financial_ratios,ROA,7.54,2.42
toys-games-hobbies-185,toys games hobbies,financial_ratios,ROI,11.97,4.33
toys-games-hobbies-185,toys games hobbies,financial_ratios,Debt-to-Equity,0.56,0.53
toys-games-hobbies-185,toys games hobbies,financial_ratios,Current Ratio,1.19,1.81
toys-games-hobbies-185,toys games hobbies,financial_ratios,Cash Flow ($/share),"3,065.15",20.32
toys-games-hobbies-185,toys games hobbies,financial_ratios,Price to Book,3.80,1.67
toys-games-hobbies-185,toys games hobbies,financial_ratios,Price To Sales,2.96,0.78
toys-games-hobbies-185,toys games hobbies,financial_ratios,Dividend Yield,1.44%,0.00%
transportation-air-freight-and-cargo-186,transportation air freight and cargo,performance,1 Month,0.55,-9.69
transportation-air-freight-and-cargo-186,transportation air freight and cargo,performance,3 Months,2.73,-11.68
transportation-air-freight-and-cargo-186,transportation air freight and cargo,performance,YTD,12.91,-3.49
transportation-air-freight-and-cargo-186,transportation air freight and cargo,performance,1 Year,15.47,13.75
transportation-air-freight-and-cargo-186,transportation air freight and cargo,performance,3 Years,84.19,-24.57
transportation-air-freight-and-cargo-186,transportation air freight and cargo,performance,5 Years,84.39,-29.60
transportation-air-freight-and-cargo-186,transportation air freight and cargo,industry_earnings,PE (F1),17.13,15.04
transportation-air-freight-and-cargo-186,transportation air freight and cargo,industry_earnings,PEG (Ratio),1.73,1.53
transportation-air-freight-and-cargo-186,transportation air freight and cargo,industry_earnings,Proj EPS Growth,11.19%,0.65%
transportation-air-freight-and-cargo-186,transportation air freight and cargo,industry_earnings,Hist EPS Growth,7.03%,-6.59%
transportation-air-freight-and-cargo-186,transportation air freight and cargo,industry_earnings,Net Margin,12.94%,4.58%
transportation-air-freight-and-cargo-186,transportation air freight and cargo,industry_earnings,Hist Sales Growth,6.19%,-0.25%
transportation-air-freight-and-cargo-186,transportation air freight and cargo,industry_earnings,Hist Dividend Growth,3.80%,0.00%
transportation-air-freight-and-cargo-186,transportation air freight and cargo,financial_ratios,Beta,0.94,1.07
transportation-air-freight-and-cargo-186,transportation air freight and cargo,financial_ratios,ROE,17.83,13.72
transportation-air-freight-and-cargo-186,transportation air freight and cargo,financial_ratios,ROA,7.54,5.51
transportation-air-freight-and-cargo-186,transportation air freight and cargo,financial_ratios,ROI,11.97,9.60
transportation-air-freight-and-cargo-186,transportation air freight and cargo,financial_ratios,Debt-to-Equity,0.56,0.99
transportation-air-freight-and-cargo-186,transportation air freight and cargo,financial_ratios,Current Ratio,1.19,1.31
transportation-air-freight-and-cargo-186,transportation air freight and cargo,financial_ratios,Cash Flow ($/share),"3,065.15",472.98
transportation-air-freight-and-cargo-186,transportation air freight and cargo,financial_ratios,Price to Book,3.80,1.75
transportation-air-freight-and-cargo-186,transportation air freight and cargo,financial_ratios,Price To Sales,2.96,0.59
transportation-air-freight-and-cargo-186,transportation air freight and cargo,financial_ratios,Dividend Yield,1.44%,0.85%
transportation-airline-187,transportation airline,performance,1 Month,0.55,5.46
transportation-airline-187,transportation airline,performance,3 Months,2.73,-17.82
transportation-airline-187,transportation airline,performance,YTD,12.91,-10.10
transportation-airline-187,transportation airline,performance,1 Year,15.47,7.47
transportation-airline-187,transportation airline,performance,3 Years,84.19,61.86
transportation-airline-187,transportation airline,performance,5 Years,84.39,3.52
transportation-airline-187,transportation airline,industry_earnings,PE (F1),17.13,11.57
transportation-airline-187,transportation airline,industry_earnings,PEG (Ratio),1.73,0.92
transportation-airline-187,transportation airline,industry_earnings,Proj EPS Growth,11.19%,-3.25%
transportation-airline-187,transportation airline,industry_earnings,Hist EPS Growth,7.03%,20.54%
transportation-airline-187,transportation airline,industry_earnings,Net Margin,12.94%,2.78%
transportation-airline-187,transportation airline,industry_earnings,Hist Sales Growth,6.19%,18.03%
transportation-airline-187,transportation airline,industry_earnings,Hist Dividend Growth,3.80%,0.00%
transportation-airline-187,transportation airline,financial_ratios,Beta,0.94,1.21
transportation-airline-187,transportation airline,financial_ratios,ROE,17.83,10.33
transportation-airline-187,transportation airline,financial_ratios,ROA,7.54,2.75
transportation-airline-187,transportation airline,financial_ratios,ROI,11.97,4.36
transportation-airline-187,transportation airline,financial_ratios,Debt-to-Equity,0.56,0.55
transportation-airline-187,transportation airline,financial_ratios,Current Ratio,1.19,0.70
transportation-airline-187,transportation airline,financial_ratios,Cash Flow ($/share),"3,065.15",672.79
transportation-airline-187,transportation airline,financial_ratios,Price to Book,3.80,1.78
transportation-airline-187,transportation airline,financial_ratios,Price To Sales,2.96,0.60
transportation-airline-187,transportation airline,financial_ratios,Dividend Yield,1.44%,0.00%
transportation-equipment-and-leasing-188,transportation equipment and leasing,performance,1 Month,0.55,-0.34
transportation-equipment-and-leasing-188,transportation equipment and leasing,performance,3 Months,2.73,0.61
transportation-equipment-and-leasing-188,transportation equipment and leasing,performance,YTD,12.91,4.52
transportation-equipment-and-leasing-188,transportation equipment and leasing,performance,1 Year,15.47,7.91
transportation-equipment-and-leasing-188,transportation equipment and leasing,performance,3 Years,84.19,29.86
transportation-equipment-and-leasing-188,transportation equipment and leasing,performance,5 Years,84.39,37.28
transportation-equipment-and-leasing-188,transportation equipment and leasing,industry_earnings,PE (F1),17.13,13.53
transportation-equipment-and-leasing-188,transportation equipment and leasing,industry_earnings,PEG (Ratio),1.73,1.94
transportation-equipment-and-leasing-188,transportation equipment and leasing,industry_earnings,Proj EPS Growth,11.19%,14.05%
transportation-equipment-and-leasing-188,transportation equipment and leasing,industry_earnings,Hist EPS Growth,7.03%,18.59%
transportation-equipment-and-leasing-188,transportation equipment and leasing,industry_earnings,Net Margin,12.94%,6.53%
transportation-equipment-and-leasing-188,transportation equipment and leasing,industry_earnings,Hist Sales Growth,6.19%,10.10%
transportation-equipment-and-leasing-188,transportation equipment and leasing,industry_earnings,Hist Dividend Growth,3.80%,1.67%
transportation-equipment-and-leasing-188,transportation equipment and leasing,financial_ratios,Beta,0.94,1.05
transportation-equipment-and-leasing-188,transportation equipment and leasing,financial_ratios,ROE,17.83,13.95
transportation-equipment-and-leasing-188,transportation equipment and leasing,financial_ratios,ROA,7.54,2.77
transportation-equipment-and-leasing-188,transportation equipment and leasing,financial_ratios,ROI,11.97,5.16
transportation-equipment-and-leasing-188,transportation equipment and leasing,financial_ratios,Debt-to-Equity,0.56,2.32
transportation-equipment-and-leasing-188,transportation equipment and leasing,financial_ratios,Current Ratio,1.19,1.63
transportation-equipment-and-leasing-188,transportation equipment and leasing,financial_ratios,Cash Flow ($/share),"3,065.15",565.40
transportation-equipment-and-leasing-188,transportation equipment and leasing,financial_ratios,Price to Book,3.80,1.73
transportation-equipment-and-leasing-188,transportation equipment and leasing,financial_ratios,Price To Sales,2.96,1.01
transportation-equipment-and-leasing-188,transportation equipment and leasing,financial_ratios,Dividend Yield,1.44%,1.11%
transportation-rail-189,transportation rail,performance,1 Month,0.55,-5.29
transportation-rail-189,transportation rail,performance,3 Months,2.73,-2.39
transportation-rail-189,transportation rail,performance,YTD,12.91,17.79
transportation-rail-189,transportation rail,performance,1 Year,15.47,17.71
transportation-rail-189,transportation rail,performance,3 Years,84.19,32.98
transportation-rail-189,transportation rail,performance,5 Years,84.39,29.83
transportation-rail-189,transportation rail,industry_earnings,PE (F1),17.13,20.53
transportation-rail-189,transportation rail,industry_earnings,PEG (Ratio),1.73,2.14
transportation-rail-189,transportation rail,industry_earnings,Proj EPS Growth,11.19%,9.10%
transportation-rail-189,transportation rail,industry_earnings,Hist EPS Growth,7.03%,2.40%
transportation-rail-189,transportation rail,industry_earnings,Net Margin,12.94%,25.02%
transportation-rail-189,transportation rail,industry_earnings,Hist Sales Growth,6.19%,2.05%
transportation-rail-189,transportation rail,industry_earnings,Hist Dividend Growth,3.80%,0.00%
transportation-rail-189,transportation rail,financial_ratios,Beta,0.94,0.95
transportation-rail-189,transportation rail,financial_ratios,ROE,17.83,18.21
transportation-rail-189,transportation rail,financial_ratios,ROA,7.54,6.34
transportation-rail-189,transportation rail,financial_ratios,ROI,11.97,8.91
transportation-rail-189,transportation rail,financial_ratios,Debt-to-Equity,0.56,0.99
transportation-rail-189,transportation rail,financial_ratios,Current Ratio,1.19,0.94
transportation-rail-189,transportation rail,financial_ratios,Cash Flow ($/share),"3,065.15","4,209.00"
transportation-rail-189,transportation rail,financial_ratios,Price to Book,3.80,1.58
transportation-rail-189,transportation rail,financial_ratios,Price To Sales,2.96,5.56
transportation-rail-189,transportation rail,financial_ratios,Dividend Yield,1.44%,0.71%
transportation-services-191,transportation services,performance,1 Month,0.55,-4.81
transportation-services-191,transportation services,performance,3 Months,2.73,-12.44
transportation-services-191,transportation services,performance,YTD,12.91,-6.01
transportation-services-191,transportation services,performance,1 Year,15.47,1.07
transportation-services-191,transportation services,performance,3 Years,84.19,-10.44
transportation-services-191,transportation services,performance,5 Years,84.39,-8.72
transportation-services-191,transportation services,industry_earnings,PE (F1),17.13,23.06
transportation-services-191,transportation services,industry_earnings,PEG (Ratio),1.73,1.34
transportation-services-191,transportation services,industry_earnings,Proj EPS Growth,11.19%,22.65%
transportation-services-191,transportation services,industry_earnings,Hist EPS Growth,7.03%,-7.94%
transportation-services-191,transportation services,industry_earnings,Net Margin,12.94%,2.17%
transportation-services-191,transportation services,industry_earnings,Hist Sales Growth,6.19%,1.80%
transportation-services-191,transportation services,industry_earnings,Hist Dividend Growth,3.80%,0.00%
transportation-services-191,transportation services,financial_ratios,Beta,0.94,0.92
transportation-services-191,transportation services,financial_ratios,ROE,17.83,9.38
transportation-services-191,transportation services,financial_ratios,ROA,7.54,3.41
transportation-services-191,transportation services,financial_ratios,ROI,11.97,6.43
transportation-services-191,transportation services,financial_ratios,Debt-to-Equity,0.56,0.19
transportation-services-191,transportation services,financial_ratios,Current Ratio,1.19,1.31
transportation-services-191,transportation services,financial_ratios,Cash Flow ($/share),"3,065.15",109.00
transportation-services-191,transportation services,financial_ratios,Price to Book,3.80,1.36
transportation-services-191,transportation services,financial_ratios,Price To Sales,2.96,1.01
transportation-services-191,transportation services,financial_ratios,Dividend Yield,1.44%,0.00%
transportation-shipping-190,transportation shipping,performance,1 Month,0.55,7.50
transportation-shipping-190,transportation shipping,performance,3 Months,2.73,31.64
transportation-shipping-190,transportation shipping,performance,YTD,12.91,70.68
transportation-shipping-190,transportation shipping,performance,1 Year,15.47,74.27
transportation-shipping-190,transportation shipping,performance,3 Years,84.19,60.84
transportation-shipping-190,transportation shipping,performance,5 Years,84.39,91.28
transportation-shipping-190,transportation shipping,industry_earnings,PE (F1),17.13,9.66
transportation-shipping-190,transportation shipping,industry_earnings,PEG (Ratio),1.73,0.60
transportation-shipping-190,transportation shipping,industry_earnings,Proj EPS Growth,11.19%,71.74%
transportation-shipping-190,transportation shipping,industry_earnings,Hist EPS Growth,7.03%,-7.40%
transportation-shipping-190,transportation shipping,industry_earnings,Net Margin,12.94%,29.09%
transportation-shipping-190,transportation shipping,industry_earnings,Hist Sales Growth,6.19%,7.62%
transportation-shipping-190,transportation shipping,industry_earnings,Hist Dividend Growth,3.80%,0.00%
transportation-shipping-190,transportation shipping,financial_ratios,Beta,0.94,0.67
transportation-shipping-190,transportation shipping,financial_ratios,ROE,17.83,12.89
transportation-shipping-190,transportation shipping,financial_ratios,ROA,7.54,6.04
transportation-shipping-190,transportation shipping,financial_ratios,ROI,11.97,7.87
transportation-shipping-190,transportation shipping,financial_ratios,Debt-to-Equity,0.56,0.36
transportation-shipping-190,transportation shipping,financial_ratios,Current Ratio,1.19,1.87
transportation-shipping-190,transportation shipping,financial_ratios,Cash Flow ($/share),"3,065.15",132.00
transportation-shipping-190,transportation shipping,financial_ratios,Price to Book,3.80,1.00
transportation-shipping-190,transportation shipping,financial_ratios,Price To Sales,2.96,2.06
transportation-shipping-190,transportation shipping,financial_ratios,Dividend Yield,1.44%,1.06%
transportation-truck-192,transportation truck,performance,1 Month,0.55,-4.80
transportation-truck-192,transportation truck,performance,3 Months,2.73,-17.62
transportation-truck-192,transportation truck,performance,YTD,12.91,18.96
transportation-truck-192,transportation truck,performance,1 Year,15.47,40.57
transportation-truck-192,transportation truck,performance,3 Years,84.19,8.37
transportation-truck-192,transportation truck,performance,5 Years,84.39,32.03
transportation-truck-192,transportation truck,industry_earnings,PE (F1),17.13,30.14
transportation-truck-192,transportation truck,industry_earnings,PEG (Ratio),1.73,1.83
transportation-truck-192,transportation truck,industry_earnings,Proj EPS Growth,11.19%,29.15%
transportation-truck-192,transportation truck,industry_earnings,Hist EPS Growth,7.03%,-15.17%
transportation-truck-192,transportation truck,industry_earnings,Net Margin,12.94%,0.56%
transportation-truck-192,transportation truck,industry_earnings,Hist Sales Growth,6.19%,-0.11%
transportation-truck-192,transportation truck,industry_earnings,Hist Dividend Growth,3.80%,0.00%
transportation-truck-192,transportation truck,financial_ratios,Beta,0.94,1.31
transportation-truck-192,transportation truck,financial_ratios,ROE,17.83,7.92
transportation-truck-192,transportation truck,financial_ratios,ROA,7.54,3.68
transportation-truck-192,transportation truck,financial_ratios,ROI,11.97,5.97
transportation-truck-192,transportation truck,financial_ratios,Debt-to-Equity,0.56,0.18
transportation-truck-192,transportation truck,financial_ratios,Current Ratio,1.19,1.32
transportation-truck-192,transportation truck,financial_ratios,Cash Flow ($/share),"3,065.15",228.91
transportation-truck-192,transportation truck,financial_ratios,Price to Book,3.80,1.97
transportation-truck-192,transportation truck,financial_ratios,Price To Sales,2.96,1.22
transportation-truck-192,transportation truck,financial_ratios,Dividend Yield,1.44%,0.65%
uniform-and-related-93,uniform and related,performance,1 Month,0.55,-3.58
uniform-and-related-93,uniform and related,performance,3 Months,2.73,-5.58
uniform-and-related-93,uniform and related,performance,YTD,12.91,46.05
uniform-and-related-93,uniform and related,performance,1 Year,15.47,73.26
uniform-and-related-93,uniform and related,performance,3 Years,84.19,-73.93
uniform-and-related-93,uniform and related,performance,5 Years,84.39,-80.10
uniform-and-related-93,uniform and related,industry_earnings,PE (F1),17.13,24.36
uniform-and-related-93,uniform and related,industry_earnings,PEG (Ratio),1.73,
uniform-and-related-93,uniform and related,industry_earnings,Proj EPS Growth,11.19%,17.69%
uniform-and-related-93,uniform and related,industry_earnings,Hist EPS Growth,7.03%,3.15%
uniform-and-related-93,uniform and related,industry_earnings,Net Margin,12.94%,2.23%
uniform-and-related-93,uniform and related,industry_earnings,Hist Sales Growth,6.19%,2.47%
uniform-and-related-93,uniform and related,industry_earnings,Hist Dividend Growth,3.80%,2.14%
uniform-and-related-93,uniform and related,financial_ratios,Beta,0.94,0.75
uniform-and-related-93,uniform and related,financial_ratios,ROE,17.83,6.86
uniform-and-related-93,uniform and related,financial_ratios,ROA,7.54,3.62
uniform-and-related-93,uniform and related,financial_ratios,ROI,11.97,4.71
uniform-and-related-93,uniform and related,financial_ratios,Debt-to-Equity,0.56,0.69
uniform-and-related-93,uniform and related,financial_ratios,Current Ratio,1.19,2.64
uniform-and-related-93,uniform and related,financial_ratios,Cash Flow ($/share),"3,065.15",236.48
uniform-and-related-93,uniform and related,financial_ratios,Price to Book,3.80,2.08
uniform-and-related-93,uniform and related,financial_ratios,Price To Sales,2.96,1.26
uniform-and-related-93,uniform and related,financial_ratios,Dividend Yield,1.44%,0.29%
utility-electric-power-193,utility electric power,performance,1 Month,0.55,-5.99
utility-electric-power-193,utility electric power,performance,3 Months,2.73,-12.28
utility-electric-power-193,utility electric power,performance,YTD,12.91,-5.95
utility-electric-power-193,utility electric power,performance,1 Year,15.47,-1.83
utility-electric-power-193,utility electric power,performance,3 Years,84.19,30.59
utility-electric-power-193,utility electric power,performance,5 Years,84.39,21.61
utility-electric-power-193,utility electric power,industry_earnings,PE (F1),17.13,16.46
utility-electric-power-193,utility electric power,industry_earnings,PEG (Ratio),1.73,2.43
utility-electric-power-193,utility electric power,industry_earnings,Proj EPS Growth,11.19%,6.97%
utility-electric-power-193,utility electric power,industry_earnings,Hist EPS Growth,7.03%,6.01%
utility-electric-power-193,utility electric power,industry_earnings,Net Margin,12.94%,12.53%
utility-electric-power-193,utility electric power,industry_earnings,Hist Sales Growth,6.19%,3.59%
utility-electric-power-193,utility electric power,industry_earnings,Hist Dividend Growth,3.80%,2.33%
utility-electric-power-193,utility electric power,financial_ratios,Beta,0.94,0.51
utility-electric-power-193,utility electric power,financial_ratios,ROE,17.83,9.96
utility-electric-power-193,utility electric power,financial_ratios,ROA,7.54,2.82
utility-electric-power-193,utility electric power,financial_ratios,ROI,11.97,4.21
utility-electric-power-193,utility electric power,financial_ratios,Debt-to-Equity,0.56,1.31
utility-electric-power-193,utility electric power,financial_ratios,Current Ratio,1.19,0.90
utility-electric-power-193,utility electric power,financial_ratios,Cash Flow ($/share),"3,065.15","2,060.98"
utility-electric-power-193,utility electric power,financial_ratios,Price to Book,3.80,1.63
utility-electric-power-193,utility electric power,financial_ratios,Price To Sales,2.96,2.40
utility-electric-power-193,utility electric power,financial_ratios,Dividend Yield,1.44%,3.17%
utility-gas-distribution-194,utility gas distribution,performance,1 Month,0.55,-6.77
utility-gas-distribution-194,utility gas distribution,performance,3 Months,2.73,-6.42
utility-gas-distribution-194,utility gas distribution,performance,YTD,12.91,-4.98
utility-gas-distribution-194,utility gas distribution,performance,1 Year,15.47,-2.68
utility-gas-distribution-194,utility gas distribution,performance,3 Years,84.19,35.11
utility-gas-distribution-194,utility gas distribution,performance,5 Years,84.39,21.57
utility-gas-distribution-194,utility gas distribution,industry_earnings,PE (F1),17.13,15.12
utility-gas-distribution-194,utility gas distribution,industry_earnings,PEG (Ratio),1.73,2.26
utility-gas-distribution-194,utility gas distribution,industry_earnings,Proj EPS Growth,11.19%,5.19%
utility-gas-distribution-194,utility gas distribution,industry_earnings,Hist EPS Growth,7.03%,3.19%
utility-gas-distribution-194,utility gas distribution,industry_earnings,Net Margin,12.94%,12.47%
utility-gas-distribution-194,utility gas distribution,industry_earnings,Hist Sales Growth,6.19%,2.92%
utility-gas-distribution-194,utility gas distribution,industry_earnings,Hist Dividend Growth,3.80%,1.49%
utility-gas-distribution-194,utility gas distribution,financial_ratios,Beta,0.94,0.57
utility-gas-distribution-194,utility gas distribution,financial_ratios,ROE,17.83,8.81
utility-gas-distribution-194,utility gas distribution,financial_ratios,ROA,7.54,2.63
utility-gas-distribution-194,utility gas distribution,financial_ratios,ROI,11.97,3.71
utility-gas-distribution-194,utility gas distribution,financial_ratios,Debt-to-Equity,0.56,0.88
utility-gas-distribution-194,utility gas distribution,financial_ratios,Current Ratio,1.19,0.81
utility-gas-distribution-194,utility gas distribution,financial_ratios,Cash Flow ($/share),"3,065.15",594.49
utility-gas-distribution-194,utility gas distribution,financial_ratios,Price to Book,3.80,1.49
utility-gas-distribution-194,utility gas distribution,financial_ratios,Price To Sales,2.96,1.95
utility-gas-distribution-194,utility gas distribution,financial_ratios,Dividend Yield,1.44%,3.16%
utility-water-supply-196,utility water supply,performance,1 Month,0.55,-3.21
utility-water-supply-196,utility water supply,performance,3 Months,2.73,-4.59
utility-water-supply-196,utility water supply,performance,YTD,12.91,2.79
utility-water-supply-196,utility water supply,performance,1 Year,15.47,0.89
utility-water-supply-196,utility water supply,performance,3 Years,84.19,24.35
utility-water-supply-196,utility water supply,performance,5 Years,84.39,7.74
utility-water-supply-196,utility water supply,industry_earnings,PE (F1),17.13,21.01
utility-water-supply-196,utility water supply,industry_earnings,PEG (Ratio),1.73,2.91
utility-water-supply-196,utility water supply,industry_earnings,Proj EPS Growth,11.19%,8.55%
utility-water-supply-196,utility water supply,industry_earnings,Hist EPS Growth,7.03%,6.90%
utility-water-supply-196,utility water supply,industry_earnings,Net Margin,12.94%,20.94%
utility-water-supply-196,utility water supply,industry_earnings,Hist Sales Growth,6.19%,8.02%
utility-water-supply-196,utility water supply,industry_earnings,Hist Dividend Growth,3.80%,4.04%
utility-water-supply-196,utility water supply,financial_ratios,Beta,0.94,0.58
utility-water-supply-196,utility water supply,financial_ratios,ROE,17.83,9.38
utility-water-supply-196,utility water supply,financial_ratios,ROA,7.54,3.34
utility-water-supply-196,utility water supply,financial_ratios,ROI,11.97,5.27
utility-water-supply-196,utility water supply,financial_ratios,Debt-to-Equity,0.56,0.79
utility-water-supply-196,utility water supply,financial_ratios,Current Ratio,1.19,1.00
utility-water-supply-196,utility water supply,financial_ratios,Cash Flow ($/share),"3,065.15",55.50
utility-water-supply-196,utility water supply,financial_ratios,Price to Book,3.80,1.95
utility-water-supply-196,utility water supply,financial_ratios,Price To Sales,2.96,4.44
utility-water-supply-196,utility water supply,financial_ratios,Dividend Yield,1.44%,2.72%
waste-removal-services-287,waste removal services,performance,1 Month,0.55,-6.67
waste-removal-services-287,waste removal services,performance,3 Months,2.73,-6.88
waste-removal-services-287,waste removal services,performance,YTD,12.91,-11.52
waste-removal-services-287,waste removal services,performance,1 Year,15.47,-16.26
waste-removal-services-287,waste removal services,performance,3 Years,84.19,20.05
waste-removal-services-287,waste removal services,performance,5 Years,84.39,13.43
waste-removal-services-287,waste removal services,industry_earnings,PE (F1),17.13,25.41
waste-removal-services-287,waste removal services,industry_earnings,PEG (Ratio),1.73,2.54
waste-removal-services-287,waste removal services,industry_earnings,Proj EPS Growth,11.19%,10.35%
waste-removal-services-287,waste removal services,industry_earnings,Hist EPS Growth,7.03%,11.43%
waste-removal-services-287,waste removal services,industry_earnings,Net Margin,12.94%,4.74%
waste-removal-services-287,waste removal services,industry_earnings,Hist Sales Growth,6.19%,8.24%
waste-removal-services-287,waste removal services,industry_earnings,Hist Dividend Growth,3.80%,0.00%
waste-removal-services-287,waste removal services,financial_ratios,Beta,0.94,0.72
waste-removal-services-287,waste removal services,financial_ratios,ROE,17.83,3.91
waste-removal-services-287,waste removal services,financial_ratios,ROA,7.54,1.55
waste-removal-services-287,waste removal services,financial_ratios,ROI,11.97,1.91
waste-removal-services-287,waste removal services,financial_ratios,Debt-to-Equity,0.56,0.84
waste-removal-services-287,waste removal services,financial_ratios,Current Ratio,1.19,1.68
waste-removal-services-287,waste removal services,financial_ratios,Cash Flow ($/share),"3,065.15",62.74
waste-removal-services-287,waste removal services,financial_ratios,Price to Book,3.80,1.86
waste-removal-services-287,waste removal services,financial_ratios,Price To Sales,2.96,2.61
waste-removal-services-287,waste removal services,financial_ratios,Dividend Yield,1.44%,0.00%
wire-and-cable-products-197,wire and cable products,performance,1 Month,0.55,1.16
wire-and-cable-products-197,wire and cable products,performance,3 Months,2.73,30.16
wire-and-cable-products-197,wire and cable products,performance,YTD,12.91,48.46
wire-and-cable-products-197,wire and cable products,performance,1 Year,15.47,46.19
wire-and-cable-products-197,wire and cable products,performance,3 Years,84.19,-39.26
wire-and-cable-products-197,wire and cable products,performance,5 Years,84.39,-14.52
wire-and-cable-products-197,wire and cable products,industry_earnings,PE (F1),17.13,17.81
wire-and-cable-products-197,wire and cable products,industry_earnings,PEG (Ratio),1.73,
wire-and-cable-products-197,wire and cable products,industry_earnings,Proj EPS Growth,11.19%,7.90%
wire-and-cable-products-197,wire and cable products,industry_earnings,Hist EPS Growth,7.03%,-27.43%
wire-and-cable-products-197,wire and cable products,industry_earnings,Net Margin,12.94%,-2.14%
wire-and-cable-products-197,wire and cable products,industry_earnings,Hist Sales Growth,6.19%,-5.18%
wire-and-cable-products-197,wire and cable products,industry_earnings,Hist Dividend Growth,3.80%,0.00%
wire-and-cable-products-197,wire and cable products,financial_ratios,Beta,0.94,1.15
wire-and-cable-products-197,wire and cable products,financial_ratios,ROE,17.83,6.22
wire-and-cable-products-197,wire and cable products,financial_ratios,ROA,7.54,3.13
wire-and-cable-products-197,wire and cable products,financial_ratios,ROI,11.97,4.36
wire-and-cable-products-197,wire and cable products,financial_ratios,Debt-to-Equity,0.56,0.30
wire-and-cable-products-197,wire and cable products,financial_ratios,Current Ratio,1.19,2.56
wire-and-cable-products-197,wire and cable products,financial_ratios,Cash Flow ($/share),"3,065.15",188.88
wire-and-cable-products-197,wire and cable products,financial_ratios,Price to Book,3.80,1.31
wire-and-cable-products-197,wire and cable products,financial_ratios,Price To Sales,2.96,0.57
wire-and-cable-products-197,wire and cable products,financial_ratios,Dividend Yield,1.44%,0.00%
wireless-equipment-229,wireless equipment,performance,1 Month,0.55,-1.81
wireless-equipment-229,wireless equipment,performance,3 Months,2.73,-8.50
wireless-equipment-229,wireless equipment,performance,YTD,12.91,16.82
wireless-equipment-229,wireless equipment,performance,1 Year,15.47,15.60
wireless-equipment-229,wireless equipment,performance,3 Years,84.19,141.36
wireless-equipment-229,wireless equipment,performance,5 Years,84.39,71.10
wireless-equipment-229,wireless equipment,industry_earnings,PE (F1),17.13,28.59
wireless-equipment-229,wireless equipment,industry_earnings,PEG (Ratio),1.73,1.70
wireless-equipment-229,wireless equipment,industry_earnings,Proj EPS Growth,11.19%,11.07%
wireless-equipment-229,wireless equipment,industry_earnings,Hist EPS Growth,7.03%,-4.38%
wireless-equipment-229,wireless equipment,industry_earnings,Net Margin,12.94%,2.04%
wireless-equipment-229,wireless equipment,industry_earnings,Hist Sales Growth,6.19%,11.55%
wireless-equipment-229,wireless equipment,industry_earnings,Hist Dividend Growth,3.80%,0.00%
wireless-equipment-229,wireless equipment,financial_ratios,Beta,0.94,1.37
wireless-equipment-229,wireless equipment,financial_ratios,ROE,17.83,9.19
wireless-equipment-229,wireless equipment,financial_ratios,ROA,7.54,2.49
wireless-equipment-229,wireless equipment,financial_ratios,ROI,11.97,6.03
wireless-equipment-229,wireless equipment,financial_ratios,Debt-to-Equity,0.56,0.04
wireless-equipment-229,wireless equipment,financial_ratios,Current Ratio,1.19,1.74
wireless-equipment-229,wireless equipment,financial_ratios,Cash Flow ($/share),"3,065.15",27.69
wireless-equipment-229,wireless equipment,financial_ratios,Price to Book,3.80,2.55
wireless-equipment-229,wireless equipment,financial_ratios,Price To Sales,2.96,3.12
wireless-equipment-229,wireless equipment,financial_ratios,Dividend Yield,1.44%,0.00%
wireless-national-238,wireless national,performance,1 Month,0.55,0.99
wireless-national-238,wireless national,performance,3 Months,2.73,-3.70
wireless-national-238,wireless national,performance,YTD,12.91,120.86
wireless-national-238,wireless national,performance,1 Year,15.47,97.31
wireless-national-238,wireless national,performance,3 Years,84.19,201.25
wireless-national-238,wireless national,performance,5 Years,84.39,111.11
wireless-national-238,wireless national,industry_earnings,PE (F1),17.13,10.92
wireless-national-238,wireless national,industry_earnings,PEG (Ratio),1.73,1.56
wireless-national-238,wireless national,industry_earnings,Proj EPS Growth,11.19%,11.74%
wireless-national-238,wireless national,industry_earnings,Hist EPS Growth,7.03%,-6.33%
wireless-national-238,wireless national,industry_earnings,Net Margin,12.94%,1.58%
wireless-national-238,wireless national,industry_earnings,Hist Sales Growth,6.19%,1.49%
wireless-national-238,wireless national,industry_earnings,Hist Dividend Growth,3.80%,0.00%
wireless-national-238,wireless national,financial_ratios,Beta,0.94,0.63
wireless-national-238,wireless national,financial_ratios,ROE,17.83,4.85
wireless-national-238,wireless national,financial_ratios,ROA,7.54,-0.70
wireless-national-238,wireless national,financial_ratios,ROI,11.97,-0.24
wireless-national-238,wireless national,financial_ratios,Debt-to-Equity,0.56,0.52
wireless-national-238,wireless national,financial_ratios,Current Ratio,1.19,0.97
wireless-national-238,wireless national,financial_ratios,Cash Flow ($/share),"3,065.15",87.76
wireless-national-238,wireless national,financial_ratios,Price to Book,3.80,1.68
wireless-national-238,wireless national,financial_ratios,Price To Sales,2.96,1.01
wireless-national-238,wireless national,financial_ratios,Dividend Yield,1.44%,0.00%
wireless-non-us--240,wireless non us,performance,1 Month,0.55,-5.46
wireless-non-us--240,wireless non us,performance,3 Months,2.73,-5.13
wireless-non-us--240,wireless non us,performance,YTD,12.91,11.48
wireless-non-us--240,wireless non us,performance,1 Year,15.47,14.27
wireless-non-us--240,wireless non us,performance,3 Years,84.19,39.38
wireless-non-us--240,wireless non us,performance,5 Years,84.39,12.00
wireless-non-us--240,wireless non us,industry_earnings,PE (F1),17.13,13.20
wireless-non-us--240,wireless non us,industry_earnings,PEG (Ratio),1.73,1.81
wireless-non-us--240,wireless non us,industry_earnings,Proj EPS Growth,11.19%,7.88%
wireless-non-us--240,wireless non us,industry_earnings,Hist EPS Growth,7.03%,-0.53%
wireless-non-us--240,wireless non us,industry_earnings,Net Margin,12.94%,9.29%
wireless-non-us--240,wireless non us,industry_earnings,Hist Sales Growth,6.19%,2.07%
wireless-non-us--240,wireless non us,industry_earnings,Hist Dividend Growth,3.80%,0.00%
wireless-non-us--240,wireless non us,financial_ratios,Beta,0.94,0.66
wireless-non-us--240,wireless non us,financial_ratios,ROE,17.83,18.19
wireless-non-us--240,wireless non us,financial_ratios,ROA,7.54,4.05
wireless-non-us--240,wireless non us,financial_ratios,ROI,11.97,7.15
wireless-non-us--240,wireless non us,financial_ratios,Debt-to-Equity,0.56,0.90
wireless-non-us--240,wireless non us,financial_ratios,Current Ratio,1.19,0.78
wireless-non-us--240,wireless non us,financial_ratios,Cash Flow ($/share),"3,065.15","1,956.62"
wireless-non-us--240,wireless non us,financial_ratios,Price to Book,3.80,1.76
wireless-non-us--240,wireless non us,financial_ratios,Price To Sales,2.96,1.61
wireless-non-us--240,wireless non us,financial_ratios,Dividend Yield,1.44%,1.69%
wireless-regional-rual-239,wireless regional rual,performance,1 Month,0.55,
wireless-regional-rual-239,wireless regional rual,performance,3 Months,2.73,
wireless-regional-rual-239,wireless regional rual,performance,YTD,12.91,
wireless-regional-rual-239,wireless regional rual,performance,1 Year,15.47,
wireless-regional-rual-239,wireless regional rual,performance,3 Years,84.19,
wireless-regional-rual-239,wireless regional rual,performance,5 Years,84.39,
wireless-regional-rual-239,wireless regional rual,industry_earnings,PE (F1),17.13,
wireless-regional-rual-239,wireless regional rual,industry_earnings,PEG (Ratio),1.73,
wireless-regional-rual-239,wireless regional rual,industry_earnings,Proj EPS Growth,11.19%,
wireless-regional-rual-239,wireless regional rual,industry_earnings,Hist EPS Growth,7.03%,
wireless-regional-rual-239,wireless regional rual,industry_earnings,Net Margin,12.94%,
wireless-regional-rual-239,wireless regional rual,industry_earnings,Hist Sales Growth,6.19%,
wireless-regional-rual-239,wireless regional rual,industry_earnings,Hist Dividend Growth,3.80%,
wireless-regional-rual-239,wireless regional rual,financial_ratios,Beta,0.94,
wireless-regional-rual-239,wireless regional rual,financial_ratios,ROE,17.83,
wireless-regional-rual-239,wireless regional rual,financial_ratios,ROA,7.54,
wireless-regional-rual-239,wireless regional rual,financial_ratios,ROI,11.97,
wireless-regional-rual-239,wireless regional rual,financial_ratios,Debt-to-Equity,0.56,
wireless-regional-rual-239,wireless regional rual,financial_ratios,Current Ratio,1.19,
wireless-regional-rual-239,wireless regional rual,financial_ratios,Cash Flow ($/share),"3,065.15",
wireless-regional-rual-239,wireless regional rual,financial_ratios,Price to Book,3.80,
wireless-regional-rual-239,wireless regional rual,financial_ratios,Price To Sales,2.96,
wireless-regional-rual-239,wireless regional rual,financial_ratios,Dividend Yield,1.44%,
wireless-regional-rural-234,wireless regional rural,performance,1 Month,0.55,
wireless-regional-rural-234,wireless regional rural,performance,3 Months,2.73,
wireless-regional-rural-234,wireless regional rural,performance,YTD,12.91,
wireless-regional-rural-234,wireless regional rural,performance,1 Year,15.47,
wireless-regional-rural-234,wireless regional rural,performance,3 Years,84.19,
wireless-regional-rural-234,wireless regional rural,performance,5 Years,84.39,
wireless-regional-rural-234,wireless regional rural,industry_earnings,PE (F1),17.13,
wireless-regional-rural-234,wireless regional rural,industry_earnings,PEG (Ratio),1.73,
wireless-regional-rural-234,wireless regional rural,industry_earnings,Proj EPS Growth,11.19%,
wireless-regional-rural-234,wireless regional rural,industry_earnings,Hist EPS Growth,7.03%,
wireless-regional-rural-234,wireless regional rural,industry_earnings,Net Margin,12.94%,
wireless-regional-rural-234,wireless regional rural,industry_earnings,Hist Sales Growth,6.19%,
wireless-regional-rural-234,wireless regional rural,industry_earnings,Hist Dividend Growth,3.80%,
wireless-regional-rural-234,wireless regional rural,financial_ratios,Beta,0.94,
wireless-regional-rural-234,wireless regional rural,financial_ratios,ROE,17.83,
wireless-regional-rural-234,wireless regional rural,financial_ratios,ROA,7.54,
wireless-regional-rural-234,wireless regional rural,financial_ratios,ROI,11.97,
wireless-regional-rural-234,wireless regional rural,financial_ratios,Debt-to-Equity,0.56,
wireless-regional-rural-234,wireless regional rural,financial_ratios,Current Ratio,1.19,
wireless-regional-rural-234,wireless regional rural,financial_ratios,Cash Flow ($/share),"3,065.15",
wireless-regional-rural-234,wireless regional rural,financial_ratios,Price to Book,3.80,
wireless-regional-rural-234,wireless regional rural,financial_ratios,Price To Sales,2.96,
wireless-regional-rural-234,wireless regional rural,financial_ratios,Dividend Yield,1.44%,
wireline-national-233,wireline national,performance,1 Month,0.55,2.08
wireline-national-233,wireline national,performance,3 Months,2.73,-3.14
wireline-national-233,wireline national,performance,YTD,12.91,-19.43
wireline-national-233,wireline national,performance,1 Year,15.47,-16.81
wireline-national-233,wireline national,performance,3 Years,84.19,77.06
wireline-national-233,wireline national,performance,5 Years,84.39,64.57
wireline-national-233,wireline national,industry_earnings,PE (F1),17.13,9.31
wireline-national-233,wireline national,industry_earnings,PEG (Ratio),1.73,
wireline-national-233,wireline national,industry_earnings,Proj EPS Growth,11.19%,390.23%
wireline-national-233,wireline national,industry_earnings,Hist EPS Growth,7.03%,
wireline-national-233,wireline national,industry_earnings,Net Margin,12.94%,0.34%
wireline-national-233,wireline national,industry_earnings,Hist Sales Growth,6.19%,-16.30%
wireline-national-233,wireline national,industry_earnings,Hist Dividend Growth,3.80%,0.00%
wireline-national-233,wireline national,financial_ratios,Beta,0.94,-0.29
wireline-national-233,wireline national,financial_ratios,ROE,17.83,11.77
wireline-national-233,wireline national,financial_ratios,ROA,7.54,5.91
wireline-national-233,wireline national,financial_ratios,ROI,11.97,7.63
wireline-national-233,wireline national,financial_ratios,Debt-to-Equity,0.56,0.44
wireline-national-233,wireline national,financial_ratios,Current Ratio,1.19,3.60
wireline-national-233,wireline national,financial_ratios,Cash Flow ($/share),"3,065.15",473.64
wireline-national-233,wireline national,financial_ratios,Price to Book,3.80,0.72
wireline-national-233,wireline national,financial_ratios,Price To Sales,2.96,2.02
wireline-national-233,wireline national,financial_ratios,Dividend Yield,1.44%,0.23%
wireline-non-us-235,wireline non us,performance,1 Month,0.55,-8.94
wireline-non-us-235,wireline non us,performance,3 Months,2.73,-13.62
wireline-non-us-235,wireline non us,performance,YTD,12.91,-1.41
wireline-non-us-235,wireline non us,performance,1 Year,15.47,33.78
wireline-non-us-235,wireline non us,performance,3 Years,84.19,
wireline-non-us-235,wireline non us,performance,5 Years,84.39,138.40
wireline-non-us-235,wireline non us,industry_earnings,PE (F1),17.13,9.37
wireline-non-us-235,wireline non us,industry_earnings,PEG (Ratio),1.73,4.62
wireline-non-us-235,wireline non us,industry_earnings,Proj EPS Growth,11.19%,68.50%
wireline-non-us-235,wireline non us,industry_earnings,Hist EPS Growth,7.03%,29.72%
wireline-non-us-235,wireline non us,industry_earnings,Net Margin,12.94%,17.24%
wireline-non-us-235,wireline non us,industry_earnings,Hist Sales Growth,6.19%,6.68%
wireline-non-us-235,wireline non us,industry_earnings,Hist Dividend Growth,3.80%,0.00%
wireline-non-us-235,wireline non us,financial_ratios,Beta,0.94,0.93
wireline-non-us-235,wireline non us,financial_ratios,ROE,17.83,24.03
wireline-non-us-235,wireline non us,financial_ratios,ROA,7.54,14.50
wireline-non-us-235,wireline non us,financial_ratios,ROI,11.97,20.56
wireline-non-us-235,wireline non us,financial_ratios,Debt-to-Equity,0.56,0.50
wireline-non-us-235,wireline non us,financial_ratios,Current Ratio,1.19,1.09
wireline-non-us-235,wireline non us,financial_ratios,Cash Flow ($/share),"3,065.15","1,040.97"
wireline-non-us-235,wireline non us,financial_ratios,Price to Book,3.80,2.11
wireline-non-us-235,wireline non us,financial_ratios,Price To Sales,2.96,2.25
wireline-non-us-235,wireline non us,financial_ratios,Dividend Yield,1.44%,0.02%
