date,TLT,SHY,LQD,JNK,HYG
2026-09-14,80.93000030517578,81.33999633789062,104.30000305175781,94.48999786376953,78.52999877929688
2026-09-07,80.87000274658203,81.37000274658203,104.31999969482422,94.61000061035156,78.5999984741211
2026-08-31,82.20999908447266,81.69000244140625,105.4800033569336,95.2699966430664,79.16000366210938
2026-08-24,82.5636215209961,81.64599609375,105.9054183959961,95.4384994506836,79.30538177490234
2026-08-17,81.7367935180664,81.75566864013672,105.47721099853516,95.33905029296875,79.17609405517578
2026-08-10,81.7268295288086,81.75566864013672,105.67638397216797,95.4384994506836,79.27554321289062
2026-08-03,82.44408416748047,81.6759033203125,106.10458374023438,95.27938079833984,79.17609405517578
2026-07-27,81.60728454589844,81.50541687011719,105.34974670410156,94.62602233886719,78.6648941040039
2026-07-20,82.59947204589844,81.3563232421875,105.32991790771484,94.33921813964844,78.4174575805664
2026-07-13,83.85955047607422,81.49547576904297,106.64865112304688,94.92272186279297,78.83314514160156
2026-07-06,83.80994415283203,81.38613891601562,106.54949188232422,94.8732681274414,78.89252471923828
2026-06-29,84.84181213378906,81.44578552246094,107.71949768066406,94.93260192871094,78.89252471923828
2026-06-22,86.35841369628906,81.45747375488281,108.19196319580078,94.6357421875,78.64672088623047
2026-06-15,85.75540924072266,81.2592544555664,107.76709747314453,94.80293273925781,78.82405090332031
2026-06-08,84.78663635253906,81.33854675292969,107.70780944824219,94.71441650390625,78.75509643554688
2026-06-01,84.08477783203125,81.13041687011719,106.87784576416016,94.15380859375,78.25265502929688
2026-05-25,84.44461059570312,81.3256607055664,107.64556884765625,94.66229248046875,78.7166748046875
2026-05-18,83.38117218017578,81.14778900146484,106.67108917236328,94.15361785888672,78.32462310791016
2026-05-11,82.37682342529297,81.0885009765625,106.16908264160156,93.63516235351562,77.88353729248047
2026-05-04,84.75969696044922,81.3256607055664,107.48806762695312,94.41773223876953,78.550048828125
2026-04-27,84.29690551757812,81.27625274658203,106.89747619628906,94.30034637451172,78.47163391113281
2026-04-20,85.06591796875,81.3520736694336,107.46058654785156,94.26383972167969,78.47210693359375
2026-04-13,85.4190902709961,81.4210433959961,107.89199829101562,94.44868469238281,78.63786315917969
2026-04-06,84.85009002685547,81.1944351196289,107.0683822631836,93.63145446777344,77.96507263183594
2026-03-30,85.1444091796875,81.14517211914062,106.98995971679688,93.12554931640625,77.5750503540039
2026-03-23,83.68185424804688,80.9319076538086,105.08744812011719,91.58915710449219,76.38554382324219
2026-03-16,83.86750793457031,80.85331726074219,105.31201934814453,91.8697509765625,76.57962036132812
2026-03-09,84.56127166748047,81.08907318115234,105.62449645996094,92.1600341796875,76.85131072998047
2026-03-02,86.43736267089844,81.26587677001953,107.56768035888672,92.79862213134766,77.32678985595703
2026-02-23,88.44928741455078,81.48886108398438,108.67791748046875,93.58717346191406,77.94393157958984
2026-02-16,87.07610321044922,81.302734375,108.59033203125,93.9432373046875,78.21428680419922
2026-02-09,87.37800598144531,81.37129974365234,108.59033203125,93.80852508544922,78.06944274902344
2026-02-02,85.25492095947266,81.17536926269531,107.58802032470703,93.73152923583984,78.03083038330078
2026-01-26,84.53227996826172,81.05781555175781,107.20071411132812,93.5968017578125,77.94488525390625
2026-01-19,85.30843353271484,80.91129302978516,107.46248626708984,93.64463806152344,77.96410369873047
2026-01-12,85.18229675292969,80.86246490478516,107.20071411132812,93.5968017578125,77.91605377197266
2026-01-05,85.30843353271484,80.90154266357422,107.26859283447266,93.47241973876953,77.82957458496094
2025-12-29,84.43526458740234,80.93083190917969,106.80322265625,93.04183959960938,77.51248931884766
2025-12-22,85.12408447265625,80.86246490478516,107.26859283447266,92.96530151367188,77.44525146484375
2025-12-15,84.93975830078125,80.83316802978516,106.77413177490234,92.63997650146484,77.21464538574219
2025-12-08,84.40751647949219,80.69203186035156,106.39278411865234,92.40938568115234,77.05127716064453
2025-12-01,85.20965576171875,80.59464263916016,107.05913543701172,92.61882781982422,77.22341918945312
2025-11-24,86.87094116210938,80.65404510498047,107.62600708007812,92.45887756347656,77.09431457519531
2025-11-17,86.18721771240234,80.60549926757812,106.7215805053711,91.6161880493164,76.50413513183594
2025-11-10,85.58055114746094,80.41134643554688,106.07695770263672,91.49311065673828,76.36134338378906
2025-11-03,86.254638671875,80.41134643554688,106.51954650878906,91.6161880493164,76.46605682373047
2025-10-27,86.63500213623047,80.3016586303711,106.63306427001953,91.70802307128906,76.5231704711914
2025-10-20,87.7672348022461,80.42745208740234,108.06148529052734,92.03761291503906,76.7883529663086
2025-10-13,87.50817108154297,80.40808868408203,107.56298828125,91.56678009033203,76.44740295410156
2025-10-06,86.95165252685547,80.2532730102539,106.74810791015625,90.71929168701172,75.71815490722656
2025-09-29,85.76185607910156,80.11778259277344,106.93984985351562,91.78336334228516,76.5610580444336
2025-09-22,85.00537872314453,79.96703338623047,106.22559356689453,91.63529968261719,76.42801666259766
2025-09-15,85.12012481689453,80.0345458984375,106.7318344116211,91.86005401611328,76.59768676757812
2025-09-08,86.00938415527344,80.005615234375,106.9897232055664,91.4854736328125,76.31488800048828
2025-09-01,84.68029022216797,79.9959716796875,106.18737030029297,91.31690979003906,76.23006439208984
2025-08-25,82.49251556396484,79.80494689941406,104.5119857788086,90.82150268554688,75.85960388183594
2025-08-18,82.92117309570312,79.67992401123047,104.8927230834961,90.74699401855469,75.8502197265625
2025-08-11,82.302001953125,79.50679016113281,104.45487976074219,90.27195739746094,75.48432922363281
2025-08-04,83.14978790283203,79.45872497558594,104.14078521728516,90.085693359375,75.2591781616211
2025-07-28,83.65464782714844,79.4971923828125,104.35017395019531,89.7410659790039,75.03401184082031
2025-07-21,82.0170669555664,79.13164520263672,103.31885528564453,89.88093566894531,75.13294219970703
2025-07-14,80.88780975341797,79.11247253417969,102.65528106689453,89.56603240966797,74.90892028808594
2025-07-07,81.40974426269531,79.03578186035156,102.45619201660156,89.32520294189453,74.70356750488281
2025-06-30,82.52949523925781,78.9974365234375,103.38520050048828,89.7605209350586,75.02095031738281
2025-06-23,82.61981964111328,79.118408203125,102.95880126953125,89.28984832763672,74.64051818847656
2025-06-16,81.76895904541016,78.86996459960938,102.13712310791016,88.63587188720703,74.1388168334961
2025-06-09,81.61767578125,78.7457275390625,101.8065414428711,88.14769744873047,73.73005676269531
2025-06-02,80.6911849975586,78.55463409423828,100.98482513427734,88.07402038574219,73.67430877685547
2025-05-26,81.26787567138672,78.71517944335938,101.41363525390625,87.8474349975586,73.57582092285156
2025-05-19,79.63837432861328,78.56278228759766,100.01152038574219,87.12384033203125,73.00252532958984
2025-05-12,81.2867431640625,78.47706604003906,100.78314208984375,87.69170379638672,73.4371109008789
2025-05-05,81.99314880371094,78.56278228759766,100.32205963134766,86.60176086425781,72.6326675415039
2025-04-28,82.63365173339844,78.60088348388672,100.60433959960938,86.62006378173828,72.62342834472656
2025-04-21,83.41932678222656,78.6502914428711,101.2140884399414,86.54612731933594,72.46448516845703
2025-04-14,82.14302825927734,78.56481170654297,100.05189514160156,85.362060546875,71.5445327758789
2025-04-07,81.54241180419922,78.26102447509766,98.62727355957031,84.15066528320312,70.59698486328125
2025-03-31,87.13561248779297,78.49836730957031,101.95451354980469,84.205322265625,70.61540222167969
2025-03-24,84.28943634033203,78.22321319580078,101.28326416015625,86.23506927490234,72.14107513427734
2025-03-17,84.81309509277344,78.13806915283203,101.54471588134766,86.73323059082031,72.52559661865234
2025-03-10,84.3175048828125,77.98667907714844,100.78844451904297,86.3437728881836,72.21431732177734
2025-03-03,84.26139831542969,77.94883728027344,101.13389587402344,87.05024719238281,72.73613739013672
2025-02-24,86.15962982177734,77.9365234375,101.95084381103516,87.48680114746094,73.01627349853516
2025-02-17,83.53094482421875,77.57807159423828,100.68588256835938,87.04541778564453,72.57890319824219
2025-02-10,83.10215759277344,77.44600677490234,100.44402313232422,87.09043884277344,72.67912292480469
2025-02-03,83.21399688720703,77.3233871459961,100.01618194580078,86.694091796875,72.30553436279297
2025-01-27,81.51560974121094,77.36771392822266,99.5892562866211,86.67967224121094,72.31465911865234
2025-01-20,81.0140380859375,77.22667694091797,99.27416229248047,86.72445678710938,72.34185791015625
2025-01-13,80.98616790771484,77.1702651977539,98.95906066894531,86.40196228027344,72.07878875732422
2025-01-06,79.3792495727539,76.93523406982422,97.68013000488281,85.4076156616211,71.23519897460938
2024-12-30,81.07905578613281,77.05745697021484,98.792236328125,85.95406341552734,71.62525939941406
2024-12-23,80.90258026123047,76.91642761230469,98.83856964111328,85.4792709350586,71.25333404541016
2024-12-16,82.02645874023438,76.8882064819336,99.14442443847656,85.44343566894531,71.28054809570312
2024-12-09,83.41128540039062,76.91649627685547,100.4006576538086,85.9133071899414,71.662353515625
2024-12-02,87.33434295654297,77.04766845703125,102.22914123535156,86.5191421508789,72.10453796386719
2024-11-25,86.64501953125,76.88368225097656,101.73693084716797,86.2750244140625,71.90510559082031
2024-11-18,83.3440933227539,76.59416198730469,99.7583236694336,85.64586639404297,71.41098022460938
2024-11-11,83.05826568603516,76.60350799560547,99.62950134277344,85.3888931274414,71.17742919921875
2024-11-04,85.2803955078125,76.65020751953125,101.09273529052734,86.01803588867188,71.68948364257812
2024-10-28,83.75900268554688,76.63153839111328,99.39942932128906,84.83946228027344,70.74620819091797
2024-10-21,84.671875,76.71259307861328,100.24044799804688,84.91805267333984,70.86685943603516
2024-10-14,86.26168060302734,76.87081146240234,101.56096649169922,85.56136322021484,71.33167266845703
2024-10-07,86.1054458618164,76.82428741455078,101.61598205566406,85.29698944091797,71.1260757446289
2024-09-30,87.80549621582031,76.80565643310547,102.2670669555664,85.4379653930664,71.15289306640625
2024-09-23,90.28893280029297,77.24925231933594,103.48487091064453,85.71295166015625,71.48339080810547
2024-09-16,90.57289123535156,77.19361877441406,103.6584701538086,85.66911315917969,71.39442443847656
2024-09-09,91.97435760498047,77.13795471191406,103.4391860961914,85.06432342529297,70.83399963378906
2024-09-02,91.1957778930664,76.961669921875,102.63512420654297,84.573486328125,70.39813232421875
2024-08-26,88.09697723388672,76.54607391357422,101.24175262451172,84.40081787109375,70.2380142211914
2024-08-19,89.83171081542969,76.55531311035156,102.11568450927734,84.4356689453125,70.29114532470703
2024-08-12,88.96435546875,76.30570983886719,101.22354125976562,83.8428955078125,69.79537963867188
2024-08-05,87.88699340820312,76.25025177001953,99.8761978149414,82.85784149169922,69.02517700195312
2024-07-29,89.73127746582031,76.42588806152344,100.68644714355469,82.6312026977539,68.78616333007812
2024-07-22,84.61934661865234,75.67585754394531,98.52103424072266,82.82876586914062,68.94754791259766
2024-07-15,84.5556411743164,75.48236083984375,98.31241607666016,82.54268646240234,68.674560546875
2024-07-08,85.48382568359375,75.51924133300781,99.02899932861328,82.56868743896484,68.674560546875
2024-07-01,84.22804260253906,75.23359680175781,98.0947036743164,82.00516510009766,68.190185546875
2024-06-24,83.25344848632812,74.98480987548828,96.82837677001953,81.2647705078125,67.57809448242188
2024-06-17,85.23094177246094,74.97561645507812,97.73230743408203,81.52340698242188,67.797119140625
2024-06-10,85.87496948242188,74.94805908203125,98.03961944580078,81.16133117675781,67.5080337524414
2024-06-03,82.9994888305664,74.62664031982422,96.68374633789062,80.9716796875,67.35908508300781
2024-05-27,81.76764678955078,74.57888793945312,96.25437927246094,80.87600708007812,67.25570678710938
2024-05-20,82.60836029052734,74.48735046386719,96.3354263305664,80.81600952148438,67.22081756591797
2024-05-13,82.61740112304688,74.5331039428711,96.52452850341797,80.99600982666016,67.38652038574219
2024-05-06,81.46932983398438,74.40493774414062,95.73207092285156,80.59313201904297,67.05517578125
2024-04-29,81.21617126464844,74.42325592041016,95.81312561035156,80.80741882324219,67.21214294433594
2024-04-22,79.49126434326172,74.10087585449219,94.2952880859375,79.88103485107422,66.46072387695312
2024-04-15,80.31106567382812,74.06438446044922,94.18766784667969,79.25889587402344,65.90557861328125
2024-04-08,81.33799743652344,74.10087585449219,95.12944793701172,79.63388061523438,66.24384307861328
2024-04-01,82.32896423339844,74.26509857177734,95.99948120117188,80.03445434570312,66.63418579101562
2024-03-25,84.9576644897461,74.37460327148438,97.3260498046875,80.70005798339844,67.0809097290039
2024-03-18,84.38301086425781,74.3564224243164,97.1026611328125,80.62374877929688,67.05502319335938
2024-03-11,83.44921875,74.11083984375,96.3342056274414,79.98798370361328,66.51131439208984
2024-03-04,85.95430755615234,74.39276885986328,97.4154052734375,80.27619171142578,66.7961196899414
2024-02-26,84.8229751586914,74.2654800415039,96.43248748779297,80.03038024902344,66.60624694824219
2024-02-19,84.02024841308594,74.05648040771484,96.20512390136719,79.82738494873047,66.3748779296875
2024-02-12,83.02669525146484,74.04743194580078,95.68876647949219,79.40592193603516,65.99732208251953
2024-02-05,84.00234985351562,74.18341827392578,96.29413604736328,79.8695068359375,66.38345336914062
2024-01-29,85.98939514160156,74.28316497802734,97.59400177001953,79.61665344238281,66.23760986328125
2024-01-22,83.67048645019531,74.24556732177734,96.77922821044922,79.63959503173828,66.28501892089844
2024-01-15,83.94706726074219,74.1641845703125,96.69048309326172,79.11151123046875,65.8922348022461
2024-01-08,86.11510467529297,74.44446563720703,97.97686767578125,79.73179626464844,66.34477233886719
2024-01-01,85.90990447998047,74.03761291503906,96.39773559570312,78.69241333007812,65.47382354736328
2023-12-25,88.22069549560547,74.1732406616211,98.17204284667969,79.40489959716797,66.08007049560547
2023-12-18,87.86380004882812,74.09187316894531,97.67521667480469,79.47195434570312,66.14837646484375
2023-12-11,88.46160125732422,73.87487030029297,97.90589904785156,78.88771057128906,65.68728637695312
2023-12-04,84.07765197753906,73.43313598632812,94.9033432006836,77.3622817993164,64.45541381835938
2023-11-27,82.6991958618164,73.57730865478516,94.73540496826172,77.47065734863281,64.56587219238281
2023-11-20,79.61015319824219,73.04027557373047,92.22566986083984,76.15324401855469,63.435157775878906
2023-11-13,79.82288360595703,73.03128051757812,91.93506622314453,75.87139892578125,63.240657806396484
2023-11-06,78.0055160522461,72.77967834472656,89.97991943359375,75.19168853759766,62.64011001586914
2023-10-30,77.68637084960938,72.9683837890625,89.75093078613281,75.63101196289062,62.936153411865234
2023-10-23,74.54035186767578,72.65374755859375,87.40337371826172,73.03707885742188,60.87503433227539
2023-10-16,73.54200744628906,72.51937866210938,86.57855224609375,72.61672973632812,60.51329040527344
2023-10-09,77.40287780761719,72.51040649414062,88.95646667480469,73.4986801147461,61.2031364440918
2023-10-02,74.91141510009766,72.40288543701172,87.72803497314453,73.39152526855469,61.152679443359375
2023-09-25,78.10966491699219,72.35897827148438,89.16791534423828,74.09132385253906,61.69529724121094
2023-09-18,80.52278900146484,72.29644012451172,90.7586441040039,74.38638305664062,61.92961883544922
2023-09-11,81.87026977539062,72.29644012451172,91.22188568115234,75.05843353271484,62.465232849121094
2023-09-04,83.11209869384766,72.30538177490234,91.52778625488281,75.00106048583984,62.448482513427734
2023-08-28,83.53479766845703,72.37684631347656,91.79873657226562,75.39446258544922,62.8250732421875
2023-08-21,83.6098861694336,72.13986206054688,91.41177368164062,74.58573913574219,62.14899444580078
2023-08-14,82.33668518066406,72.21116638183594,90.66279602050781,74.0396499633789,61.715824127197266
2023-08-07,83.74158477783203,72.17550659179688,91.49017333984375,74.7813491821289,62.33222961425781
2023-07-31,84.76016235351562,72.26463317871094,92.2304458618164,74.63465881347656,62.182308197021484
2023-07-24,87.39935302734375,72.10247802734375,93.34701538085938,74.93753814697266,62.442909240722656
2023-07-17,89.08060455322266,72.13799285888672,93.71150970458984,74.93753814697266,62.48433303833008
2023-07-10,88.69534301757812,72.1646499633789,93.26017761230469,74.6781997680664,62.260520935058594
2023-07-03,86.76011657714844,71.83573150634766,91.60242462158203,73.42193603515625,61.22422409057617
2023-06-26,89.89669036865234,71.90151977539062,93.55702209472656,74.18865203857422,61.90156936645508
2023-06-19,90.23729705810547,72.02568817138672,93.17636108398438,73.2777328491211,61.175926208496094
2023-06-12,89.59979248046875,72.0168228149414,93.16769409179688,74.0919189453125,61.78609085083008
2023-06-05,89.00593566894531,72.07887268066406,92.36310577392578,73.84202575683594,61.61293029785156
2023-05-29,89.06707000732422,72.16757202148438,92.8389663696289,73.66465759277344,61.49749755859375
2023-05-22,88.04712677001953,72.04660034179688,91.81351470947266,72.75886535644531,60.74501037597656
2023-05-15,88.05583190917969,72.34737396240234,91.93424987792969,72.92716217041016,60.892723083496094
2023-05-08,90.81680297851562,72.6923828125,93.40885925292969,73.19163513183594,61.0732536315918
2023-05-01,91.35682678222656,72.727783203125,93.59855651855469,73.45616149902344,61.35227584838867
2023-04-24,92.4908447265625,72.53225708007812,94.47643280029297,73.7286605834961,61.577144622802734
2023-04-17,90.70114135742188,72.3204574584961,93.67716979980469,73.4018325805664,61.27482223510742
2023-04-10,91.2918930053711,72.3734130859375,94.01233673095703,73.64095306396484,61.51176071166992
2023-04-03,94.28922271728516,72.68228912353516,94.82020568847656,73.25035095214844,61.152252197265625
2023-03-27,92.178955078125,72.35577392578125,93.90921020507812,73.62979888916016,61.452945709228516
2023-03-20,92.59490966796875,72.67278289794922,93.78925323486328,71.58319854736328,59.866790771484375
2023-03-13,92.59490966796875,72.4526138305664,92.52125549316406,71.32144927978516,59.67970275878906
2023-03-06,91.5030288696289,71.51913452148438,91.51885986328125,71.41661071777344,59.73666000366211
2023-02-27,88.29663848876953,71.12283325195312,90.96195983886719,72.66202545166016,60.777801513671875
2023-02-20,87.2843017578125,71.13874053955078,90.36930084228516,71.76749420166016,59.9661750793457
2023-02-13,88.50318145751953,71.34969329833984,91.38525390625,72.08302307128906,60.28147506713867
2023-02-06,89.37628936767578,71.40243530273438,91.99995422363281,72.35909271240234,60.45935821533203
2023-01-30,92.23762512207031,71.63094329833984,94.37338256835938,73.88941955566406,61.761016845703125
2023-01-23,92.00957489013672,71.69963073730469,94.04818725585938,73.29244232177734,61.27821731567383
2023-01-16,91.56983947753906,71.74345397949219,94.09075927734375,73.29244232177734,61.28626251220703
2023-01-09,92.04405212402344,71.62064361572266,94.02267456054688,73.73981475830078,61.6644401550293
2023-01-02,90.69033813476562,71.51537322998047,92.43109130859375,72.546875,60.77131652832031
2022-12-26,85.84455108642578,71.20831298828125,89.73302459716797,70.63198852539062,59.24258804321289
2022-12-19,88.08639526367188,71.33992004394531,91.12036895751953,71.40110778808594,59.85407638549805
2022-12-12,92.35446166992188,71.43643951416016,92.82259368896484,71.61691284179688,60.02306365966797
2022-12-05,91.46070098876953,71.18153381347656,92.37215423583984,71.64808654785156,60.0611457824707
2022-11-28,92.11442565917969,71.26030731201172,92.84734344482422,72.17843627929688,60.47734451293945
2022-11-21,88.30010223388672,70.92371368408203,91.15534210205078,71.2964096069336,59.78402328491211
2022-11-14,85.50267791748047,70.81888580322266,89.49750518798828,70.58296203613281,59.162330627441406
2022-11-07,84.0009765625,70.9673843383789,88.44866943359375,70.69152069091797,59.33766555786133
2022-10-31,80.8516845703125,70.47820281982422,85.53053283691406,69.27243041992188,58.1022834777832
2022-10-24,82.86163330078125,70.73922729492188,85.92919158935547,70.54566192626953,59.19081115722656
2022-10-17,79.75430297851562,70.58224487304688,83.88851928710938,68.48578643798828,57.555213928222656
2022-10-10,84.37678527832031,70.49505615234375,84.6474380493164,67.69112396240234,56.777122497558594
2022-10-03,86.44831085205078,70.66072082519531,86.36771392822266,68.33143615722656,57.26144790649414
2022-09-26,87.4892578125,70.72352600097656,86.10713958740234,67.4095458984375,56.40316390991211
2022-09-19,90.26461791992188,70.73224639892578,88.09066772460938,68.14614868164062,56.9878044128418
2022-09-12,91.43457794189453,71.12409973144531,90.01538848876953,70.06446075439453,58.62326431274414
2022-09-05,92.49349975585938,71.48116302490234,91.09117889404297,71.62983703613281,59.89529037475586
2022-08-29,94.12458038330078,71.68146514892578,91.09959411621094,70.2793197631836,58.710166931152344
2022-08-22,96.82341003417969,71.67265319824219,93.1258773803711,71.42321014404297,59.60115051269531
2022-08-15,96.32913970947266,71.78570556640625,93.53656768798828,72.56031799316406,60.497413635253906
2022-08-08,98.46807098388672,71.79442596435547,95.74925994873047,74.4605484008789,62.06193923950195
2022-08-01,99.25209045410156,71.73355102539062,94.72673034667969,73.51425170898438,61.354339599609375
2022-07-25,99.88865661621094,72.16148376464844,95.82804870605469,73.2181396484375,61.23325729370117
2022-07-18,100.84136199951172,71.99640655517578,95.00865936279297,72.0178451538086,60.21520233154297
2022-07-11,98.7913589477539,71.74441528320312,93.5036392211914,70.58965301513672,59.12665939331055
2022-07-04,95.69507598876953,71.7356948852539,92.26615905761719,70.09585571289062,58.648948669433594
2022-06-27,98.5191421508789,72.0832748413086,92.90996551513672,69.16144561767578,57.93628692626953
2022-06-20,95.55692291259766,71.7366943359375,91.8003158569336,70.03304290771484,58.50374221801758
2022-06-13,95.1494140625,71.51103210449219,91.24993133544922,69.26959228515625,57.731910705566406
2022-06-06,96.58413696289062,71.65859985351562,92.15888977050781,70.69819641113281,58.963706970214844
2022-05-30,98.50275421142578,72.15338134765625,94.38529205322266,73.60083770751953,61.31044387817383
2022-05-23,100.9124755859375,72.40937042236328,95.9062271118164,74.72042083740234,62.2774543762207
2022-05-16,100.429443359375,72.19254302978516,93.51876831054688,71.27339172363281,59.380611419677734
2022-05-09,98.28540802001953,72.11444091796875,92.87822723388672,71.64218139648438,59.6524658203125
2022-05-02,96.32785034179688,71.88895416259766,92.1794662475586,72.5302734375,60.258216857910156
2022-04-25,101.05403137207031,71.86812591552734,93.45722198486328,73.15193939208984,60.75136947631836
2022-04-18,101.5108413696289,71.85078430175781,94.13780212402344,74.03628540039062,61.316104888916016
2022-04-11,102.15380859375,72.11083984375,95.76459503173828,74.88314056396484,62.07423400878906
2022-04-04,105.85077667236328,72.00680541992188,97.27517700195312,74.9281005859375,62.07423400878906
2022-03-28,111.99271392822266,72.07616424560547,100.50382232666016,76.55437469482422,63.397090911865234
2022-03-21,108.67915344238281,72.20968627929688,98.7845230102539,75.64495086669922,62.6544303894043
2022-03-14,112.71682739257812,72.6602783203125,100.88827514648438,76.66768646240234,63.58668518066406
2022-03-07,113.9585189819336,72.93759155273438,99.53824615478516,75.21198272705078,62.35393142700195
2022-02-28,118.46076202392578,73.25823211669922,102.4039535522461,76.76473236083984,63.59436798095703
2022-02-21,115.46118927001953,73.12396240234375,102.06167602539062,77.51145935058594,64.18242645263672
2022-02-14,116.60848999023438,73.17593383789062,102.22693634033203,76.87934875488281,63.629695892333984
2022-02-07,116.62533569335938,73.15860748291016,103.18576049804688,76.69345092773438,63.45314407348633
2022-01-31,117.2664794921875,73.37517547607422,103.68994140625,77.76428985595703,64.30524444580078
2022-01-24,120.57412719726562,73.57183837890625,105.34972381591797,78.22533416748047,64.76969146728516
2022-01-17,120.99536895751953,73.72771453857422,106.3397216796875,78.97367095947266,65.35102844238281
2022-01-10,119.70648193359375,73.76236724853516,106.55423736572266,79.65528106689453,65.84815979003906
2022-01-03,119.84125518798828,73.86628723144531,107.01619720458984,79.42562103271484,65.67990112304688
2021-12-27,124.83672332763672,74.08283996582031,109.32615661621094,80.4406509399414,66.55187225341797
2021-12-20,125.1147689819336,74.08283996582031,109.47464752197266,80.59625244140625,66.6666030883789
2021-12-13,127.06071472167969,74.12608337402344,109.73038482666016,79.81830596923828,66.06237030029297
2021-12-06,125.26000213623047,74.07588195800781,109.33795166015625,79.78446960449219,66.0352783203125
2021-11-29,129.87957763671875,74.19707489013672,110.54833221435547,79.20124816894531,65.55504608154297
2021-11-22,126.5114974975586,74.26632690429688,109.0511474609375,78.46122741699219,64.9365234375
2021-11-15,124.6877212524414,74.22306823730469,109.3799057006836,79.50580596923828,65.76465606689453
2021-11-08,123.82210540771484,74.23175811767578,109.29774475097656,79.84417724609375,65.9849853515625
2021-11-01,125.4777603149414,74.4134292602539,110.8182601928711,80.40325164794922,66.47882080078125
2021-10-25,123.96659851074219,74.28279113769531,109.49331665039062,79.6242446899414,65.83531188964844
2021-10-18,120.97850036621094,74.26549530029297,108.5335922241211,79.5216064453125,65.76714324951172
2021-10-11,121.7339096069336,74.36933135986328,109.28009033203125,79.82950592041016,66.05492401123047
2021-10-04,119.08991241455078,74.46451568603516,108.12342071533203,79.49960327148438,65.70655822753906
2021-09-27,122.00251007080078,74.56834411621094,109.70661163330078,80.04942321777344,66.1988296508789
2021-09-20,123.15562438964844,74.48960876464844,110.46245574951172,80.2328872680664,66.35758972167969
2021-09-13,125.05013275146484,74.56747436523438,110.82266235351562,80.31321716308594,66.425537109375
2021-09-06,124.40459442138672,74.58476257324219,110.7490005493164,80.137939453125,66.29720306396484
2021-08-30,124.22021484375,74.60208892822266,110.5197525024414,80.28401947021484,66.43305206298828
2021-08-23,125.13419342041016,74.5994873046875,110.6473388671875,79.97393035888672,66.18804931640625
2021-08-16,126.04679107666016,74.56486511230469,110.52477264404297,79.31878662109375,65.68389129638672
2021-08-09,124.37228393554688,74.56486511230469,110.40215301513672,79.46436309814453,65.81179809570312
2021-08-02,123.7275619506836,74.5735092163086,110.05892181396484,79.41339111328125,65.75159454345703
2021-07-26,125.031982421875,74.63235473632812,110.96363067626953,79.63905334472656,65.88478088378906
2021-07-19,124.17903137207031,74.60639953613281,110.76780700683594,79.71887969970703,65.96730041503906
2021-07-12,123.93655395507812,74.54588317871094,110.11515808105469,79.49398803710938,65.75729370117188
2021-07-05,122.53165435791016,74.57179260253906,109.99279022216797,79.7696304321289,66.00483703613281
2021-06-28,121.28572845458984,74.52857971191406,109.6256332397461,79.77690124511719,66.04978942871094
2021-06-21,118.59730529785156,74.47406768798828,108.6944808959961,79.4137191772461,65.73353576660156
2021-06-14,121.7039794921875,74.4654312133789,109.394775390625,78.98716735839844,65.35978698730469
2021-06-07,118.84784698486328,74.62975311279297,108.84922790527344,79.15345764160156,65.5018310546875
2021-05-31,116.83515167236328,74.62975311279297,107.56257629394531,78.7919921875,65.24018859863281
2021-05-24,115.44966888427734,74.63671112060547,107.04385375976562,78.45584106445312,64.9553451538086
2021-05-17,114.80757904052734,74.60205841064453,106.64561462402344,78.34059143066406,64.90320587158203
2021-05-10,114.3155517578125,74.60205841064453,106.50748443603516,78.3909912109375,64.9776840209961
2021-05-03,116.10850524902344,74.62801361083984,107.07638549804688,78.53504180908203,65.06709289550781
2021-04-26,115.44721221923828,74.59170532226562,106.38145446777344,78.39747619628906,64.93001556396484
2021-04-19,116.6296615600586,74.57440948486328,106.80330657958984,78.3328857421875,64.87800598144531
2021-04-12,115.96346282958984,74.57440948486328,106.31657409667969,78.24674224853516,64.82604217529297
2021-04-05,114.50625610351562,74.55712127685547,106.08946228027344,78.16777801513672,64.75179290771484
2021-03-29,114.50625610351562,74.54845428466797,105.94344329833984,77.9883041381836,64.65525817871094
2021-03-22,113.6429443359375,74.59255981445312,104.93506622314453,77.61860656738281,64.32620239257812
2021-03-15,112.0546646118164,74.56661224365234,104.13365173339844,76.93907928466797,63.68974304199219
2021-03-08,113.14401245117188,74.54934692382812,104.19841766357422,77.26099395751953,63.98576736450195
2021-03-01,115.51404571533203,74.5579833984375,105.04841613769531,77.39688110351562,64.10421752929688
2021-02-22,118.8719711303711,74.59083557128906,106.86266326904297,77.08074188232422,63.743770599365234
2021-02-15,118.99649047851562,74.63406372070312,107.5898208618164,77.89312744140625,64.52545928955078
2021-02-08,122.18595886230469,74.63406372070312,108.80973052978516,78.13542938232422,64.73194885253906
2021-02-01,122.95011138916016,74.6426773071289,108.8985824584961,77.86463928222656,64.54022979736328
2021-01-25,126.10128021240234,74.63407135009766,109.33732604980469,76.96383666992188,63.900150299072266
2021-01-18,126.0016860961914,74.61676788330078,109.41792297363281,77.34725952148438,64.14258575439453
2021-01-11,125.95194244384766,74.5908203125,109.77266693115234,77.16974639892578,64.00297546386719
2021-01-04,125.53715515136719,74.5908203125,109.4662857055664,77.40402221679688,64.19398498535156
2020-12-28,130.8549041748047,74.61676788330078,111.3773193359375,77.34725952148438,64.14258575439453
2020-12-21,130.4899139404297,74.6081314086914,111.08699035644531,77.07032775878906,63.95888900756836
2020-12-14,129.69346618652344,74.6081314086914,110.59518432617188,76.75080871582031,63.687049865722656
2020-12-07,131.58050537109375,74.62366485595703,110.46623229980469,76.41682434082031,63.42376708984375
2020-11-30,128.6218719482422,74.57184600830078,110.24092864990234,76.57239532470703,63.54815673828125
2020-11-23,132.64691162109375,74.56926727294922,110.82429504394531,75.82666778564453,62.97644805908203
2020-11-16,133.71493530273438,74.55198669433594,110.47894287109375,75.4322509765625,62.619300842285156
2020-11-09,130.94146728515625,74.51747131347656,109.025390625,74.9674072265625,62.26948547363281
2020-11-02,131.97630310058594,74.56063842773438,109.3707046508789,74.7490234375,62.1164436340332
2020-10-26,130.3130645751953,74.57013702392578,107.16787719726562,73.14674377441406,60.870887756347656
2020-10-19,130.67698669433594,74.5528793334961,107.88113403320312,73.99533081054688,61.58933639526367
2020-10-12,133.47225952148438,74.57876586914062,108.45812225341797,73.72183990478516,61.4151496887207
2020-10-05,132.3971710205078,74.56151580810547,108.1295166015625,73.97430419921875,61.64738845825195
2020-09-28,134.5970001220703,74.59603118896484,108.03334045410156,73.00647735595703,60.8346061706543
2020-09-21,136.41566467285156,74.59601593017578,107.32579040527344,71.9757080078125,59.93984603881836
2020-09-14,135.13516235351562,74.58740997314453,108.53328704833984,73.2115707397461,60.90814971923828
2020-09-07,135.8869171142578,74.58740997314453,108.245361328125,73.35820007324219,61.0237922668457
2020-08-31,134.44940185546875,74.56155395507812,107.90953063964844,73.35820007324219,61.05268096923828
2020-08-24,132.96084594726562,74.57964324951172,107.71471405029297,73.5689926147461,61.28285598754883
2020-08-17,137.1529998779297,74.56242370605469,108.87162017822266,73.11003875732422,60.987762451171875
2020-08-10,134.6608123779297,74.5538101196289,108.04183959960938,72.58843231201172,60.51279067993164
2020-08-03,140.1898956298828,74.60552978515625,110.71471405029297,73.6315689086914,61.2972526550293
2020-07-27,140.957275390625,74.62274169921875,110.1522445678711,73.4612045288086,61.21015930175781
2020-07-20,139.91867065429688,74.57965087890625,109.96906280517578,72.74110412597656,60.64385986328125
2020-07-13,137.47862243652344,74.57965087890625,109.33218383789062,71.79256439208984,59.86967468261719
2020-07-06,137.1077423095703,74.54521942138672,108.1776351928711,70.71247100830078,59.13131332397461
2020-06-29,134.84912109375,74.56245422363281,107.52481842041016,70.42857360839844,58.87327575683594
2020-06-22,136.0579071044922,74.54436492919922,106.04573822021484,69.55824279785156,58.06195068359375
2020-06-15,133.7031707763672,74.50994873046875,106.43498992919922,71.00508880615234,59.161251068115234
2020-06-08,133.629150390625,74.50133514404297,105.1242904663086,70.46770477294922,58.84714889526367
2020-06-01,128.53250122070312,74.45826721191406,105.06075286865234,72.07296752929688,60.289066314697266
2020-05-25,134.5182647705078,74.5357666015625,104.6142807006836,69.93787384033203,58.60374069213867
2020-05-18,136.13006591796875,74.5185546875,103.56831359863281,68.77214050292969,57.75761413574219
2020-05-11,137.08387756347656,74.55298614501953,101.86465454101562,66.60523223876953,55.96577835083008
2020-05-04,134.83895874023438,74.5357666015625,100.36701202392578,67.47608947753906,56.70524978637695
2020-04-27,138.10353088378906,74.48416137695312,101.6982650756836,66.4886474609375,55.9444580078125
2020-04-20,140.29794311523438,74.44815063476562,102.67940521240234,65.90960693359375,55.433013916015625
2020-04-13,137.80958557128906,74.46531677246094,103.20108795166016,68.30396270751953,57.39353942871094
2020-04-06,135.82229614257812,74.4395523071289,104.20496368408203,69.33396911621094,58.29240798950195
2020-03-30,138.3762664794922,74.4395523071289,95.72343444824219,61.76211166381836,52.056907653808594
2020-03-23,137.5205535888672,74.37425231933594,96.5318374633789,64.071044921875,54.24761199951172
2020-03-16,130.73878479003906,74.23695373535156,84.16081237792969,58.4771842956543,49.12074661254883
2020-03-09,126.2369155883789,74.05670166015625,97.02070617675781,67.32958984375,56.374412536621094
2020-03-02,136.75799560546875,73.98799896240234,105.86729431152344,71.71502685546875,59.89560317993164
2020-02-24,127.17249298095703,73.47731018066406,103.94422149658203,72.28251647949219,60.32518768310547
2020-02-17,121.21959686279297,72.87732696533203,103.60606384277344,74.38404846191406,61.930809020996094
2020-02-10,118.3619155883789,72.76594543457031,103.00055694580078,74.43810272216797,61.97988510131836
2020-02-03,118.26364135742188,72.74879455566406,102.77249145507812,74.05970001220703,61.67839050292969
2020-01-27,119.26911163330078,72.83878326416016,102.82203674316406,73.36505889892578,61.11328887939453
2020-01-20,116.14636993408203,72.62486267089844,102.02196502685547,73.5399398803711,61.22499465942383
2020-01-13,112.82746887207031,72.5392837524414,101.17487335205078,74.12533569335938,61.69274139404297
2020-01-06,113.17086029052734,72.4793701171875,100.94742584228516,74.0984115600586,61.713722229003906
2019-12-30,113.72667694091797,72.51359558105469,100.92386627197266,73.94368743896484,61.59504699707031
2019-12-23,112.25524139404297,72.4023666381836,100.602294921875,73.70819091796875,61.38557434082031
2019-12-16,111.70753479003906,72.33387756347656,100.13168334960938,73.52652740478516,61.24592971801758
2019-12-09,113.47975158691406,72.33647155761719,100.43975067138672,73.13585662841797,60.951393127441406
2019-12-02,112.91659545898438,72.29376220703125,99.87647247314453,72.52619934082031,60.47831344604492
2019-11-25,114.40936279296875,72.3073959350586,99.8404769897461,72.25154876708984,60.24802780151367
2019-11-18,113.98566436767578,72.28182983398438,99.45038604736328,71.97144317626953,60.07479476928711
2019-11-11,112.24209594726562,72.26476287841797,98.96670532226562,72.15152740478516,60.24802780151367
2019-11-04,109.92001342773438,72.16240692138672,98.07725524902344,72.1581802368164,60.185630798339844
2019-10-28,114.52344512939453,72.29886627197266,99.46598815917969,72.18482208251953,60.164859771728516
2019-10-21,112.66471862792969,72.17972564697266,98.97163391113281,72.27554321289062,60.308040618896484
2019-10-14,113.52689361572266,72.23932647705078,98.92495727539062,72.01663970947266,60.10100555419922
2019-10-07,114.22638702392578,72.18822479248047,98.4892807006836,71.7576675415039,59.88015365600586
2019-09-30,118.74042510986328,72.41818237304688,99.80418395996094,71.49877166748047,59.645530700683594
2019-09-23,115.88605499267578,72.08182525634766,98.60215759277344,71.83291625976562,59.845951080322266
2019-09-16,115.20406341552734,71.97980499267578,98.68749237060547,72.14356231689453,60.127716064453125
2019-09-09,110.86028289794922,71.84378814697266,96.75518798828125,71.88574981689453,59.907779693603516
2019-09-02,118.37062072753906,72.17536926269531,99.40145874023438,71.93207550048828,59.894065856933594
2019-08-26,119.36924743652344,72.21278381347656,99.68158721923828,71.59757995605469,59.652774810791016
2019-08-19,118.29939270019531,72.21278381347656,99.37201690673828,71.0777816772461,59.235321044921875
2019-08-12,118.43712615966797,72.22126770019531,98.94637298583984,70.72244262695312,58.927310943603516
2019-08-05,113.50936889648438,71.99208068847656,97.4681625366211,70.80142211914062,59.029998779296875
2019-07-29,110.6402359008789,71.873291015625,96.83354187011719,70.99225616455078,59.12581253051758
2019-07-22,106.34366607666016,71.65255737304688,95.96051025390625,71.3282241821289,59.40777587890625
2019-07-15,106.52164459228516,71.67801666259766,95.5206527709961,70.81076049804688,59.01248550415039
2019-07-08,105.33257293701172,71.6102523803711,94.98040771484375,71.05310821533203,59.24420928955078
2019-07-01,107.1202163696289,71.5678939819336,95.5669174194336,71.13824462890625,59.28513717651367
2019-06-24,107.21725463867188,71.69835662841797,95.70973205566406,71.027587890625,59.151512145996094
2019-06-17,106.10317993164062,71.6645278930664,95.1479721069336,71.19058990478516,59.2533073425293
2019-06-10,106.1274642944336,71.53766632080078,93.70891571044922,70.27778625488281,58.54765701293945
2019-06-03,106.35340881347656,71.520751953125,93.54724884033203,70.1604232788086,58.41875076293945
2019-05-27,106.20814514160156,71.36937713623047,92.69998168945312,68.87728881835938,57.34262466430664
2019-05-20,102.94529724121094,71.09085845947266,91.85607147216797,69.46781921386719,57.84923553466797
2019-05-13,101.50322723388672,71.02332305908203,91.48779296875,69.68844604492188,58.045082092285156
2019-05-06,100.50418090820312,70.91358947753906,91.18860626220703,69.91551971435547,58.24098587036133
2019-04-29,99.62606048583984,70.78700256347656,91.24232482910156,70.25291442871094,58.47060012817383
2019-04-22,99.53793334960938,70.8326416015625,91.51603698730469,70.23163604736328,58.493446350097656
2019-04-15,98.80632781982422,70.67253112792969,90.7052001953125,70.0185775756836,58.29841995239258
2019-04-08,98.62142181396484,70.63040161132812,91.04178619384766,70.17357635498047,58.48674774169922
2019-04-01,99.71479797363281,70.66414642333984,90.68223571777344,69.689208984375,58.130279541015625
2019-03-25,101.42886352539062,70.72816467285156,90.79853057861328,69.36177825927734,57.90226745605469
2019-03-18,100.16138458251953,70.65249633789062,90.40955352783203,68.86044311523438,57.480411529541016
2019-03-11,97.66658020019531,70.45911407470703,89.12073516845703,68.76399993896484,57.4401969909668
2019-03-04,97.522216796875,70.40027618408203,88.77757263183594,68.26263427734375,56.984886169433594
2019-02-25,95.18781280517578,70.2405014038086,88.06069946289062,68.62901306152344,57.32640075683594
2019-02-18,97.31663513183594,70.29598999023438,88.4808349609375,68.2963638305664,57.05768585205078
2019-02-11,97.64488220214844,70.22882843017578,88.35920715332031,68.1236572265625,56.93102264404297
2019-02-04,97.94100189208984,70.25406646728516,88.4580307006836,67.60549926757812,56.52439880371094
2019-01-28,96.82830047607422,70.14488983154297,88.18434143066406,67.49039459228516,56.451045989990234
2019-01-21,96.26654815673828,70.03448486328125,87.20489501953125,66.94612884521484,56.01385498046875
2019-01-14,95.49183654785156,69.98420715332031,86.53791809082031,66.98436737060547,56.073577880859375
2019-01-07,96.58604431152344,70.0428466796875,86.21954345703125,66.52594757080078,55.66880798339844
2018-12-31,97.52847290039062,70.05123901367188,85.76477813720703,65.15077209472656,54.673397064208984
2018-12-24,96.68189239501953,70.026123046875,85.2796630859375,64.0620346069336,53.77755355834961
2018-12-17,96.41829681396484,69.85855102539062,85.14323425292969,63.41260528564453,53.24005889892578
2018-12-10,94.40532684326172,69.69194793701172,85.17987823486328,65.65752410888672,54.92323684692383
2018-12-03,94.34954071044922,69.65847778320312,84.54518127441406,65.4675064086914,54.705265045166016
2018-11-26,91.68263244628906,69.52296447753906,83.95349884033203,65.68602752685547,54.96546936035156
2018-11-19,91.53160095214844,69.43946838378906,84.08911895751953,65.06192779541016,54.38031768798828
2018-11-12,91.18179321289062,69.4144287109375,84.15689849853516,65.45906829833984,54.74851608276367
2018-11-05,90.10867309570312,69.22230529785156,84.49584197998047,66.46147918701172,55.46517562866211
2018-10-29,89.03539276123047,69.21395874023438,84.1719741821289,66.46147918701172,55.406005859375
2018-10-22,91.19107818603516,69.30079650878906,84.78107452392578,66.0479507446289,55.10722351074219
2018-10-15,90.17593383789062,69.15068054199219,84.6084213256836,66.57498168945312,55.54557418823242
2018-10-08,90.77865600585938,69.15068054199219,85.07384490966797,66.81961059570312,55.70912551879883
2018-10-01,89.64458465576172,69.10065460205078,84.7885971069336,66.91375732421875,55.807289123535156
2018-09-24,92.79212188720703,69.15321350097656,86.0182876586914,67.52550506591797,56.298648834228516
2018-09-17,92.65764617919922,69.10326385498047,85.85369110107422,67.39439392089844,56.16834259033203
2018-09-10,93.80501556396484,69.13654327392578,86.14554595947266,67.46929931640625,56.22698974609375
2018-09-03,94.263916015625,69.18653106689453,85.8087387084961,66.98226928710938,55.81666564941406
2018-08-27,95.52835845947266,69.25222778320312,86.13958740234375,67.11339569091797,56.00482940673828
2018-08-20,96.54682922363281,69.24393463134766,86.73651123046875,67.1320571899414,56.017845153808594
2018-08-13,95.51258850097656,69.20235443115234,86.53504943847656,66.85240936279297,55.79733657836914
2018-08-06,95.25994873046875,69.1774673461914,86.07986450195312,66.75919342041016,55.70006561279297
2018-07-30,94.12309265136719,69.0694580078125,86.19180297851562,66.87104034423828,55.738990783691406
2018-07-23,94.10215759277344,69.01290893554688,85.97360229492188,66.51579284667969,55.47563171386719
2018-07-16,95.12621307373047,69.06269073486328,85.74297332763672,66.2745590209961,55.28837203979492
2018-07-09,96.67020416259766,69.06269073486328,86.07776641845703,66.2374267578125,55.28190231323242
2018-07-02,96.69380950927734,69.07925415039062,85.69084930419922,65.99615478515625,55.10112762451172
2018-06-25,95.66582489013672,69.05438995361328,84.98040771484375,65.5395736694336,54.693607330322266
2018-06-18,94.7305679321289,69.00471496582031,84.5576171875,66.24151611328125,55.22719955444336
2018-06-11,94.61260986328125,68.94670867919922,85.03974151611328,66.40779113769531,55.36220169067383
2018-06-04,93.94456481933594,68.9798583984375,84.92847442626953,66.03834533691406,55.06649398803711
2018-05-28,94.54979705810547,68.97152709960938,85.23257446289062,65.59503173828125,54.76435089111328
2018-05-21,93.79737854003906,68.94186401367188,85.31517791748047,65.63683319091797,54.75484085083008
2018-05-14,91.90764617919922,68.78471374511719,84.50178527832031,65.56327819824219,54.652427673339844
2018-05-07,93.49154663085938,68.7764663696289,85.2264404296875,65.83904266357422,54.8636360168457
2018-04-30,93.3033676147461,68.8012466430664,84.79016876220703,65.6551742553711,54.66522216796875
2018-04-23,93.01990509033203,68.80706787109375,85.02733612060547,65.64969635009766,54.650352478027344
2018-04-16,92.68346405029297,68.77400207519531,85.13788604736328,65.86931610107422,54.73320007324219
2018-04-09,94.59249877929688,68.86488342285156,86.23651123046875,66.18042755126953,54.988094329833984
2018-04-02,94.74903106689453,68.9639892578125,86.31761932373047,65.41175079345703,54.33811569213867
2018-03-26,95.1715316772461,68.94416046142578,86.30510711669922,65.33853149414062,54.35148620605469
2018-03-19,93.82083129882812,68.89464569091797,85.0772933959961,64.9193344116211,53.89453887939453
2018-03-12,93.53975677490234,68.82037353515625,85.8419189453125,65.5572280883789,54.453006744384766
2018-03-05,92.056396484375,68.80388641357422,85.34931945800781,65.77593994140625,54.62439727783203
2018-02-26,92.3999252319336,68.83692169189453,85.46695709228516,65.61193084716797,54.42131042480469
2018-02-19,92.04253387451172,68.7989273071289,85.92984771728516,65.78829956054688,54.61054229736328
2018-02-12,92.49444580078125,68.77420806884766,86.25243377685547,65.89716339111328,54.64848709106445
2018-02-05,91.89447021484375,68.914306640625,85.93718719482422,64.7359848022461,53.700260162353516
2018-01-29,93.17232513427734,68.82363891601562,86.95623779296875,65.80645751953125,54.50306701660156
2018-01-22,96.09662628173828,68.85990142822266,88.14219665527344,66.6937255859375,55.24400329589844
2018-01-15,95.68453979492188,68.92578125,87.5719223022461,66.51309204101562,55.10548782348633
2018-01-08,96.81980895996094,68.95047760009766,88.34690856933594,66.5853500366211,55.13068771362305
2018-01-01,97.74503326416016,68.98339080810547,88.39079284667969,66.8924560546875,55.37617874145508
2017-12-25,98.6392593383789,69.04102325439453,88.88069915771484,66.33244323730469,54.929229736328125
2017-12-18,97.01416778564453,68.99163055419922,88.21533203125,66.16986846923828,54.765594482421875
2017-12-11,99.58715057373047,69.04598999023438,88.86113739013672,66.0040054321289,54.67048263549805
2017-12-04,98.29912567138672,69.06242370605469,88.2701187133789,66.11190795898438,54.75819778442383
2017-11-27,98.19055938720703,69.07062530517578,88.08042907714844,66.09391784667969,54.77705764770508
2017-11-20,98.18397521972656,69.10431671142578,88.18741607666016,66.22477722167969,54.850772857666016
2017-11-13,97.86651611328125,69.08788299560547,87.65620422363281,65.86675262451172,54.601097106933594
2017-11-06,96.09332275390625,69.13713836669922,87.24144744873047,65.66978454589844,54.376365661621094
2017-10-30,97.2857437133789,69.1700210571289,88.14376831054688,66.24266052246094,54.91943359375
2017-10-23,95.22572326660156,69.2127456665039,87.75055694580078,66.35018920898438,54.99685287475586
2017-10-16,95.79753875732422,69.1963119506836,87.85938262939453,66.51060485839844,55.13358688354492
2017-10-09,97.24246215820312,69.2784423828125,88.23676300048828,66.26109313964844,54.90980529785156
2017-10-02,95.49617004394531,69.23738098144531,87.7795639038086,66.26109313964844,54.95334243774414
2017-09-25,96.20549011230469,69.26775360107422,87.74834442138672,66.23080444335938,54.95022201538086
2017-09-18,97.31596374511719,69.25955963134766,87.56741333007812,66.01782989501953,54.74591827392578
2017-09-11,97.82489013671875,69.3497543334961,87.59635162353516,65.964599609375,54.73356246948242
2017-09-04,99.4750747680664,69.4646224975586,87.75556182861328,65.53868103027344,54.34968566894531
2017-08-28,97.74005126953125,69.382568359375,87.44435119628906,65.85811614990234,54.677818298339844
2017-08-21,97.97785949707031,69.37277221679688,87.50303649902344,65.60355377197266,54.387840270996094
2017-08-14,97.43917083740234,69.33997344970703,87.09873962402344,65.03817749023438,53.925437927246094
2017-08-07,97.2929458618164,69.38095092773438,86.98321533203125,64.96753692626953,53.83913803100586
2017-07-31,96.1386489868164,69.24984741210938,87.16371154785156,65.76261138916016,54.560447692871094
2017-07-24,95.13157653808594,69.2654037475586,87.20125579833984,65.81024169921875,54.58634567260742
2017-07-17,96.51371765136719,69.25724792480469,87.5180435180664,65.65189361572266,54.475799560546875
2017-07-10,94.70157623291016,69.1999282836914,86.81244659423828,65.42323303222656,54.35306167602539
2017-07-03,94.23318481445312,69.10985565185547,86.2004165649414,64.7898941040039,53.78206253051758
2017-06-26,95.87793731689453,69.12865447998047,86.5388412475586,65.1452407836914,54.03562927246094
2017-06-19,97.91626739501953,69.17774963378906,87.0199966430664,64.97016906738281,53.919456481933594
2017-06-12,96.82051849365234,69.15319061279297,86.77584075927734,64.91761016845703,53.88890838623047
2017-06-05,95.32621765136719,69.12044525146484,86.20850372314453,65.02265930175781,53.992828369140625
2017-05-29,96.26107788085938,69.21864318847656,86.5460433959961,65.28531646728516,54.15177536010742
2017-05-22,94.42121887207031,69.14997100830078,85.82437896728516,65.00399780273438,53.91537857055664
2017-05-15,94.59707641601562,69.16631317138672,85.92469024658203,64.74284362792969,53.67798614501953
2017-05-08,92.82299041748047,69.11724090576172,85.25145721435547,64.58605194091797,53.55624008178711
2017-05-01,92.7465591430664,69.07633972167969,84.80018615722656,64.30743408203125,53.312740325927734
2017-04-24,93.36211395263672,69.13196563720703,84.99215698242188,64.37710571289062,53.41318893432617
2017-04-17,94.2701644897461,69.1891860961914,85.05643463134766,63.90911102294922,53.0980224609375
2017-04-10,94.216796875,69.14830017089844,85.09927368164062,63.61445999145508,52.8676643371582
2017-04-03,92.11063385009766,68.96861267089844,84.12786865234375,63.718475341796875,52.970741271972656
2017-03-27,91.91607666015625,69.00291442871094,83.99361419677734,63.71494674682617,52.981040954589844
2017-03-20,92.04552459716797,68.9783935546875,83.85820770263672,63.042118072509766,52.40766525268555
2017-03-13,90.3398666381836,68.88860321044922,83.21708679199219,63.19736862182617,52.55853271484375
2017-03-06,89.28150939941406,68.81513977050781,82.64009857177734,62.6798210144043,52.08776092529297
2017-02-27,90.88050079345703,68.8477783203125,83.7015151977539,63.991004943847656,53.10774612426758
2017-02-20,92.72744750976562,69.04855346679688,84.38430786132812,63.79145812988281,53.033058166503906
2017-02-13,91.44300842285156,68.95883178710938,83.64546203613281,63.4651985168457,52.74458694458008
2017-02-06,91.77742767333984,68.96697235107422,83.49628448486328,63.362178802490234,52.600364685058594
2017-01-30,90.4398193359375,68.90985870361328,83.15523529052734,63.327823638916016,52.57029724121094
2017-01-23,90.72252655029297,68.91720581054688,83.13677978515625,63.23267364501953,52.41817855834961
2017-01-16,90.9576187133789,68.86827850341797,83.12261199951172,62.805442810058594,52.17284393310547
2017-01-09,91.99655151367188,68.86827850341797,83.44852447509766,62.8567008972168,52.24467086791992
2017-01-02,91.6553726196289,68.81119537353516,83.38478088378906,62.78835678100586,52.190826416015625
2016-12-26,90.34336853027344,68.86012268066406,83.0234146118164,62.292724609375,51.78395080566406
2016-12-19,89.52436828613281,68.77042388916016,82.42118072509766,62.34152603149414,51.81388854980469
2016-12-12,88.60221862792969,68.67999267578125,81.68033599853516,61.712337493896484,51.31468200683594
2016-12-05,88.87454986572266,68.84294128417969,82.10430145263672,62.00143814086914,51.57700729370117
2016-11-28,90.46292114257812,68.85108947753906,82.24562072753906,61.23618698120117,50.91511535644531
2016-11-21,91.20108032226562,68.78592681884766,82.15636444091797,61.06978225708008,50.89638137817383
2016-11-14,91.22368621826172,68.85919952392578,82.15636444091797,60.27449035644531,50.24336242675781
2016-11-07,92.12195587158203,68.99758911132812,83.206298828125,59.445335388183594,49.5546875
2016-10-31,99.44404602050781,69.2093505859375,85.13004302978516,60.6129035949707,50.451148986816406
2016-10-24,98.28268432617188,69.0864486694336,84.94840240478516,61.227882385253906,50.99306106567383
2016-10-17,100.43742370605469,69.11898803710938,86.10100555419922,62.01909637451172,51.637290954589844
2016-10-10,99.14159393310547,69.05386352539062,85.47554779052734,61.5814094543457,51.335880279541016
2016-10-03,100.89701843261719,69.0864486694336,85.81988525390625,61.74973678588867,51.50726318359375
2016-09-26,103.41568756103516,69.16863250732422,86.34561157226562,61.50399398803711,51.34415054321289
2016-09-19,102.89678192138672,69.16049194335938,86.13530731201172,61.15220642089844,51.04994201660156
2016-09-12,101.33998107910156,69.15239715576172,85.32916259765625,60.532508850097656,50.5498046875
2016-09-05,101.91911315917969,69.08726501464844,85.39226531982422,60.549232482910156,50.4674072265625
2016-08-29,104.258056640625,69.11170196533203,86.46476745605469,61.369937896728516,51.13230895996094
2016-08-22,103.86595916748047,69.03851318359375,86.27638244628906,60.89091110229492,50.71430969238281
2016-08-15,104.12870788574219,69.12796020507812,86.29735565185547,60.89091110229492,50.73189163208008
2016-08-08,105.15715026855469,69.184814453125,86.52811431884766,60.7409782409668,50.567840576171875
2016-08-01,103.59573364257812,69.15233612060547,85.61917114257812,60.05772399902344,50.11671829223633
2016-07-25,106.07453918457031,69.24095153808594,86.46309661865234,59.777774810791016,49.81612014770508
2016-07-18,104.00640869140625,69.15156555175781,86.00981140136719,60.27510452270508,50.25941848754883
2016-07-11,103.69918060302734,69.1109619140625,85.83544921875,59.86064910888672,49.944461822509766
2016-07-04,107.60313415527344,69.26527404785156,86.74897766113281,59.79433059692383,49.921146392822266
2016-06-27,105.33272552490234,69.29779052734375,85.80757904052734,58.8991584777832,49.26786804199219
2016-06-20,101.55663299560547,69.20032501220703,84.26872253417969,57.88148498535156,48.3287353515625
2016-06-13,101.42951202392578,69.1272964477539,83.98359680175781,57.634132385253906,48.25904846191406
2016-06-06,100.8086929321289,69.05421447753906,84.10875701904297,58.178314208984375,48.6654052734375
2016-05-30,99.64938354492188,68.98117065429688,83.69148254394531,57.930912017822266,48.47966003417969
2016-05-23,96.92210388183594,68.82606506347656,82.65290069580078,57.85309600830078,48.350528717041016
2016-05-16,97.14596557617188,68.84231567382812,82.4725570678711,57.393829345703125,48.032806396484375
2016-05-09,98.73587799072266,68.9802474975586,83.23542022705078,57.082157135009766,47.824825286865234
2016-05-02,97.36991119384766,68.98836517333984,83.11062622070312,56.918148040771484,47.6804084777832
2016-04-25,96.37720489501953,68.94049835205078,83.22502136230469,57.30879592895508,48.222293853759766
2016-04-18,95.6174087524414,68.85942077636719,82.76161193847656,56.88668441772461,47.963497161865234
2016-04-11,98.23946380615234,68.9566650390625,82.69245147705078,56.10739517211914,47.440155029296875
2016-04-04,98.3363265991211,68.96479797363281,82.45038604736328,55.42557907104492,46.88232421875
2016-03-28,97.3455581665039,68.87559509277344,82.21524047851562,55.42557907104492,46.796024322509766
2016-03-21,96.2968521118164,68.72894287109375,81.30960845947266,55.1439208984375,46.567481994628906
2016-03-14,95.94007110595703,68.76942443847656,81.18545532226562,55.77366256713867,47.16856384277344
2016-03-07,94.67638397216797,68.5992660522461,80.15776824951172,55.43459701538086,47.019710540771484
2016-02-29,95.5981216430664,68.696533203125,79.17841339111328,54.59491729736328,46.29270553588867
2016-02-22,96.76004791259766,68.7800064086914,79.03714752197266,53.09808349609375,45.11662673950195
2016-02-15,97.20526885986328,68.82052612304688,78.2325668334961,51.99022674560547,44.21122360229492
2016-02-08,97.56880950927734,68.85289764404297,78.04688262939453,51.380069732666016,43.687339782714844
2016-02-01,95.5061264038086,68.81242370605469,77.99182891845703,51.861785888671875,44.07453918457031
2016-01-25,94.27372741699219,68.74354553222656,78.26901245117188,53.04191970825195,44.92811965942383
2016-01-18,92.8222427368164,68.61400604248047,77.85073852539062,52.64258575439453,44.66750717163086
2016-01-11,93.12588500976562,68.60591125488281,78.26213073730469,52.275264739990234,44.14619827270508
2016-01-04,91.35590362548828,68.46021270751953,78.6050033569336,53.47312927246094,45.05844497680664
2015-12-28,89.29717254638672,68.29828643798828,78.1729736328125,54.159912109375,45.659095764160156
2015-12-21,90.22280883789062,68.37113952636719,78.54324340820312,54.095863342285156,45.60806655883789
2015-12-14,91.06869506835938,68.39300537109375,78.26768493652344,53.349327087402344,44.827510833740234
2015-12-07,91.46039581298828,68.44961547851562,78.76683044433594,53.50818634033203,44.821861267089844
2015-11-30,89.11033630371094,68.40108489990234,78.801025390625,55.715850830078125,46.591758728027344
2015-11-23,89.20931243896484,68.42450714111328,78.99321746826172,55.871437072753906,46.61528015136719
2015-11-16,88.82588195800781,68.40835571289062,78.83641815185547,55.71345901489258,46.46940612792969
2015-11-09,88.25804138183594,68.4730224609375,78.50230407714844,55.95039749145508,46.55918502807617
2015-11-02,87.75655364990234,68.39219665527344,78.2364501953125,57.056148529052734,47.42306900024414
2015-10-26,90.34724426269531,68.57738494873047,79.14939880371094,57.32942581176758,47.779815673828125
2015-10-19,90.65628814697266,68.69056701660156,79.65247344970703,57.53376770019531,47.92502212524414
2015-10-12,91.19348907470703,68.71483612060547,79.53687286376953,57.18795394897461,47.61791229248047
2015-10-05,89.97930908203125,68.68247985839844,78.97256469726562,57.07790756225586,47.52299880981445
2015-09-28,91.65702056884766,68.77143096923828,79.02699279785156,55.537376403808594,46.03212356567383
2015-09-21,89.24943542480469,68.57743835449219,78.47420501708984,56.46585464477539,46.717960357666016
2015-09-14,89.66065979003906,68.5936050415039,78.8064193725586,57.46664047241211,47.70712661743164
2015-09-07,89.13931274414062,68.5289535522461,78.37936401367188,57.920135498046875,48.068302154541016
2015-08-31,90.08657836914062,68.5208969116211,78.6776123046875,57.56044387817383,47.76823043823242
2015-08-24,89.65695190429688,68.49662780761719,77.9686050415039,57.55124282836914,47.777427673339844
2015-08-17,92.61724090576172,68.56124114990234,78.41474151611328,57.131168365478516,47.27947998046875
2015-08-10,90.82936096191406,68.4158706665039,78.01591491699219,57.84683609008789,47.788455963134766
2015-08-03,91.10778045654297,68.4158706665039,78.32008361816406,58.12687301635742,47.97101593017578
2015-07-27,89.58589935302734,68.50628662109375,78.4215316772461,58.79123306274414,48.44904327392578
2015-07-20,88.75240325927734,68.44982147216797,78.09796905517578,58.34217071533203,48.05247116088867
2015-07-13,86.80029296875,68.46591186523438,77.82160949707031,59.14735794067383,48.845550537109375
2015-07-06,84.84813690185547,68.49018096923828,77.5452880859375,59.24028015136719,48.906124114990234
2015-06-29,84.81156158447266,68.52249145507812,77.82160949707031,59.41059875488281,48.87861251831055
2015-06-22,84.06358337402344,68.36268615722656,77.25022888183594,59.44194793701172,48.79277801513672
2015-06-15,86.87223815917969,68.45142364501953,78.31207275390625,59.6268196105957,49.14918518066406
2015-06-08,86.04789733886719,68.314208984375,77.86182403564453,59.6114616394043,48.940818786621094
2015-06-01,85.79251098632812,68.32233428955078,77.92229461669922,59.78095626831055,49.03949737548828
2015-05-25,89.32783508300781,68.45382690429688,79.26713562011719,60.45116424560547,49.62506103515625
2015-05-18,87.64624786376953,68.3893051147461,78.97228240966797,60.389793395996094,49.57050323486328
2015-05-11,88.51252746582031,68.46998596191406,79.5888671875,60.49715042114258,49.679656982421875
2015-05-04,89.1822280883789,68.42967987060547,79.76314544677734,60.48180389404297,49.71788787841797
2015-04-27,90.26692962646484,68.39741516113281,79.72290802001953,60.328433990478516,49.5595703125
2015-04-20,93.76519775390625,68.46593475341797,81.30817413330078,60.40714645385742,49.6286735534668
2015-04-13,95.49421691894531,68.46593475341797,81.68913269042969,60.1476936340332,49.4710693359375
2015-04-06,94.16476440429688,68.39337921142578,81.30150604248047,60.13246536254883,49.60149383544922
2015-03-30,94.97110748291016,68.42562103271484,81.22796630859375,59.750938415527344,49.16127014160156
2015-03-23,95.01192474365234,68.3554916381836,80.84178924560547,59.4477653503418,48.94642639160156
2015-03-16,95.33820343017578,68.31519317626953,80.98172760009766,59.43259811401367,48.93019485473633
2015-03-09,91.86568450927734,68.20235443115234,79.96857452392578,59.34148406982422,48.80036544799805
2015-03-02,89.53134155273438,68.1298828125,79.4219741821289,59.56928253173828,49.02756118774414
2015-02-23,93.72012329101562,68.23377990722656,80.97039031982422,60.1328010559082,49.4912223815918
2015-02-16,91.55667114257812,68.18549346923828,80.34552764892578,59.785160064697266,49.24341583251953
2015-02-09,92.7505874633789,68.18549346923828,80.32559204101562,59.60372543334961,49.08719253540039
2015-02-02,94.75476837158203,68.17743682861328,80.55154418945312,59.30140686035156,48.990238189697266
2015-01-26,99.84925079345703,68.43275451660156,82.1371078491211,58.58641815185547,48.411109924316406
2015-01-19,97.31473541259766,68.32811737060547,81.06967163085938,58.43592834472656,48.29308319091797
2015-01-12,96.17388153076172,68.3523178100586,80.48628997802734,58.11998748779297,48.05699157714844
2015-01-05,94.64305877685547,68.19120788574219,80.1548080444336,58.541282653808594,48.34135055541992
2014-12-29,91.93521118164062,68.07847595214844,79.44539642333984,58.195194244384766,48.07310104370117
2014-12-22,89.833984375,67.94159698486328,78.89513397216797,58.32309341430664,48.2716064453125
2014-12-15,90.6961441040039,67.98746490478516,78.93265533447266,58.23324966430664,48.20423889160156
2014-12-08,91.00603485107422,68.14844512939453,78.71441650390625,56.346534729003906,46.61222457885742
2014-12-01,87.25189208984375,68.04377746582031,78.25819396972656,58.59263229370117,48.24698257446289
2014-11-24,88.06111907958984,68.20555877685547,79.18054962158203,58.9864501953125,48.46229553222656
2014-11-17,86.34285736083984,68.15730285644531,78.23772430419922,59.418601989746094,48.79200744628906
2014-11-10,85.90436553955078,68.14921569824219,78.13882446289062,59.403751373291016,48.632450103759766
2014-11-03,86.09125518798828,68.13319396972656,78.53440856933594,59.88066482543945,49.105709075927734
2014-10-27,85.52330017089844,68.13398742675781,78.46517944335938,59.86722946166992,48.991943359375
2014-10-20,85.86038970947266,68.23050689697266,78.7347640991211,59.98590087890625,49.12959671020508
2014-10-13,86.82858276367188,68.23856353759766,78.88593292236328,59.33325958251953,48.58953094482422
2014-10-06,86.0970458984375,68.1661376953125,78.65583801269531,58.56191635131836,47.980655670166016
2014-09-29,84.41170501708984,67.95697021484375,78.19560241699219,59.6892204284668,48.79075622558594
2014-09-22,82.9857177734375,67.95699310302734,77.42984008789062,59.182533264160156,48.266929626464844
2014-09-15,81.98417663574219,67.90069580078125,77.35771179199219,60.14211654663086,49.115787506103516
2014-09-08,81.11135864257812,67.90069580078125,77.1216812133789,59.95020294189453,48.85738754272461
2014-09-01,82.79254150390625,67.98115539550781,78.01995086669922,60.43733596801758,49.16849136352539
2014-08-25,84.9737777709961,68.00688934326172,78.834228515625,60.796104431152344,49.458438873291016
2014-08-18,83.71757507324219,67.94256591796875,78.29813385009766,60.63441467285156,49.40071487426758
2014-08-11,84.01731872558594,68.02294158935547,78.33732604980469,60.51686096191406,49.3587646484375
2014-08-04,82.45418548583984,67.97473907470703,77.8273696899414,59.79674530029297,48.802425384521484
2014-07-28,81.76899719238281,67.96670532226562,77.68354034423828,59.1795768737793,48.303855895996094
2014-07-21,82.343994140625,67.89672088623047,77.87860870361328,60.22882080078125,49.12347412109375
2014-07-14,81.5252456665039,67.88062286376953,77.73522186279297,60.170345306396484,49.03990936279297
2014-07-07,80.8561019897461,67.92887878417969,77.61134338378906,60.535945892333984,49.35332107543945
2014-06-30,78.79167175292969,67.87259674072266,76.8812026977539,60.813865661621094,49.483943939208984
2014-06-23,80.4067611694336,67.92487335205078,77.60464477539062,60.78010177612305,49.55424499511719
2014-06-16,79.3842544555664,67.86054229736328,77.07801818847656,60.794677734375,49.58024978637695
2014-06-09,79.63275909423828,67.8847427368164,77.02603912353516,60.561744689941406,49.38262176513672
2014-06-02,79.23509216308594,67.94094848632812,77.03251647949219,60.41616439819336,49.32024002075195
2014-05-26,80.80866241455078,67.9867172241211,77.52790069580078,60.17881393432617,49.21152114868164
2014-05-19,79.8170394897461,67.94656372070312,77.10001373291016,60.048458099365234,49.05104446411133
2014-05-12,80.41200256347656,67.95459747314453,77.255615234375,60.03394317626953,48.99409103393555
2014-05-05,78.7830581665039,67.90641021728516,76.73696899414062,59.8310661315918,48.786956787109375
2014-04-28,79.82413482666016,67.85818481445312,76.85366821289062,59.729644775390625,48.688568115234375
2014-04-21,78.65589141845703,67.82525634765625,76.23564147949219,59.517147064208984,48.57334518432617
2014-04-14,77.75163269042969,67.83331298828125,75.92537689208984,59.44508361816406,48.51152801513672
2014-04-07,78.23198699951172,67.88150024414062,76.1192398071289,59.19987487792969,48.33625030517578
2014-03-31,76.62825775146484,67.80120086669922,75.51815795898438,59.44508361816406,48.59397888183594
2014-03-24,77.07283782958984,67.75225830078125,75.37590789794922,59.231971740722656,48.34952163696289
2014-03-17,76.26954650878906,67.73617553710938,74.95698547363281,59.01670455932617,48.21612548828125
2014-03-10,76.47382354736328,67.84053802490234,75.00212097167969,58.83015060424805,48.1186637878418
2014-03-03,74.62049865722656,67.78433990478516,74.64759826660156,58.987972259521484,48.24689865112305
2014-02-24,76.32374572753906,67.86626434326172,75.3913803100586,59.315216064453125,48.4608039855957
2014-02-17,74.98805236816406,67.85022735595703,74.73589324951172,58.772483825683594,48.07283020019531
2014-02-10,74.92479705810547,67.83414459228516,74.68449401855469,58.50111770629883,47.94010543823242
2014-02-03,75.0724105834961,67.85820770263672,74.58164978027344,58.17262268066406,47.68994903564453
2014-01-27,75.92583465576172,67.83972930908203,74.53799438476562,57.97550964355469,47.36734390258789
2014-01-20,75.36489868164062,67.7755355834961,73.91009521484375,57.6912727355957,47.25050354003906
2014-01-13,73.96251678466797,67.72740936279297,73.96133422851562,58.188751220703125,47.63656234741211
2014-01-06,73.2122573852539,67.73543548583984,73.76277160644531,57.97550964355469,47.529884338378906
2013-12-30,71.6415786743164,67.7114028930664,73.41033935546875,57.64860153198242,47.24542999267578
2013-12-23,71.38910675048828,67.70335388183594,73.12845611572266,57.56336975097656,47.10826110839844
2013-12-16,72.86185455322266,67.71054077148438,73.37919616699219,57.440303802490234,47.059059143066406
2013-12-09,72.135009765625,67.7586898803711,72.87460327148438,57.27057647705078,46.95293045043945
2013-12-02,71.93229675292969,67.76669311523438,72.59993743896484,57.25642013549805,46.93270492553711
2013-11-25,72.78502655029297,67.8236312866211,73.0036392211914,57.354034423828125,46.988285064697266
2013-11-18,72.40869903564453,67.80760192871094,72.77445220947266,57.114742279052734,46.862545013427734
2013-11-11,72.98006439208984,67.77555084228516,72.62158966064453,57.04438018798828,46.8675651550293
2013-11-04,72.0602798461914,67.73542785644531,72.13139343261719,56.90361785888672,46.72676086425781
2013-10-28,73.99747467041016,67.73542785644531,72.90811920166016,56.90361785888672,46.686519622802734
2013-10-21,75.25894165039062,67.73625946044922,73.18164825439453,56.96390151977539,46.867088317871094
2013-10-14,74.39018249511719,67.6961441040039,73.02933502197266,56.78177261352539,46.76197814941406
2013-10-07,73.29212188720703,67.64806365966797,72.07742309570312,56.13750457763672,46.14129638671875
2013-09-30,73.46592712402344,67.68013000488281,71.91879272460938,55.92739486694336,45.94608688354492
2013-09-23,73.86310577392578,67.6977767944336,71.96527099609375,55.615962982177734,45.74772644042969
2013-09-16,72.7263412475586,67.64163970947266,71.37067413330078,55.811031341552734,46.00675964355469
2013-09-09,71.7767333984375,67.49735260009766,70.4534683227539,55.170066833496094,45.35918045043945
2013-09-02,71.4301528930664,67.47332763671875,70.2573471069336,54.86347961425781,45.11513900756836
2013-08-26,73.27467346191406,67.5630874633789,71.27828979492188,54.99586868286133,45.264564514160156
2013-08-19,72.09938049316406,67.52296447753906,70.74868774414062,54.968135833740234,45.23975372314453
2013-08-12,71.46336364746094,67.58710479736328,70.33252716064453,54.649288177490234,44.858245849609375
2013-08-05,74.15266418457031,67.63522338867188,71.85834503173828,55.2176628112793,45.373558044433594
2013-07-29,73.64102172851562,67.65125274658203,71.77642059326172,55.49492645263672,45.690696716308594
2013-07-22,74.5736312866211,67.62884521484375,72.09138488769531,55.720176696777344,45.749141693115234
2013-07-15,75.30457305908203,67.62078857421875,72.40565490722656,56.16164016723633,46.30140686035156
2013-07-08,74.28397369384766,67.53262329101562,71.57587432861328,55.37530517578125,45.6406364440918
2013-07-01,73.27715301513672,67.47657775878906,70.50730895996094,53.78875732421875,44.30438232421875
2013-06-24,75.98594665527344,67.5190200805664,71.20943450927734,54.19711685180664,44.575584411621094
2013-06-17,74.58231353759766,67.4949951171875,70.30722045898438,53.716773986816406,44.217529296875
2013-06-10,78.3114242553711,67.63914489746094,73.16436004638672,55.199031829833984,45.52223587036133
2013-06-03,77.85738372802734,67.59913635253906,73.05160522460938,55.22642135620117,45.29170608520508
2013-05-27,78.55574035644531,67.58552551269531,73.61485290527344,55.41584396362305,45.34126281738281
2013-05-20,80.16868591308594,67.62553405761719,74.6392822265625,56.3307991027832,46.21470260620117
2013-05-13,80.34712982177734,67.6416015625,75.01408386230469,56.754154205322266,46.58066940307617
2013-05-06,81.50711059570312,67.64961242675781,75.12651824951172,56.86336135864258,46.60506057739258
2013-04-29,83.00341796875,67.65760040283203,75.68243408203125,56.99992752075195,46.82462692260742
2013-04-22,84.51219940185547,67.66808319091797,76.18679809570312,56.41159439086914,46.309513092041016
2013-04-15,84.12864685058594,67.6519775390625,75.80064392089844,55.85452651977539,45.86277770996094
2013-04-08,83.51222229003906,67.64398956298828,75.6263198852539,56.00401306152344,46.008480072021484
2013-04-01,84.12176513671875,67.6519775390625,75.25883483886719,55.569217681884766,45.653987884521484
2013-03-25,80.48146057128906,67.62960815429688,74.44419860839844,55.57193374633789,45.5772819519043
2013-03-18,80.18756103515625,67.5975112915039,74.17723846435547,55.47730255126953,45.55793762207031
2013-03-11,79.11460876464844,67.60554504394531,74.00955963134766,55.53139114379883,45.591793060302734
2013-03-04,78.42430877685547,67.5895767211914,73.74884033203125,55.28805923461914,45.46133041381836
2013-02-25,81.26056671142578,67.62159729003906,74.64911651611328,55.19347381591797,45.27293395996094
2013-02-18,79.81112670898438,67.58314514160156,74.13233947753906,54.90333938598633,45.04377365112305
2013-02-11,79.44966888427734,67.56719207763672,73.86001586914062,54.67471694946289,44.88520431518555
2013-02-04,79.87246704101562,67.59918975830078,73.97144317626953,54.39230728149414,44.683380126953125
2013-01-28,78.79497528076172,67.55912780761719,73.49484252929688,54.75537872314453,44.91402053833008
2013-01-21,80.314697265625,67.5503921508789,74.10565948486328,55.32713317871094,45.32947540283203
2013-01-14,81.68243408203125,67.56633758544922,74.45735168457031,55.28704071044922,45.26740264892578
2013-01-07,81.55315399169922,67.56633758544922,74.72270202636719,55.126495361328125,45.17177200317383
2012-12-31,80.56647491455078,67.5503921508789,74.38333129882812,54.83221435546875,44.92326736450195
2012-12-24,83.90756225585938,67.55834197998047,75.04975128173828,54.24363327026367,44.421451568603516
2012-12-17,83.0035629272461,67.5335693359375,74.5855712890625,54.39704513549805,44.504215240478516
2012-12-10,83.920166015625,67.57355499267578,74.51790618896484,54.23735427856445,44.32834243774414
2012-12-03,84.4837417602539,67.5655288696289,75.01622772216797,54.051048278808594,44.304561614990234
2012-11-26,84.561767578125,67.54151916503906,74.90237426757812,53.67449188232422,43.99612808227539
2012-11-19,84.16876983642578,67.52550506591797,74.70001983642578,53.22456359863281,43.674598693847656
2012-11-12,85.6324234008789,67.55753326416016,74.61412811279297,52.58938217163086,42.99372100830078
2012-11-05,85.36821746826172,67.53355407714844,74.5405502319336,52.840755462646484,43.21123504638672
2012-10-29,82.84735870361328,67.50159454345703,74.96988677978516,53.22456359863281,43.693504333496094
2012-10-22,83.10486602783203,67.48558044433594,75.21516418457031,53.3039436340332,43.72658920288086
2012-10-15,82.4949722290039,67.4935531616211,75.31333923339844,53.48919677734375,43.953548431396484
2012-10-08,84.00617218017578,67.54151916503906,75.28266143798828,53.26422119140625,43.74076843261719
2012-10-01,82.09521484375,67.52550506591797,74.5405502319336,53.19810485839844,43.717140197753906
2012-09-24,83.99935150146484,67.57196044921875,74.44609832763672,52.91750717163086,43.412166595458984
2012-09-17,82.19389343261719,67.52398681640625,73.85309600830078,53.32551193237305,43.811973571777344
2012-09-10,79.99613189697266,67.52398681640625,73.18058776855469,53.65449523925781,44.15530014038086
2012-09-03,83.870849609375,67.53998565673828,73.32119750976562,52.878055572509766,43.520347595214844
2012-08-27,86.1821517944336,67.56072235107422,73.63605499267578,52.53192138671875,43.18734359741211
2012-08-20,84.21858215332031,67.51275634765625,73.06315612792969,52.335628509521484,43.103153228759766
2012-08-13,82.05255126953125,67.46479034423828,72.19170379638672,52.021549224853516,42.81782150268555
2012-08-06,84.81914520263672,67.49675750732422,73.13026428222656,52.021549224853516,42.775699615478516
2012-07-30,85.97972869873047,67.52867126464844,73.4654312133789,52.12620544433594,42.89264678955078
2012-07-23,86.51251220703125,67.50794219970703,73.11068725585938,51.81261444091797,42.75878143310547
2012-07-16,87.57640075683594,67.55594635009766,73.3233413696289,51.53936767578125,42.49364471435547
2012-07-09,86.97711181640625,67.50003051757812,72.53966522216797,51.383216857910156,42.37269973754883
2012-07-02,85.5563735961914,67.46003723144531,71.9990005493164,51.27911376953125,42.37269973754883
2012-06-25,84.12278747558594,67.40729522705078,71.1958999633789,51.0371208190918,42.224754333496094
2012-06-18,84.00182342529297,67.41526794433594,70.75392150878906,50.480926513671875,41.70671463012695
2012-06-11,84.9290771484375,67.44722747802734,70.7660140991211,50.028255462646484,41.29967498779297
2012-06-04,84.12946319580078,67.4552001953125,70.52388763427734,49.61438751220703,41.02218246459961
2012-05-28,87.58984375,67.47918701171875,71.0143051147461,48.618438720703125,39.99534225463867
2012-05-21,82.74243927001953,67.43289184570312,69.9230728149414,49.344364166259766,40.51603698730469
2012-05-14,83.27886962890625,67.40892791748047,69.67567443847656,49.125858306884766,40.263221740722656
2012-05-07,80.12739562988281,67.45685577392578,70.5083999633789,50.835391998291016,41.743370056152344
2012-04-30,79.21549987792969,67.45685577392578,70.26699829101562,50.899654388427734,41.770973205566406
2012-04-23,78.45588684082031,67.41854095458984,70.09244537353516,50.59727096557617,41.60634994506836
2012-04-16,78.30867767333984,67.41854095458984,69.86991882324219,50.18849563598633,41.28638458251953
2012-04-09,78.15483093261719,67.39452362060547,69.76170349121094,49.907466888427734,41.07154846191406
2012-04-02,75.52605438232422,67.30674743652344,69.0640640258789,49.779727935791016,41.003021240234375
2012-03-26,74.85708618164062,67.29877471923828,69.3003921508789,49.98157501220703,41.220115661621094
2012-03-19,75.53103637695312,67.25883483886719,68.77902221679688,50.03234100341797,41.12018585205078
2012-03-12,74.34339904785156,67.26683807373047,68.66513061523438,50.2354850769043,41.11564254760742
2012-03-05,77.37242889404297,67.3147201538086,69.86976623535156,50.26087951660156,41.211082458496094
2012-02-27,78.1596908569336,67.3546142578125,70.15745544433594,50.47672653198242,41.515464782714844
2012-02-20,78.21491241455078,67.31871032714844,69.75599670410156,50.43196487426758,41.47227478027344
2012-02-13,77.60253143310547,67.32669830322266,69.29011535644531,49.78830337524414,40.91208267211914
2012-02-06,77.87542724609375,67.38253784179688,69.31999206542969,49.81357955932617,40.767547607421875
2012-01-30,77.59585571289062,67.43035125732422,69.48722076416016,49.83877944946289,40.979854583740234
2012-01-23,78.41302490234375,67.46945190429688,69.05696868896484,49.52838134765625,40.78683090209961
2012-01-16,77.68255615234375,67.39774322509766,68.04500579833984,48.90080642700195,40.23882293701172
2012-01-09,80.27239990234375,67.41365051269531,68.16407775878906,48.448944091796875,39.98725128173828
2012-01-02,78.84468841552734,67.35786437988281,67.68785095214844,48.285789489746094,39.93338394165039
2011-12-26,80.5181655883789,67.38975524902344,67.71759033203125,48.26068878173828,40.17144775390625
2011-12-19,78.28690338134766,67.35063171386719,67.0877685546875,48.157936096191406,39.94011688232422
2011-12-12,80.96769714355469,67.39044952392578,67.04035186767578,47.21583557128906,39.05602264404297
2011-12-05,77.25423431396484,67.38253021240234,66.21583557128906,47.314979553222656,39.15871810913086
2011-11-28,78.53181457519531,67.3426513671875,66.14461517333984,46.992679595947266,38.81044006347656
2011-11-21,79.76486206054688,67.3386459350586,65.25777435302734,44.86484146118164,36.714263916015625
2011-11-14,78.80084228515625,67.31478881835938,66.29816436767578,46.37965393066406,38.107418060302734
2011-11-07,76.36430358886719,67.32278442382812,67.00162506103516,47.36485290527344,39.06134033203125
2011-10-31,76.91234588623047,67.35462951660156,68.32584381103516,47.78358459472656,39.389644622802734
2011-10-24,73.40768432617188,67.2606430053711,67.41480255126953,47.978885650634766,39.74860382080078
2011-10-17,74.5075454711914,67.27655029296875,66.54295349121094,46.99971389770508,38.77827835083008
2011-10-10,75.047607421875,67.2606430053711,65.82426452636719,46.00833511352539,38.12110137939453
2011-10-03,77.87303161621094,67.23676300048828,65.40605163574219,44.258052825927734,36.775814056396484
2011-09-26,79.35752868652344,67.3012466430664,65.91382598876953,44.008392333984375,36.29597091674805
2011-09-19,79.37724304199219,67.32514953613281,66.25425720214844,45.32173156738281,37.338871002197266
2011-09-12,73.73412322998047,67.38087463378906,65.9900894165039,46.40399169921875,38.075042724609375
2011-09-05,74.69989013671875,67.39675903320312,66.66506958007812,45.89326095581055,37.632469177246094
2011-08-29,73.91155242919922,67.35694122314453,66.13681030273438,46.59852600097656,38.12322998046875
2011-08-22,71.05621337890625,67.36965942382812,64.92887878417969,45.73888397216797,37.391788482666016
2011-08-15,72.83114624023438,67.36176300048828,66.31466674804688,45.73888397216797,37.16537857055664
2011-08-08,69.14376068115234,67.37767791748047,65.76506805419922,45.53350830078125,37.174068450927734
2011-08-01,67.0151596069336,67.24246978759766,65.83517456054688,46.31878662109375,37.81847381591797
2011-07-25,63.920467376708984,67.13827514648438,65.4604263305664,48.32542419433594,39.40287780761719
2011-07-18,62.699806213378906,67.05877685546875,64.95358276367188,48.5535774230957,39.74477005004883
2011-07-11,62.77814865112305,67.10652160644531,64.87788391113281,48.15733337402344,39.3596305847168
2011-07-04,62.255889892578125,67.05877685546875,64.70309448242188,48.44549560546875,39.58898162841797
2011-06-27,61.120059967041016,66.92369842529297,63.91086959838867,48.361473083496094,39.47213363647461
2011-06-20,63.091575622558594,67.1373519897461,64.61532592773438,47.064659118652344,38.47230529785156
2011-06-13,63.0395393371582,67.06587982177734,64.33091735839844,46.98114776611328,38.205726623535156
2011-06-06,63.195655822753906,67.0261459350586,64.19747161865234,47.14816665649414,38.541141510009766
2011-05-30,62.66868591308594,66.97853088378906,64.29609680175781,47.78042221069336,39.07862091064453
2011-05-23,62.5313835144043,66.9499282836914,64.42662811279297,48.34080505371094,39.38199996948242
2011-05-16,61.78590393066406,66.8467788696289,64.16653442382812,48.38819885253906,39.54867935180664
2011-05-09,61.63032531738281,66.80709838867188,63.99311065673828,48.174774169921875,39.40336227416992
2011-05-02,61.62385559082031,66.77537536621094,64.0451431274414,48.281494140625,39.45038604736328
2011-04-25,60.5997428894043,66.70708465576172,63.61332321166992,48.19137191772461,39.43632125854492
2011-04-18,59.76708984375,66.58026123046875,63.0144157409668,47.967533111572266,39.249385833740234
2011-04-11,59.812255859375,66.57230377197266,62.709228515625,47.70830154418945,39.00727462768555
2011-04-04,58.0114860534668,66.37403869628906,62.20253372192383,47.731876373291016,39.08802795410156
2011-03-28,59.50248718261719,66.40575408935547,62.35224533081055,47.37836456298828,38.76945495605469
2011-03-21,59.24031066894531,66.40814208984375,62.32867431640625,47.30497360229492,38.744415283203125
2011-03-14,60.069435119628906,66.58238983154297,62.753143310546875,47.10588073730469,38.486934661865234
2011-03-07,58.84181594848633,66.5190200805664,62.31721878051758,47.16446304321289,38.486934661865234
2011-02-28,58.36619186401367,66.46359252929688,62.03617858886719,47.410316467285156,38.83306121826172
2011-02-21,59.120365142822266,66.41529083251953,62.23067855834961,47.265132904052734,38.60676193237305
2011-02-14,57.33292770385742,66.31233215332031,61.773681640625,47.38150405883789,38.74100875854492
2011-02-07,57.313743591308594,66.1856918334961,61.465171813964844,47.10225296020508,38.569007873535156
2011-01-31,56.89726638793945,66.28860473632812,61.19095230102539,47.172061920166016,38.53545379638672
2011-01-24,58.68317794799805,66.52764892578125,61.900386810302734,46.51999282836914,38.04643249511719
2011-01-17,58.42775344848633,66.42489624023438,61.72968673706055,46.50845718383789,38.0339241027832
2011-01-10,58.632080078125,66.4643783569336,61.9857177734375,46.46217727661133,38.07561111450195
2011-01-03,58.95768356323242,66.44855499267578,61.97437286376953,46.25405502319336,37.825538635253906
2010-12-27,60.08768081665039,66.43277740478516,61.706939697265625,45.918724060058594,37.62966537475586
2010-12-20,59.12546920776367,66.26825714111328,61.43537139892578,45.667118072509766,37.343528747558594
2010-12-13,59.32271957397461,66.37100982666016,61.367347717285156,45.39583969116211,37.05781173706055
2010-12-06,59.26540756225586,66.31564331054688,61.0443229675293,45.1584358215332,37.01642608642578
2010-11-29,60.372535705566406,66.52912902832031,61.72446823120117,45.26020050048828,37.028812408447266
2010-11-22,61.546112060546875,66.50225830078125,62.20835494995117,44.56141662597656,36.430355072021484
2010-11-15,61.24178695678711,66.4706802368164,62.26481628417969,45.369625091552734,37.109127044677734
2010-11-08,60.74723434448242,66.4706802368164,62.360809326171875,45.23490524291992,36.94871520996094
2010-11-01,62.12310791015625,66.6523208618164,63.65376281738281,46.15531539916992,37.75908279418945
2010-10-25,63.4678840637207,66.67841339111328,63.195274353027344,45.56489562988281,37.07992172241211
2010-10-18,64.07460021972656,66.65473937988281,63.09408950805664,45.18592834472656,36.88378143310547
2010-10-11,63.37309265136719,66.60730743408203,62.632850646972656,44.773521423339844,36.71213912963867
2010-10-04,65.86958312988281,66.6468276977539,63.61713409423828,44.840389251708984,36.626338958740234
2010-09-27,66.11602020263672,66.544189453125,63.0546875,44.4168701171875,36.45878601074219
2010-09-20,65.17152404785156,66.50872802734375,62.80708694458008,43.88908386230469,36.029380798339844
2010-09-13,64.01921844482422,66.46141052246094,62.38691711425781,43.800559997558594,36.130859375
2010-09-06,64.42847442626953,66.31159210205078,62.1068229675293,43.45750427246094,35.85887145996094
2010-08-30,65.22187042236328,66.36677551269531,62.050758361816406,43.15871810913086,35.66804504394531
2010-08-23,66.13960266113281,66.35111236572266,62.45418930053711,42.6604118347168,35.07370376586914
2010-08-16,66.57276153564453,66.40628051757812,62.571407318115234,42.934932708740234,35.359867095947266
2010-08-09,64.21851348876953,66.35111236572266,61.75646209716797,42.59453582763672,35.10999298095703
2010-08-02,62.843631744384766,66.3668212890625,61.616973876953125,43.16553497314453,35.617801666259766
2010-07-26,62.8787727355957,66.29512786865234,61.322792053222656,42.94150924682617,35.4771614074707
2010-07-19,62.440731048583984,66.20853424072266,60.95032501220703,42.82170104980469,35.56922149658203
2010-07-12,63.07905197143555,66.23214721679688,60.60009002685547,41.993797302246094,34.7165412902832
2010-07-05,62.09025573730469,66.12196350097656,60.016326904296875,42.10270690917969,34.66847229003906
2010-06-28,63.072784423828125,66.14555358886719,59.949588775634766,41.39464569091797,33.90786361694336
2010-06-21,61.79503631591797,66.11178588867188,59.518096923828125,41.48957061767578,34.05644989013672
2010-06-14,60.94660186767578,65.98591613769531,58.969993591308594,41.662384033203125,34.28297424316406
2010-06-07,60.77189636230469,65.93868255615234,58.70970153808594,40.37697219848633,33.48420333862305
2010-05-31,61.00899887084961,65.9780044555664,58.471595764160156,40.1717414855957,33.20602035522461
2010-05-24,60.00076675415039,65.89076232910156,58.148780822753906,40.49580001831055,33.367767333984375
2010-05-17,61.200801849365234,65.88290405273438,58.61748504638672,40.23876190185547,33.245513916015625
2010-05-10,58.99357223510742,65.8357162475586,58.52920913696289,41.1705436706543,33.90410614013672
2010-05-03,59.42877960205078,65.77290344238281,57.972320556640625,40.72072219848633,33.31648635864258
2010-04-26,57.0847053527832,65.59367370605469,58.91963577270508,42.7203369140625,35.004398345947266
2010-04-19,55.833045959472656,65.38954162597656,58.36505889892578,42.64592742919922,35.07095718383789
2010-04-12,55.6782341003418,65.50733947753906,58.326656341552734,42.25276565551758,34.636348724365234
2010-04-05,55.132938385009766,65.34239196777344,57.76660919189453,42.178382873535156,34.628517150878906
2010-03-29,55.114349365234375,65.3738021850586,57.942325592041016,41.98707580566406,34.26047134399414
2010-03-22,54.90989303588867,65.3345718383789,57.80561447143555,41.790611267089844,34.44450759887695
2010-03-15,56.33592987060547,65.37381744384766,58.2155647277832,41.558773040771484,34.23464584350586
2010-03-08,55.854393005371094,65.4051742553711,57.904022216796875,41.63251876831055,34.27740478515625
2010-03-01,55.72475814819336,65.4758529663086,57.712738037109375,41.274166107177734,34.13364028930664
2010-02-22,56.409934997558594,65.57380676269531,57.442138671875,40.535335540771484,33.626041412353516
2010-02-15,55.04386520385742,65.38581848144531,56.712730407714844,40.38901138305664,33.471771240234375
2010-02-08,55.4992561340332,65.4955062866211,56.51678466796875,38.94695281982422,32.364654541015625
2010-02-01,56.60075759887695,65.5973892211914,56.837921142578125,39.29179763793945,32.76966857910156
2010-01-25,56.60380172729492,65.46879577636719,57.15252685546875,40.26782989501953,33.00770568847656
2010-01-18,56.41375732421875,65.44532775878906,57.23385238647461,39.99853515625,33.21442413330078
2010-01-11,55.849544525146484,65.32012939453125,57.15795135498047,41.18958282470703,34.0986328125
2010-01-04,54.75196838378906,65.1713638305664,57.04414367675781,41.5313606262207,34.328304290771484
2009-12-28,55.1198616027832,64.95211029052734,56.447959899902344,40.195308685302734,33.62399673461914
2009-12-21,54.8139533996582,65.1047134399414,56.44460678100586,40.378150939941406,33.707523345947266
2009-12-14,56.695865631103516,65.36280822753906,57.043697357177734,39.91637420654297,33.33110809326172
2009-12-07,56.26815414428711,65.32369232177734,56.773868560791016,39.629085540771484,33.06108093261719
2009-11-30,57.03192901611328,65.26109313964844,57.10851287841797,39.2596549987793,32.79869079589844
2009-11-23,58.714515686035156,65.49504852294922,57.354736328125,38.63194274902344,32.3233528137207
2009-11-16,57.93490982055664,65.37078857421875,56.940914154052734,38.692996978759766,32.549869537353516
2009-11-09,57.2039794921875,65.27754974365234,56.97316360473633,38.68280792236328,32.42903518676758
2009-11-02,56.844635009765625,65.21539306640625,56.60233688354492,38.50999069213867,32.319580078125
2009-10-26,58.149288177490234,65.11444854736328,56.535682678222656,38.237510681152344,31.891857147216797
2009-10-19,57.64535140991211,64.93614196777344,56.09700012207031,38.91189956665039,32.51709747314453
2009-10-12,57.948917388916016,65.03691864013672,55.6690559387207,38.43882751464844,32.20259475708008
2009-10-05,58.22211456298828,65.00593566894531,55.60481262207031,38.20730209350586,32.101497650146484
2009-09-28,60.110252380371094,65.11444854736328,55.87236022949219,37.5329704284668,31.232900619506836
2009-09-21,59.2998046875,64.97189331054688,56.94596862792969,38.22271728515625,31.85799789428711
2009-09-14,57.95625686645508,64.87129974365234,56.344146728515625,37.90385818481445,31.824554443359375
2009-09-07,58.525115966796875,64.93321228027344,56.56781768798828,36.867618560791016,31.193275451660156
2009-08-31,57.623329162597656,64.90219116210938,55.854122161865234,35.8911018371582,30.28719139099121
2009-08-24,58.2244987487793,64.826416015625,55.565670013427734,36.078857421875,30.3046932220459
2009-08-17,56.57148361206055,64.6486587524414,54.802303314208984,35.96055221557617,30.352542877197266
2009-08-10,56.31810760498047,64.67960357666016,54.66447067260742,36.0295524597168,30.14265251159668
2009-08-03,54.59264373779297,64.3316879272461,54.1767692565918,36.6013298034668,30.69493293762207
2009-07-27,57.007080078125,64.60838317871094,55.114044189453125,36.150821685791016,30.8315372467041
2009-07-20,54.98676300048828,64.61619567871094,53.67892837524414,35.068660736083984,29.900550842285156
2009-07-13,54.86049270629883,64.65477752685547,52.797828674316406,34.01569747924805,28.845458984375
2009-07-06,57.86088180541992,64.8169174194336,53.235694885253906,32.79703903198242,27.940040588378906
2009-06-29,56.700439453125,64.67021179199219,52.607887268066406,33.11875915527344,28.403709411621094
2009-06-22,56.6925163269043,64.54509735107422,52.747352600097656,33.579898834228516,28.34797477722168
2009-06-15,54.95444107055664,64.3138198852539,51.786155700683594,33.76301193237305,28.282840728759766
2009-06-08,53.92354965209961,64.1982192993164,52.01198959350586,34.322017669677734,28.847198486328125
2009-06-01,53.84563064575195,64.15193939208984,51.31865310668945,33.86903381347656,28.492658615112305
2009-05-25,56.25802230834961,64.59829711914062,51.19361877441406,33.33891677856445,27.901165008544922
2009-05-18,55.87569808959961,64.61373138427734,50.63439178466797,33.0055046081543,27.61800193786621
2009-05-11,58.56999588012695,64.62141418457031,50.80162811279297,31.386226654052734,26.453065872192383
2009-05-04,56.71805191040039,64.47515869140625,50.498497009277344,31.83390998840332,27.510482788085938
2009-04-27,58.0143928527832,64.5136489868164,50.158790588378906,31.433847427368164,27.083925247192383
2009-04-20,59.899513244628906,64.46226501464844,50.05000686645508,30.177242279052734,26.578853607177734
2009-04-13,60.572547912597656,64.43927764892578,50.22682189941406,30.798118591308594,26.763803482055664
2009-04-06,60.959659576416016,64.39314270019531,49.08781051635742,28.61571502685547,25.714590072631836
2009-03-30,61.299171447753906,64.40084838867188,48.32323455810547,28.361740112304688,25.081510543823242
2009-03-23,62.09799575805664,64.51551055908203,48.32054901123047,27.53727149963379,24.61111831665039
2009-03-16,61.71793746948242,64.5538558959961,48.486080169677734,27.09269905090332,23.816890716552734
2009-03-09,61.01118850708008,64.40821838378906,47.92226791381836,26.055288314819336,23.5322265625
2009-03-02,61.91987991333008,64.4004898071289,48.15504455566406,24.350994110107422,21.789091110229492
2009-02-23,60.33893966674805,64.34760284423828,48.4539909362793,25.84502601623535,23.38145637512207
2009-02-16,61.54713821411133,64.45477294921875,50.13671112060547,27.278324127197266,24.61570930480957
2009-02-09,60.652809143066406,64.36287689208984,50.73880386352539,28.428613662719727,25.65874671936035
2009-02-02,60.58171844482422,64.30168151855469,50.57413101196289,28.739011764526367,25.669191360473633
2009-01-26,61.277645111083984,64.44098663330078,51.113948822021484,28.779199600219727,25.897605895996094
2009-01-19,63.60469055175781,64.56333923339844,50.47380828857422,28.32781410217285,25.23328971862793
2009-01-12,67.5087661743164,64.61688232421875,52.02538299560547,29.149311065673828,26.155759811401367
2009-01-05,66.5815200805664,64.5556640625,52.5374870300293,29.555532455444336,27.07132911682129
2008-12-29,68.71954345703125,64.37986755371094,51.51845169067383,28.788209915161133,26.080036163330078
2008-12-22,71.40396118164062,64.55109405517578,51.34332275390625,28.42620849609375,25.741348266601562
2008-12-15,71.96906280517578,64.56634521484375,50.34391784667969,25.785219192504883,24.319440841674805
2008-12-08,66.14730072021484,64.6577377319336,48.19206619262695,24.090009689331055,22.268592834472656
2008-12-01,65.03471374511719,64.4521255493164,46.8509521484375,24.63425636291504,22.063522338867188
2008-11-24,62.02375411987305,64.36148071289062,45.733253479003906,24.995628356933594,22.406005859375
2008-11-17,60.38106918334961,64.23243713378906,46.093509674072266,23.947895050048828,21.65518569946289
2008-11-10,55.83423614501953,63.94401550292969,45.611488342285156,27.117462158203125,23.826459884643555
2008-11-03,55.30037307739258,63.777069091796875,45.7789192199707,28.041929244995117,24.63817024230957
2008-10-27,54.24433898925781,63.65789031982422,44.24921417236328,27.2820987701416,24.11732292175293
2008-10-20,56.52326965332031,63.620086669921875,44.60261917114258,26.803462982177734,23.38039779663086
2008-10-13,54.85209274291992,63.43107604980469,42.916465759277344,28.065332412719727,23.4473934173584
2008-10-06,56.06748962402344,63.47642517089844,41.24543762207031,25.028182983398438,22.824369430541992
2008-09-29,56.91477966308594,63.46887969970703,44.86009216308594,32.72112274169922,27.580821990966797
2008-09-22,55.05144500732422,62.84934997558594,45.230690002441406,34.45054244995117,28.630849838256836
2008-09-15,54.74269104003906,62.73632049560547,46.61271286010742,35.33014678955078,29.534257888793945
2008-09-08,55.30776596069336,62.66098403930664,50.27136993408203,36.175201416015625,30.557273864746094
2008-09-01,55.622318267822266,62.59313201904297,50.814125061035156,36.226985931396484,30.6967716217041
2008-08-25,54.468868255615234,62.47633361816406,50.54930114746094,36.497745513916016,30.484201431274414
2008-08-18,54.02772521972656,62.35612869262695,50.354156494140625,36.35234069824219,30.35222816467285
2008-08-11,54.0045051574707,62.341068267822266,50.68937683105469,36.47208786010742,30.58646011352539
2008-08-04,53.40083312988281,62.25093078613281,50.619319915771484,36.36943817138672,30.43803596496582
2008-07-28,53.133853912353516,62.19837188720703,50.29417037963867,36.63459396362305,30.622770309448242
2008-07-21,52.1317138671875,61.969112396240234,49.759132385253906,36.69693374633789,30.789819717407227
2008-07-14,52.31098175048828,61.93168258666992,49.38563919067383,36.399967193603516,30.478618621826172
2008-07-07,53.300010681152344,61.961631774902344,50.023040771484375,36.85816955566406,30.350862503051758
2008-06-30,53.2479248046875,62.01408386230469,50.15755081176758,36.80723190307617,30.511362075805664
2008-06-23,53.20056915283203,61.88005828857422,50.423851013183594,36.948448181152344,30.612369537353516
2008-06-16,51.754119873046875,61.5812873840332,50.443626403808594,37.67222595214844,31.080839157104492
2008-06-09,51.212425231933594,61.37217712402344,50.08171463012695,38.01734924316406,31.718448638916016
2008-06-02,52.30158996582031,61.954803466796875,51.1329460144043,38.21088790893555,31.523258209228516
2008-05-26,51.83652114868164,61.76578903198242,50.938026428222656,38.314422607421875,31.74642562866211
2008-05-19,52.69207763671875,61.877532958984375,51.62409591674805,37.830074310302734,31.798133850097656
2008-05-12,52.732261657714844,61.84031295776367,52.157161712646484,38.347835540771484,32.030845642089844
2008-05-05,53.111183166503906,62.04146194458008,52.19666290283203,38.2142219543457,31.998550415039062
2008-04-28,52.600196838378906,61.78816604614258,52.08810806274414,38.38957595825195,32.257102966308594
2008-04-21,52.530517578125,61.80935287475586,51.388771057128906,37.967647552490234,31.78337860107422
2008-04-14,53.07402420043945,62.0101318359375,51.555850982666016,37.785274505615234,31.503761291503906
2008-04-07,54.73308563232422,62.4116325378418,51.919498443603516,37.24641799926758,31.018476486206055
2008-03-31,54.46418762207031,62.292686462402344,52.10136032104492,37.04747009277344,31.076332092285156
2008-03-24,54.433006286621094,62.48896408081055,51.30935287475586,36.79627990722656,30.72311782836914
2008-03-17,55.36157989501953,62.474159240722656,51.15287399291992,36.13025665283203,30.566682815551758
2008-03-10,54.119693756103516,62.56317138671875,50.345943450927734,35.84246063232422,30.091022491455078
2008-03-03,52.54165267944336,62.45187759399414,50.91324996948242,36.64006805419922,30.486888885498047
2008-02-25,53.48276901245117,62.34579849243164,51.75535202026367,36.6260986328125,30.571144104003906
2008-02-18,52.228450775146484,61.91626739501953,51.0687370300293,36.90373229980469,30.45062255859375
2008-02-11,52.148929595947266,61.931034088134766,51.31220626831055,36.87109375,30.368135452270508
2008-02-04,53.181983947753906,61.97551345825195,51.69693374633789,37.05889892578125,30.501388549804688
2008-01-28,54.05031967163086,61.775543212890625,52.34455108642578,38.12868881225586,31.170616149902344
2008-01-21,54.27042770385742,61.671260833740234,52.06532287597656,36.81139373779297,31.081043243408203
2008-01-14,54.01017379760742,61.4718132019043,51.76962661743164,37.26577377319336,30.803802490234375
2008-01-07,53.280582427978516,61.191162109375,51.62906265258789,37.793148040771484,30.844743728637695
2007-12-31,53.32014846801758,60.99912643432617,51.67271423339844,38.21502685546875,31.254362106323242
2007-12-24,52.30775451660156,60.607688903808594,50.72261047363281,38.85600662231445,31.66392707824707
2007-12-17,51.642051696777344,60.512046813964844,50.505794525146484,38.60240936279297,32.02008819580078
2007-12-10,51.044898986816406,60.26911163330078,49.772315979003906,38.57016372680664,31.97309684753418
2007-12-03,51.687103271484375,60.48262405395508,50.26934814453125,38.5057373046875,31.847780227661133
2007-11-26,52.95690155029297,60.5223503112793,51.231117248535156,,31.759414672851562
2007-11-19,52.59221649169922,60.44900894165039,50.745845794677734,,30.79429054260254
2007-11-12,51.851497650146484,60.148216247558594,50.57766342163086,,31.75632095336914
2007-11-05,51.24553680419922,59.964759826660156,50.87074661254883,,31.678462982177734
2007-10-29,51.08283615112305,59.722713470458984,50.78425598144531,,31.834177017211914
2007-10-22,50.55747604370117,59.55879592895508,50.86238479614258,,31.885509490966797
2007-10-15,50.53511047363281,59.514862060546875,51.05374526977539,,31.795806884765625
2007-10-08,48.954158782958984,59.06904983520508,50.23576354980469,,32.321598052978516
2007-10-01,49.31726837158203,59.17869186401367,50.27404022216797,,32.13603973388672
2007-09-24,49.370338439941406,59.17353820800781,50.22954559326172,,31.96748924255371
2007-09-17,48.90846633911133,59.04978942871094,49.79145050048828,,31.890642166137695
2007-09-10,50.03255081176758,59.02069854736328,49.8248176574707,,31.62630271911621
2007-09-03,50.24959182739258,59.12986755371094,50.105735778808594,,30.913137435913086
2007-08-27,49.25797653198242,58.84880447387695,49.863853454589844,,31.059782028198242
2007-08-20,48.68714904785156,58.63837432861328,49.4230842590332,,30.5037784576416
2007-08-13,48.099632263183594,58.71099090576172,48.740623474121094,,30.457950592041016
2007-08-06,47.70613479614258,58.33372497558594,48.78801345825195,,30.039419174194336
2007-07-30,48.7314567565918,58.35549545288086,49.03445053100586,,29.633106231689453
2007-07-23,48.18301773071289,58.2162971496582,48.64983367919922,,29.143768310546875
2007-07-16,47.45431900024414,57.95611572265625,49.0130729675293,,30.594562530517578
2007-07-09,46.515838623046875,57.760894775390625,48.81495666503906,,30.822219848632812
2007-07-02,46.08523941040039,57.64528274536133,48.58381652832031,,30.822219848632812
2007-06-25,46.83828353881836,57.71613311767578,49.10645294189453,,30.718103408813477
2007-06-18,46.06282043457031,57.608158111572266,48.83412551879883,,31.167661666870117
2007-06-11,46.02434539794922,57.464134216308594,48.754276275634766,,31.270275115966797
2007-06-04,46.08480453491211,57.41372299194336,48.777748107910156,,31.42413330078125
2007-05-28,47.069217681884766,57.41372299194336,49.31773376464844,,31.71375846862793
2007-05-21,47.312320709228516,57.49345397949219,49.61024475097656,,31.82301902770996
2007-05-14,47.61910629272461,57.421756744384766,49.72244644165039,,31.760021209716797
2007-05-07,48.30927658081055,57.48628616333008,50.05891418457031,,31.702985763549805
2007-04-30,48.533870697021484,57.47193908691406,50.13371658325195,,31.633995056152344
2007-04-23,47.936431884765625,57.439109802246094,49.88246536254883,,31.597110748291016
2007-04-16,48.11104965209961,57.3890380859375,49.803314208984375,,31.258956909179688
2007-04-09,47.54890441894531,57.238983154296875,49.4589958190918,,31.18716812133789
2007-04-02,47.89276885986328,57.33187484741211,49.62187576293945,,
2007-03-26,48.004093170166016,57.30687713623047,49.68138885498047,,
2007-03-19,48.28141784667969,57.24273681640625,49.709190368652344,,
2007-03-12,48.85784912109375,57.24273681640625,49.78797149658203,,
2007-03-05,48.613136291503906,57.121673583984375,49.88521194458008,,
2007-02-26,49.04814910888672,57.19291687011719,50.167724609375,,
2007-02-19,48.12483596801758,56.91485595703125,49.714637756347656,,
2007-02-12,48.0164680480957,56.85810470581055,49.57625198364258,,
2007-02-05,47.469329833984375,56.69483184814453,49.175018310546875,,
2007-01-29,47.2364387512207,56.65223693847656,49.064361572265625,,
2007-01-22,46.8884162902832,56.553123474121094,48.78545379638672,,
2007-01-15,47.47112274169922,56.56731033325195,49.05186080932617,,
2007-01-08,47.49809646606445,56.51778793334961,48.9508056640625,,
2007-01-01,48.12928771972656,56.623939514160156,49.221771240234375,,
2006-12-25,47.7085075378418,56.54607391357422,48.992122650146484,,
2006-12-18,48.06343460083008,56.5983772277832,49.21870803833008,,
2006-12-11,48.24627685546875,56.52088165283203,49.21416473388672,,
2006-12-04,48.520469665527344,56.52088165283203,49.30107498168945,,
2006-11-27,49.154945373535156,56.619571685791016,49.49319839477539,,
2006-11-20,48.5427360534668,56.382415771484375,49.19822692871094,,
2006-11-13,48.183807373046875,56.3051872253418,48.96134567260742,,
2006-11-06,48.135616302490234,56.28409194946289,48.95225143432617,,
2006-10-30,47.423160552978516,56.15765380859375,48.48301315307617,,
2006-10-23,47.42245101928711,56.19504928588867,48.46003341674805,,
2006-10-16,46.71806335449219,56.034061431884766,47.974708557128906,,
2006-10-09,46.50994873046875,55.97805404663086,47.802371978759766,,
2006-10-02,47.10224151611328,56.048072814941406,48.1516227722168,,
2006-09-25,47.52168655395508,56.00325012207031,48.24003219604492,,
2006-09-18,47.66518020629883,56.01021957397461,48.334842681884766,,
2006-09-11,46.48523712158203,55.7940559387207,47.747806549072266,,
2006-09-04,46.416160583496094,55.7940559387207,47.72075653076172,,
2006-08-28,46.64469528198242,55.82194900512695,47.76590347290039,,
2006-08-21,46.28994369506836,55.6403923034668,47.584529876708984,,
2006-08-14,45.935237884521484,55.57782745361328,47.4361686706543,,
2006-08-07,45.210018157958984,55.42495346069336,46.98217010498047,,
2006-07-31,45.69706344604492,55.418025970458984,47.11701965332031,,
2006-07-24,45.18798065185547,55.33540344238281,46.77268600463867,,
2006-07-17,44.99287033081055,55.18306350708008,46.58918762207031,,
2006-07-10,44.84001159667969,55.10004425048828,46.40567398071289,,
2006-07-03,44.44448471069336,55.003082275390625,46.163997650146484,,
2006-06-26,44.28791046142578,54.97678756713867,46.10892868041992,,
2006-06-19,43.8151741027832,54.818145751953125,45.78806686401367,,
2006-06-12,44.282657623291016,54.873287200927734,46.12233352661133,,
2006-06-05,45.02324295043945,54.97678756713867,46.5545539855957,,
2006-05-29,44.53477478027344,54.997520446777344,46.518890380859375,,
2006-05-22,44.05463790893555,54.929595947265625,46.33938980102539,,
2006-05-15,44.169742584228516,54.84016418457031,46.35271453857422,,
2006-05-08,43.238494873046875,54.75080108642578,46.019901275634766,,
2006-05-01,43.73552703857422,54.75080108642578,46.10865020751953,,
2006-04-24,43.8558349609375,54.755645751953125,46.23645782470703,,
2006-04-17,44.18935012817383,54.707645416259766,46.22761917114258,,
2006-04-10,44.00172805786133,54.632225036621094,46.01555252075195,,
2006-04-03,44.3456916809082,54.611698150634766,46.21881103515625,,
2006-03-27,45.09710693359375,54.63498306274414,46.33013916015625,,
2006-03-20,46.24955368041992,54.70329666137695,46.840511322021484,,
2006-03-13,46.12493133544922,54.696495056152344,46.884498596191406,,
2006-03-06,45.82904815673828,54.49838638305664,46.50608825683594,,
2006-02-27,46.37420654296875,54.47788619995117,46.63811492919922,,
2006-02-20,47.10152053833008,54.492401123046875,47.09712600708008,,
2006-02-13,47.049747467041016,54.5196647644043,47.07081604003906,,
2006-02-06,46.71352005004883,54.404014587402344,46.79916763305664,,
2006-01-30,46.9980583190918,54.49924850463867,46.85170364379883,,
2006-01-23,46.65634536743164,54.49453353881836,47.08333206176758,,
2006-01-16,47.62031173706055,54.60992431640625,47.34082794189453,,
2006-01-09,47.4399299621582,54.60992431640625,47.32344436645508,,
2006-01-02,47.28014373779297,54.52170181274414,47.231788635253906,,
2005-12-26,47.37287902832031,54.42666244506836,47.00911331176758,,
2005-12-19,47.12550354003906,54.413875579833984,46.95710754394531,,
2005-12-12,46.56083297729492,54.37998962402344,46.79182434082031,,
2005-12-05,45.96535873413086,54.26499557495117,46.456947326660156,,
2005-11-28,45.94483184814453,54.23117446899414,46.52654266357422,,
2005-11-21,46.26195526123047,54.25749588012695,46.755184173583984,,
2005-11-14,46.072845458984375,54.169822692871094,46.49955749511719,,
2005-11-07,45.740638732910156,54.0955696105957,46.43023681640625,,
2005-10-31,45.04036331176758,54.007930755615234,46.070587158203125,,
2005-10-24,45.59941101074219,54.04697036743164,46.31662368774414,,
2005-10-17,46.525543212890625,54.141170501708984,46.82598114013672,,
2005-10-10,45.91492462158203,54.06047821044922,46.523807525634766,,
2005-10-03,46.73418045043945,54.107513427734375,47.00294494628906,,
2005-09-26,46.733158111572266,54.0711555480957,47.0478630065918,,
2005-09-19,46.94094467163086,54.17852020263672,47.23269271850586,,
2005-09-12,46.68248748779297,54.17852020263672,47.129539489746094,,
2005-09-05,47.64552688598633,54.225440979003906,47.58095932006836,,
2005-08-29,48.23349380493164,54.366268157958984,47.817466735839844,,
2005-08-22,47.717105865478516,53.99940872192383,47.52460479736328,,
2005-08-15,47.36863327026367,53.97938919067383,47.35762405395508,,
2005-08-08,47.1312141418457,53.93928909301758,47.33625411987305,,
2005-08-01,46.29781723022461,53.825599670410156,47.062171936035156,,
2005-07-25,46.85594940185547,53.87841033935547,47.22999572753906,,
2005-07-18,47.077369689941406,53.93842315673828,47.212947845458984,,
2005-07-11,47.28872299194336,53.93842315673828,47.187400817871094,,
2005-07-04,47.62085723876953,53.965145111083984,47.38353729248047,,
2005-06-27,47.907657623291016,53.931800842285156,47.40485763549805,,
2005-06-20,48.34001159667969,54.074554443359375,47.50896072387695,,
2005-06-13,47.306907653808594,53.95475387573242,46.922672271728516,,
2005-06-06,47.58774185180664,53.914825439453125,47.135093688964844,,
2005-05-30,47.768280029296875,53.96807861328125,47.30503845214844,,
2005-05-23,46.88827896118164,53.90826416015625,46.84657287597656,,
2005-05-16,46.688419342041016,53.82189178466797,46.52919387817383,,
2005-05-09,46.36864471435547,53.86177444458008,46.49109649658203,,
2005-05-02,45.49922561645508,53.72891616821289,46.50802230834961,,
2005-04-25,46.02387619018555,53.73561096191406,46.758544921875,,
2005-04-18,45.54090881347656,53.70244216918945,46.467681884765625,,
2005-04-11,45.35176467895508,53.7620849609375,46.26533508300781,,
2005-04-04,44.28627395629883,53.516868591308594,45.80162811279297,,
2005-03-28,44.46052169799805,53.49040985107422,46.0545539855957,,
2005-03-21,43.78537368774414,53.36477279663086,45.722694396972656,,
2005-03-14,43.98379898071289,53.41762161254883,45.94102478027344,,
2005-03-07,43.8647346496582,53.39779281616211,46.21813201904297,,
2005-02-28,44.896484375,53.49032211303711,46.75553894042969,,
2005-02-21,44.998130798339844,53.48166275024414,46.86411666870117,,
2005-02-14,44.9289665222168,53.50812911987305,46.847347259521484,,
2005-02-07,45.883323669433594,53.60041809082031,47.248897552490234,,
2005-01-31,45.81401824951172,53.60041809082031,47.19869613647461,,
2005-01-24,45.0505485534668,53.593196868896484,47.04103469848633,,
2005-01-17,44.833770751953125,53.652366638183594,46.92854690551758,,
2005-01-10,44.41997146606445,53.566810607910156,46.81184387207031,,
2005-01-03,43.61699676513672,53.54050064086914,46.557674407958984,,
2004-12-27,43.62191390991211,53.60633087158203,46.4702262878418,,
2004-12-20,43.47612762451172,53.583946228027344,46.569000244140625,,
2004-12-13,43.55462646484375,53.59048843383789,46.44862747192383,,
2004-12-06,43.60374069213867,53.643096923828125,46.44034957885742,,
2004-11-29,42.911746978759766,53.616825103759766,45.917320251464844,,
2004-11-22,43.132442474365234,53.46242904663086,46.13862991333008,,
2004-11-15,43.137332916259766,53.514896392822266,46.270965576171875,,
2004-11-08,42.946693420410156,53.5673713684082,46.19240951538086,,
2004-11-01,42.9173698425293,53.59357452392578,46.184104919433594,,
2004-10-25,43.53516387939453,53.791709899902344,46.39875411987305,,
2004-10-18,43.72012710571289,53.785118103027344,46.39875411987305,,
2004-10-11,43.16039276123047,53.76554489135742,46.25453567504883,,
2004-10-04,42.80988693237305,53.68036651611328,46.02801513671875,,
2004-09-27,42.56650924682617,53.59523010253906,45.65320587158203,,
2004-09-20,43.35222625732422,53.613609313964844,46.08193588256836,,
2004-09-13,42.62022399902344,53.652793884277344,45.852149963378906,,
2004-09-06,42.222713470458984,53.63973617553711,45.59367370605469,,
2004-08-30,42.00941467285156,53.5417366027832,45.0766487121582,,
2004-08-23,41.91915512084961,53.592838287353516,45.346038818359375,,
2004-08-16,41.78396987915039,53.5993537902832,45.12535858154297,,
2004-08-09,41.83225631713867,53.573265075683594,45.059993743896484,,
2004-08-02,41.726036071777344,53.560218811035156,44.99045944213867,,
2004-07-26,40.68314743041992,53.2906379699707,44.347530364990234,,
2004-07-19,40.856258392333984,53.25154113769531,44.33127975463867,,
2004-07-12,41.115970611572266,53.37535095214844,44.52667999267578,,
2004-07-05,40.582115173339844,53.310142517089844,44.16436767578125,,
2004-06-28,40.56769561767578,53.29714584350586,44.188804626464844,,
2004-06-21,39.82036209106445,53.07122802734375,43.58422088623047,,
2004-06-14,39.55686950683594,52.94111251831055,43.422054290771484,,
2004-06-07,39.02997970581055,52.90861511230469,43.11797332763672,,
2004-05-31,39.03955078125,52.973602294921875,43.2234001159668,,
2004-05-24,39.65172576904297,53.15312576293945,43.61021041870117,,
2004-05-17,39.002803802490234,53.036258697509766,43.0650634765625,,
2004-05-10,38.797630310058594,53.01676940917969,42.73793411254883,,
2004-05-03,38.80241394042969,52.912864685058594,42.923702239990234,,
2004-04-26,39.75432586669922,53.15578842163086,43.83952713012695,,
2004-04-19,39.944435119628906,53.17524337768555,44.09290313720703,,
2004-04-12,40.19158172607422,53.38920974731445,44.37445068359375,,
2004-04-05,40.89979553222656,53.49946594238281,44.92143630981445,,
2004-03-29,41.213523864746094,53.47349548339844,44.881195068359375,,
2004-03-22,42.5068244934082,53.73282241821289,45.488582611083984,,
2004-03-15,42.81459045410156,53.73282241821289,45.73700714111328,,
2004-03-08,42.74354553222656,53.719932556152344,45.71699142456055,,
2004-03-01,42.44056701660156,53.629276275634766,45.596805572509766,,
2004-02-23,41.80804443359375,53.575557708740234,45.16606140136719,,
2004-02-16,41.185585021972656,53.45915222167969,44.80287170410156,,
2004-02-09,41.40248489379883,53.5302734375,45.09822463989258,,
2004-02-02,41.2044563293457,53.400943756103516,44.5953254699707,,
2004-01-26,40.875282287597656,53.31757354736328,44.49551773071289,,
2004-01-19,41.03496170043945,53.388492584228516,44.72612380981445,,
2004-01-12,41.142967224121094,53.369178771972656,44.845375061035156,,
2004-01-05,40.833038330078125,53.369178771972656,44.551170349121094,,
2003-12-29,39.65431213378906,53.123748779296875,43.644710540771484,,
2003-12-22,40.656837463378906,53.22959518432617,44.106781005859375,,
2003-12-15,40.698856353759766,53.17805862426758,44.1701545715332,,
2003-12-08,39.969669342041016,52.91038513183594,43.2404670715332,,
2003-12-01,40.105255126953125,52.83976364135742,43.29132843017578,,
2003-11-24,39.596649169921875,52.68044662475586,42.85657501220703,,
2003-11-17,40.23392868041992,52.81510543823242,43.31991195678711,,
2003-11-10,39.9641227722168,52.789512634277344,43.078487396240234,,
2003-11-03,38.838478088378906,52.565067291259766,42.36198425292969,,
2003-10-27,39.46269989013672,52.71192169189453,42.725311279296875,,
2003-10-20,39.49980163574219,52.77595138549805,42.89986801147461,,
2003-10-13,38.69840621948242,52.64784240722656,42.643856048583984,,
2003-10-06,39.166282653808594,52.81437301635742,42.74471664428711,,
2003-09-29,39.50905227661133,52.80154800415039,42.628353118896484,,
2003-09-22,40.354949951171875,52.84458923339844,43.102294921875,,
2003-09-15,39.501529693603516,52.71027755737305,42.62445831298828,,
2003-09-08,39.06325149536133,52.71027755737305,42.273780822753906,,
2003-09-01,38.78193664550781,52.6462516784668,41.87299728393555,,
2003-08-25,38.41653823852539,52.426822662353516,41.393646240234375,,
2003-08-18,38.28791809082031,52.375701904296875,41.217620849609375,,
2003-08-11,37.65879821777344,52.44599533081055,40.84645462036133,,
2003-08-04,38.421146392822266,52.50346755981445,41.38212966918945,,
2003-07-28,37.89299011230469,52.39483642578125,40.922950744628906,,
2003-07-21,39.114654541015625,52.597900390625,41.9039192199707,,
2003-07-14,40.09297561645508,52.591487884521484,42.45122146606445,,
2003-07-07,41.50560760498047,52.731903076171875,43.08976364135742,,
2003-06-30,41.41876983642578,52.68722915649414,42.96813201904297,,
2003-06-23,41.93014144897461,52.67322540283203,43.11640167236328,,
2003-06-16,42.69523620605469,52.77521896362305,43.550941467285156,,
2003-06-09,44.25727844238281,52.87080001831055,44.39362335205078,,
2003-06-02,42.87284469604492,52.70514678955078,43.66431427001953,,
2003-05-26,42.901119232177734,52.63050842285156,43.39488983154297,,
2003-05-19,43.46797561645508,52.61777114868164,43.38741683959961,,
2003-05-12,42.50200271606445,52.566925048828125,43.08320236206055,,
2003-05-05,41.0780143737793,52.47134780883789,42.47480010986328,,
2003-04-28,40.053096771240234,52.382320404052734,41.85511016845703,,
2003-04-21,40.11194610595703,52.38241195678711,41.59614562988281,,
2003-04-14,39.692440032958984,52.2171630859375,41.00725173950195,,
2003-04-07,39.36314010620117,52.26161575317383,40.72025680541992,,
2003-03-31,39.26841354370117,52.306068420410156,40.80595779418945,,
2003-03-24,39.41587829589844,52.31759262084961,40.613067626953125,,
2003-03-17,38.65224075317383,52.0573616027832,39.854026794433594,,
2003-03-10,40.40858459472656,52.247772216796875,40.56862258911133,,
2003-03-03,40.67809295654297,52.38740158081055,40.92776107788086,,
2003-02-24,40.48491287231445,52.26234817504883,40.75262451171875,,
2003-02-17,39.51383972167969,52.15462875366211,40.25100326538086,,
2003-02-10,39.29458236694336,52.16094207763672,40.003902435302734,,
2003-02-03,39.56755447387695,52.13558578491211,40.177242279052734,,
2003-01-27,39.268653869628906,52.05825424194336,39.961483001708984,,
2003-01-20,39.228492736816406,52.03926467895508,40.06431579589844,,
2003-01-13,38.77364730834961,51.97602844238281,39.759456634521484,,
2003-01-06,38.1449089050293,51.93169403076172,39.601524353027344,,
2002-12-30,38.564056396484375,51.90634536743164,39.645626068115234,,
2002-12-23,39.50279235839844,52.052574157714844,40.08727264404297,,
2002-12-16,38.77064895629883,51.88833999633789,39.63396453857422,,
2002-12-09,38.39350509643555,51.74928283691406,39.04535675048828,,
2002-12-02,38.233787536621094,51.71770477294922,39.00879669189453,,
2002-11-25,37.78605270385742,51.55341720581055,38.76564407348633,,
2002-11-18,38.00252151489258,51.49036407470703,38.76930618286133,,
2002-11-11,38.47512435913086,51.63541030883789,38.86029815673828,,
2002-11-04,39.06257247924805,51.6669921875,38.96588897705078,,
2002-10-28,37.976036071777344,51.69852828979492,38.2159423828125,,
2002-10-21,37.5418815612793,51.48884963989258,37.7474365234375,,
2002-10-14,37.537471771240234,51.39436721801758,37.34535598754883,,
2002-10-07,38.860939025878906,51.55809020996094,38.00102615356445,,
2002-09-30,39.35783767700195,51.570743560791016,38.58063888549805,,
2002-09-23,39.440650939941406,51.55195999145508,38.79878616333008,,
2002-09-16,39.11655044555664,51.43874740600586,38.65451431274414,,
2002-09-09,38.88876724243164,51.31294250488281,38.50300979614258,,
2002-09-02,38.3105354309082,51.306671142578125,38.1025390625,,
2002-08-26,37.980690002441406,51.248130798339844,37.933349609375,,
2002-08-19,37.46602249145508,51.17908477783203,37.753929138183594,,
2002-08-12,37.099647521972656,51.09117126464844,37.043331146240234,,
2002-08-05,37.02116775512695,51.19792938232422,36.9643669128418,,
2002-07-29,36.571903228759766,51.22932434082031,37.03617477416992,,
