date,TLT,SHY,LQD,JNK,HYG
2026-09-11,80.87000274658203,81.37000274658203,104.31999969482422,94.61000061035156,78.5999984741211
2026-09-10,80.77999877929688,81.41999816894531,104.36000061035156,94.62999725341797,78.62000274658203
2026-09-09,81.7300033569336,81.62999725341797,105.30999755859375,95.04000091552734,78.9800033569336
2026-09-08,82.19999694824219,81.66000366210938,105.4800033569336,95.20999908447266,79.12000274658203
2026-09-04,82.20999908447266,81.69000244140625,105.4800033569336,95.2699966430664,79.16000366210938
2026-09-03,82.06999969482422,81.70999908447266,105.5,95.30000305175781,79.20999908447266
2026-09-02,81.94999694824219,81.63999938964844,105.3499984741211,95.20999908447266,79.11000061035156
2026-09-01,81.87000274658203,81.58999633789062,105.22000122070312,95.20999908447266,79.0999984741211
2026-08-31,82.20499420166016,81.64599609375,105.76599884033203,95.52799224853516,79.375
2026-08-28,82.5636215209961,81.64599609375,105.9054183959961,95.4384994506836,79.30538177490234
2026-08-27,82.81266784667969,81.7955551147461,106.28382873535156,95.59761047363281,79.43467712402344
2026-08-26,82.98202514648438,81.80552673339844,106.3336181640625,95.64733123779297,79.46451568603516
2026-08-25,83.15137481689453,81.83543395996094,106.41328430175781,95.66722106933594,79.4843978881836
2026-08-24,82.24484252929688,81.75566864013672,105.73612976074219,95.4186019897461,79.26559448242188
2026-08-21,81.7367935180664,81.75566864013672,105.47721099853516,95.33905029296875,79.17609405517578
2026-08-20,82.02568054199219,81.77560424804688,105.61663055419922,95.2396011352539,79.12635803222656
2026-08-19,82.70308685302734,81.81549072265625,106.12449645996094,95.42855072021484,79.27554321289062
2026-08-18,81.3482894897461,81.77560424804688,105.39754486083984,95.20977020263672,79.09652709960938
2026-08-17,81.03946685791016,81.75566864013672,105.25813293457031,95.31916046142578,79.17609405517578
2026-08-14,81.7268295288086,81.75566864013672,105.67638397216797,95.4384994506836,79.27554321289062
2026-08-13,82.27472686767578,81.78557586669922,106.10458374023438,95.50811004638672,79.35511016845703
2026-08-12,81.79656219482422,81.6759033203125,105.67638397216797,95.31916046142578,79.17609405517578
2026-08-11,81.87625885009766,81.62606048583984,105.54692077636719,95.16004943847656,79.0766372680664
2026-08-10,81.74674987792969,81.6160888671875,105.51704406738281,95.12026977539062,79.04680633544922
2026-08-07,82.44408416748047,81.6759033203125,106.10458374023438,95.27938079833984,79.17609405517578
2026-08-06,82.20499420166016,81.55626678466797,105.91537475585938,95.08049011230469,79.02690887451172
2026-08-05,82.68316650390625,81.65596771240234,106.29378509521484,95.1401596069336,79.08657836914062
2026-08-04,82.50385284423828,81.62606048583984,106.31370544433594,95.21971130371094,79.11642456054688
2026-08-03,81.87625885009766,81.52635192871094,105.66641998291016,94.92137145996094,78.87772369384766
2026-07-31,81.60728454589844,81.50541687011719,105.34974670410156,94.62602233886719,78.6648941040039
2026-07-30,82.15299224853516,81.5153579711914,105.50839233398438,94.60624694824219,78.65499114990234
2026-07-29,82.20259857177734,81.49547576904297,105.32000732421875,94.33921813964844,78.42735290527344
2026-07-28,83.58174133300781,81.44578552246094,105.92483520507812,94.55679321289062,78.60550689697266
2026-07-27,83.09556579589844,81.37620544433594,105.60755157470703,94.408447265625,78.45703887939453
2026-07-24,82.59947204589844,81.3563232421875,105.32991790771484,94.33921813964844,78.4174575805664
2026-07-23,82.52009582519531,81.27680206298828,105.35966491699219,94.34911346435547,78.4174575805664
2026-07-22,82.7879867553711,81.3364486694336,105.76618194580078,94.69524383544922,78.70448303222656
2026-07-21,83.00627899169922,81.39608001708984,105.94466400146484,94.8436050415039,78.83314514160156
2026-07-20,83.2344741821289,81.46566009521484,106.24211883544922,94.8930435180664,78.86283874511719
2026-07-17,83.85954284667969,81.49547576904297,106.64865112304688,94.92272186279297,78.83314514160156
2026-07-16,83.55197143554688,81.50541687011719,106.58914947509766,95.02161407470703,78.98160552978516
2026-07-15,83.58174133300781,81.50541687011719,106.6684799194336,95.01172637939453,78.99150085449219
2026-07-14,83.4229965209961,81.43583679199219,106.3016128540039,94.8436050415039,78.86283874511719
2026-07-13,83.31385040283203,81.29668426513672,106.0537338256836,94.70513916015625,78.70448303222656
2026-07-10,83.80994415283203,81.38613891601562,106.54949188232422,94.8732681274414,78.89252471923828
2026-07-09,83.82978057861328,81.41596221923828,106.79737854003906,94.94249725341797,78.93212127685547
2026-07-08,83.7008056640625,81.34638214111328,106.7577133178711,94.8436050415039,78.84304809570312
2026-07-07,83.88932037353516,81.36626434326172,106.96593475341797,94.99195098876953,78.94202423095703
2026-07-06,84.78227996826172,81.48554229736328,107.74923706054688,95.0908432006836,79.05089569091797
2026-07-02,84.8418197631836,81.44578552246094,107.71949768066406,94.93260192871094,78.89252471923828
2026-07-01,84.85173797607422,81.34638214111328,107.54102325439453,94.82381439208984,78.77375793457031
2026-06-30,85.42918395996094,81.37818908691406,107.76708984375,94.78326416015625,78.78465270996094
2026-06-29,86.44738006591797,81.43765258789062,108.38957214355469,94.81277465820312,78.82405090332031
2026-06-26,86.35841369628906,81.45747375488281,108.19196319580078,94.6357421875,78.64672088623047
2026-06-25,86.34852600097656,81.35836029052734,108.19196319580078,94.69475555419922,78.69598388671875
2026-06-24,86.378173828125,81.33854675292969,108.10303497314453,94.60623168945312,78.66642761230469
2026-06-23,85.21170806884766,81.23944091796875,107.60900115966797,94.66524505615234,78.6861343383789
2026-06-22,85.10296630859375,81.17997741699219,107.48056030273438,94.71441650390625,78.75509643554688
2026-06-18,85.75540924072266,81.2592544555664,107.76708984375,94.80294036865234,78.82405090332031
2026-06-17,85.3402328491211,81.15023803710938,107.47067260742188,94.4783706665039,78.54821014404297
2026-06-16,85.20182800292969,81.39800262451172,107.81649780273438,94.84228515625,78.84375762939453
2026-06-15,84.73721313476562,81.37818908691406,107.68804931640625,94.86194610595703,78.8536148071289
2026-06-12,84.7866439819336,81.33854675292969,107.70780944824219,94.71441650390625,78.75509643554688
2026-06-11,84.99423217773438,81.35836029052734,107.7769775390625,94.69475555419922,78.75509643554688
2026-06-10,83.90684509277344,81.20970153808594,106.86797332763672,94.15380859375,78.29206085205078
2026-06-09,84.14409637451172,81.20970153808594,107.11498260498047,94.3406753540039,78.43983459472656
2026-06-08,83.64983367919922,81.17005920410156,106.76915740966797,94.22264862060547,78.36102294921875
2026-06-05,84.08477783203125,81.13041687011719,106.87784576416016,94.15380859375,78.25265502929688
2026-06-04,84.51973724365234,81.29889678955078,107.54972076416016,94.56688690185547,78.64672088623047
2026-06-03,84.33191680908203,81.23944091796875,107.32247161865234,94.41936492919922,78.49894714355469
2026-06-02,84.66802215576172,81.27908325195312,107.61888885498047,94.62590789794922,78.71568298339844
2026-06-01,84.49008178710938,81.27908325195312,107.6287612915039,94.58656311035156,78.65657043457031
2026-05-29,84.44461059570312,81.3256607055664,107.64556884765625,94.66229248046875,78.71666717529297
2026-05-28,84.42491149902344,81.2861328125,107.54713439941406,94.51555633544922,78.63826751708984
2026-05-27,83.99166870117188,81.2466049194336,107.22230529785156,94.41773223876953,78.54024505615234
2026-05-26,83.79473114013672,81.23672485351562,107.07466125488281,94.45686340332031,78.5892562866211
2026-05-22,83.38117218017578,81.14779663085938,106.67108154296875,94.15361785888672,78.3246078491211
2026-05-21,82.92822265625,81.16754913330078,106.4742202758789,94.10470581054688,78.31480407714844
2026-05-20,82.62298583984375,81.17742919921875,106.2576675415039,94.02645874023438,78.27559661865234
2026-05-19,81.74662780761719,81.06873321533203,105.44068145751953,93.4590835571289,77.77571868896484
2026-05-18,82.2783432006836,81.12802124023438,105.97222137451172,93.68406677246094,77.96195220947266
2026-05-15,82.37681579589844,81.0885009765625,106.16908264160156,93.63516235351562,77.88353729248047
2026-05-14,83.61749267578125,81.18732452392578,106.84827423095703,94.02645874023438,78.26580047607422
2026-05-13,83.49933624267578,81.21695709228516,106.91716766357422,94.08513641357422,78.3246078491211
2026-05-12,83.68641662597656,81.18732452392578,106.85810089111328,94.08513641357422,78.28540802001953
2026-05-11,84.24767303466797,81.2466049194336,107.22230529785156,94.22209167480469,78.3932113647461
2026-05-08,84.75969696044922,81.3256607055664,107.48806762695312,94.41773223876953,78.550048828125
2026-05-07,84.33629608154297,81.2564926147461,107.0352783203125,94.10470581054688,78.27559661865234
2026-05-06,84.75969696044922,81.3256607055664,107.47823333740234,94.43730163574219,78.56964874267578
2026-05-05,84.11967468261719,81.21695709228516,106.94670104980469,94.12427520751953,78.33440399169922
2026-05-04,83.65687561035156,81.17742919921875,106.55296325683594,94.00688171386719,78.21678924560547
2026-05-01,84.29692077636719,81.2762451171875,106.8974838256836,94.30035400390625,78.47164154052734
2026-04-30,83.99658203125,81.26339721679688,106.7252197265625,94.20545959472656,78.37459564208984
2026-04-29,84.07506561279297,81.17472839355469,106.60757446289062,93.88441467285156,78.1308364868164
2026-04-28,84.73236846923828,81.2831039428711,107.20565795898438,94.17628479003906,78.39409637451172
2026-04-27,84.64407348632812,81.33235931396484,107.1566390991211,94.28329467773438,78.5013656616211
2026-04-24,85.06591796875,81.35206604003906,107.46058654785156,94.26384735107422,78.47211456298828
2026-04-23,84.90895080566406,81.26339721679688,107.38214111328125,94.1178970336914,78.3648452758789
2026-04-22,85.09534454345703,81.30281066894531,107.67628479003906,94.28329467773438,78.4916000366211
2026-04-21,84.92857360839844,81.26339721679688,107.47039031982422,94.12763977050781,78.3648452758789
2026-04-20,85.39947509765625,81.38162994384766,107.88219451904297,94.36112976074219,78.56961059570312
2026-04-17,85.41909790039062,81.42103576660156,107.89200592041016,94.44869232177734,78.63786315917969
2026-04-16,84.64407348632812,81.26339721679688,107.29390716552734,94.08871459960938,78.34534454345703
2026-04-15,85.18364715576172,81.29296875,107.79396057128906,94.18600463867188,78.45259857177734
2026-04-14,85.55643463134766,81.31266021728516,107.83316802978516,94.24437713623047,78.4916000366211
2026-04-13,85.10515594482422,81.25354766845703,107.48019409179688,93.96224212646484,78.2575912475586
2026-04-10,84.85009002685547,81.1944351196289,107.06838989257812,93.63145446777344,77.96508026123047
2026-04-09,85.05609893798828,81.2239990234375,107.35272979736328,93.95250701904297,78.27709197998047
2026-04-08,85.27194213867188,81.20427703857422,107.35272979736328,93.86495971679688,78.18933868408203
2026-04-07,84.99724578857422,81.12545776367188,106.94092559814453,93.32012176513672,77.73106384277344
2026-04-06,85.0070571899414,81.06634521484375,106.8232650756836,93.31040954589844,77.7115707397461
2026-04-02,85.14440155029297,81.14517211914062,106.98995971679688,93.12554931640625,77.57505798339844
2026-04-01,84.62445831298828,81.10576629638672,106.53893280029297,92.88232421875,77.38980865478516
2026-03-31,84.70783996582031,81.10871887207031,106.42520141601562,92.61478424072266,77.20063781738281
2026-03-30,84.7957763671875,81.03995513916016,105.76119995117188,91.68592071533203,76.47286987304688
2026-03-27,83.68185424804688,80.9319076538086,105.08744812011719,91.58917236328125,76.38554382324219
2026-03-26,84.14110565185547,80.7649154663086,105.34130859375,91.86975860595703,76.5796127319336
2026-03-25,84.85440826416016,80.94173431396484,106.17131805419922,92.4502944946289,77.06478881835938
2026-03-24,84.04338836669922,80.85330963134766,105.79048156738281,92.14067840576172,76.82219696044922
2026-03-23,84.4146957397461,80.97119903564453,106.00531005859375,92.40192413330078,77.08419799804688
2026-03-20,83.86750030517578,80.85330963134766,105.31201934814453,91.86975860595703,76.5796127319336
2026-03-19,85.48954772949219,81.0301284790039,106.62049102783203,92.68251037597656,77.29767608642578
2026-03-18,84.97166442871094,81.0497817993164,106.15177917480469,92.47932434082031,77.0453872680664
2026-03-17,85.45045471191406,81.19712829589844,106.7279052734375,92.91471099853516,77.44322204589844
2026-03-16,85.2159423828125,81.18730163574219,106.13226318359375,92.54705047607422,77.09388732910156
2026-03-13,84.561279296875,81.08906555175781,105.6244888305664,92.16001892089844,76.85131072998047
2026-03-12,84.9814453125,81.03995513916016,106.01507568359375,92.37288665771484,76.99686431884766
2026-03-11,85.1475601196289,81.17748260498047,106.59120178222656,92.99212646484375,77.49174499511719
2026-03-10,86.26148223876953,81.25606536865234,107.47000885009766,93.18563079833984,77.6664047241211
2026-03-09,87.18976593017578,81.30517578125,108.2121353149414,93.3017578125,77.79254150390625
2026-03-06,86.43737030029297,81.26588439941406,107.56767272949219,92.79861450195312,77.3267822265625
2026-03-05,86.75982666015625,81.22660064697266,107.928955078125,93.25336456298828,77.70521545410156
2026-03-04,87.1115951538086,81.28553771972656,108.35860443115234,93.65975189208984,78.0157241821289
2026-03-03,87.38520050048828,81.33464813232422,108.2609634399414,93.33076477050781,77.7440414428711
2026-03-02,87.56107330322266,81.34446716308594,108.30978393554688,93.54362487792969,77.89928436279297
2026-02-27,88.44929504394531,81.4888687133789,108.67792510986328,93.5871810913086,77.94391632080078
2026-02-26,87.91364288330078,81.38109588623047,108.71683502197266,93.80851745605469,78.06944274902344
2026-02-25,87.56304931640625,81.35172271728516,108.64871978759766,93.885498046875,78.13704681396484
2026-02-24,87.55331420898438,81.37129974365234,108.67792510986328,93.7219009399414,78.03082275390625
2026-02-23,87.39747619628906,81.37129974365234,108.70709991455078,93.8277587890625,78.0887680053711
2026-02-20,87.07610321044922,81.302734375,108.59032440185547,93.9432373046875,78.21429443359375
2026-02-19,87.28060913085938,81.29293823242188,108.67792510986328,93.8758773803711,78.1563491821289
2026-02-18,87.19296264648438,81.29293823242188,108.59032440185547,93.85663604736328,78.12738037109375
2026-02-17,87.52409362792969,81.34191131591797,108.69737243652344,93.7219009399414,78.03082275390625
2026-02-13,87.37800598144531,81.37129974365234,108.59032440185547,93.80851745605469,78.06944274902344
2026-02-12,86.90078735351562,81.24394226074219,108.23027801513672,93.7026596069336,78.01151275634766
2026-02-11,85.7613296508789,81.16558074951172,107.7242660522461,93.80851745605469,78.05013275146484
2026-02-10,86.21907043457031,81.24394226074219,107.84103393554688,93.8181381225586,78.05978393554688
2026-02-09,85.23542785644531,81.19496154785156,107.5880126953125,93.86626434326172,78.13704681396484
2026-02-06,85.2549057006836,81.17537689208984,107.5880126953125,93.73153686523438,78.03082275390625
2026-02-05,85.19647979736328,81.17537689208984,107.52962493896484,93.40433502197266,77.76044464111328
2026-02-04,84.28102111816406,81.04801177978516,107.01388549804688,93.45245361328125,77.84735870361328
2026-02-03,84.49526977539062,81.00883483886719,107.15010833740234,93.62567138671875,77.94391632080078
2026-02-02,84.29075622558594,81.01862335205078,107.10145568847656,93.71227264404297,77.99219512939453
2026-01-30,84.53227996826172,81.05780029296875,107.20072174072266,93.59680938720703,77.94488525390625
2026-01-29,85.00767517089844,80.98943328857422,107.30738067626953,93.53939819335938,77.85840606689453
2026-01-28,84.9882583618164,80.96014404296875,107.27828979492188,93.52982330322266,77.8680191040039
2026-01-27,85.18231201171875,80.96014404296875,107.43341064453125,93.68292236328125,77.99293518066406
2026-01-26,85.71588897705078,80.94060516357422,107.54975891113281,93.6924819946289,78.00253295898438
2026-01-23,85.30843353271484,80.91130065917969,107.46248626708984,93.6446533203125,77.96410369873047
2026-01-22,85.07559967041016,80.88199615478516,107.39462280273438,93.6924819946289,78.00253295898438
2026-01-21,84.70691680908203,80.91130065917969,107.19102478027344,93.63507843017578,77.94488525390625
2026-01-20,84.06658935546875,80.87223815917969,106.55113983154297,93.3767318725586,77.71427154541016
2026-01-16,85.18231201171875,80.86247253417969,107.20072174072266,93.59680938720703,77.91605377197266
2026-01-15,85.67708587646484,80.88199615478516,107.5109634399414,93.52025604248047,77.8680191040039
2026-01-14,85.69651794433594,80.94060516357422,107.6467056274414,93.52025604248047,77.8680191040039
2026-01-13,85.20170593261719,80.92106628417969,107.375244140625,93.4915542602539,77.8680191040039
2026-01-12,85.05616760253906,80.90155029296875,107.1425552368164,93.46284484863281,77.8680191040039
2026-01-09,85.30843353271484,80.90155029296875,107.26859283447266,93.47241973876953,77.82958221435547
2026-01-08,84.74571990966797,80.93083190917969,106.88077545166016,93.3767318725586,77.77192687988281
2026-01-07,85.17259979248047,80.96014404296875,107.18133544921875,93.3001937866211,77.71427154541016
2026-01-06,84.67781066894531,80.96990966796875,107.103759765625,93.32889556884766,77.7334976196289
2026-01-05,84.8524398803711,80.96014404296875,107.103759765625,93.29061889648438,77.71427154541016
2026-01-02,84.43524932861328,80.93083190917969,106.80323028564453,93.0418472290039,77.51250457763672
2025-12-31,84.56139373779297,80.89176177978516,106.83231353759766,93.01313018798828,77.47406768798828
2025-12-30,85.24050903320312,80.92106628417969,107.28797912597656,93.0992431640625,77.55093383789062
2025-12-29,85.44424438476562,80.90155029296875,107.41401672363281,92.9939956665039,77.47406768798828
2025-12-26,85.12408447265625,80.86247253417969,107.26859283447266,92.96530151367188,77.44524383544922
2025-12-24,85.40544128417969,80.80386352539062,107.27828979492188,93.01313018798828,77.48365783691406
2025-12-23,84.89125061035156,80.7550277709961,106.86139678955078,92.8026351928711,77.33954620361328
2025-12-22,84.75542449951172,80.79410552978516,106.75472259521484,92.72608947753906,77.28189086914062
2025-12-19,84.93976593017578,80.83316802978516,106.77413177490234,92.63998413085938,77.21463775634766
2025-12-18,85.25796508789062,80.84781646728516,107.04947662353516,92.6686782836914,77.25211334228516
2025-12-17,84.85208892822266,80.78939056396484,106.64387512207031,92.40937805175781,77.04170227050781
2025-12-16,84.92938995361328,80.7796630859375,106.759765625,92.51409149169922,77.13734436035156
2025-12-15,84.46551513671875,80.7406997680664,106.5183334350586,92.50457000732422,77.08953094482422
2025-12-12,84.40751647949219,80.69203186035156,106.39278411865234,92.40937805175781,77.05126953125
2025-12-11,85.2289810180664,80.68228149414062,107.03981018066406,92.59977722167969,77.1947250366211
2025-12-10,85.34494018554688,80.67255401611328,107.1943359375,92.60930633544922,77.20429229736328
2025-12-09,85.01636505126953,80.5362319946289,106.70182037353516,92.2856216430664,76.94608306884766
2025-12-08,84.92938995361328,80.57518005371094,106.8370132446289,92.41889953613281,77.03215789794922
2025-12-05,85.20965576171875,80.59464263916016,107.05912017822266,92.61881256103516,77.22341918945312
2025-12-04,85.60588073730469,80.62386322021484,107.16536712646484,92.61881256103516,77.22341918945312
2025-12-03,86.06977081298828,80.68228149414062,107.3584976196289,92.59025573730469,77.16605377197266
2025-12-02,85.82817077636719,80.63359069824219,107.11707305908203,92.44745635986328,77.0990982055664
2025-12-01,85.78950500488281,80.58490753173828,107.04947662353516,92.3046646118164,76.95564270019531
2025-11-28,86.87094116210938,80.65404510498047,107.62600708007812,92.45887756347656,77.09429931640625
2025-11-26,87.28502655029297,80.65404510498047,107.80882263183594,92.38311767578125,77.05622863769531
2025-11-25,86.89983367919922,80.66376495361328,107.44319152832031,92.24109649658203,76.98009490966797
2025-11-24,86.67835235595703,80.61521911621094,107.14493560791016,91.88131713867188,76.71354675292969
2025-11-21,86.18722534179688,80.60550689697266,106.72159576416016,91.6161880493164,76.50414276123047
2025-11-20,85.92721557617188,80.5084228515625,106.34635162353516,91.34159851074219,76.24712371826172
2025-11-19,85.59017181396484,80.44047546386719,106.20203399658203,91.36054229736328,76.29471588134766
2025-11-18,85.76350402832031,80.45018768310547,106.19239807128906,91.28479766845703,76.25664520263672
2025-11-17,85.79238891601562,80.40164184570312,106.1443099975586,91.33213806152344,76.23759460449219
2025-11-14,85.5805435180664,80.4113540649414,106.07694244384766,91.49311065673828,76.36134338378906
2025-11-13,86.07164764404297,80.38223266601562,106.36559295654297,91.46470642089844,76.34231567382812
2025-11-12,86.78427124023438,80.43075561523438,106.89476776123047,91.87183380126953,76.65644073486328
2025-11-11,86.63020324707031,80.45988464355469,107.0006103515625,92.08961486816406,76.80874633789062
2025-11-10,86.23536682128906,80.39192962646484,106.57725524902344,91.92864990234375,76.72306823730469
2025-11-07,86.25463104248047,80.4113540649414,106.51953125,91.6161880493164,76.46605682373047
2025-11-06,86.43759155273438,80.37252044677734,106.73121643066406,91.55936431884766,76.39942169189453
2025-11-05,85.6672134399414,80.27543640136719,106.17314910888672,91.51204681396484,76.3708724975586
2025-11-04,86.6109390258789,80.33367919921875,106.49068450927734,91.42681884765625,76.29471588134766
2025-11-03,86.41835021972656,80.30455780029297,106.34635162353516,91.44577026367188,76.28520202636719
2025-10-31,86.63500213623047,80.30164337158203,106.63307189941406,91.70802307128906,76.5231704711914
2025-10-30,86.89408111572266,80.27262115478516,107.06448364257812,91.70802307128906,76.5231704711914
2025-10-29,87.4026107788086,80.26294708251953,107.63967895507812,91.92461395263672,76.66522216796875
2025-10-28,88.29497528076172,80.41778564453125,108.25322723388672,92.19770812988281,76.90199279785156
2025-10-27,88.06468200683594,80.40809631347656,108.24363708496094,92.30127716064453,76.9777603149414
2025-10-24,87.76725006103516,80.4274673461914,108.0615005493164,92.03762817382812,76.78834533691406
2025-10-23,87.7288589477539,80.37905883789062,107.87934112548828,91.7645263671875,76.57999420166016
2025-10-22,88.33336639404297,80.43714904785156,108.0135498046875,91.59503936767578,76.40953063964844
2025-10-21,88.27578735351562,80.43714904785156,107.90809631347656,91.68920135498047,76.48529815673828
2025-10-20,87.843994140625,80.41778564453125,107.888916015625,91.7645263671875,76.59894561767578
2025-10-17,87.5081787109375,80.40809631347656,107.56297302246094,91.56678771972656,76.44740295410156
2025-10-16,87.64250183105469,80.41778564453125,107.77388000488281,91.37846374511719,76.24853515625
2025-10-15,86.99002838134766,80.31133270263672,107.46712493896484,91.66094970703125,76.5231704711914
2025-10-14,87.18194580078125,80.35002899169922,107.46712493896484,91.32196044921875,76.27693176269531
2025-10-13,86.9036636352539,80.40809631347656,107.11241149902344,91.26544952392578,76.19170379638672
2025-10-10,86.95164489746094,80.25326538085938,106.74810028076172,90.71929168701172,75.71815490722656
2025-10-09,85.56993865966797,80.11778259277344,106.45092010498047,91.28429412841797,76.16329956054688
2025-10-08,85.63711547851562,80.1274642944336,106.66183471679688,91.56678771972656,76.381103515625
2025-10-07,85.56993865966797,80.13713073730469,106.7960433959961,91.6986083984375,76.49475860595703
2025-10-06,85.08058166503906,80.09841918945312,106.5947265625,91.80218505859375,76.57999420166016
2025-10-03,85.76183319091797,80.11778259277344,106.93984985351562,91.78336334228516,76.56105041503906
2025-10-02,85.92495727539062,80.14681243896484,107.07405090332031,91.8963623046875,76.64628601074219
2025-10-01,85.67548370361328,80.1274642944336,106.90149688720703,91.94345092773438,76.67471313476562
2025-09-30,85.45479583740234,80.03456115722656,106.47393035888672,91.76640319824219,76.53170776367188
2025-09-29,85.70339965820312,79.99596405029297,106.57898712158203,91.83196258544922,76.55997467041016
2025-09-26,85.00540161132812,79.9670181274414,106.22557830810547,91.63530731201172,76.42800903320312
2025-09-25,85.08190155029297,79.91879272460938,106.08230590820312,91.46673583984375,76.27718353271484
2025-09-24,85.08190155029297,79.98632049560547,106.27334594726562,91.75706481933594,76.4939956665039
2025-09-23,85.406982421875,80.02490997314453,106.70317077636719,91.89752197265625,76.59768676757812
2025-09-22,84.81414794921875,79.99596405029297,106.49303436279297,91.9537124633789,76.65425109863281
2025-09-19,85.12013244628906,80.03456115722656,106.73181915283203,91.86006164550781,76.59768676757812
2025-09-18,85.28268432617188,80.00563049316406,106.81779479980469,91.79451751708984,76.56940460205078
2025-09-17,86.17192840576172,80.03456115722656,107.0374755859375,91.58847045898438,76.39973449707031
2025-09-16,86.39186096191406,80.07315063476562,107.22852325439453,91.70085906982422,76.47513580322266
2025-09-15,86.2101821899414,80.03456115722656,107.32403564453125,91.76640319824219,76.53170776367188
2025-09-12,86.00938415527344,80.00563049316406,106.98973846435547,91.48546600341797,76.31490325927734
2025-09-11,86.38229370117188,80.01526641845703,107.1807632446289,91.56039428710938,76.39030456542969
2025-09-10,85.80858612060547,79.98632049560547,106.6840591430664,91.29816436767578,76.20177459716797
2025-09-09,85.32093811035156,79.9766616821289,106.36886596679688,91.21389770507812,76.14522552490234
2025-09-08,85.80858612060547,80.0442123413086,106.55989837646484,91.32626342773438,76.23006439208984
2025-09-05,84.68029022216797,79.99596405029297,106.18737030029297,91.31690216064453,76.23006439208984
2025-09-04,83.4085464477539,79.88019561767578,105.49964904785156,91.22325897216797,76.19234466552734
2025-09-03,82.77745819091797,79.82231903076172,104.78327178955078,90.97039031982422,75.9849853515625
2025-09-02,81.8786392211914,79.76443481445312,104.16239166259766,90.689453125,75.77760314941406
2025-08-29,82.49252319335938,79.80494689941406,104.51199340820312,90.82149505615234,75.8595962524414
2025-08-28,83.08311462402344,79.73763275146484,104.89273834228516,90.97982788085938,76.00032806396484
2025-08-27,82.54014587402344,79.76648712158203,104.73091888427734,90.97052001953125,75.96280670166016
2025-08-26,82.63539123535156,79.7087631225586,104.6928482055664,90.830810546875,75.86898803710938
2025-08-25,82.68303680419922,79.64144897460938,104.61668395996094,90.63520812988281,75.70011901855469
2025-08-22,82.92117309570312,79.67992401123047,104.89273834228516,90.74700164794922,75.85021209716797
2025-08-21,82.31153869628906,79.50682067871094,104.07415008544922,89.99254608154297,75.24041748046875
2025-08-20,82.72112274169922,79.57414245605469,104.47390747070312,90.15088653564453,75.38114166259766
2025-08-19,82.54014587402344,79.5452880859375,104.42633056640625,90.21609497070312,75.40928649902344
2025-08-18,82.0638656616211,79.50682067871094,104.2645034790039,90.22540283203125,75.42804718017578
2025-08-15,82.30200958251953,79.50682067871094,104.45487976074219,90.27196502685547,75.48434448242188
2025-08-14,82.8926010131836,79.53565216064453,104.588134765625,90.24402618408203,75.42804718017578
2025-08-13,83.51175689697266,79.6222152709961,104.94984436035156,90.50482940673828,75.62505340576172
2025-08-12,82.82591247558594,79.51643371582031,104.39778900146484,90.24402618408203,75.42804718017578
2025-08-11,83.24504089355469,79.45872497558594,104.30259704589844,90.06706237792969,75.25918579101562
2025-08-08,83.14978790283203,79.45872497558594,104.14079284667969,90.08568572998047,75.25918579101562
2025-08-07,83.51175689697266,79.47795867919922,104.47390747070312,90.06706237792969,75.24980163574219
2025-08-06,83.65465545654297,79.51643371582031,104.57862854003906,90.13225555419922,75.32484436035156
2025-08-05,84.14046478271484,79.48757934570312,104.60716247558594,90.01118469238281,75.24980163574219
2025-08-04,83.88327026367188,79.51643371582031,104.53105163574219,90.07636260986328,75.28732299804688
2025-08-01,83.65465545654297,79.49720001220703,104.35017395019531,89.74105072021484,75.0340347290039
2025-07-31,82.4820327758789,79.10287475585938,103.43260955810547,89.74198150634766,75.03025817871094
2025-07-30,82.43460083007812,79.10287475585938,103.40415954589844,89.70494079589844,74.9836196899414
2025-07-29,82.86161804199219,79.18915557861328,103.79283142089844,89.8624038696289,75.14229583740234
2025-07-28,81.48565673828125,79.12205505371094,103.11030578613281,89.84387969970703,75.09561920166016
2025-07-25,82.0170669555664,79.13163757324219,103.31884765625,89.88092803955078,75.1329574584961
2025-07-24,81.504638671875,79.08370208740234,102.98706817626953,89.78831481933594,75.08628845214844
2025-07-23,81.64698028564453,79.15081024169922,103.13875579833984,89.91798400878906,75.17962646484375
2025-07-22,82.10246276855469,79.21791076660156,103.29988861083984,89.85316467285156,75.14229583740234
2025-07-21,81.6090087890625,79.160400390625,103.05341339111328,89.68643188476562,75.0116195678711
2025-07-18,80.88783264160156,79.11246490478516,102.6552734375,89.5660171508789,74.908935546875
2025-07-17,80.76445007324219,79.04539489746094,102.46566772460938,89.43634796142578,74.80623626708984
2025-07-16,80.7834243774414,79.0741195678711,102.21920776367188,89.3251953125,74.7315673828125
2025-07-15,80.66956329345703,78.96866607666016,102.05806732177734,89.12142181396484,74.53553771972656
2025-07-14,81.23893737792969,79.04539489746094,102.4277572631836,89.4085464477539,74.75956726074219
2025-07-11,81.40973663330078,79.0357894897461,102.4561996459961,89.3251953125,74.70357513427734
2025-07-10,82.54846954345703,79.05496978759766,103.08187103271484,89.48265075683594,74.79691314697266
2025-07-09,82.49152374267578,79.05496978759766,103.06291198730469,89.52896881103516,74.87157440185547
2025-07-08,81.63748168945312,78.98783874511719,102.47516632080078,89.29741668701172,74.6662368774414
2025-07-07,81.74186706542969,78.97825622558594,102.76904296875,89.43634796142578,74.76891326904297
2025-07-03,82.52948760986328,78.9974365234375,103.38521575927734,89.76052856445312,75.02093505859375
2025-07-02,83.10833740234375,79.08370208740234,103.63167572021484,89.70494079589844,74.97425842285156
2025-07-01,83.63973999023438,79.09329986572266,103.650634765625,89.52896881103516,74.8342514038086
2025-06-30,83.4328842163086,79.17573547363281,103.52550506591797,89.59379577636719,74.92854309082031
2025-06-27,82.61981201171875,79.11840057373047,102.95882415771484,89.28985595703125,74.64051818847656
2025-06-26,83.14924621582031,79.14707946777344,103.12882995605469,89.363525390625,74.67767333984375
2025-06-25,82.73329162597656,79.051513671875,102.75102996826172,89.0780029296875,74.4640121459961
2025-06-24,82.62928771972656,79.04195404052734,102.87382507324219,89.05035400390625,74.48257446289062
2025-06-23,82.03367614746094,78.9750747680664,102.39212799072266,88.81088256835938,74.27820587158203
2025-06-20,81.76895904541016,78.86996459960938,102.13711547851562,88.63587951660156,74.13883209228516
2025-06-18,81.92021179199219,78.8126220703125,102.0521011352539,88.36876678466797,73.90655517578125
2025-06-17,81.77840423583984,78.7744140625,101.97654724121094,88.23060607910156,73.79507446289062
2025-06-16,80.79517364501953,78.73619079589844,101.62709045410156,88.35034942626953,73.87869262695312
2025-06-13,81.61770629882812,78.74574279785156,101.80652618408203,88.147705078125,73.73004150390625
2025-06-12,82.41183471679688,78.80307006835938,102.42045593261719,88.42401885986328,73.95301818847656
2025-06-11,81.43805694580078,78.73619079589844,101.85376739501953,88.31349182128906,73.8694076538086
2025-06-10,81.19224548339844,78.6119613647461,101.53263092041016,88.35955810546875,73.88796997070312
2025-06-09,80.7762680053711,78.6119613647461,101.28705596923828,88.16612243652344,73.71147155761719
2025-06-06,80.69116973876953,78.55464172363281,100.98484802246094,88.07402038574219,73.67431640625
2025-06-05,81.73113250732422,78.68840789794922,101.59877014160156,88.06480407714844,73.68360137939453
2025-06-04,81.6744155883789,78.7744140625,101.91043853759766,88.2490234375,73.84154510498047
2025-06-03,80.36974334716797,78.63108825683594,101.17372131347656,88.04638671875,73.70218658447266
2025-06-02,80.51154327392578,78.65018463134766,101.12651824951172,87.84374237060547,73.56282043457031
2025-05-30,81.26787567138672,78.71515655517578,101.41362762451172,87.84741973876953,73.57582092285156
2025-05-29,81.14545440673828,78.61992645263672,101.12191009521484,87.7466812133789,73.51109313964844
2025-05-28,80.40132904052734,78.5342025756836,100.67023468017578,87.63674926757812,73.40013885498047
2025-05-27,80.74981689453125,78.59133911132812,100.91487884521484,87.68257141113281,73.44637298583984
2025-05-23,79.63838958740234,78.5627670288086,100.01150512695312,87.12383270263672,73.0025405883789
2025-05-22,79.50652313232422,78.51516723632812,99.93620300292969,87.16047668457031,73.02102661132812
2025-05-21,79.0920639038086,78.46753692626953,99.42808532714844,87.013916015625,72.87306213378906
2025-05-20,80.46725463867188,78.51516723632812,100.54788208007812,87.6001205444336,73.3631591796875
2025-05-19,81.05123901367188,78.50563049316406,100.7925796508789,87.63674926757812,73.40013885498047
2025-05-16,81.28671264648438,78.47708129882812,100.78314208984375,87.69171905517578,73.4371109008789
2025-05-15,81.07007598876953,78.4961166381836,100.59495544433594,87.58182525634766,73.35391235351562
2025-05-14,80.36363983154297,78.3437271118164,99.87977600097656,87.42609405517578,73.2152099609375
2025-05-13,80.90055084228516,78.40087127685547,100.3879165649414,87.7466812133789,73.48335266113281
2025-05-12,81.23020935058594,78.419921875,100.30321502685547,87.6092758178711,73.35391235351562
2025-05-09,81.99315643310547,78.5627670288086,100.32205200195312,86.60174560546875,72.63267517089844
2025-05-08,81.87068939208984,78.52469635009766,100.35968780517578,86.58343505859375,72.58641815185547
2025-05-07,82.79376983642578,78.68659210205078,100.86784362792969,86.55596160888672,72.60491943359375
2025-05-06,82.44526672363281,78.65800476074219,100.66081237792969,86.53763580322266,72.54017639160156
2025-05-05,82.172119140625,78.59133911132812,100.46321105957031,86.58343505859375,72.59567260742188
2025-05-02,82.6336441040039,78.60087585449219,100.60433959960938,86.62006378173828,72.62340545654297
2025-05-01,83.53790283203125,78.75325012207031,100.8489990234375,86.37277221679688,72.4014892578125
2025-04-30,83.96361541748047,78.91612243652344,101.20472717285156,86.26376342773438,72.30810546875
2025-04-29,84.64868927001953,78.81169891357422,101.68273162841797,86.77381896972656,72.6944808959961
2025-04-28,83.9448471069336,78.76420593261719,101.44840240478516,86.55522918701172,72.50130462646484
2025-04-25,83.41932678222656,78.65028381347656,101.21410369873047,86.54613494873047,72.46449279785156
2025-04-24,82.809326171875,78.58381652832031,100.67985534667969,86.39128112792969,72.40009307861328
2025-04-23,81.9459457397461,78.48887634277344,99.65825653076172,85.65351867675781,71.75614166259766
2025-04-22,81.15765380859375,78.54584503173828,99.21773529052734,85.16167449951172,71.3973617553711
2025-04-21,80.7071762084961,78.51736450195312,98.97406005859375,84.8428955078125,71.12136840820312
2025-04-17,82.14300537109375,78.5648422241211,100.0519027709961,85.36206817626953,71.5445327758789
2025-04-16,82.87501525878906,78.5363540649414,100.1925048828125,84.81555938720703,71.13056182861328
2025-04-15,82.41517639160156,78.4319076538086,99.77072143554688,84.88842010498047,71.1397705078125
2025-04-14,82.12425231933594,78.4319076538086,99.23646545410156,84.64251708984375,70.94657135009766
2025-04-11,81.54241180419922,78.26101684570312,98.62727355957031,84.15065002441406,70.59700012207031
2025-04-10,81.10133361816406,78.40342712402344,98.64601135253906,83.95028686523438,70.38540649414062
2025-04-09,83.40054321289062,78.4129409790039,100.3518295288086,85.33473205566406,71.55372619628906
2025-04-08,82.91255950927734,78.46039581298828,98.70225524902344,83.0941162109375,69.68624877929688
2025-04-07,84.50794219970703,78.50785827636719,99.9675521850586,83.44022369384766,70.00821685791016
2025-04-04,87.13561248779297,78.49837493896484,101.95452880859375,84.205322265625,70.61540222167969
2025-04-03,86.19715881347656,78.54584503173828,102.06700897216797,85.52600860595703,71.63653564453125
2025-04-02,85.80299377441406,78.25151824951172,102.07636260986328,86.7100830078125,72.5380859375
2025-04-01,85.85930633544922,78.3084945678711,101.842041015625,86.54613494873047,72.39089965820312
2025-03-31,85.12167358398438,78.280029296875,101.4793472290039,86.31659698486328,72.22347259521484
2025-03-28,84.28945922851562,78.22323608398438,101.28326416015625,86.2350845336914,72.14107513427734
2025-03-27,83.13927459716797,78.08130645751953,100.6763916015625,86.39811706542969,72.26924896240234
2025-03-26,83.38240814208984,78.04344940185547,100.79776000976562,86.56114196777344,72.40656280517578
2025-03-25,83.93412017822266,78.06237030029297,101.20858001708984,86.9777603149414,72.69951629638672
2025-03-24,83.94345092773438,78.03398132324219,101.10588073730469,87.06835174560547,72.73612976074219
2025-03-21,84.81310272216797,78.13807678222656,101.5447006225586,86.73322296142578,72.52558135986328
2025-03-20,85.31805419921875,78.09077453613281,101.68475341796875,86.82382202148438,72.63544464111328
2025-03-19,85.26195526123047,78.07183837890625,101.83413696289062,86.93250274658203,72.73612976074219
2025-03-18,84.82244873046875,77.95829010009766,101.23658752441406,86.41622924804688,72.26008605957031
2025-03-17,84.73827362060547,77.95829010009766,100.99384307861328,86.57018280029297,72.38825225830078
2025-03-14,84.31748962402344,77.98667907714844,100.78843688964844,86.34378814697266,72.21432495117188
2025-03-13,84.76634216308594,78.04344940185547,100.8351058959961,85.91808319091797,71.8847427368164
2025-03-12,84.02761840820312,77.98667907714844,100.51766967773438,86.40717315673828,72.28753662109375
2025-03-11,84.53256225585938,78.04344940185547,100.81645202636719,86.32565307617188,72.20516204833984
2025-03-10,85.14038848876953,78.09077453613281,101.4793472290039,86.71513366699219,72.46150207519531
2025-03-07,84.26139831542969,77.94882202148438,101.13390350341797,87.05024719238281,72.73612976074219
2025-03-06,84.53256225585938,77.95829010009766,101.29261016845703,86.9234390258789,72.61711883544922
2025-03-05,84.81310272216797,77.9109878540039,101.61005401611328,87.23137664794922,72.89178466796875
2025-03-04,85.4957046508789,77.99613952636719,101.93683624267578,87.19514465332031,72.85515594482422
2025-03-03,86.56172943115234,77.98667907714844,102.27296447753906,87.29478454589844,72.86429595947266
2025-02-28,86.15963745117188,77.9365234375,101.95085144042969,87.48680114746094,73.01627349853516
2025-02-27,85.11560821533203,77.79502868652344,101.50439453125,87.24359130859375,72.81582641601562
2025-02-26,85.72151184082031,77.76673889160156,101.93223571777344,87.42375946044922,72.95250701904297
2025-02-25,85.21815490722656,77.73843383789062,101.71829223632812,87.34266662597656,72.85226440429688
2025-02-24,83.7733154296875,77.63467407226562,100.94629669189453,87.12648010253906,72.6700210571289
2025-02-21,83.53094482421875,77.57807922363281,100.68587493896484,87.04541015625,72.57890319824219
2025-02-20,82.53352355957031,77.44599914550781,100.33242797851562,87.1715087890625,72.71559143066406
2025-02-19,82.22591400146484,77.43657684326172,100.09059143066406,87.10847473144531,72.6700210571289
2025-02-18,82.12336730957031,77.37996673583984,100.03479766845703,87.03641510009766,72.6153564453125
2025-02-14,83.10214233398438,77.44599914550781,100.44404602050781,87.0904312133789,72.67913818359375
2025-02-13,82.66403198242188,77.34225463867188,100.05339813232422,86.98234558105469,72.59712219238281
2025-02-12,81.31240844726562,77.23847961425781,99.28137969970703,86.5949935913086,72.26910400390625
2025-02-11,82.43099975585938,77.34225463867188,99.82083892822266,86.79317474365234,72.42400360107422
2025-02-10,82.96232604980469,77.3611068725586,100.04410552978516,86.89225006103516,72.45133972167969
2025-02-07,83.21400451660156,77.32339477539062,100.01617431640625,86.69408416748047,72.30554962158203
2025-02-06,83.75467681884766,77.40827941894531,100.45333099365234,86.94631958007812,72.53334045410156
2025-02-05,83.79193878173828,77.43657684326172,100.63936614990234,87.05441284179688,72.64269256591797
2025-02-04,82.43099975585938,77.38939666748047,99.9417724609375,86.82019805908203,72.45133972167969
2025-02-03,82.1793212890625,77.31395721435547,99.74645233154297,86.5679702758789,72.2235336303711
2025-01-31,81.515625,77.36770629882812,99.58926391601562,86.6796875,72.31465148925781
2025-01-30,82.05433654785156,77.35831451416016,99.91361236572266,86.87676239013672,72.45977783203125
2025-01-29,81.74781799316406,77.31132507324219,99.69120788574219,86.69760131835938,72.32372283935547
2025-01-28,81.91503143310547,77.35831451416016,99.82095336914062,86.76925659179688,72.36907958984375
2025-01-27,81.97074890136719,77.33951568603516,99.9599609375,86.82299041748047,72.39627838134766
2025-01-24,81.01403045654297,77.2266845703125,99.27416229248047,86.7244644165039,72.34185028076172
2025-01-23,80.65179443359375,77.17967224121094,99.07953643798828,86.63487243652344,72.26021575927734
2025-01-22,81.28339385986328,77.17967224121094,99.21855163574219,86.50947570800781,72.16950988769531
2025-01-21,81.71066284179688,77.198486328125,99.53364562988281,86.6528091430664,72.26927947998047
2025-01-17,80.98616027832031,77.17028045654297,98.95905303955078,86.40196228027344,72.07879638671875
2025-01-16,80.84683227539062,77.1890869140625,98.87564849853516,86.33031463623047,72.01530456542969
2025-01-15,80.58676147460938,77.14207458496094,98.68103790283203,86.23176574707031,71.93368530273438
2025-01-14,79.22135162353516,76.97283172607422,97.5133285522461,85.44344329833984,71.30775451660156
2025-01-13,79.35139465332031,76.95403289794922,97.40211486816406,85.37178802490234,71.21704864501953
2025-01-10,79.37926483154297,76.93524169921875,97.68013763427734,85.40760803222656,71.23516845703125
2025-01-08,79.90869140625,77.07625579833984,98.2454605102539,85.88240051269531,71.60711669921875
2025-01-07,79.80651092529297,77.02924346923828,98.08790588378906,85.79280090332031,71.5163803100586
2025-01-06,80.71682739257812,77.07625579833984,98.5420150756836,86.05258178710938,71.75224304199219
2025-01-03,81.07904052734375,77.05745697021484,98.792236328125,85.95406341552734,71.62523651123047
2025-01-02,81.339111328125,77.05745697021484,99.0239486694336,85.77490234375,71.5163803100586
2024-12-31,81.11620330810547,77.07625579833984,99.0146484375,85.52406311035156,71.34406280517578
2024-12-30,81.5527572631836,77.02924346923828,99.26488494873047,85.5419692993164,71.35310363769531
2024-12-27,80.90255737304688,76.91641235351562,98.83857727050781,85.4792709350586,71.25333404541016
2024-12-26,81.57132720947266,76.89762115478516,99.25562286376953,85.70323181152344,71.49824523925781
2024-12-24,81.61779022216797,76.87881469726562,99.16294860839844,85.49720764160156,71.31682586669922
2024-12-23,81.27411651611328,76.8412094116211,98.85710906982422,85.27323150634766,71.09003448486328
2024-12-20,82.02648162841797,76.8882064819336,99.14442443847656,85.44344329833984,71.2805404663086
2024-12-19,81.56205749511719,76.87881469726562,98.75517272949219,84.89698791503906,70.8360595703125
2024-12-18,82.81600189208984,76.7942123413086,99.2927017211914,85.0134506225586,70.90863800048828
2024-12-17,83.86467742919922,76.93523406982422,100.53917694091797,85.90438842773438,71.644287109375
2024-12-16,83.66111755371094,76.92587280273438,100.52995300292969,86.05585479736328,71.79771423339844
2024-12-13,83.41131591796875,76.9164810180664,100.4006576538086,85.91328430175781,71.66234588623047
2024-12-12,84.27178955078125,76.95396423339844,100.96398162841797,86.18057250976562,71.8698959350586
2024-12-11,85.30803680419922,76.9914321899414,101.53655242919922,86.41221618652344,72.06842041015625
2024-12-10,86.12226867675781,77.01019287109375,101.81359100341797,86.3944091796875,72.0503921508789
2024-12-09,86.52938079833984,77.0195541381836,101.9705810546875,86.3944091796875,72.01429748535156
2024-12-06,87.33434295654297,77.04769134521484,102.22915649414062,86.5191421508789,72.10453033447266
2024-12-05,87.20481872558594,76.97270965576172,101.9982681274414,86.36769104003906,71.98722076416016
2024-12-04,87.02901458740234,76.97270965576172,102.02596282958984,86.43894958496094,72.0503921508789
2024-12-03,86.10376739501953,76.88838195800781,101.53655242919922,86.25186920166016,71.87893676757812
2024-12-02,86.85322570800781,76.87901306152344,101.8967056274414,86.23403930664062,71.87893676757812
2024-11-29,86.64503479003906,76.88369750976562,101.73692321777344,86.2750244140625,71.90507507324219
2024-11-27,85.75988006591797,76.79031372070312,101.11114501953125,86.080078125,71.76136016845703
2024-11-26,85.16975402832031,76.74359893798828,100.7430191040039,85.83194732666016,71.54574584960938
2024-11-25,85.5016860961914,76.74359893798828,101.0007095336914,85.99147033691406,71.68051147460938
2024-11-22,83.34410095214844,76.59417724609375,99.75833129882812,85.6458511352539,71.41100311279297
2024-11-21,83.29798126220703,76.6034927368164,99.66630554199219,85.6458511352539,71.428955078125
2024-11-20,83.362548828125,76.62220001220703,99.78592681884766,85.61927032470703,71.40203094482422
2024-11-19,83.62991333007812,76.65956115722656,100.02519226074219,85.67244720458984,71.41999053955078
2024-11-18,83.20579528808594,76.65956115722656,99.81353759765625,85.53067779541016,71.31217193603516
2024-11-15,83.05825805664062,76.6034927368164,99.62948608398438,85.3888931274414,71.17740631103516
2024-11-14,83.27955627441406,76.51943969726562,99.5834732055664,85.43317413330078,71.18639373779297
2024-11-13,82.80009460449219,76.63153839111328,99.611083984375,85.61042785644531,71.3391342163086
2024-11-12,83.59305572509766,76.51943969726562,99.98838806152344,85.54838562011719,71.32115936279297
2024-11-11,84.86548614501953,76.59417724609375,100.89949035644531,85.96487426757812,71.60863494873047
2024-11-08,85.2803955078125,76.65023040771484,101.09273529052734,86.01803588867188,71.68949127197266
2024-11-07,84.21082305908203,76.70623779296875,100.7430191040039,85.83194732666016,71.57270050048828
2024-11-06,83.1689224243164,76.57547760009766,99.56507873535156,85.45978546142578,71.26726531982422
2024-11-05,85.51089477539062,76.66888427734375,100.61418914794922,85.26483917236328,71.14148712158203
2024-11-04,85.05911254882812,76.68758392333984,100.13562774658203,85.0521469116211,70.94384002685547
2024-11-01,83.7590103149414,76.63153839111328,99.39939880371094,84.83946990966797,70.74620056152344
2024-10-31,84.95675659179688,76.65674591064453,99.94699096679688,84.86516571044922,70.74169158935547
2024-10-30,84.81893157958984,76.63812255859375,100.14875030517578,85.0238037109375,70.93836975097656
2024-10-29,84.57079315185547,76.70328521728516,100.27711486816406,85.19125366210938,71.06352233886719
2024-10-28,84.4421615600586,76.67536926269531,100.15789031982422,85.16480255126953,71.045654296875
2024-10-25,84.6718978881836,76.71258544921875,100.24042510986328,84.91806030273438,70.86685180664062
2024-10-24,85.14974212646484,76.74050903320312,100.47886657714844,85.05022430419922,70.93836975097656
2024-10-23,84.60757446289062,76.70328521728516,100.1762466430664,84.78587341308594,70.73278045654297
2024-10-22,84.83731079101562,76.74980163574219,100.51553344726562,85.06786346435547,70.94731140136719
2024-10-21,84.75459289550781,76.75914764404297,100.52471160888672,85.21766662597656,71.045654296875
2024-10-18,86.26166534423828,76.87081146240234,101.56095886230469,85.56136322021484,71.33168029785156
2024-10-17,86.19735717773438,76.8056640625,101.68017578125,85.31460571289062,71.16182708740234
2024-10-16,87.58494567871094,76.87081146240234,102.4413070678711,85.526123046875,71.26912689208984
2024-10-15,87.2173843383789,76.82427215576172,102.12034606933594,85.34986877441406,71.14395904541016
2024-10-14,86.1697769165039,76.78704833984375,101.62515258789062,85.34986877441406,71.16182708740234
2024-10-11,86.10543823242188,76.82427215576172,101.61597442626953,85.29698944091797,71.12606811523438
2024-10-10,86.45464324951172,76.75914764404297,101.63433074951172,85.10309600830078,70.93836975097656
2024-10-09,86.7946548461914,76.69398498535156,101.74434661865234,85.11192321777344,70.97412872314453
2024-10-08,87.2908935546875,76.76844024658203,101.94610595703125,85.2000503540039,71.01881408691406
2024-10-07,87.14385223388672,76.70328521728516,101.74434661865234,85.0238037109375,70.84898376464844
2024-10-04,87.80551147460938,76.8056640625,102.26705932617188,85.43797302246094,71.15290069580078
2024-10-03,88.8990249633789,77.0662612915039,102.82646179199219,85.5173110961914,71.23334503173828
2024-10-02,89.74449157714844,77.16867065429688,103.49589538574219,85.66709899902344,71.40318298339844
2024-10-01,90.5072250366211,77.18727111816406,103.72515869140625,85.6759262084961,71.39423370361328
2024-09-30,89.85844421386719,77.13794708251953,103.22904968261719,85.71294403076172,71.43001556396484
2024-09-27,90.28894805908203,77.24927520751953,103.48486328125,85.71294403076172,71.48335266113281
2024-09-26,89.82179260253906,77.128662109375,103.0737075805664,85.49381256103516,71.30546569824219
2024-09-25,89.61111450195312,77.20287322998047,103.0737075805664,85.45875549316406,71.1898193359375
2024-09-24,90.36223602294922,77.26781463623047,103.6858901977539,85.55517578125,71.26988983154297
2024-09-23,90.38053894042969,77.19361114501953,103.51228332519531,85.5113296508789,71.26099395751953
2024-09-20,90.5728988647461,77.19361114501953,103.65848541259766,85.66909790039062,71.39441680908203
2024-09-19,90.92098236083984,77.16575622558594,103.56710815429688,85.57267761230469,71.30546569824219
2024-09-18,91.2232666015625,77.10083770751953,103.4757308959961,85.38863372802734,71.09198760986328
2024-09-17,92.36824798583984,77.128662109375,103.9051513671875,85.2922134399414,71.02972412109375
2024-09-16,92.81707763671875,77.18433380126953,103.8960189819336,85.2396469116211,71.01193237304688
2024-09-13,91.974365234375,77.13794708251953,103.43917846679688,85.06433868408203,70.8340072631836
2024-09-12,91.72705078125,77.02662658691406,103.11939239501953,84.81015014648438,70.63832092285156
2024-09-11,92.15755462646484,77.01732635498047,103.19248962402344,84.7137222290039,70.54048156738281
2024-09-10,92.23084259033203,77.08228302001953,103.14679718017578,84.57349395751953,70.43370819091797
2024-09-09,91.58965301513672,76.97096252441406,102.86355590820312,84.7575454711914,70.5671615600586
2024-09-06,91.19577026367188,76.9616928100586,102.6351318359375,84.57349395751953,70.39811706542969
2024-09-05,91.2049331665039,76.82251739501953,102.6808090209961,84.68742370605469,70.4870834350586
2024-09-04,90.69197845458984,76.79468536376953,102.17830657958984,84.44200134277344,70.24691009521484
2024-09-03,89.537841796875,76.62771606445312,101.5478515625,84.08265686035156,69.98894500732422
2024-08-30,88.09698486328125,76.54605102539062,101.24175262451172,84.40081024169922,70.23802947998047
2024-08-29,89.0465087890625,76.54605102539062,101.52397155761719,84.3833999633789,70.22917175292969
2024-08-28,89.33869934082031,76.5552978515625,101.69693756103516,84.3310775756836,70.15833282470703
2024-08-27,89.4482421875,76.56456756591797,101.90631866455078,84.3223648071289,70.19375610351562
2024-08-26,89.60346984863281,76.51834106445312,101.98825073242188,84.28749084472656,70.14948272705078
2024-08-23,89.83173370361328,76.5552978515625,102.11569213867188,84.43567657470703,70.2911376953125
2024-08-22,89.24739074707031,76.37966918945312,101.53306579589844,83.9910888671875,69.9193344116211
2024-08-21,90.14215087890625,76.4813461303711,101.95182800292969,84.06082153320312,70.00784301757812
2024-08-20,90.08736419677734,76.39816284179688,101.7242431640625,83.92135620117188,69.84848022460938
2024-08-19,89.37519836425781,76.2872314453125,101.46025085449219,83.97367858886719,69.91046142578125
2024-08-16,88.96434020996094,76.30570220947266,101.22354125976562,83.84290313720703,69.79537200927734
2024-08-15,88.65392303466797,76.2225112915039,100.92311096191406,83.56394958496094,69.57405853271484
2024-08-14,89.37519836425781,76.40740966796875,101.23262786865234,83.48550415039062,69.51210021972656
2024-08-13,88.81826782226562,76.41666412353516,100.78656768798828,83.29371643066406,69.38815307617188
2024-08-12,88.20655822753906,76.29646301269531,100.0855941772461,82.8840103149414,69.0694351196289
2024-08-09,87.88700866699219,76.25023651123047,99.87621307373047,82.85785675048828,69.02518463134766
2024-08-08,87.02875518798828,76.23175811767578,99.36640930175781,82.87528228759766,69.03404998779297
2024-08-07,87.56744384765625,76.26873016357422,99.32087707519531,82.55274200439453,68.75076293945312
2024-08-06,88.18827819824219,76.31497192382812,99.77606964111328,82.43070220947266,68.61795806884766
2024-08-05,90.2060546875,76.40740966796875,100.43153381347656,82.10816192626953,68.3612060546875
2024-08-02,89.73128509521484,76.4259262084961,100.68641662597656,82.63118743896484,68.78614807128906
2024-08-01,87.01963806152344,76.00064849853516,99.71232604980469,82.8927001953125,69.01634979248047
2024-07-31,86.27552795410156,75.8693618774414,99.3827896118164,83.08885955810547,69.1677017211914
2024-07-30,85.40191650390625,75.71271514892578,98.81130981445312,82.7680892944336,68.92112731933594
2024-07-29,85.0743408203125,75.68505859375,98.72966766357422,82.75074768066406,68.88589477539062
2024-07-26,84.61933898925781,75.67585754394531,98.52101135253906,82.82878112792969,68.94754791259766
2024-07-25,83.96415710449219,75.57453155517578,97.97676849365234,82.6033706665039,68.72740173339844
2024-07-24,83.28166198730469,75.56529235839844,97.58670806884766,82.56869506835938,68.71858215332031
2024-07-23,84.19164276123047,75.52842712402344,98.18540954589844,82.86344146728516,68.9387435913086
2024-07-22,84.3099365234375,75.49158477783203,98.25797271728516,82.82878112792969,68.929931640625
2024-07-19,84.55564880371094,75.48235321044922,98.31242370605469,82.54269409179688,68.67454528808594
2024-07-18,85.05615234375,75.51921844482422,98.67523193359375,82.61202239990234,68.72740173339844
2024-07-17,85.71134948730469,75.55609130859375,99.10160064697266,82.80276489257812,68.86827087402344
2024-07-16,85.69314575195312,75.546875,99.05622863769531,82.89812469482422,68.94754791259766
2024-07-15,84.50106048583984,75.51921844482422,98.4847412109375,82.56869506835938,68.683349609375
2024-07-12,85.48384094238281,75.51921844482422,99.02900695800781,82.56869506835938,68.67454528808594
2024-07-11,85.11983489990234,75.40864562988281,98.66615295410156,82.3172607421875,68.49840545654297
2024-07-10,84.30086517333984,75.23359680175781,98.14005279541016,82.02251434326172,68.25180053710938
2024-07-09,84.03694152832031,75.20594787597656,97.90420532226562,81.86646270751953,68.09329223632812
2024-07-08,84.4100570678711,75.22438049316406,98.08562469482422,81.91848754882812,68.17256927490234
2024-07-05,84.22806549072266,75.23359680175781,98.09469604492188,82.00516510009766,68.19017028808594
2024-07-03,83.53648376464844,75.09537506103516,97.58670806884766,81.66706085205078,67.98760986328125
2024-07-02,82.4535903930664,74.98479461669922,96.87012481689453,81.47633361816406,67.74984741210938
2024-07-01,81.81659698486328,74.92029571533203,96.25326538085938,81.19024658203125,67.56490325927734
2024-06-28,83.25346374511719,74.98480987548828,96.82837677001953,81.2647705078125,67.5781021118164
2024-06-27,84.83181762695312,74.97562408447266,97.45206451416016,81.47166442871094,67.74455261230469
2024-06-26,84.4961929321289,74.92052459716797,97.26221466064453,81.35958862304688,67.66572570800781
2024-06-25,85.72077178955078,74.99397277832031,97.79557800292969,81.57512664794922,67.81463623046875
2024-06-24,85.57563018798828,74.98480987548828,97.83173370361328,81.49754333496094,67.72704315185547
2024-06-21,85.23097229003906,74.97562408447266,97.73229217529297,81.52340698242188,67.79712677001953
2024-06-20,85.23097229003906,74.94805908203125,97.70516967773438,81.43719482421875,67.7182846069336
2024-06-18,85.8023910522461,74.97562408447266,98.03057098388672,81.52340698242188,67.76206970214844
2024-06-17,85.02230834960938,74.87458038330078,97.57861328125,81.24755096435547,67.55182647705078
2024-06-14,85.8749771118164,74.94805908203125,98.03964233398438,81.16136932373047,67.5080337524414
2024-06-13,85.15837860107422,74.93887329101562,97.95828247070312,81.48892974853516,67.77082824707031
2024-06-12,83.92472076416016,74.81949615478516,97.49725341796875,81.47166442871094,67.77960968017578
2024-06-11,83.29881286621094,74.7184829711914,96.90069580078125,81.18719482421875,67.5080337524414
2024-06-10,82.4461441040039,74.63583374023438,96.48487854003906,81.04927825927734,67.42042541503906
2024-06-07,82.99946594238281,74.62665557861328,96.68375396728516,80.97169494628906,67.35909271240234
2024-06-06,84.55062103271484,74.81949615478516,97.56055450439453,81.21305847167969,67.53429412841797
2024-06-05,84.6776123046875,74.81031036376953,97.62381744384766,81.33374786376953,67.64817810058594
2024-06-04,84.06076049804688,74.7368392944336,97.29840087890625,81.06652069091797,67.42918395996094
2024-06-03,83.0901870727539,74.66337585449219,96.91876983642578,81.10100555419922,67.4642333984375
2024-05-31,81.76762390136719,74.57888793945312,96.25438690185547,80.87600708007812,67.25572204589844
2024-05-30,81.21617126464844,74.47818756103516,95.83114624023438,80.53313446044922,67.02030944824219
2024-05-29,80.43873596191406,74.39579772949219,95.24583435058594,80.2502670288086,66.74999237060547
2024-05-28,81.42412567138672,74.42327117919922,95.75911712646484,80.5159912109375,66.95051574707031
2024-05-24,82.60835266113281,74.48733520507812,96.33544921875,80.81600189208984,67.22083282470703
2024-05-23,82.36431121826172,74.4598617553711,96.07427215576172,80.53313446044922,66.98539733886719
2024-05-22,82.89762878417969,74.49649047851562,96.49752044677734,80.83316040039062,67.22083282470703
2024-05-21,82.7981948852539,74.55142974853516,96.64159393310547,81.00457763671875,67.36906433105469
2024-05-20,82.37332153320312,74.51480102539062,96.4794921875,81.04743957519531,67.42138671875
2024-05-17,82.61743927001953,74.5331039428711,96.52452087402344,80.99603271484375,67.38651275634766
2024-05-16,83.17790222167969,74.57888793945312,96.74964141845703,81.00457763671875,67.3777847290039
2024-05-15,83.2592544555664,74.6338119506836,96.90275573730469,81.16743469238281,67.53475952148438
2024-05-14,82.13827514648438,74.49649047851562,96.04727172851562,80.72171020507812,67.14237976074219
2024-05-13,81.67726135253906,74.42327117919922,95.76809692382812,80.60169219970703,67.0377197265625
2024-05-10,81.46929931640625,74.40495300292969,95.7320785522461,80.5931396484375,67.05516052246094
2024-05-09,81.93034362792969,74.46904754638672,96.03823852539062,80.78173828125,67.15980529785156
2024-05-08,81.53260040283203,74.40495300292969,95.88516998291016,80.75598907470703,67.14237976074219
2024-05-07,82.02979278564453,74.42327117919922,96.1283187866211,80.92742919921875,67.29930877685547
2024-05-06,81.53260040283203,74.41410064697266,96.08328247070312,80.8931655883789,67.29060363769531
2024-05-03,81.21617126464844,74.42327117919922,95.81311798095703,80.80741119384766,67.21212005615234
2024-05-02,80.40258026123047,74.30424499511719,95.14677429199219,80.4388427734375,66.93309783935547
2024-05-01,80.0590591430664,74.19439697265625,94.56144714355469,79.97594451904297,66.52325439453125
2024-04-30,79.47325897216797,74.04611206054688,94.16973876953125,79.62535095214844,66.1744613647461
2024-04-29,80.15792083740234,74.1373519897461,94.68995666503906,80.1281967163086,66.66022491455078
2024-04-26,79.49127960205078,74.10086059570312,94.29530334472656,79.88102722167969,66.4607162475586
2024-04-25,79.076904296875,74.0826187133789,93.93651580810547,79.61683654785156,66.25254821777344
2024-04-24,79.63541412353516,74.1373519897461,94.21456146240234,79.83842468261719,66.39132690429688
2024-04-23,80.20296478271484,74.16472625732422,94.5822982788086,79.97479248046875,66.53878784179688
2024-04-22,80.1759262084961,74.10086059570312,94.42088317871094,79.66797637939453,66.26988220214844
2024-04-19,80.31106567382812,74.0643539428711,94.18767547607422,79.25890350341797,65.90559387207031
2024-04-18,80.02278137207031,74.04611206054688,94.08899688720703,79.09695434570312,65.78413391113281
2024-04-17,80.42816925048828,74.0826187133789,94.27735137939453,78.99470520019531,65.73209381103516
2024-04-16,79.54533386230469,74.02786254882812,93.76609802246094,78.8924331665039,65.64534759521484
2024-04-15,80.07683563232422,74.07349395751953,94.08000946044922,79.1566390991211,65.86219024658203
2024-04-12,81.3380355834961,74.10086059570312,95.12944030761719,79.63388061523438,66.24385070800781
2024-04-11,80.9056167602539,74.05522918701172,94.91417694091797,79.64242553710938,66.278564453125
2024-04-10,81.27497100830078,73.9639892578125,95.11153411865234,79.71910095214844,66.33929443359375
2024-04-09,83.085693359375,74.26509857177734,96.48381805419922,80.46910858154297,66.92910766601562
2024-04-08,82.3199462890625,74.19210815429688,95.9905014038086,80.24750518798828,66.79034423828125
2024-04-05,82.32898712158203,74.26509857177734,95.99948120117188,80.0344467163086,66.63418579101562
2024-04-04,83.4910659790039,74.38371276855469,96.42103576660156,80.07706451416016,66.6949234008789
2024-04-03,82.8965072631836,74.31073760986328,96.31338500976562,80.18785858154297,66.74694061279297
2024-04-02,82.91453552246094,74.25597381591797,96.2506332397461,80.14521789550781,66.6949234008789
2024-04-01,83.37397766113281,74.21947479248047,96.39413452148438,80.29862213134766,66.80768585205078
2024-03-28,84.95767211914062,74.37458038330078,97.3260498046875,80.7000503540039,67.08090209960938
2024-03-27,85.02947235107422,74.42008972167969,97.41542053222656,80.82719421386719,67.22764587402344
2024-03-26,84.19445037841797,74.33821105957031,96.74525451660156,80.39488220214844,66.87376403808594
2024-03-25,83.96101379394531,74.32003021240234,96.77205657958984,80.5474624633789,66.95146942138672
2024-03-22,84.38302612304688,74.35639953613281,97.10267639160156,80.62377166748047,67.05502319335938
2024-03-21,83.58390045166016,74.30181884765625,96.77205657958984,80.73394012451172,67.12406158447266
2024-03-20,83.40431213378906,74.30181884765625,96.62907409667969,80.742431640625,67.15857696533203
2024-03-19,83.4312515258789,74.18360900878906,96.45036315917969,80.47118377685547,66.93421173095703
2024-03-18,83.19783020019531,74.11992645263672,96.17338562011719,80.13209533691406,66.66665649414062
2024-03-15,83.44921875,74.11084747314453,96.3342056274414,79.98796844482422,66.51134490966797
2024-03-14,83.47618103027344,74.15632629394531,96.30738830566406,79.97950744628906,66.55448913574219
2024-03-13,84.77806854248047,74.2199935913086,97.02223205566406,80.37789916992188,66.87376403808594
2024-03-12,85.19110870361328,74.25636291503906,97.12055206298828,80.31858825683594,66.84789276123047
2024-03-11,85.90939331054688,74.3291244506836,97.43329620361328,80.27620697021484,66.78749084472656
2024-03-08,85.95431518554688,74.39278411865234,97.41542053222656,80.27620697021484,66.79611206054688
2024-03-07,86.10694122314453,74.35639953613281,97.2813720703125,80.2423095703125,66.77885437011719
2024-03-06,86.18775939941406,74.26546478271484,97.04009246826172,80.15752410888672,66.70120239257812
2024-03-05,85.68494415283203,74.24726867675781,96.7809829711914,79.97105407714844,66.53722381591797
2024-03-04,84.48177337646484,74.19271087646484,96.2537841796875,80.06427001953125,66.5889892578125
2024-03-01,84.82298278808594,74.26546478271484,96.43250274658203,80.03038024902344,66.60626983642578
2024-02-29,84.29771423339844,74.11994171142578,95.8489990234375,79.75997924804688,66.35771942138672
2024-02-28,83.70695495605469,74.07460021972656,95.7599868774414,79.65879821777344,66.23758697509766
2024-02-27,83.1788558959961,74.0020751953125,95.76888275146484,79.6419448852539,66.24616241455078
2024-02-26,83.76963806152344,74.0020751953125,95.90242004394531,79.58293914794922,66.16036224365234
2024-02-23,84.02023315429688,74.05648803710938,96.20513153076172,79.82737731933594,66.3748550415039
2024-02-22,82.91033172607422,74.02019500732422,95.92022705078125,79.7852554321289,66.33196258544922
2024-02-21,82.50757598876953,74.0292739868164,95.76888275146484,79.41435241699219,66.01446533203125
2024-02-20,83.09831237792969,74.0927505493164,96.00926971435547,79.54078674316406,66.13460540771484
2024-02-16,83.02670288085938,74.04740142822266,95.68878173828125,79.40591430664062,65.99729919433594
2024-02-15,83.51004791259766,74.1380844116211,96.0359878540039,79.59138488769531,66.1946792602539
2024-02-14,83.08041381835938,74.06555938720703,95.68878173828125,79.3721923828125,65.9629898071289
2024-02-13,82.65970611572266,73.95671844482422,95.2436294555664,79.04342651367188,65.7055435180664
2024-02-12,84.1008071899414,74.19249725341797,96.30304718017578,79.68407440185547,66.23758697509766
2024-02-09,84.0023193359375,74.18340301513672,96.2941665649414,79.86954498291016,66.38347625732422
2024-02-08,84.17240142822266,74.21062469482422,96.41880798339844,79.69251251220703,66.24616241455078
2024-02-07,84.6646499633789,74.22875213623047,96.9173583984375,79.67565155029297,66.28047943115234
2024-02-06,85.076416015625,74.25595092773438,97.2022705078125,79.5576400756836,66.16893005371094
2024-02-05,84.2529525756836,74.1380844116211,96.6591796875,79.23733520507812,65.92864990234375
2024-02-02,85.98938751220703,74.28314971923828,97.59400177001953,79.61663055419922,66.23758697509766
2024-02-01,87.93171691894531,74.51893615722656,98.49317932128906,79.92852783203125,66.53790283203125
2024-01-31,86.24002075195312,74.40829467773438,97.7373275756836,79.52225494384766,66.15691375732422
2024-01-30,85.40135192871094,74.272705078125,97.48892211914062,79.74018096923828,66.34475708007812
2024-01-29,84.63404083251953,74.31787109375,97.17842102050781,79.86591339111328,66.43014526367188
2024-01-26,83.67047882080078,74.24557495117188,96.77920532226562,79.63961791992188,66.2850112915039
2024-01-25,83.83109283447266,74.29076385498047,97.05421447753906,79.74018096923828,66.33624267578125
2024-01-24,83.28683471679688,74.15515899658203,96.41547393798828,79.15343475341797,65.83245849609375
2024-01-23,83.77754211425781,74.1913070678711,96.60176086425781,79.1953353881836,65.86661529541016
2024-01-22,84.44669342041016,74.20036315917969,96.95661926269531,79.24561309814453,65.94347381591797
2024-01-19,83.94705200195312,74.16421508789062,96.69049072265625,79.11149597167969,65.89222717285156
2024-01-18,83.67941284179688,74.21845245361328,96.59288787841797,79.02767944335938,65.78121185302734
2024-01-17,84.46453094482422,74.18228149414062,96.77920532226562,78.89360809326172,65.64460754394531
2024-01-16,84.59837341308594,74.32693481445312,96.9832534790039,79.1953353881836,65.9263687133789
2024-01-12,86.11510467529297,74.4444580078125,97.97684478759766,79.7318115234375,66.34475708007812
2024-01-11,86.28462219238281,74.29076385498047,97.76395416259766,79.61445617675781,66.2764663696289
2024-01-10,85.80284118652344,74.11901092529297,97.17842102050781,79.41328430175781,66.0630111694336
2024-01-09,86.20433044433594,74.11901092529297,97.30261993408203,79.24561309814453,65.94347381591797
2024-01-08,86.75749969482422,74.10090637207031,97.1340560913086,79.11149597167969,65.84099578857422
2024-01-05,85.9098892211914,74.03761291503906,96.39772033691406,78.69239044189453,65.47384643554688
2024-01-04,86.73966217041016,74.05569458007812,96.74371337890625,78.5918197631836,65.42257690429688
2024-01-03,88.07794189453125,74.10090637207031,97.28485870361328,78.90196990966797,65.67874908447266
2024-01-02,87.71212768554688,74.08284759521484,97.50665283203125,79.16181182861328,65.8580551147461
2023-12-29,88.2206802368164,74.17326354980469,98.17201232910156,79.40487670898438,66.08007049560547
2023-12-28,89.02367401123047,74.13706970214844,98.53577423095703,79.68150329589844,66.33624267578125
2023-12-27,89.67497253417969,74.14610290527344,98.79300689697266,79.96649932861328,66.54969787597656
2023-12-26,88.11361694335938,74.05569458007812,97.8792724609375,79.6312026977539,66.2764663696289
2023-12-22,87.86383056640625,74.09187316894531,97.67523193359375,79.47193145751953,66.14839172363281
2023-12-21,88.26530456542969,74.0647201538086,97.8437728881836,79.54740142822266,66.22522735595703
2023-12-20,88.82740020751953,73.99241638183594,97.8792724609375,79.18695068359375,65.9263687133789
2023-12-19,88.22962188720703,73.8929672241211,97.62201690673828,79.21209716796875,65.91783905029297
2023-12-18,87.75675201416016,73.8658447265625,97.49781036376953,78.95225524902344,65.72998809814453
2023-12-15,88.46160888671875,73.8748779296875,97.90586853027344,78.88771057128906,65.68729400634766
2023-12-14,88.3634262084961,73.95626831054688,98.04783630371094,79.04608154296875,65.83245849609375
2023-12-13,86.12313079833984,73.82965087890625,97.01605987548828,78.66266632080078,65.54298400878906
2023-12-12,84.1488265991211,73.46015930175781,95.41607666015625,77.51233673095703,64.55738830566406
2023-12-11,83.89979553222656,73.45112609863281,94.87684631347656,77.30396270751953,64.41294860839844
2023-12-08,84.0776596069336,73.43310546875,94.90335845947266,77.36228942871094,64.4554214477539
2023-12-07,84.7713394165039,73.5953598022461,95.41607666015625,77.4873275756836,64.58289337158203
2023-12-06,85.26046752929688,73.541259765625,95.4072265625,77.35397338867188,64.47239685058594
2023-12-05,84.13993835449219,73.55931854248047,95.05364990234375,77.38728332519531,64.46392822265625
2023-12-04,82.3701400756836,73.46916198730469,94.30225372314453,77.2789535522461,64.40444946289062
2023-12-01,82.69920349121094,73.57734680175781,94.73541259765625,77.47065734863281,64.56587219238281
2023-11-30,81.17044067382812,73.36372375488281,93.60836029052734,76.82465362548828,64.03569030761719
2023-11-29,82.11898040771484,73.40865325927734,94.10154724121094,76.94900512695312,64.15410614013672
2023-11-28,81.09953308105469,73.26490020751953,93.34412384033203,76.55109405517578,63.80731964111328
2023-11-27,80.93992614746094,73.13011169433594,92.97425842285156,76.26927947998047,63.528221130371094
2023-11-24,79.61014556884766,73.04027557373047,92.2256851196289,76.15321350097656,63.43516540527344
2023-11-22,80.5587387084961,73.09420013427734,92.70123291015625,76.21952056884766,63.50282669067383
2023-11-21,80.27503967285156,73.08519744873047,92.33135223388672,76.02890014648438,63.392887115478516
2023-11-20,80.31049346923828,73.04027557373047,92.30492401123047,75.9294204711914,63.30828094482422
2023-11-17,79.8228988647461,73.03128051757812,91.93505096435547,75.87139892578125,63.240631103515625
2023-11-16,79.4505615234375,73.08519744873047,91.67082977294922,75.70562744140625,63.09684753417969
2023-11-15,78.47540283203125,72.9593734741211,90.9222640991211,75.59784698486328,63.01227569580078
2023-11-14,79.5924072265625,73.09420013427734,91.3978271484375,75.8299560546875,63.21525573730469
2023-11-13,77.82820892333984,72.8066635131836,89.98873138427734,75.05904388427734,62.58089828491211
2023-11-10,78.00552368164062,72.77971649169922,89.97991943359375,75.19166564941406,62.64009094238281
2023-11-09,77.57113647460938,72.76172637939453,89.53074645996094,74.81037902832031,62.335628509521484
2023-11-08,79.39737701416016,72.86956024169922,90.44666290283203,75.30773162841797,62.72471618652344
2023-11-07,78.06758117675781,72.88750457763672,89.98873138427734,75.26626586914062,62.69086837768555
2023-11-06,76.93281555175781,72.8336181640625,89.27537536621094,75.36575317382812,62.68238830566406
2023-11-03,77.68639373779297,72.9684066772461,89.75096893310547,75.63099670410156,62.9361572265625
2023-11-02,77.163330078125,72.77072143554688,89.31060028076172,74.78553009033203,62.32716751098633
2023-11-01,75.44346618652344,72.76172637939453,88.26258850097656,73.97315979003906,61.63361740112305
2023-10-31,73.84241485595703,72.60001373291016,87.01727294921875,73.29261016845703,61.05170440673828
2023-10-30,74.20462036132812,72.6268539428711,87.14012908935547,73.05357360839844,60.89185333251953
2023-10-27,74.54035949707031,72.65375518798828,87.4033432006836,73.03707122802734,60.875030517578125
2023-10-26,74.85840606689453,72.60896301269531,87.57884979248047,73.16075897216797,60.950748443603516
2023-10-25,73.72752380371094,72.4655990600586,86.94709777832031,72.9299545288086,60.74042892456055
2023-10-24,75.40618896484375,72.5462417602539,87.74559020996094,73.28436279296875,61.06852340698242
2023-10-23,74.42549896240234,72.56417083740234,87.25420379638672,72.9134521484375,60.75727462768555
2023-10-20,73.5419921875,72.51936340332031,86.57854461669922,72.61670684814453,60.51329040527344
2023-10-19,73.12677764892578,72.4028549194336,86.2363510131836,72.5013427734375,60.38709259033203
2023-10-18,74.65522003173828,72.30433654785156,86.93830108642578,72.74858856201172,60.605831146240234
2023-10-17,75.31781005859375,72.30433654785156,87.64027404785156,73.12773895263672,60.90025329589844
2023-10-16,76.15713500976562,72.4655990600586,88.34225463867188,73.47395324707031,61.186302185058594
2023-10-13,77.40290069580078,72.51039123535156,88.95645141601562,73.49867248535156,61.203147888183594
2023-10-12,76.04232025146484,72.4655990600586,88.46509552001953,73.56461334228516,61.25360870361328
2023-10-11,78.16267395019531,72.55520629882812,89.39520263671875,73.98497772216797,61.58169937133789
2023-10-10,76.56356811523438,72.57312774658203,88.85115814208984,73.95201873779297,61.59012222290039
2023-10-09,76.66957092285156,72.617919921875,88.81607055664062,73.9355239868164,61.60694122314453
2023-10-06,74.91143035888672,72.4028549194336,87.72801971435547,73.39153289794922,61.15263748168945
2023-10-05,75.83029174804688,72.4655990600586,87.99127960205078,73.25965881347656,61.06852340698242
2023-10-04,76.2101821899414,72.3939437866211,88.0965576171875,73.16075897216797,61.009639739990234
2023-10-03,75.14996337890625,72.23265838623047,87.33316040039062,72.88873291015625,60.698360443115234
2023-10-02,76.80211639404297,72.28642272949219,88.35102081298828,73.63880157470703,61.320919036865234
2023-09-29,78.10966491699219,72.3589859008789,89.16791534423828,74.09132385253906,61.69525909423828
2023-09-28,78.10086822509766,72.35003662109375,89.3602294921875,74.14047241210938,61.787353515625
2023-09-27,77.86309814453125,72.22492980957031,89.20287322998047,73.82085418701172,61.49443435668945
2023-09-26,78.2682113647461,72.27854919433594,89.62240600585938,73.9273910522461,61.5781135559082
2023-09-25,78.54122161865234,72.26962280273438,89.87588500976562,74.27984619140625,61.84592819213867
2023-09-22,80.5228042602539,72.29642486572266,90.75867462158203,74.38639831542969,61.92960739135742
2023-09-21,79.8798599243164,72.22492980957031,90.20800018310547,74.27164459228516,61.82080078125
2023-09-20,81.98474884033203,72.18919372558594,91.125732421875,74.79618072509766,62.26435470581055
2023-09-19,81.72935485839844,72.23388671875,91.09078216552734,74.88631439208984,62.314579010009766
2023-09-18,82.3370590209961,72.28749084472656,91.39671325683594,75.07482147216797,62.5070686340332
2023-09-15,81.87026977539062,72.29642486572266,91.22189331054688,75.05843353271484,62.4652099609375
2023-09-14,82.3722915649414,72.3321762084961,91.36173248291016,75.30430603027344,62.69953918457031
2023-09-13,82.97114562988281,72.35003662109375,91.52780151367188,75.1977767944336,62.62424850463867
2023-09-12,82.98877716064453,72.28749084472656,91.3267593383789,75.0092544555664,62.45683288574219
2023-09-11,82.51319122314453,72.3232421875,91.35298156738281,75.0912094116211,62.55727767944336
2023-09-08,83.11209106445312,72.30534362792969,91.52780151367188,75.00106811523438,62.448486328125
2023-09-07,82.79503631591797,72.34111785888672,91.45790100097656,75.06663513183594,62.473594665527344
2023-09-06,82.56603240966797,72.20707702636719,91.05581665039062,74.84532928466797,62.26435470581055
2023-09-05,82.36345672607422,72.28749084472656,91.14323425292969,74.95189666748047,62.41501998901367
2023-09-01,83.5347900390625,72.3768539428711,91.79874420166016,75.39448547363281,62.82508850097656
2023-08-31,84.85674285888672,72.41619110107422,92.45689392089844,75.36006164550781,62.70707321166992
2023-08-30,84.47917175292969,72.34487915039062,92.30013275146484,75.35189056396484,62.74872970581055
2023-08-29,84.56698608398438,72.34487915039062,92.43071746826172,75.3681869506836,62.77373123168945
2023-08-28,83.69770812988281,72.1844253540039,91.69918823242188,74.90361022949219,62.382232666015625
2023-08-25,83.6098861694336,72.13983154296875,91.41178894042969,74.58573913574219,62.148983001708984
2023-08-24,83.33768463134766,72.1844253540039,91.3595199584961,74.27601623535156,61.8907585144043
2023-08-23,83.89085388183594,72.22900390625,91.67304229736328,74.71615600585938,62.232269287109375
2023-08-22,81.86251831054688,72.09529113769531,90.40149688720703,74.10486602783203,61.732479095458984
2023-08-21,81.23909759521484,72.13091278076172,90.122802734375,74.06414031982422,61.69917297363281
2023-08-18,82.3366928100586,72.21116638183594,90.66277313232422,74.03964233398438,61.7158088684082
2023-08-17,82.04693603515625,72.1844253540039,90.32312774658203,74.00704193115234,61.674163818359375
2023-08-16,82.39814758300781,72.10419464111328,90.5669937133789,74.3575210571289,61.93241882324219
2023-08-15,83.04793548583984,72.13983154296875,90.97633361816406,74.55314636230469,62.123992919921875
2023-08-14,83.55720520019531,72.11312103271484,91.4553451538086,74.7895278930664,62.32390594482422
2023-08-11,83.74158477783203,72.17550659179688,91.49015045166016,74.7813491821289,62.33225631713867
2023-08-10,83.93476104736328,72.24681854248047,91.80370330810547,74.88732147216797,62.423866271972656
2023-08-09,85.33965301513672,72.282470703125,92.45689392089844,74.92808532714844,62.440555572509766
2023-08-08,84.90062713623047,72.32704162597656,92.3697738647461,74.9198989868164,62.43220901489258
2023-08-07,83.92598724365234,72.29138946533203,92.00402069091797,74.7895278930664,62.298927307128906
2023-08-04,84.76017761230469,72.26464080810547,92.23043823242188,74.63462829589844,62.18230438232422
2023-08-03,83.28499603271484,72.12201690673828,91.28113555908203,74.2026596069336,61.81577682495117
2023-08-02,85.25187683105469,72.09529113769531,92.10851287841797,74.455322265625,62.01570129394531
2023-08-01,86.17385864257812,72.05960845947266,92.67462158203125,74.74876403808594,62.28226852416992
2023-07-31,87.60950469970703,72.1202163696289,93.60738372802734,75.17256927490234,62.59211349487305
2023-07-28,87.39935302734375,72.10244750976562,93.34698486328125,74.93755340576172,62.44289016723633
2023-07-27,86.9527359008789,72.0046615600586,92.73938751220703,74.5079574584961,62.0864372253418
2023-07-26,88.67778778076172,72.11134338378906,93.88512420654297,75.09154510498047,62.583824157714844
2023-07-25,88.5902099609375,72.04023742675781,93.45111846923828,74.75112915039062,62.33512496948242
2023-07-24,88.75660705566406,72.04911041259766,93.59866333007812,74.79976654052734,62.37656021118164
2023-07-21,89.08061218261719,72.1380386352539,93.71154022216797,74.93755340576172,62.484336853027344
2023-07-20,89.05433654785156,72.1291275024414,93.54659271240234,74.77545166015625,62.32684326171875
2023-07-19,90.1489028930664,72.21803283691406,94.18019104003906,75.07532501220703,62.60041809082031
2023-07-18,89.14192199707031,72.19135284423828,93.6507568359375,75.010498046875,62.5506591796875
2023-07-17,88.73908996582031,72.19135284423828,93.41644287109375,74.8240737915039,62.37656021118164
2023-07-14,88.6953353881836,72.1646957397461,93.26020050048828,74.67819213867188,62.260520935058594
2023-07-13,89.22069549560547,72.35138702392578,93.9892578125,75.20499420166016,62.716468811035156
2023-07-12,88.29251098632812,72.14690399169922,93.3296127319336,74.75112915039062,62.343406677246094
2023-07-11,87.32056427001953,71.93352508544922,92.51374053955078,74.14326477050781,61.86259078979492
2023-07-10,86.8739242553711,71.94239807128906,92.07976531982422,73.76234436035156,61.53097915649414
2023-07-07,86.76008605957031,71.83575439453125,91.6024398803711,73.42194366455078,61.22422409057617
2023-07-06,87.2855224609375,71.75570678710938,91.68921661376953,73.3652114868164,61.16618728637695
2023-07-05,88.53768920898438,71.8001708984375,92.6265869140625,73.89201354980469,61.61387252807617
2023-07-03,89.3870849609375,71.81795501708984,93.29490661621094,74.14326477050781,61.80455017089844
2023-06-30,89.89672088623047,71.90152740478516,93.5570068359375,74.18865203857422,61.90153884887695
2023-06-29,88.84877014160156,71.87493896484375,92.8735580444336,73.86622619628906,61.60468673706055
2023-06-28,90.48180389404297,72.05228424072266,93.5830078125,74.0596694946289,61.76961135864258
2023-06-27,90.09756469726562,71.97248840332031,93.1763687133789,73.63240814208984,61.4150276184082
2023-06-26,90.33334350585938,72.07888793945312,93.28016662597656,73.41476440429688,61.20888900756836
2023-06-23,90.23729705810547,72.02567291259766,93.1763687133789,73.27774047851562,61.17591857910156
2023-06-22,89.3465576171875,71.96360778808594,92.91682434082031,73.50343322753906,61.2830810546875
2023-06-21,90.43815612792969,72.04341888427734,93.40130615234375,73.72109985351562,61.46451187133789
2023-06-20,90.2198486328125,72.04341888427734,93.505126953125,73.8984603881836,61.62119674682617
2023-06-16,89.59977722167969,72.0168228149414,93.16770935058594,74.09192657470703,61.78608322143555
2023-06-15,89.94910430908203,72.11436462402344,93.33209228515625,74.29344940185547,61.9427604675293
2023-06-14,89.0932846069336,71.96360778808594,92.5274887084961,73.95486450195312,61.64593505859375
2023-06-13,88.38591766357422,72.00792694091797,92.2419662475586,73.8984603881836,61.62119674682617
2023-06-12,89.2679443359375,72.14097595214844,92.65727996826172,73.79362487792969,61.54697799682617
2023-06-09,89.0059585571289,72.07888793945312,92.36312103271484,73.84201049804688,61.61293029785156
2023-06-08,89.12820434570312,72.2119140625,92.60536193847656,73.83396911621094,61.596439361572266
2023-06-07,88.09774780273438,72.09662628173828,91.9910888671875,73.35834503173828,61.20888900756836
2023-06-06,89.42515563964844,72.14982604980469,92.82162475585938,73.73722076416016,61.54697799682617
2023-06-05,88.90116119384766,72.18529510498047,92.63996887207031,73.57597351074219,61.4480094909668
2023-06-02,89.06708526611328,72.16756439208984,92.8389663696289,73.6646728515625,61.49748611450195
2023-06-01,90.05390167236328,72.37153625488281,93.08982849121094,73.29383087158203,61.184139251708984
2023-05-31,89.70197296142578,72.2589111328125,92.80520629882812,72.80693054199219,60.8188591003418
2023-05-30,88.92677307128906,72.1881332397461,92.50337982177734,73.06343841552734,61.00761795043945
2023-05-26,88.04710388183594,72.04658508300781,91.8134994506836,72.75885772705078,60.74500274658203
2023-05-25,87.34160614013672,72.06426239013672,91.42545318603516,72.30199432373047,60.37568664550781
2023-05-24,87.55936431884766,72.22351837158203,91.72728729248047,72.3741455078125,60.416744232177734
2023-05-23,87.99486541748047,72.31195831298828,92.08948516845703,72.88707733154297,60.84347152709961
2023-05-22,87.74227142333984,72.32084655761719,91.89974212646484,73.24777221679688,61.16352844238281
2023-05-19,88.05581665039062,72.3473892211914,91.93424987792969,72.9271469116211,60.89271926879883
2023-05-18,88.68292999267578,72.40045928955078,92.04634094238281,72.88707733154297,60.82706832885742
2023-05-17,89.34489440917969,72.53314208984375,92.43441772460938,72.85503387451172,60.79425048828125
2023-05-16,89.6061782836914,72.61276245117188,92.44303131103516,72.68671417236328,60.63011169433594
2023-05-15,89.87617492675781,72.70123291015625,92.90869140625,73.20770263671875,61.056846618652344
2023-05-12,90.81683349609375,72.69236755371094,93.40886688232422,73.19166564941406,61.0732536315918
2023-05-11,91.58325958251953,72.81623840332031,93.98663330078125,73.46414184570312,61.294837951660156
2023-05-10,90.62519836425781,72.77200317382812,93.62442779541016,73.568359375,61.393314361572266
2023-05-09,89.75423431396484,72.5950927734375,92.8914566040039,73.13554382324219,61.0240478515625
2023-05-08,90.07649993896484,72.61276245117188,92.92594909667969,73.31185150146484,61.179962158203125
2023-05-05,91.3568344116211,72.7277603149414,93.59855651855469,73.45614624023438,61.35227966308594
2023-05-04,91.66166687011719,72.90472412109375,93.96935272216797,73.0794448852539,61.0240478515625
2023-05-03,92.5761947631836,72.78971099853516,94.22805786132812,73.29584503173828,61.20457458496094
2023-05-02,92.06232452392578,72.61276245117188,94.07283782958984,73.38401794433594,61.23740005493164
2023-05-01,89.82389068603516,72.37391662597656,92.9518051147461,73.40804290771484,61.294837951660156
2023-04-28,92.49081420898438,72.53227233886719,94.47640991210938,73.72863006591797,61.5771598815918
2023-04-27,91.02259063720703,72.45284271240234,93.74589538574219,73.4416732788086,61.315673828125
2023-04-26,91.934814453125,72.59404754638672,94.08966827392578,73.19456481933594,61.11140441894531
2023-04-25,92.92522430419922,72.68230438232422,94.50220489501953,73.4815444946289,61.34834289550781
2023-04-24,91.57862091064453,72.39988708496094,94.08966827392578,73.6170425415039,61.44640350341797
2023-04-21,90.70112609863281,72.3204574584961,93.67715454101562,73.40182495117188,61.27481460571289
2023-04-20,91.2137451171875,72.36457061767578,93.61700439453125,73.20252990722656,61.086883544921875
2023-04-19,90.44050598144531,72.18803405761719,93.26461791992188,73.25035095214844,61.144081115722656
2023-04-18,90.52738952636719,72.24982452392578,93.72872924804688,73.52141571044922,61.38922882080078
2023-04-17,90.20594024658203,72.2674789428711,93.41934967041016,73.4416732788086,61.34834289550781
2023-04-14,91.29193115234375,72.3734130859375,94.01233673095703,73.6409683227539,61.51177978515625
2023-04-13,92.13460540771484,72.54110717773438,94.32171630859375,73.82429504394531,61.62616729736328
2023-04-12,92.8644027709961,72.49695587158203,94.158447265625,73.26631164550781,61.20946502685547
2023-04-11,92.95999145507812,72.41751098632812,94.35609436035156,73.31412506103516,61.22578430175781
2023-04-10,92.76883697509766,72.42635345458984,94.38188934326172,73.10685729980469,61.09506607055664
2023-04-06,94.28923797607422,72.68230438232422,94.82022094726562,73.25035095214844,61.15222930908203
2023-04-05,94.04597473144531,72.70877838134766,94.90615844726562,72.89962768554688,60.88261032104492
2023-04-04,93.07292175292969,72.61168670654297,94.59674835205078,73.31412506103516,61.22578430175781
2023-04-03,92.61247253417969,72.44400787353516,94.47640991210938,73.56918334960938,61.405540466308594
2023-03-31,92.17892456054688,72.35575866699219,93.90916442871094,73.62979888916016,61.45295715332031
2023-03-30,90.81842803955078,72.2676773071289,93.06958770751953,72.77308654785156,60.79408645629883
2023-03-29,90.40242767333984,72.25886535644531,92.94107818603516,72.29712677001953,60.436180114746094
2023-03-28,90.58441925048828,72.28529357910156,92.5126724243164,71.45626831054688,59.68783950805664
2023-03-27,90.41975402832031,72.36454010009766,92.66690063476562,71.47216033935547,59.72038650512695
2023-03-24,92.59490203857422,72.67279052734375,93.7892837524414,71.58321380615234,59.8668098449707
2023-03-23,92.2049331665039,72.63756561279297,93.49798583984375,71.7815170288086,59.98880386352539
2023-03-22,92.2049331665039,72.42619323730469,93.23239135742188,72.01946258544922,60.224693298339844
2023-03-21,90.99169921875,72.09154510498047,92.692626953125,71.94017028808594,60.16776657104492
2023-03-20,91.78031921386719,72.36454010009766,92.2470932006836,71.13101959228516,59.51704025268555
2023-03-17,92.59490203857422,72.45260620117188,92.52124786376953,71.32144927978516,59.679718017578125
2023-03-16,91.2256851196289,72.09154510498047,92.0586166381836,71.7497787475586,60.0376091003418
2023-03-15,91.9449691772461,72.38217163085938,92.1957015991211,71.28176879882812,59.64718246459961
2023-03-14,90.20311737060547,71.9594497680664,91.3218002319336,71.60700225830078,59.842403411865234
2023-03-13,91.71099090576172,72.23245239257812,91.59595489501953,71.05171203613281,59.411312103271484
2023-03-10,91.50299072265625,71.51909637451172,91.51886749267578,71.41665649414062,59.73666763305664
2023-03-09,88.45259857177734,71.131591796875,90.22516632080078,71.44044494628906,59.728519439697266
2023-03-08,88.23596954345703,70.90264892578125,90.31083679199219,71.8846435546875,60.06202697753906
2023-03-07,88.14932250976562,70.93787384033203,90.45649719238281,72.24955749511719,60.34671401977539
2023-03-06,87.61202239990234,71.08758544921875,90.7135009765625,72.71756744384766,60.777801513671875
2023-03-03,88.2966537475586,71.12278747558594,90.96196746826172,72.66202545166016,60.777801513671875
2023-03-02,86.20816040039062,71.07876586914062,89.94242095947266,71.92430114746094,60.15962600708008
2023-03-01,86.97942352294922,71.0523452758789,89.86531829833984,71.8846435546875,60.086421966552734
2023-02-28,87.92398071289062,71.18268585205078,90.4290542602539,72.09088134765625,60.25723648071289
2023-02-27,87.52633666992188,71.20030212402344,90.39491271972656,72.22499084472656,60.37042236328125
2023-02-24,87.28430938720703,71.13874053955078,90.36927795410156,71.76746368408203,59.96616744995117
2023-02-23,88.43405151367188,71.28815460205078,91.05228424072266,72.185546875,60.329994201660156
2023-02-22,87.57820129394531,71.24423217773438,90.34367370605469,71.46770477294922,59.73981475830078
2023-02-21,86.78292083740234,71.20906066894531,90.08753204345703,70.94709777832031,59.35171890258789
2023-02-17,88.50320434570312,71.34969329833984,91.38528442382812,72.0829849243164,60.28148651123047
2023-02-16,87.82025909423828,71.28815460205078,91.02666473388672,71.84635162353516,60.0470085144043
2023-02-15,89.0823745727539,71.27936553955078,91.7608871459961,72.46162414550781,60.5321159362793
2023-02-14,89.9208984375,71.27057647705078,92.1109619140625,72.57208251953125,60.629127502441406
2023-02-13,90.12837219238281,71.41999816894531,92.34144592285156,72.5641860961914,60.612979888916016
2023-02-10,89.37628936767578,71.40240478515625,91.99996948242188,72.35910034179688,60.45935821533203
2023-02-09,90.38771057128906,71.43756866455078,92.6488037109375,72.92701721191406,60.92830276489258
2023-02-08,91.25215911865234,71.49028778076172,93.43427276611328,73.45556640625,61.324440002441406
2023-02-07,90.81993865966797,71.4639663696289,93.34033966064453,73.73954010009766,61.583168029785156
2023-02-06,91.55473327636719,71.42877197265625,93.6476821899414,73.45556640625,61.36490249633789
2023-02-03,92.23762512207031,71.63097381591797,94.37338256835938,73.88941192626953,61.76103973388672
2023-02-02,93.6380844116211,71.8946304321289,95.45765686035156,74.6467056274414,62.41592025756836
2023-02-01,93.51703643798828,71.88581848144531,95.32102966308594,74.16549682617188,62.060184478759766
2023-01-31,92.40619659423828,71.76103210449219,94.3631362915039,73.48080444335938,61.41499710083008
2023-01-30,91.67328643798828,71.62943267822266,93.69074249267578,72.90790557861328,60.94029235839844
2023-01-27,92.00957489013672,71.69961547851562,94.0482177734375,73.29243469238281,61.27824783325195
2023-01-26,92.24238586425781,71.69961547851562,94.32059478759766,73.48080444335938,61.463279724121094
2023-01-25,92.67349243164062,71.74346923828125,94.35462951660156,73.29243469238281,61.310394287109375
2023-01-24,92.44929504394531,71.69961547851562,94.31207275390625,73.29243469238281,61.31845474243164
2023-01-23,91.13873291015625,71.67328643798828,93.81842041015625,73.19828033447266,61.27824783325195
2023-01-20,91.56981658935547,71.74346923828125,94.09078216552734,73.29243469238281,61.2862663269043
2023-01-19,93.0787582397461,71.80487823486328,94.58442687988281,73.1119613647461,61.16556930541992
2023-01-18,93.66508483886719,71.82243347167969,94.78018951416016,73.59849548339844,61.527626037597656
2023-01-17,91.44912719726562,71.66450500488281,93.68222045898438,73.52787780761719,61.45521545410156
2023-01-13,92.04405212402344,71.62066650390625,94.0226821899414,73.73976135253906,61.66440963745117
2023-01-12,92.91494750976562,71.74346923828125,94.32907104492188,73.677001953125,61.66440963745117
2023-01-11,91.1214599609375,71.58556365966797,93.27369689941406,73.28458404541016,61.31845474243164
2023-01-10,89.66426849365234,71.52416229248047,92.48216247558594,72.7666244506836,60.9161491394043
2023-01-09,91.17320251464844,71.58556365966797,92.79706573486328,72.86078643798828,60.98857879638672
2023-01-06,90.69034576416016,71.51538848876953,92.43109893798828,72.54688262939453,60.77130889892578
2023-01-05,89.05210876464844,71.243408203125,90.94165802001953,71.5109634399414,59.9184455871582
2023-01-04,88.68132781982422,71.33992767333984,91.00975036621094,71.64434814453125,60.03913497924805
2023-01-03,87.48284149169922,71.26972961425781,90.3543930053711,70.77325439453125,59.355228424072266
2022-12-30,85.84455108642578,71.20832061767578,89.73306274414062,70.63196563720703,59.24258804321289
2022-12-29,86.81024932861328,71.29605865478516,90.30331420898438,70.58489227294922,59.19430923461914
2022-12-28,85.83594512939453,71.243408203125,89.66500091552734,69.58817291259766,58.43798065185547
2022-12-27,86.34466552734375,71.243408203125,89.94583892822266,70.61629486083984,59.23454284667969
2022-12-23,88.08642578125,71.33992767333984,91.12035369873047,71.4011001586914,59.854087829589844
2022-12-22,89.3969955444336,71.37500762939453,91.40122985839844,71.18133544921875,59.70122146606445
2022-12-21,89.41425323486328,71.41889953613281,91.4267807006836,71.66007232666016,60.07133865356445
2022-12-20,89.1900405883789,71.34869384765625,90.80545806884766,71.03221893310547,59.56443405151367
2022-12-19,90.80244445800781,71.34869384765625,91.88639831542969,71.251953125,59.71729278564453
2022-12-16,92.35448455810547,71.43640899658203,92.82260131835938,71.61691284179688,60.0230598449707
2022-12-15,93.39781188964844,71.36624145507812,93.22264099121094,71.98345947265625,60.34489822387695
2022-12-14,93.0347900390625,71.3565902709961,93.14432525634766,72.2876205444336,60.57339859008789
2022-12-13,92.63912200927734,71.34783172607422,93.0594711303711,72.6697769165039,60.917572021484375
2022-12-12,91.7531509399414,71.13780212402344,92.25334167480469,71.8898696899414,60.293251037597656
2022-12-09,91.46065521240234,71.1815414428711,92.37214660644531,71.64808654785156,60.06113052368164
2022-12-08,93.9035415649414,71.21654510498047,93.06795501708984,71.6091079711914,60.06113052368164
2022-12-07,94.16160583496094,71.28656005859375,93.3649673461914,71.5311279296875,60.01311111450195
2022-12-06,91.99398040771484,71.13780212402344,92.33821868896484,71.18017578125,59.68495559692383
2022-12-05,90.82418060302734,71.05899047851562,92.05821990966797,71.5155029296875,59.90104293823242
2022-12-02,92.1144027709961,71.26032257080078,92.84735107421875,72.17841339111328,60.477325439453125
2022-12-01,90.97039794921875,71.27782440185547,92.28731536865234,72.17841339111328,60.52535629272461
2022-11-30,88.15425109863281,71.12461853027344,91.1468734741211,71.98656463623047,60.30206298828125
2022-11-29,87.51065826416016,70.91494750976562,90.04728698730469,70.88541412353516,59.40938949584961
2022-11-28,88.54895782470703,70.94115447998047,90.49554443359375,70.55970764160156,59.154354095458984
2022-11-25,88.30012512207031,70.92372131347656,91.15533447265625,71.29641723632812,59.78397750854492
2022-11-23,88.6004638671875,70.91494750976562,91.06227111816406,71.46702575683594,59.90353775024414
2022-11-22,87.08159637451172,70.85384368896484,90.15724182128906,71.07148742675781,59.56879806518555
2022-11-21,85.86306762695312,70.8014144897461,89.3621826171875,70.52092742919922,59.138423919677734
2022-11-18,85.50265502929688,70.81889343261719,89.49747467041016,70.58295440673828,59.162322998046875
2022-11-17,86.0947494506836,70.89751434326172,89.50593566894531,70.3968734741211,59.03481674194336
2022-11-16,87.01293182373047,70.98487854003906,89.98807525634766,70.72257995605469,59.28984069824219
2022-11-15,85.15081787109375,70.97612762451172,89.22681427001953,70.91642761230469,59.417388916015625
2022-11-14,83.79498291015625,70.9062271118164,88.00035858154297,70.14096069335938,58.8993034362793
2022-11-11,84.00093841552734,70.96739959716797,88.44866943359375,70.69153594970703,59.33768081665039
2022-11-10,84.30986785888672,70.98487854003906,88.21183013916016,70.4433822631836,59.13045883178711
2022-11-09,81.18634033203125,70.60050201416016,85.3529052734375,68.31085968017578,57.34513854980469
2022-11-08,80.9203109741211,70.48694610595703,85.57283020019531,69.13286590576172,58.03855514526367
2022-11-07,80.04505157470703,70.41706085205078,85.21757507324219,69.27244567871094,58.094337463378906
2022-11-04,80.8516616821289,70.47818756103516,85.53053283691406,69.27244567871094,58.1022834777832
2022-11-03,82.23323822021484,70.39958190917969,85.36137390136719,68.85368347167969,57.70378875732422
2022-11-02,82.67945098876953,70.5306396484375,85.66588592529297,69.26469421386719,58.118221282958984
2022-11-01,83.03982543945312,70.5655288696289,86.08033752441406,69.91605377197266,58.6522331237793
2022-10-31,82.27098083496094,70.63455200195312,85.46540069580078,69.47329711914062,58.301536560058594
2022-10-28,82.86164855957031,70.73922729492188,85.92921447753906,70.54566192626953,59.19083023071289
2022-10-27,83.43516540527344,70.84385681152344,85.75213623046875,70.0133285522461,58.738250732421875
2022-10-26,82.57060241699219,70.69559478759766,85.35580444335938,69.45013427734375,58.30950164794922
2022-10-25,81.39786529541016,70.63455200195312,84.96788787841797,69.28040313720703,58.15068054199219
2022-10-24,79.0951919555664,70.56480407714844,83.8463363647461,68.6709213256836,57.59492492675781
2022-10-21,79.75432586669922,70.58222198486328,83.88849639892578,68.4857406616211,57.55522918701172
2022-10-20,81.21809387207031,70.39912414550781,83.65237426757812,67.97657775878906,57.00736999511719
2022-10-19,82.6305160522461,70.47760772705078,84.38601684570312,68.39319610595703,57.324947357177734
2022-10-18,84.16278076171875,70.60841369628906,85.55815124511719,69.00270080566406,57.880741119384766
2022-10-17,83.96591186523438,70.57352447509766,85.0522232055664,68.51661682128906,57.47581100463867
2022-10-14,84.37679290771484,70.49501037597656,84.64743041992188,67.69109344482422,56.77712631225586
2022-10-13,85.07869720458984,70.52989959716797,85.46540069580078,67.93800354003906,56.959739685058594
2022-10-12,85.90048217773438,70.73922729492188,85.3136215209961,67.80687713623047,56.832706451416016
2022-10-11,85.48100280761719,70.66944122314453,85.41483306884766,67.6756820678711,56.73741149902344
2022-10-10,85.10436248779297,70.63455200195312,85.5918960571289,67.46737670898438,56.56276321411133
2022-10-07,86.44830322265625,70.66072845458984,86.36770629882812,68.33146667480469,57.26143264770508
2022-10-06,87.29576873779297,70.74791717529297,87.23626708984375,69.10295104980469,57.96809005737305
2022-10-05,87.78369903564453,70.83512878417969,87.43867492675781,69.32667541503906,58.14277267456055
2022-10-04,88.6311264038086,70.9049072265625,88.10484313964844,69.56584930419922,58.37300491333008
2022-10-03,88.87936401367188,70.87871551513672,87.70006561279297,68.10000610351562,57.14234161376953
2022-09-30,87.48922729492188,70.72350311279297,86.10711669921875,67.40953826904297,56.40317153930664
2022-09-29,88.63356018066406,70.78446960449219,86.32566833496094,67.71646881103516,56.66389083862305
2022-09-28,89.09468841552734,70.8802719116211,86.97284698486328,68.26124572753906,57.20113754272461
2022-09-27,86.20828247070312,70.57546997070312,85.25825500488281,67.19466400146484,56.1977424621582
2022-09-26,88.53962707519531,70.57546997070312,86.56100463867188,67.35580444335938,56.31623840332031
2022-09-23,90.26463317871094,70.73221588134766,88.09068298339844,68.14617156982422,56.98781967163086
2022-09-22,89.89740753173828,70.81932830810547,88.34282684326172,69.0208969116211,57.722591400146484
2022-09-21,92.25436401367188,70.94993591308594,89.60352325439453,69.50432586669922,58.07020950317383
2022-09-20,90.73434448242188,71.01090240478516,89.26731872558594,69.65011596679688,58.24403762817383
2022-09-19,91.64803314208984,71.04573822021484,90.1666259765625,70.36369323730469,58.84447479248047
2022-09-16,91.43456268310547,71.12413787841797,90.01537322998047,70.06449127197266,58.623260498046875
2022-09-15,92.20313262939453,71.08927154541016,90.2254867553711,69.88797760009766,58.42573928833008
2022-09-14,92.26292419433594,71.16764068603516,90.66253662109375,70.3023452758789,58.79706954956055
2022-09-13,91.94698333740234,71.22864532470703,90.23385620117188,70.24861907958984,58.71016311645508
2022-09-12,91.73346710205078,71.47248077392578,90.88945007324219,71.86770629882812,60.07698440551758
2022-09-09,92.49346160888672,71.4811782836914,91.0911865234375,71.62981414794922,59.89529037475586
2022-09-08,92.28852081298828,71.54214477539062,90.88105010986328,71.32288360595703,59.658241271972656
2022-09-07,93.24498748779297,71.62921142578125,91.0911865234375,71.03129577636719,59.39752960205078
2022-09-06,91.79324340820312,71.52471923828125,89.86408996582031,70.1181869506836,58.552162170410156
2022-09-02,94.12456512451172,71.6814956665039,91.09959411621094,70.27932739257812,58.71016311645508
2022-09-01,93.5951156616211,71.52471923828125,91.03233337402344,70.25629425048828,58.74967956542969
2022-08-31,95.34063720703125,71.57696533203125,91.58370208740234,70.12586975097656,58.59482192993164
2022-08-30,96.260986328125,71.58567810058594,92.55593872070312,70.5684814453125,58.91716003417969
2022-08-29,96.0223617553711,71.62047576904297,92.43861389160156,71.1255874633789,59.37314224243164
2022-08-26,96.82340240478516,71.67265319824219,93.1258773803711,71.4232177734375,59.601158142089844
2022-08-25,96.09905242919922,71.6900405883789,93.68743896484375,72.57557678222656,60.599613189697266
2022-08-24,94.77819061279297,71.64655303955078,92.73194122314453,71.97268676757812,60.03355026245117
2022-08-23,95.4769515991211,71.72483825683594,93.00855255126953,71.86585235595703,59.962791442871094
2022-08-22,96.00531005859375,71.6900405883789,92.90796661376953,71.71320343017578,59.813411712646484
2022-08-19,96.32913970947266,71.78571319580078,93.53658294677734,72.560302734375,60.497398376464844
2022-08-18,97.9056396484375,71.8378677368164,94.65969848632812,73.33108520507812,61.11851119995117
2022-08-17,97.76074981689453,71.7335433959961,94.4166030883789,73.26238250732422,61.024147033691406
2022-08-16,98.79188537597656,71.79444885253906,95.31342315673828,74.03318786621094,61.66094207763672
2022-08-15,98.38287353515625,71.85531616210938,95.68220520019531,74.31553649902344,61.95186233520508
2022-08-12,98.46807861328125,71.79444885253906,95.7492446899414,74.4605484008789,62.06190490722656
2022-08-11,97.47957611083984,71.77702331542969,94.65128326416016,73.78132629394531,61.51158142089844
2022-08-10,99.80596923828125,71.8031234741211,95.5732192993164,74.14765930175781,61.865360260009766
2022-08-09,100.462158203125,71.7335433959961,94.67642211914062,73.0487289428711,60.9533805847168
2022-08-08,100.85417938232422,71.8031234741211,95.1039047241211,73.61344909667969,61.40937805175781
2022-08-05,99.2520751953125,71.7335433959961,94.72671508789062,73.51425170898438,61.35434341430664
2022-08-04,101.67221069335938,72.02928161621094,96.02586364746094,73.81951141357422,61.6688232421875
2022-08-03,101.7063217163086,71.93357849121094,95.87499237060547,73.62872314453125,61.50374221801758
2022-08-02,100.12981414794922,71.90748596191406,94.84407806396484,72.98766326904297,60.96910095214844
2022-08-01,102.29432678222656,72.15973663330078,96.01746368408203,73.35398864746094,61.25216293334961
2022-07-29,99.88867950439453,72.16149139404297,95.82804870605469,73.21812438964844,61.2332878112793
2022-07-28,100.1608657836914,72.17015838623047,95.602294921875,73.02821350097656,61.053165435791016
2022-07-27,99.3697738647461,72.01380920410156,94.81633758544922,72.22296142578125,60.43446731567383
2022-07-26,99.93120574951172,71.90083312988281,94.18926239013672,71.4860610961914,59.77663803100586
2022-07-25,99.85462951660156,71.93553924560547,94.20596313476562,71.97984313964844,60.19954299926758
2022-07-22,100.84133911132812,71.99639129638672,95.0086669921875,72.0178451538086,60.2152099609375
2022-07-21,99.17411041259766,71.81393432617188,94.28121948242188,72.11659240722656,60.29352569580078
2022-07-20,97.48989868164062,71.61407470703125,93.01030731201172,71.20498657226562,59.588706970214844
2022-07-19,97.23472595214844,71.6227798461914,93.11064910888672,70.84791564941406,59.33026123046875
2022-07-18,97.7620849609375,71.70097351074219,92.85145568847656,69.89833068847656,58.55495834350586
2022-07-15,98.79134368896484,71.74443054199219,93.50361633300781,70.58963775634766,59.12664031982422
2022-07-14,98.23841857910156,71.69229888916016,92.75948333740234,69.6324462890625,58.38265609741211
2022-07-13,99.0465316772461,71.71834564208984,93.3531265258789,69.82994842529297,58.4923210144043
2022-07-12,97.9237289428711,71.79653930664062,92.65917205810547,69.96668243408203,58.55495834350586
2022-07-11,97.34529113769531,71.76178741455078,92.52535247802734,69.70841979980469,58.320030212402344
2022-07-08,95.6950912475586,71.7357406616211,92.26616668701172,70.0958251953125,58.64891052246094
2022-07-07,96.76687622070312,71.82262420654297,92.41667938232422,69.95148468017578,58.601932525634766
2022-07-06,97.62599182128906,71.87474060058594,92.42504119873047,68.83477783203125,57.66217803955078
2022-07-05,99.29322052001953,72.07460021972656,92.88488006591797,69.10066986083984,57.88145446777344
2022-07-01,98.5191421508789,72.0832748413086,92.90999603271484,69.16143798828125,57.936302185058594
2022-06-30,97.51798248291016,71.86690521240234,91.7502670288086,68.56659698486328,57.388885498046875
2022-06-29,96.6690444946289,71.72801971435547,91.47509765625,68.6497573852539,57.4200553894043
2022-06-28,95.1833724975586,71.64120483398438,90.93309783935547,68.77074432373047,57.50582504272461
2022-06-27,94.74189758300781,71.65862274169922,90.95809173583984,69.70044708251953,58.14511489868164
2022-06-24,95.55693054199219,71.73670959472656,91.80030822753906,70.03304290771484,58.50375747680664
2022-06-23,96.89823913574219,71.75408172607422,91.69190979003906,69.56437683105469,58.09055709838867
2022-06-22,96.10872650146484,71.69329071044922,90.99146270751953,69.07305908203125,57.677337646484375
2022-06-21,93.53643035888672,71.48497772216797,90.33268737792969,69.03527069091797,57.69291687011719
2022-06-17,95.1494140625,71.51103973388672,91.24995422363281,69.26959228515625,57.73191833496094
2022-06-16,94.84381103515625,71.52836608886719,91.0665054321289,68.87654876708984,57.552574157714844
2022-06-15,94.09671783447266,71.43289947509766,90.9664306640625,70.04058837890625,58.4803466796875
2022-06-14,92.37336730957031,71.15509033203125,89.56553649902344,68.81605529785156,57.3654899597168
2022-06-13,93.55339813232422,71.29401397705078,90.0324935913086,68.27182006835938,56.99124526977539
2022-06-10,96.58413696289062,71.65862274169922,92.15886688232422,70.69823455810547,58.96373748779297
2022-06-09,97.18688201904297,71.96241760253906,93.0594711303711,71.97565460205078,59.98506164550781
2022-06-08,96.86427307128906,72.01447296142578,93.67648315429688,72.57282257080078,60.468441009521484
2022-06-07,97.73020935058594,72.06658172607422,94.21854400634766,73.222900390625,60.99079895019531
2022-06-06,96.68598937988281,72.05789947509766,93.71819305419922,73.1246109008789,60.8504638671875
2022-06-03,98.50272369384766,72.15338134765625,94.38529968261719,73.60083770751953,61.310428619384766
2022-06-02,98.71495819091797,72.17941284179688,94.68548583984375,74.1753158569336,61.77041244506836
2022-06-01,98.66405487060547,72.1620864868164,94.64378356933594,73.9560775756836,61.51310729980469
2022-05-31,98.77691650390625,72.29660034179688,95.19915771484375,74.22370147705078,61.7415771484375
2022-05-27,100.91249084472656,72.40937805175781,95.9062271118164,74.72042846679688,62.277469635009766
2022-05-26,100.66670989990234,72.39200592041016,95.4071273803711,74.02798461914062,61.72604751586914
2022-05-25,101.12432861328125,72.37469482421875,95.38216400146484,72.92164611816406,60.87952423095703
2022-05-24,100.72606658935547,72.32263946533203,94.40888214111328,71.83036041259766,59.97087860107422
2022-05-23,98.77691650390625,72.15782928466797,93.18603515625,71.48414611816406,59.61361312866211
2022-05-20,100.42943572998047,72.19255065917969,93.51876831054688,71.27340698242188,59.38063430786133
2022-05-19,99.3023452758789,72.14047241210938,93.0612564086914,71.34112548828125,59.41948699951172
2022-05-18,99.0650634765625,72.03640747070312,92.81168365478516,70.8443832397461,59.023372650146484
2022-05-17,96.99732971191406,72.00169372558594,92.47062683105469,71.43900299072266,59.51264190673828
2022-05-16,98.1837387084961,72.15782928466797,93.00302124023438,71.49919128417969,59.567020416259766
2022-05-13,98.28543853759766,72.11444854736328,92.87821960449219,71.64217376708984,59.65243911743164
2022-05-12,99.75997161865234,72.14047241210938,93.3690414428711,71.55184173583984,59.582550048828125
2022-05-11,99.94640350341797,72.03640747070312,93.32745361328125,71.66475677490234,59.605838775634766
2022-05-10,98.0566177368164,72.02771759033203,92.89486694335938,72.03355407714844,59.963104248046875
2022-05-09,97.17528533935547,72.07107543945312,92.5038833618164,71.72496032714844,59.62138748168945
2022-05-06,96.3278579711914,71.88896179199219,92.17947387695312,72.53028106689453,60.258235931396484
2022-05-05,97.76848602294922,71.89759826660156,92.96974182128906,72.9291763305664,60.59990692138672
2022-05-04,100.52265930175781,72.01904296875,94.41719055175781,74.26882934570312,61.69498825073242
2022-05-03,99.97181701660156,71.82823181152344,93.50214385986328,73.50867462158203,61.07368469238281
2022-05-02,99.3023452758789,71.8629150390625,92.90318298339844,73.10228729248047,60.755271911621094
2022-04-29,101.05399322509766,71.86811828613281,93.45722198486328,73.1519775390625,60.7513542175293
2022-04-28,102.38220977783203,72.00685119628906,94.50304412841797,74.11119842529297,61.50950241088867
2022-04-27,102.22994995117188,72.0588607788086,94.22077178955078,73.75148010253906,61.169132232666016
2022-04-26,103.5581283569336,72.09354400634766,95.1337661743164,74.09622955322266,61.47080993652344
2022-04-25,102.5260009765625,71.9634780883789,95.18360137939453,74.5234146118164,61.83441925048828
2022-04-22,101.5108413696289,71.85079956054688,94.13777923583984,74.03629302978516,61.316131591796875
2022-04-21,102.1537857055664,71.86811828613281,94.24568939208984,74.45596313476562,61.68742370605469
2022-04-20,102.91519927978516,71.989501953125,95.2582778930664,74.9281005859375,62.11293029785156
2022-04-19,100.8847885131836,71.94615173339844,94.27887725830078,74.74075317382812,61.919490814208984
2022-04-18,101.646240234375,72.11087036132812,95.03418731689453,74.79320526123047,61.97367477416992
2022-04-14,102.1537857055664,72.11087036132812,95.76458740234375,74.88311767578125,62.07423400878906
2022-04-13,104.24337005615234,72.24091339111328,96.89337158203125,75.37777709960938,62.491981506347656
2022-04-12,104.03189849853516,72.20623779296875,96.39537811279297,74.9281005859375,62.120662689208984
2022-04-11,104.17572021484375,72.024169921875,96.3289794921875,74.39600372314453,61.648765563964844
2022-04-08,105.8508071899414,72.00685119628906,97.27519989013672,74.9281005859375,62.07423400878906
2022-04-07,107.00980377197266,72.09354400634766,98.04706573486328,75.3702621459961,62.453311920166016
2022-04-06,107.82196044921875,72.04151153564453,98.50357055664062,75.53511810302734,62.55387496948242
2022-04-05,108.70182037353516,71.989501953125,99.08454132080078,76.1496810913086,63.04899215698242
2022-04-04,111.21441650390625,72.1195297241211,100.85244750976562,77.09394836425781,63.876739501953125
2022-04-01,111.99272155761719,72.07620239257812,100.50385284423828,76.55435180664062,63.3970832824707
2022-03-31,111.56800842285156,72.22703552246094,100.16770935058594,76.51840209960938,63.40174102783203
2022-03-30,111.2977066040039,72.22703552246094,100.39962005615234,76.80953216552734,63.63288497924805
2022-03-29,110.4361343383789,72.175048828125,100.16770935058594,76.97376251220703,63.825531005859375
2022-03-28,109.60832214355469,72.14038848876953,99.33118438720703,76.0480728149414,63.04734420776367
2022-03-25,108.67913818359375,72.20970916748047,98.78455352783203,75.64496612548828,62.654396057128906
2022-03-24,110.20801544189453,72.40901184082031,99.57136535644531,76.09288024902344,63.10897445678711
2022-03-23,111.07810974121094,72.42633819580078,99.52995300292969,75.92862701416016,62.97798538208008
2022-03-22,108.69605255126953,72.36566925048828,99.24835968017578,76.26457214355469,63.178321838378906
2022-03-21,110.1066665649414,72.41767883300781,99.4885482788086,75.90624237060547,62.8547477722168
2022-03-18,112.71678924560547,72.66033172607422,100.88826751708984,76.66769409179688,63.58664321899414
2022-03-17,111.35686492919922,72.6776123046875,100.68949890136719,76.39146423339844,63.37864303588867
2022-03-16,112.19310760498047,72.70364379882812,99.71220397949219,75.89876556396484,62.947166442871094
2022-03-15,111.10338592529297,72.77293395996094,98.86737823486328,74.82376861572266,62.0765495300293
2022-03-14,111.2977066040039,72.7469711303711,98.09708404541016,74.35348510742188,61.61427688598633
2022-03-11,113.95848083496094,72.93757629394531,99.53822326660156,75.21195983886719,62.35393142700195
2022-03-10,113.57842254638672,72.96356201171875,99.57966613769531,75.80919647216797,62.808502197265625
2022-03-09,115.23397827148438,73.02426147460938,100.73091888427734,76.39146423339844,63.340152740478516
2022-03-08,116.37438201904297,73.06758880615234,100.55696105957031,75.81665802001953,62.81618118286133
2022-03-07,117.55694580078125,73.16291809082031,101.16161346435547,76.0406265258789,63.03962707519531
2022-03-04,118.46080017089844,73.25826263427734,102.40394592285156,76.76473236083984,63.59435272216797
2022-03-03,116.45038604736328,73.18024444580078,102.30459594726562,77.30223846435547,64.01040649414062
2022-03-02,115.27625274658203,73.18024444580078,101.9318618774414,77.49633026123047,64.20304870605469
2022-03-01,119.35616302490234,73.42288208007812,103.50553894042969,77.24998474121094,64.0489501953125
2022-02-28,117.99195861816406,73.25389099121094,103.15271759033203,77.56352233886719,64.22842407226562
2022-02-25,115.46118927001953,73.12396240234375,102.06163787841797,77.51148223876953,64.18241882324219
2022-02-24,115.37688446044922,73.12396240234375,101.64839172363281,77.08012390136719,63.82160186767578
2022-02-23,115.30093383789062,73.06330871582031,101.16899108886719,76.59677124023438,63.36870193481445
2022-02-22,116.91217041015625,73.10662841796875,102.0947265625,76.72320556640625,63.483848571777344
2022-02-18,116.6085433959961,73.17591094970703,102.22694396972656,76.87934875488281,63.62969207763672
2022-02-17,115.39373779296875,73.16724395751953,101.97898864746094,76.7752456665039,63.53757858276367
2022-02-16,114.54170227050781,73.12396240234375,101.90461730957031,77.1024398803711,63.80626678466797
2022-02-15,113.86687469482422,73.0286636352539,101.75586700439453,76.67857360839844,63.4531364440918
2022-02-14,115.17437744140625,73.00264739990234,102.26829528808594,76.60419464111328,63.345672607421875
2022-02-11,116.62538146972656,73.1585922241211,103.18574523925781,76.69342041015625,63.4531364440918
2022-02-10,114.92134857177734,72.93336486816406,102.4253158569336,77.0206527709961,63.67576599121094
2022-02-09,116.77722930908203,73.3058853149414,103.83873748779297,77.99485778808594,64.52781677246094
2022-02-08,116.5578842163086,73.31452941894531,103.49156188964844,77.61558532714844,64.1900863647461
2022-02-07,117.34236907958984,73.39248657226562,103.88005065917969,77.69737243652344,64.25916290283203
2022-02-04,117.2664794921875,73.37516784667969,103.68994140625,77.76432800292969,64.30522155761719
2022-02-03,119.02115631103516,73.52246856689453,104.73138427734375,78.10639953613281,64.55857849121094
2022-02-02,119.95752716064453,73.58308410644531,105.58274841308594,78.71617126464844,65.1419448852539
2022-02-01,119.55257415771484,73.56576538085938,105.57444763183594,78.64180755615234,65.04217529296875
2022-01-31,119.9508056640625,73.57183074951172,105.39923858642578,78.21793365478516,64.78499603271484
2022-01-28,120.57415008544922,73.57183074951172,105.34973907470703,78.2253189086914,64.76972198486328
2022-01-27,120.53201293945312,73.54583740234375,105.23421478271484,78.04752349853516,64.58613586425781
2022-01-26,118.35858917236328,73.60647583007812,104.9949951171875,78.41058349609375,64.86915588378906
2022-01-25,119.80754089355469,73.73638153076172,105.7127685546875,78.67731475830078,65.09090423583984
2022-01-24,120.00132751464844,73.77100372314453,106.00972747802734,78.89218139648438,65.28216552734375
2022-01-21,120.9953384399414,73.72770690917969,106.33971405029297,78.97366333007812,65.35103607177734
2022-01-20,119.57167053222656,73.66707611083984,105.64676666259766,78.9958724975586,65.3433609008789
2022-01-19,118.83879089355469,73.68443298339844,105.7044677734375,79.17372131347656,65.46574401855469
2022-01-18,118.02162170410156,73.6497802734375,105.53948974609375,79.2478256225586,65.52692413330078
2022-01-14,119.70647430419922,73.76236724853516,106.55422973632812,79.65530395507812,65.84817504882812
2022-01-13,121.54290771484375,73.8576431274414,107.50294494628906,79.72940063476562,65.90935516357422
2022-01-12,120.47303009033203,73.8229751586914,107.1646728515625,79.95906066894531,66.14649200439453
2022-01-11,120.93636322021484,73.8489761352539,107.23895263671875,79.83309936523438,66.03939056396484
2022-01-10,120.13611602783203,73.8229751586914,106.91720581054688,79.43299865722656,65.73345184326172
2022-01-07,119.84124755859375,73.8663101196289,107.01622009277344,79.42560577392578,65.67990112304688
2022-01-06,120.70893096923828,73.88359832763672,107.47818756103516,79.6404800415039,65.84817504882812
2022-01-05,120.39718627929688,73.9442367553711,107.6184310913086,79.62569427490234,65.84054565429688
2022-01-04,121.05432891845703,74.03946685791016,108.25369262695312,80.24063110351562,66.35298156738281
2022-01-03,121.55978393554688,73.99622344970703,108.16291046142578,80.38878631591797,66.52127838134766
2021-12-31,124.83670043945312,74.08280944824219,109.3261489868164,80.44066619873047,66.5518798828125
2021-12-30,124.59242248535156,74.09149169921875,109.49109649658203,80.41104888916016,66.5671615600586
2021-12-29,123.55632019042969,74.04817962646484,109.05390930175781,80.4554672241211,66.59776306152344
2021-12-28,124.92097473144531,74.05683898925781,109.65611267089844,80.61107635498047,66.7048110961914
2021-12-27,125.4179916381836,74.05683898925781,109.79638671875,80.64073181152344,66.73541259765625
2021-12-23,125.11470794677734,74.08280944824219,109.47464752197266,80.59628295898438,66.66658782958984
2021-12-22,126.20988464355469,74.09149169921875,109.63961029052734,80.35913848876953,66.47537231445312
2021-12-21,125.62860870361328,74.10014343261719,109.46638488769531,80.12210083007812,66.2994384765625
2021-12-20,126.10875701904297,74.1434326171875,109.2518539428711,79.72940063476562,65.94762420654297
2021-12-17,127.06068420410156,74.12611389160156,109.73033142089844,79.81831359863281,66.06232452392578
2021-12-16,125.63701629638672,74.1607666015625,109.47464752197266,79.85829162597656,66.12353515625
2021-12-15,125.58818817138672,74.10184478759766,109.47795104980469,79.9468994140625,66.1724853515625
2021-12-14,126.80828094482422,74.0759048461914,109.33794403076172,79.67373657226562,65.92094421386719
2021-12-13,127.11119079589844,74.11919403076172,109.8320083618164,79.79924011230469,66.03527069091797
2021-12-10,125.26001739501953,74.0759048461914,109.33794403076172,79.78448486328125,66.03527069091797
2021-12-09,125.56291961669922,74.04126739501953,109.2144775390625,79.6072769165039,65.8828125
2021-12-08,124.8645248413086,74.06724548339844,109.30502319335938,79.99858856201172,66.18013763427734
2021-12-07,127.06071472167969,74.04126739501953,110.03783416748047,79.98379516601562,66.19534301757812
2021-12-06,128.09571838378906,74.13648223876953,109.98845672607422,79.49653625488281,65.84469604492188
2021-12-03,129.87960815429688,74.19709014892578,110.54830169677734,79.20125579833984,65.55503845214844
2021-12-02,128.34814453125,74.1537857055664,109.6343994140625,79.20865631103516,65.55503845214844
2021-12-01,128.18832397460938,74.2490463256836,109.37910461425781,78.66232299804688,65.07481384277344
2021-11-30,127.40237426757812,74.24040222167969,109.36349487304688,78.58628845214844,65.06568145751953
2021-11-29,125.49457550048828,74.30095672607422,109.1251220703125,78.9393539428711,65.33917236328125
2021-11-26,126.51145935058594,74.266357421875,109.0511703491211,78.46122741699219,64.9365005493164
2021-11-24,123.39347839355469,74.1192398071289,108.17170715332031,79.06444549560547,65.40756225585938
2021-11-23,121.44365692138672,74.13656616210938,107.65388488769531,79.10120391845703,65.42276000976562
2021-11-22,123.225341796875,74.13656616210938,108.4265365600586,79.2115249633789,65.51393127441406
2021-11-19,124.68779754638672,74.22309112548828,109.37992858886719,79.50579833984375,65.7646484375
2021-11-18,123.38506317138672,74.24040222167969,108.96893310546875,79.56465148925781,65.81783294677734
2021-11-17,122.92277526855469,74.2490463256836,108.72240447998047,79.65290069580078,65.87102508544922
2021-11-16,121.95634460449219,74.22309112548828,108.28675842285156,79.7706069946289,65.93938446044922
2021-11-15,122.2672348022461,74.22309112548828,108.46757507324219,79.74854278564453,65.90898895263672
2021-11-12,123.82208251953125,74.23177337646484,109.2977523803711,79.84416961669922,65.9849853515625
2021-11-11,124.36839294433594,74.17118072509766,109.41280364990234,79.84416961669922,65.96221923828125
2021-11-10,124.5531997680664,74.22309112548828,109.72517395019531,79.96923065185547,66.0761489868164
2021-11-09,126.87290954589844,74.37020874023438,110.8593521118164,80.38121032714844,66.44841766357422
2021-11-08,125.24244689941406,74.32694244384766,110.5634765625,80.32234191894531,66.39524841308594
2021-11-05,125.4777603149414,74.41346740722656,110.81828308105469,80.40322875976562,66.47882080078125
2021-11-04,123.62879943847656,74.37882995605469,110.0128173828125,80.04276275634766,66.22808837890625
2021-11-03,122.3428955078125,74.30964660644531,109.43744659423828,79.85154724121094,66.05335998535156
2021-11-02,123.62043762207031,74.32694244384766,109.71691131591797,79.66028594970703,65.92420196533203
2021-11-01,123.07408905029297,74.2490463256836,109.2977523803711,79.5278549194336,65.7646484375
2021-10-29,123.9666519165039,74.28279113769531,109.49333953857422,79.62421417236328,65.8353042602539
2021-10-28,123.58895111083984,74.27416229248047,109.55074310302734,79.77081298828125,66.009521484375
2021-10-27,124.00859832763672,74.26549530029297,109.7148208618164,79.58026123046875,65.84290313720703
2021-10-26,121.79266357421875,74.28279113769531,109.05035400390625,79.66822052001953,65.89591979980469
2021-10-25,120.79383087158203,74.30012512207031,108.58279418945312,79.64618682861328,65.8807373046875
2021-10-22,120.97847747802734,74.26549530029297,108.53357696533203,79.52162170410156,65.76713562011719
2021-10-21,119.66068267822266,74.28279113769531,108.09886169433594,79.69756317138672,65.92617797851562
2021-10-20,119.80335998535156,74.36930847167969,108.32850646972656,79.91014099121094,66.09281158447266
2021-10-19,120.6175765991211,74.34336853027344,108.59102630615234,79.85147094726562,66.07008361816406
2021-10-18,122.30469512939453,74.31741333007812,109.1898193359375,79.79283905029297,66.02462005615234
2021-10-15,121.73396301269531,74.36930847167969,109.28009033203125,79.8294906616211,66.0549087524414
2021-10-14,122.44743347167969,74.41258239746094,109.673828125,79.99077606201172,66.16854858398438
2021-10-13,121.99408721923828,74.41258239746094,109.15702819824219,79.55091857910156,65.79742431640625
2021-10-12,120.81900787353516,74.4385757446289,108.60741424560547,79.36764526367188,65.62325286865234
2021-10-11,118.78772735595703,74.40393829345703,107.9183578491211,79.2210464477539,65.5020751953125
2021-10-08,119.08989715576172,74.46452331542969,108.12344360351562,79.49961853027344,65.7065658569336
2021-10-07,119.9292984008789,74.490478515625,108.62380981445312,79.63888549804688,65.90348815917969
2021-10-06,121.1966781616211,74.51644134521484,109.1077880859375,79.66822052001953,65.89591979980469
2021-10-05,120.51686096191406,74.52506256103516,109.07498931884766,79.71219635009766,65.93374633789062
2021-10-04,121.69193267822266,74.53373718261719,109.52617645263672,79.77818298339844,65.96405792236328
2021-10-01,122.00249481201172,74.56834411621094,109.7066421508789,80.04940795898438,66.19879150390625
2021-09-30,120.984375,74.53288269042969,108.9150161743164,79.88224792480469,66.04052734375
2021-09-29,121.00109100341797,74.51556396484375,109.20157623291016,79.97722625732422,66.11604309082031
2021-09-28,120.79155731201172,74.4896240234375,109.22615051269531,79.81651306152344,65.9952392578125
2021-09-27,122.70283508300781,74.48096466064453,110.40511322021484,80.1671371459961,66.29719543457031
2021-09-24,123.1556167602539,74.4896240234375,110.46240997314453,80.23290252685547,66.35757446289062
2021-09-23,124.37114715576172,74.51556396484375,110.69988250732422,80.32054138183594,66.4557113647461
2021-09-22,127.24640655517578,74.55879974365234,111.46941375732422,80.30594635009766,66.42549896240234
2021-09-21,126.4920425415039,74.60209655761719,111.15835571289062,80.1744613647461,66.30474090576172
2021-09-20,126.60107421875,74.58477020263672,111.16648864746094,80.04296112060547,66.19151306152344
2021-09-17,125.05018615722656,74.5674819946289,110.82267761230469,80.31324005126953,66.42549896240234
2021-09-16,125.65375518798828,74.58477020263672,111.06826782226562,80.40088653564453,66.50856018066406
2021-09-15,126.23218536376953,74.6107406616211,111.22384643554688,80.43011474609375,66.53119659423828
2021-09-14,126.67648315429688,74.6107406616211,111.35480499267578,80.24020385742188,66.43307495117188
2021-09-13,125.1590805053711,74.60209655761719,111.01914978027344,80.32781982421875,66.46326446533203
2021-09-10,124.40460968017578,74.58477020263672,110.74895477294922,80.1379165649414,66.29719543457031
2021-09-09,125.5112075805664,74.6107406616211,111.06826782226562,80.21829223632812,66.39532470703125
2021-09-08,124.01067352294922,74.59341430664062,110.34782409667969,80.15982818603516,66.33494567871094
2021-09-07,123.17230987548828,74.57610321044922,109.99575805664062,80.07218933105469,66.25944519042969
2021-09-03,124.2201919555664,74.60209655761719,110.51970672607422,80.28404235839844,66.43307495117188
2021-09-02,125.3603515625,74.60209655761719,110.92088317871094,80.26209259033203,66.42549896240234
2021-09-01,124.81546783447266,74.60209655761719,110.72439575195312,80.15982818603516,66.34247589111328
2021-08-31,124.60669708251953,74.6081314086914,110.58192443847656,80.07584381103516,66.28585815429688
2021-08-30,125.46061706542969,74.61681365966797,110.8353042602539,80.06127166748047,66.27082824707031
2021-08-27,125.1341781616211,74.59947967529297,110.64739227294922,79.97394561767578,66.18805694580078
2021-08-26,124.28855895996094,74.54753875732422,110.03437042236328,79.71188354492188,66.00743865966797
2021-08-25,123.94524383544922,74.54753875732422,110.0670166015625,79.78466033935547,66.04505157470703
2021-08-24,124.98344421386719,74.55622863769531,110.3531265258789,79.69731140136719,65.97734832763672
2021-08-23,125.96305847167969,74.56488037109375,110.6064453125,79.57354736328125,65.88706970214844
2021-08-20,126.04671478271484,74.56488037109375,110.5247573852539,79.31875610351562,65.68387603759766
2021-08-19,125.96305847167969,74.56488037109375,110.45118713378906,79.18042755126953,65.52586364746094
2021-08-18,125.04212951660156,74.56488037109375,110.19783782958984,79.20957946777344,65.53336334228516
2021-08-17,124.62342071533203,74.56488037109375,110.27134704589844,79.33330535888672,65.68387603759766
2021-08-16,124.67366027832031,74.58218383789062,110.4675064086914,79.4861831665039,65.83436584472656
2021-08-13,124.37226104736328,74.56488037109375,110.40215301513672,79.46436309814453,65.81182098388672
2021-08-12,122.43826293945312,74.55622863769531,109.66657257080078,79.32603454589844,65.66885375976562
2021-08-11,122.63912963867188,74.55622863769531,109.51129913330078,79.22412872314453,65.55594635009766
2021-08-10,122.71451568603516,74.52164459228516,109.33964538574219,79.09307098388672,65.45061492919922
2021-08-09,123.28384399414062,74.54753875732422,109.58485412597656,79.23140716552734,65.60108947753906
2021-08-06,123.72756958007812,74.57353210449219,110.05891418457031,79.41339874267578,65.7515869140625
2021-08-05,125.82906341552734,74.59947967529297,110.96607208251953,79.47891235351562,65.82686614990234
2021-08-04,126.47374725341797,74.63407135009766,111.42378234863281,79.3478775024414,65.6763687133789
2021-08-03,126.2142333984375,74.66002655029297,111.39925384521484,79.49349212646484,65.79676055908203
2021-08-02,126.14715576171875,74.66002655029297,111.28485107421875,79.47162628173828,65.72149658203125
2021-07-30,125.03199005126953,74.63236999511719,110.96359252929688,79.63905334472656,65.88480377197266
2021-07-29,124.4466323852539,74.61505889892578,110.8738784790039,79.73339080810547,65.97481536865234
2021-07-28,125.14078521728516,74.61505889892578,111.19203186035156,79.58828735351562,65.832275390625
2021-07-27,125.13239288330078,74.60643005371094,110.99630737304688,79.53751373291016,65.77979278564453
2021-07-26,123.81106567382812,74.58908081054688,110.5230712890625,79.61004638671875,65.86978149414062
2021-07-23,124.17903137207031,74.60643005371094,110.76780700683594,79.71886444091797,65.96731567382812
2021-07-22,125.01524353027344,74.59774017333984,110.81678771972656,79.56649780273438,65.83978271484375
2021-07-21,123.84458923339844,74.58908081054688,110.35990142822266,79.54473876953125,65.80228424072266
2021-07-20,125.43342590332031,74.61505889892578,110.75154113769531,79.29080200195312,65.64479064941406
2021-07-19,126.65428924560547,74.5804672241211,110.9065170288086,78.94982147216797,65.31476593017578
2021-07-16,123.93653106689453,74.54586029052734,110.11518096923828,79.49395751953125,65.75727081298828
2021-07-15,124.170654296875,74.55448150634766,110.27012634277344,79.62454986572266,65.8472900390625
2021-07-14,122.81602478027344,74.54586029052734,110.03358459472656,79.63905334472656,65.89228820800781
2021-07-13,121.43623352050781,74.49395751953125,109.52772521972656,79.552001953125,65.78730010986328
2021-07-12,122.37287139892578,74.55448150634766,109.9356460571289,79.76241302490234,65.98230743408203
2021-07-09,122.53169250488281,74.57181549072266,109.99280548095703,79.7696533203125,66.00481414794922
2021-07-08,124.27941131591797,74.59774017333984,110.45780181884766,79.64632415771484,65.89228820800781
2021-07-07,123.79439544677734,74.56315612792969,110.40071105957031,79.8059310913086,66.0348129272461
2021-07-06,122.70728302001953,74.55448150634766,110.02542877197266,79.7914047241211,66.0123062133789
2021-07-02,121.2857437133789,74.528564453125,109.62559509277344,79.77690887451172,66.04981231689453
2021-07-01,120.5582275390625,74.49395751953125,109.31564331054688,79.63905334472656,65.94482421875
2021-06-30,120.55152893066406,74.50869750976562,109.41106414794922,79.49322509765625,65.8157958984375
2021-06-29,120.01705932617188,74.49136352539062,109.28894805908203,79.5076904296875,65.808349609375
2021-06-28,119.816650390625,74.50003051757812,109.15863800048828,79.41371154785156,65.72610473632812
2021-06-25,118.59727478027344,74.47408294677734,108.69446563720703,79.41371154785156,65.73355865478516
2021-06-24,119.84169006347656,74.48271179199219,108.9794921875,79.33419036865234,65.666259765625
2021-06-23,119.64961242675781,74.47408294677734,108.76779174804688,79.16072845458984,65.4644546508789
2021-06-22,119.95858764648438,74.5259780883789,108.93878173828125,79.16072845458984,65.5317153930664
2021-06-21,119.66625213623047,74.48271179199219,108.7596435546875,79.13900756835938,65.48686981201172
2021-06-18,121.70397186279297,74.4654312133789,109.39476776123047,78.9872055053711,65.3597640991211
2021-06-17,119.45748901367188,74.5259780883789,108.82476806640625,79.05945587158203,65.38968658447266
2021-06-16,117.69532012939453,74.5259780883789,108.22217559814453,79.0088882446289,65.34480285644531
2021-06-15,117.79557037353516,74.59516143798828,108.53160095214844,79.11006927490234,65.43451690673828
2021-06-14,117.93756866455078,74.60380554199219,108.45014953613281,79.09563446044922,65.44202423095703
2021-06-11,118.84784698486328,74.62975311279297,108.8492202758789,79.1534423828125,65.50180053710938
2021-06-10,119.03999328613281,74.64704895019531,108.7596435546875,79.1173324584961,65.47936248779297
2021-06-09,118.33006286621094,74.62110900878906,108.27106475830078,78.9872055053711,65.3597640991211
2021-06-08,117.29447937011719,74.63833618164062,107.8801498413086,78.90766143798828,65.30743408203125
2021-06-07,116.4760513305664,74.62110900878906,107.47301483154297,78.849853515625,65.26261138916016
2021-06-04,116.83515930175781,74.62975311279297,107.56258392333984,78.79199981689453,65.24016571044922
2021-06-03,115.25675964355469,74.60380554199219,106.80529022216797,78.64017486572266,65.09813690185547
2021-06-02,115.6910400390625,74.62975311279297,107.22870635986328,78.74862670898438,65.23269653320312
2021-06-01,115.423828125,74.62110900878906,107.05770111083984,78.6618423461914,65.15045928955078
2021-05-28,115.44971466064453,74.63668823242188,107.04386901855469,78.45582580566406,64.95532989501953
2021-05-27,115.63314819335938,74.63668823242188,106.95447540283203,78.45582580566406,64.9776840209961
2021-05-26,116.10017395019531,74.63668823242188,107.27955627441406,78.49185180664062,65.00746154785156
2021-05-25,116.3003158569336,74.61936950683594,107.33645629882812,78.4486312866211,64.98513793945312
2021-05-24,115.23281860351562,74.61936950683594,106.93822479248047,78.47743225097656,64.9776840209961
2021-05-21,114.80755615234375,74.60205078125,106.64561462402344,78.3405532836914,64.9031753540039
2021-05-20,114.44066619873047,74.61936950683594,106.57250213623047,78.21809387207031,64.80634307861328
2021-05-19,113.50664520263672,74.58475494384766,105.84918212890625,77.90834045410156,64.5306396484375
2021-05-18,113.78185272216797,74.61072540283203,106.03608703613281,78.13163757324219,64.70204162597656
2021-05-17,114.07372283935547,74.60205078125,106.38553619384766,78.30455017089844,64.8585205078125
2021-05-14,114.31552124023438,74.60205078125,106.5074691772461,78.39094543457031,64.9776840209961
2021-05-13,113.25643920898438,74.60205078125,105.93043518066406,78.15328979492188,64.7690658569336
2021-05-12,113.08134460449219,74.58475494384766,105.53217315673828,77.95155334472656,64.53810119628906
2021-05-11,114.28217315673828,74.59345245361328,106.10924530029297,78.32617950439453,64.85102844238281
2021-05-10,114.93264770507812,74.60205078125,106.49931335449219,78.41261291503906,64.91806030273438
2021-05-07,116.1084976196289,74.6280288696289,107.07637786865234,78.53504943847656,65.06712341308594
2021-05-06,116.68388366699219,74.60205078125,107.03575134277344,78.4486312866211,65.02238464355469
2021-05-05,116.49211120605469,74.60205078125,106.83255767822266,78.5206527709961,65.04476928710938
2021-05-04,116.3003158569336,74.58475494384766,106.70250701904297,78.36217498779297,64.91806030273438
2021-05-03,115.51641082763672,74.58475494384766,106.63749694824219,78.3837661743164,64.95532989501953
2021-04-30,115.44721221923828,74.59165954589844,106.3814697265625,78.3974838256836,64.93004608154297
2021-04-29,115.18074035644531,74.58306884765625,106.16249084472656,78.433349609375,64.959716796875
2021-04-28,115.52212524414062,74.56576538085938,106.2922592163086,78.35440826416016,64.88542175292969
2021-04-27,115.44721221923828,74.5484619140625,106.27603912353516,78.22518157958984,64.75920104980469
2021-04-26,116.46311950683594,74.5571060180664,106.75460815429688,78.25390625,64.84834289550781
2021-04-23,116.629638671875,74.57440948486328,106.80325317382812,78.33287048339844,64.87802124023438
2021-04-22,116.9044418334961,74.59165954589844,106.71401977539062,78.13185119628906,64.70723724365234
2021-04-21,116.39645385742188,74.60035705566406,106.60858917236328,78.21085357666016,64.8260726928711
2021-04-20,116.16328430175781,74.58306884765625,106.24362182617188,78.03138732910156,64.61071014404297
2021-04-19,115.63037872314453,74.56576538085938,106.04081726074219,78.1749267578125,64.72209167480469
2021-04-16,115.96343231201172,74.57440948486328,106.3166275024414,78.24674224853516,64.8260726928711
2021-04-15,116.87113952636719,74.58306884765625,107.04662322998047,78.40465545654297,64.959716796875
2021-04-14,114.94752502441406,74.56576538085938,106.38964080810547,78.08161163330078,64.6998062133789
2021-04-13,115.31394958496094,74.56576538085938,106.53561401367188,78.13185119628906,64.7295150756836
2021-04-12,114.4562759399414,74.53986358642578,106.06512451171875,78.1031494140625,64.6849594116211
2021-04-09,114.50623321533203,74.5571060180664,106.08948516845703,78.16773223876953,64.75180053710938
2021-04-08,114.92256927490234,74.58306884765625,106.30848693847656,78.23238372802734,64.7963638305664
2021-04-07,113.98165130615234,74.5571060180664,105.91915130615234,78.2036361694336,64.77407836914062
2021-04-06,114.78105163574219,74.5484619140625,106.12998962402344,78.19650268554688,64.7963638305664
2021-04-05,114.00662231445312,74.53115844726562,105.42433166503906,78.06005096435547,64.6849594116211
2021-04-01,114.50623321533203,74.5484619140625,105.94349670410156,77.9883041381836,64.65524291992188
2021-03-31,112.63676452636719,74.5493392944336,105.283203125,77.82605743408203,64.51860046386719
2021-03-30,113.2687759399414,74.57523345947266,105.00798034667969,77.525634765625,64.20780944824219
2021-03-29,112.67839050292969,74.57523345947266,104.68415069580078,77.69013214111328,64.36320495605469
2021-03-26,113.64299774169922,74.5925521850586,104.93509674072266,77.61859893798828,64.32621002197266
2021-03-25,114.04217529296875,74.5925521850586,105.00798034667969,77.33964538574219,64.1338119506836
2021-03-24,114.94857025146484,74.58392333984375,105.12940979003906,77.27528381347656,64.02278900146484
2021-03-23,114.3332290649414,74.5666275024414,104.81366729736328,77.1894302368164,63.98578643798828
2021-03-22,113.31037139892578,74.55797576904297,104.50601196289062,77.14651489257812,63.9191780090332
2021-03-19,112.05467987060547,74.5666275024414,104.1336441040039,76.9390869140625,63.68975830078125
2021-03-18,111.36444854736328,74.5666275024414,103.97981262207031,76.58140563964844,63.44551467895508
2021-03-17,112.50372314453125,74.57523345947266,104.5788803100586,77.13934326171875,63.93400192260742
2021-03-16,113.35194396972656,74.55797576904297,104.48174285888672,77.03923034667969,63.845184326171875
2021-03-15,113.80931854248047,74.55797576904297,104.55462646484375,77.28243255615234,63.99319839477539
2021-03-12,113.14404296875,74.5493392944336,104.1983871459961,77.2609634399414,63.98578643798828
2021-03-11,115.59722900390625,74.55797576904297,105.41271209716797,77.4397964477539,64.16338348388672
2021-03-10,116.43704223632812,74.55797576904297,105.34797668457031,77.16795349121094,63.92660140991211
2021-03-09,116.20423889160156,74.53203582763672,104.85417175292969,76.9248046875,63.72676086425781
2021-03-08,114.61590576171875,74.53203582763672,104.0688705444336,76.8532485961914,63.63795852661133
2021-03-05,115.51405334472656,74.55797576904297,105.0484619140625,77.39685821533203,64.10417175292969
2021-03-04,115.2895278930664,74.55797576904297,105.18604278564453,77.17513275146484,63.91175842285156
2021-03-03,116.03795623779297,74.55797576904297,106.05229949951172,77.53278350830078,64.156005859375
2021-03-02,117.31027221679688,74.60120391845703,106.845703125,77.6686782836914,64.36320495605469
2021-03-01,117.30195617675781,74.58392333984375,106.96709442138672,77.84036254882812,64.45942687988281
2021-02-26,118.8719253540039,74.5908432006836,106.86264038085938,77.08071899414062,63.74379348754883
2021-02-25,115.0678939819336,74.49576568603516,105.46495056152344,77.23748016357422,63.935516357421875
2021-02-24,116.97823333740234,74.60810089111328,107.16161346435547,77.90739440917969,64.54756927490234
2021-02-23,117.75067901611328,74.62539672851562,106.99999237060547,77.89311218261719,64.48121643066406
2021-02-22,118.09120178222656,74.61672973632812,106.91922760009766,77.63656616210938,64.32637023925781
2021-02-19,118.99652099609375,74.63401794433594,107.58977508544922,77.89311218261719,64.52545928955078
2021-02-18,120.59950256347656,74.62539672851562,108.3734359741211,77.8646240234375,64.51807403564453
2021-02-17,121.08955383300781,74.62539672851562,108.58348846435547,77.95726776123047,64.60660552978516
2021-02-16,120.32546997070312,74.60810089111328,108.0422134399414,77.96440887451172,64.62870788574219
2021-02-12,122.18595123291016,74.63401794433594,108.80973815917969,78.1353988647461,64.73194122314453
2021-02-11,123.72249603271484,74.62539672851562,109.16519927978516,77.99295806884766,64.62870788574219
2021-02-10,124.4035415649414,74.62539672851562,109.4560546875,77.95726776123047,64.59921264648438
2021-02-09,123.58124542236328,74.61672973632812,109.19749450683594,77.92164611816406,64.61394500732422
2021-02-08,123.48990631103516,74.63401794433594,109.36715698242188,78.07841491699219,64.73194122314453
2021-02-05,122.95003509521484,74.6426773071289,108.89859008789062,77.8646240234375,64.54022216796875
2021-02-04,123.98822021484375,74.62539672851562,109.18943786621094,77.71497344970703,64.4443588256836
2021-02-03,124.32048034667969,74.62539672851562,109.00360107421875,77.59382629394531,64.31163024902344
2021-02-02,125.43348693847656,74.61672973632812,109.2621841430664,77.53681182861328,64.25999450683594
2021-02-01,126.24747467041016,74.6426773071289,109.55300903320312,77.2873764038086,64.10511779785156
2021-01-29,126.10128784179688,74.63402557373047,109.3372573852539,76.96381378173828,63.900115966796875
2021-01-28,126.86450958251953,74.60811614990234,109.50662994384766,77.26912689208984,64.069091796875
2021-01-27,127.56968688964844,74.61672973632812,109.68404388427734,77.06324768066406,63.87809371948242
2021-01-26,127.24614715576172,74.61672973632812,109.87749481201172,77.30462646484375,64.06177520751953
2021-01-25,127.48667907714844,74.62539672851562,109.88561248779297,77.34722137451172,64.15731811523438
2021-01-22,126.00167846679688,74.61672973632812,109.41797637939453,77.34722137451172,64.14259338378906
2021-01-21,125.5951919555664,74.61672973632812,109.49858093261719,77.51763916015625,64.2674789428711
2021-01-20,126.4828872680664,74.60811614990234,109.93397521972656,77.56733703613281,64.30422973632812
2021-01-19,126.35842895507812,74.61672973632812,109.96620178222656,77.37562561035156,64.1866455078125
2021-01-15,125.95193481445312,74.59086608886719,109.7727279663086,77.16973114013672,64.00297546386719
2021-01-14,125.45416259765625,74.58219909667969,109.60335540771484,77.2833251953125,64.10585021972656
2021-01-13,126.6405029296875,74.57357025146484,110.07913970947266,77.31172180175781,64.12053680419922
2021-01-12,125.23014068603516,74.58219909667969,109.23243713378906,77.09870910644531,63.92951202392578
2021-01-11,125.32967376708984,74.58219909667969,108.99866485595703,76.98512268066406,63.848697662353516
2021-01-08,125.53717803955078,74.59086608886719,109.46630859375,77.40400695800781,64.19398498535156
2021-01-07,125.94371032714844,74.5994873046875,109.54693603515625,77.30462646484375,64.09850311279297
2021-01-06,127.06366729736328,74.58219909667969,109.56303405761719,77.09162902832031,63.9148063659668
2021-01-05,129.7266387939453,74.62539672851562,110.45809173583984,77.20523834228516,64.03235626220703
2021-01-04,130.697265625,74.62539672851562,110.81282806396484,77.15550994873047,64.0103530883789
2020-12-31,130.8549346923828,74.61672973632812,111.37733459472656,77.34722137451172,64.14259338378906
2020-12-30,130.66409301757812,74.62539672851562,111.35311126708984,77.25495147705078,64.09115600585938
2020-12-29,130.382080078125,74.61672973632812,111.20796966552734,77.11294555664062,63.95891571044922
2020-12-28,130.5479736328125,74.61672973632812,111.15963745117188,77.14131927490234,64.03973388671875
2020-12-24,130.4899444580078,74.60811614990234,111.08699035644531,77.07034301757812,63.95891571044922
2020-12-23,129.97557067871094,74.62539672851562,110.70801544189453,76.87863159179688,63.82662582397461
2020-12-22,130.87985229492188,74.60811614990234,110.68387603759766,76.57330322265625,63.54011154174805
2020-12-21,130.2078399658203,74.60811614990234,110.37747955322266,76.47393035888672,63.45928192138672
2020-12-18,129.69346618652344,74.60811614990234,110.59516143798828,76.75082397460938,63.687034606933594
2020-12-17,130.0833740234375,74.61672973632812,110.67577362060547,76.692626953125,63.63560485839844
2020-12-16,130.42855834960938,74.61504364013672,110.51453399658203,76.56533813476562,63.54079818725586
2020-12-15,130.77667236328125,74.61504364013672,110.60308074951172,76.66433715820312,63.635955810546875
2020-12-14,131.21585083007812,74.61504364013672,110.38583374023438,76.3956069946289,63.438385009765625
2020-12-11,131.5804443359375,74.62364959716797,110.46625518798828,76.41683959960938,63.42375946044922
2020-12-10,131.11639404296875,74.58049011230469,110.35356140136719,76.48046112060547,63.4896240234375
2020-12-09,129.96449279785156,74.563232421875,109.80644226074219,76.35315704345703,63.372535705566406
2020-12-08,130.39537048339844,74.57184600830078,110.20873260498047,76.52289581298828,63.467674255371094
2020-12-07,129.78204345703125,74.58912658691406,110.33750915527344,76.52289581298828,63.51886749267578
2020-12-04,128.62185668945312,74.57184600830078,110.24092102050781,76.5723876953125,63.54816436767578
2020-12-03,130.53627014160156,74.58049011230469,110.8525161743164,76.25413513183594,63.284759521484375
2020-12-02,129.49200439453125,74.563232421875,110.41799926757812,76.20466613769531,63.248146057128906
2020-12-01,130.5279998779297,74.54596710205078,110.78814697265625,76.04905700683594,63.072566986083984
2020-11-30,132.48133850097656,74.58655548095703,111.20976257324219,75.73511505126953,62.91083526611328
2020-11-27,132.64686584472656,74.56926727294922,110.82430267333984,75.82669067382812,62.976436614990234
2020-11-25,131.37196350097656,74.56926727294922,110.43077850341797,75.73511505126953,62.874393463134766
2020-11-24,131.77755737304688,74.56065368652344,110.36652374267578,75.74211883544922,62.9035530090332
2020-11-23,133.102294921875,74.55200958251953,110.61549377441406,75.54492950439453,62.714080810546875
2020-11-20,133.71490478515625,74.55200958251953,110.47895050048828,75.43225860595703,62.61930847167969
2020-11-19,132.539306640625,74.54336547851562,110.57532501220703,75.552001953125,62.735931396484375
2020-11-18,131.8603515625,74.52613830566406,109.96499633789062,75.28435516357422,62.52460479736328
2020-11-17,131.47955322265625,74.52613830566406,109.73214721679688,75.453369140625,62.64115524291992
2020-11-16,130.62680053710938,74.53475952148438,109.37876892089844,75.38291931152344,62.61930847167969
2020-11-13,130.94142150878906,74.51748657226562,109.02542114257812,74.96739959716797,62.269466400146484
2020-11-12,131.11529541015625,74.51748657226562,108.89688873291016,74.72794342041016,62.058128356933594
2020-11-11,128.9213104248047,74.50886535644531,108.4632568359375,75.15049743652344,62.48084259033203
2020-11-10,128.4577178955078,74.52613830566406,108.26243591308594,75.26321411132812,62.50270462036133
2020-11-09,129.20285034179688,74.53475952148438,108.54354858398438,75.28435516357422,62.59014892578125
2020-11-06,131.9762725830078,74.56065368652344,109.3707504272461,74.74905395507812,62.11642837524414
2020-11-05,133.59072875976562,74.55200958251953,109.71602630615234,74.9885482788086,62.33506774902344
2020-11-04,133.35894775390625,74.56926727294922,109.30653381347656,74.68567657470703,62.11642837524414
2020-11-03,130.52745056152344,74.55200958251953,107.69229888916016,74.02362060546875,61.54069137573242
2020-11-02,131.28915405273438,74.56926727294922,107.5879135131836,73.32636260986328,61.01592254638672
2020-10-30,130.31304931640625,74.57013702392578,107.16790008544922,73.1467514038086,60.87090301513672
2020-10-29,131.61148071289062,74.57874298095703,107.72887420654297,72.992431640625,60.74026107788086
2020-10-28,132.90167236328125,74.56151580810547,108.00931549072266,72.8031005859375,60.566104888916016
2020-10-27,132.77755737304688,74.56151580810547,108.5462646484375,73.42024993896484,61.0740966796875
2020-10-26,131.89266967773438,74.56151580810547,108.10549926757812,73.40621185302734,61.04507064819336
2020-10-23,130.6769256591797,74.55294799804688,107.88114166259766,73.99532318115234,61.58934020996094
2020-10-22,129.88302612304688,74.54428100585938,107.60865783691406,73.9181900024414,61.516754150390625
2020-10-21,131.24752807617188,74.57013702392578,107.84905242919922,73.7989730834961,61.40791320800781
2020-10-20,131.70248413085938,74.57013702392578,108.02532958984375,73.82000732421875,61.4151496887207
2020-10-19,132.96780395507812,74.57874298095703,108.249755859375,73.56753540039062,61.197471618652344
2020-10-16,133.4722900390625,74.57874298095703,108.45809936523438,73.7218246459961,61.4151496887207
2020-10-15,133.8444366455078,74.58741760253906,108.64244079589844,73.8760986328125,61.48773193359375
2020-10-14,134.07591247558594,74.57013702392578,108.7546157836914,73.9181900024414,61.531280517578125
2020-10-13,133.77001953125,74.57013702392578,108.65043640136719,74.08651733398438,61.68364715576172
2020-10-12,132.81887817382812,74.57874298095703,108.7546157836914,74.39508056640625,61.95943832397461
2020-10-09,132.39712524414062,74.56151580810547,108.12957000732422,73.97428894042969,61.64738464355469
2020-10-08,132.42198181152344,74.56151580810547,107.88114166259766,73.86209106445312,61.509498596191406
2020-10-07,131.710693359375,74.56151580810547,107.61664581298828,73.63064575195312,61.37161636352539
2020-10-06,132.6782684326172,74.57013702392578,107.58460998535156,73.34309387207031,61.15391159057617
2020-10-05,131.9670867919922,74.57013702392578,107.67276000976562,73.50438690185547,61.29179000854492
2020-10-02,134.59701538085938,74.59601593017578,108.03334045410156,73.0064697265625,60.834625244140625
2020-10-01,135.1013946533203,74.58741760253906,108.01737976074219,73.04154205322266,60.834625244140625
2020-09-30,134.87904357910156,74.60466766357422,107.71765899658203,72.80661010742188,60.626338958740234
2020-09-29,136.184326171875,74.59603881835938,107.73358154296875,72.5412826538086,60.380653381347656
2020-09-28,136.02731323242188,74.60466766357422,107.86953735351562,72.48544311523438,60.330055236816406
2020-09-25,136.4156036376953,74.59603881835938,107.32581329345703,71.97572326660156,59.939849853515625
2020-09-24,136.4156036376953,74.58740234375,107.437744140625,72.04553985595703,60.04825210571289
2020-09-23,135.89515686035156,74.59603881835938,107.70964813232422,72.10138702392578,60.01215744018555
2020-09-22,135.71337890625,74.59603881835938,108.49324035644531,72.78563690185547,60.626338958740234
2020-09-21,135.82077026367188,74.57877349853516,108.42927551269531,72.55521392822266,60.416786193847656
2020-09-18,135.1350860595703,74.58740234375,108.53325653076172,73.21160888671875,60.90814971923828
2020-09-17,135.55648803710938,74.57877349853516,108.73318481445312,73.42806243896484,61.059913635253906
2020-09-16,135.1433868408203,74.59603881835938,108.70915222167969,73.40013122558594,61.12493896484375
2020-09-15,135.54820251464844,74.58740234375,108.6371841430664,73.42105865478516,61.12493896484375
2020-09-14,135.87867736816406,74.57877349853516,108.51728057861328,73.2604751586914,60.95875930786133
2020-09-11,135.88687133789062,74.58740234375,108.24536895751953,73.35821533203125,61.02378463745117
2020-09-10,135.59779357910156,74.57017517089844,108.16542053222656,73.18362426757812,60.90092849731445
2020-09-09,134.91209411621094,74.57877349853516,108.08546447753906,73.45597839355469,61.189979553222656
2020-09-08,135.27560424804688,74.57017517089844,108.01350402832031,72.91131591796875,60.713069915771484
2020-09-04,134.4494171142578,74.5615234375,107.9095458984375,73.35821533203125,61.05268096923828
2020-09-03,137.05184936523438,74.58740234375,109.0689697265625,73.56770324707031,61.218902587890625
2020-09-02,136.6634979248047,74.59603881835938,109.30888366699219,74.02153778076172,61.601863861083984
2020-09-01,135.3746795654297,74.58740234375,108.87706756591797,73.89588165283203,61.52958679199219
2020-08-31,133.84381103515625,74.60552978515625,108.19341278076172,73.54117584228516,61.196475982666016
2020-08-28,132.9608612060547,74.57965850830078,107.71468353271484,73.5689926147461,61.282833099365234
2020-08-27,133.0598602294922,74.55377960205078,107.3875732421875,73.52029418945312,61.232486724853516
2020-08-26,135.3623046875,74.56246185302734,108.24922943115234,73.61766052246094,61.32603073120117
2020-08-25,135.88218688964844,74.56246185302734,108.20934295654297,73.63155364990234,61.333221435546875
2020-08-24,136.93019104003906,74.55377960205078,108.68009948730469,73.50640869140625,61.26846694946289
2020-08-21,137.15298461914062,74.56246185302734,108.87162780761719,73.1100082397461,60.98776626586914
2020-08-20,136.33604431152344,74.57101440429688,108.67214965820312,73.1239242553711,60.99496078491211
2020-08-19,135.11465454101562,74.57101440429688,108.28913879394531,72.82488250732422,60.793453216552734
2020-08-18,135.96469116210938,74.57101440429688,108.57642364501953,73.1100082397461,60.96617889404297
2020-08-17,134.99920654296875,74.56246185302734,108.2652587890625,73.09608459472656,60.872615814208984
2020-08-14,134.66078186035156,74.55377960205078,108.04182434082031,72.58841705322266,60.51277542114258
2020-08-13,135.18896484375,74.54518127441406,108.52056884765625,72.76229858398438,60.6207389831543
2020-08-12,136.64956665039062,74.55377960205078,109.50994110107422,73.10306549072266,60.7862434387207
2020-08-11,137.9039306640625,74.57101440429688,109.78121185302734,72.95008087158203,60.771854400634766
2020-08-10,139.56263732910156,74.58824157714844,110.47539520263672,73.5828857421875,61.32603073120117
2020-08-07,140.18980407714844,74.60552978515625,110.7147216796875,73.63155364990234,61.29723358154297
2020-08-06,141.13055419921875,74.6141357421875,111.0259017944336,73.72894287109375,61.4483528137207
2020-08-05,140.3466796875,74.6141357421875,110.55517578125,73.61766052246094,61.311622619628906
2020-08-04,141.58450317382812,74.63134765625,110.70674896240234,73.49945068359375,61.20367431640625
2020-08-03,140.2476348876953,74.62274932861328,110.29985046386719,73.47162628173828,61.22528076171875
2020-07-31,140.95730590820312,74.62273406982422,110.15227508544922,73.46121215820312,61.21013259887695
2020-07-30,141.04798889160156,74.61416625976562,110.00094604492188,73.35734558105469,61.09548568725586
2020-07-29,140.12469482421875,74.5882797241211,110.12040710449219,73.13575744628906,60.9664306640625
2020-07-28,140.36380004882812,74.57107543945312,109.52322387695312,72.69957733154297,60.629539489746094
2020-07-27,139.3993377685547,74.5538558959961,109.63469696044922,72.92804718017578,60.78721237182617
2020-07-24,139.91868591308594,74.5796890258789,109.96907806396484,72.74111938476562,60.64387512207031
2020-07-23,139.92689514160156,74.57107543945312,110.21589660644531,72.61649322509766,60.58652877807617
2020-07-22,138.3112030029297,74.57107543945312,110.13632202148438,72.7272720336914,60.629539489746094
2020-07-21,137.89910888671875,74.5796890258789,109.77803039550781,72.5472640991211,60.50764846801758
2020-07-20,137.81666564941406,74.56246948242188,109.63469696044922,72.22181701660156,60.22810745239258
2020-07-17,137.4786376953125,74.5796890258789,109.3321533203125,71.79254150390625,59.86969757080078
2020-07-16,137.76718139648438,74.56246948242188,109.03756713867188,71.53639221191406,59.70479965209961
2020-07-15,137.11593627929688,74.56246948242188,108.7350082397461,71.47409057617188,59.64744186401367
2020-07-14,137.7589569091797,74.5538558959961,108.52005767822266,71.03092956542969,59.31056594848633
2020-07-13,137.5611572265625,74.54519653320312,107.89105987548828,70.35933685302734,58.80876922607422
2020-07-10,137.1077880859375,74.54519653320312,108.17771911621094,70.71245574951172,59.1313362121582
2020-07-09,137.80026245117188,74.57107543945312,108.37672424316406,70.49087524414062,58.93064498901367
2020-07-08,135.6405029296875,74.5538558959961,107.77164459228516,70.71245574951172,59.05966567993164
2020-07-07,136.18453979492188,74.5538558959961,107.94679260253906,70.53934478759766,58.9019660949707
2020-07-06,134.2968292236328,74.53661346435547,107.803466796875,70.92709350585938,59.296226501464844
2020-07-02,134.8492431640625,74.56246948242188,107.52481842041016,70.42857360839844,58.873313903808594
2020-07-01,134.7090301513672,74.5279769897461,107.26204681396484,69.89545440673828,58.44318389892578
2020-06-30,134.9711456298828,74.552978515625,106.8401107788086,69.696044921875,58.261837005615234
2020-06-29,135.62979125976562,74.56160736083984,106.53820037841797,68.98641967773438,57.73358154296875
2020-06-26,136.05796813964844,74.54437255859375,106.04574584960938,69.55823516845703,58.06196975708008
2020-06-25,134.61715698242188,74.5185546875,105.95038604736328,70.19900512695312,58.61874771118164
2020-06-24,134.23011779785156,74.5185546875,105.8392105102539,70.24720001220703,58.597320556640625
2020-06-23,132.80581665039062,74.50996398925781,106.13311004638672,71.01200866699219,59.20406723022461
2020-06-22,133.7196502685547,74.4926986694336,106.33172607421875,70.89485931396484,59.1183967590332
2020-06-19,133.7032012939453,74.50996398925781,106.43498229980469,71.0051040649414,59.16122055053711
2020-06-18,133.59619140625,74.4926986694336,106.35552215576172,71.09464263916016,59.36109924316406
2020-06-17,132.19644165039062,74.50132751464844,106.11724853515625,71.3082504272461,59.3825569152832
2020-06-16,131.65306091308594,74.47550201416016,106.32376098632812,71.47360229492188,59.660926818847656
2020-06-15,133.7032012939453,74.48410034179688,106.61767578125,70.95685577392578,59.418235778808594
2020-06-12,133.62916564941406,74.50132751464844,105.1242904663086,70.46768188476562,58.847171783447266
2020-06-11,134.92999267578125,74.47550201416016,104.61591339111328,69.76493835449219,58.26894760131836
2020-06-10,132.4270477294922,74.50996398925781,105.87889862060547,71.59069061279297,59.80366134643555
2020-06-09,130.49215698242188,74.4669418334961,105.18781280517578,71.70783996582031,59.889320373535156
2020-06-08,129.0265655517578,74.44107818603516,105.41022491455078,72.17634582519531,60.3604621887207
2020-06-05,128.53262329101562,74.45829010009766,105.06075286865234,72.07300567626953,60.289024353027344
2020-06-04,129.45477294921875,74.48410034179688,104.52058410644531,71.33578491210938,59.72515106201172
2020-06-03,131.3566436767578,74.4669418334961,104.83832550048828,71.57003784179688,59.91075897216797
2020-06-02,133.1268768310547,74.52716064453125,104.90189361572266,71.1153335571289,59.63236618041992
2020-06-01,133.6125946044922,74.52716064453125,104.56824493408203,70.39879608154297,59.0470085144043
2020-05-29,134.51837158203125,74.53578186035156,104.6143569946289,69.93787384033203,58.603759765625
2020-05-28,133.56446838378906,74.53578186035156,103.9407730102539,69.60869598388672,58.369102478027344
2020-05-27,134.057861328125,74.50137329101562,103.85358428955078,69.56758880615234,58.31221008300781
2020-05-26,134.30450439453125,74.51856994628906,103.42569732666016,69.36187744140625,58.191349029541016
2020-05-22,136.12997436523438,74.51856994628906,103.56830596923828,68.77214050292969,57.75763702392578
2020-05-21,135.31593322753906,74.51856994628906,103.56830596923828,68.54586029052734,57.61539840698242
2020-05-20,134.97877502441406,74.53578186035156,103.64759826660156,68.55956268310547,57.629615783691406
2020-05-19,134.57589721679688,74.53578186035156,102.5223617553711,67.8189697265625,57.02523422241211
2020-05-18,134.07427978515625,74.49273681640625,102.44308471679688,67.73667907714844,56.95413589477539
2020-05-15,137.08392333984375,74.552978515625,101.8646469116211,66.605224609375,55.9658203125
2020-05-14,137.4374542236328,74.50997161865234,101.50807189941406,66.5709228515625,55.8875732421875
2020-05-13,136.10536193847656,74.52716064453125,100.676025390625,66.7560806274414,56.079551696777344
2020-05-12,135.15969848632812,74.52716064453125,100.44624328613281,67.1537857055664,56.37818908691406
2020-05-11,133.7864532470703,74.50997161865234,99.48738861083984,67.18809509277344,56.44929504394531
2020-05-08,134.83895874023438,74.53578186035156,100.36698150634766,67.47608947753906,56.705265045166016
2020-05-07,136.61517333984375,74.552978515625,100.85034942626953,66.82467651367188,56.1719970703125
2020-05-06,134.3702850341797,74.50137329101562,100.5809555053711,66.65321350097656,56.029788970947266
2020-05-05,136.57408142089844,74.47553253173828,101.72201538085938,66.90694427490234,56.349735260009766
2020-05-04,137.45388793945312,74.48413848876953,101.85673522949219,66.39263153076172,55.86623764038086
2020-05-01,138.10348510742188,74.48413848876953,101.69822692871094,66.4886474609375,55.94446563720703
2020-04-30,136.93087768554688,74.59427642822266,102.10234069824219,67.55357360839844,56.926422119140625
2020-04-29,138.54867553710938,74.46533203125,102.7979965209961,67.39669799804688,56.81317138671875
2020-04-28,139.2714385986328,74.47394561767578,102.12611389160156,66.2779541015625,55.829349517822266
2020-04-27,137.68637084960938,74.44815826416016,101.84942626953125,66.16197204589844,55.659481048583984
2020-04-24,140.2979278564453,74.44815826416016,102.67939758300781,65.90961456298828,55.4329948425293
2020-04-23,139.96945190429688,74.44815826416016,102.75054931640625,66.34616088867188,55.95673370361328
2020-04-22,139.23033142089844,74.45677185058594,102.31581115722656,66.46895599365234,55.985069274902344
2020-04-21,140.66746520996094,74.4825439453125,102.25251770019531,65.82091522216797,55.496726989746094
2020-04-20,138.91827392578125,74.46533203125,102.6162109375,67.2466049194336,56.53004455566406
2020-04-17,137.8096466064453,74.46533203125,103.20110321044922,68.3039779663086,57.393516540527344
2020-04-16,139.68199157714844,74.4911117553711,102.86122131347656,67.94922637939453,57.10334014892578
2020-04-15,138.1134796142578,74.47394561767578,103.37503051757812,67.99699401855469,57.15998077392578
2020-04-14,134.54934692382812,74.44815826416016,102.68734741210938,68.66548919677734,57.6978645324707
2020-04-13,134.58216857910156,74.44815826416016,103.19319915771484,68.49493408203125,57.457237243652344
2020-04-09,135.82223510742188,74.43955993652344,104.20498657226562,69.33399963378906,58.29240417480469
2020-04-08,135.5758819580078,74.41376495361328,99.5255126953125,64.97505187988281,54.7110595703125
2020-04-07,136.569580078125,74.37078094482422,97.76280975341797,63.522098541259766,53.32381820678711
2020-04-06,138.01495361328125,74.38800811767578,97.61259460449219,63.30378341674805,53.32381820678711
2020-04-03,138.37625122070312,74.43955993652344,95.7234115600586,61.7620964050293,52.056922912597656
2020-04-02,138.04769897460938,74.45677185058594,96.22142791748047,62.996822357177734,53.19645690917969
2020-04-01,137.1773223876953,74.43955993652344,95.96847534179688,62.573883056640625,52.785919189453125
2020-03-31,135.28184509277344,74.3914566040039,97.38337707519531,64.31539916992188,54.27578353881836
2020-03-30,136.3889617919922,74.40858459472656,97.70665740966797,64.72949981689453,54.712425231933594
2020-03-27,137.52056884765625,74.37425231933594,96.5318374633789,64.0710220336914,54.24760055541992
2020-03-26,133.9451904296875,74.3914566040039,96.72896575927734,63.656883239746094,54.10677719116211
2020-03-25,133.2891845703125,74.30561065673828,96.65013885498047,61.11796569824219,51.74050521850586
2020-03-24,133.59259033203125,74.21979522705078,92.23468017578125,59.70591354370117,50.32500457763672
2020-03-23,136.1265411376953,74.32276153564453,90.38177490234375,57.41136169433594,48.33198928833008
2020-03-20,130.7388153076172,74.23694610595703,84.16082763671875,58.47721862792969,49.12074279785156
2020-03-19,121.59539031982422,74.03949737548828,82.82829284667969,59.787391662597656,50.24750900268555
2020-03-18,118.37262725830078,73.91075897216797,87.1333236694336,61.179073333740234,51.40250015258789
2020-03-17,125.44961547851562,74.00520324707031,91.72221374511719,63.90810012817383,53.775779724121094
2020-03-16,134.41262817382812,74.17682647705078,95.64087677001953,63.45325469970703,53.2757682800293
2020-03-13,126.23681640625,74.05667114257812,97.02069091796875,67.32955932617188,56.374427795410156
2020-03-12,129.15618896484375,73.96227264404297,92.9916763305664,65.23184967041016,54.65606689453125
2020-03-11,128.36073303222656,73.97943115234375,97.6514892578125,67.98807525634766,56.93077850341797
2020-03-10,133.26461791992188,74.06529998779297,100.97091674804688,69.52228546142578,58.198387145996094
2020-03-09,140.46450805664062,74.3914566040039,103.29689025878906,68.375,57.31808853149414
2020-03-06,136.75791931152344,73.98802185058594,105.8673095703125,71.71500396728516,59.89564514160156
2020-03-05,129.9926300048828,73.90217590332031,105.13401794433594,72.63823699951172,60.57872772216797
2020-03-04,126.83544921875,73.74767303466797,105.17343139648438,73.5886459350586,61.3533935546875
2020-03-03,128.19677734375,73.73910522460938,105.02361297607422,72.62468719482422,60.52238464355469
2020-03-02,126.23681640625,73.44725799560547,103.84095001220703,72.91658782958984,60.78297424316406
2020-02-28,127.17251586914062,73.47732543945312,103.9441909790039,72.28250885009766,60.3252067565918
2020-02-27,124.36396026611328,73.21163177490234,102.78823852539062,72.0460433959961,60.079803466796875
2020-02-26,123.02926635742188,73.12590026855469,103.33869171142578,73.07989501953125,60.900142669677734
2020-02-25,123.68433380126953,73.07449340820312,103.72402954101562,72.99878692626953,60.837039947509766
2020-02-24,123.02926635742188,72.99732208251953,103.62179565429688,73.57991790771484,61.26474380493164
2020-02-21,121.21965789794922,72.8773422241211,103.6060791015625,74.38404083251953,61.93077850341797
2020-02-20,120.0978012084961,72.81739044189453,103.40154266357422,74.4583969116211,61.98691940307617
2020-02-19,119.16433715820312,72.80021667480469,103.05555725097656,74.35700988769531,61.88168716430664
2020-02-18,119.17253112792969,72.79167938232422,103.19711303710938,74.29618072509766,61.85367965698242
2020-02-14,118.36189270019531,72.76593780517578,103.00056457519531,74.43807983398438,61.9798583984375
2020-02-13,117.8460464477539,72.73170471191406,102.74890899658203,74.40431213378906,61.98691940307617
2020-02-12,117.39568328857422,72.71453094482422,102.81966400146484,74.40431213378906,61.96585464477539
2020-02-11,117.993408203125,72.74881744384766,102.86683654785156,74.1948471069336,61.804588317871094
2020-02-10,118.59114837646484,72.78308868408203,103.01627349853516,74.16783142089844,61.762535095214844
2020-02-07,118.26361846923828,72.74881744384766,102.77249908447266,74.0596694946289,61.67838668823242
2020-02-06,116.80606842041016,72.7059326171875,102.37934112548828,74.16783142089844,61.769535064697266
2020-02-05,116.28204345703125,72.68881225585938,102.42648315429688,74.14077758789062,61.720458984375
2020-02-04,117.5676040649414,72.740234375,102.48939514160156,73.8502197265625,61.46803665161133
2020-02-03,119.17253112792969,72.81739044189453,102.74108123779297,73.39745330810547,61.10345458984375
2020-01-31,119.26907348632812,72.83879852294922,102.82205963134766,73.36504364013672,61.1132698059082
2020-01-30,118.19011688232422,72.74467468261719,102.55533599853516,73.70816802978516,61.36463928222656
2020-01-29,118.17376708984375,72.7361068725586,102.49261474609375,73.60724639892578,61.30179977416992
2020-01-28,117.02924346923828,72.66766357421875,102.16317749023438,73.60724639892578,61.33671951293945
2020-01-27,117.95304107666016,72.70185089111328,102.2181167602539,72.98155212402344,60.81303405761719
2020-01-24,116.14647674560547,72.62483978271484,102.02198028564453,73.53997039794922,61.22499084472656
2020-01-23,115.21452331542969,72.59918975830078,101.84939575195312,73.82928466796875,61.48332595825195
2020-01-22,114.41339111328125,72.57353210449219,101.71611785888672,74.06478118896484,61.67182159423828
2020-01-21,114.01283264160156,72.55638885498047,101.66120910644531,73.95040893554688,61.56011962890625
2020-01-17,112.8274917602539,72.53931427001953,101.17489624023438,74.12532043457031,61.69276809692383
2020-01-16,113.8002700805664,72.51361846923828,101.19058990478516,74.17243194580078,61.74165344238281
2020-01-15,114.15998077392578,72.51361846923828,101.04940032958984,74.12532043457031,61.7206916809082
2020-01-14,113.40786743164062,72.47938537597656,100.82978820800781,74.09168243408203,61.7067756652832
2020-01-13,112.8274917602539,72.47083282470703,100.70426177978516,74.12532043457031,61.71373748779297
2020-01-10,113.17084503173828,72.47938537597656,100.9473876953125,74.09842681884766,61.71373748779297
2020-01-09,112.17351531982422,72.46229553222656,100.66505432128906,74.0715103149414,61.69276809692383
2020-01-08,111.78113555908203,72.45374298095703,100.18659210205078,73.9033203125,61.5322265625
2020-01-07,112.52497863769531,72.4879150390625,100.3277816772461,73.84275817871094,61.47633743286133
2020-01-06,113.08090209960938,72.4879150390625,100.58662414550781,73.89656066894531,61.5322265625
2020-01-03,113.72673034667969,72.51361846923828,100.92388916015625,73.94366455078125,61.595035552978516
2020-01-02,112.0018539428711,72.45374298095703,100.57878112792969,73.99751281738281,61.657859802246094
2019-12-31,110.75106811523438,72.41947174072266,100.36697387695312,73.70145416259766,61.39952850341797
2019-12-30,111.84652709960938,72.42802429199219,100.7826919555664,73.64762115478516,61.34371566772461
2019-12-27,112.25530242919922,72.40238952636719,100.602294921875,73.70816802978516,61.38557815551758
2019-12-26,112.13261413574219,72.35100555419922,100.46110534667969,73.74183654785156,61.41349411010742
2019-12-24,111.86286926269531,72.3253402709961,100.28068542480469,73.62743377685547,61.32273864746094
2019-12-23,111.5440673828125,72.31678771972656,100.17874908447266,73.56690216064453,61.273860931396484
2019-12-20,111.70756530761719,72.33390045166016,100.13170623779297,73.5265121459961,61.245967864990234
2019-12-19,111.56041717529297,72.33390045166016,100.16307067871094,73.65837097167969,61.33671951293945
2019-12-18,111.38221740722656,72.31937408447266,100.06422424316406,73.65837097167969,61.36881637573242
2019-12-17,112.30445861816406,72.31082916259766,100.1346206665039,73.52442169189453,61.25750732421875
2019-12-16,112.45953369140625,72.29373168945312,100.21288299560547,73.30332946777344,61.06965637207031
2019-12-13,113.47976684570312,72.33647155761719,100.43972778320312,73.13584899902344,60.951385498046875
2019-12-12,112.18202209472656,72.2509994506836,99.79045867919922,73.06888580322266,60.88875198364258
2019-12-11,114.05923461914062,72.31937408447266,100.25198364257812,72.88795471191406,60.74964141845703
2019-12-10,113.16963195800781,72.25956726074219,99.86082458496094,72.72718048095703,60.6243896484375
2019-12-09,113.16143798828125,72.29373168945312,99.86082458496094,72.53961944580078,60.47834396362305
2019-12-06,112.9166259765625,72.29373168945312,99.87645721435547,72.52626037597656,60.47834396362305
2019-12-05,113.5450439453125,72.31937408447266,99.93121337890625,72.42571258544922,60.39482116699219
2019-12-04,114.10001373291016,72.35353088378906,100.04073333740234,72.3587417602539,60.30435562133789
2019-12-03,115.2508773803711,72.3877182006836,100.17374420166016,72.13099670410156,60.123504638671875
2019-12-02,112.88394927978516,72.28520202636719,99.40713500976562,72.1912841796875,60.20696258544922
2019-11-29,114.40937805175781,72.30741882324219,99.8404769897461,72.25154113769531,60.248043060302734
2019-11-27,114.65380859375,72.28182220458984,100.04330444335938,72.39163208007812,60.379676818847656
2019-11-26,114.98782348632812,72.32445526123047,100.05115509033203,72.28492736816406,60.303489685058594
2019-11-25,114.31971740722656,72.29032135009766,99.79366302490234,72.1715087890625,60.23414993286133
2019-11-22,113.98565673828125,72.28182220458984,99.4504165649414,71.97144317626953,60.07477951049805
2019-11-21,113.83899688720703,72.29032135009766,99.17730712890625,71.73804473876953,59.84612274169922
2019-11-20,114.55599212646484,72.32445526123047,99.41136169433594,71.73804473876953,59.832244873046875
2019-11-19,113.38272857666016,72.29032135009766,99.27095794677734,71.85142517089844,59.95698165893555
2019-11-18,112.44575500488281,72.29887390136719,99.07588195800781,72.08480072021484,60.171783447265625
2019-11-15,112.24210357666016,72.2647705078125,98.96668243408203,72.15149688720703,60.248043060302734
2019-11-14,112.36436462402344,72.29032135009766,98.95109558105469,71.99813842773438,60.06784439086914
2019-11-13,111.21543884277344,72.22211456298828,98.43614959716797,72.04483032226562,60.10247802734375
2019-11-12,110.49847412109375,72.18797302246094,98.20211791992188,72.12483978271484,60.16486740112305
2019-11-11,109.99332427978516,72.17945098876953,98.10848236083984,72.09814453125,60.1510009765625
2019-11-08,109.92005157470703,72.16240692138672,98.07723236083984,72.158203125,60.1856575012207
2019-11-07,110.38436126708984,72.15386199951172,98.20990753173828,72.11148071289062,60.13020706176758
2019-11-06,112.42134857177734,72.23916625976562,98.98228454589844,72.12483978271484,60.15793991088867
2019-11-05,111.74504852294922,72.1965103149414,98.42837524414062,72.23822021484375,60.22723388671875
2019-11-04,113.01612091064453,72.24767303466797,98.99787902832031,72.29824829101562,60.28962707519531
2019-11-01,114.5234375,72.29887390136719,99.46602630615234,72.18486785888672,60.16486740112305
2019-10-31,114.87703704833984,72.34152221679688,99.36846160888672,71.83071899414062,59.907779693603516
2019-10-30,113.34793853759766,72.21379852294922,98.76934051513672,72.07638549804688,60.11479187011719
2019-10-29,111.71305847167969,72.17119598388672,98.41922760009766,72.16932678222656,60.19071578979492
2019-10-28,111.63988494873047,72.1541748046875,98.67594909667969,72.32867431640625,60.30113220214844
2019-10-25,112.66476440429688,72.17974853515625,98.9716796875,72.27557373046875,60.308040618896484
2019-10-24,113.2177734375,72.22229766845703,99.14281463623047,72.2025375366211,60.259742736816406
2019-10-23,113.44548034667969,72.22229766845703,98.92496490478516,72.14280700683594,60.19071578979492
2019-10-22,113.33167266845703,72.2308349609375,98.87054443359375,72.07638549804688,60.1355094909668
2019-10-21,112.6728286743164,72.20526123046875,98.69933319091797,72.05644989013672,60.12173080444336
2019-10-18,113.52687072753906,72.23934936523438,98.92496490478516,72.01664733886719,60.10099792480469
2019-10-17,113.52687072753906,72.21379852294922,98.80046081542969,72.0099868774414,60.08720016479492
2019-10-16,113.80342864990234,72.21379852294922,98.66043853759766,71.93695068359375,60.00438690185547
2019-10-15,113.66516876220703,72.17974853515625,98.55147552490234,71.9568862915039,60.05270004272461
2019-10-14,115.05594635009766,72.19676208496094,98.8160171508789,71.83738708496094,59.92156982421875
2019-10-11,114.22636413574219,72.18826293945312,98.4892349243164,71.75768280029297,59.880149841308594
2019-10-10,115.65784454345703,72.25637817382812,98.668212890625,71.4987564086914,59.631744384765625
2019-10-09,117.40657043457031,72.34152221679688,99.25175476074219,71.31951141357422,59.555809020996094
2019-10-08,118.0735092163086,72.38410949707031,99.21285247802734,71.18010711669922,59.37638854980469
2019-10-07,117.7562484741211,72.34152221679688,99.29845428466797,71.4655990600586,59.59725570678711
2019-10-04,118.74047088623047,72.41819763183594,99.80420684814453,71.4987564086914,59.64552307128906
2019-10-03,117.87020111083984,72.42671966552734,99.39180755615234,71.26638793945312,59.45920181274414
2019-10-02,116.8045883178711,72.27338409423828,99.0027847290039,71.30624389648438,59.424713134765625
2019-10-01,116.52000427246094,72.19676208496094,99.04167938232422,71.70459747314453,59.77664566040039
2019-09-30,116.17023468017578,72.11585998535156,98.92805480957031,71.8725814819336,59.91466522216797
2019-09-27,115.88609313964844,72.08185577392578,98.60214233398438,71.83287811279297,59.845947265625
2019-09-26,115.60194396972656,72.03931427001953,98.57886505126953,71.93205261230469,59.91466522216797
2019-09-25,114.8630599975586,72.00534057617188,98.3693618774414,71.99152374267578,59.9559440612793
2019-09-24,116.56809997558594,72.0988540649414,98.92805480957031,72.0378189086914,60.01777648925781
2019-09-23,115.1796875,72.02230072021484,98.6176528930664,72.11714172363281,60.100242614746094
2019-09-20,115.20403289794922,71.97981262207031,98.68751525878906,72.1435775756836,60.127777099609375
2019-09-19,113.70203399658203,71.9033203125,98.01239776611328,72.05762481689453,60.05210876464844
2019-09-18,113.36103057861328,71.8947982788086,97.73298645019531,72.1435775756836,60.120853424072266
2019-09-17,112.88200378417969,71.93733215332031,97.49238586425781,72.17001342773438,60.15522766113281
2019-09-16,112.27307891845703,71.9033203125,97.24412536621094,72.11714172363281,60.120853424072266
2019-09-13,110.86026763916016,71.8437728881836,96.75519561767578,71.88580322265625,59.907798767089844
2019-09-12,113.27983856201172,71.96281433105469,97.63212585449219,72.00473022460938,60.01777648925781
2019-09-11,114.02677154541016,71.97981262207031,97.76403045654297,71.97830200195312,59.983402252197266
2019-09-10,114.22978210449219,71.97981262207031,97.8416519165039,71.97830200195312,59.99026107788086
2019-09-09,116.26770782470703,72.0988540649414,98.6720199584961,72.01139068603516,59.9559440612793
2019-09-06,118.37056732177734,72.17537689208984,99.4014663696289,71.93205261230469,59.8940544128418
2019-09-05,117.5343017578125,72.1668701171875,99.04447174072266,71.80646514892578,59.83904266357422
2019-09-04,119.70210266113281,72.32843017578125,99.77394104003906,71.5486831665039,59.60535430908203
2019-09-03,119.5235366821289,72.2688980102539,99.5876693725586,71.38346099853516,59.481632232666016
2019-08-30,119.36923217773438,72.21276092529297,99.68163299560547,71.59760284423828,59.652828216552734
2019-08-29,119.3367919921875,72.18731689453125,99.69707489013672,71.67657470703125,59.707576751708984
2019-08-28,119.79071044921875,72.22126007080078,99.91380310058594,71.60420227050781,59.64592742919922
2019-08-27,119.63672637939453,72.20429229736328,99.91380310058594,71.42654418945312,59.50224304199219
2019-08-26,117.82120513916016,72.1788558959961,99.37977600097656,71.439697265625,59.52961730957031
2019-08-23,118.29942321777344,72.21276092529297,99.37202453613281,71.0777587890625,59.23531723022461
2019-08-22,116.38658142089844,72.09394836425781,99.00829315185547,71.439697265625,59.50906753540039
2019-08-21,117.16468811035156,72.12791442871094,99.37202453613281,71.3014907836914,59.39957809448242
2019-08-20,117.95088958740234,72.19579315185547,99.19400787353516,70.99224090576172,59.146339416503906
2019-08-19,116.74324035644531,72.14488220214844,98.62129974365234,70.95936584472656,59.09842300415039
2019-08-16,118.43720245361328,72.22126007080078,98.94633483886719,70.72248840332031,58.9273567199707
2019-08-15,119.39360046386719,72.2297592163086,98.76837921142578,70.49874877929688,58.728858947753906
2019-08-14,118.08055877685547,72.07695007324219,98.28853607177734,70.24867248535156,58.55773162841797
2019-08-13,115.47888946533203,71.98360443115234,98.00216674804688,70.8606948852539,59.08474349975586
2019-08-12,115.87603759765625,72.06849670410156,98.07960510253906,70.61717987060547,58.824649810791016
2019-08-09,113.50942993164062,71.9920883178711,97.46815490722656,70.80142974853516,59.02996826171875
2019-08-08,113.7363510131836,72.03449249267578,97.75454711914062,70.87382507324219,59.112125396728516
2019-08-07,113.4931411743164,72.06001281738281,97.49140930175781,70.66325378417969,58.879425048828125
2019-08-06,113.45264434814453,72.0515365600586,97.50686645507812,70.65007781982422,58.88629913330078
2019-08-05,112.55302429199219,72.0175552368164,96.9032211303711,70.21578979492188,58.50981903076172
2019-08-02,110.64025115966797,71.8732681274414,96.83358001708984,70.99224090576172,59.12582778930664
2019-08-01,109.62712860107422,71.85631561279297,96.73292541503906,71.13040924072266,59.21479415893555
2019-07-31,107.49230194091797,71.65261840820312,95.95281219482422,71.12517547607422,59.244205474853516
2019-07-30,106.63484954833984,71.66106414794922,95.86793518066406,71.2496109008789,59.346431732177734
2019-07-29,106.37606811523438,71.65261840820312,95.89881134033203,71.23651885986328,59.319183349609375
2019-07-26,106.34369659423828,71.65261840820312,95.96055603027344,71.32819366455078,59.40777587890625
2019-07-25,106.09292602539062,71.64412689208984,95.829345703125,71.1709976196289,59.278297424316406
2019-07-24,106.60252380371094,71.68648529052734,96.1380386352539,71.22343444824219,59.36004638671875
2019-07-23,106.1414566040039,71.66958618164062,95.86793518066406,71.17753601074219,59.31233596801758
2019-07-22,106.72384643554688,71.68648529052734,95.81391143798828,71.04653930664062,59.210121154785156
2019-07-19,106.52163696289062,71.67800903320312,95.5206298828125,70.81076049804688,59.01251220703125
2019-07-18,106.77239990234375,71.7542724609375,95.66729736328125,70.94831848144531,59.114715576171875
2019-07-17,106.7643051147461,71.66958618164062,95.44349670410156,70.96141815185547,59.087467193603516
2019-07-16,105.623779296875,71.6017837524414,94.94184112548828,70.98760986328125,59.16242599487305
2019-07-15,105.9392318725586,71.62718200683594,95.14246368408203,71.15132904052734,59.28510284423828
2019-07-12,105.33258056640625,71.61022186279297,94.9804458618164,71.05310821533203,59.244205474853516
2019-07-11,105.21125793457031,71.6017837524414,94.88780975341797,70.99421691894531,59.148807525634766
2019-07-10,106.63484954833984,71.63565063476562,95.45116424560547,71.13170623779297,59.26465606689453
2019-07-09,107.22534942626953,71.5085678100586,95.23509979248047,70.92866516113281,59.10106658935547
2019-07-08,107.26580047607422,71.53398895263672,95.43572998046875,71.02035522460938,59.16925048828125
2019-07-05,107.12020111083984,71.56787872314453,95.56693267822266,71.13822937011719,59.28510284423828
2019-07-03,108.55998229980469,71.71189880371094,96.4158935546875,71.40026092529297,59.52365493774414
2019-07-02,107.79155731201172,71.6949462890625,96.15348815917969,71.15132904052734,59.298702239990234
2019-07-01,106.96648406982422,71.65261840820312,95.89105224609375,71.0138168334961,59.16925048828125
2019-06-28,107.21728515625,71.6983413696289,95.7096939086914,71.02758026123047,59.15153884887695
2019-06-27,107.28994750976562,71.6983413696289,95.46347045898438,70.98194122314453,59.13114929199219
2019-06-26,106.53910064697266,71.63916015625,94.90936279296875,70.805908203125,58.96831130981445
2019-06-25,107.22534942626953,71.72372436523438,95.10176849365234,70.85803985595703,58.995460510253906
2019-06-24,106.89437866210938,71.70683288574219,95.38652801513672,71.11885070800781,59.24654006958008
2019-06-21,106.10319519042969,71.6645278930664,95.14796447753906,71.19058990478516,59.25328826904297
2019-06-20,107.28187561035156,71.6983413696289,95.49425506591797,71.36662292480469,59.443302154541016
2019-06-19,106.9992904663086,71.6645278930664,94.97867584228516,70.97540283203125,59.14474868774414
2019-06-18,106.84593963623047,71.5123062133789,94.37840270996094,70.6168212890625,58.8665657043457
2019-06-17,106.3131332397461,71.50385284423828,93.75509643554688,70.17999267578125,58.459468841552734
2019-06-14,106.12742614746094,71.53771209716797,93.70890808105469,70.27775573730469,58.54767990112305
2019-06-13,105.86100769042969,71.56305694580078,93.67041015625,70.33648681640625,58.58836364746094
2019-06-12,105.49773406982422,71.48694610595703,93.43184661865234,70.19304656982422,58.45265579223633
2019-06-11,105.4169921875,71.4277572631836,93.29335021972656,70.36251831054688,58.58836364746094
2019-06-10,105.35237884521484,71.45308685302734,93.20868682861328,70.251708984375,58.50694274902344
2019-06-07,106.3534927368164,71.5207748413086,93.54731750488281,70.16045379638672,58.41876983642578
2019-06-06,105.44120025634766,71.44464111328125,93.13172149658203,69.93223571777344,58.26948547363281
2019-06-05,105.10215759277344,71.48694610595703,92.9547119140625,69.75618743896484,58.147300720214844
2019-06-04,105.69953918457031,71.45308685302734,93.0162582397461,69.58016967773438,58.011634826660156
2019-06-03,106.91861724853516,71.50385284423828,92.9854965209961,68.9542465209961,57.43492126464844
2019-05-31,106.20816040039062,71.36934661865234,92.69996643066406,68.87732696533203,57.342628479003906
2019-05-30,104.89496612548828,71.21743774414062,92.4852066040039,69.37693786621094,57.76142883300781
2019-05-29,104.00070190429688,71.15835571289062,91.95584106445312,69.24716186523438,57.639827728271484
2019-05-28,103.6865005493164,71.14991760253906,91.91747283935547,69.44184112548828,57.79515838623047
2019-05-24,102.94528198242188,71.09083557128906,91.8560791015625,69.46781158447266,57.849212646484375
2019-05-23,102.856689453125,71.11618041992188,91.66426849365234,69.5586166381836,57.930267333984375
2019-05-22,101.71263885498047,70.98954772949219,91.46479797363281,69.87657928466797,58.2206916809082
2019-05-21,101.13263702392578,70.95579528808594,91.34969329833984,69.81819152832031,58.173397064208984
2019-05-20,101.293701171875,70.98954772949219,91.27303314208984,69.64299011230469,57.99104309082031
2019-05-17,101.50314331054688,71.02334594726562,91.48782348632812,69.68842315673828,58.045082092285156
2019-05-16,101.27757263183594,71.0064926147461,91.48014068603516,69.70787048339844,58.06532287597656
2019-05-15,101.6159896850586,71.04861450195312,91.62594604492188,69.51971435546875,57.889747619628906
2019-05-14,100.99563598632812,70.99800872802734,91.37274169921875,69.46781158447266,57.835689544677734
2019-05-13,101.293701171875,70.99800872802734,91.24231719970703,69.31853485107422,57.70737838745117
2019-05-10,100.50421142578125,70.9135971069336,91.1885986328125,69.9155044555664,58.240936279296875
2019-05-09,100.64115142822266,70.896728515625,91.13494110107422,69.75328063964844,58.07883071899414
2019-05-08,100.23026275634766,70.85452270507812,91.05055236816406,69.87657928466797,58.16666793823242
2019-05-07,100.66532897949219,70.8629379272461,91.35739135742188,69.86359405517578,58.14640426635742
2019-05-06,99.89995574951172,70.82920837402344,91.36506652832031,70.27239227294922,58.497596740722656
2019-05-03,99.62602233886719,70.78702545166016,91.24231719970703,70.25292205810547,58.470611572265625
2019-05-02,99.34403228759766,70.7616958618164,90.835693359375,70.07770538330078,58.32197952270508
2019-05-01,99.81940460205078,70.79544830322266,91.16560363769531,70.03878021240234,58.28147888183594
2019-04-30,99.40930938720703,70.85789489746094,91.19474792480469,70.27039337158203,58.47330093383789
2019-04-29,98.90279388427734,70.80738067626953,91.15650177001953,70.23167419433594,58.466552734375
2019-04-26,99.53797912597656,70.83267974853516,91.51603698730469,70.23167419433594,58.49346160888672
2019-04-25,99.20027923583984,70.75682067871094,91.19474792480469,70.07670593261719,58.345523834228516
2019-04-24,99.3449935913086,70.75682067871094,91.24066162109375,70.05732727050781,58.3186149597168
2019-04-23,98.54105377197266,70.71467590332031,90.93467712402344,70.11543273925781,58.39931869506836
2019-04-22,98.33197784423828,70.68099212646484,90.55985260009766,69.92170715332031,58.197566986083984
2019-04-18,98.80632019042969,70.67257690429688,90.70521545410156,70.01860046386719,58.29838562011719
2019-04-17,98.29180145263672,70.65573120117188,90.62872314453125,69.96044921875,58.27151870727539
2019-04-16,98.2516098022461,70.63045501708984,90.64401245117188,70.11543273925781,58.41275405883789
2019-04-15,98.87068176269531,70.63888549804688,90.89644622802734,70.09607696533203,58.446388244628906
2019-04-12,98.62144470214844,70.63045501708984,91.04174041748047,70.17357635498047,58.48674011230469
2019-04-11,99.32890319824219,70.67257690429688,91.09532165527344,70.07670593261719,58.39931869506836
2019-04-10,99.91580200195312,70.71467590332031,91.18711853027344,69.92170715332031,58.311866760253906
2019-04-09,99.67461395263672,70.65573120117188,90.74345397949219,69.6698226928711,58.0562744140625
2019-04-08,99.36105346679688,70.64727783203125,90.55223083496094,69.6698226928711,58.0966796875
2019-04-05,99.71479034423828,70.66413879394531,90.68225860595703,69.68920135498047,58.130271911621094
2019-04-04,99.58618927001953,70.67257690429688,90.53694915771484,69.59235382080078,58.02266311645508
2019-04-03,99.30481719970703,70.65573120117188,90.39158630371094,69.45673370361328,57.93524169921875
2019-04-02,100.17308044433594,70.68942260742188,90.58281707763672,69.4373779296875,57.9150505065918
2019-04-01,99.9881820678711,70.65573120117188,90.46040344238281,69.41796875,57.888160705566406
2019-03-29,101.42886352539062,70.7281723022461,90.79854583740234,69.36177825927734,57.902278900146484
2019-03-28,101.52510833740234,70.77021789550781,90.86720275878906,69.1689453125,57.754940032958984
2019-03-27,101.17216491699219,70.77862548828125,90.75279235839844,69.0339584350586,57.641143798828125
2019-03-26,100.24964904785156,70.71979522705078,90.63070678710938,68.99540710449219,57.60091781616211
2019-03-25,100.32181549072266,70.7281723022461,90.59259796142578,68.86042022705078,57.46033477783203
2019-03-22,100.16141510009766,70.65251922607422,90.40960693359375,68.86042022705078,57.48040008544922
2019-03-21,98.62921142578125,70.53474426269531,89.86048126220703,69.0918197631836,57.687992095947266
2019-03-20,98.41259765625,70.53474426269531,89.69271087646484,69.0918197631836,57.701416015625
2019-03-19,97.39387512207031,70.43389129638672,89.09025573730469,68.86042022705078,57.45361328125
2019-03-18,97.61041259765625,70.44227600097656,89.07498168945312,68.80255126953125,57.420143127441406
2019-03-15,97.6666030883789,70.45912170410156,89.12075805664062,68.76399230957031,57.44022750854492
2019-03-14,97.02482604980469,70.43389129638672,88.80043029785156,68.74472045898438,57.38665008544922
2019-03-13,97.73075103759766,70.41706085205078,88.9758529663086,68.78328704833984,57.426841735839844
2019-03-12,97.9152603149414,70.40866088867188,89.12075805664062,68.59043884277344,57.2728157043457
2019-03-11,97.23341369628906,70.38340759277344,88.87669372558594,68.45545959472656,57.17237091064453
2019-03-08,97.52217102050781,70.40025329589844,88.77754974365234,68.26260375976562,56.98488998413086
2019-03-07,97.11308288574219,70.37503814697266,88.66316986083984,68.37833404541016,57.07862854003906
2019-03-06,96.48736572265625,70.316162109375,88.37334442138672,68.41690826416016,57.11879348754883
2019-03-05,96.1344223022461,70.26573181152344,88.28945922851562,68.5519027709961,57.212562561035156
2019-03-04,95.9338150024414,70.25730895996094,88.25897979736328,68.5519027709961,57.23934555053711
2019-03-01,95.18783569335938,70.24050903320312,88.06069946289062,68.62902069091797,57.32637023925781
2019-02-28,96.07585906982422,70.2875747680664,88.2147216796875,68.48827362060547,57.16435623168945
2019-02-27,96.404052734375,70.30437469482422,88.33639526367188,68.48827362060547,57.19768142700195
2019-02-26,97.50878143310547,70.32115936279297,88.5872802734375,68.48827362060547,57.17766571044922
2019-02-25,97.0284423828125,70.2875747680664,88.45043182373047,68.35391998291016,57.1043586730957
2019-02-22,97.3166275024414,70.29600524902344,88.48084259033203,68.29634857177734,57.05769348144531
2019-02-21,96.7402572631836,70.24563598632812,88.08546447753906,68.18120574951172,56.94435119628906
2019-02-20,97.61280059814453,70.27080535888672,88.33639526367188,68.23880767822266,56.9976692199707
2019-02-19,97.89302062988281,70.27919006347656,88.41243743896484,68.142822265625,56.95102310180664
2019-02-15,97.64482116699219,70.22888946533203,88.35917663574219,68.12367248535156,56.931026458740234
2019-02-14,97.49275970458984,70.2624282836914,88.25276184082031,67.91258239746094,56.75100326538086
2019-02-13,96.94036865234375,70.17009735107422,88.15389251708984,67.89334106445312,56.7443733215332
2019-02-12,97.30863189697266,70.22044372558594,88.38201141357422,67.97016143798828,56.8243408203125
2019-02-11,97.55680847167969,70.22888946533203,88.26034545898438,67.62472534179688,56.5510368347168
2019-02-08,97.94100189208984,70.25399780273438,88.45803833007812,67.60552978515625,56.52436065673828
2019-02-07,97.52473449707031,70.22888946533203,88.23753356933594,67.60552978515625,56.537723541259766
2019-02-06,96.88436126708984,70.178466796875,88.25276184082031,67.89334106445312,56.731040954589844
2019-02-05,96.8363265991211,70.14492797851562,88.41999053955078,67.8741683959961,56.78436279296875
2019-02-04,96.39605712890625,70.14492797851562,88.06267547607422,67.6438980102539,56.58436584472656
2019-02-01,96.82830810546875,70.14492797851562,88.1843490600586,67.49037170410156,56.45104217529297
2019-01-31,97.41669464111328,70.22715759277344,88.39494323730469,67.51919555664062,56.478397369384766
2019-01-30,96.58604431152344,70.16852569580078,87.78095245361328,67.34725189208984,56.33903503417969
2019-01-29,96.65792846679688,70.07638549804688,87.37924194335938,66.83158111572266,55.89443588256836
2019-01-28,96.17071533203125,70.0428466796875,87.18975830078125,66.85063934326172,55.927589416503906
2019-01-25,96.26657104492188,70.03446960449219,87.2049331665039,66.94615173339844,56.01386642456055
2019-01-24,96.72978973388672,70.08475494384766,87.12910461425781,66.79335021972656,55.87451934814453
2019-01-23,96.09883880615234,70.0261001586914,86.90172576904297,66.71699523925781,55.81480026245117
2019-01-22,96.13880920410156,70.0428466796875,86.68189239501953,66.60236358642578,55.70198440551758
2019-01-18,95.49182891845703,69.98421478271484,86.53787994384766,66.984375,56.0735969543457
2019-01-17,95.99504089355469,70.0428466796875,86.38629150390625,66.81246185302734,55.914337158203125
2019-01-16,95.9710693359375,70.05126190185547,86.21196746826172,66.64054870605469,55.7617073059082
2019-01-15,95.87519073486328,70.0680160522461,86.04520416259766,66.50687408447266,55.675418853759766
2019-01-14,96.22663879394531,70.0428466796875,85.99214935302734,66.33497619628906,55.48960876464844
2019-01-11,96.58604431152344,70.0428466796875,86.21952819824219,66.52597045898438,55.668800354003906
2019-01-10,96.21066284179688,70.00096893310547,86.06039428710938,66.75515747070312,55.84796905517578
2019-01-09,96.83364868164062,69.99256896972656,86.2877426147461,66.43041229248047,55.62898254394531
2019-01-08,96.98540496826172,69.95907592773438,85.96186065673828,66.33497619628906,55.56264114379883
2019-01-07,97.2409439086914,70.00096893310547,85.7723388671875,65.87657165527344,55.20429611206055
2019-01-04,97.5284652709961,70.05126190185547,85.7647476196289,65.15077209472656,54.67340850830078
2019-01-03,98.67061614990234,70.2020034790039,85.81783294677734,64.1002426147461,53.770931243896484
2019-01-02,97.5604476928711,70.05958557128906,85.77996063232422,64.0811538696289,53.744361877441406
2018-12-31,97.04928588867188,70.05126190185547,85.51461029052734,64.15756225585938,53.817378997802734
2018-12-28,96.68183898925781,70.0261001586914,85.2796859741211,64.06200408935547,53.777565002441406
2018-12-27,95.87519073486328,69.92556762695312,84.8779296875,63.966556549072266,53.69793701171875
2018-12-26,95.8592300415039,69.8501968383789,84.8779296875,64.00472259521484,53.73112869262695
2018-12-24,96.89750671386719,69.91716003417969,84.94613647460938,62.93512725830078,52.841888427734375
2018-12-21,96.41832733154297,69.85855102539062,85.14321899414062,63.41261672973633,53.240055084228516
2018-12-20,96.4343032836914,69.80829620361328,85.2265853881836,63.79466247558594,53.50547409057617
2018-12-19,96.78567504882812,69.816650390625,85.50702667236328,64.44403076171875,53.976627349853516
2018-12-18,95.52381134033203,69.7999038696289,85.57525634765625,65.03041076660156,54.46770095825195
2018-12-17,94.95512390136719,69.75887298583984,85.2705307006836,65.22045135498047,54.56660461425781
2018-12-14,94.40538024902344,69.69192504882812,85.17987823486328,65.65753936767578,54.923213958740234
2018-12-13,94.07861328125,69.6501235961914,85.2705307006836,65.94258117675781,55.154388427734375
2018-12-12,94.30172729492188,69.58317565917969,85.04386901855469,65.77159881591797,55.02226257324219
2018-12-11,94.72400665283203,69.59156036376953,84.95317840576172,65.5815200805664,54.84394836425781
2018-12-10,94.74002075195312,69.65843200683594,84.80206298828125,65.41049194335938,54.74491500854492
2018-12-07,94.34952545166016,69.65843200683594,84.54517364501953,65.46749114990234,54.705257415771484
2018-12-06,94.17422485351562,69.58317565917969,84.53759765625,65.52450561523438,54.8109245300293
2018-12-04,93.87943267822266,69.51627349853516,84.28075408935547,65.80955505371094,55.00244903564453
2018-12-03,92.33360290527344,69.46611022949219,84.26558685302734,66.15167236328125,55.34592056274414
2018-11-30,91.68262481689453,69.52296447753906,83.95350646972656,65.6860580444336,54.96549606323242
2018-11-29,91.34081268310547,69.4979248046875,84.00625610351562,65.87519073486328,55.077247619628906
2018-11-28,90.98306274414062,69.4812240600586,84.24727630615234,65.8373794555664,55.064117431640625
2018-11-27,91.42823791503906,69.45616149902344,84.02130126953125,65.34556579589844,54.6104621887207
2018-11-26,91.32489013671875,69.44778442382812,84.12675476074219,65.34556579589844,54.636749267578125
2018-11-23,91.53157806396484,69.43944549560547,84.08911895751953,65.06190490722656,54.38032150268555
2018-11-21,91.43622589111328,69.45616149902344,84.05143737792969,65.36450958251953,54.68275833129883
2018-11-20,91.46796417236328,69.45616149902344,83.87065887451172,65.08082580566406,54.40660858154297
2018-11-19,91.43622589111328,69.47284698486328,84.07402038574219,65.3834457397461,54.57757568359375
2018-11-16,91.18180847167969,69.41439819335938,84.15690612792969,65.45909881591797,54.74851608276367
2018-11-15,90.6571273803711,69.36430358886719,83.9912109375,65.76171875,54.91291809082031
2018-11-14,90.6968994140625,69.33087921142578,84.14934539794922,65.79952239990234,54.9260368347168
2018-11-13,90.6412582397461,69.28076934814453,84.37529754638672,65.95084381103516,55.03123474121094
2018-11-12,90.6968994140625,69.27240753173828,84.48831176757812,66.04544830322266,55.123294830322266
2018-11-09,90.10862731933594,69.2223129272461,84.495849609375,66.46149444580078,55.46516418457031
2018-11-08,89.44088745117188,69.18894958496094,84.43558502197266,66.87759399414062,55.78074264526367
2018-11-07,89.44879913330078,69.19729614257812,84.68412017822266,66.97215270996094,55.91884231567383
2018-11-06,89.32955169677734,69.2223129272461,84.46573638916016,66.6506118774414,55.5966682434082
2018-11-05,89.38520050048828,69.23902893066406,84.3226089477539,66.51821899414062,55.45200729370117
2018-11-02,89.03543090820312,69.21395874023438,84.17194366455078,66.46149444580078,55.4059944152832
2018-11-01,90.15633392333984,69.29752349853516,84.51091003417969,66.42367553710938,55.4388542175293
2018-10-31,90.07283782958984,69.25906372070312,84.25556182861328,66.17970275878906,55.18574142456055
2018-10-30,90.53280639648438,69.29240417480469,84.49579620361328,66.08560180664062,55.18574142456055
2018-10-29,90.98483276367188,69.32575225830078,84.6834716796875,66.04790496826172,55.054893493652344
2018-10-26,91.19100189208984,69.30074310302734,84.78111267089844,66.04790496826172,55.107234954833984
2018-10-25,90.64382934570312,69.25906372070312,84.6384506225586,66.34908294677734,55.3558235168457
2018-10-24,91.02449798583984,69.28404998779297,84.74356079101562,66.25495147705078,55.24464416503906
2018-10-23,90.34246063232422,69.17574310302734,84.6234359741211,66.55614471435547,55.51939392089844
2018-10-22,90.05699920654297,69.134033203125,84.50332641601562,66.59378814697266,55.571739196777344
2018-10-19,90.17594146728516,69.1506576538086,84.6084213256836,66.57495880126953,55.54560089111328
2018-10-18,90.37419128417969,69.1923599243164,84.71350860595703,66.57495880126953,55.51286315917969
2018-10-17,90.40591430664062,69.1506576538086,84.71350860595703,66.87609100341797,55.748374938964844
2018-10-16,90.94518280029297,69.1506576538086,85.1339340209961,66.95138549804688,55.859615325927734
2018-10-15,90.7389907836914,69.17574310302734,84.91624450683594,66.66909790039062,55.669864654541016
2018-10-12,90.77864074707031,69.1506576538086,85.07389831542969,66.81965637207031,55.70915222167969
2018-10-11,91.09585571289062,69.1506576538086,85.05886840820312,66.4808578491211,55.414730072021484
2018-10-10,90.0014877319336,69.12568664550781,84.70602416992188,66.31143188476562,55.36891555786133
2018-10-09,90.24732208251953,69.10902404785156,84.93873596191406,66.8384780883789,55.768001556396484
2018-10-08,89.34325408935547,69.08404541015625,84.69850158691406,66.76316833496094,55.68296432495117
2018-10-05,89.64457702636719,69.10065460205078,84.78858184814453,66.91373443603516,55.80725860595703
2018-10-04,90.42179870605469,69.10902404785156,85.11891174316406,67.23371124267578,56.05588150024414
2018-10-03,91.06413269042969,69.12568664550781,85.47178649902344,67.534912109375,56.26526641845703
2018-10-02,92.67399597167969,69.15902709960938,85.97476196289062,67.64783477783203,56.41571807861328
2018-10-01,92.11093139648438,69.134033203125,85.89971160888672,67.74193572998047,56.461509704589844
2018-09-28,92.79214477539062,69.15318298339844,86.01831817626953,67.52545928955078,56.298614501953125
2018-09-27,93.0374526977539,69.11991882324219,86.07818603515625,67.48802947998047,56.25954055786133
2018-09-26,92.97412872314453,69.11991882324219,85.96595001220703,67.35694885253906,56.15532302856445
2018-09-25,92.32528686523438,69.11161804199219,85.6590576171875,67.33817291259766,56.09669876098633
2018-09-24,92.42027282714844,69.1032943725586,85.6590576171875,67.3194580078125,56.14229202270508
2018-09-21,92.65765380859375,69.1032943725586,85.85362243652344,67.39431762695312,56.16837692260742
2018-09-20,92.69717407226562,69.11991882324219,85.83865356445312,67.35694885253906,56.15532302856445
2018-09-19,92.2698974609375,69.09495544433594,85.61415100097656,67.26326751708984,56.07719039916992
2018-09-18,92.8238296508789,69.11161804199219,85.74140167236328,67.39431762695312,56.18136978149414
2018-09-17,93.80496978759766,69.11991882324219,86.09313201904297,67.39431762695312,56.18790817260742
2018-09-14,93.80496978759766,69.13653564453125,86.14553833007812,67.46930694580078,56.226951599121094
2018-09-13,94.25602722167969,69.16149139404297,86.25033569335938,67.39431762695312,56.17487716674805
2018-09-12,94.11358642578125,69.15318298339844,86.07074737548828,67.28199005126953,56.07064437866211
2018-09-11,93.89202117919922,69.15318298339844,85.89855194091797,67.13211822509766,55.94041061401367
2018-09-10,94.61207580566406,69.19481658935547,86.09313201904297,67.11337280273438,55.9273567199707
2018-09-07,94.263916015625,69.18647766113281,85.80876159667969,66.9822769165039,55.816646575927734
2018-09-06,95.07100677490234,69.2613754272461,86.16803741455078,66.9822769165039,55.87530517578125
2018-09-05,94.72285461425781,69.23641967773438,85.92845916748047,66.9822769165039,55.829689025878906
2018-09-04,94.9760513305664,69.23641967773438,85.98088836669922,67.05721282958984,55.888309478759766
2018-08-31,95.52835083007812,69.25221252441406,86.1395492553711,67.1133804321289,56.00483703613281
2018-08-30,95.74942779541016,69.23560333251953,86.26640319824219,67.05746459960938,55.933555603027344
2018-08-29,95.54414367675781,69.1857681274414,86.18434143066406,67.13204193115234,55.97894287109375
2018-08-28,95.41780853271484,69.19405364990234,86.27385711669922,67.16931915283203,56.01137161254883
2018-08-27,95.9941635131836,69.21898651123047,86.60214233398438,67.16931915283203,56.03730010986328
2018-08-24,96.5467758178711,69.243896484375,86.73650360107422,67.13204193115234,56.01784133911133
2018-08-23,96.35735321044922,69.23560333251953,86.56487274169922,67.02017974853516,55.92055130004883
2018-08-22,96.20732116699219,69.243896484375,86.53506469726562,67.05746459960938,55.927085876464844
2018-08-21,95.82833099365234,69.22730255126953,86.54248809814453,67.03887176513672,55.90760803222656
2018-08-20,96.15203857421875,69.243896484375,86.7588882446289,66.90833282470703,55.823299407958984
2018-08-17,95.51255798339844,69.2023696899414,86.53506469726562,66.85240173339844,55.7973518371582
2018-08-16,95.39417266845703,69.177490234375,86.46038818359375,66.79644775390625,55.732521057128906
2018-08-15,95.40205383300781,69.19405364990234,86.3485107421875,66.68463134765625,55.66117477416992
2018-08-14,94.84941101074219,69.16085815429688,86.16938018798828,66.8337631225586,55.758453369140625
2018-08-13,95.06256866455078,69.16085815429688,86.0574722290039,66.74056243896484,55.66117477416992
2018-08-10,95.25993347167969,69.177490234375,86.07987976074219,66.75916290283203,55.70009231567383
2018-08-09,94.57305908203125,69.11096954345703,85.93806457519531,66.87105560302734,55.7973518371582
2018-08-08,93.78358459472656,69.06941223144531,85.87095642089844,66.98291778564453,55.83628463745117
2018-08-07,93.68885803222656,69.06109619140625,86.00521087646484,66.98291778564453,55.868656158447266
2018-08-06,94.1783218383789,69.08606719970703,86.27385711669922,66.90833282470703,55.84276580810547
2018-08-03,94.1230697631836,69.06941223144531,86.19181823730469,66.87105560302734,55.73900604248047
2018-08-02,93.65727996826172,69.06109619140625,85.92317199707031,66.77783966064453,55.693580627441406
2018-08-01,93.52305603027344,69.01956939697266,85.8187255859375,66.75916290283203,55.66117477416992
2018-07-31,94.29122161865234,69.01290893554688,86.12238311767578,66.70140075683594,55.61125564575195
2018-07-30,93.77920532226562,69.01290893554688,85.85456085205078,66.57147216796875,55.49501037597656
2018-07-27,94.10221099853516,69.01290893554688,85.97359466552734,66.51580810546875,55.47565841674805
2018-07-26,93.94461822509766,69.00457763671875,85.86201477050781,66.55291748046875,55.49501037597656
2018-07-25,94.12580108642578,69.00457763671875,85.78016662597656,66.51580810546875,55.48855209350586
2018-07-24,94.27543640136719,69.029541015625,85.6685791015625,66.40445709228516,55.38523483276367
2018-07-23,93.95247650146484,69.02122497558594,85.40074157714844,66.2745590209961,55.26899719238281
2018-07-20,95.12623596191406,69.06271362304688,85.74295043945312,66.2745590209961,55.288368225097656
2018-07-19,96.30782318115234,69.06271362304688,85.99591827392578,66.25596618652344,55.262542724609375
2018-07-18,95.70125579833984,69.029541015625,85.86201477050781,66.29307556152344,55.288368225097656
2018-07-17,96.08729553222656,69.03781127929688,85.87686157226562,66.2374267578125,55.262542724609375
2018-07-16,96.2684097290039,69.04611206054688,85.93646240234375,66.1817398071289,55.24315643310547
2018-07-13,96.67018127441406,69.06271362304688,86.07775115966797,66.2374267578125,55.28188705444336
2018-07-12,96.42597961425781,69.04611206054688,86.01080322265625,66.2374267578125,55.28188705444336
2018-07-11,96.4338607788086,69.05438232421875,85.8248062133789,66.05182647705078,55.107574462890625
2018-07-10,96.06359100341797,69.029541015625,85.65371704101562,66.10753631591797,55.191497802734375
2018-07-09,96.07150268554688,69.03781127929688,85.75040435791016,66.10753631591797,55.18503952026367
2018-07-06,96.69381713867188,69.07926940917969,85.69087982177734,65.99616241455078,55.10109329223633
2018-07-05,96.37873077392578,69.06271362304688,85.57185363769531,65.82910919189453,54.95901107788086
2018-07-03,96.10302734375,69.07099914550781,85.30401611328125,65.56929779052734,54.75239944458008
2018-07-02,95.59099578857422,69.04611206054688,84.9915542602539,65.53219604492188,54.745948791503906
2018-06-29,95.66580200195312,69.05440521240234,84.98040008544922,65.53959655761719,54.69361114501953
2018-06-28,95.99593353271484,69.07096862792969,84.9358901977539,65.68737030029297,54.822227478027344
2018-06-27,95.97233581542969,69.07096862792969,85.04716491699219,65.9275131225586,54.97647476196289
2018-06-26,95.07637023925781,69.02957916259766,84.7578353881836,66.09376525878906,55.092201232910156
2018-06-25,94.94275665283203,69.02957916259766,84.47599029541016,66.09376525878906,55.098636627197266
2018-06-22,94.7306137084961,69.0046615600586,84.5576400756836,66.2415542602539,55.227230072021484
2018-06-21,94.73841857910156,68.9964370727539,84.45375061035156,66.22305297851562,55.220787048339844
2018-06-20,94.24320983886719,68.95502471923828,84.52049255371094,66.35238647460938,55.33649444580078
2018-06-19,95.07637023925781,68.98812103271484,84.99522399902344,66.27850341796875,55.27863311767578
2018-06-18,94.52616119384766,68.96328735351562,84.95072937011719,66.37085723876953,55.35578536987305
2018-06-15,94.61265563964844,68.94668579101562,85.03972625732422,66.40780639648438,55.36222839355469
2018-06-14,94.52616119384766,68.91355895996094,85.1584243774414,66.42626953125,55.39437484741211
2018-06-13,93.74807739257812,68.88874816894531,84.77269744873047,66.22305297851562,55.2336311340332
2018-06-12,93.79525756835938,68.92190551757812,84.85429382324219,66.22305297851562,55.21434020996094
2018-06-11,93.77169036865234,68.95502471923828,84.84687805175781,66.14918518066406,55.16937255859375
2018-06-08,93.94463348388672,68.97984313964844,84.92842102050781,66.03834533691406,55.06645584106445
2018-06-07,94.2275619506836,68.9964370727539,85.06938171386719,66.03834533691406,55.098636627197266
2018-06-06,93.32369232177734,68.93017578125,84.78756713867188,66.00141143798828,55.079341888427734
2018-06-05,94.08607482910156,68.95502471923828,85.09906005859375,65.90902709960938,54.9443473815918
2018-06-04,93.86599731445312,68.91355895996094,85.03972625732422,65.77973175048828,54.88004684448242
2018-06-01,94.54975891113281,68.97159576416016,85.23258972167969,65.59501647949219,54.764320373535156
2018-05-31,95.0520248413086,69.02458953857422,85.39649200439453,65.48973846435547,54.63962936401367
2018-05-30,95.2088394165039,69.0576400756836,85.43347930908203,65.5816650390625,54.69084167480469
2018-05-29,95.85179138183594,69.14037322998047,85.76624298095703,65.34263610839844,54.524452209472656
2018-05-25,93.79740142822266,68.94187927246094,85.31519317626953,65.63679504394531,54.754844665527344
2018-05-24,93.21714782714844,68.88397216796875,85.06377410888672,65.7287368774414,54.84440994262695
2018-05-23,92.48005676269531,68.84259796142578,84.8271484375,65.71035766601562,54.81242370605469
2018-05-22,91.81353759765625,68.78474426269531,84.4648208618164,65.67356872558594,54.76765060424805
2018-05-21,91.95468139648438,68.78474426269531,84.55353546142578,65.63679504394531,54.72920608520508
2018-05-18,91.90762329101562,68.78474426269531,84.50178527832031,65.56330108642578,54.652469635009766
2018-05-17,91.12351989746094,68.75164031982422,84.154296875,65.63679504394531,54.710025787353516
2018-05-16,91.5861587524414,68.73509216308594,84.31694030761719,65.63679504394531,54.67802810668945
2018-05-15,91.93895721435547,68.73509216308594,84.4278564453125,65.52650451660156,54.60763931274414
2018-05-14,92.99757385253906,68.77647399902344,85.07115936279297,65.85743713378906,54.87644577026367
2018-05-11,93.49159240722656,68.77647399902344,85.2264175415039,65.83903503417969,54.86361312866211
2018-05-10,93.25636291503906,68.77647399902344,85.07850646972656,65.87584686279297,54.88282775878906
2018-05-09,92.51142883300781,68.77647399902344,84.64967346191406,65.7287368774414,54.72283172607422
2018-05-08,93.06816101074219,68.80950927734375,84.66442108154297,65.63679504394531,54.63323974609375
2018-05-07,93.15441131591797,68.80122375488281,84.69406127929688,65.71035766601562,54.7164421081543
2018-05-04,93.30340576171875,68.80122375488281,84.79017639160156,65.65522766113281,54.66520309448242
2018-05-03,93.16226959228516,68.82610321044922,84.67185974121094,65.61843872070312,54.6268310546875
2018-05-02,92.74667358398438,68.77647399902344,84.6570816040039,65.63679504394531,54.63323974609375
2018-05-01,92.84861755371094,68.75164031982422,84.72362518310547,65.63679504394531,54.652469635009766
2018-04-30,93.18421173095703,68.78227996826172,84.95356750488281,65.64965057373047,54.61212921142578
2018-04-27,93.01986694335938,68.80703735351562,85.02732849121094,65.64965057373047,54.65032958984375
2018-04-26,92.30792236328125,68.79051208496094,84.83560180664062,65.6863021850586,54.67583084106445
2018-04-25,91.66632080078125,68.77397918701172,84.58492279052734,65.46665954589844,54.48468017578125
2018-04-24,92.2844009399414,68.78227996826172,84.85037994384766,65.55817413330078,54.47829818725586
2018-04-23,92.7069320678711,68.7657699584961,85.1010513305664,65.6679916381836,54.58662796020508
2018-04-20,92.6834716796875,68.77397918701172,85.13789367675781,65.8693618774414,54.733219146728516
2018-04-19,93.3563232421875,68.79876708984375,85.4844741821289,66.05233764648438,54.86701202392578
2018-04-18,94.12307739257812,68.79876708984375,85.80888366699219,66.2353515625,55.03904342651367
2018-04-17,94.88203430175781,68.85660552978516,86.25123596191406,66.3085708618164,55.096439361572266
2018-04-16,94.62378692626953,68.85660552978516,86.243896484375,66.27195739746094,55.07095718383789
2018-04-13,94.59253692626953,68.8648910522461,86.23651885986328,66.180419921875,54.98809051513672
2018-04-12,94.37348937988281,68.8813705444336,86.20701599121094,66.14383697509766,54.95624923706055
2018-04-11,95.06980895996094,68.92266845703125,86.44294738769531,65.88762664794922,54.7586669921875
2018-04-10,94.7333755493164,68.92266845703125,86.38397979736328,65.88762664794922,54.73957824707031
2018-04-09,94.90550994873047,68.9557113647461,86.36185455322266,65.64965057373047,54.54203414916992
2018-04-06,94.74900817871094,68.96398162841797,86.317626953125,65.41177368164062,54.338104248046875
2018-04-05,93.72409057617188,68.90617370605469,86.0595703125,65.52159118652344,54.45919418334961
2018-04-04,94.42823791503906,68.8896255493164,86.03008270263672,65.46665954589844,54.414554595947266
2018-04-03,94.62378692626953,68.93092346191406,86.03008270263672,65.30191802978516,54.29350280761719
2018-04-02,95.3592529296875,68.96398162841797,86.25861358642578,65.17382049560547,54.14055633544922
2018-03-29,95.17152404785156,68.94413757324219,86.30509185791016,65.33855438232422,54.35151290893555
2018-03-28,94.71087646484375,68.9194107055664,85.91542053222656,65.19274139404297,54.167442321777344
2018-03-27,94.46104431152344,68.91114807128906,85.6875228881836,65.22918701171875,54.19279479980469
2018-03-26,93.46167755126953,68.86163330078125,85.37870788574219,65.32029724121094,54.24360656738281
2018-03-23,93.82081604003906,68.89464569091797,85.07728576660156,64.91935729980469,53.89456558227539
2018-03-22,93.89112854003906,68.87813568115234,85.34928894042969,65.08335876464844,54.034141540527344
2018-03-21,92.96981811523438,68.8451156616211,85.20231628417969,65.484375,54.35783004760742
2018-03-20,92.86836242675781,68.7956314086914,85.25375366210938,65.4296646118164,54.338783264160156
2018-03-19,93.24307250976562,68.82039642333984,85.55517578125,65.33855438232422,54.23091125488281
2018-03-16,93.53980255126953,68.82039642333984,85.8418960571289,65.5572509765625,54.45302963256836
2018-03-15,93.87548828125,68.85335540771484,85.74635314941406,65.46611785888672,54.338783264160156
2018-03-14,93.87548828125,68.8451156616211,85.65811157226562,65.4296646118164,54.300716400146484
2018-03-13,93.05570983886719,68.85335540771484,85.46694946289062,65.50255584716797,54.36419677734375
2018-03-12,92.58726501464844,68.8369140625,85.45960998535156,65.70303344726562,54.5355339050293
2018-03-09,92.05640411376953,68.80389404296875,85.34928894042969,65.77594757080078,54.6244010925293
2018-03-08,92.66537475585938,68.8369140625,85.65074920654297,65.5572509765625,54.42763137817383
2018-03-07,92.13446044921875,68.82039642333984,85.48165130615234,65.50255584716797,54.36419677734375
2018-03-06,92.23594665527344,68.82039642333984,85.5110855102539,65.66658782958984,54.49748611450195
2018-03-05,92.15007019042969,68.8369140625,85.43755340576172,65.5754623413086,54.421295166015625
2018-03-02,92.39989471435547,68.8369140625,85.46694946289062,65.61194610595703,54.421295166015625
2018-03-01,93.1572265625,68.86993408203125,85.73896789550781,65.41146087646484,54.11667251586914
2018-02-28,92.52559661865234,68.77420043945312,85.82720947265625,65.69759368896484,54.4777717590332
2018-02-27,91.94122314453125,68.75769805908203,85.66590118408203,65.75202178955078,54.55995559692383
2018-02-26,92.07367706298828,68.80714416503906,86.0397720336914,65.93345642089844,54.705360412597656
2018-02-23,92.04252624511719,68.79891204833984,85.92984771728516,65.78828430175781,54.61053466796875
2018-02-22,91.23217010498047,68.78243255615234,85.533935546875,65.40731048583984,54.25019073486328
2018-02-21,90.95948028564453,68.77420043945312,85.4166488647461,65.40731048583984,54.21226501464844
2018-02-20,92.08931732177734,68.7659683227539,85.88585662841797,65.66132354736328,54.45882797241211
2018-02-16,92.49446868896484,68.77420043945312,86.25244903564453,65.89712524414062,54.64847183227539
2018-02-15,91.99579620361328,68.75769805908203,85.995849609375,65.5705795288086,54.427207946777344
2018-02-14,91.6841049194336,68.78243255615234,85.59261322021484,65.09883880615234,53.99103546142578
2018-02-13,92.71260833740234,68.88131713867188,85.90784454345703,64.98997497558594,53.896236419677734
2018-02-12,92.29965209960938,68.88131713867188,85.93717956542969,65.17142486572266,54.066890716552734
2018-02-09,91.89447784423828,68.91431427001953,85.93717956542969,64.73597717285156,53.70026397705078
2018-02-08,92.47886657714844,68.85661315917969,86.21576690673828,65.0081558227539,53.85197830200195
2018-02-07,92.58015441894531,68.8483657836914,86.58967590332031,65.4798355102539,54.32609558105469
2018-02-06,93.4683837890625,68.89784240722656,86.83161163330078,65.73385620117188,54.52837371826172
2018-02-05,94.05281829833984,68.94731140136719,87.0075454711914,65.38911437988281,54.19964599609375
2018-02-02,93.17230224609375,68.8236312866211,86.95622253417969,65.80646514892578,54.503082275390625
2018-02-01,94.04499053955078,68.8154067993164,87.40342712402344,66.13301849365234,54.850738525390625
2018-01-31,95.42797088623047,68.84339141845703,87.79130554199219,66.29631042480469,54.95443344116211
2018-01-30,94.8681640625,68.84339141845703,87.60847473144531,66.18791961669922,54.85999298095703
2018-01-29,95.42797088623047,68.8351821899414,87.90824127197266,66.4769515991211,55.04887008666992
2018-01-26,96.09667205810547,68.85987091064453,88.14222717285156,66.6937255859375,55.24397277832031
2018-01-25,96.4543685913086,68.90106201171875,88.25922393798828,66.63951110839844,55.19990921020508
2018-01-24,95.66899871826172,68.91749572753906,87.81314849853516,66.7117919921875,55.23768615722656
2018-01-23,96.18995666503906,68.93396759033203,87.8716812133789,66.7659912109375,55.31953430175781
2018-01-22,95.77783966064453,68.89280700683594,87.49151611328125,66.5672836303711,55.15584945678711
2018-01-19,95.6845474243164,68.92577362060547,87.57190704345703,66.51312255859375,55.10551071166992
2018-01-18,96.18995666503906,68.90106201171875,87.84246063232422,66.49508666992188,55.04887008666992
2018-01-17,97.09195709228516,68.91749572753906,88.18607330322266,66.54920959472656,55.10551071166992
2018-01-16,97.22411346435547,68.9422378540039,88.4273452758789,66.60340881347656,55.09919738769531
2018-01-12,96.8198013305664,68.95045471191406,88.34693908691406,66.58531951904297,55.130653381347656
2018-01-11,96.6564712524414,68.95870971679688,88.33233642578125,66.6937255859375,55.225120544433594
2018-01-10,96.25994110107422,68.98341369628906,88.12026977539062,66.5311279296875,55.04255294799805
2018-01-09,96.3765640258789,68.95870971679688,88.06184387207031,66.6575927734375,55.16215133666992
2018-01-08,97.68282318115234,68.98341369628906,88.38347625732422,66.8201675415039,55.33210372924805
2018-01-05,97.7450942993164,68.98341369628906,88.39081573486328,66.89244079589844,55.37617111206055
2018-01-04,98.02497863769531,68.98341369628906,88.4200668334961,66.8201675415039,55.33842086791992
2018-01-03,98.0405044555664,69.0163345336914,88.44928741455078,66.7298583984375,55.24397277832031
2018-01-02,97.57398986816406,69.0163345336914,88.2884292602539,66.40470123291016,54.979618072509766
2017-12-29,98.63923645019531,69.04107666015625,88.88066864013672,66.33245849609375,54.929222106933594
2017-12-28,98.48373413085938,69.0245590209961,88.76373291015625,66.22407531738281,54.847415924072266
2017-12-27,98.56924438476562,69.0163345336914,88.82221984863281,66.27825927734375,54.8725700378418
2017-12-26,97.3018798828125,68.98341369628906,88.33233642578125,66.26018524169922,54.847415924072266
2017-12-22,97.01414489746094,68.99163818359375,88.21533203125,66.1698989868164,54.76554870605469
2017-12-21,96.88199615478516,69.0163345336914,88.14952850341797,66.04340362548828,54.7152099609375
2017-12-20,96.32061004638672,69.02130126953125,87.91265106201172,66.02536010742188,54.6579475402832
2017-12-19,97.39910125732422,69.01306915283203,88.14608764648438,65.95307159423828,54.61406326293945
2017-12-18,98.67935180664062,69.04595184326172,88.59847259521484,66.07596588134766,54.7269172668457
2017-12-15,99.58717346191406,69.04595184326172,88.86113739013672,66.00399017333984,54.67042541503906
2017-12-14,99.21471405029297,69.078857421875,88.73711395263672,65.98600769042969,54.66419982910156
2017-12-13,98.79572296142578,69.10352325439453,88.57660675048828,66.14789581298828,54.77702713012695
2017-12-12,98.05859375,69.02947998046875,88.27012634277344,66.14789581298828,54.74567794799805
2017-12-11,98.097412109375,69.02947998046875,88.33578491210938,66.14789581298828,54.77078628540039
2017-12-08,98.29912567138672,69.0624008178711,88.27012634277344,66.11190795898438,54.75824737548828
2017-12-07,98.29141998291016,69.0624008178711,88.37957000732422,66.07596588134766,54.701786041259766
2017-12-06,99.06735229492188,69.0541763305664,88.55471801757812,66.0219497680664,54.676727294921875
2017-12-05,98.72588348388672,69.02130126953125,88.38685607910156,66.09392547607422,54.7269172668457
2017-12-04,98.2370834350586,69.02947998046875,88.21906280517578,66.0579605102539,54.75824737548828
2017-12-01,98.19055938720703,69.07064056396484,88.08043670654297,66.09392547607422,54.77702713012695
2017-11-30,96.88313293457031,69.05500793457031,87.80902862548828,66.13526916503906,54.794593811035156
2017-11-29,97.20834350585938,69.0960693359375,87.9108657836914,66.15319061279297,54.7821159362793
2017-11-28,98.17626190185547,69.11249542236328,88.26018524169922,66.24272155761719,54.85076904296875
2017-11-27,98.04460144042969,69.10430145263672,88.136474609375,66.06369018554688,54.68223190307617
2017-11-24,98.18399047851562,69.10430145263672,88.18741607666016,66.22478485107422,54.85076904296875
2017-11-22,98.45500946044922,69.10430145263672,88.28929138183594,66.17108917236328,54.81329345703125
2017-11-21,98.1375732421875,69.04676055908203,87.94723510742188,66.02787780761719,54.72592544555664
2017-11-20,97.82778930664062,69.0632553100586,87.65621185302734,65.90254974365234,54.61355209350586
2017-11-17,97.86653137207031,69.08787536621094,87.65621185302734,65.86673736572266,54.60107421875
2017-11-16,97.14640808105469,69.1289291381836,87.54705810546875,65.90254974365234,54.63853454589844
2017-11-15,97.9981689453125,69.12071228027344,87.64893341064453,65.29383850097656,54.10795211791992
2017-11-14,96.9450912475586,69.1453857421875,87.27783203125,65.34749603271484,54.10795211791992
2017-11-13,96.29462432861328,69.1289291381836,87.25601196289062,65.59815979003906,54.33891296386719
2017-11-10,96.09332275390625,69.13719177246094,87.24146270751953,65.66978454589844,54.37637710571289
2017-11-09,97.56452941894531,69.16182708740234,87.74352264404297,65.36542510986328,54.25771713256836
2017-11-08,97.84329223632812,69.1700439453125,87.97640228271484,65.79512786865234,54.52617645263672
2017-11-07,98.06011199951172,69.17826843261719,88.09282684326172,66.1174087524414,54.7696533203125
2017-11-06,97.64970397949219,69.21112060546875,88.16557312011719,66.2068862915039,54.925682067871094
2017-11-03,97.28577423095703,69.1700439453125,88.14376068115234,66.24272155761719,54.9194450378418
2017-11-02,97.02252960205078,69.21112060546875,88.04187774658203,66.27853393554688,54.91320037841797
2017-11-01,96.59660339355469,69.19470977783203,88.0564193725586,66.3143539428711,54.94440460205078
2017-10-31,96.16840362548828,69.20458221435547,87.91744232177734,66.36802673339844,54.996864318847656
2017-10-30,96.13750457763672,69.24562072753906,88.04081726074219,66.33238983154297,54.984413146972656
2017-10-27,95.22578430175781,69.2127685546875,87.75054931640625,66.35020446777344,54.996864318847656
2017-10-26,94.59989929199219,69.16351318359375,87.48929595947266,66.18981170654297,54.84765625
2017-10-25,94.91669464111328,69.16351318359375,87.49645233154297,66.27892303466797,54.9160041809082
2017-10-24,95.3725814819336,69.1799545288086,87.72872924804688,66.49278259277344,55.071449279785156
2017-10-23,95.9675521850586,69.19634246826172,87.94647216796875,66.43931579589844,55.071449279785156
2017-10-20,95.79752349853516,69.19634246826172,87.85939025878906,66.51057434082031,55.13360595703125
2017-10-19,96.8252182006836,69.23739624023438,88.09883880615234,66.4571304321289,55.08387756347656
2017-10-18,96.65524291992188,69.19634246826172,87.96822357177734,66.42150115966797,55.07763671875
2017-10-17,97.29655456542969,69.22095489501953,88.09883880615234,66.38583374023438,55.0217399597168
2017-10-16,97.17292022705078,69.2127685546875,88.1134262084961,66.27892303466797,54.94087219238281
2017-10-13,97.24247741699219,69.27842712402344,88.23678588867188,66.26110076904297,54.9098014831543
2017-10-12,96.54703521728516,69.23739624023438,87.88842010498047,66.22545623779297,54.88494873046875
2017-10-11,96.13750457763672,69.24562072753906,87.86660766601562,66.27892303466797,54.94710922241211
2017-10-10,95.95207214355469,69.25382232666016,87.91015625,66.36802673339844,55.003047943115234
2017-10-09,95.79752349853516,69.23739624023438,87.8521499633789,66.31456756591797,54.95952606201172
2017-10-06,95.4961929321289,69.23739624023438,87.77954864501953,66.26110076904297,54.953330993652344
2017-10-05,95.76664733886719,69.26201629638672,87.8521499633789,66.35020446777344,55.03414535522461
2017-10-04,96.12979888916016,69.40979766845703,87.97549438476562,66.26110076904297,54.96575164794922
2017-10-03,96.12206268310547,69.27842712402344,88.0262680053711,66.36802673339844,55.0217399597168
2017-10-02,96.02933502197266,69.31945037841797,87.83039093017578,66.2432861328125,54.9222297668457
2017-09-29,96.20552825927734,69.26778411865234,87.74835968017578,66.2308120727539,54.95022201538086
2017-09-28,95.98963928222656,69.2841796875,87.66873931884766,66.17754364013672,54.86973190307617
2017-09-27,96.27488708496094,69.27596282958984,87.53846740722656,66.17754364013672,54.86973190307617
2017-09-26,97.74777221679688,69.2841796875,87.87865447998047,66.14208221435547,54.8449821472168
2017-09-25,97.92511749267578,69.30057525634766,87.89308166503906,66.07105255126953,54.776859283447266
2017-09-22,97.31594848632812,69.25952911376953,87.5673828125,66.01786041259766,54.74592590332031
2017-09-21,97.038330078125,69.24317169189453,87.4515609741211,65.92913055419922,54.690181732177734
2017-09-20,97.09233856201172,69.25952911376953,87.4515609741211,66.03556060791016,54.75830841064453
2017-09-19,97.02287292480469,69.31698608398438,87.56015014648438,66.05331420898438,54.76449203491211
2017-09-18,97.26199340820312,69.30876922607422,87.5094985961914,65.94686126708984,54.70875930786133
2017-09-15,97.82489013671875,69.34979248046875,87.59637451171875,65.96461486816406,54.733516693115234
2017-09-14,97.78633117675781,69.35796356201172,87.52400207519531,65.94686126708984,54.68400192260742
2017-09-13,97.38530731201172,69.34979248046875,87.30681610107422,65.80485534667969,54.60972213745117
2017-09-12,97.77091979980469,69.3662109375,87.39366912841797,65.8403549194336,54.591182708740234
2017-09-11,98.28753662109375,69.39897918701172,87.48774719238281,65.75165557861328,54.5230598449707
2017-09-08,99.47508239746094,69.46460723876953,87.75555419921875,65.53866577148438,54.34970474243164
2017-09-07,99.69105529785156,69.48104095458984,88.01616668701172,65.73389434814453,54.5230598449707
2017-09-06,98.68083953857422,69.43997955322266,87.67593383789062,65.71614074707031,54.51683807373047
2017-09-05,99.28998565673828,69.44817352294922,87.9872055053711,65.76937866210938,54.55400848388672
2017-09-01,97.74006652832031,69.38259887695312,87.4443588256836,65.85813903808594,54.6778450012207
2017-08-31,98.49343872070312,69.3973388671875,87.79178619384766,65.83328247070312,54.62208938598633
2017-08-30,98.20101928710938,69.3973388671875,87.64017486572266,65.67426300048828,54.474151611328125
2017-08-29,98.23182678222656,69.3809585571289,87.56798553466797,65.53292083740234,54.326168060302734
2017-08-28,97.916259765625,69.34820556640625,87.50299835205078,65.60357666015625,54.394012451171875
2017-08-25,97.97786712646484,69.37272644042969,87.50299835205078,65.60357666015625,54.38783264160156
2017-08-24,97.60076141357422,69.34820556640625,87.30083465576172,65.46224212646484,54.28915786743164
2017-08-23,97.96248626708984,69.41372680664062,87.46693420410156,65.37389373779297,54.209041595458984
2017-08-22,97.30065155029297,69.34820556640625,87.13482666015625,65.40921783447266,54.202877044677734
2017-08-21,97.67774963378906,69.35638427734375,87.22142791748047,65.10885620117188,53.98093032836914
2017-08-18,97.43917083740234,69.34000396728516,87.09877014160156,65.03817749023438,53.925437927246094
2017-08-17,97.46224975585938,69.34820556640625,87.15648651123047,64.98519897460938,53.84529113769531
2017-08-16,96.73887634277344,69.331787109375,87.06985473632812,65.3208999633789,54.147369384765625
2017-08-15,96.38488006591797,69.29084014892578,86.82439422607422,65.3208999633789,54.141239166259766
2017-08-14,96.79277038574219,69.3235855102539,86.92547607421875,65.25020599365234,54.12273025512695
2017-08-11,97.2929916381836,69.3809585571289,86.98320770263672,64.96749114990234,53.83913803100586
2017-08-10,97.24676513671875,69.29084014892578,86.82439422607422,64.80850219726562,53.746681213378906
2017-08-09,96.4233627319336,69.2662353515625,86.85326385498047,65.26787567138672,54.09193801879883
2017-08-08,95.90011596679688,69.27439880371094,86.76667022705078,65.5505599975586,54.301513671875
2017-08-07,96.24636840820312,69.27439880371094,87.18538665771484,65.74491882324219,54.535804748535156
2017-08-04,96.13866424560547,69.2498550415039,87.16368865966797,65.7625732421875,54.56046676635742
2017-08-03,96.96205139160156,69.27439880371094,87.50299835205078,65.74491882324219,54.5481071472168
2017-08-02,95.96935272216797,69.2498550415039,87.38027954101562,65.9039535522461,54.65293884277344
2017-08-01,95.91548156738281,69.28262329101562,87.5174560546875,65.9039535522461,54.64060592651367
2017-07-31,95.24678039550781,69.2572250366211,87.20125579833984,65.79265594482422,54.58636474609375
2017-07-28,95.1316146850586,69.26541137695312,87.20125579833984,65.81021118164062,54.58636474609375
2017-07-27,94.5710220336914,69.22443389892578,86.97087097167969,65.81021118164062,54.5802116394043
2017-07-26,95.03939819335938,69.2408447265625,87.18683624267578,65.82782745361328,54.62318420410156
2017-07-25,94.88582611083984,69.19173431396484,86.89885711669922,65.7398681640625,54.54337692260742
2017-07-24,96.13746643066406,69.23268127441406,87.41728210449219,65.72225952148438,54.51881408691406
2017-07-21,96.51376342773438,69.2572250366211,87.51806640625,65.65190887451172,54.4758415222168
2017-07-20,96.10676574707031,69.22443389892578,87.31645965576172,65.72225952148438,54.51881408691406
2017-07-19,95.8303451538086,69.22443389892578,87.2372817993164,65.65190887451172,54.488121032714844
2017-07-18,95.79191589355469,69.22443389892578,87.26604461669922,65.54634857177734,54.395999908447266
2017-07-17,94.9626235961914,69.20809173583984,86.89164733886719,65.45842742919922,54.371456146240234
2017-07-14,94.70154571533203,69.19992065429688,86.81246185302734,65.42323303222656,54.35302734375
2017-07-13,94.58638000488281,69.1671142578125,86.61083984375,65.30008697509766,54.199527740478516
2017-07-12,95.18531036376953,69.19992065429688,86.76200866699219,65.24732971191406,54.15656280517578
2017-07-11,94.53264617919922,69.1671142578125,86.38047790527344,64.87786102294922,53.8066291809082
2017-07-10,94.3713607788086,69.14257049560547,86.34442138671875,64.91305541992188,53.84342956542969
2017-07-07,94.2331314086914,69.10981750488281,86.20042419433594,64.78992462158203,53.78204345703125
2017-07-06,94.8014144897461,69.11800384521484,86.27243041992188,64.86028289794922,53.831172943115234
2017-07-05,95.59228515625,69.10162353515625,86.49559783935547,65.01859283447266,53.96623229980469
2017-07-03,95.56924438476562,69.07707214355469,86.35167694091797,65.10657501220703,54.00923538208008
2017-06-30,95.87796020507812,69.12870025634766,86.53878784179688,65.14523315429688,54.03562545776367
2017-06-29,96.1001968383789,69.12870025634766,86.61064147949219,65.00516510009766,53.907264709472656
2017-06-28,96.91243743896484,69.1695556640625,86.87635040283203,65.12773132324219,54.04172897338867
2017-06-27,97.23428344726562,69.13684844970703,86.78300476074219,64.90009307861328,53.821678161621094
2017-06-26,98.28408813476562,69.17776489257812,87.17794036865234,65.05772399902344,53.99283981323242
2017-06-23,97.9162826538086,69.17776489257812,87.01995086669922,64.97013092041016,53.91947937011719
2017-06-22,97.96223449707031,69.13684844970703,86.97689819335938,64.7249755859375,53.69940948486328
2017-06-21,97.74772644042969,69.12870025634766,86.90511322021484,64.56737518310547,53.55265426635742
2017-06-20,97.5484848022461,69.1204605102539,86.86201477050781,64.97013092041016,53.864437103271484
2017-06-19,96.68255615234375,69.11227416992188,86.66807556152344,65.16282653808594,54.05398178100586
2017-06-16,96.82051086425781,69.1531982421875,86.77580261230469,64.91759490966797,53.88890838623047
2017-06-15,96.62890625,69.1204605102539,86.70398712158203,65.09272003173828,53.98062515258789
2017-06-14,96.78218078613281,69.14501953125,86.91226196289062,65.25035858154297,54.18846130371094
2017-06-13,95.31086730957031,69.11227416992188,86.32339477539062,65.28536987304688,54.18235397338867
2017-06-12,95.29554748535156,69.11227416992188,86.23001098632812,65.19779968261719,54.084529876708984
2017-06-09,95.32624053955078,69.1204605102539,86.20848846435547,65.02267456054688,53.99283981323242
2017-06-08,95.47183227539062,69.14501953125,86.29466247558594,65.05772399902344,53.95006561279297
2017-06-07,95.72468566894531,69.161376953125,86.44550323486328,65.02267456054688,53.907264709472656
2017-06-06,96.18444061279297,69.18592071533203,86.55318450927734,65.16282653808594,54.01729965209961
2017-06-05,95.66339111328125,69.161376953125,86.3018569946289,65.25035858154297,54.1028938293457
2017-06-02,96.2611083984375,69.21865844726562,86.5460433959961,65.28536987304688,54.15178298950195
2017-06-01,95.13462829589844,69.1695556640625,86.14388275146484,65.25035858154297,54.12118911743164
2017-05-31,95.12464141845703,69.18266296386719,86.12519073486328,65.10850524902344,53.96413040161133
2017-05-30,94.88760375976562,69.17449951171875,86.02495574951172,65.12590789794922,53.97016906738281
2017-05-26,94.42118072509766,69.14999389648438,85.82437896728516,65.00398254394531,53.9154167175293
2017-05-25,94.26058959960938,69.15813446044922,85.75997161865234,64.96917724609375,53.88497543334961
2017-05-24,94.23003387451172,69.15813446044922,85.7240982055664,65.0388412475586,53.92759323120117
2017-05-23,93.702392578125,69.11724090576172,85.58806610107422,64.93433380126953,53.83627700805664
2017-05-22,94.33706665039062,69.14181518554688,85.8530502319336,64.91694641113281,53.842350006103516
2017-05-19,94.59703826904297,69.16633605957031,85.92469787597656,64.74280548095703,53.67799377441406
2017-05-18,94.37530517578125,69.14999389648438,85.87451171875,64.58610534667969,53.580604553222656
2017-05-17,94.26824188232422,69.18266296386719,85.88885498046875,64.4990234375,53.51970672607422
2017-05-16,92.9148178100586,69.10906219482422,85.36603546142578,64.81245422363281,53.75712966918945
2017-05-15,92.5706787109375,69.10906219482422,85.2442626953125,64.74280548095703,53.67799377441406
2017-05-12,92.82303619384766,69.11724090576172,85.25145721435547,64.58610534667969,53.55628204345703
2017-05-11,92.12715911865234,69.03546142578125,84.82166290283203,64.56867218017578,53.57455062866211
2017-05-10,92.12715911865234,69.02731323242188,84.77871704101562,64.56867218017578,53.568450927734375
2017-05-09,92.2342758178711,69.010986328125,84.66410827636719,64.32488250732422,53.337074279785156
2017-05-08,92.24186706542969,69.04368591308594,84.6497573852539,64.37713623046875,53.373619079589844
2017-05-05,92.74655151367188,69.07637023925781,84.8001708984375,64.30744934082031,53.3127555847168
2017-05-04,92.66243743896484,69.0518798828125,84.77157592773438,64.13336944580078,53.22147750854492
2017-05-03,93.1212387084961,69.06004333496094,84.93632507324219,64.5164566040039,53.50754928588867
2017-05-02,93.0600814819336,69.10906219482422,84.97925567626953,64.46417236328125,53.45887756347656
2017-05-01,92.58599853515625,69.08454895019531,84.72857666015625,64.3597183227539,53.44062042236328
2017-04-28,93.36212921142578,69.1319808959961,84.99214935302734,64.37711334228516,53.413204193115234
2017-04-27,93.15608215332031,69.09930419921875,84.89215087890625,64.35980224609375,53.4313850402832
2017-04-26,93.18659210205078,69.07479858398438,84.81356048583984,64.27313995361328,53.395023345947266
2017-04-25,92.67535400390625,69.05026245117188,84.60643005371094,64.34245300292969,53.44353485107422
2017-04-24,93.80471801757812,69.11563110351562,84.94213104248047,64.20381927490234,53.346561431884766
2017-04-21,94.27022552490234,69.18915557861328,85.05642700195312,63.90914535522461,53.09799575805664
2017-04-20,94.27022552490234,69.15648651123047,85.05642700195312,63.96111297607422,53.14044952392578
2017-04-19,94.63642120361328,69.16464233398438,85.17786407470703,63.77046585083008,52.964630126953125
2017-04-18,95.15532684326172,69.19734191894531,85.43500518798828,63.80513381958008,53.01316452026367
2017-04-17,93.92681884765625,69.14012908935547,84.93498229980469,63.82243728637695,53.02527618408203
2017-04-13,94.21675872802734,69.1483154296875,85.09932708740234,63.61447525024414,52.867671966552734
2017-04-12,93.92681884765625,69.11563110351562,84.95642852783203,63.77046585083008,52.976783752441406
2017-04-11,93.41553497314453,69.06659698486328,84.67790985107422,63.71845626831055,52.94040298461914
2017-04-10,92.53804016113281,69.00128173828125,84.28500366210938,63.83979034423828,53.043460845947266
2017-04-07,92.11068725585938,68.96858978271484,84.12787628173828,63.71845626831055,52.97072219848633
2017-04-06,92.48458099365234,69.05846405029297,84.33504486083984,63.71845626831055,52.99498748779297
2017-04-05,92.62191009521484,69.04210662841797,84.25643157958984,63.63179016113281,52.92827224731445
2017-04-04,92.33964538574219,69.04210662841797,84.14929962158203,63.71845626831055,52.97072219848633
2017-04-03,92.84321594238281,69.06659698486328,84.37071990966797,63.701087951660156,52.95253372192383
2017-03-31,91.91609191894531,69.00288391113281,83.99359130859375,63.714969635009766,52.98103332519531
2017-03-30,91.64956665039062,68.9947509765625,83.90808868408203,63.76675033569336,52.999114990234375
2017-03-29,92.39582061767578,69.01107025146484,84.1289291381836,63.43893814086914,52.751678466796875
2017-03-28,91.84757995605469,68.97025299072266,83.85821533203125,63.369903564453125,52.64302062988281
2017-03-27,92.46435546875,69.00288391113281,84.03634643554688,62.921348571777344,52.35333251953125
2017-03-24,92.04556274414062,68.97840881347656,83.85821533203125,63.04213333129883,52.40764617919922
2017-03-23,91.71807861328125,68.97840881347656,83.77275848388672,62.766090393066406,52.2265510559082
2017-03-22,91.84757995605469,68.97840881347656,83.82976531982422,62.85234069824219,52.208457946777344
2017-03-21,91.4820556640625,68.96205139160156,83.61601257324219,62.62804412841797,52.081722259521484
2017-03-20,90.72820281982422,68.92941284179688,83.4094009399414,63.128395080566406,52.455928802490234
2017-03-17,90.33988189697266,68.88861846923828,83.21713256835938,63.19740295410156,52.55854415893555
2017-03-16,89.77635955810547,68.85590362548828,83.0247573852539,63.21464538574219,52.54039764404297
2017-03-15,90.23326110839844,68.90495300292969,83.14591217041016,63.40438461303711,52.69131088256836
2017-03-14,89.1443862915039,68.77427673339844,82.43351745605469,62.541751861572266,51.97306823730469
2017-03-13,88.71795654296875,68.78243255615234,82.36233520507812,62.78330993652344,52.13003158569336
2017-03-10,89.28145599365234,68.8151626586914,82.64013671875,62.67975616455078,52.087738037109375
2017-03-09,88.96925354003906,68.77427673339844,82.43351745605469,62.67975616455078,52.105838775634766
2017-03-08,89.68502044677734,68.78243255615234,82.88231658935547,62.86961364746094,52.24468994140625
2017-03-07,90.17235565185547,68.83965301513672,83.13877868652344,63.3354606628418,52.594722747802734
2017-03-06,90.44650268554688,68.8641357421875,83.55192565917969,63.714969635009766,52.93875503540039
2017-03-03,90.8804931640625,68.84777069091797,83.70154571533203,63.99102020263672,53.10778045654297
2017-03-02,90.6444320678711,68.8314208984375,83.61601257324219,63.99102020263672,53.0836181640625
2017-03-01,90.97186279296875,68.90495300292969,83.74427795410156,64.14630126953125,53.25265884399414
2017-02-28,92.52220153808594,68.95880889892578,84.2422103881836,63.91168212890625,53.05706787109375
2017-02-27,92.1801986694336,68.99147033691406,84.18535614013672,63.89450454711914,53.099143981933594
2017-02-24,92.72742462158203,69.04855346679688,84.38426971435547,63.79142761230469,53.03304672241211
2017-02-23,91.70899963378906,69.01593017578125,83.95803833007812,63.79142761230469,52.990962982177734
2017-02-22,91.43541717529297,68.9832992553711,83.74491119384766,63.722774505615234,52.94287872314453
2017-02-21,91.28339385986328,68.96699523925781,83.68094635009766,63.705604553222656,52.91885757446289
2017-02-17,91.4430160522461,68.95880889892578,83.64544677734375,63.4652214050293,52.74458312988281
2017-02-16,90.90341186523438,68.90985870361328,83.43232727050781,63.43085479736328,52.69050216674805
2017-02-15,90.4094009399414,68.87721252441406,83.19783782958984,63.49951171875,52.73255920410156
2017-02-14,90.82745361328125,68.90167236328125,83.26178741455078,63.5167350769043,52.714561462402344
2017-02-13,91.48863983154297,68.95063018798828,83.46074676513672,63.43085479736328,52.67845916748047
2017-02-10,91.77740478515625,68.96699523925781,83.49626159667969,63.3621940612793,52.60036849975586
2017-02-09,91.83060455322266,68.9751205444336,83.517578125,63.310646057128906,52.56428909301758
2017-02-08,92.90219116210938,69.03226470947266,83.85145568847656,63.17331314086914,52.49219512939453
2017-02-07,91.65586853027344,68.96699523925781,83.56019592285156,63.190452575683594,52.45610427856445
2017-02-06,90.98699951171875,68.9832992553711,83.41812896728516,63.224849700927734,52.534236907958984
2017-02-03,90.4398193359375,68.90985870361328,83.15522766113281,63.327823638916016,52.570316314697266
2017-02-02,90.47781372070312,68.93434143066406,83.06285858154297,63.190452575683594,52.48014831542969
2017-02-01,90.51581573486328,68.90985870361328,83.04156494140625,63.224849700927734,52.45014190673828
2017-01-31,91.07896423339844,68.93348693847656,83.14386749267578,63.07883071899414,52.256622314453125
2017-01-30,90.44954681396484,68.91722869873047,82.99505615234375,63.09590530395508,52.310489654541016
2017-01-27,90.72256469726562,68.91722869873047,83.1368179321289,63.232669830322266,52.41815185546875
2017-01-26,90.39647674560547,68.88459777832031,83.03758239746094,63.181396484375,52.37031555175781
2017-01-25,90.0931167602539,68.87645721435547,82.93841552734375,63.14720916748047,52.39421844482422
2017-01-24,91.23823547363281,68.89273071289062,83.25723266601562,62.95924758911133,52.20875549316406
2017-01-23,91.86763000488281,68.93348693847656,83.50521850585938,62.82253646850586,52.17288589477539
2017-01-20,90.9576644897461,68.8682861328125,83.12258911132812,62.80542755126953,52.17288589477539
2017-01-19,91.13966369628906,68.82754516601562,82.97382354736328,62.685768127441406,52.07112121582031
2017-01-18,91.76911926269531,68.8519515991211,83.25723266601562,62.85668182373047,52.23867416381836
2017-01-17,92.959716796875,68.91722869873047,83.80989074707031,62.82253646850586,52.190792083740234
2017-01-13,91.99663543701172,68.8682861328125,83.44854736328125,62.85668182373047,52.24463653564453
2017-01-12,92.4364242553711,68.90087127685547,83.61857604980469,62.83963394165039,52.22666931152344
2017-01-11,92.64119720458984,68.87645721435547,83.62565612792969,62.82253646850586,52.214744567871094
2017-01-10,92.3302993774414,68.8438491821289,83.49815368652344,62.83963394165039,52.1848258972168
2017-01-09,92.39096069335938,68.8682861328125,83.54776000976562,62.80542755126953,52.17884063720703
2017-01-06,91.65535736083984,68.81121826171875,83.38475799560547,62.788330078125,52.190792083740234
2017-01-05,92.50469207763672,68.8682861328125,83.82405090332031,62.77125549316406,52.2027702331543
2017-01-04,91.07896423339844,68.81941223144531,83.37769317626953,62.87381362915039,52.2805290222168
2017-01-03,90.73014831542969,68.80305480957031,83.09430694580078,62.600345611572266,51.99934005737305
2016-12-30,90.34336853027344,68.86015319824219,83.02342224121094,62.292747497558594,51.78395462036133
2016-12-29,90.20684814453125,68.83565521240234,82.89590454101562,62.2072868347168,51.765995025634766
2016-12-28,89.88834381103516,68.7623062133789,82.57705688476562,62.12184143066406,51.6942253112793
2016-12-27,89.23614501953125,68.73780822753906,82.27242279052734,62.18849182128906,51.765995025634766
2016-12-23,89.52434539794922,68.77045440673828,82.42121124267578,62.34154510498047,51.81385803222656
2016-12-22,89.34233093261719,68.77045440673828,82.29367065429688,62.18849182128906,51.7181396484375
2016-12-21,89.50234985351562,68.75328826904297,82.28800964355469,62.10344314575195,51.60686111450195
2016-12-20,89.10902404785156,68.7207260131836,82.02656555175781,61.96739959716797,51.51740264892578
2016-12-19,89.55531311035156,68.71256256103516,82.0760269165039,61.93340301513672,51.44584655761719
2016-12-16,88.60224151611328,68.67998504638672,81.6803207397461,61.71236801147461,51.314659118652344
2016-12-15,88.8064956665039,68.6473388671875,81.74394989013672,61.66133499145508,51.26692581176758
2016-12-14,88.36016845703125,68.67998504638672,81.6873779296875,61.59330368041992,51.24309158325195
2016-12-13,89.35865020751953,68.81036376953125,82.21028137207031,62.12044143676758,51.63067626953125
2016-12-12,89.04096221923828,68.81851196289062,82.02656555175781,61.93340301513672,51.50547790527344
2016-12-09,88.87455749511719,68.84293365478516,82.10428619384766,62.00141143798828,51.5770378112793
2016-12-08,89.99400329589844,68.8510971069336,82.42225646972656,62.00141143798828,51.55318069458008
2016-12-07,91.06806182861328,68.8592529296875,82.76141357421875,62.052459716796875,51.55915451049805
2016-12-06,90.29652404785156,68.83475494384766,82.41516876220703,61.66133499145508,51.30270767211914
2016-12-05,90.3646240234375,68.8510971069336,82.42225646972656,61.423255920410156,51.04631805419922
2016-12-02,90.46296691894531,68.8510971069336,82.2455825805664,61.2361946105957,50.91511154174805
2016-12-01,89.80488586425781,68.77775573730469,81.87108612060547,60.87906265258789,50.610984802246094
2016-11-30,90.76322937011719,68.81036376953125,82.33251953125,61.120540618896484,50.84894561767578
2016-11-29,92.2578353881836,68.83474731445312,82.64259338378906,61.00213623046875,50.82514572143555
2016-11-28,91.87287902832031,68.82661437988281,82.52980041503906,61.120540618896484,50.89047622680664
2016-11-25,91.20105743408203,68.78594207763672,82.15634155273438,61.06977462768555,50.89641189575195
2016-11-23,91.06517028808594,68.79402923583984,82.1492691040039,60.968231201171875,50.83110809326172
2016-11-22,91.4199447631836,68.83474731445312,82.45230865478516,61.23898696899414,51.02104949951172
2016-11-21,91.4501724243164,68.85106658935547,82.24093627929688,60.78209686279297,50.64705276489258
2016-11-18,91.2237319946289,68.85920715332031,82.15634155273438,60.27446746826172,50.243350982666016
2016-11-17,91.48789978027344,68.89990234375,82.62144470214844,60.30830001831055,50.243350982666016
2016-11-16,92.85418701171875,68.90804290771484,83.1499252319336,60.44367218017578,50.37987518310547
2016-11-15,92.02381896972656,68.91619110107422,83.0301284790039,60.680580139160156,50.58173751831055
2016-11-14,91.57091522216797,68.89178466796875,82.77642822265625,59.88526153564453,49.92277908325195
2016-11-11,92.12195587158203,68.99766540527344,83.2063217163086,59.44533157348633,49.55466842651367
2016-11-10,92.64281463623047,68.99766540527344,83.56568145751953,60.03759002685547,50.023712158203125
2016-11-09,94.03170013427734,69.02202606201172,83.63614654541016,60.900577545166016,50.688621520996094
2016-11-08,98.198486328125,69.11163330078125,84.88338470458984,61.306671142578125,51.04480743408203
2016-11-07,98.59857177734375,69.18492889404297,85.0736312866211,61.40821075439453,51.15761947631836
2016-11-04,99.44400024414062,69.2093276977539,85.13005065917969,60.61289978027344,50.45114517211914
2016-11-03,98.56082153320312,69.18492889404297,84.8763198852539,60.51134490966797,50.427406311035156
2016-11-02,99.32324981689453,69.17678833007812,85.04547119140625,60.494449615478516,50.41551208496094
2016-11-01,98.89299011230469,69.1360855102539,84.91863250732422,60.84977722167969,50.64113235473633
2016-10-31,98.88544464111328,69.13526916503906,85.02572631835938,61.04273223876953,50.83941650390625
2016-10-28,98.28264617919922,69.08644104003906,84.94845581054688,61.22787857055664,50.99307632446289
2016-10-27,98.50117492675781,69.08644104003906,85.04682922363281,61.49725341796875,51.24128341674805
2016-10-26,99.58609771728516,69.07013702392578,85.4333724975586,61.749778747558594,51.430416107177734
2016-10-25,100.2641372680664,69.09457397460938,85.79179382324219,62.03592300415039,51.63731002807617
2016-10-24,100.00049591064453,69.09457397460938,85.85503387451172,62.069602966308594,51.66682815551758
2016-10-21,100.43744659423828,69.11897277832031,86.10102081298828,62.01911926269531,51.63731002807617
2016-10-20,100.2867431640625,69.10272979736328,86.05183410644531,61.951778411865234,51.62546157836914
2016-10-19,100.1812973022461,69.13526916503906,86.0799560546875,61.96857452392578,51.61954879760742
2016-10-18,100.0984115600586,69.13526916503906,85.96749877929688,61.7666130065918,51.47178268432617
2016-10-17,99.77445220947266,69.11082458496094,85.75662994384766,61.56454086303711,51.26494216918945
2016-10-14,99.14160919189453,69.05388641357422,85.47552490234375,61.5814323425293,51.33584213256836
2016-10-13,100.55044555664062,69.07013702392578,85.87613677978516,61.49725341796875,51.21767807006836
2016-10-12,100.17376708984375,69.0457534790039,85.66527557373047,61.5814323425293,51.347652435302734
2016-10-11,100.07585906982422,69.0457534790039,85.55286407470703,61.6319465637207,51.36542510986328
2016-10-10,100.30182647705078,69.05388641357422,85.81989288330078,61.98545455932617,51.655025482177734
2016-10-07,100.89701080322266,69.08644104003906,85.81989288330078,61.749778747558594,51.507286071777344
2016-10-06,100.82926940917969,69.06205749511719,85.6160888671875,61.615081787109375,51.389076232910156
2016-10-05,101.3943099975586,69.06205749511719,85.60905456542969,61.615081787109375,51.35950469970703
2016-10-04,101.86893463134766,69.10272979736328,85.70042419433594,61.446739196777344,51.22357177734375
2016-10-03,103.07437896728516,69.15966796875,86.10102081298828,61.51408386230469,51.31223678588867
2016-09-30,103.41566467285156,69.16864013671875,86.34558868408203,61.50398254394531,51.34415054321289
2016-09-29,104.3482437133789,69.22552490234375,86.49982452392578,61.23599624633789,51.12053298950195
2016-09-28,104.08503723144531,69.201171875,86.53488159179688,61.52073287963867,51.31475067138672
2016-09-27,104.31063842773438,69.20930480957031,86.47879028320312,61.11875915527344,50.973453521728516
2016-09-26,103.55110931396484,69.201171875,86.26847839355469,60.884220123291016,50.82635498046875
2016-09-23,102.89677429199219,69.1605224609375,86.13528442382812,61.152252197265625,51.0499382019043
2016-09-22,102.99456787109375,69.11983489990234,86.19840240478516,61.28623962402344,51.10878372192383
2016-09-21,102.18230438232422,69.1360855102539,85.84788513183594,61.05172348022461,50.93815994262695
2016-09-20,101.36257934570312,69.11983489990234,85.4133071899414,60.566017150878906,50.520362854003906
2016-09-19,101.0091323852539,69.1360855102539,85.3011474609375,60.59950256347656,50.5792121887207
2016-09-16,101.34007263183594,69.1523666381836,85.32920837402344,60.53251647949219,50.549808502197266
2016-09-15,100.52777862548828,69.18485260009766,85.23104858398438,60.5827522277832,50.53802490234375
2016-09-14,100.96394348144531,69.12793731689453,85.17500305175781,60.26451873779297,50.24380874633789
2016-09-13,100.81355285644531,69.08731079101562,85.11888885498047,60.31475830078125,50.25559616088867
2016-09-12,101.97176361083984,69.11173248291016,85.3993148803711,60.75023651123047,50.6439323425293
2016-09-09,101.91909790039062,69.08731079101562,85.39226531982422,60.54927444458008,50.467411041259766
2016-09-08,103.62625885009766,69.11173248291016,86.03717041015625,61.18571090698242,50.95578384399414
2016-09-07,104.94234466552734,69.1605224609375,86.64702606201172,61.31977844238281,51.0499382019043
2016-09-06,105.01757049560547,69.1605224609375,86.76619720458984,61.43701934814453,51.191158294677734
2016-09-02,104.25802612304688,69.11173248291016,86.46475982666016,61.36996078491211,51.132301330566406
2016-09-01,105.11536407470703,69.11173248291016,86.61894989013672,61.03499221801758,50.8969612121582
2016-08-31,104.9995346069336,69.07916259765625,86.61898803710938,60.89094543457031,50.79631805419922
2016-08-30,104.84939575195312,69.08726501464844,86.6539306640625,61.190940856933594,50.995540618896484
2016-08-29,105.25479125976562,69.07916259765625,86.76578521728516,61.20756530761719,50.96620559692383
2016-08-26,103.86601257324219,69.03849029541016,86.27639770507812,60.89094543457031,50.71430587768555
2016-08-25,104.47401428222656,69.1035385131836,86.54905700683594,60.87428283691406,50.77289581298828
2016-08-24,104.8719253540039,69.1279525756836,86.6329574584961,60.84098815917969,50.679176330566406
2016-08-23,105.11962890625,69.1441421508789,86.68888092041016,61.02425003051758,50.81974792480469
2016-08-22,105.0070571899414,69.13605499267578,86.59101104736328,60.75764083862305,50.64986801147461
2016-08-19,104.12872314453125,69.1279525756836,86.29737854003906,60.89094543457031,50.73189163208008
2016-08-18,104.67671966552734,69.19295501708984,86.55603790283203,61.05756378173828,50.88421630859375
2016-08-17,104.5115737915039,69.1441421508789,86.34632110595703,60.824275970458984,50.68500900268555
2016-08-16,103.88851165771484,69.1441421508789,86.10861206054688,60.72431182861328,50.614715576171875
2016-08-15,104.16630554199219,69.1685791015625,86.26241302490234,60.907596588134766,50.72018051147461
2016-08-12,105.1572265625,69.1847915649414,86.52811431884766,60.740962982177734,50.56785202026367
2016-08-11,104.27883911132812,69.13605499267578,86.13655090332031,60.674339294433594,50.52682876586914
2016-08-10,105.21726989746094,69.20113372802734,86.42318725585938,60.574344635009766,50.40380859375
2016-08-09,104.81179809570312,69.1685791015625,86.17851257324219,60.590972900390625,50.49754333496094
2016-08-08,103.79094696044922,69.1279525756836,85.67513275146484,60.39102554321289,50.3217658996582
2016-08-05,103.5957260131836,69.1523208618164,85.61918640136719,60.057716369628906,50.116703033447266
2016-08-04,104.68424987792969,69.2499008178711,85.96874237060547,59.94111251831055,50.005367279052734
2016-08-03,103.90350341796875,69.20113372802734,85.60520935058594,59.541133880615234,49.68903350830078
2016-08-02,103.8434066772461,69.19295501708984,85.49332427978516,59.341182708740234,49.466365814208984
2016-08-01,104.92447662353516,69.21736145019531,85.97575378417969,59.40784454345703,49.53669357299805
2016-07-29,106.07453155517578,69.24092864990234,86.46304321289062,59.777767181396484,49.816131591796875
2016-07-28,105.19778442382812,69.15155792236328,86.1492691040039,59.661739349365234,49.769493103027344
2016-07-27,105.39263916015625,69.15968322753906,86.23294830322266,59.94355773925781,49.979496002197266
2016-07-26,104.09629821777344,69.1109619140625,85.87728118896484,59.777767181396484,49.827823638916016
2016-07-25,103.93144226074219,69.10276794433594,85.96097564697266,59.94355773925781,50.02027130126953
2016-07-22,104.00639343261719,69.15155792236328,86.00977325439453,60.27510452270508,50.25940704345703
2016-07-21,103.82654571533203,69.17593383789062,86.05860137939453,60.0595817565918,50.03778076171875
2016-07-20,103.61674499511719,69.1271743774414,85.96097564697266,60.07612228393555,50.10779571533203
2016-07-19,104.18623352050781,69.15968322753906,85.9888687133789,59.926971435546875,49.979496002197266
2016-07-18,103.60176086425781,69.15155792236328,85.83548736572266,60.109336853027344,50.11362075805664
2016-07-15,103.6991958618164,69.1109619140625,85.83548736572266,59.860660552978516,49.94446563720703
2016-07-14,104.59840393066406,69.14339447021484,86.16321563720703,59.960113525390625,50.043609619140625
2016-07-13,106.14195251464844,69.18403625488281,86.37242126464844,59.91038513183594,49.94446563720703
2016-07-12,104.90560150146484,69.16780853271484,86.03768157958984,60.0595817565918,50.090248107910156
2016-07-11,106.65899658203125,69.19223022460938,86.52584075927734,59.91038513183594,49.95029067993164
2016-07-08,107.60311126708984,69.26530456542969,86.74897766113281,59.794342041015625,49.92115020751953
2016-07-07,106.81640625,69.26530456542969,86.267822265625,58.998653411865234,49.267906188964844
2016-07-06,106.82383728027344,69.29782104492188,86.2538833618164,58.899173736572266,49.203731536865234
2016-07-05,106.65152740478516,69.3302993774414,86.10047912597656,58.617393493652344,48.9879150390625
2016-07-01,105.33271026611328,69.29782104492188,85.80757141113281,58.899173736572266,49.267906188964844
2016-06-30,103.8902816772461,69.2734375,85.36058044433594,58.854408264160156,49.170475006103516
2016-06-29,103.50881958007812,69.24092864990234,85.06158447265625,58.35972595214844,48.83956527709961
2016-06-28,104.30908966064453,69.26531219482422,85.08934783935547,57.65060806274414,48.22999572753906
2016-06-27,104.09219360351562,69.24092864990234,84.62342071533203,56.87559127807617,47.63209915161133
2016-06-24,101.556640625,69.20033264160156,84.26870727539062,57.88148498535156,48.32871627807617
2016-06-23,98.90145111083984,69.03797149658203,83.872314453125,58.755470275878906,49.13564682006836
2016-06-22,100.0457763671875,69.0622787475586,83.95572662353516,58.32670593261719,48.775726318359375
2016-06-21,99.88118743896484,69.03797149658203,83.80272674560547,58.376182556152344,48.72928237915039
2016-06-20,100.3449478149414,69.086669921875,83.87926483154297,58.046363830566406,48.543521881103516
2016-06-17,101.42948913574219,69.12728118896484,83.98357391357422,57.63412094116211,48.259056091308594
2016-06-16,102.06523895263672,69.11917114257812,84.23399353027344,57.56816101074219,48.22999572753906
2016-06-15,101.57159423828125,69.15970611572266,84.1087646484375,57.58467483520508,48.20098876953125
2016-06-14,101.18263244628906,69.07856750488281,83.79576873779297,57.65060806274414,48.177799224853516
2016-06-13,101.2574691772461,69.07046508789062,83.98357391357422,57.848514556884766,48.34031677246094
2016-06-10,100.80870056152344,69.05419158935547,84.1087646484375,58.178321838378906,48.66542053222656
2016-06-09,100.322509765625,69.01359558105469,84.01139831542969,58.49159240722656,48.903419494628906
2016-06-08,99.67923736572266,68.99737548828125,83.8931655883789,58.755470275878906,49.09498977661133
2016-06-07,99.14826965332031,68.9811019897461,83.61495208740234,58.49159240722656,48.909271240234375
2016-06-06,98.90889739990234,68.96490478515625,83.4897689819336,58.21128845214844,48.6944465637207
2016-06-03,99.64937591552734,68.9811019897461,83.69146728515625,57.93095016479492,48.479671478271484
2016-06-02,98.25067901611328,68.86749267578125,83.02384948730469,57.83202362060547,48.3925895690918
2016-06-01,97.54764556884766,68.81060791015625,82.85692596435547,57.815528869628906,48.38096618652344
2016-05-31,97.15348815917969,68.8585433959961,82.79849243164062,57.7874870300293,48.30432891845703
2016-05-27,96.92205810546875,68.82608032226562,82.65282440185547,57.85308837890625,48.35054397583008
2016-05-26,97.06388092041016,68.86664581298828,82.71524810791016,57.7874870300293,48.269676208496094
2016-05-25,96.5638198852539,68.82608032226562,82.47947692871094,57.90231704711914,48.40834426879883
2016-05-24,96.92951965332031,68.78543853759766,82.3338394165039,57.771095275878906,48.33323287963867
2016-05-23,97.36244201660156,68.83422088623047,82.47254943847656,57.42662811279297,48.04436111450195
2016-05-20,97.14595794677734,68.84228515625,82.47254943847656,57.39385223388672,48.03278732299805
2016-05-19,97.07133483886719,68.81793975830078,82.41707611083984,57.19697570800781,47.865264892578125
2016-05-18,96.65335083007812,68.80172729492188,82.222900390625,57.32822036743164,47.998138427734375
2016-05-17,98.04914093017578,68.92341613769531,82.9302978515625,57.377410888671875,47.99235153198242
2016-05-16,97.88497924804688,68.94783020019531,82.9580078125,57.42662811279297,48.09056854248047
2016-05-13,98.73587799072266,68.98027801513672,83.23541259765625,57.082176208496094,47.82482147216797
2016-05-12,97.78790283203125,68.97213745117188,83.08287811279297,57.311798095703125,48.03858184814453
2016-05-11,98.23582458496094,69.01268768310547,83.25624084472656,57.311798095703125,47.96349334716797
2016-05-10,97.68341064453125,69.03706359863281,83.16605377197266,57.32822036743164,47.998138427734375
2016-05-09,97.6759262084961,69.02079772949219,83.02740478515625,56.88533401489258,47.593719482421875
2016-05-06,97.3698959350586,68.98833465576172,83.11062622070312,56.91814041137695,47.68038558959961
2016-05-05,97.78790283203125,69.00458526611328,83.2909164428711,56.93454360961914,47.70927810668945
2016-05-04,97.13851928710938,68.98027801513672,83.12443542480469,56.91814041137695,47.74970245361328
2016-05-03,96.60855865478516,68.98833465576172,83.26316833496094,57.21337127685547,47.92881393432617
2016-05-02,95.40685272216797,68.91532135009766,83.11756134033203,57.35938262939453,48.24078369140625
2016-04-29,96.3771743774414,68.94051361083984,83.22502136230469,57.308780670166016,48.22228240966797
2016-04-28,96.13135528564453,68.91614532470703,83.1351089477539,57.21137237548828,48.14177703857422
2016-04-27,95.73660278320312,68.8755874633789,83.05901336669922,57.22760009765625,48.22228240966797
2016-04-26,94.79054260253906,68.82697296142578,82.53340911865234,56.919185638427734,47.94047546386719
2016-04-25,95.22258758544922,68.84319305419922,82.56792449951172,56.69183349609375,47.77946853637695
2016-04-22,95.61738586425781,68.8593978881836,82.76160430908203,56.88667678833008,47.96351623535156
2016-04-21,95.86322021484375,68.8593978881836,82.67168426513672,56.7243537902832,47.85419845581055
2016-04-20,96.43680572509766,68.8755874633789,82.706298828125,56.919185638427734,48.00374221801758
2016-04-19,97.50943756103516,68.92427062988281,82.93453216552734,56.805538177490234,47.9117431640625
2016-04-18,97.8148422241211,68.94856262207031,82.78240203857422,56.4970588684082,47.710445404052734
2016-04-15,98.23946380615234,68.95669555664062,82.69243621826172,56.10740280151367,47.44013214111328
2016-04-14,97.40513610839844,68.90802764892578,82.34666442871094,56.22104263305664,47.514915466308594
2016-04-13,97.87447357177734,68.90802764892578,82.40196990966797,56.2697639465332,47.53218078613281
2016-04-12,97.53177642822266,68.94051361083984,82.118408203125,55.88010025024414,47.22163391113281
2016-04-11,98.20964050292969,68.95669555664062,82.44349670410156,55.52296829223633,46.94558334350586
2016-04-08,98.33629608154297,68.96480560302734,82.45040130615234,55.425559997558594,46.88230514526367
2016-04-07,98.96209716796875,68.96480560302734,82.63712310791016,55.0683479309082,46.66952896118164
2016-04-06,97.75531005859375,68.92427062988281,82.41580200195312,55.39310073852539,46.899539947509766
2016-04-05,98.4703598022461,68.94856262207031,82.4849853515625,54.98722457885742,46.50849533081055
2016-04-04,97.40513610839844,68.92427062988281,82.22212982177734,55.214481353759766,46.68101119995117
2016-04-01,97.3455581665039,68.8755874633789,82.21524810791016,55.425559997558594,46.79605484008789
2016-03-31,97.09230041503906,68.91532897949219,81.95103454589844,55.30541229248047,46.76211929321289
2016-03-30,96.40841674804688,68.88291931152344,81.62684631347656,55.22468948364258,46.699134826660156
2016-03-29,97.43431091308594,68.87481689453125,81.72341918945312,55.03090286254883,46.533119201660156
2016-03-28,96.42327117919922,68.74513244628906,81.35786437988281,54.86943817138672,46.35566329956055
2016-03-24,96.29690551757812,68.72895050048828,81.30958557128906,55.1439323425293,46.56748580932617
2016-03-23,96.25972747802734,68.7613525390625,81.34404754638672,55.386146545410156,46.773563385009766
2016-03-22,95.18184661865234,68.72084045410156,80.9371566772461,55.67680740356445,46.991085052490234
2016-03-21,95.20415496826172,68.7613525390625,81.08888244628906,55.757511138916016,47.11704635620117
2016-03-18,95.94004821777344,68.76945495605469,81.18543243408203,55.7736930847168,47.16853713989258
2016-03-17,95.73934936523438,68.75324249267578,80.99922180175781,55.709102630615234,47.059776306152344
2016-03-16,95.34538269042969,68.7613525390625,80.75093078613281,55.337703704833984,46.76211929321289
2016-03-15,95.06288146972656,68.62356567382812,80.36471557617188,54.95014572143555,46.4530143737793
2016-03-14,94.97370147705078,68.59925079345703,80.39227294921875,55.30541229248047,46.88803482055664
2016-03-11,94.67634582519531,68.59925079345703,80.15777587890625,55.43462371826172,47.019683837890625
2016-03-10,95.6427001953125,68.66413116455078,79.9301986694336,54.7886962890625,46.4587287902832
2016-03-09,96.03670501708984,68.67218780517578,79.59912109375,54.40115737915039,46.13816452026367
2016-03-08,96.62393188476562,68.6965103149414,79.68877410888672,54.271968841552734,46.023651123046875
2016-03-07,95.5683822631836,68.64788055419922,79.2680435180664,54.643333435058594,46.349937438964844
2016-03-04,95.59814453125,68.6965103149414,79.17835235595703,54.59490966796875,46.29270553588867
2016-03-03,96.21511840820312,68.74513244628906,79.19217681884766,54.41726303100586,46.161041259765625
2016-03-02,95.86572265625,68.72084045410156,78.81971740722656,54.271968841552734,46.00649642944336
2016-03-01,95.47175598144531,68.72895050048828,78.66110229492188,54.65952682495117,46.32135009765625
2016-02-29,97.18301391601562,68.82052612304688,79.0921630859375,53.67610549926758,45.60064697265625
2016-02-26,96.76004791259766,68.78005981445312,79.03714752197266,53.09810256958008,45.116615295410156
2016-02-25,97.70242309570312,68.86913299560547,79.06465911865234,52.74486541748047,44.81482696533203
2016-02-24,97.35368347167969,68.8529281616211,78.62454986572266,52.52006912231445,44.57564163208008
2016-02-23,97.54655456542969,68.83667755126953,78.54889678955078,52.43980026245117,44.50163650512695
2016-02-22,97.15331268310547,68.82862854003906,78.39070892333984,52.50401306152344,44.59273910522461
2016-02-19,97.20528411865234,68.82052612304688,78.23258209228516,51.99024200439453,44.211212158203125
2016-02-18,97.12361145019531,68.88529968261719,78.28760528564453,51.893856048583984,44.125789642333984
2016-02-17,95.94390869140625,68.82862854003906,77.65483856201172,51.84568786621094,44.0859260559082
2016-02-16,96.5374755859375,68.81241607666016,77.67550659179688,51.46035385131836,43.727210998535156
2016-02-12,97.56881713867188,68.8529281616211,78.04688262939453,51.38007354736328,43.68733596801758
2016-02-11,99.21597290039062,68.9339370727539,78.48699951171875,50.56120300292969,43.043861389160156
2016-02-10,98.52597045898438,68.86913299560547,78.2257080078125,50.914451599121094,43.334320068359375
2016-02-09,97.6653060913086,68.86913299560547,78.1294174194336,50.99469757080078,43.39693069458008
2016-02-08,97.5614242553711,68.8934326171875,78.39759063720703,51.23555374145508,43.562049865722656
2016-02-05,95.50615692138672,68.81241607666016,77.9918441772461,51.861751556396484,44.0745735168457
2016-02-04,95.39483642578125,68.82862854003906,78.00560760498047,52.3273811340332,44.41621780395508
2016-02-03,94.93480682373047,68.81241607666016,77.97122192382812,52.4558219909668,44.55858612060547
2016-02-02,95.728759765625,68.79624938964844,78.163818359375,52.263187408447266,44.34218215942383
2016-02-01,93.98511505126953,68.70708465576172,78.01933288574219,52.696678161621094,44.66107177734375
2016-01-29,94.27375793457031,68.74358367919922,78.26898956298828,53.04191207885742,44.92813491821289
2016-01-28,93.48133850097656,68.66261291503906,77.86447143554688,52.754417419433594,44.78081512451172
2016-01-27,93.3479995727539,68.66261291503906,77.77532196044922,52.51481246948242,44.55416488647461
2016-01-26,93.37025451660156,68.64643096923828,77.98788452148438,52.64259719848633,44.62214660644531
2016-01-25,93.32582092285156,68.61399841308594,77.76847076416016,52.195377349853516,44.22552490234375
2016-01-22,92.82219696044922,68.61399841308594,77.8507080078125,52.64259719848633,44.66749572753906
2016-01-21,93.17768859863281,68.63832092285156,77.80278778076172,51.81205749511719,43.993202209472656
2016-01-20,93.81458282470703,68.64643096923828,78.02904510498047,51.57249069213867,43.698551177978516
2016-01-19,92.83705139160156,68.59783172607422,77.9124755859375,52.019718170166016,43.993202209472656
2016-01-15,93.12589263916016,68.60591888427734,78.26213836669922,52.27527618408203,44.146202087402344
2016-01-14,91.69656372070312,68.54924011230469,78.37870788574219,52.93007278442383,44.73548889160156
2016-01-13,92.56307983398438,68.53306579589844,78.76952362060547,52.802310943603516,44.53718185424805
2016-01-12,91.65953826904297,68.49259185791016,78.5295639038086,53.521053314208984,45.03582763671875
2016-01-11,90.35617065429688,68.48453521728516,78.35124969482422,53.39326095581055,44.99045944213867
2016-01-08,91.35589599609375,68.4602279663086,78.6050033569336,53.47317123413086,45.0584602355957
2016-01-07,90.94861602783203,68.41156768798828,78.54326629638672,53.664791107177734,45.17747116088867
2016-01-06,90.78569030761719,68.38731384277344,78.48155975341797,53.95225524902344,45.472110748291016
2016-01-05,89.57855224609375,68.34686279296875,78.17304992675781,54.00019454956055,45.472110748291016
2016-01-04,89.94145965576172,68.38731384277344,78.13192749023438,53.888389587402344,45.3870964050293
2015-12-31,89.29715728759766,68.29827117919922,78.17304992675781,54.1599235534668,45.659080505371094
2015-12-30,88.89727783203125,68.33065795898438,78.04273223876953,54.1599235534668,45.63075256347656
2015-12-29,88.98614501953125,68.3144760131836,78.04273223876953,54.1439323425293,45.59676742553711
2015-12-28,90.48944854736328,68.33065795898438,78.44725799560547,53.7781867980957,45.336097717285156
2015-12-24,90.2228775024414,68.37115478515625,78.54326629638672,54.09583282470703,45.60808563232422
2015-12-23,89.70890045166016,68.34445190429688,78.28821563720703,54.03230285644531,45.51517105102539
2015-12-22,90.3887939453125,68.36869049072266,78.2198486328125,53.762290954589844,45.227691650390625
2015-12-21,91.0465316772461,68.38488006591797,78.32241821289062,53.301727294921875,44.68658447265625
2015-12-18,91.06867980957031,68.3929672241211,78.26773071289062,53.349342346191406,44.8275032043457
2015-12-17,90.56616973876953,68.30399322509766,78.26773071289062,53.555843353271484,44.996620178222656
2015-12-16,89.55369567871094,68.30399322509766,78.17878723144531,54.15937042236328,45.50389862060547
2015-12-15,89.74588775634766,68.36058044433594,78.19251251220703,53.69878005981445,45.16007614135742
2015-12-14,90.27794647216797,68.36869049072266,78.18563079833984,53.07938003540039,44.43295669555664
2015-12-11,91.46035766601562,68.44959259033203,78.76680755615234,53.508201599121094,44.821868896484375
2015-12-10,90.04143524169922,68.36869049072266,78.63006591796875,54.60409927368164,45.73500061035156
2015-12-09,89.92317962646484,68.4091796875,78.814697265625,54.82644271850586,45.926639556884766
2015-12-08,90.0193099975586,68.38488006591797,78.83522033691406,54.699378967285156,45.68989181518555
2015-12-07,89.9749526977539,68.3929672241211,78.93775939941406,55.33469009399414,46.26481628417969
2015-12-04,89.1103286743164,68.4011001586914,78.80099487304688,55.71585464477539,46.59174728393555
2015-12-03,88.33433532714844,68.38488006591797,78.37708282470703,55.827049255371094,46.698848724365234
2015-12-02,90.80259704589844,68.38488006591797,79.43006896972656,55.938209533691406,46.82284927368164
2015-12-01,90.77310180664062,68.44154357910156,79.62151336669922,56.112937927246094,46.918670654296875
2015-11-30,89.56332397460938,68.40028381347656,79.02732849121094,55.85560989379883,46.58725357055664
2015-11-27,89.2093734741211,68.42451477050781,78.99324798583984,55.87141418457031,46.61530303955078
2015-11-25,89.29785919189453,68.40835571289062,78.96595764160156,55.69766616821289,46.542354583740234
2015-11-24,89.09134674072266,68.40028381347656,78.8909912109375,55.69766616821289,46.49187469482422
2015-11-23,89.09872436523438,68.40028381347656,78.8636703491211,55.66609573364258,46.43014907836914
2015-11-20,88.82585906982422,68.40835571289062,78.83643341064453,55.7134895324707,46.46944046020508
2015-11-19,89.09872436523438,68.40835571289062,78.85004425048828,55.85560989379883,46.48066329956055
2015-11-18,88.50874328613281,68.42451477050781,78.61825561523438,56.18734359741211,46.90137481689453
2015-11-17,88.3244400024414,68.44878387451172,78.59781646728516,56.07676315307617,46.8116340637207
2015-11-16,88.17691040039062,68.47307586669922,78.51597595214844,56.155757904052734,46.777957916259766
2015-11-13,88.258056640625,68.47307586669922,78.50232696533203,55.950416564941406,46.55918884277344
2015-11-12,87.75653839111328,68.41641998291016,78.27050018310547,56.07676315307617,46.69382095336914
2015-11-11,87.33622741699219,68.3922119140625,78.29780578613281,56.50326919555664,47.007972717285156
2015-11-10,87.52056884765625,68.40835571289062,78.30461883544922,56.62964630126953,47.12013244628906
2015-11-09,87.262451171875,68.37601470947266,78.10689544677734,56.803382873535156,47.22674560546875
2015-11-06,87.75653839111328,68.3922119140625,78.23645782470703,57.056148529052734,47.42305374145508
2015-11-05,89.06187438964844,68.45686340332031,78.74776458740234,57.30888366699219,47.65303421020508
2015-11-04,89.29785919189453,68.45686340332031,78.72734832763672,57.45104217529297,47.83818817138672
2015-11-03,89.19461822509766,68.52967834472656,78.81594848632812,57.53004837036133,47.978424072265625
2015-11-02,89.93209075927734,68.53776550292969,78.80916595458984,57.498390197753906,47.92791748046875
2015-10-30,90.34722900390625,68.57737731933594,79.14936828613281,57.32941818237305,47.77982711791992
2015-10-29,89.67023468017578,68.57737731933594,78.9454345703125,57.31365966796875,47.7239875793457
2015-10-28,91.119873046875,68.62589263916016,79.50287628173828,57.439453125,47.846832275390625
2015-10-27,91.48785400390625,68.71481323242188,79.815673828125,57.31365966796875,47.7183837890625
2015-10-26,91.25968933105469,68.69059753417969,79.79523468017578,57.47092056274414,47.8747444152832
2015-10-23,90.65631103515625,68.69059753417969,79.65245056152344,57.53375244140625,47.92498016357422
2015-10-22,91.436279296875,68.74717712402344,79.94477081298828,57.29799270629883,47.757476806640625
2015-10-21,91.28177642822266,68.72290802001953,79.77481079101562,57.31365966796875,47.740718841552734
2015-10-20,90.38401794433594,68.69867706298828,79.3805160522461,57.39231491088867,47.790992736816406
2015-10-19,90.94329833984375,68.73906707763672,79.53008270263672,57.39231491088867,47.746307373046875
2015-10-16,91.19345092773438,68.71481323242188,79.53690338134766,57.18794250488281,47.617889404296875
2015-10-15,91.16401672363281,68.74717712402344,79.50967407226562,56.936424255371094,47.40011215209961
2015-10-14,91.6128921508789,68.78754425048828,79.54370880126953,56.90501022338867,47.28845977783203
2015-10-13,90.81817626953125,68.69059753417969,79.23095703125,56.90501022338867,47.321964263916016
2015-10-12,90.66371154785156,68.6663589477539,79.29214477539062,57.01502227783203,47.43363952636719
2015-10-09,89.9793472290039,68.68250274658203,78.97261810302734,57.07791519165039,47.52296829223633
2015-10-08,89.74386596679688,68.68250274658203,78.93859100341797,57.06216812133789,47.517391204833984
2015-10-07,90.50177764892578,68.69867706298828,79.2513198852539,56.85783386230469,47.321964263916016
2015-10-06,90.8034439086914,68.71481323242188,78.97261810302734,56.32334899902344,46.841766357421875
2015-10-05,90.41345977783203,68.72290802001953,78.81624603271484,56.15045166015625,46.584896087646484
2015-10-02,91.65705871582031,68.77142333984375,79.0270004272461,55.53739547729492,46.03214645385742
2015-10-01,91.10519409179688,68.67439270019531,78.68024444580078,55.60026550292969,45.987449645996094
2015-09-30,90.71812438964844,68.67438507080078,78.69791412353516,55.762176513671875,46.284507751464844
2015-09-29,91.03387451171875,68.6582260131836,78.71148681640625,55.605804443359375,45.99554443359375
2015-09-28,90.77684783935547,68.62592315673828,78.60983276367188,55.6527099609375,46.00110626220703
2015-09-25,89.24945831298828,68.57745361328125,78.47425079345703,56.465824127197266,46.71796417236328
2015-09-24,90.0278549194336,68.60979461669922,78.71148681640625,56.669132232666016,46.95689010620117
2015-09-23,89.4183578491211,68.5693588256836,78.69791412353516,56.997528076171875,47.190303802490234
2015-09-22,89.4256591796875,68.5936279296875,78.74542999267578,57.106956481933594,47.273658752441406
2015-09-21,88.19939422607422,68.55317687988281,78.40645599365234,57.4822998046875,47.618221282958984
2015-09-18,89.66069030761719,68.5936279296875,78.80640411376953,57.466609954833984,47.70710372924805
2015-09-17,88.30220031738281,68.56126403808594,78.56913757324219,57.74809646606445,47.84046173095703
2015-09-16,87.2374038696289,68.40774536132812,77.92512512207031,57.685523986816406,47.801578521728516
2015-09-15,87.56786346435547,68.41582489013672,77.78277587890625,57.87319564819336,47.97383117675781
2015-09-14,89.27884674072266,68.5128402709961,78.37252044677734,57.920101165771484,47.98496627807617
2015-09-11,89.1392822265625,68.5289077758789,78.37932586669922,57.920101165771484,48.06831741333008
2015-09-10,88.5812759399414,68.50470733642578,78.3250732421875,57.982662200927734,48.08499526977539
2015-09-09,89.1833724975586,68.48047637939453,78.48097229003906,57.87319564819336,47.96830368041992
2015-09-08,88.75743865966797,68.49659729003906,78.31153869628906,57.93571090698242,48.02944564819336
2015-09-04,90.08656311035156,68.5208969116211,78.67762756347656,57.56045913696289,47.76823425292969
2015-09-03,89.27149200439453,68.5128402709961,78.5013656616211,57.62299346923828,47.818267822265625
2015-09-02,88.83822631835938,68.5128402709961,78.12846374511719,57.638641357421875,47.751564025878906
2015-09-01,89.60926055908203,68.49659729003906,78.24373626708984,57.32590866088867,47.55705261230469
2015-08-31,88.96819305419922,68.47241973876953,77.77259826660156,57.58235168457031,47.71100616455078
2015-08-28,89.65696716308594,68.49655151367188,77.9686050415039,57.55122756958008,47.777400970458984
2015-08-27,89.3932113647461,68.52893829345703,77.82667541503906,57.520118713378906,47.73312759399414
2015-08-26,89.3419418334961,68.52082824707031,77.75233459472656,57.19340515136719,47.37906265258789
2015-08-25,91.10049438476562,68.56124877929688,77.7996597290039,56.63325881958008,46.986270904541016
2015-08-24,92.58788299560547,68.59355163574219,78.19843292236328,56.4776725769043,46.8922119140625
2015-08-21,92.61724853515625,68.56124877929688,78.41474914550781,57.131160736083984,47.27946472167969
2015-08-20,92.33879852294922,68.48857879638672,78.39447784423828,57.30228805541992,47.450984954833984
2015-08-19,91.41551971435547,68.51280212402344,78.34716796875,57.61345291137695,47.68333435058594
2015-08-18,90.5216293334961,68.44818878173828,77.9686050415039,57.753482818603516,47.72760772705078
2015-08-17,91.23965454101562,68.4561996459961,78.26605224609375,57.76907730102539,47.7884635925293
2015-08-14,90.82936096191406,68.41584777832031,78.01593780517578,57.84682083129883,47.7884635925293
2015-08-13,90.61683654785156,68.44818878173828,77.94157409667969,57.800148010253906,47.76078796386719
2015-08-12,90.90992736816406,68.50467681884766,78.21196746826172,57.84682083129883,47.8216667175293
2015-08-11,91.408203125,68.50467681884766,78.33367156982422,57.97132873535156,47.888038635253906
2015-08-10,89.97938537597656,68.41584777832031,78.00918579101562,58.220252990722656,48.109352111816406
2015-08-07,91.10775756835938,68.41584777832031,78.32013702392578,58.126922607421875,47.97103500366211
2015-08-06,89.92804718017578,68.44818878173828,78.04973602294922,58.36027908325195,48.120384216308594
2015-08-05,89.13672637939453,68.4320068359375,77.90100860595703,58.593631744384766,48.31953048706055
2015-08-04,89.81086730957031,68.4239501953125,78.2052001953125,58.624778747558594,48.38595962524414
2015-08-03,90.5289535522461,68.52893829345703,78.60397338867188,58.60921859741211,48.3582649230957
2015-07-31,89.58590698242188,68.5063247680664,78.42150115966797,58.791255950927734,48.44902801513672
2015-07-30,88.92787170410156,68.43367767333984,78.01710510253906,58.82220458984375,48.5316276550293
2015-07-29,88.24796295166016,68.46590423583984,77.97664642333984,58.65187454223633,48.388389587402344
2015-07-28,88.5770034790039,68.48208618164062,78.04405975341797,58.29576873779297,48.1075439453125
2015-07-27,89.2276611328125,68.49819946289062,78.1047134399414,58.09451675415039,47.84872055053711
2015-07-24,88.75239562988281,68.4498062133789,78.09798431396484,58.34222412109375,48.0524787902832
2015-07-23,88.53306579589844,68.43367767333984,78.13172149658203,58.558982849121094,48.19017028808594
2015-07-22,87.44368743896484,68.4255599975586,77.9024887084961,58.52799987792969,48.21769714355469
2015-07-21,86.90264129638672,68.43367767333984,77.80145263671875,58.837703704833984,48.5316276550293
2015-07-20,86.43472290039062,68.4255599975586,77.63961791992188,59.023536682128906,48.61973571777344
2015-07-17,86.80030822753906,68.46590423583984,77.8216323852539,59.14738845825195,48.84554672241211
2015-07-16,86.35431671142578,68.48208618164062,77.7677001953125,59.364158630371094,48.97769546508789
2015-07-15,85.7620849609375,68.51441192626953,77.64637756347656,59.302162170410156,48.90061950683594
2015-07-14,84.86273956298828,68.4901351928711,77.44416046142578,59.28669738769531,48.90061950683594
2015-07-13,84.58492279052734,68.45792388916016,77.37677001953125,59.302162170410156,48.950191497802734
2015-07-10,84.84815216064453,68.4901351928711,77.54525756835938,59.24026107788086,48.90613555908203
2015-07-09,86.21537780761719,68.55474090576172,78.04405975341797,58.9770393371582,48.625247955322266
2015-07-08,87.94815063476562,68.60319519042969,78.56304168701172,58.82220458984375,48.51509094238281
2015-07-07,87.19511413574219,68.5305404663086,78.4552230834961,59.193843841552734,48.75741958618164
2015-07-06,86.38352966308594,68.53863525390625,78.13172149658203,59.25572967529297,48.718902587890625
2015-07-02,84.8116226196289,68.52246856689453,77.8216323852539,59.41056442260742,48.87859344482422
2015-07-01,84.53377532958984,68.4175033569336,77.5250244140625,59.302162170410156,48.69685363769531
2015-06-30,85.69042205810547,68.47563171386719,77.77444458007812,59.21083068847656,48.6885986328125
2015-06-29,86.28864288330078,68.47563171386719,77.92230987548828,59.01058578491211,48.45829772949219
2015-06-26,84.0635757446289,68.36271667480469,77.25019073486328,59.44193649291992,48.79277801513672
2015-06-25,85.01924896240234,68.40303802490234,77.60641479492188,59.64226531982422,48.93532943725586
2015-06-24,85.31838989257812,68.41917419433594,77.73410034179688,59.7347297668457,49.08336639404297
2015-06-23,84.58879089355469,68.38688659667969,77.51903533935547,59.84257507324219,49.2149543762207
2015-06-22,85.09951782226562,68.40303802490234,77.6938247680664,59.857940673828125,49.24785232543945
2015-06-19,86.87225341796875,68.45140838623047,78.3121566772461,59.6268424987793,49.149147033691406
2015-06-18,85.77066040039062,68.43525695800781,77.89543151855469,59.673095703125,49.121726989746094
2015-06-17,86.19380187988281,68.41917419433594,78.03654479980469,59.518985748291016,48.94077682495117
2015-06-16,86.86497497558594,68.37076568603516,78.04330444335938,59.549808502197266,48.984676361083984
2015-06-15,86.18650817871094,68.3465347290039,77.8484115600586,59.303287506103516,48.710533142089844
2015-06-12,86.04785919189453,68.31422424316406,77.86178588867188,59.61143493652344,48.94077682495117
2015-06-11,86.04785919189453,68.33036804199219,77.99623107910156,59.76551055908203,49.121726989746094
2015-06-10,84.275146484375,68.31422424316406,77.31071472167969,59.6268424987793,49.02304458618164
2015-06-09,85.01924896240234,68.33036804199219,77.51903533935547,59.6268424987793,48.957252502441406
2015-06-08,85.69769287109375,68.36271667480469,77.86851501464844,59.71928024291992,49.03949737548828
2015-06-05,85.79253387451172,68.32230377197266,77.92230987548828,59.78093338012695,49.03949737548828
2015-06-04,86.8503646850586,68.38688659667969,78.31885528564453,59.91960906982422,49.18754959106445
2015-06-03,85.73417663574219,68.37881469726562,77.91556549072266,60.05827713012695,49.346534729003906
2015-06-02,87.13490295410156,68.40303802490234,78.419677734375,60.36643600463867,49.615230560302734
2015-06-01,88.3678207397461,68.41107177734375,78.82291412353516,60.42805099487305,49.70840835571289
2015-05-29,89.32782745361328,68.45387268066406,79.26714324951172,60.45113754272461,49.62508773803711
2015-05-28,89.13130187988281,68.43769073486328,79.23361206054688,60.38983154296875,49.55413055419922
2015-05-27,89.3497085571289,68.4054183959961,79.40122985839844,60.45113754272461,49.57594680786133
2015-05-26,89.14582824707031,68.39739990234375,79.32078552246094,60.29782485961914,49.46675491333008
2015-05-22,87.6462631225586,68.38935089111328,78.97224426269531,60.38983154296875,49.570491790771484
2015-05-21,87.60984802246094,68.43769073486328,79.0259017944336,60.31312561035156,49.53229522705078
2015-05-20,86.4014892578125,68.41349029541016,78.65055847167969,60.25180435180664,49.46134567260742
2015-05-19,86.25585174560547,68.38935089111328,78.55670166015625,60.25180435180664,49.52135467529297
2015-05-18,87.02751159667969,68.42962646484375,78.97892761230469,60.37446975708008,49.597782135009766
2015-05-15,88.51253509521484,68.47000122070312,79.58890533447266,60.49713134765625,49.6796875
2015-05-14,86.77272033691406,68.47000122070312,79.03925323486328,60.43579864501953,49.570491790771484
2015-05-13,86.53974151611328,68.4054183959961,78.77118682861328,60.1137580871582,49.330322265625
2015-05-12,87.23860931396484,68.37320709228516,78.84490966796875,60.205780029296875,49.40126419067383
2015-05-11,87.01294708251953,68.36510467529297,78.95885467529297,60.22115707397461,49.406761169433594
2015-05-08,89.18229675292969,68.42962646484375,79.7631607055664,60.48183059692383,49.7178955078125
2015-05-07,88.94203186035156,68.33291625976562,79.3073959350586,60.09844207763672,49.330322265625
2015-05-06,87.76270294189453,68.35706329345703,78.99238586425781,60.144466400146484,49.33575439453125
2015-05-05,89.2914810180664,68.38127136230469,79.33414459228516,60.32847595214844,49.483150482177734
2015-05-04,89.4151840209961,68.39739990234375,79.46822357177734,60.37446975708008,49.548641204833984
2015-05-01,90.26693725585938,68.39739990234375,79.7229232788086,60.32847595214844,49.559574127197266
2015-04-30,91.4986572265625,68.42562103271484,80.16529083251953,60.193504333496094,49.44932556152344
2015-04-29,91.33876037597656,68.43367767333984,80.0984115600586,60.26985168457031,49.47651672363281
2015-04-28,92.47211456298828,68.42562103271484,80.76680755615234,60.40718078613281,49.56888961791992
2015-04-27,93.7652587890625,68.4578857421875,81.24803161621094,60.452964782714844,49.64497756958008
2015-04-24,93.7652587890625,68.46595764160156,81.30817413330078,60.40718078613281,49.6286735534668
2015-04-23,93.18405151367188,68.44175720214844,81.15443420410156,60.33087158203125,49.5471305847168
2015-04-22,92.78447723388672,68.40947723388672,80.94720458984375,60.34611892700195,49.56344985961914
2015-04-21,94.22285461425781,68.46595764160156,81.4752426147461,60.36142349243164,49.61236572265625
2015-04-20,94.65152740478516,68.4578857421875,81.49534606933594,60.33087158203125,49.579715728759766
2015-04-17,95.49417114257812,68.46595764160156,81.68913269042969,60.14775085449219,49.47105026245117
2015-04-16,94.4117431640625,68.49815368652344,81.46857452392578,60.33087158203125,49.623191833496094
2015-04-15,94.88394165039062,68.46595764160156,81.51536560058594,60.391929626464844,49.726478576660156
2015-04-14,94.9638442993164,68.46595764160156,81.46189880371094,60.239295959472656,49.530845642089844
2015-04-13,94.29558563232422,68.43367767333984,81.27474975585938,60.16301345825195,49.509071350097656
2015-04-10,94.16476440429688,68.39337921142578,81.30155181884766,60.13248825073242,49.60148239135742
2015-04-09,94.0267333984375,68.40947723388672,81.18791961669922,60.07142639160156,49.48735427856445
2015-04-08,95.26174926757812,68.43367767333984,81.60225677490234,60.101932525634766,49.536258697509766
2015-04-07,95.23262023925781,68.43367767333984,81.6290054321289,60.07142639160156,49.5471305847168
2015-04-06,94.4408187866211,68.4820556640625,81.33491516113281,59.888282775878906,49.28627014160156
2015-04-02,94.97113800048828,68.42562103271484,81.22796630859375,59.75092697143555,49.16127395629883
2015-04-01,95.98819732666016,68.43367767333984,81.36166381835938,59.72041320800781,49.12324905395508
2015-03-31,94.74372863769531,68.4038314819336,81.12838745117188,59.56930160522461,49.022159576416016
2015-03-30,94.5407943725586,68.3473892211914,80.98175811767578,59.58450698852539,49.0816650390625
2015-03-27,95.01193237304688,68.35552978515625,80.84174346923828,59.447792053222656,48.9464111328125
2015-03-26,93.84480285644531,68.315185546875,80.52179718017578,59.46298599243164,48.908546447753906
2015-03-25,95.33097839355469,68.3473892211914,81.0217514038086,59.447792053222656,48.91395950317383
2015-03-24,96.14289855957031,68.36357879638672,81.28839874267578,59.56930160522461,49.0438117980957
2015-03-23,95.22222900390625,68.33938598632812,81.1684341430664,59.52370071411133,48.96805953979492
2015-03-20,95.33822631835938,68.315185546875,80.98175811767578,59.4326057434082,48.93018341064453
2015-03-19,94.83800506591797,68.266845703125,80.7551040649414,59.007328033447266,48.551475524902344
2015-03-18,95.32372283935547,68.35552978515625,81.1684341430664,59.46298599243164,48.94100570678711
2015-03-17,93.51860046386719,68.19432067871094,80.18184661865234,58.946571350097656,48.50819396972656
2015-03-16,92.7501449584961,68.21043395996094,80.04855346679688,59.23511505126953,48.75165939331055
2015-03-13,91.86565399169922,68.20240783691406,79.96855926513672,59.34148406982422,48.80034255981445
2015-03-12,92.1484375,68.19432067871094,80.19518280029297,59.6148681640625,48.96805953979492
2015-03-11,92.21366882324219,68.1782455444336,80.27518463134766,59.478187561035156,48.870662689208984
2015-03-10,91.54668426513672,68.1782455444336,79.86858367919922,59.387046813964844,48.735408782958984
2015-03-09,90.3578109741211,68.16210174560547,79.74190521240234,59.52370071411133,48.92475128173828
2015-03-06,89.5313491821289,68.12980651855469,79.42198181152344,59.56930160522461,49.027557373046875
2015-03-05,91.5539779663086,68.20240783691406,80.27518463134766,59.903438568115234,49.34137725830078
2015-03-04,91.66996002197266,68.1782455444336,80.16853332519531,59.84271240234375,49.2493782043457
2015-03-03,91.6409683227539,68.16210174560547,80.22187042236328,59.93383026123047,49.34137725830078
2015-03-02,91.97441864013672,68.1782455444336,80.26848602294922,60.1161003112793,49.48204803466797
2015-02-27,93.72010040283203,68.23383331298828,80.97040557861328,60.1328010559082,49.49122619628906
2015-02-26,92.93868255615234,68.20967864990234,80.77764892578125,60.05720520019531,49.480445861816406
2015-02-25,94.22657012939453,68.27410125732422,81.21637725830078,59.98162078857422,49.49122619628906
2015-02-24,93.8213882446289,68.27410125732422,81.14321899414062,59.951416015625,49.3296012878418
2015-02-23,92.60586547851562,68.21769714355469,80.61804962158203,59.84556198120117,49.2811279296875
2015-02-20,91.55672454833984,68.18547821044922,80.34556579589844,59.785133361816406,49.24340057373047
2015-02-19,91.28904724121094,68.19349670410156,80.225830078125,59.66416549682617,49.108734130859375
2015-02-18,91.89679718017578,68.23383331298828,80.23916625976562,59.72467803955078,49.221839904785156
2015-02-17,91.35413360595703,68.1532974243164,79.95330047607422,59.573516845703125,49.05488204956055
2015-02-13,92.75060272216797,68.18547821044922,80.32557678222656,59.603736877441406,49.08718490600586
2015-02-12,93.7128677368164,68.18547821044922,80.64464569091797,59.45256042480469,49.01715850830078
2015-02-11,94.02403259277344,68.16132354736328,80.43858337402344,59.422306060791016,49.022560119628906
2015-02-10,93.85034942626953,68.1532974243164,80.38540649414062,59.407196044921875,49.03871536254883
2015-02-09,94.60285186767578,68.16938018798828,80.60477447509766,59.24089813232422,48.871707916259766
2015-02-06,94.75481414794922,68.17742156982422,80.55160522460938,59.30141830444336,48.990238189697266
2015-02-05,96.46233367919922,68.33853912353516,81.40252685546875,59.180458068847656,48.95250701904297
2015-02-04,97.53317260742188,68.36273193359375,81.66180419921875,58.83277893066406,48.6669921875
2015-02-03,97.36679077148438,68.35466003417969,81.54877471923828,58.99905014038086,48.871707916259766
2015-02-02,99.47225189208984,68.41101837158203,82.21355438232422,58.71183395385742,48.596961975097656
2015-01-30,99.84919738769531,68.43280792236328,82.13710021972656,58.586360931396484,48.411136627197266
2015-01-29,98.10902404785156,68.35224914550781,81.46749114990234,58.706787109375,48.54523468017578
2015-01-28,98.75890350341797,68.37648010253906,81.65974426269531,58.4810791015625,48.373565673828125
2015-01-27,97.17032623291016,68.328125,81.10948181152344,58.706787109375,48.47549819946289
2015-01-26,97.01872253417969,68.2878189086914,81.0498046875,58.781982421875,48.51305389404297
2015-01-23,97.31473541259766,68.328125,81.0697250366211,58.4359245300293,48.29307556152344
2015-01-22,95.97887420654297,68.29586791992188,80.59896850585938,58.4208984375,48.29307556152344
2015-01-21,96.32547760009766,68.32003021240234,80.63878631591797,58.345672607421875,48.228694915771484
2015-01-20,97.4519271850586,68.32003021240234,80.6718978881836,58.1200065612793,47.97114562988281
2015-01-16,96.1738510131836,68.35224914550781,80.48625183105469,58.1200065612793,48.056983947753906
2015-01-15,97.41584014892578,68.41668701171875,80.93711853027344,57.95450973510742,47.874576568603516
2015-01-14,95.90665435791016,68.31201171875,80.5194320678711,58.285484313964844,48.1696662902832
2015-01-13,95.18462371826172,68.271728515625,80.38021087646484,58.4208984375,48.28234100341797
2015-01-12,95.18462371826172,68.2314453125,80.3072509765625,58.4810791015625,48.28234100341797
2015-01-09,94.64303588867188,68.19120788574219,80.15478515625,58.54123306274414,48.341373443603516
2015-01-08,93.61767578125,68.13484191894531,79.942626953125,58.225311279296875,48.09992980957031
2015-01-07,94.87406921386719,68.14289093017578,80.20121765136719,57.83411407470703,47.74048614501953
2015-01-06,95.06184387207031,68.11068725585938,80.0951156616211,57.51819610595703,47.445350646972656
2015-01-05,93.37944793701172,68.0784912109375,79.77027893066406,57.78897476196289,47.62777328491211
2015-01-02,91.93524932861328,68.0784912109375,79.44538879394531,58.19523239135742,48.0731086730957
2014-12-31,90.92438507080078,68.00595092773438,79.16690063476562,58.08991622924805,48.0731086730957
2014-12-30,90.75104522705078,68.0301742553711,79.1138916015625,58.345672607421875,48.2018928527832
2014-12-29,90.5054931640625,68.00595092773438,79.04759979248047,58.39079666137695,48.29844284057617
2014-12-26,89.83396911621094,67.94153594970703,78.89508819580078,58.32310104370117,48.27159881591797
2014-12-24,89.50179290771484,67.9656982421875,78.83543395996094,58.502769470214844,48.42184066772461
2014-12-23,89.01729583740234,67.93109893798828,78.58218383789062,58.33808135986328,48.2576789855957
2014-12-22,90.81873321533203,68.0035400390625,79.18386840820312,58.15837860107422,48.08673095703125
2014-12-19,90.69617462158203,67.9874267578125,78.93265533447266,58.233253479003906,48.20425033569336
2014-12-18,89.49287414550781,68.03575897216797,78.97230529785156,57.55942916870117,47.744781494140625
2014-12-17,91.11416625976562,68.07603454589844,78.89293670654297,57.155128479003906,47.36550521850586
2014-12-16,91.94276428222656,68.14039611816406,78.87310791015625,56.09199142456055,46.419864654541016
2014-12-15,90.81873321533203,68.10021209716797,78.8995590209961,56.51127243041992,46.58549880981445
2014-12-12,91.00601196289062,68.14845275878906,78.71443939208984,56.34656524658203,46.612213134765625
2014-12-11,89.78825378417969,68.08403015136719,78.58878326416016,57.02037048339844,47.25330352783203
2014-12-10,89.42081451416016,68.11624908447266,78.66814422607422,57.3797492980957,47.42424011230469
2014-12-09,88.77232360839844,68.05990600585938,78.69456481933594,58.06853103637695,47.97454071044922
2014-12-08,88.31834411621094,68.03575897216797,78.62847900390625,58.233253479003906,48.00123596191406
2014-12-05,87.25196838378906,68.0438003540039,78.2582015991211,58.59263229370117,48.246978759765625
2014-12-04,87.7635498046875,68.17259979248047,78.58218383789062,58.65254592895508,48.28438186645508
2014-12-03,87.03578186035156,68.1323471069336,78.45653533935547,58.712425231933594,48.316436767578125
2014-12-02,86.69711303710938,68.1645736694336,78.3772201538086,58.712425231933594,48.23628234863281
2014-12-01,87.54737854003906,68.2047348022461,78.90613555908203,58.5327033996582,47.97454071044922
2014-11-28,88.0611572265625,68.20558166503906,79.18054962158203,58.9864387512207,48.4622802734375
2014-11-26,87.3709716796875,68.18144989013672,78.96955871582031,59.58254623413086,48.93025588989258
2014-11-25,87.13372802734375,68.17342376708984,78.69926452636719,59.52294921875,48.8664436340332
2014-11-24,86.41481018066406,68.16536712646484,78.36297607421875,59.43355178833008,48.786678314208984
2014-11-21,86.34288024902344,68.15731811523438,78.23768615722656,59.41859817504883,48.791988372802734
2014-11-20,85.82522583007812,68.14118957519531,77.90144348144531,59.090763092041016,48.52607345581055
2014-11-19,85.37954711914062,68.1251449584961,77.60472106933594,59.12055587768555,48.52076721191406
2014-11-18,85.92596435546875,68.13318634033203,78.0201644897461,59.18018341064453,48.53142166137695
2014-11-17,85.68865203857422,68.14118957519531,77.95419311523438,59.299381256103516,48.62711715698242
2014-11-14,85.90436553955078,68.14926147460938,78.13877868652344,59.40371322631836,48.632442474365234
2014-11-13,85.48738098144531,68.11708068847656,78.03988647460938,59.59745407104492,48.8770751953125
2014-11-12,85.28607177734375,68.10099792480469,78.12560272216797,59.91046142578125,49.07917404174805
2014-11-11,85.3580093383789,68.07687377929688,78.1322021484375,60.01475524902344,49.23872756958008
2014-11-10,85.30049896240234,68.0848617553711,78.13877868652344,59.8955192565918,49.12699890136719
2014-11-07,86.09129333496094,68.13318634033203,78.53441619873047,59.88064193725586,49.105735778808594
2014-11-06,85.113525390625,68.0848617553711,78.03988647460938,59.850830078125,49.05787658691406
2014-11-05,85.6671142578125,68.10099792480469,78.27725982666016,59.73158645629883,48.93025588989258
2014-11-04,85.78933715820312,68.11708068847656,78.42233276367188,59.791263580322266,48.940895080566406
2014-11-03,85.52332305908203,68.1251449584961,78.31023406982422,59.98494338989258,49.09511184692383
2014-10-31,85.52334594726562,68.13397979736328,78.4651870727539,59.8671989440918,48.9919319152832
2014-10-30,85.74563598632812,68.15008544921875,78.47836303710938,59.8671989440918,48.949562072753906
2014-10-29,85.67391967773438,68.12590026855469,78.4256820678711,59.896873474121094,48.97077560424805
2014-10-28,85.48030090332031,68.21441650390625,78.57039642333984,59.793060302734375,49.00778579711914
2014-10-27,86.01822662353516,68.23049926757812,78.83338928222656,59.793060302734375,48.92841720581055
2014-10-24,85.86036682128906,68.23049926757812,78.73477935791016,59.98588180541992,49.12959289550781
2014-10-23,85.77433776855469,68.21441650390625,78.7018814086914,59.74851989746094,48.9919319152832
2014-10-22,86.54168701171875,68.24653625488281,78.85311889648438,59.70404815673828,49.013099670410156
2014-10-21,86.4485092163086,68.26268768310547,78.9846420288086,60.11937713623047,49.336124420166016
2014-10-20,87.14414978027344,68.27877807617188,79.03062438964844,59.8671989440918,48.93898010253906
2014-10-17,86.82859802246094,68.23854064941406,78.88597106933594,59.33319854736328,48.58952331542969
2014-10-16,87.31623077392578,68.27877807617188,78.91887664794922,58.7992057800293,48.18183517456055
2014-10-15,87.8756332397461,68.31901550292969,79.09638214111328,58.41353988647461,47.91181182861328
2014-10-14,87.18717193603516,68.23049926757812,79.03719329833984,58.517364501953125,47.90121841430664
2014-10-13,86.6205825805664,68.19025421142578,78.85966491699219,58.38389205932617,47.74238967895508
2014-10-10,86.09703826904297,68.16612243652344,78.65589904785156,58.561866760253906,47.98064422607422
2014-10-09,85.25082397460938,68.13397979736328,78.590087890625,59.110721588134766,48.37244415283203
2014-10-08,85.62371063232422,68.13397979736328,78.91887664794922,59.718868255615234,48.89131546020508
2014-10-07,85.60218811035156,68.06155395507812,78.51776123046875,59.5409049987793,48.658390045166016
2014-10-06,84.46192932128906,68.02133178710938,78.23503875732422,59.73370361328125,48.84369659423828
2014-10-03,84.41168975830078,67.95702362060547,78.19561004638672,59.68925094604492,48.7907600402832
2014-10-02,84.0531005859375,68.02133178710938,77.97206115722656,59.45188522338867,48.62661361694336
2014-10-01,84.79179382324219,68.02941131591797,77.97864532470703,59.45188522338867,48.53129959106445
2014-09-30,83.1788558959961,67.95698547363281,77.50851440429688,59.31541442871094,48.47783279418945
2014-09-29,83.65100860595703,67.97306823730469,77.3970718383789,59.020164489746094,48.166770935058594
2014-09-26,82.9857406616211,67.95698547363281,77.42984771728516,59.182533264160156,48.26693344116211
2014-09-25,83.10736083984375,67.98914337158203,77.60031127929688,59.25638198852539,48.29857635498047
2014-09-24,82.13444519042969,67.9408950805664,77.3708267211914,59.55159378051758,48.630714416503906
2014-09-23,82.59223175048828,67.96504211425781,77.55440521240234,59.78779983520508,48.77836227416992
2014-09-22,82.08432006835938,67.94893646240234,77.42984771728516,60.05353546142578,49.026145935058594
2014-09-19,81.98418426513672,67.9007339477539,77.35773468017578,60.142086029052734,49.115760803222656
2014-09-18,80.9540023803711,67.90873718261719,77.0561294555664,60.038795471191406,49.04193115234375
2014-09-17,80.6964340209961,67.9007339477539,76.91845703125,59.994483947753906,49.026145935058594
2014-09-16,80.90390014648438,67.97306823730469,77.12824249267578,59.89113235473633,48.867950439453125
2014-09-15,81.23298645019531,67.9328842163086,77.14138793945312,59.86161422729492,48.767791748046875
2014-09-12,81.11141204833984,67.9007339477539,77.12171936035156,59.9501953125,48.857421875
2014-09-11,81.96985626220703,67.91677856445312,77.49542236328125,59.994483947753906,48.9154052734375
2014-09-10,82.2417221069336,67.90873718261719,77.55440521240234,60.05353546142578,48.9154052734375
2014-09-09,82.76397705078125,67.9007339477539,77.67902374267578,60.083038330078125,48.894309997558594
2014-09-08,82.82828521728516,67.9408950805664,77.8887710571289,60.378299713134766,49.121028900146484
2014-09-05,82.79252624511719,67.9811782836914,78.0199203491211,60.43735885620117,49.16847610473633
2014-09-04,82.9499282836914,67.95698547363281,78.00680541992188,60.49641418457031,49.226505279541016
2014-09-03,83.97294616699219,67.96504211425781,78.56407165527344,60.703094482421875,49.389923095703125
2014-09-02,83.50796508789062,67.94893646240234,78.4592056274414,60.88022994995117,49.516441345214844
2014-08-29,84.97380828857422,68.00687408447266,78.8342514038086,60.79603958129883,49.45845413208008
2014-08-28,84.91667175292969,67.97468566894531,78.7753677368164,60.79603958129883,49.421695709228516
2014-08-27,84.47416687011719,67.95867156982422,78.60538482666016,60.8107795715332,49.49519348144531
2014-08-26,83.76041412353516,67.94253540039062,78.474609375,60.86958312988281,49.54240798950195
2014-08-25,84.03166198730469,67.91842651367188,78.42229461669922,60.825477600097656,49.50569534301758
2014-08-22,83.717529296875,67.94253540039062,78.2981185913086,60.63442611694336,49.400733947753906
2014-08-21,83.25357055664062,67.95867156982422,78.2000503540039,60.7373161315918,49.52144241333008
2014-08-20,82.78970336914062,67.95867156982422,77.93196105957031,60.752017974853516,49.52144241333008
2014-08-19,82.92529296875,68.02295684814453,78.10851287841797,60.752017974853516,49.48468017578125
2014-08-18,83.18225860595703,68.02295684814453,78.16079711914062,60.707908630371094,49.500457763671875
2014-08-15,84.0173568725586,68.02295684814453,78.3373031616211,60.5168571472168,49.35874557495117
2014-08-14,83.11085510253906,68.02295684814453,78.06271362304688,60.4727897644043,49.259033203125
2014-08-13,82.44707489013672,68.00687408447266,77.97774505615234,60.311153411865234,49.16456604003906
2014-08-12,81.91175079345703,67.97468566894531,77.82084655761719,60.1201057434082,49.0228385925293
2014-08-11,82.44707489013672,67.97468566894531,77.8600845336914,60.0906982421875,49.03334045410156
2014-08-08,82.45418548583984,67.97468566894531,77.82740020751953,59.79679870605469,48.802433013916016
2014-08-07,82.6326675415039,68.01487731933594,77.84699249267578,59.546932220458984,48.65025329589844
2014-08-06,81.86890411376953,67.98278045654297,77.644287109375,59.57635498046875,48.61874008178711
2014-08-05,81.8189697265625,67.96662902832031,77.78158569335938,59.47346878051758,48.50328826904297
2014-08-04,81.55485534667969,67.96662902832031,77.70315551757812,59.57635498046875,48.59776306152344
2014-08-01,81.76896667480469,67.96662902832031,77.68353271484375,59.179534912109375,48.30387878417969
2014-07-31,81.140869140625,67.88065338134766,77.28536224365234,59.30742263793945,48.308624267578125
2014-07-30,81.38292694091797,67.84849548339844,77.50051879882812,59.8924446105957,48.705589294433594
2014-07-29,82.529052734375,67.88065338134766,77.85905456542969,60.12651062011719,48.9092903137207
2014-07-28,82.23007202148438,67.86454010009766,77.78734588623047,60.155704498291016,48.97721862792969
2014-07-25,82.34395599365234,67.89671325683594,77.87864685058594,60.22883224487305,49.12347412109375
2014-07-24,81.38292694091797,67.88868713378906,77.57875061035156,60.38972473144531,49.20705795288086
2014-07-23,81.99515533447266,67.91277313232422,77.88509368896484,60.37510681152344,49.11823272705078
2014-07-22,82.10196685791016,67.88868713378906,77.79386901855469,60.18495178222656,49.02421951293945
2014-07-21,81.93109893798828,67.88868713378906,77.73519134521484,60.09720230102539,48.956321716308594
2014-07-18,81.52530670166016,67.88065338134766,77.73519134521484,60.1702995300293,49.039920806884766
2014-07-17,81.78871154785156,67.93694305419922,77.83950805664062,59.96556854248047,48.836177825927734
2014-07-16,80.77073669433594,67.88065338134766,77.54613494873047,60.41899108886719,49.18095779418945
2014-07-15,80.34354400634766,67.88868713378906,77.36359405517578,60.5213737487793,49.25929260253906
2014-07-14,80.50735473632812,67.92082214355469,77.44834899902344,60.57982635498047,49.3376579284668
2014-07-11,80.85610961914062,67.92882537841797,77.611328125,60.5359992980957,49.35334014892578
2014-07-10,80.34354400634766,67.91277313232422,77.3701171875,60.49209976196289,49.269752502441406
2014-07-09,80.32225036621094,67.88065338134766,77.42875671386719,60.726097106933594,49.421241760253906
2014-07-08,80.25813293457031,67.87261199951172,77.30492401123047,60.74073791503906,49.45779037475586
2014-07-07,79.3682632446289,67.85657501220703,77.01806640625,60.75536346435547,49.44734573364258
2014-07-03,78.79168701171875,67.87261199951172,76.88117218017578,60.813865661621094,49.48391342163086
2014-07-02,79.07642364501953,67.88065338134766,76.95938873291016,60.799232482910156,49.55704879760742
2014-07-01,79.93067932128906,67.90472412109375,77.23320007324219,60.799232482910156,49.52568054199219
2014-06-30,80.60557556152344,67.9328842163086,77.53311920166016,60.750953674316406,49.51262283325195
2014-06-27,80.40672302246094,67.92484283447266,77.60462951660156,60.78007507324219,49.554256439208984
2014-06-26,80.52740478515625,67.90879821777344,77.61763000488281,60.765560150146484,49.554256439208984
2014-06-25,80.1439437866211,67.8927001953125,77.47462463378906,60.794647216796875,49.60626220703125
2014-06-24,79.9380874633789,67.88468170166016,77.39659881591797,60.85282897949219,49.533451080322266
2014-06-23,79.13571166992188,67.8605728149414,77.07154083251953,60.82377624511719,49.575050354003906
2014-06-20,79.38423156738281,67.8605728149414,77.0780029296875,60.794647216796875,49.580265045166016
2014-06-19,78.78782653808594,67.8605728149414,76.9285659790039,60.72187042236328,49.533451080322266
2014-06-18,79.81031799316406,67.86858367919922,77.20156860351562,60.750953674316406,49.54386520385742
2014-06-17,79.19965362548828,67.8124008178711,76.75944519042969,60.547142028808594,49.32020950317383
2014-06-16,79.83158111572266,67.86858367919922,77.01946258544922,60.547142028808594,49.35662841796875
2014-06-13,79.63276672363281,67.88468170166016,77.0260238647461,60.56169128417969,49.382598876953125
2014-06-12,79.67537689208984,67.92484283447266,77.03904724121094,60.459800720214844,49.325401306152344
2014-06-11,78.9724349975586,67.90074920654297,76.79196166992188,60.459800720214844,49.35662841796875
2014-06-10,78.8304214477539,67.87661743164062,76.73345184326172,60.518043518066406,49.35141372680664
2014-06-09,79.12154388427734,67.8927001953125,76.87648010253906,60.47437286376953,49.3774299621582
2014-06-06,79.23515319824219,67.94092559814453,77.0324935913086,60.416141510009766,49.32020950317383
2014-06-05,79.23515319824219,67.9570083618164,76.86996459960938,60.285118103027344,49.179779052734375
2014-06-04,79.19965362548828,67.948974609375,76.70742797851562,60.154090881347656,49.06019592285156
2014-06-03,79.22093963623047,67.92484283447266,76.74642944335938,60.110416412353516,49.06019592285156
2014-06-02,80.20792388916016,67.94092559814453,77.09748840332031,60.13955307006836,49.05496597290039
2014-05-30,80.80860900878906,67.98674011230469,77.52792358398438,60.17885208129883,49.211524963378906
2014-05-29,80.84405517578125,67.97059631347656,77.51493072509766,60.14984130859375,49.15973663330078
2014-05-28,81.27604675292969,67.97869873046875,77.74180603027344,60.04840850830078,49.113128662109375
2014-05-27,80.28457641601562,67.96267700195312,77.37230682373047,60.06290817260742,49.09759521484375
2014-05-23,79.817138671875,67.94656372070312,77.10001373291016,60.04840850830078,49.050987243652344
2014-05-22,79.39213562011719,67.96267700195312,77.0157699584961,59.97595977783203,49.03550720214844
2014-05-21,79.50550842285156,67.97869873046875,77.04167938232422,60.03396224975586,48.99922180175781
2014-05-20,79.99414825439453,67.97869873046875,77.18429565429688,60.01945114135742,49.004417419433594
2014-05-19,79.817138671875,67.97059631347656,77.18429565429688,60.04840850830078,49.06651306152344
2014-05-16,80.41202545166016,67.9546127319336,77.25562286376953,60.03396224975586,48.994049072265625
2014-05-15,80.63859558105469,67.94656372070312,77.3464126586914,59.947017669677734,48.89568328857422
2014-05-14,80.00126647949219,67.93851470947266,77.2102279663086,59.99048614501953,48.942283630371094
2014-05-13,79.1443099975586,67.91448211669922,76.8277587890625,59.96150588989258,48.91643142700195
2014-05-12,78.4643783569336,67.89033508300781,76.54248809814453,59.9324951171875,48.838768005371094
2014-05-09,78.78306579589844,67.9063949584961,76.7370376586914,59.83103942871094,48.78694534301758
2014-05-08,79.03803253173828,67.88232421875,76.82125854492188,59.758602142333984,48.740379333496094
2014-05-07,79.37796783447266,67.86624145507812,76.80180358886719,59.81660079956055,48.750732421875
2014-05-06,79.66127014160156,67.8421630859375,76.7888412475586,59.758602142333984,48.678226470947266
2014-05-05,79.3426284790039,67.86624145507812,76.65921020507812,59.64271545410156,48.667877197265625
2014-05-02,79.82418823242188,67.85823059082031,76.85369873046875,59.729637145996094,48.6885871887207
2014-05-01,79.33548736572266,67.86624145507812,76.6916275024414,59.67166519165039,48.57467269897461
2014-04-30,78.4934310913086,67.86544036865234,76.3713607788086,59.63251495361328,48.62488555908203
2014-04-29,78.16842651367188,67.81729125976562,76.15808868408203,59.58928680419922,48.635196685791016
2014-04-28,78.27439880371094,67.82527923583984,76.14514923095703,59.603736877441406,48.563053131103516
2014-04-25,78.65596008300781,67.82527923583984,76.23561096191406,59.51715087890625,48.57337188720703
2014-04-24,78.54290008544922,67.81729125976562,76.24856567382812,59.50274658203125,48.5888557434082
2014-04-23,78.3945083618164,67.83336639404297,76.23561096191406,59.531646728515625,48.578514099121094
2014-04-22,77.94940948486328,67.80118560791016,76.06757354736328,59.51715087890625,48.563053131103516
2014-04-21,77.68799591064453,67.83336639404297,76.02876281738281,59.473915100097656,48.511505126953125
2014-04-17,77.75159454345703,67.83336639404297,75.92536163330078,59.445068359375,48.511505126953125
2014-04-16,78.61353302001953,67.84934997558594,76.36488342285156,59.54599380493164,48.568214416503906
2014-04-15,78.51463317871094,67.87347412109375,76.33255767822266,59.473915100097656,48.542442321777344
2014-04-14,78.02711486816406,67.87347412109375,76.17095184326172,59.445068359375,48.49089813232422
2014-04-11,78.23199462890625,67.88148498535156,76.11929321289062,59.199920654296875,48.33628463745117
2014-04-10,77.60321807861328,67.88956451416016,76.06757354736328,59.416221618652344,48.542442321777344
2014-04-09,76.88964080810547,67.84934997558594,75.9641342163086,59.560482025146484,48.681617736816406
2014-04-08,77.27116394042969,67.81729125976562,75.89954376220703,59.50274658203125,48.60427474975586
2014-04-07,77.08749389648438,67.80924224853516,75.69913482666016,59.37300491333008,48.49089813232422
2014-04-04,76.62821960449219,67.80118560791016,75.51810455322266,59.445068359375,48.593963623046875
2014-04-03,76.11951446533203,67.74502563476562,75.22076416015625,59.34409713745117,48.4805908203125
2014-04-02,75.78746795654297,67.72895050048828,75.07860565185547,59.32967758178711,48.45998764038086
2014-04-01,76.22549438476562,67.75302124023438,75.18195343017578,59.32967758178711,48.511505126953125
2014-03-31,76.8825912475586,67.79240417480469,75.36943054199219,59.30374526977539,48.421295166015625
2014-03-28,77.07283020019531,67.7522201538086,75.37589263916016,59.23195266723633,48.3494873046875
2014-03-27,77.50975799560547,67.7522201538086,75.43389129638672,59.16021728515625,48.267398834228516
2014-03-26,77.12218475341797,67.76024627685547,75.41462707519531,59.131507873535156,48.3392333984375
2014-03-25,76.52320861816406,67.71209716796875,75.12455749511719,59.1745491027832,48.328975677490234
2014-03-24,76.81206512451172,67.7040786743164,75.09876251220703,59.145870208740234,48.23152542114258
2014-03-21,76.26950073242188,67.73617553710938,74.95697021484375,59.016685485839844,48.21612548828125
2014-03-20,75.4520034790039,67.72819519042969,74.69916534423828,59.074127197265625,48.2469367980957
2014-03-19,75.5859375,67.72013854980469,74.5960464477539,58.873191833496094,48.08271789550781
2014-03-18,76.1778793334961,67.83252716064453,75.1374282836914,59.074127197265625,48.328975677490234
2014-03-17,75.90302276611328,67.81646728515625,74.90540313720703,58.88755416870117,48.18534469604492
2014-03-14,76.4738540649414,67.84054565429688,75.00208282470703,58.83012771606445,48.11865234375
2014-03-13,76.45976257324219,67.85662078857422,75.08586120605469,58.91624450683594,48.154571533203125
2014-03-12,75.44501495361328,67.81646728515625,74.82160949707031,59.00239181518555,48.282798767089844
2014-03-11,74.92350006103516,67.79240417480469,74.5573959350586,58.98801040649414,48.20072555541992
2014-03-10,74.72620391845703,67.79240417480469,74.5316390991211,58.959259033203125,48.252037048339844
2014-03-07,74.62049102783203,67.78433227539062,74.64759826660156,58.98801040649414,48.2469367980957
2014-03-06,75.09263610839844,67.83252716064453,74.91831970214844,59.16021728515625,48.431583404541016
2014-03-05,75.83963012695312,67.87266540527344,75.14387512207031,59.30374526977539,48.50339126586914
2014-03-04,75.67750549316406,67.84854125976562,75.18256378173828,59.346763610839844,48.590599060058594
2014-03-03,76.8332748413086,67.90475463867188,75.5886001586914,59.20326614379883,48.41618347167969
2014-02-28,76.32376098632812,67.86622619628906,75.39138793945312,59.31523895263672,48.46079635620117
2014-02-27,76.28157043457031,67.86622619628906,75.43637084960938,59.17240524291992,48.409759521484375
2014-02-26,75.86673736572266,67.87425231933594,75.30780792236328,59.058143615722656,48.317909240722656
2014-02-25,75.46611022949219,67.84217071533203,75.06363677978516,59.00100326538086,48.2361946105957
2014-02-24,74.79830932617188,67.85016632080078,74.77442932128906,58.87248229980469,48.18004608154297
2014-02-21,74.98808288574219,67.85016632080078,74.73592376708984,58.77250289916992,48.072853088378906
2014-02-20,74.59439849853516,67.84217071533203,74.65875244140625,58.67250442504883,48.03199768066406
2014-02-19,74.77717590332031,67.83409881591797,74.75519561767578,58.501121520996094,47.88396453857422
2014-02-18,75.0935287475586,67.85823059082031,74.83871459960938,58.55824279785156,48.006492614746094
2014-02-14,74.92481994628906,67.83409881591797,74.68449401855469,58.501121520996094,47.940086364746094
2014-02-13,74.8825912475586,67.83409881591797,74.5431137084961,58.386844635009766,47.863529205322266
2014-02-12,74.46085357666016,67.79399871826172,74.23465728759766,58.286895751953125,47.725704193115234
2014-02-11,74.84745788574219,67.82611083984375,74.45956420898438,58.329742431640625,47.80226135253906
2014-02-10,75.28328704833984,67.84217071533203,74.61378479003906,58.18696212768555,47.72058868408203
2014-02-07,75.07243347167969,67.85823059082031,74.5816650390625,58.17262649536133,47.689971923828125
2014-02-06,75.00917053222656,67.84217071533203,74.35032653808594,57.9155158996582,47.45003128051758
2014-02-05,75.3324966430664,67.83409881591797,74.4210433959961,57.72987365722656,47.28158950805664
2014-02-04,76.03553009033203,67.86622619628906,74.65875244140625,57.71559524536133,47.28158950805664
2014-02-03,76.85099792480469,67.85823059082031,75.01864624023438,57.72987365722656,47.22542953491211
2014-01-31,75.92588806152344,67.83975219726562,74.53797149658203,57.97553253173828,47.367340087890625
2014-01-30,75.42098236083984,67.80767059326172,74.31375122070312,58.003963470458984,47.382598876953125
2014-01-29,75.63833618164062,67.81561279296875,74.2752456665039,57.87604904174805,47.30129623413086
2014-01-28,75.0213623046875,67.76753997802734,74.12789916992188,57.98973846435547,47.443546295166016
2014-01-27,74.8389663696289,67.76753997802734,73.7691650390625,57.662845611572266,47.235294342041016
2014-01-24,75.36489868164062,67.77552032470703,73.91009521484375,57.6912727355957,47.25050354003906
2014-01-23,74.88107299804688,67.75144958496094,73.96135711669922,58.117652893066406,47.5654296875
2014-01-22,73.83626556396484,67.6872787475586,73.6794662475586,58.160301208496094,47.62639236450195
2014-01-21,74.0185775756836,67.71940612792969,73.85884857177734,58.20296096801758,47.6975212097168
2014-01-17,73.9625244140625,67.72742462158203,73.96135711669922,58.188751220703125,47.636592864990234
2014-01-16,73.65403747558594,67.72742462158203,73.87808227539062,58.13188552856445,47.62639236450195
2014-01-15,73.16311645507812,67.71137237548828,73.70511627197266,58.117652893066406,47.6467399597168
2014-01-14,73.2402572631836,67.7354507446289,73.68584442138672,58.01813507080078,47.55021286010742
2014-01-13,73.57684326171875,67.75144958496094,73.90369415283203,57.96131134033203,47.47906494140625
2014-01-10,73.2121810913086,67.7354507446289,73.76274871826172,57.97553253173828,47.5299072265625
2014-01-09,72.34974670410156,67.67121887207031,73.36553955078125,57.833370208740234,47.38764572143555
2014-01-08,71.92903900146484,67.65518951416016,73.1989517211914,57.76234436035156,47.31654357910156
2014-01-07,72.12538146972656,67.71940612792969,73.51287841796875,57.77655792236328,47.3470344543457
2014-01-06,71.94302368164062,67.71940612792969,73.57052612304688,57.76234436035156,47.3470344543457
2014-01-03,71.6415023803711,67.71137237548828,73.41036987304688,57.648651123046875,47.24542999267578
2014-01-02,71.6415023803711,67.7354507446289,73.30146026611328,57.60599136352539,47.260650634765625
2013-12-31,71.42416381835938,67.70331573486328,73.16046905517578,57.648651123046875,47.17940139770508
2013-12-30,71.87995147705078,67.71940612792969,73.34629821777344,57.57754135131836,47.14891815185547
2013-12-27,71.38912963867188,67.70331573486328,73.1284408569336,57.563331604003906,47.10829544067383
2013-12-26,71.5924301147461,67.67121887207031,73.19253540039062,57.56761932373047,47.113346099853516
2013-12-24,71.86943817138672,67.67852783203125,73.24506378173828,57.53935241699219,47.069190979003906
2013-12-23,72.44950103759766,67.7025146484375,73.26423645019531,57.49688720703125,47.09445571899414
2013-12-20,72.86186981201172,67.7105484008789,73.37918853759766,57.44031524658203,47.05907440185547
2013-12-19,71.75762939453125,67.734619140625,73.04067993164062,57.39786911010742,47.02873229980469
2013-12-18,71.82746124267578,67.77474975585938,73.14924621582031,57.46859359741211,47.07929611206055
2013-12-17,72.19093322753906,67.77474975585938,73.14924621582031,57.46859359741211,46.9984245300293
2013-12-16,71.86943817138672,67.7586898803711,72.93211364746094,57.38372039794922,46.993370056152344
2013-12-13,72.13497161865234,67.7586898803711,72.87461853027344,57.270591735839844,46.952911376953125
2013-12-12,71.78559875488281,67.74266815185547,72.67656707763672,57.270591735839844,46.87710189819336
2013-12-11,72.05814361572266,67.7667236328125,72.79792785644531,57.313011169433594,46.963035583496094
2013-12-10,72.61723327636719,67.79071807861328,73.00234985351562,57.41201400756836,47.10456085205078
2013-12-09,72.10006713867188,67.7667236328125,72.7085189819336,57.44031524658203,47.10456085205078
2013-12-06,71.93231964111328,67.7667236328125,72.59992980957031,57.25642013549805,46.93272018432617
2013-12-05,71.58981323242188,67.79071807861328,72.4466552734375,57.072574615478516,46.80132293701172
2013-12-04,71.79251098632812,67.78279876708984,72.6063232421875,57.100852966308594,46.836708068847656
2013-12-03,72.48445129394531,67.79877471923828,72.84263610839844,57.25642013549805,46.95798873901367
2013-12-02,72.21886444091797,67.78279876708984,72.65742492675781,57.270591735839844,47.00347137451172
2013-11-29,72.78501892089844,67.82367706298828,73.00361633300781,57.354034423828125,46.98830032348633
2013-11-27,72.76407623291016,67.81560516357422,73.06094360351562,57.24143981933594,46.938011169433594
2013-11-26,72.88954162597656,67.81560516357422,73.04822540283203,57.24143981933594,46.968170166015625
2013-11-25,72.61771392822266,67.80763244628906,72.90177917480469,57.2132568359375,46.932987213134766
2013-11-22,72.40869903564453,67.80763244628906,72.7744369506836,57.11474609375,46.86256790161133
2013-11-21,71.73973846435547,67.82367706298828,72.51974487304688,57.05846405029297,46.827369689941406
2013-11-20,71.6213150024414,67.79156494140625,72.379638671875,56.88954162597656,46.66640090942383
2013-11-19,72.8616714477539,67.78358459472656,72.69163513183594,56.94584274291992,46.711669921875
2013-11-18,73.41911315917969,67.80763244628906,72.94634246826172,56.97401809692383,46.73179244995117
2013-11-15,72.98009490966797,67.77549743652344,72.62164306640625,57.04436492919922,46.867584228515625
2013-11-14,72.83377075195312,67.77549743652344,72.62164306640625,56.903648376464844,46.79717254638672
2013-11-13,72.38777923583984,67.73544311523438,72.22684478759766,56.80513381958008,46.66135787963867
2013-11-12,72.12299346923828,67.73544311523438,72.0613021850586,56.608070373535156,46.48530578613281
2013-11-11,71.78849029541016,67.75145721435547,72.01038360595703,56.678462982177734,46.55070877075195
2013-11-08,72.06029510498047,67.73544311523438,72.13134002685547,56.903648376464844,46.72676467895508
2013-11-07,73.83720397949219,67.78358459472656,72.84441375732422,57.04436492919922,46.80723571777344
2013-11-06,73.217041015625,67.76754760742188,72.69805908203125,56.93177795410156,46.777069091796875
2013-11-05,73.18221282958984,67.75145721435547,72.6152572631836,56.8192024230957,46.64126968383789
2013-11-04,74.06718444824219,67.75145721435547,72.92721557617188,56.98811340332031,46.76702117919922
2013-11-01,73.99748229980469,67.73544311523438,72.90808868408203,56.903648376464844,46.6865234375
2013-10-31,74.8072738647461,67.7602767944336,73.10546875,56.907859802246094,46.766998291015625
2013-10-30,74.64737701416016,67.75225067138672,73.20701599121094,56.935855865478516,46.74195098876953
2013-10-29,75.09912872314453,67.75225067138672,73.3530044555664,57.047935485839844,46.93217849731445
2013-10-28,75.00182342529297,67.75225067138672,73.2514877319336,57.005916595458984,46.85710906982422
2013-10-25,75.25897216796875,67.73625946044922,73.1816635131836,56.963897705078125,46.86711502075195
2013-10-24,74.98101806640625,67.72019958496094,73.18795776367188,56.907859802246094,46.85208511352539
2013-10-23,75.27287292480469,67.72821044921875,73.26414489746094,56.935855865478516,46.83709716796875
2013-10-22,74.98101806640625,67.75225067138672,73.28317260742188,56.86585235595703,46.797054290771484
2013-10-21,74.15398406982422,67.6961669921875,72.83895874023438,56.72578048706055,46.65687942504883
2013-10-18,74.39027404785156,67.6961669921875,73.02936553955078,56.78181838989258,46.76198196411133
2013-10-17,74.23042297363281,67.6961669921875,72.93415069580078,56.627750396728516,46.666873931884766
2013-10-16,73.56322479248047,67.67208099365234,72.40106201171875,56.34758377075195,46.44163131713867
2013-10-15,72.65279388427734,67.6480712890625,71.86800384521484,56.165523529052734,46.19635772705078
2013-10-14,72.70145416259766,67.6240005493164,71.85533905029297,56.19353485107422,46.21137237548828
2013-10-11,73.29220581054688,67.6480712890625,72.07744598388672,56.13752746582031,46.14129638671875
2013-10-10,73.31301879882812,67.6480712890625,71.98229217529297,56.0534782409668,46.056209564208984
2013-10-09,73.19486999511719,67.6480712890625,71.8807144165039,55.81538009643555,45.845947265625
2013-10-08,73.78561401367188,67.6240005493164,72.0330581665039,55.759342193603516,45.80594253540039
2013-10-07,73.7647476196289,67.68009948730469,72.0457534790039,55.74530792236328,45.825931549072266
2013-10-04,73.4659652709961,67.68009948730469,71.91880798339844,55.927391052246094,45.946075439453125
2013-10-03,73.52147674560547,67.70416259765625,71.98858642578125,55.759342193603516,45.865989685058594
2013-10-02,73.6396484375,67.70416259765625,71.95053100585938,55.70332336425781,45.83595657348633
2013-10-01,73.52847290039062,67.6961669921875,71.73481750488281,55.64732360839844,45.815948486328125
2013-09-30,73.75228118896484,67.71382141113281,71.80713653564453,55.518428802490234,45.61823654174805
2013-09-27,73.86314392089844,67.69773864746094,71.96521759033203,55.61598587036133,45.74774169921875
2013-09-26,73.68295288085938,67.65764617919922,72.02215576171875,55.685630798339844,45.79755401611328
2013-09-25,74.20280456542969,67.68975830078125,72.19928741455078,55.69960403442383,45.82244110107422
2013-09-24,74.05028533935547,67.66566467285156,71.97792053222656,55.74140930175781,45.90216827392578
2013-09-23,73.26010131835938,67.65764617919922,71.7944107055664,55.89469528198242,46.001773834228516
2013-09-20,72.72635650634766,67.6416244506836,71.37065124511719,55.81110763549805,46.00672912597656
2013-09-19,72.3451156616211,67.63362884521484,71.30740356445312,55.93648910522461,46.06156539916992
2013-09-18,72.7749252319336,67.65764617919922,71.76284790039062,56.10374069213867,46.19606018066406
2013-09-17,71.88764953613281,67.56951141357422,70.72547912597656,55.60203552246094,45.7576904296875
2013-09-16,71.29847717285156,67.54544830322266,70.53567504882812,55.434814453125,45.60825729370117
2013-09-13,71.77677154541016,67.49732971191406,70.45343017578125,55.1700439453125,45.35921096801758
2013-09-12,71.49948120117188,67.49732971191406,70.40916442871094,55.19791793823242,45.394065856933594
2013-09-11,71.59650421142578,67.49732971191406,70.4598159790039,55.2536506652832,45.448875427246094
2013-09-10,70.96573638916016,67.46529388427734,70.13087463378906,55.1561164855957,45.38909149169922
2013-09-09,71.46487426757812,67.48937225341797,70.44081115722656,55.05854415893555,45.22970199584961
2013-09-06,71.4301986694336,67.47328186035156,70.2573471069336,54.86347579956055,45.11513137817383
2013-09-05,71.07659912109375,67.40918731689453,70.15615844726562,54.69623565673828,44.96569061279297
2013-09-04,72.08174133300781,67.47328186035156,70.73809814453125,54.919246673583984,45.1948356628418
2013-09-03,72.2411880493164,67.53746795654297,70.99745178222656,54.82167434692383,45.02545166015625
2013-08-30,73.27468872070312,67.56307983398438,71.2782974243164,54.995853424072266,45.26455307006836
2013-08-29,73.35759735107422,67.5550765991211,71.2782974243164,55.023590087890625,45.30419921875
2013-08-28,72.77690887451172,67.5390396118164,71.20896911621094,54.87108612060547,45.1208610534668
2013-08-27,73.3714828491211,67.5791244506836,71.19630432128906,54.66318130493164,44.95238494873047
2013-08-26,72.45889282226562,67.54708862304688,70.89372253417969,54.926513671875,45.24470138549805
2013-08-23,72.09942626953125,67.5230484008789,70.74864959716797,54.968170166015625,45.23978805541992
2013-08-22,71.32510375976562,67.5230484008789,70.27579498291016,54.815616607666016,45.0515022277832
2013-08-21,70.60608673095703,67.54708862304688,69.95421600341797,54.51063919067383,44.8087158203125
2013-08-20,71.3873291015625,67.58711242675781,70.3766860961914,54.71862030029297,44.97221755981445
2013-08-19,70.84117126464844,67.57107543945312,69.9479751586914,54.27500915527344,44.56092834472656
2013-08-16,71.46333312988281,67.58711242675781,70.33255767822266,54.64923858642578,44.85823440551758
2013-08-15,71.71223449707031,67.5791244506836,70.68563842773438,54.82950210571289,45.01185989379883
2013-08-14,72.69396209716797,67.60313415527344,71.19001770019531,55.079017639160156,45.24470138549805
2013-08-13,72.58330535888672,67.60313415527344,71.30987548828125,55.12060546875,45.33391571044922
2013-08-12,73.64800262451172,67.63521575927734,71.82054901123047,55.189937591552734,45.33391571044922
2013-08-09,74.15264892578125,67.63521575927734,71.85833740234375,55.21767044067383,45.373573303222656
2013-08-08,74.03516387939453,67.65123748779297,71.85833740234375,55.189937591552734,45.36859130859375
2013-08-07,73.8346176147461,67.65123748779297,71.70706176757812,55.09288787841797,45.269500732421875
2013-08-06,73.28845977783203,67.63521575927734,71.54939270019531,55.17607116699219,45.4132080078125
2013-08-05,73.07415008544922,67.64324951171875,71.50530242919922,55.20381164550781,45.45780944824219
2013-08-02,73.64108276367188,67.65123748779297,71.77639770507812,55.49492263793945,45.690673828125
2013-08-01,72.83911895751953,67.60313415527344,71.42329406738281,55.189937591552734,45.4132080078125
2013-07-31,74.27021789550781,67.6288070678711,71.99706268310547,55.56840896606445,45.847782135009766
2013-07-30,74.00125122070312,67.6288070678711,71.99076843261719,55.389068603515625,45.71459197998047
2013-07-29,74.02882385253906,67.62077331542969,71.9719467163086,55.47185134887695,45.65052032470703
2013-07-26,74.57355499267578,67.6288070678711,72.0913314819336,55.720176696777344,45.74913787841797
2013-07-25,74.11845397949219,67.62077331542969,72.0159683227539,55.62358474731445,45.72944259643555
2013-07-24,74.14610290527344,67.58074188232422,72.10394287109375,55.720176696777344,45.83294677734375
2013-07-23,75.09770202636719,67.61278533935547,72.45591735839844,56.120235443115234,46.2225341796875
2013-07-22,75.4148941040039,67.62077331542969,72.56909942626953,56.285789489746094,46.3359375
2013-07-19,75.30458068847656,67.62077331542969,72.40565490722656,56.16160202026367,46.30139923095703
2013-07-18,74.13227081298828,67.5887222290039,72.00961303710938,56.18920135498047,46.330970764160156
2013-07-17,75.07015228271484,67.59674072265625,72.19819641113281,55.81674575805664,46.054866790771484
2013-07-16,74.93218994140625,67.57276916503906,71.92792510986328,55.45806884765625,45.71958541870117
2013-07-15,74.67704010009766,67.56466674804688,72.0347671508789,55.59602737426758,45.83294677734375
2013-07-12,74.28398132324219,67.53260040283203,71.57588195800781,55.375274658203125,45.64067077636719
2013-07-11,74.34606170654297,67.57276916503906,71.77703094482422,55.36147689819336,45.685035705566406
2013-07-10,73.4840087890625,67.51665496826172,70.94107055664062,54.74066925048828,45.117984771728516
2013-07-09,74.0633316040039,67.51665496826172,71.14850616455078,54.464778900146484,44.94048309326172
2013-07-08,73.98745727539062,67.52461242675781,71.08564758300781,54.478553771972656,44.91581726074219
2013-07-05,73.27717590332031,67.47660827636719,70.50733184814453,53.78877258300781,44.30436325073242
2013-07-03,75.86316680908203,67.5487060546875,71.41252136230469,54.49237823486328,44.78271484375
2013-07-02,76.09074401855469,67.55670928955078,71.61993408203125,54.28541946411133,44.67914581298828
2013-07-01,76.1390151977539,67.5487060546875,71.39363098144531,54.42338180541992,44.81719207763672
2013-06-28,75.98594665527344,67.51901245117188,71.20946502685547,54.19710159301758,44.57558059692383
2013-06-27,75.46990203857422,67.52703094482422,71.25334930419922,54.375545501708984,44.87969970703125
2013-06-26,74.70619201660156,67.48694610595703,70.61422729492188,54.04615783691406,44.66386032104492
2013-06-25,74.22456359863281,67.45499420166016,70.08164978027344,53.77165985107422,44.29599380493164
2013-06-24,74.8919677734375,67.46294403076172,69.84979248046875,53.112911224365234,43.6730842590332
2013-06-21,74.58233642578125,67.49503326416016,70.30718231201172,53.71677017211914,44.217529296875
2013-06-20,75.86892700195312,67.55107116699219,70.88993072509766,54.19710159301758,44.506919860839844
2013-06-19,77.13495635986328,67.5591049194336,71.8798599243164,54.773555755615234,44.94834518432617
2013-06-18,77.93995666503906,67.63922119140625,72.91374206542969,55.473472595214844,45.63011932373047
2013-06-17,77.89861297607422,67.63922119140625,73.0578384399414,55.336246490478516,45.517333984375
2013-06-14,78.31143188476562,67.63922119140625,73.16436004638672,55.19900131225586,45.522239685058594
2013-06-13,78.49726104736328,67.59107208251953,73.2145004272461,55.32254409790039,45.46826934814453
2013-06-12,77.2862548828125,67.5591049194336,72.43756103515625,54.746116638183594,44.95326232910156
2013-06-11,78.40778350830078,67.56709289550781,72.68812561035156,54.938262939453125,44.91891860961914
2013-06-10,77.48585510253906,67.5750961303711,72.82599639892578,55.25392150878906,45.198516845703125
2013-06-07,77.85735321044922,67.59913635253906,73.05158996582031,55.226436614990234,45.29170608520508
2013-06-06,79.2746810913086,67.60713195800781,73.33980560302734,55.24016571044922,45.262264251708984
2013-06-05,79.32286071777344,67.61515808105469,73.0265121459961,54.85588836669922,44.909095764160156
2013-06-04,78.2426528930664,67.60713195800781,73.13304138183594,55.28135681152344,45.30149841308594
2013-06-03,78.97196960449219,67.60713195800781,73.42127227783203,55.363712310791016,45.30149841308594
2013-05-31,78.55570983886719,67.5855712890625,73.61487579345703,55.415889739990234,45.341278076171875
2013-05-30,78.82343292236328,67.59349060058594,73.9833984375,56.08500671386719,45.9511833190918
2013-05-29,79.01557159423828,67.57746887207031,73.88970947265625,56.030391693115234,45.858463287353516
2013-05-28,78.136962890625,67.57746887207031,73.92096710205078,56.207889556884766,46.043914794921875
2013-05-24,80.16869354248047,67.6256332397461,74.63922119140625,56.33077621459961,46.21471405029297
2013-05-23,80.05884552001953,67.64155578613281,74.68923950195312,56.467403411865234,46.30250930786133
2013-05-22,79.68135070800781,67.6256332397461,74.61428833007812,56.65851593017578,46.42936706542969
2013-05-21,80.88248443603516,67.64959716796875,75.20768737792969,56.890724182128906,46.71729278564453
2013-05-20,80.25102996826172,67.64959716796875,74.92662048339844,56.822410583496094,46.62944793701172
2013-05-17,80.34718322753906,67.64155578613281,75.01409149169922,56.75416946411133,46.58064270019531
2013-05-16,81.37670135498047,67.65760040283203,75.33890533447266,56.65851593017578,46.58064270019531
2013-05-15,80.53936767578125,67.64155578613281,74.9953384399414,56.63121795654297,46.468414306640625
2013-05-14,80.00395202636719,67.63355255126953,74.73297882080078,56.699501037597656,46.46356201171875
2013-05-13,80.88248443603516,67.63355255126953,74.93289184570312,56.699501037597656,46.414756774902344
2013-05-10,81.50714111328125,67.64959716796875,75.12654113769531,56.86338424682617,46.60507583618164
2013-05-09,82.39257049560547,67.65760040283203,75.52006530761719,57.081878662109375,46.84904861450195
2013-05-08,82.6053237915039,67.66561126708984,75.6824722290039,57.27304458618164,46.985652923583984
2013-05-07,82.47490692138672,67.65760040283203,75.61371612548828,57.068233489990234,46.81976318359375
2013-05-06,82.79754638671875,67.65760040283203,75.66993713378906,57.081878662109375,46.853904724121094
2013-05-03,83.00342559814453,67.65760040283203,75.6824722290039,56.99995040893555,46.82463455200195
2013-05-02,85.00765228271484,67.681640625,76.40079498291016,56.945308685302734,46.75144958496094
2013-05-01,85.11749267578125,67.68965148925781,76.40079498291016,56.64491271972656,46.45378112792969
2013-04-30,84.25193786621094,67.67604064941406,76.06219482421875,56.72410583496094,46.54258346557617
2013-04-29,84.20402526855469,67.68404388427734,76.19303894042969,56.547462463378906,46.39691162109375
2013-04-26,84.51220703125,67.66801452636719,76.18679809570312,56.411582946777344,46.309532165527344
2013-04-25,83.7451171875,67.65201568603516,75.91277313232422,56.384437561035156,46.358070373535156
2013-04-24,84.10807037353516,67.66000366210938,75.95638275146484,56.31649398803711,46.2318115234375
2013-04-23,83.89582061767578,67.65201568603516,75.92525482177734,56.20783233642578,46.149269104003906
2013-04-22,84.19029998779297,67.66000366210938,75.82559967041016,56.031211853027344,45.96962356567383
2013-04-19,84.12867736816406,67.65201568603516,75.80070495605469,55.854530334472656,45.862789154052734
2013-04-18,84.30674743652344,67.65201568603516,75.6885757446289,55.78662109375,45.88706588745117
2013-04-17,84.10128021240234,67.65201568603516,75.62007904052734,55.895301818847656,45.95991134643555
2013-04-16,83.54647064208984,67.65201568603516,75.51416778564453,56.017581939697266,46.03276443481445
2013-04-15,84.23828125,67.65201568603516,75.6511459350586,55.705116271972656,45.71712112426758
2013-04-12,83.51219177246094,67.64397430419922,75.6263198852539,56.00402069091797,46.00844955444336
2013-04-11,82.28620910644531,67.635986328125,75.25257873535156,55.93606185913086,45.99390411376953
2013-04-10,82.12872314453125,67.635986328125,75.20277404785156,55.96323013305664,45.99390411376953
2013-04-09,83.27252197265625,67.635986328125,75.4020767211914,55.691524505615234,45.848228454589844
2013-04-08,83.47798156738281,67.635986328125,75.32733917236328,55.6099853515625,45.70255661010742
2013-04-05,84.12179565429688,67.65201568603516,75.25885009765625,55.5692253112793,45.65398025512695
2013-04-04,82.45745086669922,67.65201568603516,75.02838897705078,55.48772430419922,45.61032485961914
2013-04-03,81.4848861694336,67.62797546386719,74.62980651855469,55.59642028808594,45.62485885620117
2013-04-02,80.75883483886719,67.635986328125,74.33088684082031,55.59642028808594,45.62485885620117
2013-04-01,81.0876235961914,67.635986328125,74.33708953857422,55.67790985107422,45.65884780883789
2013-03-28,80.48147583007812,67.62955474853516,74.44420623779297,55.571929931640625,45.57726287841797
2013-03-27,80.89154052734375,67.62156677246094,74.48765563964844,55.49083709716797,45.49513244628906
2013-03-26,80.20809936523438,67.60554504394531,74.2269287109375,55.51786804199219,45.572452545166016
2013-03-25,80.11237335205078,67.59762573242188,74.17725372314453,55.436805725097656,45.49029541015625
2013-03-22,80.18759155273438,67.59762573242188,74.17725372314453,55.47732925415039,45.55792236328125
2013-03-21,80.1260757446289,67.61355590820312,74.1710433959961,55.504356384277344,45.591766357421875
2013-03-20,79.360595703125,67.60554504394531,74.09651184082031,55.58548355102539,45.67388153076172
2013-03-19,80.25591278076172,67.61355590820312,74.3138427734375,55.45024871826172,45.52410888671875
2013-03-18,79.71603393554688,67.62156677246094,74.18959045410156,55.53134536743164,45.601417541503906
2013-03-15,79.11457061767578,67.60554504394531,74.00961303710938,55.53134536743164,45.591766357421875
2013-03-14,78.74551391601562,67.5815658569336,73.9102554321289,55.49083709716797,45.596580505371094
2013-03-13,78.98472595214844,67.5815658569336,73.87920379638672,55.45024871826172,45.42267990112305
2013-03-12,79.06674194335938,67.59762573242188,73.94747161865234,55.28809356689453,45.413028717041016
2013-03-11,78.49949645996094,67.5815658569336,73.79847717285156,55.30160903930664,45.4323616027832
2013-03-08,78.42430877685547,67.58956909179688,73.74884033203125,55.28809356689453,45.461334228515625
2013-03-07,79.25125885009766,67.5815658569336,74.00961303710938,55.27455139160156,45.408206939697266
2013-03-06,79.86634063720703,67.59762573242188,74.25173950195312,55.2340087890625,45.34056854248047
2013-03-05,80.5976333618164,67.60554504394531,74.46903228759766,55.20692825317383,45.369571685791016
2013-03-04,80.82999420166016,67.61355590820312,74.59322357177734,55.12583541870117,45.277740478515625
2013-03-01,81.26056671142578,67.62156677246094,74.64910888671875,55.1934928894043,45.272918701171875
2013-02-28,80.82044219970703,67.6071548461914,74.47897338867188,54.9974479675293,45.183074951171875
2013-02-27,80.67044067382812,67.61514282226562,74.45423126220703,55.07809829711914,45.202335357666016
2013-02-26,80.90908813476562,67.61514282226562,74.47897338867188,55.02433776855469,45.12544250488281
2013-02-25,81.37965393066406,67.59913635253906,74.57181549072266,54.79571533203125,44.90440368652344
2013-02-22,79.81116485595703,67.58322143554688,74.13237762451172,54.9033203125,45.043758392333984
2013-02-21,79.756591796875,67.58322143554688,74.08290100097656,54.836055755615234,44.93323516845703
2013-02-20,79.29281616210938,67.55912780761719,73.96525573730469,54.78228759765625,44.885189056396484
2013-02-19,79.05413055419922,67.55912780761719,73.84142303466797,54.849525451660156,44.92839431762695
2013-02-15,79.44966125488281,67.5671615600586,73.8600082397461,54.67470932006836,44.885189056396484
2013-02-14,79.68153381347656,67.55912780761719,73.89093017578125,54.79571533203125,44.88037109375
2013-02-13,78.96549224853516,67.5511245727539,73.68669128417969,54.67470932006836,44.89963150024414
2013-02-12,79.61334991455078,67.55912780761719,73.8600082397461,54.60746383666992,44.83234786987305
2013-02-11,79.81116485595703,67.57516479492188,73.93428039550781,54.43268966674805,44.6785774230957
2013-02-08,79.87250518798828,67.59913635253906,73.97147369384766,54.3923454284668,44.683414459228516
2013-02-07,79.56562805175781,67.59112548828125,73.81051635742188,54.36540603637695,44.67379379272461
2013-02-06,79.74290466308594,67.59112548828125,73.78572845458984,54.54026794433594,44.760284423828125
2013-02-05,79.09508514404297,67.57516479492188,73.59391021728516,54.67470932006836,44.827537536621094
2013-02-04,79.80432891845703,67.57516479492188,73.7424087524414,54.52679443359375,44.726619720458984
2013-02-01,78.79499816894531,67.55912780761719,73.49484252929688,54.755401611328125,44.91403579711914
2013-01-31,79.83155822753906,67.5663833618164,73.68609619140625,54.60478210449219,44.765560150146484
2013-01-30,79.44368743896484,67.558349609375,73.63056182861328,54.67169952392578,44.904144287109375
2013-01-29,79.5798110961914,67.53428649902344,73.87737274169922,55.153255462646484,45.22916030883789
2013-01-28,80.02214050292969,67.52635192871094,74.04399108886719,55.340518951416016,45.30559158325195
2013-01-25,80.31468963623047,67.55036163330078,74.10566711425781,55.327144622802734,45.32949447631836
2013-01-24,81.4306411743164,67.58235931396484,74.44506072998047,55.327144622802734,45.343807220458984
2013-01-23,81.71647644042969,67.58235931396484,74.54994201660156,55.26026153564453,45.24347686767578
2013-01-22,81.83894348144531,67.58235931396484,74.45738983154297,55.327144622802734,45.296051025390625
2013-01-18,81.68238830566406,67.5663833618164,74.45738983154297,55.287025451660156,45.26737594604492
2013-01-17,81.05644989013672,67.5663833618164,74.38335418701172,55.20673370361328,45.20521545410156
2013-01-16,81.87296295166016,67.57432556152344,74.5129623413086,54.99269104003906,45.042747497558594
2013-01-15,81.70282745361328,67.57432556152344,74.5129623413086,55.12651062011719,45.11923599243164
2013-01-14,81.32858276367188,67.5663833618164,74.57461547851562,55.12651062011719,45.10964584350586
2013-01-11,81.55315399169922,67.5663833618164,74.72267150878906,55.12651062011719,45.171775817871094
2013-01-10,80.83180236816406,67.57432556152344,74.58699035644531,55.113136291503906,45.09053039550781
2013-01-09,81.05644989013672,67.58235931396484,74.54994201660156,55.019466400146484,45.01406478881836
2013-01-08,81.13124084472656,67.558349609375,74.57461547851562,54.93924331665039,44.92808151245117
2013-01-07,80.60051727294922,67.55036163330078,74.50672912597656,54.952613830566406,44.961524963378906
2013-01-04,80.56651306152344,67.55036163330078,74.38335418701172,54.832183837890625,44.92327117919922
2013-01-03,80.25349426269531,67.5423583984375,74.42037200927734,54.76531219482422,44.89460372924805
2013-01-02,81.35580444335938,67.5423583984375,74.82760620117188,54.8857307434082,45.033164978027344
2012-12-31,82.4581527709961,67.558349609375,74.65482330322266,54.457637786865234,44.61264419555664
2012-12-28,83.90753936767578,67.558349609375,75.04974365234375,54.24359893798828,44.42146301269531
2012-12-27,83.43118286132812,67.558349609375,74.88313293457031,54.39077377319336,44.540931701660156
2012-12-26,83.15223693847656,67.53428649902344,74.64250183105469,54.31718826293945,44.45012664794922
2012-12-24,82.85420227050781,67.53353118896484,74.5363998413086,54.14421844482422,44.342613220214844
2012-12-21,83.0035629272461,67.53353118896484,74.58556365966797,54.397029876708984,44.50421142578125
2012-12-20,82.10733795166016,67.52557373046875,74.45639038085938,54.51677703857422,44.63254165649414
2012-12-19,82.0937271118164,67.53353118896484,74.38257598876953,54.38372039794922,44.475704193115234
2012-12-18,81.8221664428711,67.51751708984375,74.0933837890625,54.476844787597656,44.52323913574219
2012-12-17,82.66404724121094,67.55752563476562,74.2779769897461,54.476844787597656,44.499454498291016
2012-12-14,83.92015075683594,67.57351684570312,74.51791381835938,54.23734664916992,44.328365325927734
2012-12-13,83.29553985595703,67.55752563476562,74.46253967285156,54.22401428222656,44.36164855957031
2012-12-12,83.23443603515625,67.55752563476562,74.5794677734375,54.38372039794922,44.518470764160156
2012-12-11,84.21210479736328,67.56552124023438,74.80704498291016,54.23734664916992,44.38541793823242
2012-12-10,84.85713195800781,67.56552124023438,75.08386993408203,54.13088607788086,44.342613220214844
2012-12-07,84.48368072509766,67.56552124023438,75.01622009277344,54.051063537597656,44.304603576660156
2012-12-06,85.27134704589844,67.56552124023438,75.19461059570312,54.09099578857422,44.37113952636719
2012-12-05,85.08796691894531,67.56552124023438,75.20696258544922,53.91799545288086,44.290283203125
2012-12-04,85.12871551513672,67.5495376586914,75.0531005859375,53.8780632019043,44.21902847290039
2012-12-03,84.63987731933594,67.5495376586914,74.98546600341797,53.8780632019043,44.21902847290039
2012-11-30,84.5617904663086,67.54157257080078,74.90238952636719,53.67446517944336,43.99612045288086
2012-11-29,84.79218292236328,67.53352355957031,74.9085464477539,53.515708923339844,43.92992401123047
2012-11-28,84.77863311767578,67.53352355957031,74.8532943725586,53.31718444824219,43.73604202270508
2012-11-27,84.90064239501953,67.52557373046875,74.86563110351562,53.27748489379883,43.72660827636719
2012-11-26,84.56853485107422,67.51754760742188,74.82266235351562,53.1186637878418,43.68403625488281
2012-11-23,84.16877746582031,67.52557373046875,74.70004272460938,53.22452163696289,43.674583435058594
2012-11-21,84.25006866455078,67.52557373046875,74.66937255859375,52.99959945678711,43.527984619140625
2012-11-20,84.29747772216797,67.53352355957031,74.61415100097656,53.01283264160156,43.54218673706055
2012-11-19,85.1513671875,67.54953002929688,74.84719848632812,52.946659088134766,43.537471771240234
2012-11-16,85.63249206542969,67.5574951171875,74.61415100097656,52.589359283447266,42.99373245239258
2012-11-15,85.70702362060547,67.5574951171875,74.58961486816406,52.536415100097656,42.87078857421875
2012-11-14,85.87645721435547,67.5574951171875,74.73678588867188,52.48347091674805,42.88969802856445
2012-11-13,85.7950668334961,67.54157257080078,74.58350372314453,52.62906265258789,43.1261100769043
2012-11-12,85.5104751586914,67.53352355957031,74.55279541015625,52.78784942626953,43.22542953491211
2012-11-09,85.3681411743164,67.53352355957031,74.54052734375,52.84076690673828,43.21122360229492
2012-11-08,85.27328491210938,67.53352355957031,74.72454833984375,52.84076690673828,43.286869049072266
2012-11-07,84.02645874023438,67.53352355957031,74.79816436767578,53.01283264160156,43.42873001098633
2012-11-06,82.52893829345703,67.47758483886719,74.6447982788086,53.264225006103516,43.688785552978516
2012-11-05,83.31495666503906,67.50151824951172,75.00670623779297,53.21133041381836,43.622581481933594
2012-11-02,82.84735870361328,67.50151824951172,74.9698486328125,53.22452163696289,43.69350814819336
2012-11-01,82.90834045410156,67.50955200195312,75.1170654296875,53.290740966796875,43.75497817993164
2012-10-31,83.59278869628906,67.52557373046875,75.44825744628906,53.383358001708984,43.77860641479492
2012-10-26,83.10491943359375,67.48548126220703,75.21519470214844,53.303958892822266,43.72660827636719
2012-10-25,81.89869689941406,67.4695816040039,74.84719848632812,53.383358001708984,43.83061218261719
2012-10-24,82.31879425048828,67.49353790283203,75.06185913085938,53.31718444824219,43.75969314575195
2012-10-23,83.13874816894531,67.50151824951172,75.26425170898438,53.462772369384766,43.79752731323242
2012-10-22,81.96646881103516,67.4695816040039,75.1354751586914,53.58185577392578,43.963016510009766
2012-10-19,82.49501037597656,67.49353790283203,75.31331634521484,53.489200592041016,43.95355224609375
2012-10-18,81.39044189453125,67.49353790283203,75.17842102050781,53.72743225097656,44.175777435302734
2012-10-17,81.89190673828125,67.48548126220703,75.3194580078125,53.793582916259766,44.199432373046875
2012-10-16,82.65760040283203,67.52557373046875,75.46666717529297,53.63479232788086,44.10010528564453
2012-10-15,83.81642150878906,67.52557373046875,75.51573944091797,53.542137145996094,43.93934631347656
2012-10-12,84.00614929199219,67.54157257080078,75.28266906738281,53.264225006103516,43.74078369140625
2012-10-11,83.7960205078125,67.51754760742188,75.19679260253906,53.21133041381836,43.66514587402344
2012-10-10,83.22007751464844,67.52557373046875,74.95146179199219,53.02602767944336,43.42873001098633
2012-10-09,82.63734436035156,67.53352355957031,74.81651306152344,53.105464935302734,43.53275680541992
2012-10-08,82.78643798828125,67.53352355957031,74.73678588867188,53.184818267822266,43.65567398071289
2012-10-05,82.09521484375,67.52557373046875,74.54052734375,53.19808578491211,43.71712112426758
2012-10-04,83.1726303100586,67.5574951171875,74.65708923339844,53.17160415649414,43.74078369140625
2012-10-03,84.22301483154297,67.5574951171875,74.71841430664062,52.93341827392578,43.556373596191406
2012-10-02,84.19586944580078,67.5574951171875,74.66937255859375,52.90696334838867,43.4476203918457
2012-10-01,84.31107330322266,67.57353210449219,74.6447982788086,52.90696334838867,43.3388786315918
2012-09-28,83.99935150146484,67.57190704345703,74.4460678100586,52.917537689208984,43.41218185424805
2012-09-27,83.9520034790039,67.53990936279297,74.28103637695312,53.03596496582031,43.619110107421875
2012-09-26,84.55382537841797,67.53191375732422,74.3177261352539,52.680667877197266,43.14876937866211
2012-09-25,83.65450286865234,67.51593780517578,74.10981750488281,52.904396057128906,43.3651237487793
2012-09-24,82.83621215820312,67.53191375732422,73.96312713623047,53.272891998291016,43.75550079345703
2012-09-21,82.1938705444336,67.52394104003906,73.85307312011719,53.325531005859375,43.81196212768555
2012-09-20,82.09916687011719,67.51593780517578,73.71859741210938,53.35182189941406,43.87311553955078
2012-09-19,81.89627838134766,67.53191375732422,73.77973937988281,53.57557678222656,44.08005142211914
2012-09-18,81.36212158203125,67.53191375732422,73.65740966796875,53.628173828125,44.136474609375
2012-09-17,80.95639038085938,67.52394104003906,73.43122100830078,53.64137649536133,44.117671966552734
2012-09-14,79.99617767333984,67.52394104003906,73.18058013916016,53.65451431274414,44.15528869628906
2012-09-13,82.18033599853516,67.5559310913086,73.62074279785156,53.60186004638672,44.15998840332031
2012-09-12,82.50489807128906,67.53191375732422,73.2294921875,53.35182189941406,43.8777961730957
2012-09-11,83.54629516601562,67.53990936279297,73.37619018554688,53.141231536865234,43.74612045288086
2012-09-10,84.0737075805664,67.52394104003906,73.31509399414062,52.8912239074707,43.44976806640625
2012-09-07,83.87086486816406,67.53990936279297,73.32119750976562,52.8780403137207,43.52033996582031
2012-09-06,84.2630615234375,67.52394104003906,73.16835021972656,52.74644470214844,43.44509506225586
2012-09-05,85.68985748291016,67.5559310913086,73.49235534667969,52.483219146728516,43.191097259521484
2012-09-04,86.09563446044922,67.5559310913086,73.4618148803711,52.45693588256836,43.18637466430664
2012-08-31,86.18219757080078,67.56071472167969,73.63603973388672,52.53193664550781,43.18735122680664
2012-08-30,84.98103332519531,67.52072143554688,73.13021850585938,52.38798141479492,43.07508087158203
2012-08-29,84.54247283935547,67.51272583007812,73.10580444335938,52.3748779296875,43.09379196166992
2012-08-28,84.91360473632812,67.51272583007812,73.25819396972656,52.29636001586914,43.03296661376953
2012-08-27,84.71117401123047,67.5047607421875,73.15460968017578,52.32254409790039,43.07040786743164
2012-08-24,84.21856689453125,67.51272583007812,73.06317901611328,52.33563995361328,43.10315704345703
2012-08-23,84.29951477050781,67.51272583007812,72.98397827148438,52.15241241455078,42.91136932373047
2012-08-22,83.94865417480469,67.5047607421875,72.92913818359375,52.20475769042969,42.92072677612305
2012-08-21,82.58560943603516,67.46475982666016,72.51470947265625,52.20475769042969,42.96281433105469
2012-08-20,82.22126007080078,67.46475982666016,72.3928451538086,52.060813903808594,42.869266510009766
2012-08-17,82.05253601074219,67.46475982666016,72.19174194335938,52.02151870727539,42.81783676147461
2012-08-16,81.65444946289062,67.4568099975586,72.09420776367188,51.99537658691406,42.81783676147461
2012-08-15,82.35623168945312,67.46475982666016,72.30752563476562,51.87755584716797,42.6588020324707
2012-08-14,83.5302963256836,67.48880004882812,72.6488265991211,52.100032806396484,42.86460876464844
2012-08-13,84.67743682861328,67.5047607421875,72.9779052734375,52.060813903808594,42.79912567138672
2012-08-10,84.81910705566406,67.49679565429688,73.13021850585938,52.02151870727539,42.775733947753906
2012-08-09,84.39403533935547,67.4808349609375,72.92301940917969,52.08695983886719,42.813140869140625
2012-08-08,84.45474243164062,67.4808349609375,72.97176361083984,52.0477409362793,42.808448791503906
2012-08-07,84.90681457519531,67.5047607421875,73.1789779663086,51.99537658691406,42.78038787841797
2012-08-06,86.0134506225586,67.53673553466797,73.56291961669922,52.08695983886719,42.86460876464844
2012-08-03,85.97969055175781,67.52876281738281,73.46546936035156,52.126251220703125,42.89266586303711
2012-08-02,87.3899917602539,67.55268859863281,73.64212799072266,51.864471435546875,42.71494674682617
2012-08-01,86.89744567871094,67.54474639892578,73.59345245361328,52.060813903808594,42.88798141479492
2012-07-31,87.33401489257812,67.55593872070312,73.6756591796875,51.89067077636719,42.65645217895508
2012-07-30,87.15890502929688,67.53997802734375,73.29903411865234,51.82562255859375,42.758785247802734
2012-07-27,86.51248168945312,67.50796508789062,73.11072540283203,51.8126106262207,42.758785247802734
2012-07-26,88.17567443847656,67.55593872070312,73.45696258544922,51.591392517089844,42.50759506225586
2012-07-25,88.99049377441406,67.55593872070312,73.34158325195312,51.174991607666016,42.07498550415039
2012-07-24,88.7614974975586,67.5479507446289,73.2018051147461,51.26611328125,42.16338348388672
2012-07-23,88.06791687011719,67.56396484375,73.08638763427734,51.591392517089844,42.42387008666992
2012-07-20,87.57640838623047,67.55593872070312,73.32332611083984,51.539371490478516,42.493648529052734
2012-07-19,86.51922607421875,67.5479507446289,73.26863861083984,51.85163497924805,42.69365310668945
2012-07-18,86.74142456054688,67.53197479248047,73.14108276367188,51.76055145263672,42.58668518066406
2012-07-17,86.69432830810547,67.51597595214844,72.74016571044922,51.500328063964844,42.40989685058594
2012-07-16,87.38116455078125,67.52399444580078,72.74016571044922,51.25306701660156,42.20989227294922
2012-07-13,86.97710418701172,67.49996185302734,72.53965759277344,51.38323211669922,42.37269973754883
2012-07-12,87.20606994628906,67.4840087890625,72.515380859375,51.18808364868164,42.24247360229492
2012-07-11,86.59330749511719,67.46800231933594,72.15087890625,51.38323211669922,42.33550262451172
2012-07-10,86.4855728149414,67.46004486083984,72.0293960571289,51.148990631103516,42.20058059692383
2012-07-09,86.310546875,67.46004486083984,72.04761505126953,51.33116149902344,42.38664245605469
2012-07-06,85.5563735961914,67.46004486083984,71.99901580810547,51.279109954833984,42.37269973754883
2012-07-05,84.76856231689453,67.43603515625,71.81675720214844,51.31812286376953,42.42851638793945
2012-07-03,84.33757019042969,67.41205596923828,71.63457489013672,51.37017822265625,42.42387008666992
2012-07-02,84.9906997680664,67.42810821533203,71.57371520996094,51.135986328125,42.27033615112305
2012-06-29,84.1227798461914,67.40728759765625,71.19587707519531,51.037105560302734,42.22476577758789
2012-06-28,85.23143005371094,67.40728759765625,71.21402740478516,50.66201400756836,41.82698440551758
2012-06-27,85.02312469482422,67.3992919921875,71.10508728027344,50.68787384033203,41.83161163330078
2012-06-26,84.88876342773438,67.3992919921875,71.00823211669922,50.403350830078125,41.581844329833984
2012-06-25,85.22468566894531,67.4153060913086,70.93555450439453,50.455078125,41.6419677734375
2012-06-22,84.00182342529297,67.4153060913086,70.75393676757812,50.480934143066406,41.706748962402344
2012-06-21,85.13741302490234,67.40728759765625,70.80843353271484,50.26103591918945,41.42458724975586
2012-06-20,84.68716430664062,67.3992919921875,70.699462890625,50.54564666748047,41.766876220703125
2012-06-19,84.27056884765625,67.42327117919922,70.66915130615234,50.377479553222656,41.604976654052734
2012-06-18,85.3859634399414,67.4312744140625,70.7358169555664,49.93773651123047,41.313575744628906
2012-06-15,84.92904663085938,67.44720458984375,70.76606750488281,50.02825164794922,41.2996826171875
2012-06-14,84.4587631225586,67.42327117919922,70.47541046142578,49.8600959777832,41.225677490234375
2012-06-13,84.56623077392578,67.4153060913086,70.56017303466797,49.614376068115234,40.920406341552734
2012-06-12,83.73978424072266,67.42327117919922,70.30591583251953,49.743690490722656,41.040687561035156
2012-06-11,84.51248931884766,67.45525360107422,70.5117416381836,49.35567092895508,40.75392150878906
2012-06-08,84.12947082519531,67.45525360107422,70.52388000488281,49.614376068115234,41.02214813232422
2012-06-07,84.1496810913086,67.45525360107422,70.2635269165039,49.48503112792969,40.86491012573242
2012-06-06,84.02198791503906,67.46324920654297,70.11819458007812,49.303955078125,40.712284088134766
2012-06-05,85.73534393310547,67.4872055053711,70.32404327392578,48.87715530395508,40.282142639160156
2012-06-04,86.89777374267578,67.47122192382812,70.47541046142578,48.69606018066406,40.02772521972656
2012-06-01,87.58980560302734,67.47918701171875,71.01429748535156,48.618473052978516,39.995338439941406
2012-05-31,85.5586166381836,67.47280883789062,70.58074951171875,48.98447799682617,40.345970153808594
2012-05-30,84.57966613769531,67.4488525390625,70.08597564697266,49.51148223876953,40.77804946899414
2012-05-29,82.48763275146484,67.41690826416016,70.02562713623047,49.75569152832031,40.96190643310547
2012-05-25,82.7424545288086,67.43289947509766,69.92303466796875,49.34437942504883,40.516029357910156
2012-05-24,82.43403625488281,67.40094757080078,69.74809265136719,49.40865707397461,40.64474105834961
2012-05-23,82.74918365478516,67.4249038696289,69.73595428466797,49.3829460144043,40.63557052612305
2012-05-22,82.17920684814453,67.3929443359375,69.56706237792969,49.421485900878906,40.67690658569336
2012-05-21,83.10454559326172,67.41690826416016,69.75410461425781,49.46004867553711,40.68152618408203
2012-05-18,83.27882385253906,67.40890502929688,69.67564392089844,49.12590408325195,40.263214111328125
2012-05-17,83.25875091552734,67.40094757080078,69.94715881347656,49.087303161621094,40.263214111328125
2012-05-16,81.81047821044922,67.43289947509766,70.47212982177734,49.72999954223633,40.82860565185547
2012-05-15,81.57579803466797,67.44087982177734,70.43592834472656,50.20558547973633,41.233116149902344
2012-05-14,81.24720764160156,67.4488525390625,70.52647399902344,50.424095153808594,41.43539810180664
2012-05-11,80.12741088867188,67.4568099975586,70.50830078125,50.835384368896484,41.743408203125
2012-05-10,79.47029113769531,67.4488525390625,70.29712677001953,50.73256301879883,41.63766098022461
2012-05-09,79.70503234863281,67.4568099975586,70.44198608398438,50.73256301879883,41.68362808227539
2012-05-08,79.65135192871094,67.46482849121094,70.56265258789062,50.925350189208984,41.83071517944336
2012-05-07,79.22891998291016,67.4568099975586,70.3876724243164,50.925350189208984,41.83989715576172
2012-05-04,79.21549987792969,67.4568099975586,70.26701354980469,50.899658203125,41.77095031738281
2012-05-03,78.59867095947266,67.43289947509766,70.18856048583984,50.886802673339844,41.853694915771484
2012-05-02,78.61873626708984,67.44087982177734,70.14632415771484,50.96392822265625,41.881256103515625
2012-05-01,78.06888580322266,67.43289947509766,69.91702270507812,50.925350189208984,41.72039031982422
2012-04-30,78.47594451904297,67.43444061279297,70.05036926269531,50.75054931640625,41.688663482666016
2012-04-27,78.45581817626953,67.4184799194336,70.09246826171875,50.597267150878906,41.60637664794922
2012-04-26,78.38894653320312,67.43444061279297,69.99024200439453,50.67390441894531,41.624671936035156
2012-04-25,77.92071533203125,67.42648315429688,69.87596130371094,50.622825622558594,41.59724044799805
2012-04-24,78.32205963134766,67.41053771972656,69.75570678710938,50.239585876464844,41.295562744140625
2012-04-23,78.87728118896484,67.43444061279297,69.8819580078125,50.15016174316406,41.1995735168457
2012-04-20,78.30868530273438,67.4184799194336,69.86991882324219,50.188514709472656,41.286399841308594
2012-04-19,78.2953109741211,67.4184799194336,69.88804626464844,50.08631134033203,41.222408294677734
2012-04-18,78.22172546386719,67.41053771972656,69.83984375,50.2268180847168,41.30012893676758
2012-04-17,77.9942626953125,67.39453125,69.85189056396484,50.239585876464844,41.31382751464844
2012-04-16,78.04106903076172,67.39453125,69.76170349121094,49.98414611816406,41.135562896728516
2012-04-13,78.15484619140625,67.39453125,69.76170349121094,49.907470703125,41.07156753540039
2012-04-12,76.91069793701172,67.3865737915039,69.4309310913086,50.07356262207031,41.20414352416992
2012-04-11,77.23176574707031,67.37860107421875,69.4008560180664,49.715885162353516,40.838443756103516
2012-04-10,78.168212890625,67.3865737915039,69.47303771972656,49.42207717895508,40.59160232543945
2012-04-09,77.29192352294922,67.35462188720703,69.5151138305664,49.600914001464844,40.7927360534668
2012-04-05,75.52606201171875,67.30671691894531,69.06407928466797,49.779754638671875,41.002994537353516
2012-04-04,74.9842529296875,67.28277587890625,68.94981384277344,50.02240753173828,41.10354995727539
2012-04-03,73.96749114990234,67.26683044433594,68.8174819946289,50.08631134033203,41.254390716552734
2012-04-02,75.27185821533203,67.31466674804688,69.47904968261719,50.09907531738281,41.290992736816406
2012-03-30,74.8571548461914,67.29872131347656,69.30040740966797,49.98154830932617,41.22014236450195
2012-03-29,76.1447982788086,67.30670928955078,69.4682388305664,50.14662551879883,41.301910400390625
2012-03-28,75.57766723632812,67.28278350830078,69.33040618896484,50.14662551879883,41.306461334228516
2012-03-27,75.6844482421875,67.29872131347656,69.4622802734375,50.43860626220703,41.442771911621094
2012-03-26,75.14399719238281,67.2748031616211,68.92887115478516,50.38783645629883,41.370059967041016
2012-03-23,75.531005859375,67.25883483886719,68.77899932861328,50.032344818115234,41.12015914916992
2012-03-22,74.82377624511719,67.2508316040039,68.72509002685547,50.19740295410156,41.206485748291016
2012-03-21,74.58360290527344,67.24288940429688,68.8389663696289,50.22275924682617,41.10653305053711
2012-03-20,73.7496337890625,67.20293426513672,68.52734375,50.2989501953125,41.23830795288086
2012-03-19,73.45608520507812,67.21894836425781,68.5692367553711,50.375118255615234,41.270111083984375
2012-03-16,74.3434066772461,67.26683807373047,68.66516876220703,50.23548126220703,41.11563491821289
2012-03-15,74.1966552734375,67.2269058227539,68.5632553100586,50.2989501953125,41.26557922363281
2012-03-14,74.08319854736328,67.18700408935547,68.71308135986328,50.45130920410156,41.40640640258789
2012-03-13,75.99800109863281,67.28278350830078,69.5401611328125,50.5909309387207,41.51092529296875
2012-03-12,77.3590087890625,67.32273864746094,69.7319564819336,50.18470764160156,41.211021423339844
2012-03-09,77.37236785888672,67.31468963623047,69.86976623535156,50.260868072509766,41.211021423339844
2012-03-08,77.21895599365234,67.31468963623047,69.90572357177734,50.260868072509766,41.16559982299805
2012-03-07,77.99951934814453,67.33867645263672,69.89373016357422,49.8546257019043,40.84754180908203
2012-03-06,78.47994995117188,67.35459899902344,69.92371368408203,49.76573181152344,40.73394775390625
2012-03-05,77.53921508789062,67.35459899902344,70.03160095214844,50.34973907470703,41.28374099731445
2012-03-02,78.15968322753906,67.35459899902344,70.15745544433594,50.4766731262207,41.51545333862305
2012-03-01,77.43240356445312,67.33867645263672,70.13346099853516,50.6290283203125,41.68814468383789
2012-02-29,78.16832733154297,67.35063934326172,70.29949951171875,50.59601974487305,41.6168098449707
2012-02-28,78.64762115478516,67.35063934326172,70.23377990722656,50.58340835571289,41.56258773803711
2012-02-27,78.90719604492188,67.33468627929688,70.01280975341797,50.40672302246094,41.48125457763672
2012-02-24,78.21498107910156,67.31867980957031,69.75598907470703,50.431949615478516,41.472232818603516
2012-02-23,77.70901489257812,67.33468627929688,69.70223236083984,50.381500244140625,41.34575653076172
2012-02-22,77.70901489257812,67.34265899658203,69.606689453125,50.07858657836914,41.19670104980469
2012-02-21,76.74385070800781,67.3106918334961,69.17662048339844,49.95237350463867,41.065696716308594
2012-02-17,77.60257720947266,67.32667541503906,69.29011535644531,49.78830337524414,40.912113189697266
2012-02-16,77.62246704101562,67.34265899658203,69.39762878417969,49.73781967163086,40.9256591796875
2012-02-15,78.24826049804688,67.3665542602539,69.51708984375,49.548500061035156,40.754005432128906
2012-02-14,78.38800811767578,67.35861206054688,69.61263275146484,49.7630615234375,40.885009765625
2012-02-13,77.97530364990234,67.34265899658203,69.55889129638672,49.81351852416992,40.885009765625
2012-02-10,77.87543487548828,67.38251495361328,69.31999206542969,49.81351852416992,40.76753616333008
2012-02-09,76.87696075439453,67.3665542602539,69.38570404052734,50.07858657836914,41.124420166015625
2012-02-08,77.45608520507812,67.39848327636719,69.606689453125,49.97758102416992,41.106346130371094
2012-02-07,77.39614868164062,67.39848327636719,69.53500366210938,49.939735412597656,41.07022476196289
2012-02-06,78.3680191040039,67.4144287109375,69.66636657714844,49.85139846801758,40.9888916015625
2012-02-03,77.59581756591797,67.43036651611328,69.48719024658203,49.83879470825195,40.979881286621094
2012-02-02,79.29997253417969,67.43036651611328,69.58872985839844,49.71257400512695,40.86243438720703
2012-02-01,79.33319854736328,67.42240142822266,69.44541931152344,49.725223541259766,40.835296630859375
2012-01-31,80.25249481201172,67.44554901123047,69.17005920410156,49.540950775146484,40.759883880615234
2012-01-30,79.33606719970703,67.44554901123047,68.96769714355469,49.528404235839844,40.65655517578125
2012-01-27,78.41304779052734,67.46949768066406,69.05695343017578,49.528404235839844,40.78683853149414
2012-01-26,78.1673583984375,67.4534912109375,68.95573425292969,49.67902755737305,40.93506622314453
2012-01-25,77.1446533203125,67.44554901123047,68.4200210571289,49.56604766845703,40.83625793457031
2012-01-24,77.33063507080078,67.40570831298828,68.18785858154297,49.13929748535156,40.48137664794922
2012-01-23,77.19116973876953,67.40570831298828,67.9438247680664,49.10163879394531,40.378055572509766
2012-01-20,77.68256378173828,67.39772033691406,68.04499816894531,48.900821685791016,40.238792419433594
2012-01-19,78.57244110107422,67.4135971069336,68.21761322021484,48.82548522949219,40.238792419433594
2012-01-18,79.66812896728516,67.4135971069336,68.23545837402344,48.68743896484375,40.18042755126953
2012-01-17,80.64433288574219,67.42160034179688,68.37240600585938,48.41130447387695,40.068092346191406
2012-01-13,80.27242279052734,67.4135971069336,68.16407012939453,48.44893264770508,39.98727035522461
2012-01-12,79.4822006225586,67.39772033691406,67.9200668334961,48.44893264770508,40.03217315673828
2012-01-11,79.5950927734375,67.40570831298828,67.76520538330078,48.44893264770508,40.086082458496094
2012-01-10,78.57244110107422,67.38177490234375,67.77717590332031,48.5242919921875,40.12653350830078
2012-01-09,78.7052001953125,67.37377166748047,67.58663940429688,48.2857780456543,39.98727035522461
2012-01-06,78.84468841552734,67.35784149169922,67.68782043457031,48.2857780456543,39.9333610534668
2012-01-05,78.22715759277344,67.36583709716797,67.4259033203125,48.323455810546875,40.059165954589844
2012-01-04,78.3665771484375,67.35784149169922,67.71761322021484,48.4991455078125,40.234336853027344
2012-01-03,79.30950164794922,67.34980010986328,67.6640396118164,48.5242919921875,40.301700592041016
2011-12-30,80.51817321777344,67.38975524902344,67.71761322021484,48.26069259643555,40.17142868041992
2011-12-29,80.2591323852539,67.34980010986328,67.43186950683594,48.323455810546875,40.14897918701172
2011-12-28,80.11304473876953,67.34186553955078,67.46763610839844,48.07240295410156,39.91088104248047
2011-12-27,78.65875244140625,67.32588958740234,67.34255981445312,48.26945495605469,40.09957504272461
2011-12-23,78.28684997558594,67.35066986083984,67.08781433105469,48.15790557861328,39.94008255004883
2011-12-22,79.167236328125,67.33472442626953,67.29546356201172,47.95958709716797,39.75703430175781
2011-12-21,78.83627319335938,67.34266662597656,66.94542694091797,47.90999221801758,39.605224609375
2011-12-20,79.94834899902344,67.3665771484375,67.23019409179688,47.73645782470703,39.493629455566406
2011-12-19,81.99369812011719,67.38251495361328,67.27764892578125,47.15382766723633,39.00688934326172
2011-12-16,80.9676742553711,67.3905029296875,67.04036712646484,47.215816497802734,39.05600357055664
2011-12-15,80.0343246459961,67.35868835449219,66.66661071777344,47.042274475097656,38.872962951660156
2011-12-14,80.33226013183594,67.3665771484375,66.55985260009766,46.8563346862793,38.73451614379883
2011-12-13,78.84288024902344,67.38251495361328,66.44715118408203,46.95551300048828,38.801517486572266
2011-12-12,78.11473846435547,67.38251495361328,66.22168731689453,47.178627014160156,38.948875427246094
2011-12-09,77.2542495727539,67.38251495361328,66.21578216552734,47.31498336791992,39.15872573852539
2011-12-08,78.87600708007812,67.38251495361328,66.47086334228516,46.94309616088867,38.82383728027344
2011-12-07,77.90299224853516,67.37455749511719,66.6962890625,47.141456604003906,39.07835006713867
2011-12-06,77.62493896484375,67.35066986083984,66.281005859375,47.47615051269531,39.203372955322266
2011-12-05,78.37291717529297,67.35066986083984,66.636962890625,47.240604400634766,39.02923583984375
2011-12-02,78.53178405761719,67.34266662597656,66.14459991455078,46.99269485473633,38.810420989990234
2011-12-01,77.44624328613281,67.35868835449219,65.58692932128906,46.707584381103516,38.59165954589844
2011-11-30,77.83673858642578,67.35465240478516,65.43509674072266,46.650577545166016,38.42243576049805
2011-11-29,79.07154083251953,67.35465240478516,65.13954162597656,45.89932632446289,37.77909851074219
2011-11-28,79.72523498535156,67.3466796875,65.287353515625,45.75153732299805,37.53507614135742
2011-11-25,79.76483917236328,67.33872985839844,65.25772857666016,44.864845275878906,36.71428680419922
2011-11-23,80.94022369384766,67.33872985839844,65.51789093017578,44.864845275878906,36.71428680419922
2011-11-22,80.15440368652344,67.3307113647461,65.85482025146484,45.56684875488281,37.38866424560547
2011-11-21,79.26959991455078,67.32286071777344,66.02623748779297,45.88703918457031,37.67703628540039
2011-11-18,78.80083465576172,67.31478118896484,66.2981948852539,46.3796501159668,38.107398986816406
2011-11-17,78.82062530517578,67.33872985839844,66.1917724609375,46.34268569946289,38.13401412963867
2011-11-16,78.19335174560547,67.3307113647461,66.7178955078125,46.53972625732422,38.320377349853516
2011-11-15,77.4867935180664,67.3466796875,66.93072509765625,46.896873474121094,38.69751739501953
2011-11-14,77.59243774414062,67.35465240478516,66.99575805664062,47.02002716064453,38.79954147338867
2011-11-11,76.3642578125,67.32286071777344,67.00164031982422,47.36489486694336,39.06131362915039
2011-11-10,76.83309173583984,67.35465240478516,67.11988830566406,46.77375411987305,38.551109313964844
2011-11-09,77.99524688720703,67.3466796875,67.45686340332031,46.84762191772461,38.51115798950195
2011-11-08,76.41049194335938,67.3307113647461,67.6341781616211,47.62349319458008,39.345279693603516
2011-11-07,77.40096282958984,67.33872985839844,68.05396270751953,47.50032424926758,39.256526947021484
2011-11-04,76.91231536865234,67.35465240478516,68.3258285522461,47.783607482910156,39.3896484375
2011-11-03,76.81986236572266,67.35465240478516,68.18988037109375,47.8082389831543,39.429595947265625
2011-11-02,77.88959503173828,67.3466796875,68.15440368652344,47.340213775634766,39.043556213378906
2011-11-01,78.8734359741211,67.3307113647461,67.9061050415039,46.872249603271484,38.675331115722656
2011-10-31,76.3187255859375,67.32438659667969,67.56797790527344,47.69736862182617,39.37811279296875
2011-10-28,73.40770721435547,67.26068115234375,67.414794921875,47.978858947753906,39.74858856201172
2011-10-27,72.64369201660156,67.22879791259766,67.15560913085938,48.18693923950195,39.86769104003906
2011-10-26,75.19249725341797,67.2765884399414,67.16743469238281,47.366912841796875,39.28989791870117
2011-10-25,76.52947235107422,67.31636810302734,67.21453857421875,47.39138412475586,39.1223030090332
2011-10-24,74.63270568847656,67.2765884399414,66.8846664428711,48.35831069946289,39.8280029296875
2011-10-21,74.50756072998047,67.2765884399414,66.5429458618164,46.99972152709961,38.77825927734375
2011-10-20,75.30445861816406,67.30046081542969,66.32502746582031,46.4122314453125,38.315147399902344
2011-10-19,75.84453582763672,67.29254150390625,66.17776489257812,46.045047760009766,37.979949951171875
2011-10-18,75.87086486816406,67.26866149902344,66.00688934326172,46.1919059753418,38.103450775146484
2011-10-17,76.34506225585938,67.26866149902344,65.77716064453125,45.824737548828125,37.90052795410156
2011-10-14,75.04757690429688,67.26068115234375,65.82430267333984,46.00835418701172,38.12107467651367
2011-10-13,76.154052734375,67.22879791259766,65.86550903320312,45.81248474121094,37.85643005371094
2011-10-12,75.40322875976562,67.2128677368164,65.80661010742188,45.873687744140625,38.01523208618164
2011-10-11,76.51628875732422,67.2128677368164,65.70647430419922,44.784366607666016,37.15073013305664
2011-10-10,76.77316284179688,67.18104553222656,65.52979278564453,45.33514404296875,37.565338134765625
2011-10-07,77.8730239868164,67.23673248291016,65.40605163574219,44.258060455322266,36.77584457397461
2011-10-06,78.45258331298828,67.26068115234375,65.46492767333984,44.18464660644531,36.74495315551758
2011-10-05,79.92786407470703,67.2765884399414,65.73005676269531,43.46249771118164,36.184810638427734
2011-10-04,80.50740051269531,67.2765884399414,65.4590835571289,43.25442886352539,35.74816131591797
2011-10-03,81.54139709472656,67.31636810302734,66.03634643554688,43.63386535644531,35.858428955078125
2011-09-30,79.35751342773438,67.3012924194336,65.91383361816406,44.00838851928711,36.29596710205078
2011-09-29,77.41300201416016,67.26939392089844,65.58513641357422,44.88395309448242,37.032100677490234
2011-09-28,76.88082122802734,67.25353240966797,65.65562438964844,44.84744644165039,37.10222625732422
2011-09-27,76.90716552734375,67.27735137939453,65.91969299316406,45.504119873046875,37.522884368896484
2011-09-26,78.10276794433594,67.3012924194336,66.13099670410156,45.57707595825195,37.479095458984375
2011-09-23,79.37723541259766,67.32514953613281,66.25423431396484,45.321693420410156,37.338890075683594
2011-09-22,80.88162994384766,67.3171615600586,66.6650390625,45.33388137817383,37.23808670043945
2011-09-21,77.95166778564453,67.30923461914062,66.53594207763672,45.92974090576172,37.750789642333984
2011-09-20,75.45536804199219,67.38082885742188,66.38333892822266,46.331016540527344,38.07943344116211
2011-09-19,75.1399917602539,67.41266632080078,66.35398864746094,46.331016540527344,38.0180778503418
2011-09-16,73.73416900634766,67.38082885742188,65.99014282226562,46.40399169921875,38.075069427490234
2011-09-15,73.20204162597656,67.36494445800781,65.99014282226562,46.476985931396484,38.0969352722168
2011-09-14,74.33856201171875,67.35696411132812,66.2190170288086,46.294551849365234,37.842796325683594
2011-09-13,73.71446990966797,67.35696411132812,66.24836730957031,46.14863967895508,37.59304428100586
2011-09-12,74.7786865234375,67.34901428222656,66.26010131835938,45.75947570800781,37.308204650878906
2011-09-09,74.69984436035156,67.39679718017578,66.6650390625,45.89322280883789,37.63247299194336
2011-09-08,73.91154479980469,67.37288665771484,66.59465026855469,46.428314208984375,37.9742431640625
2011-09-07,73.25455474853516,67.34901428222656,66.65330505371094,46.452613830566406,37.855953216552734
2011-09-06,74.68013763427734,67.36494445800781,66.52416229248047,46.039188385009766,37.67190933227539
2011-09-02,73.91154479980469,67.35696411132812,66.13685607910156,46.598533630371094,38.12322998046875
2011-09-01,71.58596801757812,67.38880157470703,65.7319107055664,46.780975341796875,38.302921295166016
2011-08-31,70.10005950927734,67.3697280883789,65.68321990966797,46.86244201660156,38.32788848876953
2011-08-30,71.2003402709961,67.3697280883789,65.48438262939453,46.25838088989258,37.840248107910156
2011-08-29,70.0738296508789,67.35385131835938,65.139404296875,46.31875991821289,37.770572662353516
2011-08-26,71.05621337890625,67.3697280883789,64.92884826660156,45.738922119140625,37.39179992675781
2011-08-25,70.36199951171875,67.3617172241211,64.89962768554688,45.32811737060547,37.01734161376953
2011-08-24,69.60881042480469,67.32205200195312,64.54292297363281,45.738922119140625,37.31777572631836
2011-08-23,71.6457290649414,67.32205200195312,65.3148193359375,45.92007827758789,37.4875602722168
2011-08-22,72.64778900146484,67.35385131835938,66.06908416748047,45.52142333984375,37.20892333984375
2011-08-19,72.83116912841797,67.3617172241211,66.3146743774414,45.738922119140625,37.165374755859375
2011-08-18,72.24825286865234,67.3617172241211,66.39655303955078,45.96843719482422,37.491943359375
2011-08-17,70.79425048828125,67.3697280883789,66.30887603759766,46.439598083496094,37.953460693359375
2011-08-16,69.57601928710938,67.35385131835938,66.12759399414062,45.94427490234375,37.53982162475586
2011-08-15,68.44297790527344,67.35385131835938,65.88784790039062,46.234214782714844,37.779293060302734
2011-08-12,69.14378356933594,67.377685546875,65.76508331298828,45.53350067138672,37.174110412597656
2011-08-11,67.80109405517578,67.3697280883789,65.0224609375,45.66637420654297,37.34823989868164
2011-08-10,71.40333557128906,67.38555908203125,66.38482666015625,44.89321517944336,36.68206787109375
2011-08-09,69.34027099609375,67.3378677368164,65.79427337646484,45.53350067138672,37.31340408325195
2011-08-08,69.13066864013672,67.26632690429688,65.20952606201172,44.349571228027344,36.2075080871582
2011-08-05,67.01512145996094,67.24243927001953,65.8352279663086,46.31875991821289,37.818477630615234
2011-08-04,69.0062484741211,67.25838470458984,66.65966796875,46.379207611083984,37.85765075683594
2011-08-03,66.63528442382812,67.19476318359375,66.18024444580078,47.82893753051758,38.98097229003906
2011-08-02,66.50428771972656,67.20267486572266,66.2036361694336,47.937625885009766,39.002750396728516
2011-08-01,64.56558990478516,67.11518859863281,65.65391540527344,48.55378341674805,39.49036407470703
2011-07-29,63.92051315307617,67.13822937011719,65.46038818359375,48.3254508972168,39.40287780761719
2011-07-28,62.68016815185547,67.06672668457031,64.87787628173828,48.3254508972168,39.36394119262695
2011-07-27,62.44523239135742,67.02698516845703,64.73802947998047,48.157344818115234,39.303348541259766
2011-07-26,62.4387092590332,67.06672668457031,64.93026733398438,48.50552749633789,39.61492919921875
2011-07-25,62.01438522338867,67.02698516845703,64.64481353759766,48.36148452758789,39.53272247314453
2011-07-22,62.69978332519531,67.05878448486328,64.95361328125,48.55356216430664,39.7447509765625
2011-07-21,62.229732513427734,67.05084991455078,64.69145202636719,48.56557846069336,39.69281768798828
2011-07-20,62.712825775146484,67.08264923095703,64.79045867919922,48.301429748535156,39.50241470336914
2011-07-19,63.46353530883789,67.10647583007812,64.94197082519531,48.25340270996094,39.46781921386719
2011-07-18,62.171058654785156,67.10647583007812,64.6273422241211,47.977264404296875,39.290367126464844
2011-07-15,62.778133392333984,67.10647583007812,64.87787628173828,48.157344818115234,39.35961151123047
2011-07-14,62.67369079589844,67.09060668945312,64.7322006225586,48.205406188964844,39.37257385253906
2011-07-13,63.581050872802734,67.11441802978516,65.13414764404297,48.145328521728516,39.39423751831055
2011-07-12,63.40479278564453,67.09857177734375,64.97107696533203,47.8571891784668,39.091285705566406
2011-07-11,63.189353942871094,67.10647583007812,64.91863250732422,47.977264404296875,39.19947052001953
2011-07-08,62.25594711303711,67.05878448486328,64.70307922363281,48.44550704956055,39.58893966674805
2011-07-07,61.387672424316406,66.96337890625,64.28948974609375,48.49353790283203,39.697181701660156
2011-07-06,61.57051086425781,67.02698516845703,64.27203369140625,48.21738815307617,39.54133605957031
2011-07-05,61.25710678100586,67.003173828125,64.13801574707031,48.313453674316406,39.52405548095703
2011-07-01,61.12008285522461,66.92362976074219,63.91084671020508,48.36148452758789,39.472137451171875
2011-06-30,61.21795654296875,66.94673156738281,63.90730667114258,47.98324203491211,39.263511657714844
2011-06-29,61.315547943115234,66.9547348022461,63.8144645690918,47.63731384277344,39.00122833251953
2011-06-28,61.72542190551758,66.9547348022461,63.95956039428711,47.339027404785156,38.618507385253906
2011-06-27,62.22635269165039,67.07377624511719,64.40642547607422,47.0885124206543,38.46371841430664
2011-06-24,63.0915641784668,67.1373291015625,64.61530303955078,47.06462097167969,38.472312927246094
2011-06-23,63.358367919921875,67.09766387939453,64.58042907714844,47.2316780090332,38.6572265625
2011-06-22,62.876861572265625,67.05792999267578,64.41220092773438,47.02882766723633,38.4508171081543
2011-06-21,62.83784866333008,67.07377624511719,64.32515716552734,47.422542572021484,38.730308532714844
2011-06-20,63.11763000488281,67.06585693359375,64.34259033203125,47.11238098144531,38.472312927246094
2011-06-17,63.03956985473633,67.06585693359375,64.33097076416016,46.98115158081055,38.20571517944336
2011-06-16,63.33884048461914,67.05000305175781,64.30772399902344,46.265296936035156,37.78862762451172
2011-06-15,63.05258560180664,67.04205322265625,64.42961120605469,47.148128509521484,38.472312927246094
2011-06-14,61.92709732055664,66.94673156738281,64.07565307617188,47.39872741699219,38.63573455810547
2011-06-13,62.876861572265625,67.0023193359375,64.26712036132812,47.01692581176758,38.39490509033203
2011-06-10,63.1956787109375,67.02615356445312,64.1974868774414,47.148128509521484,38.541114807128906
2011-06-09,62.71427917480469,66.97058868408203,64.27289581298828,47.62537384033203,38.794830322265625
2011-06-08,62.96797561645508,67.04205322265625,64.44697570800781,47.57765197753906,38.769020080566406
2011-06-07,62.48003387451172,67.03408813476562,64.40642547607422,47.74467086791992,38.953922271728516
2011-06-06,62.193824768066406,66.98648834228516,64.18590545654297,47.673095703125,38.984012603759766
2011-06-03,62.66871643066406,66.97843170166016,64.29610443115234,47.78046417236328,39.078636169433594
2011-06-02,62.31090545654297,66.9547348022461,64.15682220458984,48.10256576538086,39.23344421386719
2011-06-01,63.5209846496582,66.99436950683594,64.74293518066406,48.09062957763672,39.25922775268555
2011-05-31,62.673912048339844,66.94989013671875,64.4208984375,48.47118377685547,39.48884963989258
2011-05-27,62.53132247924805,66.94989013671875,64.42665100097656,48.34078598022461,39.38201141357422
2011-05-26,62.5572624206543,66.92607116699219,64.35731506347656,48.10364532470703,39.26237106323242
2011-05-25,62.02570724487305,66.88646697998047,64.0798568725586,48.10364532470703,39.29654312133789
2011-05-24,62.317413330078125,66.85466766357422,64.20703125,48.044368743896484,39.29654312133789
2011-05-23,62.084068298339844,66.85466766357422,64.12612915039062,48.21038055419922,39.360626220703125
2011-05-20,61.785926818847656,66.84673309326172,64.16654205322266,48.388214111328125,39.5487060546875
2011-05-19,61.753501892089844,66.8228988647461,64.21277618408203,48.37635803222656,39.578590393066406
2011-05-18,61.779457092285156,66.81501770019531,64.1029281616211,48.42378234863281,39.59572219848633
2011-05-17,62.609092712402344,66.84673309326172,64.26483917236328,48.34078598022461,39.5487060546875
2011-05-16,61.97389221191406,66.8388442993164,64.1781005859375,48.24593734741211,39.48029708862305
2011-05-13,61.63033676147461,66.80706024169922,63.993099212646484,48.17478561401367,39.40337371826172
2011-05-12,61.07935333251953,66.7753677368164,63.80234909057617,48.30520248413086,39.565773010253906
2011-05-11,61.46828842163086,66.80706024169922,63.95265579223633,48.26962661743164,39.52730941772461
2011-05-10,61.118282318115234,66.74357604980469,63.8486213684082,48.35264587402344,39.587127685546875
2011-05-09,61.55905532836914,66.80706024169922,64.10872650146484,48.26962661743164,39.50167465209961
2011-05-06,61.62385177612305,66.7753677368164,64.04515838623047,48.28152847290039,39.45039367675781
2011-05-05,61.89606475830078,66.76741027832031,64.04515838623047,48.00879669189453,39.249515533447266
2011-05-04,61.31273651123047,66.75153350830078,63.8254508972168,48.17478561401367,39.41193389892578
2011-05-03,61.040504455566406,66.71980285644531,63.73299026489258,48.21038055419922,39.42474365234375
2011-05-02,60.69695281982422,66.69602966308594,63.76189422607422,48.18663787841797,39.41619110107422
2011-04-29,60.59971618652344,66.70709991455078,63.61330032348633,48.191383361816406,39.436279296875
2011-04-28,60.41252899169922,66.67529296875,63.49238204956055,48.085350036621094,39.34282684326172
2011-04-27,59.95425033569336,66.67529296875,63.290870666503906,47.99108123779297,39.321598052978516
2011-04-26,60.57390213012695,66.65158081054688,63.37144088745117,48.01465606689453,39.296104431152344
2011-04-25,59.99296188354492,66.58818054199219,63.077762603759766,47.92039489746094,39.20692825317383
2011-04-21,59.7671012878418,66.58024597167969,63.01445007324219,47.967506408691406,39.2494010925293
2011-04-20,59.818721771240234,66.5960693359375,62.95689010620117,47.80254364013672,39.155967712402344
2011-04-19,60.2059440612793,66.60399627685547,62.92805862426758,47.67293930053711,39.007301330566406
2011-04-18,59.94780731201172,66.58818054199219,62.795623779296875,47.47264862060547,38.871376037597656
2011-04-15,59.812294006347656,66.57234191894531,62.709312438964844,47.70828628540039,39.007301330566406
2011-04-14,59.01191711425781,66.44548034667969,62.38101577758789,47.61404800415039,38.956336975097656
2011-04-13,59.05710220336914,66.50886535644531,62.536476135253906,47.790809631347656,39.11345291137695
2011-04-12,58.689212799072266,66.47714233398438,62.427093505859375,47.53153610229492,38.926597595214844
2011-04-11,58.06319046020508,66.36613464355469,62.20831298828125,47.67293930053711,39.04975509643555
2011-04-08,58.01154327392578,66.37407684326172,62.20249557495117,47.73188400268555,39.08799743652344
2011-04-07,58.32133102416992,66.3979263305664,62.23705291748047,47.790809631347656,39.08799743652344
2011-04-06,58.43749237060547,66.35033416748047,62.3292121887207,47.72007751464844,39.04975509643555
2011-04-05,59.328182220458984,66.35033416748047,62.530765533447266,47.60223388671875,38.96481704711914
2011-04-04,59.567054748535156,66.4216537475586,62.49618148803711,47.73188400268555,39.007301330566406
2011-04-01,59.502479553222656,66.40581512451172,62.35225296020508,47.378387451171875,38.76945114135742
2011-03-31,59.214595794677734,66.35269927978516,62.05913162231445,47.43377685546875,38.81616973876953
2011-03-30,59.33674240112305,66.39228057861328,62.25985336303711,47.44548416137695,38.83729553222656
2011-03-29,58.867488861083984,66.35269927978516,62.04768371582031,47.32838821411133,38.77819061279297
2011-03-28,59.323909759521484,66.37649536132812,62.35163497924805,47.30494689941406,38.757076263427734
2011-03-25,59.240333557128906,66.40814208984375,62.32874298095703,47.30494689941406,38.74443054199219
2011-03-24,59.38814163208008,66.45564270019531,62.420467376708984,47.32838821411133,38.731754302978516
2011-03-23,59.838043212890625,66.50320434570312,62.62693786621094,47.29324722290039,38.697998046875
2011-03-22,59.915164947509766,66.49527740478516,62.66708755493164,47.375205993652344,38.74443054199219
2011-03-21,59.715946197509766,66.51114654541016,62.55241775512695,47.36350631713867,38.72331619262695
2011-03-18,60.06943130493164,66.58245086669922,62.7531623840332,47.105892181396484,38.486942291259766
2011-03-17,59.908790588378906,66.61410522460938,62.71296691894531,46.86002731323242,38.30543518066406
2011-03-16,60.37149429321289,66.64583587646484,62.7531623840332,46.34479522705078,37.8959846496582
2011-03-15,59.69664001464844,66.52694702148438,62.38028335571289,46.68437576293945,38.13238525390625
2011-03-14,58.816123962402344,66.55866241455078,62.386024475097656,47.00053024291992,38.33076858520508
2011-03-11,58.84185028076172,66.51909637451172,62.31721496582031,47.164466857910156,38.486942291259766
2011-03-10,59.17606735229492,66.51114654541016,62.37457275390625,47.105892181396484,38.49540328979492
2011-03-09,58.19910430908203,66.4398193359375,62.12224197387695,47.29324722290039,38.697998046875
2011-03-08,57.639930725097656,66.39228057861328,61.800994873046875,47.45720291137695,38.807735443115234
2011-03-07,57.99342346191406,66.4160385131836,61.881309509277344,47.50400161743164,38.84153366088867
2011-03-04,58.36619567871094,66.46361541748047,62.03615951538086,47.410335540771484,38.83304977416992
2011-03-03,57.88418960571289,66.31304931640625,61.800994873046875,47.57427215576172,38.91324234008789
2011-03-02,58.456146240234375,66.44773864746094,62.06484603881836,47.3400993347168,38.773963928222656
2011-03-01,59.36884307861328,66.4794692993164,62.39750671386719,47.22296905517578,38.74018478393555
2011-02-28,59.197265625,66.4390640258789,62.39638900756836,47.45134353637695,38.799705505371094
2011-02-25,59.12039566040039,66.41529846191406,62.23066711425781,47.2651481628418,38.60677719116211
2011-02-24,58.774417877197266,66.3994369506836,61.93934631347656,47.06733703613281,38.489295959472656
2011-02-23,58.4028205871582,66.36775970458984,61.87080764770508,47.06733703613281,38.45998001098633
2011-02-22,58.191383361816406,66.38360595703125,61.94504165649414,47.02080154418945,38.42219924926758
2011-02-18,57.332916259765625,66.31233978271484,61.773677825927734,47.381526947021484,38.74098205566406
2011-02-17,57.51231384277344,66.2885971069336,61.6822509765625,47.21857452392578,38.62353515625
2011-02-16,57.42262649536133,66.20939636230469,61.56802749633789,47.21857452392578,38.535457611083984
2011-02-15,57.6083869934082,66.21731567382812,61.64223861694336,47.13717269897461,38.52285385131836
2011-02-14,57.35212326049805,66.18572235107422,61.50519561767578,47.183677673339844,38.598384857177734
2011-02-11,57.313758850097656,66.18572235107422,61.465213775634766,47.102256774902344,38.569007873535156
2011-02-10,56.50006103515625,66.18572235107422,61.12807846069336,46.997528076171875,38.472530364990234
2011-02-09,57.159934997558594,66.21731567382812,61.43090057373047,46.939327239990234,38.43060302734375
2011-02-08,56.666622161865234,66.16983032226562,61.03670120239258,47.230255126953125,38.64872741699219
2011-02-07,57.19198226928711,66.25692749023438,61.25949478149414,47.27678298950195,38.60677719116211
2011-02-04,56.897300720214844,66.2885971069336,61.19093322753906,47.17203140258789,38.535457611083984
2011-02-03,57.480255126953125,66.34403991699219,61.37948989868164,46.997528076171875,38.367679595947266
2011-02-02,57.960750579833984,66.40733337402344,61.528038024902344,46.91605758666992,38.367679595947266
2011-02-01,57.947975158691406,66.44692993164062,61.647972106933594,46.92768096923828,38.325706481933594
2011-01-31,58.23625946044922,66.51971435546875,61.72971725463867,46.820640563964844,38.25064468383789
2011-01-28,58.683143615722656,66.52766418457031,61.90040588378906,46.519981384277344,38.04645919799805
2011-01-27,58.37670135498047,66.49604797363281,61.82069778442383,46.77437973022461,38.27565383911133
2011-01-26,58.11494827270508,66.4485855102539,61.71830368041992,46.75122833251953,38.22566604614258
2011-01-25,59.008766174316406,66.46440887451172,62.0654411315918,46.61250686645508,38.14646530151367
2011-01-24,58.453311920166016,66.41698455810547,61.75811004638672,46.61250686645508,38.088096618652344
2011-01-21,58.4277458190918,66.42485809326172,61.72971725463867,46.508445739746094,38.03394317626953
2011-01-20,57.968135833740234,66.40904998779297,61.638633728027344,46.4275016784668,37.87972640991211
2011-01-19,58.77890396118164,66.4802474975586,61.9061164855957,46.41592788696289,37.954750061035156
2011-01-18,58.357540130615234,66.4485855102539,61.95158767700195,46.485321044921875,38.07142639160156
2011-01-14,58.632110595703125,66.46440887451172,61.98576736450195,46.46220397949219,38.075599670410156
2011-01-13,59.008766174316406,66.46440887451172,62.28160858154297,46.311866760253906,38.01308822631836
2011-01-12,58.48527526855469,66.44068145751953,62.014163970947266,46.35809326171875,38.02142333984375
2011-01-11,58.94487762451172,66.44068145751953,62.05402755737305,46.346561431884766,37.942237854003906
2011-01-10,59.27691650390625,66.4802474975586,62.082481384277344,46.207786560058594,37.7963752746582
2011-01-07,58.957645416259766,66.4485855102539,61.974342346191406,46.25404357910156,37.82554244995117
2011-01-06,58.64485168457031,66.3536376953125,61.66142272949219,46.485321044921875,37.97140884399414
2011-01-05,58.38948440551758,66.28247833251953,61.57033157348633,46.46220397949219,37.925567626953125
2011-01-04,59.704620361328125,66.4011459350586,62.02560806274414,46.24247360229492,37.82970428466797
2011-01-03,59.63441848754883,66.41698455810547,61.945919036865234,46.10368728637695,37.65885925292969
2010-12-31,60.08766555786133,66.43277740478516,61.706878662109375,45.91868591308594,37.62968826293945
2010-12-30,59.43010330200195,66.3536376953125,61.55321502685547,45.8377685546875,37.562965393066406
2010-12-29,59.47479248046875,66.37743377685547,61.52482986450195,45.826210021972656,37.52131652832031
2010-12-28,58.48527526855469,66.21914672851562,61.06388473510742,45.587989807128906,37.396278381347656
2010-12-27,59.653526306152344,66.30777740478516,61.554412841796875,45.746238708496094,37.37251663208008
2010-12-23,59.12548065185547,66.26828002929688,61.43535232543945,45.667091369628906,37.343544006347656
2010-12-22,59.24635314941406,66.355224609375,61.40700149536133,45.46363830566406,37.30626678466797
2010-12-21,59.67263412475586,66.37105560302734,61.45805358886719,45.53147888183594,37.20273208618164
2010-12-20,59.25904083251953,66.3868637084961,61.327720642089844,45.47492599487305,37.12407684326172
2010-12-17,59.32270050048828,66.37105560302734,61.367340087890625,45.395835876464844,37.05780792236328
2010-12-16,58.26015090942383,66.31571960449219,60.81191635131836,45.158451080322266,37.00398635864258
2010-12-15,57.8593864440918,66.29988098144531,60.517208099365234,45.000152587890625,36.8673210144043
2010-12-14,58.622859954833984,66.32357788085938,60.89694595336914,45.22627258300781,37.01226806640625
2010-12-13,59.48814010620117,66.355224609375,61.271018981933594,45.000152587890625,36.83005905151367
2010-12-10,59.265403747558594,66.31571960449219,61.044315338134766,45.158451080322266,37.01639938354492
2010-12-09,59.628108978271484,66.33943176269531,61.327720642089844,45.22627258300781,36.99983596801758
2010-12-08,59.335384368896484,66.3472671508789,61.18031311035156,45.4184455871582,37.078514099121094
2010-12-07,59.91438293457031,66.45008087158203,61.57704162597656,45.327999114990234,37.198604583740234
2010-12-06,61.22509002685547,66.5685806274414,62.15518569946289,45.214969635009766,37.00810623168945
2010-12-03,60.37251663208008,66.52912902832031,61.724403381347656,45.26014709472656,37.028812408447266
2010-12-02,60.84970474243164,66.44212341308594,61.90015411376953,45.034114837646484,36.96670913696289
2010-12-01,61.00872802734375,66.44212341308594,62.03615188598633,45.034114837646484,36.946014404296875
2010-11-30,62.39572525024414,66.541748046875,62.17455291748047,44.696136474609375,36.607295989990234
2010-11-29,62.07235336303711,66.49436950683594,62.27050018310547,44.79716110229492,36.525001525878906
2010-11-26,61.546112060546875,66.50218963623047,62.20836639404297,44.56142044067383,36.43036651611328
2010-11-24,60.70282745361328,66.45484924316406,62.129329681396484,44.74101257324219,36.56201171875
2010-11-23,61.806068420410156,66.5733642578125,62.64311218261719,44.49409103393555,36.343971252441406
2010-11-22,61.50175094604492,66.53384399414062,62.60921859741211,45.12265396118164,36.8499870300293
2010-11-19,61.24176788330078,66.47061920166016,62.26483154296875,45.36958312988281,37.10913848876953
2010-11-18,60.86768341064453,66.5101318359375,62.05028533935547,45.34713363647461,37.121463775634766
2010-11-17,60.62043380737305,66.50218963623047,62.00510787963867,44.86448287963867,36.6566276550293
2010-11-16,60.956443786621094,66.46280670166016,62.00510787963867,44.68486785888672,36.47150421142578
2010-11-15,59.4791145324707,66.43115234375,61.67767333984375,45.156307220458984,36.878761291503906
2010-11-12,60.7472038269043,66.47061920166016,62.3608512878418,45.23490524291992,36.94871520996094
2010-11-11,61.076904296875,66.47061920166016,62.80119705200195,45.39204025268555,37.084442138671875
2010-11-10,61.108612060546875,66.5733642578125,63.07786560058594,45.560428619384766,37.23253631591797
2010-11-09,61.02621841430664,66.53384399414062,63.213348388671875,45.829795837402344,37.54104995727539
2010-11-08,62.402015686035156,66.6207046508789,63.687583923339844,45.91958999633789,37.648014068603516
2010-11-05,62.12309646606445,66.65232849121094,63.65375900268555,46.15532302856445,37.759090423583984
2010-11-04,63.2072639465332,66.70758056640625,63.85696792602539,46.30119705200195,37.80024719238281
2010-11-03,62.71909713745117,66.69181060791016,63.25851058959961,45.829795837402344,37.31480407714844
2010-11-02,64.02519226074219,66.66808319091797,63.46747589111328,45.61655044555664,37.19142532348633
2010-11-01,63.19463348388672,66.70758056640625,63.17380142211914,45.36958312988281,37.010379791259766
2010-10-29,63.46791076660156,66.67842864990234,63.19530487060547,45.564884185791016,37.079917907714844
2010-10-28,62.880069732666016,66.66258239746094,63.07159423828125,45.47575378417969,37.06357955932617
2010-10-27,62.70947265625,66.57576751708984,62.818458557128906,45.41999435424805,37.04314041137695
2010-10-26,63.265602111816406,66.60733032226562,62.981597900390625,45.43117141723633,37.08403015136719
2010-10-25,64.25794219970703,66.67050170898438,63.31905746459961,45.3196907043457,37.026798248291016
2010-10-22,64.0746078491211,66.65467834472656,63.09405517578125,45.18593978881836,36.883785247802734
2010-10-21,63.64484786987305,66.67050170898438,63.01530456542969,45.01874923706055,36.716243743896484
2010-10-20,64.40957641601562,66.66258239746094,63.18408203125,45.05217742919922,36.7734375
2010-10-19,64.2705307006836,66.65467834472656,63.07159423828125,44.75122833251953,36.659019470214844
2010-10-18,63.88501739501953,66.62310791015625,63.065940856933594,44.94072341918945,36.66310501098633
2010-10-15,63.373050689697266,66.60733032226562,62.63277816772461,44.77353286743164,36.712127685546875
2010-10-14,64.15677642822266,66.58368682861328,63.03216552734375,44.72896957397461,36.61818313598633
2010-10-13,65.13011169433594,66.61521911621094,63.543983459472656,45.01874923706055,36.79387283325195
2010-10-12,65.23119354248047,66.60733032226562,63.577781677246094,44.79580307006836,36.6712760925293
2010-10-11,65.88220977783203,66.65467834472656,63.673362731933594,44.840423583984375,36.7039680480957
2010-10-08,65.86956024169922,66.6468276977539,63.61713790893555,44.840423583984375,36.62633514404297
2010-10-07,66.1602783203125,66.6468276977539,63.67900466918945,44.77353286743164,36.50373840332031
2010-10-06,66.71651458740234,66.59154510498047,63.69589614868164,44.51716613769531,36.43020248413086
2010-10-05,65.88851165771484,66.58368682861328,63.28527069091797,44.561790466308594,36.46287536621094
2010-10-04,66.2867202758789,66.55210876464844,63.15593338012695,44.3054084777832,36.33211135864258
2010-10-01,66.11604309082031,66.54419708251953,63.054725646972656,44.4168586730957,36.45878982543945
2010-09-30,66.43714141845703,66.53240203857422,63.36178207397461,44.27641677856445,36.41096878051758
2010-09-29,66.4812240600586,66.52448272705078,63.1824951171875,44.11041259765625,36.22829055786133
2010-09-28,66.7582778930664,66.54025268554688,63.244144439697266,44.02192306518555,36.14305114746094
2010-09-27,66.30488586425781,66.52448272705078,63.132137298583984,43.93336868286133,36.09027099609375
2010-09-24,65.1714859008789,66.50874328613281,62.80713653564453,43.889129638671875,36.029380798339844
2010-09-23,66.059326171875,66.5166244506836,62.947181701660156,43.6788444519043,35.88727951049805
2010-09-22,65.87039184570312,66.50874328613281,62.90237808227539,43.71204376220703,35.98065185546875
2010-09-21,65.2847900390625,66.5166244506836,62.94153594970703,43.82268524169922,36.12679672241211
2010-09-20,64.39068603515625,66.46934509277344,62.46530532836914,43.9444465637207,36.18771743774414
2010-09-17,64.01917266845703,66.4614028930664,62.38689041137695,43.800594329833984,36.13086700439453
2010-09-16,63.761024475097656,66.44564056396484,62.18521499633789,43.87799835205078,36.06590270996094
2010-09-15,64.39700317382812,66.42987823486328,62.38135528564453,43.734153747558594,36.005008697509766
2010-09-14,65.36666870117188,66.41404724121094,62.48211669921875,43.71204376220703,36.03749465942383
2010-09-13,64.74332427978516,66.36679077148438,62.19078063964844,43.70098114013672,36.04561996459961
2010-09-10,64.428466796875,66.31155395507812,62.106727600097656,43.457481384277344,35.8588752746582
2010-09-09,64.72444915771484,66.3194351196289,62.061885833740234,43.40215301513672,35.765506744384766
2010-09-08,66.02783203125,66.39045715332031,62.38689041137695,43.214046478271484,35.6234016418457
2010-09-07,66.55680084228516,66.4377670288086,62.51015853881836,43.191932678222656,35.61528396606445
2010-09-03,65.22184753417969,66.36679077148438,62.05073928833008,43.1587028503418,35.66807556152344
2010-09-02,66.0404281616211,66.39830780029297,62.52138137817383,43.18085479736328,35.56251525878906
2010-09-01,66.74569702148438,66.41404724121094,62.59984588623047,43.10338592529297,35.50567626953125
2010-08-31,68.15489959716797,66.45354461669922,63.07381057739258,42.75922393798828,35.1260986328125
2010-08-30,67.40778350830078,66.4299087524414,62.861690521240234,42.61646270751953,35.13819122314453
2010-08-27,66.13961029052734,66.35106658935547,62.45419692993164,42.660400390625,35.07371139526367
2010-08-26,68.06697845458984,66.39840698242188,63.02352523803711,42.39686584472656,35.0777473449707
2010-08-25,67.43293762207031,66.39840698242188,62.9677734375,42.61646270751953,35.1260986328125
2010-08-24,67.65264892578125,66.46141052246094,62.85053634643555,42.638404846191406,35.17445373535156
2010-08-23,66.58536529541016,66.41413116455078,62.705379486083984,42.8800163269043,35.35986328125
2010-08-20,66.57283020019531,66.40625762939453,62.57147216796875,42.93488693237305,35.35986328125
2010-08-19,66.64814758300781,66.4299087524414,62.45978927612305,42.80314254760742,35.27523422241211
2010-08-18,65.62478637695312,66.41413116455078,62.392845153808594,42.8910026550293,35.34778594970703
2010-08-17,65.44901275634766,66.39840698242188,62.33699035644531,42.86904525756836,35.287330627441406
2010-08-16,65.82572937011719,66.41413116455078,62.43745803833008,42.81411361694336,35.15434265136719
2010-08-13,64.21855926513672,66.35106658935547,61.75650405883789,42.59450912475586,35.1099853515625
2010-08-12,63.427520751953125,66.35896301269531,61.516483306884766,42.46274948120117,34.95681381225586
2010-08-11,63.58442306518555,66.37472534179688,61.734153747558594,42.71530532836914,35.0777473449707
2010-08-10,62.74318313598633,66.35896301269531,61.73978042602539,43.13258361816406,35.54126739501953
2010-08-09,62.61136245727539,66.3274154663086,61.81790542602539,43.154541015625,35.55333709716797
2010-08-06,62.843658447265625,66.36686706542969,61.61695861816406,43.165531158447266,35.617828369140625
2010-08-05,62.16560363769531,66.35106658935547,61.2652587890625,43.1874885559082,35.62589645385742
2010-08-04,61.876792907714844,66.27228546142578,61.153663635253906,43.23138427734375,35.64200973510742
2010-08-03,62.353965759277344,66.3274154663086,61.34343338012695,43.330223083496094,35.66213607788086
2010-08-02,61.99607467651367,66.2801742553711,61.1927604675293,43.22039794921875,35.66213607788086
2010-07-30,62.878807067871094,66.29512023925781,61.32276153564453,42.9415168762207,35.4771728515625
2010-07-29,61.91510009765625,66.26368713378906,61.03924560546875,42.9415168762207,35.5692138671875
2010-07-28,61.933860778808594,66.20858764648438,61.01707077026367,42.87617111206055,35.461181640625
2010-07-27,61.73359298706055,66.14557647705078,60.80020523071289,42.96329116821289,35.537227630615234
2010-07-26,62.33436584472656,66.18495178222656,61.005889892578125,42.919700622558594,35.58525085449219
2010-07-23,62.44072341918945,66.20858764648438,60.9503288269043,42.82168960571289,35.5692138671875
2010-07-22,63.1103515625,66.2400131225586,60.87247848510742,42.592918395996094,35.40911102294922
2010-07-21,63.848751068115234,66.26368713378906,60.9503288269043,42.44041442871094,35.09685134887695
2010-07-20,62.78489303588867,66.23210906982422,60.655662536621094,42.45127868652344,35.11286926269531
2010-07-19,62.691062927246094,66.20858764648438,60.58893585205078,42.189857482910156,34.8326530456543
2010-07-16,63.07905197143555,66.23210906982422,60.60005187988281,41.99378204345703,34.71654510498047
2010-07-15,62.77235794067383,66.16924285888672,60.494415283203125,42.33146286010742,34.92871856689453
2010-07-14,62.15290069580078,66.15345001220703,60.38881301879883,42.22256088256836,34.876670837402344
2010-07-13,61.53336715698242,66.08259582519531,60.12190628051758,42.39684295654297,34.90869140625
2010-07-12,62.06526565551758,66.12977600097656,60.08855056762695,42.048255920410156,34.64044952392578
2010-07-09,62.09033203125,66.12195587158203,60.01631164550781,42.102718353271484,34.668487548828125
2010-07-08,62.44699478149414,66.14557647705078,60.08855056762695,42.2116584777832,34.748558044433594
2010-07-07,62.84749221801758,66.1376724243164,60.238685607910156,41.98289108276367,34.58844757080078
2010-07-06,63.5921630859375,66.14557647705078,60.19974899291992,41.59074783325195,34.17610549926758
2010-07-02,63.07276916503906,66.14557647705078,59.9495964050293,41.394649505615234,33.907875061035156
2010-07-01,63.57963180541992,66.14557647705078,60.12190628051758,41.122344970703125,33.89985656738281
2010-06-30,63.47953414916992,66.16680908203125,60.055179595947266,40.8630485534668,33.73854064941406
2010-06-29,63.0553092956543,66.18257904052734,59.817115783691406,41.06829833984375,33.79020309448242
2010-06-28,62.375301361083984,66.15113830566406,59.84478759765625,41.55440902709961,34.13196563720703
2010-06-25,61.79507827758789,66.11177825927734,59.51808166503906,41.48957443237305,34.05645751953125
2010-06-24,61.54554748535156,66.08815002441406,59.41843795776367,41.13310623168945,33.901466369628906
2010-06-23,61.913658142089844,66.07240295410156,59.6565055847168,41.34914779663086,34.13591003417969
2010-06-22,61.495643615722656,66.02519989013672,59.40738296508789,41.57596969604492,34.15977096557617
2010-06-21,60.77192306518555,65.99383544921875,59.119441986083984,41.81361389160156,34.40615463256836
2010-06-18,60.94657897949219,65.98591613769531,58.969913482666016,41.662384033203125,34.282962799072266
2010-06-17,61.04640197753906,65.97808837890625,58.97545623779297,41.500362396240234,34.13591003417969
2010-06-16,60.55353927612305,65.93871307373047,58.58789825439453,41.24111557006836,33.88159942626953
2010-06-15,60.21041488647461,65.92300415039062,58.52699661254883,41.07907485961914,33.853782653808594
2010-06-14,60.45990753173828,65.95443725585938,58.59890365600586,40.66862869262695,33.52790451049805
2010-06-11,60.77192306518555,65.93871307373047,58.70966339111328,40.37699508666992,33.484188079833984
2010-06-10,60.01077651977539,65.8679428100586,58.49374008178711,40.53900909423828,33.436492919921875
2010-06-09,61.10256576538086,65.95443725585938,58.73737716674805,40.15013885498047,33.098716735839844
2010-06-08,61.171199798583984,65.94657897949219,58.7152214050293,39.977317810058594,33.02720260620117
2010-06-07,61.47690963745117,65.95443725585938,58.7152214050293,39.92329788208008,32.97555160522461
2010-06-04,61.00896453857422,65.97808837890625,58.47161102294922,40.17173385620117,33.206016540527344
2010-06-03,59.411869049072266,65.82855987548828,58.11720275878906,40.34457778930664,33.392818450927734
2010-06-02,59.84857940673828,65.84432983398438,58.30552673339844,40.36619186401367,33.380882263183594
2010-06-01,60.42255401611328,65.8915023803711,58.10061264038086,40.18254852294922,33.21000289916992
2010-05-28,60.0008544921875,65.89078521728516,58.1487922668457,40.49580001831055,33.36775588989258
2010-05-27,59.72724914550781,65.7649917602539,58.22599411010742,40.1959114074707,33.31254196166992
2010-05-26,61.113739013671875,65.81217193603516,58.52921676635742,39.46757125854492,32.8590202331543
2010-05-25,61.28789520263672,65.86717224121094,58.49064636230469,40.16376876831055,33.257362365722656
2010-05-24,60.98936462402344,65.87506866455078,58.7718620300293,40.23875045776367,33.29676818847656
2010-05-21,61.2008171081543,65.88287353515625,58.617469787597656,40.23875045776367,33.245506286621094
2010-05-20,61.138633728027344,65.9300765991211,58.71668243408203,39.01775360107422,32.59085464477539
2010-05-19,59.876426696777344,65.85147857666016,58.84904861450195,40.61359786987305,33.592552185058594
2010-05-18,59.677490234375,65.88287353515625,58.815948486328125,41.031314849853516,33.78974914550781
2010-05-17,58.77591323852539,65.81217193603516,58.62845993041992,41.234798431396484,33.86073684692383
2010-05-14,58.99351501464844,65.8357162475586,58.52921676635742,41.170555114746094,33.90410614013672
2010-05-13,57.98625946044922,65.74927520751953,58.545799255371094,41.523983001708984,34.101295471191406
2010-05-12,57.60700225830078,65.70997619628906,58.37482452392578,41.71676254272461,34.31427001953125
2010-05-11,58.048431396484375,65.72570037841797,58.396915435791016,41.26694107055664,33.90015411376953
2010-05-10,58.197696685791016,65.68646240234375,58.336238861083984,41.50257873535156,33.93961715698242
2010-05-07,59.42875671386719,65.77285766601562,57.972381591796875,40.72071838378906,33.31647872924805
2010-05-06,60.18111038208008,65.79644012451172,57.78488540649414,40.39942169189453,33.32044219970703
2010-05-05,58.37797546386719,65.65498352050781,58.755287170410156,41.5133056640625,34.1683349609375
2010-05-04,58.035980224609375,65.5684814453125,59.00893020629883,42.177330017089844,34.64157485961914
2010-05-03,57.01008987426758,65.52922058105469,58.937278747558594,42.75569152832031,35.00046920776367
2010-04-30,57.084686279296875,65.59367370605469,58.919612884521484,42.72036361694336,35.0044059753418
2010-04-29,56.434104919433594,65.51514434814453,58.67801284790039,42.62470626831055,34.890872955322266
2010-04-28,56.19864273071289,65.49944305419922,58.52979278564453,42.42279052734375,34.652008056640625
2010-04-27,56.681922912597656,65.51514434814453,58.430965423583984,42.189022064208984,34.62849426269531
2010-04-26,55.89506912231445,65.3895034790039,58.392547607421875,42.66719436645508,35.070953369140625
2010-04-23,55.83311462402344,65.3895034790039,58.365089416503906,42.64592742919922,35.070953369140625
2010-04-22,56.03135681152344,65.41309356689453,58.37605285644531,42.32713317871094,34.843875885009766
2010-04-21,56.19864273071289,65.460205078125,58.507816314697266,42.592803955078125,34.94565963745117
2010-04-20,55.74016189575195,65.45234680175781,58.30463790893555,42.560916900634766,34.94176483154297
2010-04-19,55.541873931884766,65.44448852539062,58.17839050292969,42.07209396362305,34.56977844238281
2010-04-16,55.67815399169922,65.50725555419922,58.32665252685547,42.25276184082031,34.63637924194336
2010-04-15,55.27546691894531,65.4052505493164,58.18938446044922,42.603458404541016,34.91828536987305
2010-04-14,55.213478088378906,65.35807800292969,58.090538024902344,42.38027572631836,34.82429885864258
2010-04-13,55.60385513305664,65.35807800292969,58.13994216918945,42.28462600708008,34.73033905029297
2010-04-12,55.42414855957031,65.3738021850586,57.93132400512695,42.14647674560547,34.63637924194336
2010-04-09,55.13290023803711,65.34243774414062,57.7665901184082,42.17835998535156,34.62849426269531
2010-04-08,55.0028190612793,65.32671356201172,57.728172302246094,42.09333801269531,34.57761764526367
2010-04-07,54.97801208496094,65.34243774414062,57.837947845458984,41.9764404296875,34.51887130737305
2010-04-06,54.28403854370117,65.24034118652344,57.546974182128906,41.93393325805664,34.46798324584961
2010-04-05,54.19729232788086,65.19328308105469,57.40970993041992,41.77457046508789,34.24479675292969
2010-04-01,55.114356994628906,65.3738021850586,57.94231414794922,41.98707962036133,34.260440826416016
2010-03-31,55.24941635131836,65.39739227294922,57.81654739379883,41.93818283081055,34.34346389770508
2010-03-30,54.872867584228516,65.35032653808594,57.78923034667969,41.969810485839844,34.45229721069336
2010-03-29,54.70000457763672,65.36605834960938,57.75643539428711,41.91712188720703,34.48727798461914
2010-03-26,54.90988540649414,65.3346176147461,57.805641174316406,41.79062271118164,34.44453430175781
2010-03-25,54.755523681640625,65.29537200927734,57.6307258605957,41.85388946533203,34.45619583129883
2010-03-24,55.107421875,65.27181243896484,57.8383903503418,41.653621673583984,34.37456512451172
2010-03-23,56.1321907043457,65.3739013671875,58.270301818847656,41.695770263671875,34.39400100708008
2010-03-22,56.39761734008789,65.39739227294922,58.30852508544922,41.706329345703125,34.39787673950195
2010-03-19,56.33587646484375,65.3739013671875,58.21556854248047,41.55875015258789,34.23466110229492
2010-03-18,56.28030014038086,65.42093658447266,58.259300231933594,41.727420806884766,34.40565872192383
2010-03-17,56.465511322021484,65.46016693115234,58.37415313720703,41.548213958740234,34.355140686035156
2010-03-16,56.22481155395508,65.44440460205078,58.16092300415039,41.55875015258789,34.355140686035156
2010-03-15,55.78028106689453,65.42876434326172,57.8930778503418,41.47443389892578,34.23854064941406
2010-03-12,55.854373931884766,65.40518951416016,57.90401840209961,41.63251876831055,34.277400970458984
2010-03-11,55.508644104003906,65.39739227294922,57.78371810913086,41.590362548828125,34.2696533203125
2010-03-10,55.30495071411133,65.47578430175781,57.805641174316406,41.61145782470703,34.30069351196289
2010-03-09,55.446922302246094,65.49149322509766,57.750953674316406,41.55875015258789,34.28903579711914
2010-03-08,55.43458938598633,65.44440460205078,57.805641174316406,41.47443389892578,34.14137268066406
2010-03-05,55.72478485107422,65.47578430175781,57.712677001953125,41.274169921875,34.13362503051758
2010-03-04,56.465511322021484,65.53073120117188,57.78371810913086,40.96852493286133,33.93151092529297
2010-03-03,56.16921615600586,65.55421447753906,57.75643539428711,41.0317497253418,33.904327392578125
2010-03-02,56.31116485595703,65.5621566772461,57.63621139526367,40.768272399902344,33.86935043334961
2010-03-01,56.385250091552734,65.5621566772461,57.515892028808594,40.63124465942383,33.651702880859375
2010-02-26,56.40996551513672,65.57382202148438,57.442142486572266,40.53532791137695,33.62603759765625
2010-02-25,56.12071990966797,65.55036163330078,57.06655502319336,40.462162017822266,33.40232467651367
2010-02-24,55.80692672729492,65.4954833984375,57.12639617919922,40.284549713134766,33.39845275878906
2010-02-23,55.671539306640625,65.46417999267578,56.881465911865234,40.24274444580078,33.27117919921875
2010-02-22,54.816158294677734,65.40926361083984,56.74541473388672,40.608482360839844,33.514190673828125
2010-02-19,55.0438346862793,65.38575744628906,56.71275329589844,40.3890380859375,33.47175216674805
2010-02-18,54.74845504760742,65.40926361083984,56.51134490966797,40.12777328491211,33.24803924560547
2010-02-17,54.97003173828125,65.44844818115234,56.549468994140625,39.678428649902344,32.93555450439453
2010-02-16,55.60385513305664,65.50338745117188,56.739933013916016,39.37538146972656,32.68483352661133
2010-02-12,55.499210357666016,65.4954833984375,56.51676559448242,38.94691848754883,32.364646911621094
2010-02-11,55.27154541015625,65.44058227539062,56.45146179199219,38.842437744140625,32.383941650390625
2010-02-10,55.573062896728516,65.41708374023438,56.32080841064453,38.915584564208984,32.25277328491211
2010-02-09,56.10845947265625,65.48767852783203,56.76171875,39.49034118652344,32.692527770996094
2010-02-08,56.67457962036133,65.55036163330078,56.89235305786133,39.396278381347656,32.6269416809082
2010-02-05,56.60072708129883,65.59737396240234,56.837955474853516,39.291778564453125,32.7696647644043
2010-02-04,56.477657318115234,65.4954833984375,57.0120964050293,39.63660430908203,32.96256637573242
2010-02-03,55.59767150878906,65.40148162841797,57.01755142211914,40.42039108276367,33.437049865722656
2010-02-02,56.24992370605469,65.44844818115234,57.07743835449219,40.430824279785156,33.26732635498047
2010-02-01,56.08995819091797,65.44058227539062,56.89779281616211,40.34724426269531,33.16701889038086
2010-01-29,56.603782653808594,65.46882629394531,57.15256881713867,40.26780700683594,33.007694244384766
2010-01-28,56.113277435302734,65.4062271118164,56.7894287109375,40.36103820800781,33.176109313964844
2010-01-27,56.143882751464844,65.3748550415039,56.870723724365234,40.41282653808594,33.31772994995117
2010-01-26,56.17456817626953,65.39839172363281,57.07667922973633,40.28853988647461,33.3062629699707
2010-01-25,56.15615463256836,65.39058685302734,57.22841262817383,40.27815628051758,33.26417541503906
2010-01-22,56.413719177246094,65.4453353881836,57.23385238647461,39.99853515625,33.214393615722656
2010-01-21,56.511817932128906,65.39058685302734,57.32054901123047,40.38174819946289,33.53214645385742
2010-01-20,56.254276275634766,65.33574676513672,57.16879653930664,41.044586181640625,34.0641975402832
2010-01-19,55.690155029296875,65.33574676513672,57.20674514770508,41.29316711425781,34.11393737792969
2010-01-15,55.84957504272461,65.32006072998047,57.15797805786133,41.1895637512207,34.09864044189453
2010-01-14,55.50621032714844,65.26527404785156,57.179649353027344,41.365638732910156,34.236446380615234
2010-01-13,54.739654541015625,65.20259857177734,56.973663330078125,41.27243423461914,34.19814682006836
2010-01-12,55.38356018066406,65.25746154785156,57.212120056152344,41.38636779785156,34.12160873413086
2010-01-11,54.45147705078125,65.20259857177734,57.103759765625,41.48992156982422,34.29767608642578
2010-01-08,54.7519416809082,65.17133331298828,57.044166564941406,41.53135299682617,34.32829666137695
2010-01-07,54.77649688720703,65.10871124267578,56.919490814208984,41.376014709472656,34.27473449707031
2010-01-06,54.68449401855469,65.12435150146484,56.84904861450195,41.24135971069336,34.13691711425781
2010-01-05,55.426475524902344,65.11656188964844,57.01703643798828,41.10672378540039,34.04890823364258
2010-01-04,55.07085037231445,65.03827667236328,56.74605178833008,40.72352600097656,33.88810348510742
2009-12-31,55.11983108520508,64.95209503173828,56.44796371459961,40.1953125,33.62396240234375
2009-12-30,55.38356018066406,65.03042602539062,56.52924728393555,40.298885345458984,33.57039260864258
2009-12-29,55.02174758911133,65.05389404296875,56.46421432495117,40.1953125,33.428768157958984
2009-12-28,54.66117858886719,65.01078796386719,56.29350280761719,40.213958740234375,33.60865783691406
2009-12-24,54.813987731933594,65.1046371459961,56.44459915161133,40.37813186645508,33.70752716064453
2009-12-23,55.38831329345703,65.18292236328125,56.709083557128906,40.10108947753906,33.58205032348633
2009-12-22,55.37609100341797,65.18292236328125,56.530948638916016,39.988224029541016,33.502193450927734
2009-12-21,55.68769836425781,65.26115417480469,56.76842498779297,40.019020080566406,33.429931640625
2009-12-18,56.695865631103516,65.36280059814453,57.0437126159668,39.91638946533203,33.331031799316406
2009-12-17,56.94032669067383,65.40974426269531,57.13547897338867,39.85480499267578,33.350074768066406
2009-12-16,56.01768112182617,65.28456115722656,56.89262008666992,40.06001281738281,33.369102478027344
2009-12-15,56.084896087646484,65.2376937866211,56.676727294921875,39.93690872192383,33.293033599853516
2009-12-14,56.33534240722656,65.2532730102539,57.0869026184082,40.019020080566406,33.3272705078125
2009-12-11,56.2681884765625,65.32376861572266,56.7738151550293,39.62907409667969,33.06105422973633
2009-12-10,56.274288177490234,65.39409637451172,57.0437126159668,39.54697799682617,33.042030334472656
2009-12-09,56.92808151245117,65.41754913330078,56.995147705078125,39.46490478515625,32.87856674194336
2009-12-08,57.190765380859375,65.46446228027344,57.324363708496094,39.34172821044922,32.87856674194336
2009-12-07,57.10527801513672,65.40190887451172,57.08146286010742,39.31098175048828,32.84050369262695
2009-12-04,57.03194808959961,65.26115417480469,57.10847091674805,39.25966262817383,32.7986946105957
2009-12-03,57.64297103881836,65.42536926269531,57.34593963623047,39.064697265625,32.66557312011719
2009-12-02,58.24784469604492,65.46446228027344,57.36214065551758,38.880001068115234,32.6237678527832
2009-12-01,58.199012756347656,65.5191650390625,57.35136413574219,38.91078186035156,32.58953857421875
2009-11-30,58.85456848144531,65.50279235839844,57.63959503173828,38.774314880371094,32.42905807495117
2009-11-27,58.714500427246094,65.49504089355469,57.35472869873047,38.6319694519043,32.3233757019043
2009-11-25,58.495243072509766,65.44839477539062,57.370853424072266,38.845458984375,32.54987335205078
2009-11-24,58.227272033691406,65.41734313964844,57.161251068115234,38.68280792236328,32.534767150878906
2009-11-23,57.861793518066406,65.36299896240234,56.94086837768555,38.73363494873047,32.5158805847168
2009-11-20,57.93492126464844,65.37079620361328,56.94086837768555,38.69298553466797,32.54987335205078
2009-11-19,57.94709014892578,65.35521697998047,57.20963668823242,38.71330261230469,32.55742645263672
2009-11-18,57.84352493286133,65.3319091796875,57.13974380493164,38.78446960449219,32.48944854736328
2009-11-17,58.18462371826172,65.3319091796875,57.327877044677734,38.82513427734375,32.572513580322266
2009-11-16,57.87396240234375,65.31639862060547,57.24186325073242,38.70314407348633,32.58005905151367
2009-11-13,57.20405578613281,65.27753448486328,56.973140716552734,38.68280792236328,32.42905807495117
2009-11-12,56.94211196899414,65.26199340820312,56.806541442871094,38.611629486083984,32.49324417114258
2009-11-11,57.04563903808594,65.269775390625,56.806541442871094,38.774314880371094,32.45548629760742
2009-11-10,56.80809783935547,65.19987487792969,56.59696578979492,38.62177658081055,32.436588287353516
2009-11-09,56.91164016723633,65.21537017822266,56.63452911376953,38.73363494873047,32.447959899902344
2009-11-06,56.844642639160156,65.21537017822266,56.60234069824219,38.50998306274414,32.3195686340332
2009-11-05,56.78986358642578,65.16880798339844,56.45183181762695,38.3777961730957,32.28936004638672
2009-11-04,56.78986358642578,65.1066665649414,56.41424560546875,38.34730529785156,32.26297378540039
2009-11-03,57.31364822387695,65.11441040039062,56.19386291503906,38.418495178222656,32.21388244628906
2009-11-02,57.89223098754883,65.12214660644531,56.45183181762695,38.3777961730957,32.142147064208984
2009-10-30,58.149261474609375,65.1143798828125,56.53565216064453,38.237491607666016,31.8918514251709
2009-10-29,57.317508697509766,65.03694915771484,56.03282165527344,38.4388313293457,32.19509506225586
2009-10-28,57.94893264770508,65.0911865234375,55.96328353881836,38.096614837646484,31.749561309814453
2009-10-27,57.67570495605469,64.99825286865234,56.343135833740234,38.6199951171875,32.28123474121094
2009-10-26,56.89864730834961,64.86637115478516,55.86164093017578,38.79108428955078,32.535831451416016
2009-10-23,57.64534378051758,64.93618774414062,56.09699630737305,38.91190719604492,32.51708984375
2009-10-22,58.082515716552734,65.04468536376953,56.40729522705078,38.94208526611328,32.57322692871094
2009-10-21,58.36782455444336,65.03694915771484,56.075592041015625,38.841434478759766,32.3261604309082
2009-10-20,58.71995544433594,65.06795501708984,56.31101989746094,38.7105712890625,32.27002716064453
2009-10-19,58.404258728027344,65.03694915771484,55.952606201171875,38.67033004760742,32.210086822509766
2009-10-16,57.94893264770508,65.03694915771484,55.66904067993164,38.4388313293457,32.20261764526367
2009-10-15,57.48142623901367,64.99825286865234,55.62627410888672,38.47909164428711,32.20634078979492
2009-10-14,57.74859619140625,65.03694915771484,55.636959075927734,38.46902084350586,32.21385192871094
2009-10-13,58.61677932739258,65.12216186523438,55.9044303894043,38.26774215698242,32.08655548095703
2009-10-12,58.31319808959961,65.08344268798828,55.79744338989258,38.277801513671875,32.09402847290039
2009-10-09,58.222145080566406,65.00594329833984,55.604820251464844,38.20730972290039,32.10151290893555
2009-10-08,59.588130950927734,65.09894561767578,56.09699630737305,38.14693832397461,31.977937698364258
2009-10-07,60.21956253051758,65.16090393066406,56.412635803222656,38.086524963378906,31.775798797607422
2009-10-06,59.52136993408203,65.07565307617188,56.054256439208984,38.02614974975586,31.543642044067383
2009-10-05,60.116329193115234,65.1143798828125,56.17191696166992,37.945655822753906,31.652246475219727
2009-10-02,60.110267639160156,65.1143798828125,55.872310638427734,37.53299331665039,31.2329044342041
2009-10-01,60.529117584228516,65.0911865234375,56.236114501953125,37.49271011352539,31.22166633605957
2009-09-30,59.711395263671875,65.02601623535156,56.81813430786133,38.35225296020508,32.065940856933594
2009-09-29,59.76585006713867,64.95645141601562,56.86610794067383,38.36221694946289,32.073368072509766
2009-09-28,59.820316314697266,64.96417236328125,57.089805603027344,38.422019958496094,32.110504150390625
2009-09-25,59.29985046386719,64.97191619873047,56.945980072021484,38.222721099853516,31.858015060424805
2009-09-24,58.555389404296875,64.99510192871094,56.72761917114258,37.764404296875,31.961956024169922
2009-09-23,58.38594055175781,64.97965240478516,56.63705825805664,38.202789306640625,31.902555465698242
2009-09-22,58.21044921875,64.8790283203125,56.610450744628906,38.043392181396484,31.806007385253906
2009-09-21,58.08938980102539,64.89446258544922,56.47726821899414,37.864013671875,31.843128204345703
2009-09-18,57.95624542236328,64.87127685546875,56.34409713745117,37.903892517089844,31.824575424194336
2009-09-17,58.47673416137695,64.93319702148438,56.700984954833984,37.854061126708984,31.913692474365234
2009-09-16,57.75046157836914,64.84026336669922,56.42402267456055,37.9437370300293,31.858015060424805
2009-09-15,57.64754867553711,64.92543029785156,56.24824905395508,37.485374450683594,31.45319366455078
2009-09-14,57.94413757324219,64.89446258544922,56.280242919921875,36.977203369140625,31.23040771484375
2009-09-11,58.52510452270508,64.93319702148438,56.56781768798828,36.867618560791016,31.193273544311523
2009-09-10,58.204383850097656,64.95645141601562,56.0618896484375,36.71813201904297,30.899927139282227
2009-09-09,57.15131378173828,64.91777801513672,55.69438552856445,36.100337982177734,30.42829132080078
2009-09-08,57.21784973144531,64.91002655029297,55.71034622192383,36.3195686340332,30.717954635620117
2009-09-04,57.62334060668945,64.90221405029297,55.85411071777344,35.8911018371582,30.287174224853516
2009-09-03,58.621971130371094,64.93319702148438,55.816864013671875,35.47260284423828,30.056955337524414
2009-09-02,58.98511505126953,64.99510192871094,55.720985412597656,35.3530387878418,29.86383819580078
2009-09-01,58.13779830932617,64.92543029785156,55.555850982666016,35.95088195800781,30.02351188659668
2009-08-31,58.27882766723633,64.87287139892578,55.83597946166992,36.118309020996094,30.30832290649414
2009-08-28,58.22454833984375,64.82644653320312,55.56568908691406,36.078861236572266,30.304676055908203
2009-08-27,57.95906066894531,64.7568130493164,55.2900390625,35.82255172729492,30.153703689575195
2009-08-26,58.18830108642578,64.76457977294922,55.544456481933594,35.95069885253906,30.30832290649414
2009-08-25,57.92284393310547,64.7259292602539,55.1786994934082,35.871856689453125,30.19053840637207
2009-08-24,57.59706115722656,64.7259292602539,55.083248138427734,35.78312683105469,30.19422721862793
2009-08-21,56.5714111328125,64.64864349365234,54.80232620239258,35.96055221557617,30.352521896362305
2009-08-20,57.760005950927734,64.7491683959961,55.051490783691406,35.79297637939453,29.943859100341797
2009-08-19,57.289432525634766,64.76457977294922,54.791717529296875,35.7535514831543,30.035879135131836
2009-08-18,56.818843841552734,64.73369598388672,54.616798400878906,35.57610321044922,29.914392471313477
2009-08-17,57.1506233215332,64.7491683959961,54.7546501159668,35.09307861328125,29.406322479248047
2009-08-14,56.31810760498047,64.67961120605469,54.66449737548828,36.02954864501953,30.142662048339844
2009-08-13,56.10087966918945,64.6332015991211,54.67509460449219,35.832435607910156,30.293611526489258
2009-08-12,55.31658172607422,64.52494812011719,54.15029525756836,36.27600860595703,30.68390464782715
2009-08-11,55.91386413574219,64.50177001953125,54.62737274169922,36.27600860595703,30.761205673217773
2009-08-10,55.27436828613281,64.43221282958984,54.34642028808594,36.38444137573242,30.834850311279297
2009-08-07,54.59263610839844,64.33172607421875,54.176815032958984,36.601318359375,30.694934844970703
2009-08-06,55.0511474609375,64.43985748291016,54.18741989135742,35.80284881591797,30.481401443481445
2009-08-05,54.864131927490234,64.43985748291016,54.33579635620117,36.078861236572266,30.72438621520996
2009-08-04,55.6966667175293,64.4631576538086,54.32523727416992,35.94084548950195,30.823801040649414
2009-08-03,56.14310073852539,64.51719665527344,54.600914001464844,36.23654556274414,30.89006233215332
2009-07-31,57.00709915161133,64.60845947265625,55.11402130126953,36.15081024169922,30.831514358520508
2009-07-30,55.91875076293945,64.50032043457031,54.396507263183594,35.82908630371094,30.338651657104492
2009-07-29,55.137115478515625,64.49267578125,54.10100555419922,35.35136413574219,30.090412139892578
2009-07-28,54.8364143371582,64.53118896484375,53.76331329345703,35.244136810302734,29.988195419311523
2009-07-27,54.35541915893555,64.56983184814453,53.55760955810547,35.19538116455078,29.95532989501953
2009-07-24,54.98677444458008,64.61613464355469,53.67893600463867,35.06862258911133,29.90055274963379
2009-07-23,54.72220993041992,64.57755279541016,53.53118896484375,34.80537414550781,29.72531509399414
2009-07-22,55.7443962097168,64.69335174560547,53.62090301513672,34.600669860839844,29.42595100402832
2009-07-21,56.24944305419922,64.7242660522461,53.76331329345703,34.503177642822266,29.38943862915039
2009-07-20,55.14909744262695,64.64710235595703,53.0141716003418,34.503177642822266,29.247055053710938
2009-07-17,54.86051940917969,64.65478515625,52.797847747802734,34.01567077636719,28.845458984375
2009-07-16,55.7203254699707,64.6779556274414,52.961368560791016,33.85969543457031,28.819910049438477
2009-07-15,55.12506103515625,64.57755279541016,52.59730529785156,33.635467529296875,28.732290267944336
2009-07-14,56.580108642578125,64.73197937011719,53.08796691894531,33.05051040649414,28.111650466918945
2009-07-13,57.536190032958984,64.77828216552734,53.20404815673828,32.94324493408203,28.002113342285156
2009-07-10,57.860877990722656,64.81692504882812,53.23575210571289,32.79701614379883,27.940031051635742
2009-07-09,57.33173370361328,64.755126953125,53.02473831176758,33.148014068603516,28.155471801757812
2009-07-08,58.02322769165039,64.78599548339844,53.00361633300781,32.758018493652344,27.757492065429688
2009-07-07,56.971004486083984,64.68563842773438,52.523494720458984,32.767784118652344,27.589553833007812
2009-07-06,56.59217834472656,64.69335174560547,52.73452377319336,32.8165168762207,27.980192184448242
2009-07-02,56.70043182373047,64.67022705078125,52.60785675048828,33.118743896484375,28.40369987487793
2009-07-01,56.568138122558594,64.60069274902344,52.60258483886719,33.557464599609375,28.907522201538086
2009-06-30,56.680545806884766,64.53746032714844,52.673828125,33.91722106933594,28.836336135864258
2009-06-29,56.776458740234375,64.54511260986328,52.68955993652344,33.849761962890625,28.702484130859375
2009-06-26,56.692543029785156,64.54511260986328,52.74736404418945,33.579891204833984,28.34795570373535
2009-06-25,56.59664535522461,64.51429748535156,52.72107696533203,33.36781692504883,28.355182647705078
2009-06-24,55.5777587890625,64.39096069335938,52.31140899658203,33.44495391845703,28.087482452392578
2009-06-23,56.14112854003906,64.39862823486328,52.39545822143555,33.21364212036133,27.94637680053711
2009-06-22,55.48787307739258,64.39862823486328,51.975189208984375,33.32928466796875,27.89935874938965
2009-06-19,54.954429626464844,64.31381225585938,51.7861442565918,33.762996673583984,28.28284454345703
2009-06-18,54.21125411987305,64.27532196044922,51.397430419921875,33.62808609008789,28.253910064697266
2009-06-17,55.0443229675293,64.38321685791016,52.059242248535156,33.2522087097168,27.986167907714844
2009-06-16,55.355995178222656,64.31381225585938,51.996280670166016,33.63771438598633,28.148984909057617
2009-06-15,54.40900802612305,64.24445343017578,52.02771759033203,33.579891204833984,28.420284271240234
2009-06-12,53.92353820800781,64.19822692871094,52.01201629638672,34.322044372558594,28.84718132019043
2009-06-11,53.44409942626953,64.1287841796875,51.62853240966797,34.23528289794922,28.698871612548828
2009-06-10,52.85670471191406,64.1211166381836,51.4499626159668,34.216026306152344,28.633747100830078
2009-06-09,53.7017936706543,64.1287841796875,51.602294921875,34.10035705566406,28.597572326660156
2009-06-08,53.70781326293945,63.98231887817383,51.213584899902344,33.92686080932617,28.543304443359375
2009-06-05,53.845619201660156,64.15196228027344,51.31862258911133,33.869041442871094,28.49266242980957
2009-06-04,54.25923156738281,64.57598876953125,51.59178161621094,33.656978607177734,28.4022159576416
2009-06-03,55.403968811035156,64.63761138916016,51.817657470703125,33.54134750366211,28.31540870666504
2009-06-02,54.888511657714844,64.52201843261719,51.555030822753906,33.80155563354492,28.478199005126953
2009-06-01,54.594844818115234,64.54511260986328,51.1767578125,34.061805725097656,28.561405181884766
2009-05-29,56.25802230834961,64.59832763671875,51.19363784790039,33.33891677856445,27.901159286499023
2009-05-28,54.842140197753906,64.50601959228516,50.45140838623047,33.20559310913086,27.693281173706055
2009-05-27,54.05956268310547,64.51367950439453,50.26332092285156,32.776912689208984,27.596494674682617
2009-05-26,55.033355712890625,64.5290298461914,50.61347961425781,32.776912689208984,27.546314239501953
2009-05-22,55.875694274902344,64.61372375488281,50.63439178466797,33.00553894042969,27.618000030517578
2009-05-21,56.502952575683594,64.59832763671875,50.70232391357422,32.3006706237793,27.241628646850586
2009-05-20,57.96066665649414,64.68290710449219,51.22499084472656,32.74837112426758,27.596494674682617
2009-05-19,57.35727310180664,64.59832763671875,50.93231201171875,32.481666564941406,27.195032119750977
2009-05-18,57.66193771362305,64.55989837646484,50.72846603393555,31.948238372802734,27.01582145690918
2009-05-15,58.56999588012695,64.62144470214844,50.8016242980957,31.386205673217773,26.45305061340332
2009-05-14,58.58790969848633,64.62914276123047,50.812103271484375,32.005374908447266,26.829423904418945
2009-05-13,58.360897064208984,64.60601043701172,50.69712448120117,31.824392318725586,27.11617660522461
2009-05-12,57.7336540222168,64.57525634765625,50.79117965698242,32.491146087646484,27.474620819091797
2009-05-11,57.52451705932617,64.58294677734375,50.65007400512695,32.58642578125,27.367088317871094
2009-05-08,56.718040466308594,64.47518920898438,50.498470306396484,31.833908081054688,27.510467529296875
2009-05-07,56.58061981201172,64.42897033691406,50.179691314697266,31.395755767822266,27.026565551757812
2009-05-06,57.99647521972656,64.52143859863281,50.66571807861328,31.910118103027344,27.478208541870117
2009-05-05,58.13393020629883,64.4828109741211,50.441017150878906,31.719619750976562,27.25238800048828
2009-05-04,58.205589294433594,64.49825286865234,50.278995513916016,31.338592529296875,27.019405364990234
2009-05-01,58.01441192626953,64.51367950439453,50.158790588378906,31.4338436126709,27.083927154541016
2009-04-30,58.41645812988281,64.56216430664062,50.034393310546875,31.146190643310547,27.12657928466797
2009-04-29,58.64876174926758,64.50836181640625,50.065608978271484,30.544151306152344,26.91673469543457
2009-04-28,59.17286682128906,64.4776611328125,49.82632827758789,30.1396427154541,26.42589569091797
2009-04-27,60.15559387207031,64.53911590576172,49.987579345703125,30.036155700683594,26.369014739990234
2009-04-24,59.8995246887207,64.46231079101562,50.04997634887695,30.177265167236328,26.578840255737305
2009-04-23,60.50701904296875,64.46231079101562,49.94076156616211,29.92327308654785,26.173397064208984
2009-04-22,60.512939453125,64.50836181640625,49.982391357421875,29.960912704467773,26.201839447021484
2009-04-21,60.882240295410156,64.50836181640625,50.1071891784668,29.970321655273438,26.077363967895508
2009-04-20,61.48976516723633,64.50066375732422,49.9511604309082,29.358858108520508,25.785728454589844
2009-04-17,60.5725212097168,64.43924713134766,50.226802825927734,30.798128128051758,26.7637882232666
2009-04-16,61.24555587768555,64.50836181640625,50.28924560546875,30.186689376831055,26.1911678314209
2009-04-15,61.733970642089844,64.60054779052734,50.07600021362305,29.39650535583496,25.78217124938965
2009-04-14,61.84115219116211,64.56982421875,49.691139221191406,28.691011428833008,25.56520652770996
2009-04-13,61.51956558227539,64.51607513427734,49.56109619140625,28.9167423248291,25.696807861328125
2009-04-09,60.959686279296875,64.39315795898438,49.0877571105957,28.61573028564453,25.714595794677734
2009-04-08,61.733970642089844,64.4699478149414,48.7601432800293,28.12657356262207,25.00324821472168
2009-04-07,61.192012786865234,64.4699478149414,48.276363372802734,28.12657356262207,24.711599349975586
2009-04-06,61.03709411621094,64.4468994140625,48.29718017578125,28.192434310913086,24.999696731567383
2009-04-03,61.299156188964844,64.40081787109375,48.3232307434082,28.36174964904785,25.081506729125977
2009-04-02,62.579742431640625,64.54676818847656,48.62489700317383,27.90080451965332,24.73296356201172
2009-04-01,63.3539924621582,64.65435028076172,48.60928726196289,27.15765953063965,23.8651180267334
2009-03-31,62.78101348876953,64.66893005371094,48.682621002197266,27.268648147583008,23.827434539794922
2009-03-30,62.335636138916016,64.57687377929688,48.28430938720703,26.78700828552246,23.458417892456055
2009-03-27,62.09804916381836,64.51551818847656,48.32054901123047,27.53727912902832,24.611129760742188
2009-03-26,61.64070510864258,64.4848861694336,48.170555114746094,27.435386657714844,24.864158630371094
2009-03-25,60.93404769897461,64.4005126953125,47.92225646972656,27.324241638183594,24.484603881835938
2009-03-24,61.76545333862305,64.41585540771484,48.15507125854492,27.13898277282715,24.354581832885742
2009-03-23,61.18342208862305,64.50016784667969,48.63608932495117,27.472423553466797,24.308881759643555
2009-03-20,61.717994689941406,64.55392456054688,48.48610305786133,27.092676162719727,23.816875457763672
2009-03-19,62.062442779541016,64.4771957397461,48.982643127441406,26.638813018798828,23.86256980895996
2009-03-18,61.98521423339844,64.55392456054688,48.87919235229492,26.72217559814453,24.073427200317383
2009-03-17,59.722412109375,64.30850982666016,47.86024475097656,26.462820053100586,23.5322208404541
2009-03-16,60.04905700683594,64.32383728027344,47.98955535888672,26.268306732177734,23.665771484375
2009-03-13,61.01122283935547,64.4081802368164,47.92225646972656,26.0552921295166,23.5322208404541
2009-03-12,61.320045471191406,64.35450744628906,47.482635498046875,25.832983016967773,23.479501724243164
2009-03-11,61.02906036376953,64.33147430419922,47.52400207519531,25.314287185668945,23.09644317626953
2009-03-10,60.37577438354492,64.3008041381836,47.508487701416016,24.8233642578125,22.734455108642578
2009-03-09,61.55760192871094,64.33914184570312,46.83091735839844,23.943429946899414,21.662572860717773
2009-03-06,61.91987228393555,64.4005126953125,48.15507125854492,24.350988388061523,21.789093017578125
2009-03-05,62.335636138916016,64.44652557373047,48.05158996582031,24.34172248840332,21.894529342651367
2009-03-04,60.648948669433594,64.36981201171875,48.180908203125,24.990089416503906,22.983980178833008
2009-03-03,60.92810821533203,64.43887329101562,48.196414947509766,25.2031307220459,22.987489700317383
2009-03-02,61.33787155151367,64.49253845214844,48.46022415161133,25.2031307220459,22.896116256713867
2009-02-27,60.338890075683594,64.34758758544922,48.45399475097656,25.845022201538086,23.38146209716797
2009-02-26,60.6883544921875,64.3093032836914,48.79362869262695,26.036741256713867,23.739564895629883
2009-02-25,61.333866119384766,64.27865600585938,49.107566833496094,26.383665084838867,24.2193603515625
2009-02-24,62.050537109375,64.40115356445312,49.786800384521484,27.114013671875,24.337574005126953
2009-02-23,62.115684509277344,64.44715118408203,49.9669189453125,26.045869827270508,23.99684715270996
2009-02-20,61.547142028808594,64.45481872558594,50.136695861816406,27.27832794189453,24.61570930480957
2009-02-19,60.95484924316406,64.40115356445312,50.34770202636719,27.132259368896484,24.980772018432617
2009-02-18,62.00908279418945,64.4241943359375,50.764549255371094,26.967931747436523,24.855609893798828
2009-02-17,62.54210662841797,64.53140258789062,51.016700744628906,27.479171752929688,25.0051326751709
2009-02-13,60.65282440185547,64.36292266845703,50.73879623413086,28.428604125976562,25.65874481201172
2009-02-12,62.31108474731445,64.48545837402344,51.12989044189453,28.382965087890625,25.557924270629883
2009-02-11,62.90336990356445,64.4088363647461,51.0887336730957,28.519908905029297,25.637880325317383
2009-02-10,62.09791946411133,64.4241943359375,50.913780212402344,28.428604125976562,25.69700050354004
2009-02-09,60.77721405029297,64.27865600585938,50.666748046875,28.675107955932617,25.867353439331055
2009-02-06,60.581764221191406,64.30164337158203,50.57414245605469,28.7390193939209,25.6691837310791
2009-02-05,60.77122116088867,64.3399429321289,50.275634765625,28.236907958984375,25.16156578063965
2009-02-04,60.717987060546875,64.3245849609375,50.71821212768555,28.3555908203125,25.370201110839844
2009-02-03,60.931175231933594,64.4317855834961,50.69763946533203,28.483386993408203,25.391042709350586
2009-02-02,62.4177131652832,64.50074768066406,50.86743927001953,28.227767944335938,25.34586524963379
2009-01-30,61.277610778808594,64.44103240966797,51.11393356323242,28.779170989990234,25.897615432739258
2009-01-29,61.472599029541016,64.40280151367188,50.755496978759766,28.887510299682617,25.78059959411621
2009-01-28,62.91958236694336,64.5251693725586,51.36998748779297,29.438186645507812,26.438018798828125
2009-01-27,64.53202056884766,64.54808807373047,50.965423583984375,28.688880920410156,25.53275489807129
2009-01-26,63.049503326416016,64.479248046875,50.02320861816406,28.725019454956055,25.298707962036133
2009-01-23,63.6047248840332,64.56330108642578,50.473907470703125,28.327810287475586,25.233287811279297
2009-01-22,64.10679626464844,64.57862091064453,50.811824798583984,28.544458389282227,25.642906188964844
2009-01-21,65.36478424072266,64.54808807373047,51.00126647949219,28.30071449279785,25.711715698242188
2009-01-20,67.4969482421875,64.6474380493164,51.25730514526367,27.894508361816406,25.708297729492188
2009-01-16,67.50875091552734,64.61685943603516,52.0254020690918,29.14929962158203,26.155765533447266
2009-01-15,68.56603240966797,64.5862808227539,52.0254020690918,28.336841583251953,25.945816040039062
2009-01-14,68.45376586914062,64.65504455566406,51.923011779785156,28.2556095123291,26.049055099487305
2009-01-13,67.34336853027344,64.57862091064453,52.15339279174805,29.681901931762695,26.38640594482422
2009-01-12,67.27246856689453,64.57101440429688,52.266075134277344,29.483293533325195,26.482770919799805
2009-01-09,66.58145904541016,64.55567932128906,52.53744125366211,29.555519104003906,27.071327209472656
2009-01-08,66.4810562133789,64.50982666015625,51.892295837402344,29.113195419311523,26.678953170776367
2009-01-07,66.53423309326172,64.49455261230469,51.5235595703125,29.492341995239258,27.071327209472656
2009-01-06,66.27433776855469,64.5403823852539,51.958831787109375,30.395076751708984,27.570404052734375
2009-01-05,66.94763946533203,64.50982666015625,51.87177658081055,29.790252685546875,27.33982276916504
2009-01-02,68.71955871582031,64.37981414794922,51.518436431884766,28.788183212280273,26.080020904541016
2008-12-31,70.49140167236328,64.72386932373047,52.051029205322266,29.239559173583984,26.162660598754883
2008-12-30,71.9975357055664,64.7544937133789,51.9537467956543,27.94864273071289,25.993989944458008
2008-12-29,71.31830596923828,64.6932601928711,51.503116607666016,27.732009887695312,25.91482925415039
2008-12-26,71.40396881103516,64.55108642578125,51.343345642089844,28.42620849609375,25.741350173950195
2008-12-24,71.16846466064453,64.47494506835938,51.24644470214844,28.069324493408203,25.259403228759766
2008-12-23,71.32154846191406,64.45977783203125,51.11896896362305,26.133190155029297,25.662734985351562
2008-12-22,71.41574096679688,64.44446563720703,50.950714111328125,25.972599029541016,25.293588638305664
2008-12-19,71.96910095214844,64.5663070678711,50.3438835144043,25.78525161743164,24.31943702697754
2008-12-18,71.89250946044922,64.62725830078125,51.10367202758789,25.874469757080078,24.483510971069336
2008-12-17,70.41499328613281,64.59676361083984,49.895179748535156,24.884075164794922,23.140195846557617
2008-12-16,68.55487060546875,64.73381805419922,49.16600799560547,25.062524795532227,22.56254768371582
2008-12-15,66.90072631835938,64.70341491699219,48.176780700683594,24.214914321899414,22.152393341064453
2008-12-12,66.14727783203125,64.65763092041016,48.1920280456543,24.089998245239258,22.26860809326172
2008-12-11,66.14727783203125,64.62725830078125,47.93202590942383,24.393362045288086,21.964399337768555
2008-12-10,66.01776123046875,64.47494506835938,47.76884460449219,24.687803268432617,22.135297775268555
2008-12-09,66.17670440673828,64.55875396728516,47.65662384033203,24.79486656188965,22.152393341064453
2008-12-08,64.89344787597656,64.36074829101562,47.335384368896484,25.026826858520508,22.31987190246582
2008-12-05,65.03469848632812,64.4520492553711,46.8509635925293,24.634265899658203,22.063528060913086
2008-12-04,66.10608673095703,64.52825164794922,47.17224884033203,24.616424560546875,22.053264617919922
2008-12-03,64.82866668701172,64.51299285888672,47.12636184692383,24.848384857177734,22.183135986328125
2008-12-02,64.64617919921875,64.45977783203125,46.80002975463867,24.848384857177734,22.179737091064453
2008-12-01,64.39896392822266,64.46732330322266,46.44814682006836,24.803783416748047,21.94389533996582
2008-11-28,62.023738861083984,64.36148071289062,45.73323440551758,24.99563217163086,22.406002044677734
2008-11-26,61.26689529418945,64.32355499267578,45.86516189575195,25.383014678955078,22.49054718017578
2008-11-25,61.18473434448242,64.12618255615234,46.10869216918945,24.705076217651367,21.97986602783203
2008-11-24,59.43647766113281,64.07301330566406,45.8905143737793,24.458526611328125,21.753284454345703
2008-11-21,60.38100051879883,64.23246765136719,46.09348678588867,23.94789695739746,21.65519905090332
2008-11-20,61.26689529418945,64.33870697021484,45.56582260131836,24.2120304107666,21.442138671875
2008-11-19,58.257240295410156,64.21727752685547,46.06809616088867,25.10127067565918,22.179428100585938
2008-11-18,56.80228805541992,64.12618255615234,45.99708557128906,25.9729061126709,22.964040756225586
2008-11-17,56.080657958984375,64.05789184570312,45.941287994384766,26.791715621948242,23.457841873168945
2008-11-14,55.8342399597168,63.94401168823242,45.611488342285156,27.11746597290039,23.82646369934082
2008-11-13,54.74888610839844,63.9592399597168,45.62165069580078,27.425621032714844,24.120702743530273
2008-11-12,56.09241485595703,64.11862182617188,45.93621826171875,27.531265258789062,24.249208450317383
2008-11-11,55.73454666137695,64.01993560791016,45.94633483886719,28.03311538696289,24.597558975219727
2008-11-10,55.57025146484375,63.97444534301758,45.79920196533203,27.865835189819336,24.641536712646484
2008-11-07,55.30036163330078,63.777069091796875,45.77894592285156,28.041942596435547,24.638153076171875
2008-11-06,55.66410827636719,63.89085006713867,46.1036262512207,28.12996482849121,24.384498596191406
2008-11-05,56.06890106201172,63.8681526184082,45.7890625,27.980287551879883,24.384498596191406
2008-11-04,55.411869049072266,63.75431823730469,44.91641616821289,27.865835189819336,24.58743667602539
2008-11-03,54.39103698730469,63.777069091796875,44.611995697021484,27.909862518310547,24.3134765625
2008-10-31,54.24439239501953,63.65787887573242,44.24923324584961,27.282102584838867,24.117332458496094
2008-10-30,54.9572639465332,63.62775421142578,44.43098449707031,27.49966049194336,24.10726547241211
2008-10-29,55.45974349975586,63.57476043701172,44.7641716003418,27.38654899597168,23.464155197143555
2008-10-28,55.74024200439453,63.5369987487793,44.02203369140625,27.351734161376953,22.4425048828125
2008-10-27,56.56420135498047,63.46139144897461,44.31485366821289,27.395238876342773,22.191287994384766
2008-10-24,56.52328109741211,63.6201286315918,44.60261154174805,26.803482055664062,23.38039207458496
2008-10-23,57.13101577758789,63.567203521728516,44.425926208496094,27.717235565185547,23.979978561401367
2008-10-22,56.710269927978516,63.6049919128418,44.14826583862305,27.473552703857422,23.581369400024414
2008-10-21,55.58247756958008,63.514217376708984,44.6631965637207,28.039243698120117,23.778995513916016
2008-10-20,55.29031753540039,63.38574981689453,44.22399139404297,28.178466796875,23.916332244873047
2008-10-17,54.8520622253418,63.43114471435547,42.91649627685547,28.065343856811523,23.447410583496094
2008-10-16,55.231903076171875,63.38574981689453,43.28498077392578,28.448230743408203,23.73211097717285
2008-10-15,55.518226623535156,63.42350769042969,42.83565902709961,30.25833511352539,24.666643142700195
2008-10-14,54.992305755615234,63.211856842041016,42.83565902709961,30.858814239501953,25.792142868041992
2008-10-13,55.348751068115234,63.196712493896484,43.51720428466797,27.84777069091797,25.624652862548828
2008-10-10,56.067466735839844,63.47646713256836,41.24541473388672,25.028186798095703,22.824369430541992
2008-10-09,56.46485900878906,63.378173828125,43.64848327636719,29.27496337890625,24.45563316345215
2008-10-08,56.94402313232422,63.34037780761719,44.84495162963867,29.0487117767334,25.038461685180664
2008-10-07,57.77376174926758,63.61252975463867,45.168052673339844,30.641237258911133,26.13044548034668
2008-10-06,57.94904708862305,63.59745407104492,44.34008026123047,32.085845947265625,26.579294204711914
2008-10-03,56.914798736572266,63.46894454956055,44.860103607177734,32.72113037109375,27.58082389831543
2008-10-02,56.41810989379883,63.29503631591797,44.88026809692383,33.47822952270508,27.68132209777832
2008-10-01,55.96818161010742,63.15890884399414,45.541622161865234,33.97426986694336,28.421606063842773
2008-09-30,55.27281951904297,62.96238327026367,45.125144958496094,33.717552185058594,27.2358455657959
2008-09-29,56.653465270996094,63.210968017578125,41.10963439941406,32.96731185913086,26.312475204467773
2008-09-26,55.05143737792969,62.84935760498047,45.23066329956055,34.45054626464844,28.630834579467773
2008-09-25,54.65529251098633,62.84935760498047,46.4870719909668,34.6143913269043,28.730472564697266
2008-09-24,54.76597213745117,62.96238327026367,46.28606414794922,35.356021881103516,29.481107711791992
2008-09-23,54.527103424072266,62.82670974731445,46.40668487548828,35.49395751953125,29.218730926513672
2008-09-22,54.73685073852539,62.78150177001953,46.88913345336914,35.476749420166016,29.5076904296875
2008-09-19,54.74267578125,62.73636245727539,46.612701416015625,35.33015060424805,29.534259796142578
2008-09-18,56.53694152832031,63.09046936035156,45.200523376464844,34.2780876159668,29.162246704101562
2008-09-17,57.37582778930664,63.2939453125,44.59238815307617,33.25187683105469,27.02989387512207
2008-09-16,57.090328216552734,62.99251937866211,46.73331832885742,33.97624969482422,28.75704002380371
2008-09-15,57.1020393371582,63.10553741455078,49.89945983886719,35.15764617919922,29.43461036682129
2008-09-12,55.307708740234375,62.66097640991211,50.2713737487793,36.175235748291016,30.557260513305664
2008-09-11,56.03013610839844,62.653419494628906,50.65834426879883,36.373558044433594,30.557260513305664
2008-09-10,56.05924606323242,62.676029205322266,51.05535888671875,36.55466842651367,30.557260513305664
2008-09-09,56.40879440307617,62.66097640991211,51.07549285888672,36.64949417114258,30.726655960083008
2008-09-08,55.85536193847656,62.563045501708984,50.89956283569336,36.735755920410156,30.66023826599121
2008-09-05,55.622310638427734,62.59318161010742,50.81413269042969,36.22697448730469,30.696775436401367
2008-09-04,55.65146255493164,62.6157341003418,50.864376068115234,36.606414794921875,30.723342895507812
2008-09-03,55.20875930786133,62.57807540893555,50.849300384521484,36.66679382324219,30.590499877929688
2008-09-02,54.975669860839844,62.555519104003906,50.7487907409668,36.735755920410156,30.490833282470703
2008-08-29,54.46887969970703,62.47633743286133,50.54932403564453,36.497711181640625,30.48419952392578
2008-08-28,54.71266174316406,62.44631576538086,50.64934158325195,36.35231018066406,30.428142547607422
2008-08-27,54.706809997558594,62.47633743286133,50.65935516357422,36.33523178100586,30.385223388671875
2008-08-26,54.614009857177734,62.43879699707031,50.73942947387695,36.35231018066406,30.352218627929688
2008-08-25,54.567543029785156,62.46131896972656,50.67935562133789,36.429317474365234,30.517192840576172
2008-08-22,54.027732849121094,62.35615921020508,50.35417938232422,36.35231018066406,30.352218627929688
2008-08-21,54.06254577636719,62.468814849853516,50.33415985107422,36.43787384033203,30.527084350585938
2008-08-20,54.16121292114258,62.52144241333008,50.63431167602539,36.40362548828125,30.569971084594727
2008-08-19,54.01033020019531,62.43879699707031,50.62934494018555,36.497711181640625,30.57658576965332
2008-08-18,54.219268798828125,62.39372253417969,50.709407806396484,36.53194808959961,30.517192840576172
2008-08-15,54.0045051574707,62.34109115600586,50.68938446044922,36.47209548950195,30.586490631103516
2008-08-14,53.540138244628906,62.29600143432617,50.57429122924805,36.44642639160156,30.517192840576172
2008-08-13,53.19770050048828,62.27354431152344,50.42919921875,36.32665252685547,30.517192840576172
2008-08-12,53.38344192504883,62.2810173034668,50.69438171386719,36.32665252685547,30.47100067138672
2008-08-11,52.89006042480469,62.168296813964844,50.38916778564453,36.2069206237793,30.352218627929688
2008-08-08,53.400848388671875,62.25093460083008,50.619319915771484,36.369468688964844,30.438011169433594
2008-08-07,53.255699157714844,62.30353927612305,50.5693244934082,36.29245376586914,30.385223388671875
2008-08-06,52.40247344970703,62.168296813964844,50.154056549072266,36.37798309326172,30.421504974365234
2008-08-05,52.617279052734375,62.1607551574707,50.07901382446289,36.52339172363281,30.626068115234375
2008-08-04,53.011924743652344,62.190818786621094,50.29911804199219,36.215450286865234,30.41162109375
2008-08-01,53.13386535644531,62.198307037353516,50.294158935546875,36.63460922241211,30.62275505065918
2008-07-31,53.016571044921875,62.18631362915039,50.47624969482422,36.57814407348633,30.760339736938477
2008-07-30,52.496055603027344,62.05893325805664,50.16251754760742,36.679935455322266,30.698095321655273
2008-07-29,52.444034576416016,62.04403305053711,49.9234733581543,36.68846130371094,30.691551208496094
2008-07-28,52.65800476074219,62.09647750854492,50.047935485839844,36.72238540649414,30.68499755859375
2008-07-25,52.13172912597656,61.969146728515625,49.75914001464844,36.69694137573242,30.789825439453125
2008-07-24,52.65800476074219,62.051509857177734,50.02307891845703,36.84120178222656,30.72431755065918
2008-07-23,52.14911651611328,61.87931823730469,49.58483123779297,36.86665725708008,30.652240753173828
2008-07-22,52.2531852722168,61.90922546386719,49.75914001464844,36.781795501708984,30.734130859375
2008-07-21,52.51340103149414,61.961605072021484,49.440391540527344,36.62057876586914,30.6292781829834
2008-07-18,52.310997009277344,61.931705474853516,49.38563537597656,36.39996337890625,30.478607177734375
2008-07-17,52.50767135620117,62.04403305053711,49.47529602050781,36.39996337890625,29.9970645904541
2008-07-16,52.77949523925781,62.13387680053711,49.64461135864258,36.15391159057617,29.908611297607422
2008-07-15,53.751068115234375,62.193817138671875,50.03801345825195,36.484832763671875,29.810354232788086
2008-07-14,53.7684211730957,62.103939056396484,50.047935485839844,36.713905334472656,30.27877426147461
2008-07-11,53.299964904785156,61.961605072021484,50.02307891845703,36.858131408691406,30.350845336914062
2008-07-10,54.06918716430664,62.088924407958984,50.41152572631836,36.79875183105469,30.39018440246582
2008-07-09,54.07495880126953,62.163883209228516,50.70037078857422,36.52721405029297,30.350845336914062
2008-07-08,53.83785629272461,62.05893325805664,50.665489196777344,36.70541000366211,30.45571517944336
2008-07-07,53.49085998535156,62.051509857177734,50.391563415527344,36.467830657958984,30.537578582763672
2008-07-03,53.24797439575195,62.01405334472656,50.157527923583984,36.807247161865234,30.51139259338379
2008-07-02,53.363609313964844,61.90922546386719,50.22227478027344,36.67148208618164,30.524459838867188
2008-07-01,53.08598709106445,61.901702880859375,50.25712203979492,36.951473236083984,30.54738426208496
2008-06-30,53.212074279785156,61.91746139526367,50.280029296875,36.99052810668945,30.579837799072266
2008-06-27,53.2005615234375,61.8801155090332,50.42384338378906,36.94843673706055,30.61237144470215
2008-06-26,52.58397674560547,61.8502082824707,50.473388671875,36.82218551635742,30.696945190429688
2008-06-25,52.23242950439453,61.6709098815918,50.43375015258789,36.94843673706055,30.940914154052734
2008-06-24,52.209381103515625,61.62614822387695,50.39411926269531,36.93159866333008,30.836824417114258
2008-06-23,51.863624572753906,61.51411437988281,50.42384338378906,37.55442428588867,30.966964721679688
2008-06-20,51.75413513183594,61.5812873840332,50.44367599487305,37.67226791381836,31.080812454223633
2008-06-19,51.45449447631836,61.46926498413086,50.41395568847656,37.76483917236328,31.204418182373047
2008-06-18,51.75993728637695,61.588809967041016,50.67676544189453,37.891075134277344,31.40291404724121
2008-06-17,51.327693939208984,61.52901077270508,50.42384338378906,38.1435661315918,31.33456802368164
2008-06-16,51.22401428222656,61.409488677978516,50.26020431518555,38.10149383544922,31.27928352355957
2008-06-13,51.21244430541992,61.372135162353516,50.0816535949707,38.01734924316406,31.718460083007812
2008-06-12,51.321922302246094,61.30496597290039,50.344486236572266,38.160400390625,31.57855224609375
2008-06-11,51.84059143066406,61.60372543334961,50.7758903503418,38.109893798828125,31.63060760498047
2008-06-10,51.96160125732422,61.4991340637207,50.79573440551758,38.11834716796875,31.637123107910156
2008-06-09,52.301551818847656,61.64102554321289,51.088279724121094,38.177249908447266,31.624101638793945
2008-06-06,52.301551818847656,61.95478820800781,51.13289260864258,38.21089553833008,31.523258209228516
2008-06-05,51.63310241699219,61.872623443603516,50.8800048828125,38.219303131103516,31.61111068725586
2008-06-04,51.944297790527344,61.95478820800781,51.15276336669922,38.00048828125,31.474454879760742
2008-06-03,52.41106414794922,61.97721862792969,51.31140899658203,38.08462905883789,31.507003784179688
2008-06-02,52.0364990234375,61.887569427490234,51.11304473876953,38.25297164916992,31.484207153320312
2008-05-30,51.8365592956543,61.76585388183594,50.93803024291992,38.314422607421875,31.746442794799805
2008-05-29,51.49774932861328,61.676429748535156,50.735679626464844,38.030521392822266,31.743192672729492
2008-05-28,51.87099838256836,61.69875717163086,50.98246765136719,37.763275146484375,31.775510787963867
2008-05-27,52.33607864379883,61.81053161621094,51.31317138671875,37.830081939697266,31.62037467956543
2008-05-23,52.69204330444336,61.87761306762695,51.6241455078125,37.830081939697266,31.798120498657227
2008-05-22,52.46240234375,61.758323669433594,51.38722610473633,38.32278060913086,31.988840103149414
2008-05-21,53.088253021240234,61.92967224121094,51.95976257324219,38.53155517578125,32.03730010986328
2008-05-20,53.076759338378906,61.99678421020508,52.18682098388672,38.506507873535156,32.09550476074219
2008-05-19,52.801185607910156,61.90739059448242,52.16706848144531,38.56496047973633,32.15690231323242
2008-05-16,52.7322998046875,61.840328216552734,52.1572151184082,38.34785842895508,32.03085708618164
2008-05-15,52.95045471191406,61.82539749145508,52.22628402709961,38.381248474121094,31.98561668395996
2008-05-14,52.4738655090332,61.77326202392578,51.880775451660156,38.24763107299805,31.90157127380371
2008-05-13,52.45090103149414,61.8180046081543,51.851165771484375,38.24763107299805,31.946813583374023
2008-05-12,53.03084182739258,61.92230224609375,52.1473274230957,38.381248474121094,31.95652198791504
2008-05-09,53.11119079589844,62.04143524169922,52.19670867919922,38.21421432495117,31.998533248901367
2008-05-08,52.91599655151367,62.01913070678711,52.19670867919922,38.34785842895508,31.9306640625
2008-05-07,52.44515609741211,61.96695327758789,51.96472930908203,38.34785842895508,31.998533248901367
2008-05-06,52.221221923828125,61.8924674987793,51.82645797729492,38.314422607421875,31.975919723510742
2008-05-05,52.60023498535156,61.855201721191406,52.16216278076172,38.506507873535156,32.20536422729492
2008-05-02,52.60023498535156,61.78812789916992,52.088069915771484,38.389610290527344,32.257102966308594
2008-05-01,53.27197265625,61.870121002197266,52.394142150878906,38.698543548583984,32.58681106567383
2008-04-30,53.26850891113281,61.980369567871094,52.08660888671875,38.16659927368164,31.908681869506836
2008-04-29,52.890907287597656,61.86135482788086,51.79667282104492,38.17490005493164,31.876571655273438
2008-04-28,52.69071578979492,61.87629318237305,51.63450622558594,38.1500129699707,31.969741821289062
2008-04-25,52.530521392822266,61.8093376159668,51.38878631591797,37.967647552490234,31.783348083496094
2008-04-24,52.83945846557617,61.801963806152344,51.36423110961914,37.98422622680664,31.63228416442871
2008-04-23,53.29143524169922,61.97295379638672,51.43301010131836,38.01740264892578,31.622661590576172
2008-04-22,53.46877670288086,61.97295379638672,51.27574920654297,37.884761810302734,31.494098663330078
2008-04-21,53.28570556640625,61.95066452026367,51.38878631591797,37.76868438720703,31.45235824584961
2008-04-18,53.07400131225586,62.010128021240234,51.555843353271484,37.785282135009766,31.503751754760742
2008-04-17,53.11978530883789,62.04729080200195,51.329837799072266,37.511695861816406,31.291627883911133
2008-04-16,53.21131896972656,62.15885543823242,51.19711685180664,37.379093170166016,31.259506225585938
2008-04-15,53.73764419555664,62.29262924194336,51.492000579833984,37.287899017333984,31.124553680419922
2008-04-14,54.41278076171875,62.37446212768555,51.60008239746094,37.26300048828125,31.12774085998535
2008-04-11,54.73311233520508,62.41159439086914,51.91952896118164,37.24641418457031,31.01850128173828
2008-04-10,54.36696243286133,62.307491302490234,51.870391845703125,37.44540786743164,31.26915740966797
2008-04-09,54.5500373840332,62.32985305786133,51.82123947143555,37.296165466308594,31.15667724609375
2008-04-08,53.9893798828125,62.210853576660156,51.973609924316406,37.37078857421875,31.42983055114746
2008-04-07,54.178165435791016,62.17366027832031,52.160301208496094,37.130332946777344,31.32377052307129
2008-04-04,54.46424102783203,62.29262924194336,52.101356506347656,37.04751205444336,31.07631492614746
2008-04-03,53.97222900390625,62.18113327026367,51.477237701416016,36.840232849121094,30.957412719726562
2008-04-02,53.852054595947266,62.225738525390625,51.45269775390625,36.71588897705078,31.012069702148438
2008-04-01,53.73764419555664,62.27779006958008,51.36423110961914,36.87343978881836,30.996009826660156
2008-03-31,54.626731872558594,62.5037727355957,51.44623947143555,36.79629135131836,30.860380172729492
2008-03-28,54.433040618896484,62.488956451416016,51.30935287475586,36.79629135131836,30.723085403442383
2008-03-27,53.90888595581055,62.459251403808594,51.035491943359375,36.566062927246094,30.707155227661133
2008-03-26,54.290565490722656,62.392520904541016,51.348445892333984,36.607177734375,30.80611801147461
2008-03-25,54.518489837646484,62.25897979736328,51.2849006652832,36.57433319091797,30.8795223236084
2008-03-24,54.290565490722656,62.21448516845703,51.0550422668457,36.39337921142578,30.799726486206055
2008-03-20,55.36157989501953,62.47407913208008,51.15287780761719,36.13024139404297,30.566679000854492
2008-03-19,55.22487258911133,62.54833984375,50.883872985839844,35.89181137084961,30.423030853271484
2008-03-18,54.324798583984375,62.481571197509766,50.6638069152832,35.97404098510742,30.391115188598633
2008-03-17,54.5355339050293,62.70415115356445,50.756744384765625,35.68626403808594,29.950536727905273
2008-03-14,54.119667053222656,62.563175201416016,50.345924377441406,35.842472076416016,30.091035842895508
2008-03-13,53.45884704589844,62.37771987915039,50.37529754638672,36.179603576660156,30.272994995117188
2008-03-12,53.88041305541992,62.40729522705078,50.92792892456055,36.42628479003906,30.48687171936035
2008-03-11,52.860687255859375,62.207035064697266,50.32149124145508,36.5907096862793,30.49324607849121
2008-03-10,53.31643295288086,62.518680572509766,50.90347671508789,36.54961395263672,30.416624069213867
2008-03-07,52.541683197021484,62.45185852050781,50.91326141357422,36.640079498291016,30.48687171936035
2008-03-06,52.47329330444336,62.481571197509766,51.020782470703125,36.74699401855469,30.550716400146484
2008-03-05,52.19420623779297,62.29607391357422,51.089298248291016,36.763404846191406,30.630523681640625
2008-03-04,52.82652282714844,62.33316421508789,51.45113754272461,36.71409225463867,30.54434585571289
2008-03-03,53.344940185546875,62.34797668457031,51.75436782836914,36.82914352416992,30.579456329345703
2008-02-29,53.4827995300293,62.34577178955078,51.755348205566406,36.6260871887207,30.57114601135254
2008-02-28,52.676841735839844,62.13102722167969,51.42913055419922,36.7812614440918,30.68851089477539
2008-02-27,51.7573356628418,61.98289108276367,51.05898666381836,36.78940963745117,30.732919692993164
2008-02-26,51.711917877197266,61.908912658691406,51.107688903808594,36.903751373291016,30.739273071289062
2008-02-25,51.69489288330078,61.819984436035156,50.742454528808594,36.83025360107422,30.54261016845703
2008-02-22,52.22842788696289,61.916236877441406,51.068695068359375,36.903751373291016,30.450624465942383
2008-02-21,52.529273986816406,61.98289108276367,51.268375396728516,36.87926483154297,30.396686553955078
2008-02-20,51.97868728637695,61.812599182128906,50.917755126953125,36.99356460571289,30.292022705078125
2008-02-19,51.621124267578125,61.88663864135742,50.80570602416992,37.050743103027344,30.21270179748535
2008-02-15,52.14899444580078,61.931129455566406,51.312232971191406,36.87107849121094,30.36812973022461
2008-02-14,51.751678466796875,61.99772644042969,51.14664840698242,37.03439712524414,30.44426727294922
2008-02-13,52.5235595703125,62.04212951660156,51.258602142333984,36.99356460571289,30.295188903808594
2008-02-12,53.08548355102539,62.01990509033203,51.77971267700195,37.03439712524414,30.37448501586914
2008-02-11,53.40329360961914,61.99772644042969,51.85274887084961,36.93641662597656,30.260316848754883
2008-02-08,53.181968688964844,61.97551727294922,51.69691467285156,37.058902740478516,30.50136375427246
2008-02-07,52.5803337097168,61.864402770996094,51.50215530395508,37.1078987121582,30.732919692993164
2008-02-06,53.738224029541016,61.94584655761719,52.10106658935547,37.36106872558594,30.862966537475586
2008-02-05,53.902801513671875,61.92363739013672,52.38352966308594,37.459049224853516,30.926414489746094
2008-02-04,53.49413299560547,61.78295135498047,52.203365325927734,37.565216064453125,31.17698860168457
2008-02-01,54.05037307739258,61.77556610107422,52.344600677490234,38.12868881225586,31.170629501342773
2008-01-31,53.7274169921875,61.70817184448242,52.12348175048828,37.93107604980469,31.153512954711914
2008-01-30,53.348411560058594,61.64910125732422,51.95383834838867,37.80936813354492,31.090496063232422
2008-01-29,53.699153900146484,61.604766845703125,51.963523864746094,37.160274505615234,30.970796585083008
2008-01-28,54.0667724609375,61.64161682128906,52.0507926940918,37.11157989501953,30.93927764892578
2008-01-25,54.270362854003906,61.67118835449219,52.06533432006836,36.81139373779297,31.081052780151367
2008-01-24,53.37111282348633,61.5088005065918,51.50791549682617,37.22520446777344,31.03380012512207
2008-01-23,54.462684631347656,61.7007942199707,51.94902420043945,37.30632400512695,30.64943504333496
2008-01-22,54.58712387084961,61.73030090332031,51.8811149597168,37.314453125,30.58955192565918
2008-01-18,54.01020431518555,61.47182846069336,51.769676208496094,37.26573944091797,30.803808212280273
2008-01-17,54.38353729248047,61.42018127441406,51.856868743896484,37.24139404296875,30.564361572265625
2008-01-16,53.68779373168945,61.316715240478516,51.614532470703125,37.83369827270508,30.7817440032959
2008-01-15,54.078102111816406,61.2650260925293,51.692100524902344,37.63087463378906,30.8164119720459
2008-01-14,53.47850799560547,61.21335220336914,51.41574478149414,37.80936813354492,30.737625122070312
2008-01-11,53.280609130859375,61.19116973876953,51.629085540771484,37.79313278198242,30.844762802124023
2008-01-10,52.86771011352539,61.021270751953125,51.25579071044922,37.94730758666992,30.77860450744629
2008-01-09,53.59165573120117,61.021270751953125,51.406097412109375,38.15827941894531,30.55173683166504
2008-01-08,53.489830017089844,61.05083465576172,51.51276779174805,38.531490325927734,30.888872146606445
2008-01-07,53.55210494995117,60.96221923828125,51.60966110229492,38.434120178222656,31.06847381591797
2008-01-04,53.320159912109375,60.99913024902344,51.67270278930664,38.21503448486328,31.254352569580078
2008-01-03,53.3088264465332,60.9105224609375,51.25101089477539,38.580177307128906,31.289011001586914
2008-01-02,53.38237762451172,60.81450271606445,51.42063522338867,38.920928955078125,31.348880767822266
2007-12-31,52.62447738647461,60.70372009277344,50.81953048706055,38.83982467651367,31.733240127563477
2007-12-28,52.30772399902344,60.607666015625,50.722633361816406,38.856040954589844,31.6639347076416
2007-12-27,51.50457000732422,60.533817291259766,50.56266403198242,38.53795623779297,31.975828170776367
2007-12-26,50.94911575317383,60.40160369873047,50.26456832885742,38.53795623779297,31.766311645507812
2007-12-24,51.399803161621094,60.46049880981445,50.250038146972656,38.554115295410156,31.907297134399414
2007-12-21,51.64204788208008,60.51203155517578,50.50582504272461,38.60240173339844,32.02009582519531
2007-12-20,52.408203125,60.60773468017578,50.558902740478516,38.66679763793945,31.91983413696289
2007-12-19,52.5208625793457,60.56356430053711,50.805030822753906,38.68290710449219,31.988737106323242
2007-12-18,51.833587646484375,60.408966064453125,50.40932083129883,38.70711135864258,31.832111358642578
2007-12-17,51.501190185546875,60.44581985473633,50.2548713684082,38.60240173339844,31.80076789855957
2007-12-14,51.04488754272461,60.269134521484375,49.77229309082031,38.57020950317383,31.97307777404785
2007-12-13,51.2815055847168,60.416351318359375,50.34176254272461,38.57020950317383,31.92609214782715
2007-12-12,51.8448486328125,60.50468444824219,50.63130187988281,38.56215286254883,31.941762924194336
2007-12-11,52.38569259643555,60.659236907958984,50.790565490722656,38.658817291259766,31.769458770751953
2007-12-10,51.37728500366211,60.43839645385742,50.30316162109375,38.69099044799805,31.80076789855957
2007-12-07,51.6871223449707,60.482547760009766,50.26939010620117,38.505741119384766,31.8477725982666
2007-12-06,52.27301025390625,60.548828125,50.703651428222656,38.481571197509766,31.863420486450195
2007-12-05,52.73492431640625,60.6739616394043,51.08006286621094,38.57825469970703,31.58146858215332
2007-12-04,53.37153244018555,60.65192413330078,51.27308654785156,38.57020950317383,31.95743751525879
2007-12-03,53.377159118652344,60.659236907958984,51.24895477294922,,32.07960510253906
2007-11-30,52.9569091796875,60.5223503112793,51.231136322021484,,31.759428024291992
2007-11-29,53.214988708496094,60.492923736572266,50.98124694824219,,31.63178062438965
2007-11-28,52.76054000854492,60.382938385009766,50.789024353027344,,31.476085662841797
2007-11-27,53.119625091552734,60.434303283691406,51.14462661743164,,31.18035316467285
2007-11-26,53.630210876464844,60.61772537231445,51.58671569824219,,31.133634567260742
2007-11-23,52.59220504760742,60.448970794677734,50.745826721191406,,30.794261932373047
2007-11-21,52.43508529663086,60.51499938964844,51.0004768371582,,30.853450775146484
2007-11-20,52.1320686340332,60.32429885864258,50.644920349121094,,31.444978713989258
2007-11-19,52.18818664550781,60.346290588378906,50.96682357788086,,31.75631332397461
2007-11-16,51.851566314697266,60.148197174072266,50.577640533447266,,31.75631332397461
2007-11-15,51.778594970703125,60.148197174072266,50.57284927368164,,31.746976852416992
2007-11-14,51.295997619628906,59.950111389160156,50.38062286376953,,31.75631332397461
2007-11-13,51.23990249633789,59.92078399658203,50.59687042236328,,31.678476333618164
2007-11-12,51.43074035644531,60.10418701171875,50.85154724121094,,31.80301856994629
2007-11-09,51.245521545410156,59.96481704711914,50.8707160949707,,31.678476333618164
2007-11-08,50.81348419189453,59.942787170410156,50.644920349121094,,31.538368225097656
2007-11-07,50.90324401855469,59.84743118286133,50.56324005126953,,31.943111419677734
2007-11-06,50.81348419189453,59.67869567871094,50.59687042236328,,31.983577728271484
2007-11-05,51.060386657714844,59.71535873413086,50.909183502197266,,31.818580627441406
2007-11-02,51.08279800415039,59.72271728515625,50.78426742553711,,31.834144592285156
2007-11-01,50.92007827758789,59.649295806884766,51.10137939453125,,31.911983489990234
2007-10-31,50.266963958740234,59.4564208984375,50.714107513427734,,32.120582580566406
2007-10-30,50.725067138671875,59.55139923095703,50.97721481323242,,31.919517517089844
2007-10-29,50.75301742553711,59.558738708496094,50.98200225830078,,31.981395721435547
2007-10-26,50.55751037597656,59.558738708496094,50.862403869628906,,31.88550567626953
2007-10-25,50.67478942871094,59.55139923095703,50.943687438964844,,31.8112735748291
2007-10-24,50.84797286987305,59.587982177734375,51.063323974609375,,31.764875411987305
2007-10-23,50.47365951538086,59.47101974487305,50.75238037109375,,31.764875411987305
2007-10-22,50.54072189331055,59.46372985839844,51.053733825683594,,31.50197410583496
2007-10-19,50.53511047363281,59.51491928100586,51.053733825683594,,31.795804977416992
2007-10-18,49.792118072509766,59.36140823364258,50.723690032958984,,31.938091278076172
2007-10-17,49.518367767333984,59.281005859375,50.718868255615234,,31.95353889465332
2007-10-16,48.98207473754883,59.14213562011719,50.4797477722168,,32.352561950683594
2007-10-15,48.9653434753418,59.069053649902344,50.39358901977539,,32.476261138916016
2007-10-12,48.95415115356445,59.069053649902344,50.235782623291016,,32.32162094116211
2007-10-11,49.194374084472656,59.13481903076172,50.51319885253906,,32.28761291503906
2007-10-10,49.24468231201172,59.1202278137207,50.407962799072266,,32.24122619628906
2007-10-09,49.21673583984375,59.10562515258789,50.230953216552734,,32.269039154052734
2007-10-08,49.278160095214844,59.2371711730957,50.45100402832031,,32.24428939819336
2007-10-05,49.317256927490234,59.1787223815918,50.27407455444336,,32.136043548583984
2007-10-04,49.85359191894531,59.244441986083984,50.4797477722168,,32.11748504638672
2007-10-03,49.663639068603516,59.21522903442383,50.0826530456543,,31.981395721435547
2007-10-02,49.80891036987305,59.22254943847656,49.85789108276367,,32.1515007019043
2007-10-01,49.6524658203125,59.185997009277344,49.90571212768555,,32.08964538574219
2007-09-28,49.370330810546875,59.17353057861328,50.22951889038086,,31.96747589111328
2007-09-27,49.25905990600586,59.2391242980957,50.26286315917969,,31.96747589111328
2007-09-26,48.91958999633789,59.12987518310547,50.13429641723633,,32.06582260131836
2007-09-25,48.87508010864258,59.166282653808594,50.0105094909668,,32.18263626098633
2007-09-24,49.04754638671875,59.115264892578125,50.039085388183594,,32.10578536987305
2007-09-21,48.908451080322266,59.049800872802734,49.79146957397461,,31.89061737060547
2007-09-20,48.496665954589844,58.96966552734375,49.55818557739258,,31.810707092285156
2007-09-19,49.431556701660156,59.09347915649414,49.64863967895508,,32.60989761352539
2007-09-18,49.8934326171875,59.09347915649414,49.92479705810547,,31.99822998046875
2007-09-17,50.27186965942383,59.01338195800781,49.80580139160156,,31.770734786987305
2007-09-14,50.032554626464844,59.020652770996094,49.8248291015625,,31.62628746032715
2007-09-13,49.96021270751953,59.02790069580078,49.686737060546875,,31.331178665161133
2007-09-12,50.41093063354492,59.115264892578125,49.75812911987305,,31.441829681396484
2007-09-11,50.60015106201172,59.0643424987793,49.96287155151367,,31.300447463989258
2007-09-10,50.639095306396484,59.15177917480469,50.253353118896484,,31.04531478881836
2007-09-07,50.24956512451172,59.12987518310547,50.10575866699219,,30.91319465637207
2007-09-06,49.548397064208984,58.92594528198242,49.834354400634766,,31.269725799560547
2007-09-05,49.676414489746094,58.998783111572266,49.94860076904297,,31.288162231445312
2007-09-04,49.28131103515625,58.84588623046875,49.75340270996094,,31.275854110717773
2007-08-31,49.257938385009766,58.84877395629883,49.86385726928711,,31.059770584106445
2007-08-30,49.219120025634766,58.84877395629883,49.63163375854492,,30.781763076782227
2007-08-29,48.89216232299805,58.798011779785156,49.484710693359375,,30.717628479003906
2007-08-28,49.02517318725586,58.87055587768555,49.71216583251953,,30.595426559448242
2007-08-27,48.9420166015625,58.71821212768555,49.29037094116211,,30.702354431152344
2007-08-24,48.687068939208984,58.63837432861328,49.423095703125,,30.503768920898438
2007-08-23,48.448795318603516,58.74724578857422,49.31409454345703,,30.427391052246094
2007-08-22,48.282493591308594,58.783470153808594,49.29037094116211,,30.24410629272461
2007-08-21,48.3601188659668,58.86333465576172,49.19087600708008,,30.01192283630371
2007-08-20,48.127342224121094,58.783470153808594,49.09132385253906,,30.167724609375
2007-08-17,48.09965133666992,58.710968017578125,48.74060821533203,,30.457956314086914
2007-08-16,48.293617248535156,58.660186767578125,48.655330657958984,,30.152448654174805
2007-08-15,47.80036163330078,58.54410171508789,49.13401412963867,,30.192195892333984
2007-08-14,47.97220993041992,58.46433639526367,49.26667022705078,,30.02412986755371
2007-08-13,47.84467315673828,58.38447952270508,48.95863342285156,,30.259374618530273
2007-08-10,47.70613479614258,58.33367919921875,48.78801727294922,,30.039424896240234
2007-08-09,47.817020416259766,58.3554573059082,49.00600051879883,,30.100536346435547
2007-08-08,47.75047302246094,58.18859100341797,49.04865264892578,,30.131061553955078
2007-08-07,48.337974548339844,58.232120513916016,48.99653244018555,,29.779739379882812
2007-08-06,48.376747131347656,58.28292465209961,48.86383056640625,,29.568967819213867
2007-08-03,48.73146438598633,58.3554573059082,49.034454345703125,,29.63312339782715
2007-08-02,48.40999221801758,58.21041488647461,48.79273223876953,,29.63312339782715
2007-08-01,48.28809356689453,58.181400299072266,48.85911178588867,,29.465087890625
2007-07-31,48.392860412597656,58.23798370361328,48.70172119140625,,29.526187896728516
2007-07-30,48.04500198364258,58.14400863647461,48.725345611572266,,29.426025390625
2007-07-27,48.18303298950195,58.216251373291016,48.649837493896484,,29.14377212524414
2007-07-26,48.04500198364258,58.15127182006836,48.829124450683594,,29.638484954833984
2007-07-25,47.64753723144531,58.0139274597168,48.9328498840332,,30.06340789794922
2007-07-24,47.55368423461914,57.97055435180664,48.8951530456543,,30.351762771606445
2007-07-23,47.37704849243164,57.912715911865234,48.956485748291016,,30.52779197692871
2007-07-20,47.45433044433594,57.95609664916992,49.01304626464844,,30.594579696655273
2007-07-19,47.029258728027344,57.862125396728516,48.876251220703125,,30.67348861694336
2007-07-18,47.0402946472168,57.869361877441406,48.980037689208984,,30.640094757080078
2007-07-17,46.863643646240234,57.78262710571289,48.83857345581055,,30.870738983154297
2007-07-16,46.963008880615234,57.81875228881836,48.942325592041016,,30.8343448638916
2007-07-13,46.51586151123047,57.76095199584961,48.81494140625,,30.82221221923828
2007-07-12,46.38882827758789,57.7320442199707,48.602718353271484,,30.694747924804688
2007-07-11,46.548954010009766,57.768150329589844,48.79608154296875,,30.603662490844727
2007-07-10,47.0347900390625,57.797088623046875,49.017765045166016,,30.8343448638916
2007-07-09,46.25088119506836,57.688636779785156,48.6828498840332,,30.916316986083984
2007-07-06,46.0852165222168,57.64531326293945,48.58381271362305,,30.82221221923828
2007-07-05,46.272953033447266,57.65252685546875,48.67816925048828,,30.78880500793457
2007-07-03,46.79738998413086,57.7320442199707,48.99416732788086,,30.901119232177734
2007-07-02,47.084449768066406,57.75375747680664,48.98477554321289,,30.95879364013672
2007-06-29,46.83820343017578,57.716121673583984,49.106441497802734,,30.718095779418945
2007-06-28,46.35977554321289,57.60092544555664,48.829402923583984,,30.805612564086914
2007-06-27,46.370826721191406,57.61532211303711,48.881065368652344,,30.96851921081543
2007-06-26,46.3267936706543,57.62254333496094,48.881065368652344,,31.077150344848633
2007-06-25,46.31580352783203,57.65852737426758,48.89044189453125,,30.98663902282715
2007-06-22,46.06282043457031,57.60811233520508,48.8340950012207,,31.16766929626465
2007-06-21,45.76586151123047,57.528953552246094,48.70261764526367,,31.107318878173828
2007-06-20,45.985870361328125,57.50733947753906,48.829402923583984,,31.049983978271484
2007-06-19,46.35977554321289,57.564937591552734,49.0641975402832,,31.32758140563965
2007-06-18,45.93085479736328,57.46413803100586,48.74958801269531,,31.288362503051758
2007-06-15,46.02427673339844,57.46413803100586,48.754302978515625,,31.270259857177734
2007-06-14,45.71086120605469,57.38492202758789,48.5617790222168,,31.27627944946289
2007-06-13,45.82637023925781,57.38492202758789,48.575843811035156,,31.252151489257812
2007-06-12,45.28740692138672,57.37055206298828,48.36454391479492,,31.197853088378906
2007-06-11,45.952842712402344,57.42093276977539,48.627525329589844,,31.35774803161621
2007-06-08,46.0848274230957,57.41371154785156,48.777793884277344,,31.424137115478516
2007-06-07,46.12333679199219,57.3921012878418,48.754302978515625,,31.508583068847656
2007-06-06,46.9647216796875,57.4569206237793,49.28017044067383,,31.656448364257812
2007-06-05,46.986732482910156,57.38492202758789,49.237945556640625,,31.695697784423828
2007-06-04,47.2837028503418,57.43532943725586,49.397560119628906,,31.74091148376465
2007-06-01,47.06923294067383,57.41371154785156,49.317752838134766,,31.713788986206055
2007-05-31,47.317787170410156,57.443233489990234,49.507408142089844,,31.717994689941406
2007-05-30,47.40544891357422,57.47913360595703,49.54953384399414,,31.76899528503418
2007-05-29,47.30683135986328,57.4360466003418,49.51213455200195,,31.69698715209961
2007-05-25,47.31231689453125,57.493473052978516,49.61029052734375,,31.823020935058594
2007-05-24,47.42185592651367,57.45759963989258,49.64299392700195,,31.777992248535156
2007-05-23,47.37804412841797,57.4360466003418,49.582210540771484,,31.76899528503418
2007-05-22,47.51496505737305,57.450416564941406,49.62894821166992,,31.793027877807617
2007-05-21,47.76150131225586,57.4360466003418,49.78787612915039,,31.79001808166504
2007-05-18,47.619056701660156,57.42170333862305,49.722442626953125,,31.760005950927734
2007-05-17,47.9367790222168,57.47913360595703,49.86262893676758,,31.751020431518555
2007-05-16,48.13402557373047,57.51497268676758,50.012229919433594,,31.760005950927734
2007-05-15,48.1668701171875,57.45759963989258,49.89537811279297,,31.67599105834961
2007-05-14,48.18332290649414,57.443233489990234,50.00754928588867,,31.70000648498535
2007-05-11,48.309268951416016,57.48629379272461,50.05891036987305,,31.702987670898438
2007-05-10,48.47911834716797,57.50783920288086,50.1103515625,,31.685007095336914
2007-05-09,48.364078521728516,57.45759963989258,50.08699035644531,,31.570972442626953
2007-05-08,48.5557975769043,57.500675201416016,50.166412353515625,,31.654993057250977
2007-05-07,48.66535186767578,57.47193908691406,50.19447708129883,,31.63098907470703
2007-05-04,48.53387451171875,57.47193908691406,50.13373565673828,,31.634010314941406
2007-05-03,48.3366813659668,57.443233489990234,50.012229919433594,,31.594980239868164
2007-05-02,48.446258544921875,57.48629379272461,50.082298278808594,,31.591968536376953
2007-05-01,48.47361755371094,57.45759963989258,50.09632110595703,,31.603967666625977
2007-04-30,48.43852615356445,57.481971740722656,50.12437438964844,,31.600101470947266
2007-04-27,47.93644332885742,57.43907165527344,49.882415771484375,,31.597089767456055
2007-04-26,47.94734573364258,57.417640686035156,49.89636993408203,,31.597089767456055
2007-04-25,48.29663848876953,57.460479736328125,50.00340270996094,,31.54023551940918
2007-04-24,48.46587371826172,57.481971740722656,50.07318878173828,,31.49236488342285
2007-04-23,48.285736083984375,57.43198776245117,49.947547912597656,,31.276935577392578
2007-04-20,48.111080169677734,57.38903045654297,49.8033332824707,,31.258987426757812
2007-04-19,48.23662185668945,57.40335464477539,49.81728744506836,,31.276935577392578
2007-04-18,48.3184700012207,57.40335464477539,49.78473663330078,,31.16921043395996
2007-04-17,48.078338623046875,57.32473373413086,49.770790100097656,,31.16023826599121
2007-04-16,47.8109245300293,57.231754302978516,49.50091552734375,,31.175230026245117
2007-04-13,47.548927307128906,57.23891830444336,49.45906066894531,,31.18716812133789
2007-04-12,47.69629669189453,57.267520904541016,49.54275131225586,,31.244022369384766
2007-04-11,47.68539810180664,57.27468490600586,49.468318939208984,,31.223087310791016
2007-04-10,47.718109130859375,57.27468490600586,49.561378479003906,,
2007-04-09,47.57621765136719,57.20320129394531,49.45906066894531,,
2007-04-05,47.89276123046875,57.33189010620117,49.6218376159668,,
2007-04-04,48.07288360595703,57.35335159301758,49.72426223754883,,
2007-04-03,48.023746490478516,57.317543029785156,49.68236541748047,,
2007-04-02,48.08381652832031,57.317543029785156,49.71027755737305,,
2007-03-30,48.00409698486328,57.30683135986328,49.681419372558594,,
2007-03-29,48.0965576171875,57.30683135986328,49.69995880126953,,
2007-03-28,48.161808013916016,57.335350036621094,49.76014709472656,,
2007-03-27,48.2596549987793,57.30683135986328,49.792606353759766,,
2007-03-26,48.34128189086914,57.29976272583008,49.80181121826172,,
2007-03-23,48.28142547607422,57.24275207519531,49.709205627441406,,
2007-03-22,48.417388916015625,57.27835464477539,49.838932037353516,,
2007-03-21,48.803466796875,57.335350036621094,49.97780227661133,,
2007-03-20,48.781700134277344,57.24275207519531,49.82964324951172,,
2007-03-19,48.75452423095703,57.19284439086914,49.695316314697266,,
2007-03-16,48.85781478881836,57.24275207519531,49.787940979003906,,
2007-03-15,48.86870574951172,57.24980926513672,49.98246383666992,,
2007-03-14,48.874168395996094,57.26415252685547,49.97317886352539,,
2007-03-13,49.09708786010742,57.24980926513672,50.01954650878906,,
2007-03-12,48.803466796875,57.17150115966797,49.99174118041992,,
2007-03-09,48.61314010620117,57.1215934753418,49.88523483276367,,
2007-03-08,49.129703521728516,57.22139358520508,50.01486587524414,,
2007-03-07,49.17322540283203,57.22139358520508,49.950050354003906,,
2007-03-06,48.982887268066406,57.16444778442383,49.90373229980469,,
2007-03-05,49.129703521728516,57.21428680419922,50.09362030029297,,
2007-03-02,49.04816436767578,57.19284439086914,50.16770553588867,,
2007-03-01,48.803466796875,57.12879180908203,50.028778076171875,,
2007-02-28,48.83448791503906,57.04972457885742,50.019046783447266,,
2007-02-27,49.056522369384766,57.09230041503906,50.11129379272461,,
2007-02-26,48.44444274902344,56.95746994018555,49.917572021484375,,
2007-02-23,48.12485122680664,56.91484832763672,49.71464157104492,,
2007-02-22,47.783546447753906,56.85097122192383,49.553218841552734,,
2007-02-21,48.04355239868164,56.886478424072266,49.622432708740234,,
2007-02-20,48.12485122680664,56.85097122192383,49.654659271240234,,
2007-02-16,48.016502380371094,56.85811996459961,49.57630157470703,,
2007-02-15,47.84858703613281,56.84383010864258,49.52554702758789,,
2007-02-14,47.70768737792969,56.81553268432617,49.433326721191406,,
2007-02-13,47.25810241699219,56.68773651123047,49.151954650878906,,
2007-02-12,47.36102294921875,56.694828033447266,49.18422317504883,,
2007-02-09,47.4693603515625,56.694828033447266,49.17504119873047,,
2007-02-08,47.740196228027344,56.75160217285156,49.382606506347656,,
2007-02-07,47.702293395996094,56.73030090332031,49.32722854614258,,
2007-02-06,47.56144332885742,56.701900482177734,49.258060455322266,,
2007-02-05,47.30141830444336,56.63805389404297,49.12892532348633,,
2007-02-02,47.236412048339844,56.6522216796875,49.06432342529297,,
2007-02-01,47.17686080932617,56.63092803955078,49.01821517944336,,
2007-01-31,47.233734130859375,56.638038635253906,49.03806686401367,,
2007-01-30,46.83989334106445,56.57438659667969,48.831398010253906,,
2007-01-29,46.785911560058594,56.560272216796875,48.762550354003906,,
2007-01-26,46.88845443725586,56.55315017700195,48.785465240478516,,
2007-01-25,46.926204681396484,56.54612350463867,48.8176155090332,,
2007-01-24,47.26607894897461,56.58851623535156,48.973731994628906,,
2007-01-23,47.271488189697266,56.560272216796875,48.950775146484375,,
2007-01-22,47.58439636230469,56.58851623535156,49.084007263183594,,
2007-01-19,47.47110366821289,56.567317962646484,49.051822662353516,,
2007-01-18,47.600608825683594,56.57438659667969,49.07936477661133,,
2007-01-17,47.4549560546875,56.55315017700195,48.93701934814453,,
2007-01-16,47.600608825683594,56.57438659667969,49.005863189697266,,
2007-01-12,47.49806213378906,56.517757415771484,48.950775146484375,,
2007-01-11,47.71927261352539,56.55315017700195,49.00132369995117,,
2007-01-10,47.999839782714844,56.595577239990234,49.152870178222656,,
2007-01-09,48.21562194824219,56.60978317260742,49.217159271240234,,
2007-01-08,48.21562194824219,56.58851623535156,49.20796203613281,,
2007-01-05,48.12929916381836,56.623844146728516,49.22175216674805,,
2007-01-04,48.339725494384766,56.659236907958984,49.25389862060547,,
2007-01-03,48.04838180541992,56.60268783569336,48.886512756347656,,
2006-12-29,47.70851135253906,56.54612350463867,48.99215316772461,,
2006-12-28,47.74626541137695,56.53195571899414,49.015079498291016,,
2006-12-27,47.85413360595703,56.567317962646484,49.11611557006836,,
2006-12-26,48.20863342285156,56.59844207763672,49.27363586425781,,
2006-12-22,48.06346130371094,56.59844207763672,49.21873474121094,,
2006-12-21,48.434417724609375,56.605472564697266,49.37429428100586,,
2006-12-20,48.192466735839844,56.563194274902344,49.24618148803711,,
2006-12-19,48.197872161865234,56.527896881103516,49.20961380004883,,
2006-12-18,48.26238250732422,56.5208625793457,49.21873474121094,,
2006-12-15,48.24625778198242,56.5208625793457,49.214168548583984,,
2006-12-14,48.21937942504883,56.49972152709961,49.22336959838867,,
2006-12-13,48.39680862426758,56.527896881103516,49.26909637451172,,
2006-12-12,48.832298278808594,56.605472564697266,49.51606369018555,,
2006-12-11,48.73016357421875,56.527896881103516,49.410858154296875,,
2006-12-08,48.520477294921875,56.5208625793457,49.30111312866211,,
2006-12-07,48.87538146972656,56.59135437011719,49.48403549194336,,
2006-12-06,48.912986755371094,56.605472564697266,49.4611930847168,,
2006-12-05,49.00971603393555,56.6125373840332,49.584693908691406,,
2006-12-04,49.24095153808594,56.6125373840332,49.60755157470703,,
2006-12-01,49.154964447021484,56.61958312988281,49.49320983886719,,
2006-11-30,49.030216217041016,56.50888442993164,49.43511199951172,,
2006-11-29,48.70879364013672,56.445648193359375,49.24833297729492,,
2006-11-28,48.82121276855469,56.445648193359375,49.293888092041016,,
2006-11-27,48.719482421875,56.417537689208984,49.20280075073242,,
2006-11-24,48.542728424072266,56.382476806640625,49.19823455810547,,
2006-11-22,48.45700454711914,56.37543869018555,49.12080001831055,,
2006-11-21,48.37666702270508,56.33329391479492,49.06613540649414,,
2006-11-20,48.2588005065918,56.31924057006836,48.99778747558594,,
2006-11-17,48.183868408203125,56.305213928222656,48.961334228515625,,
2006-11-16,47.91061782836914,56.23497772216797,48.801883697509766,,
2006-11-15,48.13024139404297,56.25600051879883,48.870243072509766,,
2006-11-14,48.3123893737793,56.2911376953125,48.99778747558594,,
2006-11-13,48.12489700317383,56.284080505371094,48.92037582397461,,
2006-11-10,48.13563537597656,56.284080505371094,48.95219802856445,,
2006-11-09,47.92667770385742,56.24192810058594,48.82014846801758,,
2006-11-08,47.9535026550293,56.24898147583008,48.7700080871582,,
2006-11-07,47.78207015991211,56.220821380615234,48.71077346801758,,
2006-11-06,47.56244659423828,56.15059280395508,48.5377082824707,,
2006-11-03,47.42316436767578,56.15764236450195,48.48305892944336,,
2006-11-02,47.99099349975586,56.26301193237305,48.82468795776367,,
2006-11-01,48.189170837402344,56.27707290649414,48.88389587402344,,
2006-10-31,47.92401123046875,56.23701095581055,48.72306823730469,,
2006-10-30,47.5557975769043,56.160057067871094,48.505367279052734,,
2006-10-27,47.422420501708984,56.19502639770508,48.460018157958984,,
2006-10-26,47.20363998413086,56.13901901245117,48.30579376220703,,
2006-10-25,46.89947509765625,56.06901550292969,48.151607513427734,,
2006-10-24,46.53126907348633,56.00606155395508,47.94747543334961,,
2006-10-23,46.53126907348633,56.00606155395508,47.8658447265625,,
2006-10-20,46.71806335449219,56.03404235839844,47.974674224853516,,
2006-10-19,46.76603698730469,56.013057708740234,47.95658493041992,,
2006-10-18,46.851436614990234,56.02006912231445,48.11079025268555,,
2006-10-17,46.75542449951172,56.013057708740234,48.0109748840332,,
2006-10-16,46.71806335449219,56.00606155395508,47.92025375366211,,
2006-10-13,46.50992965698242,55.97809600830078,47.80233383178711,,
2006-10-12,46.7447395324707,55.9990119934082,47.979217529296875,,
2006-10-11,46.71806335449219,55.971031188964844,47.8658447265625,,
2006-10-10,46.85673904418945,55.97809600830078,47.974674224853516,,
2006-10-09,47.230316162109375,56.05503463745117,48.187862396240234,,
2006-10-06,47.10224914550781,56.04806137084961,48.151607513427734,,
2006-10-05,47.598506927490234,56.118045806884766,48.42375946044922,,
2006-10-04,47.9347038269043,56.174034118652344,48.58247756958008,,
2006-10-03,47.58782958984375,56.07605743408203,48.351165771484375,,
2006-10-02,47.651878356933594,56.06901550292969,48.319427490234375,,
2006-09-29,47.521705627441406,56.00321960449219,48.240055084228516,,
2006-09-28,47.580142974853516,56.05902099609375,48.26262283325195,,
2006-09-27,47.65987777709961,56.038124084472656,48.2490348815918,,
2006-09-26,47.798065185546875,55.99628829956055,48.271644592285156,,
2006-09-25,48.000022888183594,56.05902099609375,48.407127380371094,,
2006-09-22,47.6651725769043,56.01026153564453,48.334861755371094,,
2006-09-21,47.43131637573242,55.982322692871094,48.3077507019043,,
2006-09-20,47.00083923339844,55.884727478027344,48.01875305175781,,
2006-09-19,46.931678771972656,55.86376190185547,47.9420166015625,,
2006-09-18,46.41079330444336,55.7871208190918,47.75687026977539,,
2006-09-15,46.485225677490234,55.79401779174805,47.74784469604492,,
2006-09-14,46.5224723815918,55.773170471191406,47.77947998046875,,
2006-09-13,46.62874221801758,55.82194137573242,47.90138244628906,,
2006-09-12,46.60749816894531,55.81498336791992,47.774925231933594,,
2006-09-11,46.373634338378906,55.7871208190918,47.702693939208984,,
2006-09-08,46.41614532470703,55.79401779174805,47.72075653076172,,
2006-09-07,46.37892150878906,55.75919723510742,47.67109680175781,,
2006-09-06,46.28857421875,55.75919723510742,47.621437072753906,,
2006-09-05,46.352359771728516,55.75919723510742,47.621437072753906,,
2006-09-01,46.644691467285156,55.82194137573242,47.765926361083984,,
2006-08-31,46.62875747680664,55.75848388671875,47.822818756103516,,
2006-08-30,46.51759338378906,55.70982360839844,47.660919189453125,,
2006-08-29,46.39582443237305,55.67512130737305,47.62950897216797,,
2006-08-28,46.3322868347168,55.65428161621094,47.59803009033203,,
2006-08-25,46.28996658325195,55.64038848876953,47.58451843261719,,
2006-08-24,46.221107482910156,55.626434326171875,47.51709747314453,,
2006-08-23,46.136409759521484,55.59172439575195,47.51709747314453,,
2006-08-22,46.1152229309082,55.60561752319336,47.53510665893555,,
2006-08-21,46.099365234375,55.61260223388672,47.50368118286133,,
2006-08-18,45.93524169921875,55.577842712402344,47.43618392944336,,
2006-08-17,45.80290985107422,55.55701446533203,47.34178161621094,,
2006-08-16,45.818790435791016,55.56393814086914,47.36429977416992,,
2006-08-15,45.511714935302734,55.4736442565918,47.166439056396484,,
2006-08-14,45.130577087402344,55.397151947021484,46.923702239990234,,
2006-08-11,45.209991455078125,55.424991607666016,46.982147216796875,,
2006-08-10,45.405845642089844,55.4736442565918,47.07657241821289,,
2006-08-09,45.474674224853516,55.48751449584961,47.08104705810547,,
2006-08-08,45.6229133605957,55.46662139892578,47.10353469848633,,
2006-08-07,45.723506927490234,55.43885040283203,47.07657241821289,,
2006-08-04,45.696983337402344,55.41804122924805,47.11697769165039,,
2006-08-03,45.42170715332031,55.36940383911133,46.93270492553711,,
2006-08-02,45.411155700683594,55.37630081176758,46.928165435791016,,
2006-08-01,45.24174118041992,55.37630081176758,46.84725570678711,,
2006-07-31,45.2459831237793,55.34228515625,46.781673431396484,,
2006-07-28,45.18797302246094,55.33538055419922,46.772666931152344,,
2006-07-27,44.92961120605469,55.26611328125,46.59366989135742,,
2006-07-26,44.9981689453125,55.2384147644043,46.665283203125,,
2006-07-25,44.834720611572266,55.169227600097656,46.56683349609375,,
2006-07-24,44.966522216796875,55.18309020996094,46.602596282958984,,
2006-07-21,44.992862701416016,55.18309020996094,46.58918380737305,,
2006-07-20,45.077247619628906,55.19684982299805,46.625,,
2006-07-19,44.94541931152344,55.12764358520508,46.4235725402832,,
2006-07-18,44.52360153198242,55.051509857177734,46.213253021240234,,
2006-07-17,44.908538818359375,55.0931282043457,46.454891204833984,,
2006-07-14,44.8399543762207,55.09995651245117,46.405662536621094,,
2006-07-13,44.813621520996094,55.0931282043457,46.36540603637695,,
2006-07-12,44.639617919921875,55.023887634277344,46.36989212036133,,
2006-07-11,44.629058837890625,55.003074645996094,46.293766021728516,,
2006-07-10,44.4866828918457,55.003074645996094,46.22218704223633,,
2006-07-07,44.444522857666016,55.003074645996094,46.163997650146484,,
2006-07-06,44.15979766845703,54.9615478515625,45.989410400390625,,
2006-07-05,43.89088439941406,54.919986724853516,45.761146545410156,,
2006-07-03,44.2441291809082,54.9684944152832,46.05208969116211,,
2006-06-30,44.28789138793945,54.976768493652344,46.108917236328125,,
2006-06-29,43.86246109008789,54.928462982177734,45.85490798950195,,
2006-06-28,43.71540069580078,54.831932067871094,45.61428451538086,,
2006-06-27,43.94651794433594,54.85946273803711,45.71677780151367,,
2006-06-26,43.73114013671875,54.824954986572266,45.78807067871094,,
2006-06-23,43.81520462036133,54.81808853149414,45.78807067871094,,
2006-06-22,43.904476165771484,54.831932067871094,45.86381912231445,,
2006-06-21,44.1566162109375,54.85946273803711,45.970767974853516,,
2006-06-20,44.14609909057617,54.845706939697266,46.028709411621094,,
2006-06-19,44.2196159362793,54.85257339477539,46.06438064575195,,
2006-06-16,44.282657623291016,54.873291015625,46.122276306152344,,
2006-06-15,44.382476806640625,54.90091323852539,46.184669494628906,,
2006-06-14,44.639827728271484,54.91468048095703,46.27824783325195,,
2006-06-13,45.09150695800781,54.96989440917969,46.47880172729492,,
2006-06-12,45.06000900268555,54.98365783691406,46.429779052734375,,
2006-06-09,45.02324295043945,54.976768493652344,46.55451202392578,,
2006-06-08,44.78689956665039,54.976768493652344,46.505558013916016,,
2006-06-07,44.69757080078125,54.91468048095703,46.35399627685547,,
2006-06-06,44.68708801269531,54.94913864135742,46.47880172729492,,
2006-06-05,44.47698211669922,54.94913864135742,46.376319885253906,,
2006-06-02,44.5347785949707,54.99744415283203,46.5189323425293,,
2006-06-01,43.967533111572266,54.91468048095703,46.22924041748047,,
2006-05-31,43.77214050292969,54.84709548950195,46.14858627319336,,
2006-05-30,44.03365707397461,54.8883056640625,46.23731231689453,,
2006-05-26,44.05462646484375,54.92959213256836,46.33941650390625,,
2006-05-25,44.08603286743164,54.908897399902344,46.33500289916992,,
2006-05-24,44.258670806884766,54.908897399902344,46.3970947265625,,
2006-05-23,44.23772048950195,54.87455368041992,46.34828186035156,,
2006-05-22,44.263893127441406,54.8402099609375,46.37934494018555,,
2006-05-19,44.16972732543945,54.8402099609375,46.35271072387695,,
2006-05-18,44.05462646484375,54.85390853881836,46.37489700317383,,
2006-05-17,43.46347427368164,54.798919677734375,46.08201599121094,,
2006-05-16,43.735511779785156,54.8264045715332,46.22846984863281,,
2006-05-15,43.41117858886719,54.77831268310547,46.05983352661133,,
2006-05-12,43.238521575927734,54.75081253051758,46.0198974609375,,
2006-05-11,43.599464416503906,54.77146530151367,46.13529586791992,,
2006-05-10,43.81401443481445,54.75081253051758,46.215152740478516,,
2006-05-09,43.735511779785156,54.75081253051758,46.184112548828125,,
2006-05-08,43.761688232421875,54.74393081665039,46.166358947753906,,
2006-05-05,43.735511779785156,54.75081253051758,46.108619689941406,,
2006-05-04,43.473941802978516,54.73705291748047,46.05539321899414,,
2006-05-03,43.54718780517578,54.730167388916016,46.073150634765625,,
2006-05-02,43.6413459777832,54.730167388916016,46.073150634765625,,
2006-05-01,43.52626037597656,54.72330093383789,46.002132415771484,,
2006-04-28,43.855838775634766,54.75559997558594,46.236480712890625,,
2006-04-27,43.82455825805664,54.741905212402344,46.13043212890625,,
2006-04-26,43.767269134521484,54.652809143066406,46.046478271484375,,
2006-04-25,43.84020233154297,54.69396209716797,46.09947967529297,,
2006-04-24,44.36651611328125,54.735069274902344,46.320377349853516,,
2006-04-21,44.189353942871094,54.70765686035156,46.227630615234375,,
2006-04-20,43.93400573730469,54.70765686035156,46.13926315307617,,
2006-04-19,43.97047805786133,54.728179931640625,46.16132736206055,,
2006-04-18,44.241455078125,54.741905212402344,46.19227981567383,,
2006-04-17,44.163291931152344,54.66654968261719,46.00670623779297,,
2006-04-13,44.001739501953125,54.63228225708008,46.01556396484375,,
2006-04-12,44.31441879272461,54.63908767700195,46.10390853881836,,
2006-04-11,44.58537292480469,54.673377990722656,46.249717712402344,,
2006-04-10,44.42904281616211,54.62544631958008,46.1171760559082,,
2006-04-07,44.34564208984375,54.61172103881836,46.218780517578125,,
2006-04-06,44.78338623046875,54.64597702026367,46.39994430541992,,
2006-04-05,45.12731170654297,54.652809143066406,46.567806243896484,,
2006-04-04,45.064815521240234,54.64597702026367,46.41320037841797,,
2006-04-03,45.11166763305664,54.604862213134766,46.3690071105957,,
2006-03-31,45.09709930419922,54.63499450683594,46.330116271972656,,
2006-03-30,45.112648010253906,54.61454772949219,46.43572235107422,,
2006-03-29,45.429325103759766,54.64183044433594,46.57653045654297,,
2006-03-28,45.64738464355469,54.64183044433594,46.620506286621094,,
2006-03-27,46.078250885009766,54.68966293334961,46.8404541015625,,
2006-03-24,46.24955749511719,54.70327377319336,46.8404541015625,,
2006-03-23,45.91215515136719,54.62818908691406,46.72613525390625,,
2006-03-22,46.057498931884766,54.64183044433594,46.75251388549805,,
2006-03-21,45.958858489990234,54.62818908691406,46.76131820678711,,
2006-03-20,46.197654724121094,54.72378921508789,46.93731689453125,,
2006-03-17,46.12495803833008,54.69649124145508,46.88451385498047,,
2006-03-16,46.26512145996094,54.71701431274414,46.928497314453125,,
2006-03-15,45.84986114501953,54.62136459350586,46.673336029052734,,
2006-03-14,46.099021911621094,54.607666015625,46.743675231933594,,
2006-03-13,45.792747497558594,54.49839401245117,46.44449996948242,,
2006-03-10,45.82905578613281,54.49839401245117,46.50611114501953,,
2006-03-09,46.000343322753906,54.553016662597656,46.387351989746094,,
2006-03-08,45.98481750488281,54.532596588134766,46.3961067199707,,
2006-03-07,46.000343322753906,54.49839401245117,46.374122619628906,,
2006-03-06,45.969261169433594,54.49839401245117,46.3961067199707,,
2006-03-03,46.37417221069336,54.47792434692383,46.63810729980469,,
2006-03-02,46.64410400390625,54.532596588134766,46.72613525390625,,
2006-03-01,46.971195220947266,54.51204299926758,46.94166564941406,,
2006-02-28,47.256683349609375,54.540103912353516,47.123416900634766,,
2006-02-27,47.0239143371582,54.465206146240234,47.0751953125,,
2006-02-24,47.10153579711914,54.49239730834961,47.09709548950195,,
2006-02-23,47.173892974853516,54.47199249267578,47.119041442871094,,
2006-02-22,47.292911529541016,54.51964569091797,47.22415542602539,,
2006-02-21,46.97216796875,54.47879409790039,47.048927307128906,,
2006-02-17,47.049747467041016,54.51964569091797,47.07085418701172,,
2006-02-16,46.67730712890625,54.47879409790039,46.917476654052734,,
2006-02-15,46.666954040527344,54.437950134277344,46.85171890258789,,
2006-02-14,46.55317687988281,54.444786071777344,46.82105255126953,,
2006-02-13,46.718650817871094,54.444786071777344,46.869266510009766,,
2006-02-10,46.71351623535156,54.40397262573242,46.799129486083984,,
2006-02-09,46.97216796875,54.444786071777344,46.88677978515625,,
2006-02-08,46.760047912597656,54.45841979980469,46.81229019165039,,
2006-02-07,46.86868667602539,54.47879409790039,46.81229019165039,,
2006-02-06,47.09111404418945,54.47199249267578,46.930625915527344,,
2006-02-03,46.998043060302734,54.499237060546875,46.85171890258789,,
2006-02-02,46.666954040527344,54.47199249267578,46.77724838256836,,
2006-02-01,46.57899856567383,54.47199249267578,46.8166618347168,,
2006-01-31,46.738887786865234,54.521671295166016,46.8039665222168,,
2006-01-30,46.609981536865234,54.521671295166016,46.90873336791992,,
2006-01-27,46.65639877319336,54.494571685791016,47.083377838134766,,
2006-01-26,46.65639877319336,54.5352668762207,47.01346969604492,,
2006-01-25,46.85743713378906,54.52849578857422,47.083377838134766,,
2006-01-24,47.37288284301758,54.60310363769531,47.34525680541992,,
2006-01-23,47.604915618896484,54.61671447753906,47.45003128051758,,
2006-01-20,47.6203498840332,54.6098747253418,47.34088134765625,,
2006-01-19,47.49663543701172,54.58952713012695,47.30160140991211,,
2006-01-18,47.635826110839844,54.582759857177734,47.31032943725586,,
2006-01-17,47.65129089355469,54.58952713012695,47.32341384887695,,
2006-01-13,47.43989944458008,54.6098747253418,47.32341384887695,,
2006-01-12,47.166725158691406,54.50132369995117,47.1837272644043,,
2006-01-11,46.852291107177734,54.47420883178711,47.035316467285156,,
2006-01-10,46.92961502075195,54.47420883178711,47.113895416259766,,
2006-01-09,47.3110237121582,54.52849578857422,47.2404670715332,,
2006-01-06,47.28012466430664,54.521671295166016,47.23177719116211,,
2006-01-05,47.367767333984375,54.50812911987305,47.30598068237305,,
2006-01-04,47.42445373535156,54.55559539794922,47.266658782958984,,
2006-01-03,47.3110237121582,54.50132369995117,47.266658782958984,,
2005-12-30,47.37288284301758,54.42667007446289,47.00913619995117,,
2005-12-29,47.48113250732422,54.44704818725586,47.06586456298828,,
2005-12-28,47.37802505493164,54.487770080566406,47.19245147705078,,
2005-12-27,47.51051330566406,54.42058181762695,47.170204162597656,,
2005-12-23,47.12553024291992,54.41383361816406,46.95708465576172,,
2005-12-22,46.83804702758789,54.38675308227539,46.77442169189453,,
2005-12-21,46.46844482421875,54.339439392089844,46.77009963989258,,
2005-12-20,46.550559997558594,54.339439392089844,46.75270080566406,,
2005-12-19,46.60704803466797,54.34617233276367,46.71352767944336,,
2005-12-16,46.56081771850586,54.3799934387207,46.79185485839844,,
2005-12-15,46.40681838989258,54.34617233276367,46.596099853515625,,
2005-12-14,46.51976013183594,54.34617233276367,46.635276794433594,,
2005-12-13,46.047454833984375,54.28529739379883,46.396080017089844,,
2005-12-12,45.878074645996094,54.25820541381836,46.35694122314453,,
2005-12-09,45.96531295776367,54.264991760253906,46.45695114135742,,
2005-12-08,46.32984161376953,54.31912612915039,46.53957748413086,,
2005-12-07,46.03205108642578,54.25147247314453,46.44390106201172,,
2005-12-06,46.206626892089844,54.24470520019531,46.50043869018555,,
2005-12-05,45.73948669433594,54.17026138305664,46.404747009277344,,
2005-12-02,45.94483947753906,54.23118591308594,46.526527404785156,,
2005-12-01,45.92942810058594,54.18381881713867,46.51350402832031,,
2005-11-30,46.00129318237305,54.237274169921875,46.60786056518555,,
2005-11-29,46.05242156982422,54.23051071166992,46.694557189941406,,
2005-11-28,46.49196243286133,54.2709846496582,46.91120147705078,,
2005-11-25,46.2619743347168,54.257503509521484,46.75519943237305,,
2005-11-23,46.0932731628418,54.21031188964844,46.694557189941406,,
2005-11-22,46.27215576171875,54.27772903442383,46.737857818603516,,
2005-11-21,46.21083068847656,54.20357131958008,46.651187896728516,,
2005-11-18,46.07284927368164,54.16985321044922,46.499542236328125,,
2005-11-17,46.28749465942383,54.16985321044922,46.59054946899414,,
2005-11-16,46.17509841918945,54.12260437011719,46.51253128051758,,
2005-11-15,45.69464111328125,54.05514144897461,46.317543029785156,,
2005-11-14,45.39815902709961,54.014644622802734,46.196189880371094,,
2005-11-11,45.740577697753906,54.095619201660156,46.430213928222656,,
2005-11-10,45.71502685546875,54.075401306152344,46.391212463378906,,
2005-11-09,45.162994384765625,54.001197814941406,46.14854049682617,,
2005-11-08,45.633270263671875,54.068626403808594,46.395545959472656,,
2005-11-07,45.193729400634766,54.001197814941406,46.11821365356445,,
2005-11-04,45.040374755859375,54.007904052734375,46.07054138183594,,
2005-11-03,45.111907958984375,54.007904052734375,46.03587341308594,,
2005-11-02,45.41862106323242,54.03491973876953,46.196189880371094,,
2005-11-01,45.633270263671875,54.04167175292969,46.28721237182617,,
2005-10-31,45.68595504760742,54.026824951171875,46.30369567871094,,
2005-10-28,45.59942626953125,54.047000885009766,46.316646575927734,,
2005-10-27,45.594337463378906,54.047000885009766,46.316646575927734,,
2005-10-26,45.43146514892578,54.006656646728516,46.282108306884766,,
2005-10-25,45.7673225402832,54.026824951171875,46.42021560668945,,
2005-10-24,46.164268493652344,54.120975494384766,46.64900207519531,,
2005-10-21,46.52556228637695,54.14115524291992,46.825965881347656,,
2005-10-20,46.09812545776367,54.107513427734375,46.57994842529297,,
2005-10-19,45.9759521484375,54.107513427734375,46.69648742675781,,
2005-10-18,45.95563507080078,54.080631256103516,46.64900207519531,,
2005-10-17,45.904720306396484,54.03352355957031,46.58858871459961,,
2005-10-14,45.9149169921875,54.06047058105469,46.523834228515625,,
2005-10-13,45.986167907714844,54.047000885009766,46.6187744140625,,
2005-10-12,46.154090881347656,54.047000885009766,46.69648742675781,,
2005-10-11,46.60696029663086,54.08737564086914,46.895057678222656,,
2005-10-10,46.703651428222656,54.10080337524414,46.972774505615234,,
2005-10-07,46.734169006347656,54.107513427734375,47.00297164916992,,
2005-10-06,46.5459098815918,54.067169189453125,46.92525100708008,,
2005-10-05,46.72401809692383,54.067169189453125,47.028846740722656,,
2005-10-04,46.52046585083008,54.040287017822266,46.964115142822266,,
2005-10-03,46.36781692504883,54.047000885009766,46.9036865234375,,
2005-09-30,46.73316955566406,54.07120132446289,47.047874450683594,,
2005-09-29,46.89535140991211,54.11820983886719,47.206947326660156,,
2005-09-28,47.1082878112793,54.13823318481445,47.22413635253906,,
2005-09-27,46.79396057128906,54.11820983886719,47.12525177001953,,
2005-09-26,46.728111267089844,54.13823318481445,47.082210540771484,,
2005-09-23,46.940982818603516,54.17851257324219,47.232765197753906,,
2005-09-22,47.29578399658203,54.22543716430664,47.370323181152344,,
2005-09-21,47.341434478759766,54.205379486083984,47.396156311035156,,
2005-09-20,46.9055061340332,54.151641845703125,47.1854133605957,,
2005-09-19,46.78388595581055,54.19188690185547,47.2585563659668,,
2005-09-16,46.6825065612793,54.17851257324219,47.12955856323242,,
2005-09-15,46.99168014526367,54.21877670288086,47.2585563659668,,
2005-09-14,47.381954193115234,54.23219299316406,47.42619323730469,,
2005-09-13,47.56439971923828,54.23883819580078,47.54228210449219,,
2005-09-12,47.31608200073242,54.205379486083984,47.460601806640625,,
2005-09-09,47.64553451538086,54.22543716430664,47.580970764160156,,
2005-09-08,47.49346160888672,54.212013244628906,47.55947494506836,,
2005-09-07,47.44277572631836,54.23883819580078,47.54658508300781,,
2005-09-06,47.893890380859375,54.27910614013672,47.718570709228516,,
2005-09-02,48.23345947265625,54.36629104614258,47.817466735839844,,
2005-09-01,48.19292068481445,54.2991943359375,47.804534912109375,,
2005-08-31,48.484893798828125,54.233524322509766,47.93996047973633,,
2005-08-30,48.08083724975586,54.093074798583984,47.606021881103516,,
2005-08-29,47.77775573730469,54.01283264160156,47.528934478759766,,
2005-08-26,47.717185974121094,53.99943542480469,47.52464294433594,,
2005-08-25,47.73230743408203,54.039581298828125,47.447513580322266,,
2005-08-24,47.580772399902344,54.046226501464844,47.35760498046875,,
2005-08-23,47.535274505615234,54.039581298828125,47.374794006347656,,
2005-08-22,47.318111419677734,53.98609924316406,47.33622741699219,,
2005-08-19,47.36863327026367,53.97942352294922,47.35760498046875,,
2005-08-18,47.373687744140625,53.99943542480469,47.40046691894531,,
2005-08-17,47.02515411376953,53.95259475708008,47.26771926879883,,
2005-08-16,47.338348388671875,53.939239501953125,47.39190673828125,,
2005-08-15,47.00998306274414,53.91246795654297,47.26771926879883,,
2005-08-12,47.1312255859375,53.939239501953125,47.33622741699219,,
2005-08-11,46.65642166137695,53.87240219116211,47.109275817871094,,
2005-08-10,46.33316421508789,53.832237243652344,46.96373748779297,,
2005-08-09,46.383697509765625,53.832237243652344,46.92515563964844,,
2005-08-08,46.2119255065918,53.772071838378906,46.84807586669922,,
2005-08-05,46.29779815673828,53.82558059692383,47.062171936035156,,
2005-08-04,46.66146469116211,53.87240219116211,47.14351272583008,,
2005-08-03,46.757469177246094,53.87240219116211,47.14351272583008,,
2005-08-02,46.53013610839844,53.85231399536133,47.032230377197266,,
2005-08-01,46.68167495727539,53.845672607421875,47.11784744262695,,
2005-07-29,46.855953216552734,53.87839126586914,47.230045318603516,,
2005-07-28,47.323951721191406,53.91176223754883,47.336669921875,,
2005-07-27,46.90624237060547,53.90504837036133,47.15752410888672,,
2005-07-26,46.981754302978516,53.90504837036133,47.21723937988281,,
2005-07-25,46.90624237060547,53.91844940185547,47.2087287902832,,
2005-07-22,47.07737731933594,53.93840408325195,47.21297073364258,,
2005-07-21,46.715057373046875,53.88506317138672,46.9954833984375,,
2005-07-20,47.3591423034668,53.93840408325195,47.23862075805664,,
2005-07-19,47.10251998901367,53.945152282714844,47.187400817871094,,
2005-07-18,46.93642807006836,53.925106048583984,47.14902114868164,,
2005-07-15,47.28871154785156,53.93840408325195,47.187400817871094,,
2005-07-14,47.1629524230957,53.93178939819336,47.166038513183594,,
2005-07-13,47.28370666503906,53.93178939819336,47.12338638305664,,
2005-07-12,47.3541259765625,53.925106048583984,47.0168342590332,,
2005-07-11,47.620853424072266,53.925106048583984,47.12338638305664,,
2005-07-08,47.620853424072266,53.96512985229492,47.383522033691406,,
2005-07-07,47.81709671020508,54.025169372558594,47.477378845214844,,
2005-07-06,47.716461181640625,53.97850036621094,47.353702545166016,,
2005-07-05,47.454803466796875,53.945152282714844,47.251380920410156,,
2005-07-01,47.90768051147461,53.93178939819336,47.40489959716797,,
2005-06-30,48.49549865722656,54.081241607666016,47.62363052368164,,
2005-06-29,48.064178466796875,54.04793167114258,47.4537353515625,,
2005-06-28,48.13938522338867,54.03462219238281,47.42826461791992,,
2005-06-27,48.47038650512695,54.09455108642578,47.57692337036133,,
2005-06-24,48.34002685546875,54.074554443359375,47.50893020629883,,
2005-06-23,48.09925842285156,54.04793167114258,47.389984130859375,,
2005-06-22,48.14945602416992,54.06791305541992,47.360260009765625,,
2005-06-21,47.572723388671875,53.948116302490234,47.024658203125,,
2005-06-20,47.226688385009766,53.94144058227539,46.86744689941406,,
2005-06-17,47.3068962097168,53.954776763916016,46.92267990112305,,
2005-06-16,47.31193161010742,53.96144485473633,46.931156158447266,,
2005-06-15,47.07622146606445,53.91480255126953,46.88447570800781,,
2005-06-14,46.99097442626953,53.92814254760742,46.97368621826172,,
2005-06-13,47.301902770996094,53.91480255126953,47.024658203125,,
2005-06-10,47.58771896362305,53.91480255126953,47.135108947753906,,
2005-06-09,48.12937927246094,53.96144485473633,47.347496032714844,,
2005-06-08,48.16948318481445,53.99470520019531,47.43674087524414,,
2005-06-07,48.40016555786133,54.00800704956055,47.53446578979492,,
2005-06-06,48.01903533935547,53.99470520019531,47.43674087524414,,
2005-06-03,47.7683219909668,53.968101501464844,47.305030822753906,,
2005-06-02,48.164459228515625,54.03462219238281,47.55569839477539,,
2005-06-01,48.049129486083984,54.05461883544922,47.37300109863281,,
2005-05-31,47.46791076660156,53.94807052612305,47.049705505371094,,
2005-05-27,46.88829040527344,53.90822982788086,46.8465576171875,,
2005-05-26,46.838314056396484,53.888362884521484,46.85079574584961,,
2005-05-25,46.85329055786133,53.90822982788086,46.82122039794922,,
2005-05-24,47.183109283447266,53.888362884521484,46.82541275024414,,
2005-05-23,47.05319595336914,53.855106353759766,46.723873138427734,,
2005-05-20,46.68842315673828,53.82191848754883,46.52922439575195,,
2005-05-19,46.633445739746094,53.82191848754883,46.541900634765625,,
2005-05-18,46.753360748291016,53.90159606933594,46.6096076965332,,
2005-05-17,46.44359588623047,53.84848403930664,46.444583892822266,,
2005-05-16,46.31370162963867,53.84848403930664,46.41917419433594,,
2005-05-13,46.368675231933594,53.86179733276367,46.4911003112793,,
2005-05-12,46.188777923583984,53.8020133972168,46.232967376708984,,
2005-05-11,46.00886154174805,53.7754020690918,46.381065368652344,,
2005-05-10,45.86895751953125,53.74222946166992,46.3387451171875,,
2005-05-09,45.544219970703125,53.70238494873047,46.347232818603516,,
2005-05-06,45.49918746948242,53.72895050048828,46.508056640625,,
2005-05-05,45.838985443115234,53.84848403930664,46.76195526123047,,
2005-05-04,45.73408508300781,53.795310974121094,46.6942253112793,,
2005-05-03,46.1387939453125,53.7754020690918,46.80000686645508,,
2005-05-02,46.01386260986328,53.74222946166992,46.77461242675781,,
2005-04-29,46.023887634277344,53.73556137084961,46.7585334777832,,
2005-04-28,46.103515625,53.788551330566406,46.92717742919922,,
2005-04-27,45.76494598388672,53.74221420288086,46.73323440551758,,
2005-04-26,45.60564041137695,53.702449798583984,46.505638122558594,,
2005-04-25,45.67535400390625,53.715721130371094,46.58149719238281,,
2005-04-22,45.54093551635742,53.702449798583984,46.467674255371094,,
2005-04-21,45.16253662109375,53.68919372558594,46.24848556518555,,
2005-04-20,45.640445709228516,53.781944274902344,46.49297332763672,,
2005-04-19,45.75501251220703,53.80188751220703,46.467674255371094,,
2005-04-18,45.31691360473633,53.73556137084961,46.27373504638672,,
2005-04-15,45.351741790771484,53.76211929321289,46.26537322998047,,
2005-04-14,44.75926208496094,53.67595291137695,46.054569244384766,,
2005-04-13,44.8289680480957,53.629539489746094,46.22319412231445,,
2005-04-12,44.938480377197266,53.550045013427734,46.11360549926758,,
2005-04-11,44.5252571105957,53.51691818237305,45.9281120300293,,
2005-04-08,44.28627395629883,53.51691818237305,45.80164337158203,,
2005-04-07,44.131919860839844,53.52356719970703,45.65410232543945,,
2005-04-06,44.49041748046875,53.54343795776367,45.88594055175781,,
2005-04-05,44.336029052734375,53.5036506652832,45.9112548828125,,
2005-04-04,44.450557708740234,53.49042510986328,45.77214431762695,,
2005-04-01,44.460514068603516,53.49042510986328,46.054569244384766,,
2005-03-31,44.31116485595703,53.457275390625,46.012393951416016,,
2005-03-30,43.993709564208984,53.38459396362305,45.85285949707031,,
2005-03-29,43.775447845458984,53.377952575683594,45.735313415527344,,
2005-03-28,43.51750564575195,53.33828353881836,45.65553665161133,,
2005-03-24,43.78535842895508,53.36475372314453,45.72269058227539,,
2005-03-23,43.69609069824219,53.35150909423828,45.626163482666016,,
2005-03-22,43.48777389526367,53.358123779296875,45.49176025390625,,
2005-03-21,43.859779357910156,53.45069122314453,45.886436462402344,,
2005-03-18,43.983768463134766,53.417640686035156,45.941036224365234,,
2005-03-17,44.26156234741211,53.44407272338867,46.07957458496094,,
2005-03-16,44.117713928222656,53.42424011230469,46.184532165527344,,
2005-03-15,43.84981918334961,53.358123779296875,46.02500915527344,,
2005-03-14,44.12763977050781,53.377952575683594,46.21396255493164,,
2005-03-11,43.86473083496094,53.39780807495117,46.21813201904297,,
2005-03-10,44.1871452331543,53.411041259765625,46.29790496826172,,
2005-03-09,43.919315338134766,53.45069122314453,46.23493957519531,,
2005-03-08,44.64846420288086,53.47053146362305,46.68000793457031,,
2005-03-07,45.07509994506836,53.47053146362305,46.889896392822266,,
2005-03-04,44.89651107788086,53.49034881591797,46.75550842285156,,
2005-03-03,44.415287017822266,53.49034881591797,46.60441970825195,,
2005-03-02,44.44013977050781,53.47053146362305,46.608612060546875,,
2005-03-01,44.499664306640625,53.43743896484375,46.591796875,,
2005-02-28,44.5135612487793,53.44866943359375,46.60065460205078,,
2005-02-25,44.99814987182617,53.4816780090332,46.86412048339844,,
2005-02-24,44.78056335449219,53.50807189941406,46.78049087524414,,
2005-02-23,44.87945556640625,53.521270751953125,46.87247848510742,,
2005-02-22,44.73111343383789,53.52780532836914,46.8055534362793,,
2005-02-18,44.92886734008789,53.50807189941406,46.847412109375,,
2005-02-17,45.33440017700195,53.580604553222656,46.92686080932617,,
2005-02-16,45.62120819091797,53.55424118041992,47.03141403198242,,
2005-02-15,45.79427719116211,53.580604553222656,47.25725555419922,,
2005-02-14,46.02668380737305,53.574066162109375,47.32839584350586,,
2005-02-11,45.8832893371582,53.60043716430664,47.24890899658203,,
2005-02-10,45.91294479370117,53.626800537109375,47.386940002441406,,
2005-02-09,46.54093933105469,53.6663818359375,47.55425262451172,,
2005-02-08,46.41729736328125,53.56742858886719,47.386940002441406,,
2005-02-07,46.15523147583008,53.58727264404297,47.215457916259766,,
2005-02-04,45.81401062011719,53.60043716430664,47.19872283935547,,
2005-02-03,45.18605041503906,53.54767608642578,47.048160552978516,,
2005-02-02,45.21076202392578,53.580604553222656,46.98958206176758,,
2005-02-01,45.1069221496582,53.60043716430664,47.03141403198242,,
2005-01-31,45.17863464355469,53.586578369140625,47.04104995727539,,
2005-01-28,45.05051803588867,53.593177795410156,47.04104995727539,,
2005-01-27,44.60225296020508,53.56682205200195,46.77022933959961,,
2005-01-26,44.686004638671875,53.57997512817383,46.87020492553711,,
2005-01-25,44.60225296020508,53.59975051879883,46.85358428955078,,
2005-01-24,45.025901794433594,53.61948013305664,47.01188278198242,,
2005-01-21,44.83379364013672,53.65245056152344,46.928565979003906,,
2005-01-20,44.78453063964844,53.59975051879883,46.82439041137695,,
2005-01-19,44.69584274291992,53.55364227294922,46.90769577026367,,
2005-01-18,44.5677604675293,53.54707717895508,46.83686065673828,,
2005-01-14,44.419979095458984,53.56682205200195,46.81184387207031,,
2005-01-13,44.424930572509766,53.593177795410156,46.7576904296875,,
2005-01-12,44.001243591308594,53.5273551940918,46.632694244384766,,
2005-01-11,43.9421501159668,53.5207633972168,46.586875915527344,,
2005-01-10,43.68598175048828,53.507591247558594,46.47854232788086,,
2005-01-07,43.61701965332031,53.54047393798828,46.557716369628906,,
2005-01-06,43.51848220825195,53.53389358520508,46.57854080200195,,
2005-01-05,43.48894500732422,53.507591247558594,46.54519271850586,,
2005-01-04,43.257389068603516,53.494407653808594,46.50774002075195,,
2005-01-03,43.71554183959961,53.61292266845703,46.77022933959961,,
2004-12-31,43.62196731567383,53.60630798339844,46.470176696777344,,
2004-12-30,43.3485107421875,53.583927154541016,46.46523666381836,,
2004-12-29,43.05897903442383,53.5642204284668,46.29917907714844,,
2004-12-28,43.103118896484375,53.570804595947266,46.369728088378906,,
2004-12-27,43.13750457763672,53.5511589050293,46.31993103027344,,
2004-12-23,43.47610855102539,53.583927154541016,46.56897735595703,,
2004-12-22,43.6184196472168,53.5970573425293,46.48597717285156,,
2004-12-21,43.76567077636719,53.5970573425293,46.43614959716797,,
2004-12-20,43.6331787109375,53.59053421020508,46.41543960571289,,
2004-12-17,43.55465316772461,53.59053421020508,46.4485969543457,,
2004-12-16,43.61351013183594,53.610252380371094,46.39879608154297,,
2004-12-15,44.266231536865234,53.66938018798828,46.8013801574707,,
2004-12-14,43.86871337890625,53.61680603027344,46.55241394042969,,
2004-12-13,43.69696807861328,53.60364532470703,46.53160858154297,,
2004-12-10,43.603694915771484,53.64305877685547,46.4403190612793,,
2004-12-09,43.49576187133789,53.63651657104492,46.4195556640625,,
2004-12-08,43.785308837890625,53.64305877685547,46.31165313720703,,
2004-12-07,43.11296463012695,53.62337112426758,46.1539306640625,,
2004-12-06,43.05897903442383,53.62337112426758,46.0460205078125,,
2004-12-03,42.9117431640625,53.61680603027344,45.917362213134766,,
2004-12-02,42.25415802001953,53.49850845336914,45.66004943847656,,
2004-12-01,42.425907135009766,53.51823425292969,45.805320739746094,,
2004-11-30,42.492164611816406,53.48210525512695,45.832664489746094,,
2004-11-29,42.67298126220703,53.46897506713867,45.7747802734375,,
2004-11-26,43.1324462890625,53.46236038208008,46.13862991333008,,
2004-11-24,43.41586685180664,53.51488494873047,46.303985595703125,,
2004-11-23,43.41586685180664,53.521480560302734,46.308189392089844,,
2004-11-22,43.36212921142578,53.52801513671875,46.25028610229492,,
2004-11-19,43.13729476928711,53.51488494873047,46.270957946777344,,
2004-11-18,43.48433303833008,53.600154876708984,46.514892578125,,
2004-11-17,43.35235595703125,53.60673904418945,46.44049835205078,,
2004-11-16,42.98577880859375,53.52801513671875,46.18413162231445,,
2004-11-15,42.98577880859375,53.5673828125,46.20891189575195,,
2004-11-12,42.946720123291016,53.5673828125,46.1923713684082,,
2004-11-11,42.48728942871094,53.58047103881836,45.96085739135742,,
2004-11-10,42.58016586303711,53.5411262512207,45.95669174194336,,
2004-11-09,42.7414436340332,53.60673904418945,45.998050689697266,,
2004-11-08,42.765838623046875,53.5673828125,45.98979187011719,,
2004-11-05,42.917381286621094,53.593570709228516,46.18413162231445,,
2004-11-04,43.39144515991211,53.73130416870117,46.382591247558594,,
2004-11-03,43.34748458862305,53.77729034423828,46.18413162231445,,
2004-11-02,43.32797622680664,53.783790588378906,46.275089263916016,,
2004-11-01,43.26441192626953,53.757572174072266,46.204811096191406,,
2004-10-29,43.53515625,53.791683197021484,46.398719787597656,,
2004-10-28,43.335594177246094,53.74580764770508,46.25040054321289,,
2004-10-27,43.19438934326172,53.726192474365234,46.172176361083984,,
2004-10-26,43.622779846191406,53.79822540283203,46.45223617553711,,
2004-10-25,43.75419998168945,53.80473709106445,46.501708984375,,
2004-10-22,43.72012710571289,53.7851448059082,46.398719787597656,,
2004-10-21,43.617889404296875,53.732765197753906,46.43577575683594,,
2004-10-20,43.58872604370117,53.79822540283203,46.47694396972656,,
2004-10-19,43.29179382324219,53.75240707397461,46.3245735168457,,
2004-10-18,43.1798095703125,53.772064208984375,46.33282470703125,,
2004-10-15,43.16035079956055,53.76548385620117,46.25455093383789,,
2004-10-14,43.31122589111328,53.7851448059082,46.460514068603516,,
2004-10-13,43.10679626464844,53.772064208984375,46.270999908447266,,
2004-10-12,42.9510498046875,53.732765197753906,46.09394073486328,,
2004-10-11,42.853694915771484,53.71965408325195,46.0692024230957,,
2004-10-08,42.80987548828125,53.68037796020508,46.02801513671875,,
2004-10-07,42.2501220703125,53.542869567871094,45.58319091796875,,
2004-10-06,42.435096740722656,53.562530517578125,45.682044982910156,,
2004-10-05,42.629791259765625,53.60832595825195,45.8138313293457,,
2004-10-04,42.629791259765625,53.60173797607422,45.62437438964844,,
2004-10-01,42.5665283203125,53.595252990722656,45.65316390991211,,
2004-09-30,42.78023147583008,53.63322067260742,45.856266021728516,,
2004-09-29,42.94499206542969,53.61363983154297,45.99164581298828,,
2004-09-28,43.36676025390625,53.67897415161133,46.20915222167969,,
2004-09-27,43.54126739501953,53.64630126953125,46.2419548034668,,
2004-09-24,43.35221481323242,53.61363983154297,46.08195114135742,,
2004-09-23,43.29887771606445,53.64630126953125,46.09832000732422,,
2004-09-22,43.473426818847656,53.711673736572266,46.28301239013672,,
2004-09-21,43.027442932128906,53.65934753417969,46.11887741088867,,
2004-09-20,42.90140914916992,53.73780822753906,46.102447509765625,,
2004-09-17,42.62025833129883,53.65284729003906,45.852142333984375,,
2004-09-16,42.8334846496582,53.718170166015625,46.02449035644531,,
2004-09-15,42.35361862182617,53.6266975402832,45.76187515258789,,
2004-09-14,42.450565338134766,53.65934753417969,45.76187515258789,,
2004-09-13,42.406951904296875,53.64630126953125,45.74958419799805,,
2004-09-10,42.22271728515625,53.63975143432617,45.593650817871094,,
2004-09-09,42.15970230102539,53.6266975402832,45.61827087402344,,
2004-09-08,42.31969451904297,53.62018585205078,45.52394485473633,,
2004-09-07,41.965797424316406,53.54167938232422,45.3310661315918,,
2004-09-03,42.00941848754883,53.54167938232422,45.07665252685547,,
2004-09-02,42.00458908081055,53.61363983154297,45.433624267578125,,
2004-09-01,42.42148971557617,53.6986083984375,45.62650680541992,,
2004-08-31,42.3778190612793,53.684234619140625,45.71384811401367,,
2004-08-30,42.11709976196289,53.60588455200195,45.52177810668945,,
2004-08-27,41.91918182373047,53.592838287353516,45.34608840942383,,
2004-08-26,41.94812774658203,53.61244583129883,45.23979568481445,,
2004-08-25,41.71156311035156,53.56020736694336,45.21115493774414,,
2004-08-24,41.56669616699219,53.579803466796875,44.998626708984375,,
2004-08-23,41.542537689208984,53.55366134643555,45.039485931396484,,
2004-08-20,41.783973693847656,53.59938430786133,45.1253547668457,,
2004-08-19,41.82257843017578,53.63196563720703,45.288818359375,,
2004-08-18,41.721187591552734,53.59938430786133,45.12944030761719,,
2004-08-17,41.923988342285156,53.61244583129883,45.260196685791016,,
2004-08-16,41.68739700317383,53.56020736694336,45.01498794555664,,
2004-08-13,41.832218170166016,53.57321548461914,45.05998992919922,,
2004-08-12,41.697059631347656,53.52103042602539,44.880123138427734,,
2004-08-11,41.61018371582031,53.50801086425781,44.81882095336914,,
2004-08-10,41.431488037109375,53.42314147949219,44.85152816772461,,
2004-08-09,41.581199645996094,53.55366134643555,44.998626708984375,,
2004-08-06,41.72602462768555,53.56020736694336,44.9904670715332,,
2004-08-05,41.03556442260742,53.370948791503906,44.58994674682617,,
2004-08-04,40.91973876953125,53.33830642700195,44.508174896240234,,
2004-08-03,40.900367736816406,53.344818115234375,44.389671325683594,,
2004-08-02,40.736236572265625,53.33174133300781,44.4387321472168,,
2004-07-30,40.68312454223633,53.290626525878906,44.34756851196289,,
2004-07-29,40.2117919921875,53.21245193481445,44.03411102294922,,
2004-07-28,40.12041091918945,53.19938278198242,43.867218017578125,,
2004-07-27,40.1156120300293,53.16681671142578,43.99751663208008,,
2004-07-26,40.66390609741211,53.21245193481445,44.306854248046875,,
2004-07-23,40.85626983642578,53.25153732299805,44.33127975463867,,
2004-07-22,40.72160720825195,53.25153732299805,44.13998031616211,,
2004-07-21,40.66390609741211,53.23849105834961,44.24173355102539,,
2004-07-20,40.77450942993164,53.25153732299805,44.24986267089844,,
2004-07-19,41.144805908203125,53.349281311035156,44.55517578125,,
2004-07-16,41.115970611572266,53.375343322753906,44.52669906616211,,
2004-07-15,40.577301025390625,53.271087646484375,44.0992431640625,,
2004-07-14,40.53401184082031,53.271087646484375,44.18881607055664,,
2004-07-13,40.51960754394531,53.290626525878906,44.168434143066406,,
2004-07-12,40.63982391357422,53.329734802246094,44.25395584106445,,
2004-07-09,40.58212661743164,53.3101921081543,44.16434860229492,,
2004-07-08,40.538856506347656,53.3101921081543,44.14812469482422,,
2004-07-07,40.51479721069336,53.290626525878906,44.123680114746094,,
2004-07-06,40.500328063964844,53.284095764160156,44.087059020996094,,
2004-07-02,40.56770324707031,53.297157287597656,44.18881607055664,,
2004-07-01,40.144474029541016,53.15379333496094,43.883522033691406,,
2004-06-30,40.06943893432617,53.1427001953125,43.665306091308594,,
2004-06-29,39.66225814819336,52.99964141845703,43.58420944213867,,
2004-06-28,39.413169860839844,52.94759750366211,43.280174255371094,,
2004-06-25,39.82035827636719,53.07118606567383,43.58420944213867,,
2004-06-24,39.782047271728516,53.064697265625,43.55177307128906,,
2004-06-23,39.54252624511719,53.012630462646484,43.409873962402344,,
2004-06-22,39.46590805053711,52.99964141845703,43.43826675415039,,
2004-06-21,39.58562469482422,52.980167388916016,43.49913787841797,,
2004-06-18,39.55689239501953,52.94111251831055,43.422035217285156,,
2004-06-17,39.643104553222656,52.97364807128906,43.47473907470703,,
2004-06-16,39.38445281982422,52.90857696533203,43.389644622802734,,
2004-06-15,39.53771209716797,52.94759750366211,43.38558578491211,,
2004-06-14,38.718624114990234,52.77201843261719,42.89901351928711,,
2004-06-10,39.02995681762695,52.90857696533203,43.11800003051758,,
2004-06-09,38.95331573486328,52.91512680053711,43.093631744384766,,
2004-06-08,39.120975494384766,52.99964141845703,43.284175872802734,,
2004-06-07,39.04911804199219,52.993141174316406,43.280174255371094,,
2004-06-04,39.039512634277344,52.97364807128906,43.22336196899414,,
2004-06-03,39.26948165893555,53.05818176269531,43.37746047973633,,
2004-06-02,39.18806838989258,53.045204162597656,43.26390075683594,,
2004-06-01,39.288639068603516,53.07771682739258,43.37746047973633,,
2004-05-28,39.65171813964844,53.153160095214844,43.61021423339844,,
2004-05-27,39.76150894165039,53.17263412475586,43.67475891113281,,
2004-05-26,39.45133590698242,53.14664840698242,43.476905822753906,,
2004-05-25,39.241355895996094,53.049232482910156,43.283103942871094,,
2004-05-24,39.126895904541016,53.049232482910156,43.23866271972656,,
2004-05-21,39.00282669067383,53.0362434387207,43.0650520324707,,
2004-05-20,39.16025924682617,53.0362434387207,43.10140609741211,,
2004-05-19,38.85966110229492,53.0102653503418,42.863155364990234,,
2004-05-18,38.98849868774414,53.0362434387207,43.00448226928711,,
2004-05-17,39.141170501708984,53.08818054199219,42.94392776489258,,
2004-05-14,38.79764175415039,53.01675796508789,42.73797607421875,,
2004-05-13,38.482688903808594,52.93232345581055,42.47950744628906,,
2004-05-12,38.630611419677734,52.95828628540039,42.705665588378906,,
2004-05-11,38.888275146484375,52.94528579711914,42.689537048339844,,
2004-05-10,38.71175765991211,52.93882751464844,42.604732513427734,,
2004-05-07,38.80238723754883,52.912864685058594,42.92371368408203,,
2004-05-06,39.317726135253906,53.1336669921875,43.48902893066406,,
2004-05-05,39.42270278930664,53.14664840698242,43.6868896484375,,
2004-05-04,39.53244400024414,53.16615676879883,43.7514762878418,,
2004-05-03,39.804420471191406,53.1790885925293,43.89687728881836,,
2004-04-30,39.75434875488281,53.155704498291016,43.839534759521484,,
2004-04-29,39.59274673461914,53.129798889160156,43.839534759521484,,
2004-04-28,39.787601470947266,53.136322021484375,44.03659439086914,,
2004-04-27,40.1630859375,53.24653244018555,44.30607604980469,,
2004-04-26,40.010982513427734,53.18169403076172,44.09690475463867,,
2004-04-23,39.9444465637207,53.17521286010742,44.09291458129883,,
2004-04-22,40.172576904296875,53.28541946411133,44.28192901611328,,
2004-04-21,39.934932708740234,53.207603454589844,44.04061508178711,,
2004-04-20,39.74007034301758,53.2011604309082,44.004451751708984,,
2004-04-19,40.106040954589844,53.32435989379883,44.294002532958984,,
2004-04-16,40.19158935546875,53.38919448852539,44.37445831298828,,
2004-04-15,40.039512634277344,53.31787872314453,44.12108612060547,,
2004-04-14,40.277156829833984,53.28541946411133,44.30607604980469,,
2004-04-13,40.31044006347656,53.376243591308594,44.36637496948242,,
2004-04-12,40.75248718261719,53.447532653808594,44.647945404052734,,
2004-04-08,40.89979934692383,53.4993896484375,44.92142868041992,,
2004-04-07,41.01864242553711,53.4993896484375,44.87718200683594,,
2004-04-06,41.113704681396484,53.48645782470703,44.865135192871094,,
2004-04-05,40.89030838012695,53.42162322998047,44.65597152709961,,
2004-04-02,41.2135009765625,53.47349548339844,44.88120651245117,,
2004-04-01,42.25917434692383,53.661624908447266,45.59310531616211,,
2004-03-31,42.397953033447266,53.726375579833984,45.612815856933594,,
2004-03-30,42.19435501098633,53.68760681152344,45.448524475097656,,
2004-03-29,42.2227668762207,53.69399642944336,45.56074905395508,,
2004-03-26,42.50684356689453,53.73286056518555,45.48858642578125,,
2004-03-25,42.961360931396484,53.784664154052734,45.82915496826172,,
2004-03-24,43.12709045410156,53.79117202758789,45.953399658203125,,
2004-03-23,43.15074157714844,53.7781982421875,45.997467041015625,,
2004-03-22,43.075042724609375,53.765228271484375,45.913299560546875,,
2004-03-19,42.81458282470703,53.73286056518555,45.737022399902344,,
2004-03-18,42.871463775634766,53.713470458984375,45.80913162231445,,
2004-03-17,43.09867477416992,53.73286056518555,46.00145721435547,,
2004-03-16,43.1696891784668,53.73286056518555,45.97739791870117,,
2004-03-15,42.81458282470703,53.69399642944336,45.769081115722656,,
2004-03-12,42.74360656738281,53.71997833251953,45.71696853637695,,
2004-03-11,43.00869369506836,53.75880813598633,45.769081115722656,,
2004-03-10,42.94716262817383,53.713470458984375,45.96541213989258,,
2004-03-09,42.97559356689453,53.745811462402344,45.817100524902344,,
2004-03-08,42.69150161743164,53.713470458984375,45.725006103515625,,
2004-03-05,42.44057083129883,53.629276275634766,45.596778869628906,,
2004-03-04,41.63566207885742,53.51272964477539,45.11598587036133,,
2004-03-03,41.451080322265625,53.46734619140625,45.04388427734375,,
2004-03-02,41.52678680419922,53.506248474121094,45.063899993896484,,
2004-03-01,41.791954040527344,53.55803680419922,45.152042388916016,,
2004-02-27,41.80803298950195,53.575504302978516,45.16608810424805,,
2004-02-26,41.44963455200195,53.5367317199707,45.034332275390625,,
2004-02-25,41.58168411254883,53.55608367919922,45.00242614746094,,
2004-02-24,41.51565933227539,53.51731872558594,44.97047805786133,,
2004-02-23,41.44019317626953,53.51087188720703,44.92658996582031,,
2004-02-20,41.185585021972656,53.4590950012207,44.80283737182617,,
2004-02-19,41.47323989868164,53.51731872558594,45.02238845825195,,
2004-02-18,41.43076705932617,53.491455078125,44.86272430419922,,
2004-02-17,41.37420654296875,53.48499298095703,44.966461181640625,,
2004-02-13,41.402462005615234,53.53024673461914,45.098243713378906,,
2004-02-12,41.228023529052734,53.45267105102539,44.84271240234375,,
2004-02-11,41.402462005615234,53.43325424194336,44.92258071899414,,
2004-02-10,41.09598159790039,53.34918212890625,44.65116500854492,,
2004-02-09,41.32701873779297,53.420310974121094,44.782920837402344,,
2004-02-06,41.20442581176758,53.400962829589844,44.59527587890625,,
2004-02-05,40.756431579589844,53.316871643066406,44.4636116027832,,
2004-02-04,40.91679763793945,53.35564422607422,44.539390563964844,,
2004-02-03,40.99693298339844,53.387977600097656,44.57530975341797,,
2004-02-02,40.78946304321289,53.33623123168945,44.483524322509766,,
2004-01-30,40.875301361083984,53.317508697509766,44.49553298950195,,
2004-01-29,40.593509674072266,53.29165267944336,44.38816833496094,,
2004-01-28,40.67808151245117,53.27875900268555,44.3961181640625,,
2004-01-27,41.039642333984375,53.41438293457031,44.749961853027344,,
2004-01-26,40.78607940673828,53.349815368652344,44.479610443115234,,
2004-01-23,41.03497314453125,53.388526916503906,44.72611999511719,,
2004-01-22,41.532779693603516,53.46601104736328,45.08391571044922,,
2004-01-21,41.23220443725586,53.427284240722656,44.85728454589844,,
2004-01-20,41.133583068847656,53.39501190185547,44.753929138183594,,
2004-01-16,41.14297866821289,53.36912536621094,44.84537887573242,,
2004-01-15,41.43413162231445,53.407901763916016,45.04413986206055,,
2004-01-14,41.27915573120117,53.41438293457031,44.84138107299805,,
2004-01-13,41.077239990234375,53.46601104736328,44.7459716796875,,
2004-01-12,40.800148010253906,53.401466369628906,44.62669372558594,,
2004-01-09,40.83302688598633,53.36912536621094,44.551170349121094,,
2004-01-08,40.133304595947266,53.239994049072266,44.1933708190918,,
2004-01-07,40.14741134643555,53.23359298706055,44.121803283691406,,
2004-01-06,39.98771667480469,53.19478225708008,44.08600997924805,,
2004-01-05,39.55098342895508,53.13025665283203,43.69242477416992,,
2004-01-02,39.654300689697266,53.123844146728516,43.64471435546875,,
2003-12-31,40.12860107421875,53.2529182434082,43.95880889892578,,
2003-12-30,40.12861633300781,53.18450164794922,43.84946823120117,,
2003-12-29,40.29220962524414,53.15869903564453,44.019710540771484,,
2003-12-26,40.65680694580078,53.22962188720703,44.1068000793457,,
2003-12-24,40.50723648071289,53.18450164794922,44.09495162963867,,
2003-12-23,40.12861633300781,53.06198501586914,43.83363342285156,,
2003-12-22,40.58668518066406,53.14575958251953,44.086997985839844,,
2003-12-19,40.69886016845703,53.17802429199219,44.17013168334961,,
2003-12-18,40.7128791809082,53.16511535644531,44.14250946044922,,
2003-12-17,40.34829330444336,53.15221405029297,43.8890495300293,,
2003-12-16,40.07719039916992,53.14575958251953,43.790077209472656,,
2003-12-15,39.94631576538086,52.89756393432617,43.14274597167969,,
2003-12-12,39.96967697143555,52.9103889465332,43.24047088623047,,
2003-12-11,39.894874572753906,52.923240661621094,43.1231803894043,,
2003-12-10,39.609764099121094,52.8140754699707,42.92768478393555,,
2003-12-09,39.5443000793457,52.749813079833984,42.82996368408203,,
2003-12-08,39.824764251708984,52.78192138671875,42.96682357788086,,
2003-12-05,40.10521697998047,52.83974075317383,43.29128646850586,,
2003-12-04,39.47421646118164,52.67277526855469,42.84558868408203,,
2003-12-03,39.38542175292969,52.62137222290039,42.810420989990234,,
2003-12-02,39.5443000793457,52.6663703918457,42.88470458984375,,
2003-12-01,39.376068115234375,52.60859298706055,42.767391204833984,,
2003-11-28,39.5966911315918,52.68044662475586,42.85654067993164,,
2003-11-26,39.95948791503906,52.74466323852539,43.07069778442383,,
2003-11-25,40.12229537963867,52.80235290527344,43.164154052734375,,
2003-11-24,39.903656005859375,52.74466323852539,43.02787399291992,,
2003-11-21,40.23391342163086,52.815181732177734,43.31991958618164,,
2003-11-20,40.21067428588867,52.83440399169922,43.17584991455078,,
2003-11-19,39.82457733154297,52.73182678222656,42.96949005126953,,
2003-11-18,40.27113723754883,52.82798385620117,43.3510856628418,,
2003-11-17,40.02459716796875,52.82157897949219,43.160255432128906,,
2003-11-14,39.96408462524414,52.789520263671875,43.07851028442383,,
2003-11-13,39.699005126953125,52.72536849975586,42.844844818115234,,
2003-11-12,39.094322204589844,52.60996627807617,42.443790435791016,,
2003-11-11,38.81060791015625,52.5778923034668,42.42042922973633,,
2003-11-10,38.80594253540039,52.5778923034668,42.2374382019043,,
2003-11-07,38.83854675292969,52.56502914428711,42.3620491027832,,
2003-11-06,38.86176300048828,52.60996627807617,42.28023910522461,,
2003-11-05,39.22921371459961,52.66769790649414,42.51387023925781,,
2003-11-04,39.49901580810547,52.718936920166016,42.81371307373047,,
2003-11-03,39.27574920654297,52.68044662475586,42.747501373291016,,
2003-10-31,39.46271514892578,52.711910247802734,42.7253303527832,,
2003-10-30,39.09677505493164,52.705509185791016,42.7253303527832,,
2003-10-29,39.272796630859375,52.750343322753906,42.78349685668945,,
2003-10-28,39.62947082519531,52.807926177978516,43.0860710144043,,
2003-10-27,39.42103576660156,52.71831512451172,42.802913665771484,,
2003-10-24,39.49979782104492,52.77597427368164,42.899864196777344,,
2003-10-23,39.06436538696289,52.711910247802734,42.589542388916016,,
2003-10-22,39.35151672363281,52.724727630615234,42.822303771972656,,
2003-10-21,38.97168731689453,52.66709899902344,42.69813919067383,,
2003-10-20,38.828094482421875,52.654258728027344,42.682647705078125,,
2003-10-17,38.698394775390625,52.64784240722656,42.643890380859375,,
2003-10-16,38.401912689208984,52.583797454833984,42.411109924316406,,
2003-10-15,38.554779052734375,52.705509185791016,42.54692077636719,,
2003-10-14,38.744712829589844,52.76956558227539,42.543025970458984,,
2003-10-13,39.01340866088867,52.82080078125,42.717567443847656,,
2003-10-10,39.166263580322266,52.814361572265625,42.74468994140625,,
2003-10-09,38.93465042114258,52.78239440917969,42.53523635864258,,
2003-10-08,39.21256637573242,52.78876876831055,42.682647705078125,,
2003-10-07,39.22184371948242,52.78876876831055,42.527488708496094,,
2003-10-06,39.68045425415039,52.8399543762207,42.67100524902344,,
2003-10-03,39.509063720703125,52.80158615112305,42.62837600708008,,
2003-10-02,40.356754302978516,52.93608474731445,43.22956466674805,,
2003-10-01,40.542015075683594,52.93608474731445,43.39634704589844,,
2003-09-30,40.6962890625,52.92771530151367,43.2718505859375,,
2003-09-29,40.03203201293945,52.819007873535156,42.986698150634766,,
2003-09-26,40.354942321777344,52.844566345214844,43.10228729248047,,
2003-09-25,39.995121002197266,52.780609130859375,42.8364143371582,,
2003-09-24,39.796714782714844,52.77423858642578,42.68993377685547,,
2003-09-23,39.45536804199219,52.74222946166992,42.52814865112305,,
2003-09-22,39.187835693359375,52.729400634765625,42.466426849365234,,
2003-09-19,39.50153350830078,52.71024703979492,42.624420166015625,,
2003-09-18,39.45536804199219,52.71024703979492,42.58207321166992,,
2003-09-17,39.42772674560547,52.76141357421875,42.63984680175781,,
2003-09-16,38.94336700439453,52.767826080322266,42.381683349609375,,
2003-09-15,39.003326416015625,52.76141357421875,42.289207458496094,,
2003-09-12,39.06327819824219,52.71024703979492,42.27377700805664,,
2003-09-11,38.79574203491211,52.66548538208008,41.965484619140625,,
2003-09-10,39.04944610595703,52.703853607177734,42.18511962890625,,
2003-09-09,38.6573371887207,52.67180252075195,41.849876403808594,,
2003-09-08,38.38054275512695,52.58230209350586,41.71886444091797,,
2003-09-05,38.78189468383789,52.646240234375,41.87303161621094,,
2003-09-04,38.126853942871094,52.467159271240234,41.557003021240234,,
2003-09-03,37.914642333984375,52.39674377441406,41.41440963745117,,
2003-09-02,37.85466384887695,52.35836410522461,41.29497528076172,,
2003-08-29,38.416526794433594,52.42684555053711,41.39363098144531,,
2003-08-28,38.50837707519531,52.43320846557617,41.408939361572266,,
2003-08-27,38.1134147644043,52.35651779174805,41.10664367675781,,
2003-08-26,38.28792190551758,52.4077033996582,41.114261627197266,,
2003-08-25,37.98939895629883,52.350135803222656,41.033992767333984,,
2003-08-22,38.28792190551758,52.37569046020508,41.217594146728516,,
2003-08-21,38.11802673339844,52.38846969604492,41.01864242553711,,
2003-08-20,38.20985412597656,52.465171813964844,41.217594146728516,,
2003-08-19,38.416526794433594,52.50347900390625,41.34386444091797,,
2003-08-18,37.833290100097656,52.43960952758789,40.98036575317383,,
2003-08-15,37.658756256103516,52.445960998535156,40.846439361572266,,
2003-08-14,37.681758880615234,52.4077033996582,40.76609802246094,,
2003-08-13,37.314327239990234,52.42045974731445,40.7125244140625,,
2003-08-12,38.04914093017578,52.52265930175781,41.1755256652832,,
2003-08-11,38.228248596191406,52.43320846557617,41.221435546875,,
2003-08-08,38.4211311340332,52.50347900390625,41.38214111328125,,
2003-08-07,38.5772819519043,52.49074172973633,41.35918045043945,,
2003-08-06,38.416526794433594,52.43320846557617,41.1334114074707,,
2003-08-05,37.672550201416016,52.38212966918945,40.976558685302734,,
2003-08-04,38.21903610229492,52.477909088134766,41.16404724121094,,
2003-08-01,37.89296340942383,52.39486312866211,40.922950744628906,,
2003-07-31,37.92144012451172,52.45110321044922,40.801673889160156,,
2003-07-30,38.49289321899414,52.50856399536133,41.31478500366211,,
2003-07-29,38.06318283081055,52.48295211791992,41.10576248168945,,
2003-07-28,38.58890914916992,52.52767562866211,41.4858283996582,,
2003-07-25,39.11460876464844,52.597900390625,41.9039192199707,,
2003-07-24,39.21980285644531,52.57234573364258,41.99897384643555,,
2003-07-23,39.56724166870117,52.5787239074707,42.18134689331055,,
2003-07-22,39.4347038269043,52.55321502685547,41.9039192199707,,
2003-07-21,39.24262237548828,52.50212478637695,41.93812561035156,,
2003-07-18,40.09297180175781,52.591495513916016,42.45124435424805,,
2003-07-17,40.175235748291016,52.597900390625,42.2725944519043,,
2003-07-16,40.29865646362305,52.62975311279297,42.47019577026367,,
2003-07-15,40.07011795043945,52.6234016418457,42.48542785644531,,
2003-07-14,41.03017044067383,52.68724060058594,42.97572326660156,,
2003-07-11,41.505619049072266,52.73188400268555,43.089786529541016,,
2003-07-10,41.30902862548828,52.712730407714844,43.03655242919922,,
2003-07-09,41.32275390625,52.66806411743164,42.94911575317383,,
2003-07-08,41.190162658691406,52.65528106689453,42.79708480834961,,
2003-07-07,41.153587341308594,52.67444610595703,42.75906753540039,,
2003-07-03,41.41874694824219,52.68724060058594,42.96816635131836,,
2003-07-02,42.02219772338867,52.74468994140625,43.23417663574219,,
2003-07-01,41.917030334472656,52.71913528442383,43.082157135009766,,
2003-06-30,42.1259651184082,52.71787643432617,43.316654205322266,,
2003-06-27,41.93016052246094,52.6732292175293,43.11640930175781,,
2003-06-26,42.08040237426758,52.66048049926758,43.229740142822266,,
2003-06-25,42.65424728393555,52.756134033203125,43.6114501953125,,
2003-06-24,43.346500396728516,52.864471435546875,43.834388732910156,,
2003-06-23,42.95026779174805,52.826236724853516,43.7701416015625,,
2003-06-20,42.69525909423828,52.775184631347656,43.55097579956055,,
2003-06-19,42.854618072509766,52.788002014160156,43.75878143310547,,
2003-06-18,42.93658447265625,52.73697280883789,43.68323516845703,,
2003-06-17,43.4921875,52.730560302734375,44.091365814208984,,
2003-06-16,43.838348388671875,52.80705642700195,44.231117248535156,,
2003-06-13,44.25734329223633,52.87081527709961,44.393653869628906,,
2003-06-12,43.96131896972656,52.826236724853516,44.208492279052734,,
2003-06-11,43.619754791259766,52.7943229675293,44.04979705810547,,
2003-06-10,43.67439270019531,52.83259201049805,44.09891128540039,,
2003-06-09,43.15976333618164,52.775184631347656,43.75878143310547,,
2003-06-06,42.87286376953125,52.705101013183594,43.664329528808594,,
2003-06-05,42.718017578125,52.71787643432617,43.59248352050781,,
2003-06-04,43.05501174926758,52.749717712402344,43.664329528808594,,
2003-06-03,42.92746353149414,52.705101013183594,43.60762023925781,,
2003-06-02,42.58595657348633,52.603111267089844,43.21089172363281,,
2003-05-30,42.90108871459961,52.63053894042969,43.394893646240234,,
2003-05-29,42.982704162597656,52.649662017822266,43.376136779785156,,
2003-05-28,42.6108512878418,52.63053894042969,43.064422607421875,,
2003-05-27,42.68338394165039,52.59869384765625,43.237144470214844,,
2003-05-23,43.46795654296875,52.61779022216797,43.38737487792969,,
2003-05-22,43.35912322998047,52.59869384765625,43.32729721069336,,
2003-05-21,42.97817611694336,52.57960891723633,43.038089752197266,,
2003-05-20,42.982704162597656,52.649662017822266,43.038089752197266,,
2003-05-19,42.356895446777344,52.57960891723633,42.906681060791016,,
2003-05-16,42.50202941894531,52.56684875488281,43.083187103271484,,
2003-05-15,42.193626403808594,52.50958251953125,42.79775619506836,,
2003-05-14,42.062095642089844,52.52869415283203,42.81276321411133,,
2003-05-13,41.42720031738281,52.496826171875,42.62501907348633,,
2003-05-12,41.3365364074707,52.50958251953125,42.62125778198242,,
2003-05-09,41.077999114990234,52.47140884399414,42.47477340698242,,
2003-05-08,41.03722381591797,52.484107971191406,42.54988479614258,,
2003-05-07,40.93741226196289,52.50958251953125,42.54613494873047,,
2003-05-06,40.465816497802734,52.496826171875,42.26450729370117,,
2003-05-05,40.266239166259766,52.420448303222656,42.04292297363281,,
2003-05-02,40.053096771240234,52.382293701171875,41.85514450073242,,
2003-05-01,40.37052536010742,52.43955993652344,41.997859954833984,,
2003-04-30,40.35105895996094,52.439579010009766,41.76389694213867,,
2003-04-29,39.981136322021484,52.33153533935547,41.46942901611328,,
2003-04-28,40.048797607421875,52.369632720947266,41.618507385253906,,
2003-04-25,40.111961364746094,52.382354736328125,41.596153259277344,,
2003-04-24,40.02176284790039,52.33153533935547,41.592445373535156,,
2003-04-23,39.6654052734375,52.28068161010742,41.350135803222656,,
2003-04-22,39.58421325683594,52.2425422668457,41.11161422729492,,
2003-04-21,39.606746673583984,52.24888229370117,41.09295654296875,,
2003-04-17,39.692474365234375,52.21711349487305,41.0072135925293,,
2003-04-16,39.62928771972656,52.261661529541016,41.09295654296875,,
2003-04-15,39.46689224243164,52.255252838134766,40.8171272277832,,
2003-04-14,39.25489807128906,52.21711349487305,40.742610931396484,,
2003-04-11,39.36314392089844,52.261661529541016,40.72025680541992,,
2003-04-10,39.42627716064453,52.28697967529297,40.86560821533203,,
2003-04-09,39.61125183105469,52.356903076171875,41.014713287353516,,
2003-04-08,39.49396514892578,52.32516860961914,40.880496978759766,,
2003-04-07,39.17816925048828,52.27432632446289,40.731441497802734,,
2003-04-04,39.268409729003906,52.30608367919922,40.80595397949219,,
2003-04-03,39.381160736083984,52.318782806396484,40.90662384033203,,
2003-04-02,39.40374755859375,52.28697967529297,40.90288162231445,,
2003-04-01,39.81877899169922,52.344276428222656,41.02214813232422,,
2003-03-31,39.932411193847656,52.355682373046875,40.80187225341797,,
2003-03-28,39.41587829589844,52.31756591796875,40.61307907104492,,
2003-03-27,39.32601547241211,52.24774169921875,40.45014953613281,,
2003-03-26,39.29909133911133,52.23511505126953,40.39459991455078,,
2003-03-25,39.21822738647461,52.17159652709961,40.21689224243164,,
2003-03-24,39.263153076171875,52.17159652709961,40.172447204589844,,
2003-03-21,38.65223693847656,52.05733108520508,39.85403823852539,,
2003-03-20,39.19129180908203,52.19068908691406,40.05766677856445,,
2003-03-19,39.25418472290039,52.127166748046875,39.98732376098633,,
2003-03-18,39.546138763427734,52.13990020751953,40.1983642578125,,
2003-03-17,39.92348098754883,52.18430709838867,40.357582092285156,,
2003-03-14,40.408565521240234,52.24774169921875,40.56864547729492,,
2003-03-13,40.21092987060547,52.196983337402344,40.61673355102539,,
2003-03-12,40.96559524536133,52.355682373046875,40.87595748901367,,
2003-03-11,40.81734848022461,52.39379119873047,40.94997024536133,,
2003-03-10,40.889183044433594,52.43817138671875,41.04252624511719,,
2003-03-07,40.67807388305664,52.38739013671875,40.92774200439453,,
2003-03-06,40.53882598876953,52.33660888671875,40.91666793823242,,
2003-03-05,40.6960334777832,52.31756591796875,40.98699951171875,,
2003-03-04,40.561275482177734,52.27318572998047,41.00922775268555,,
2003-03-03,40.534332275390625,52.27953338623047,40.98699951171875,,
2003-02-28,40.48493194580078,52.26240921020508,40.75262451171875,,
2003-02-27,40.229854583740234,52.2370491027832,40.7379035949707,,
2003-02-26,40.1627311706543,52.2370491027832,40.56818771362305,,
2003-02-25,39.88526916503906,52.21164321899414,40.45756149291992,,
2003-02-24,39.70180130004883,52.17994689941406,40.38379669189453,,
2003-02-21,39.513851165771484,52.15460205078125,40.25101852416992,,
2003-02-20,39.74658203125,52.198944091796875,40.36168670654297,,
2003-02-19,39.61232376098633,52.16731643676758,40.25840377807617,,
2003-02-18,39.34378433227539,52.141910552978516,40.12928009033203,,
2003-02-14,39.29460525512695,52.160945892333984,40.00387954711914,,
2003-02-13,39.63468551635742,52.20532989501953,40.0223503112793,,
2003-02-12,39.419883728027344,52.160945892333984,40.0223503112793,,
2003-02-11,39.28114700317383,52.11661148071289,40.07767105102539,,
2003-02-10,39.29011917114258,52.097564697265625,39.93012237548828,,
2003-02-07,39.56756591796875,52.135623931884766,40.177249908447266,,
2003-02-06,39.47806930541992,52.09120559692383,40.088722229003906,,
2003-02-05,39.16034698486328,52.06584930419922,40.018646240234375,,
2003-02-04,39.50043487548828,52.08490753173828,40.07767105102539,,
2003-02-03,39.32592010498047,52.027835845947266,40.00023651123047,,
2003-01-31,39.268638610839844,52.058284759521484,39.96145248413086,,
2003-01-30,39.1616096496582,52.070926666259766,39.85129928588867,,
2003-01-29,38.87174987792969,52.007652282714844,39.71538162231445,,
2003-01-28,39.0858154296875,52.05191421508789,39.95048141479492,,
2003-01-27,39.0858154296875,52.039302825927734,39.82923889160156,,
2003-01-24,39.228519439697266,52.039302825927734,40.06429672241211,,
2003-01-23,38.99660873413086,52.045616149902344,39.88435363769531,,
2003-01-22,39.188377380371094,52.077239990234375,39.86598587036133,,
2003-01-21,38.99660873413086,52.039302825927734,39.785186767578125,,
2003-01-17,38.7736701965332,51.976016998291016,39.75946807861328,,
2003-01-16,38.581912994384766,51.988643646240234,39.57582473754883,,
2003-01-15,38.528350830078125,51.95699691772461,39.667633056640625,,
2003-01-14,38.34111785888672,51.93803405761719,39.667633056640625,,
2003-01-13,38.20730972290039,51.91899871826172,39.557437896728516,,
2003-01-10,38.144874572753906,51.931663513183594,39.601531982421875,,
2003-01-09,38.046791076660156,51.86205291748047,39.498687744140625,,
2003-01-08,38.79148864746094,51.95699691772461,39.81821823120117,,
2003-01-07,38.59973907470703,51.91272735595703,39.777854919433594,,
2003-01-06,38.46151351928711,51.87474060058594,39.62725830078125,,
2003-01-03,38.56405258178711,51.90637969970703,39.645599365234375,,
2003-01-02,38.474849700927734,51.900001525878906,39.42155456542969,,
2002-12-31,39.49605178833008,52.096229553222656,40.28837966918945,,
2002-12-30,39.5959358215332,52.05891418457031,40.2078971862793,,
2002-12-27,39.502777099609375,52.05255126953125,40.087284088134766,,
2002-12-26,39.07240295410156,51.989383697509766,39.85698318481445,,
2002-12-24,38.99699783325195,51.95148468017578,39.725341796875,,
2002-12-23,38.779518127441406,51.89461898803711,39.641265869140625,,
2002-12-20,38.770687103271484,51.8883171081543,39.633914947509766,,
2002-12-19,38.74403381347656,51.91356658935547,39.62295913696289,,
2002-12-18,38.40239334106445,51.85673141479492,39.37073516845703,,
2002-12-17,38.10512161254883,51.77457046508789,39.17329788208008,,
2002-12-16,38.10512161254883,51.72401428222656,39.02703857421875,,
2002-12-13,38.3935432434082,51.74929428100586,39.04533004760742,,
2002-12-12,38.770687103271484,51.787200927734375,39.246429443359375,,
2002-12-11,38.80617141723633,51.768253326416016,39.246429443359375,,
2002-12-10,38.548858642578125,51.72401428222656,39.08191680908203,,
2002-12-09,38.446781158447266,51.73031997680664,39.0087776184082,,
2002-12-06,38.23374557495117,51.71769714355469,39.0087776184082,,
2002-12-05,38.167213439941406,51.66714096069336,38.986839294433594,,
2002-12-04,38.06958770751953,51.6229248046875,38.899112701416016,,
2002-12-03,37.87436294555664,51.591339111328125,38.899112701416016,,
2002-12-02,37.82115936279297,51.57234573364258,38.82963180541992,,
2002-11-29,37.78610610961914,51.55342102050781,38.76566696166992,,
2002-11-27,37.543182373046875,51.52821731567383,38.76566696166992,,
2002-11-26,38.40890884399414,51.6164665222168,38.984073638916016,,
2002-11-25,37.93184280395508,51.52183532714844,38.76566696166992,,
2002-11-22,38.00251007080078,51.49034118652344,38.769287109375,,
2002-11-21,38.037879943847656,51.50923538208008,38.929508209228516,,
2002-11-20,38.40890884399414,51.57859420776367,38.929508209228516,,
2002-11-19,38.78871154785156,51.622825622558594,39.056861877441406,,
2002-11-18,38.64738845825195,51.635414123535156,39.129676818847656,,
2002-11-15,38.475074768066406,51.635414123535156,38.860294342041016,,
2002-11-14,38.320533752441406,51.61019515991211,38.63821792602539,,
2002-11-13,39.13319778442383,51.73636245727539,38.89670944213867,,
2002-11-12,39.04932403564453,51.730072021484375,38.747459411621094,,
2002-11-11,39.274574279785156,51.717437744140625,39.07145309448242,,
2002-11-08,39.06254196166992,51.66699981689453,38.965885162353516,,
2002-11-07,38.74897384643555,51.685882568359375,38.91493225097656,,
2002-11-06,37.81259536743164,51.660640716552734,38.372528076171875,,
2002-11-05,37.662391662597656,51.641719818115234,38.25600051879883,,
2002-11-04,37.808170318603516,51.64802932739258,38.29606628417969,,
2002-11-01,37.976016998291016,51.6984977722168,38.21595764160156,,
2002-10-31,38.13545608520508,51.75341033935547,38.49009323120117,,
2002-10-30,37.9639778137207,51.66526794433594,38.08071517944336,,
2002-10-29,37.977149963378906,51.67150115966797,38.073482513427734,,
2002-10-28,37.48912048339844,51.55815124511719,37.8525276184082,,
2002-10-25,37.54188537597656,51.48881530761719,37.74748992919922,,
2002-10-24,37.40557861328125,51.400665283203125,37.490264892578125,,
2002-10-23,37.080169677734375,51.3124885559082,37.34896469116211,,
2002-10-22,37.06697082519531,51.274662017822266,37.27651596069336,,
2002-10-21,37.17251968383789,51.28099060058594,37.124385833740234,,
2002-10-18,37.537479400634766,51.394351959228516,37.345367431640625,,
2002-10-17,37.44072723388672,51.35026550292969,37.247535705566406,,
2002-10-16,37.902400970458984,51.394351959228516,37.530113220214844,,
2002-10-15,37.88482666015625,51.3754997253418,37.62068557739258,,
2002-10-14,38.803810119628906,51.57072067260742,38.069862365722656,,
2002-10-11,38.8609619140625,51.55815124511719,38.00107192993164,,
2002-10-10,39.327083587646484,51.64003372192383,37.892391204833984,,
2002-10-09,39.63922882080078,51.690452575683594,37.899593353271484,,
2002-10-08,39.43696975708008,51.58335494995117,38.04087448120117,,
2002-10-07,39.423824310302734,51.633689880371094,38.399539947509766,,
2002-10-04,39.3578987121582,51.57072067260742,38.58062744140625,,
2002-10-03,39.23473358154297,51.6148567199707,38.67121887207031,,
2002-10-02,39.33143997192383,51.60855484008789,38.68934631347656,,
2002-10-01,39.10722732543945,51.56444549560547,38.70021057128906,,
2002-09-30,39.59838104248047,51.62742614746094,38.72663497924805,,
2002-09-27,39.44065856933594,51.55194854736328,38.79877853393555,,
2002-09-26,39.14714813232422,51.44502258300781,38.492156982421875,,
2002-09-25,39.239166259765625,51.426177978515625,38.44890213012695,,
2002-09-24,39.72100830078125,51.476478576660156,38.52822494506836,,
2002-09-23,39.46693420410156,51.45133590698242,38.53541946411133,,
2002-09-20,39.11650848388672,51.438724517822266,38.654483795166016,,
2002-09-19,39.30048751831055,51.43244552612305,38.63644027709961,,
2002-09-18,39.037662506103516,51.32551956176758,38.63644027709961,,
2002-09-17,39.028907775878906,51.331825256347656,38.68336486816406,,
2002-09-16,38.95444869995117,51.2940788269043,38.654483795166016,,
2002-09-13,38.888729095458984,51.31291198730469,38.50296401977539,,
2002-09-12,38.5339241027832,51.275184631347656,38.438053131103516,,
2002-09-11,38.236080169677734,51.237449645996094,38.23963165283203,,
2002-09-10,38.43758773803711,51.26893997192383,38.29011535644531,,
2002-09-09,38.25359344482422,51.237449645996094,38.127803802490234,,
2002-09-06,38.31052780151367,51.3066520690918,38.102569580078125,,
2002-09-05,38.766090393066406,51.407310485839844,38.362266540527344,,
2002-09-04,38.55582809448242,51.350677490234375,38.25407409667969,,
2002-09-03,38.5645751953125,51.36953353881836,38.113372802734375,,
2002-08-30,37.98067855834961,51.2481575012207,37.933353424072266,,
2002-08-29,37.75389099121094,51.229278564453125,37.91181564331055,,
2002-08-28,37.45293045043945,51.17280578613281,37.771873474121094,,
2002-08-27,37.2653923034668,51.135135650634766,37.70008087158203,,
2002-08-26,37.50090408325195,51.17280578613281,37.79341125488281,,
2002-08-23,37.46603775024414,51.179073333740234,37.75395584106445,,
2002-08-22,37.099639892578125,51.116275787353516,37.646263122558594,,
2002-08-21,37.426761627197266,51.17280578613281,37.70008087158203,,
2002-08-20,37.627418518066406,51.21676254272461,37.64984893798828,,
2002-08-19,37.21306228637695,51.097450256347656,37.25147247314453,,
2002-08-16,37.099639892578125,51.091148376464844,37.043338775634766,,
2002-08-15,37.51835250854492,51.12255096435547,37.222774505615234,,
2002-08-14,37.8498420715332,51.16653823852539,37.33403396606445,,
2002-08-13,37.70591735839844,51.2795524597168,37.31966781616211,,
2002-08-12,37.24796676635742,51.19163131713867,37.01463317871094,,
2002-08-09,37.0211296081543,51.19791030883789,36.96437072753906,,
2002-08-08,36.50648880004883,51.18538284301758,36.8172721862793,,
2002-08-07,36.50648880004883,51.260746002197266,36.92491912841797,,
2002-08-06,36.41923141479492,51.18538284301758,36.820831298828125,,
2002-08-05,36.733272552490234,51.310977935791016,36.94643783569336,,
2002-08-02,36.57191467285156,51.229278564453125,37.03615188598633,,
2002-08-01,36.201148986816406,51.12876892089844,36.960792541503906,,
2002-07-31,35.99614715576172,51.02837371826172,36.6019287109375,,
2002-07-30,35.555641174316406,50.871360778808594,36.379398345947266,,
